{
"type": "FeatureCollection",
"name": "HOUNS_85_NACH",
"crs": { "type": "name", "properties": { "name": "urn:ogc:def:crs:OGC:1.3:CRS84" } },
"features": [
{ "type": "Feature", "properties": { "id": 70697, "nach": 0.71555463647025275 }, "geometry": { "type": "LineString", "coordinates": [ [ -0.4094502, 51.446779800000016 ], [ -0.4093727, 51.4468752 ] ] } },
{ "type": "Feature", "properties": { "id": 55624, "nach": 0.70620220240961673 }, "geometry": { "type": "LineString", "coordinates": [ [ -0.4090721, 51.447243 ], [ -0.4091008, 51.4472047 ], [ -0.4091265, 51.4471704 ], [ -0.4091818, 51.4470967 ], [ -0.4092569, 51.447007 ], [ -0.4093727, 51.4468752 ] ] } },
{ "type": "Feature", "properties": { "id": 55489, "nach": 0.57965867483353561 }, "geometry": { "type": "LineString", "coordinates": [ [ -0.409591, 51.4469563 ], [ -0.409443, 51.4469013 ], [ -0.4093727, 51.4468752 ] ] } },
{ "type": "Feature", "properties": { "id": 70699, "nach": 0.70700504117729113 }, "geometry": { "type": "LineString", "coordinates": [ [ -0.4094502, 51.446779800000016 ], [ -0.4095191, 51.446699 ], [ -0.4095498, 51.446657 ] ] } },
{ "type": "Feature", "properties": { "id": 70701, "nach": 0.58814700309080825 }, "geometry": { "type": "LineString", "coordinates": [ [ -0.4093356, 51.44674280000001 ], [ -0.4094502, 51.446779800000016 ] ] } },
{ "type": "Feature", "properties": { "id": 55621, "nach": 0.74064722886518375 }, "geometry": { "type": "LineString", "coordinates": [ [ -0.4090721, 51.447243 ], [ -0.4089807, 51.44736480000001 ] ] } },
{ "type": "Feature", "properties": { "id": 55625, "nach": 0.69345084003965696 }, "geometry": { "type": "LineString", "coordinates": [ [ -0.4089818, 51.4472209 ], [ -0.4090721, 51.447243 ] ] } },
{ "type": "Feature", "properties": { "id": 55628, "nach": 0.66334803607944304 }, "geometry": { "type": "LineString", "coordinates": [ [ -0.4091857, 51.4472752 ], [ -0.4090721, 51.447243 ] ] } },
{ "type": "Feature", "properties": { "id": 55490, "nach": 0.61324249391060126 }, "geometry": { "type": "LineString", "coordinates": [ [ -0.409591, 51.4469563 ], [ -0.409833, 51.4470631 ], [ -0.4101558, 51.4472175 ] ] } },
{ "type": "Feature", "properties": { "id": 55491, "nach": 0.60450470829247582 }, "geometry": { "type": "LineString", "coordinates": [ [ -0.409591, 51.4469563 ], [ -0.4095664, 51.4469846 ], [ -0.4095487, 51.4470041 ] ] } },
{ "type": "Feature", "properties": { "id": 55488, "nach": 0.63011596490515576 }, "geometry": { "type": "LineString", "coordinates": [ [ -0.409591, 51.4469563 ], [ -0.4096254, 51.4469168 ] ] } },
{ "type": "Feature", "properties": { "id": 30, "nach": 0.66115454871540413 }, "geometry": { "type": "LineString", "coordinates": [ [ -0.4112142, 51.4441799 ], [ -0.4111635, 51.4442647 ] ] } },
{ "type": "Feature", "properties": { "id": 31, "nach": 0.64388802462274042 }, "geometry": { "type": "LineString", "coordinates": [ [ -0.4112142, 51.4441799 ], [ -0.4110962, 51.444137 ] ] } },
{ "type": "Feature", "properties": { "id": 36302, "nach": 0.64255277679389355 }, "geometry": { "type": "LineString", "coordinates": [ [ -0.4113844, 51.444235500000012 ], [ -0.4112142, 51.4441799 ] ] } },
{ "type": "Feature", "properties": { "id": 94998, "nach": 0.66079797400090534 }, "geometry": { "type": "LineString", "coordinates": [ [ -0.4112545, 51.4441144 ], [ -0.4112142, 51.4441799 ] ] } },
{ "type": "Feature", "properties": { "id": 95008, "nach": 0.65977416586365745 }, "geometry": { "type": "LineString", "coordinates": [ [ -0.4111635, 51.4442647 ], [ -0.4112185, 51.444279 ] ] } },
{ "type": "Feature", "properties": { "id": 95007, "nach": 0.54471414507131055 }, "geometry": { "type": "LineString", "coordinates": [ [ -0.4111635, 51.4442647 ], [ -0.4110436, 51.4442387 ] ] } },
{ "type": "Feature", "properties": { "id": 95009, "nach": 0.64755353854652753 }, "geometry": { "type": "LineString", "coordinates": [ [ -0.4111635, 51.4442647 ], [ -0.4111422, 51.4442992 ], [ -0.4110961, 51.4443768 ], [ -0.4110096, 51.4444013 ] ] } },
{ "type": "Feature", "properties": { "id": 55350, "nach": 0.64661882099118906 }, "geometry": { "type": "LineString", "coordinates": [ [ -0.4110436, 51.4442387 ], [ -0.4110962, 51.444137 ] ] } },
{ "type": "Feature", "properties": { "id": 95013, "nach": 0.64509565722061035 }, "geometry": { "type": "LineString", "coordinates": [ [ -0.4110962, 51.444137 ], [ -0.4109519, 51.4440774 ] ] } },
{ "type": "Feature", "properties": { "id": 95014, "nach": 0.6465048100956422 }, "geometry": { "type": "LineString", "coordinates": [ [ -0.4110962, 51.444137 ], [ -0.4111359, 51.4440711 ] ] } },
{ "type": "Feature", "properties": { "id": 55075, "nach": 0.68844256583160313 }, "geometry": { "type": "LineString", "coordinates": [ [ -0.4089326, 51.4434533 ], [ -0.4085659, 51.4433461 ], [ -0.4084579, 51.4433268 ], [ -0.4083651, 51.443332499999983 ], [ -0.408341, 51.443339700000017 ], [ -0.4082741, 51.443359800000017 ] ] } },
{ "type": "Feature", "properties": { "id": 55077, "nach": 0.64288350087424984 }, "geometry": { "type": "LineString", "coordinates": [ [ -0.4080345, 51.443227 ], [ -0.4081168, 51.443249100000017 ], [ -0.4081831, 51.4432958 ], [ -0.4082454, 51.4433374 ], [ -0.4082741, 51.443359800000017 ] ] } },
{ "type": "Feature", "properties": { "id": 55083, "nach": 0.64987701565640166 }, "geometry": { "type": "LineString", "coordinates": [ [ -0.4081507, 51.4434653 ], [ -0.408203, 51.443407900000011 ], [ -0.4082741, 51.443359800000017 ] ] } },
{ "type": "Feature", "properties": { "id": 55073, "nach": 0.69072899102768881 }, "geometry": { "type": "LineString", "coordinates": [ [ -0.4089326, 51.4434533 ], [ -0.4095557, 51.4436172 ] ] } },
{ "type": "Feature", "properties": { "id": 55074, "nach": 0.50427522733956331 }, "geometry": { "type": "LineString", "coordinates": [ [ -0.4089326, 51.4434533 ], [ -0.4089657, 51.4434085 ] ] } },
{ "type": "Feature", "properties": { "id": 55076, "nach": 0.63927028335033076 }, "geometry": { "type": "LineString", "coordinates": [ [ -0.4080345, 51.443227 ], [ -0.4056923, 51.4425992 ] ] } },
{ "type": "Feature", "properties": { "id": 55078, "nach": 0.19726518010895383 }, "geometry": { "type": "LineString", "coordinates": [ [ -0.4080345, 51.443227 ], [ -0.4080193, 51.4432425 ], [ -0.4080099, 51.4432542 ], [ -0.4080559, 51.4432763 ], [ -0.4080817, 51.4432939 ], [ -0.4081102, 51.4433267 ], [ -0.4081236, 51.4433472 ], [ -0.40813, 51.4433729 ], [ -0.4081269, 51.4433925 ], [ -0.4081139, 51.4434193 ], [ -0.40809, 51.4434453 ], [ -0.4076774, 51.4438818 ], [ -0.4076205, 51.4438883 ], [ -0.4074666, 51.4438946 ], [ -0.4071037, 51.4437079 ], [ -0.4069378, 51.443613199999987 ] ] } },
{ "type": "Feature", "properties": { "id": 55084, "nach": 0.68168240825976079 }, "geometry": { "type": "LineString", "coordinates": [ [ -0.4081507, 51.4434653 ], [ -0.407783, 51.4438553 ], [ -0.4076735, 51.4439104 ], [ -0.4075516, 51.4439236 ] ] } },
{ "type": "Feature", "properties": { "id": 55085, "nach": 0.62404266647348328 }, "geometry": { "type": "LineString", "coordinates": [ [ -0.4081507, 51.4434653 ], [ -0.4081926, 51.4434801 ], [ -0.4082056, 51.4434847 ] ] } },
{ "type": "Feature", "properties": { "id": 14375, "nach": 0.64862356620267636 }, "geometry": { "type": "LineString", "coordinates": [ [ -0.4216845, 51.4509544 ], [ -0.4219062, 51.4510723 ], [ -0.4223867, 51.451314600000011 ], [ -0.4227636, 51.4515046 ] ] } },
{ "type": "Feature", "properties": { "id": 47620, "nach": 0.62375820774021351 }, "geometry": { "type": "LineString", "coordinates": [ [ -0.4228294, 51.4514559 ], [ -0.422929, 51.4513645 ], [ -0.4232019, 51.451170200000014 ] ] } },
{ "type": "Feature", "properties": { "id": 47642, "nach": 0.63122087392482784 }, "geometry": { "type": "LineString", "coordinates": [ [ -0.4217516, 51.450904 ], [ -0.4218393, 51.450943799999983 ], [ -0.4218449, 51.4509616 ], [ -0.4227305, 51.4514448 ], [ -0.422772, 51.4514268 ], [ -0.4228294, 51.4514559 ] ] } },
{ "type": "Feature", "properties": { "id": 14374, "nach": 0.64536622156163648 }, "geometry": { "type": "LineString", "coordinates": [ [ -0.4216845, 51.4509544 ], [ -0.4215148, 51.4508672 ], [ -0.4213584, 51.4507869 ] ] } },
{ "type": "Feature", "properties": { "id": 47640, "nach": 0.49556004688060068 }, "geometry": { "type": "LineString", "coordinates": [ [ -0.4217516, 51.450904 ], [ -0.4216845, 51.4509544 ] ] } },
{ "type": "Feature", "properties": { "id": 55235, "nach": 0.53642778204637753 }, "geometry": { "type": "LineString", "coordinates": [ [ -0.4213581, 51.4382303 ], [ -0.421298, 51.4381268 ] ] } },
{ "type": "Feature", "properties": { "id": 55255, "nach": 0.63843619287342857 }, "geometry": { "type": "LineString", "coordinates": [ [ -0.421115, 51.4381735 ], [ -0.421298, 51.4381268 ] ] } },
{ "type": "Feature", "properties": { "id": 55242, "nach": 0.534799263283118 }, "geometry": { "type": "LineString", "coordinates": [ [ -0.4212351, 51.4380198 ], [ -0.421298, 51.4381268 ] ] } },
{ "type": "Feature", "properties": { "id": 55246, "nach": 0.63873031228164168 }, "geometry": { "type": "LineString", "coordinates": [ [ -0.4214613, 51.4380819 ], [ -0.421298, 51.4381268 ] ] } },
{ "type": "Feature", "properties": { "id": 55237, "nach": 0.5811794856404523 }, "geometry": { "type": "LineString", "coordinates": [ [ -0.4213581, 51.4382303 ], [ -0.4213712, 51.438253 ], [ -0.4213787, 51.4383455 ], [ -0.4213423, 51.4384668 ], [ -0.421268, 51.438586 ], [ -0.4212056, 51.4386739 ], [ -0.4209009, 51.4390069 ] ] } },
{ "type": "Feature", "properties": { "id": 55239, "nach": 0.56204905720891751 }, "geometry": { "type": "LineString", "coordinates": [ [ -0.4212455, 51.4382548 ], [ -0.4213581, 51.4382303 ] ] } },
{ "type": "Feature", "properties": { "id": 55251, "nach": 0.59823157371308089 }, "geometry": { "type": "LineString", "coordinates": [ [ -0.4215034, 51.438181 ], [ -0.4214642, 51.4382049 ], [ -0.4213581, 51.4382303 ] ] } },
{ "type": "Feature", "properties": { "id": 55253, "nach": 0.46687271227705995 }, "geometry": { "type": "LineString", "coordinates": [ [ -0.421115, 51.4381735 ], [ -0.4210741, 51.4380926 ] ] } },
{ "type": "Feature", "properties": { "id": 55254, "nach": 0.57180775002752859 }, "geometry": { "type": "LineString", "coordinates": [ [ -0.421115, 51.4381735 ], [ -0.4211499, 51.4382419 ] ] } },
{ "type": "Feature", "properties": { "id": 55262, "nach": 0.62455937215122426 }, "geometry": { "type": "LineString", "coordinates": [ [ -0.4207487, 51.4382671 ], [ -0.4210743, 51.4381839 ], [ -0.421115, 51.4381735 ] ] } },
{ "type": "Feature", "properties": { "id": 55247, "nach": 0.58453972296492862 }, "geometry": { "type": "LineString", "coordinates": [ [ -0.4214613, 51.4380819 ], [ -0.4214016, 51.4380161 ], [ -0.4213194, 51.4379993 ], [ -0.4212351, 51.4380198 ] ] } },
{ "type": "Feature", "properties": { "id": 55249, "nach": 0.6740540537697518 }, "geometry": { "type": "LineString", "coordinates": [ [ -0.4214613, 51.4380819 ], [ -0.4214931, 51.4380707 ], [ -0.4218456, 51.4378994 ] ] } },
{ "type": "Feature", "properties": { "id": 55252, "nach": 0.61774775222544853 }, "geometry": { "type": "LineString", "coordinates": [ [ -0.4215034, 51.438181 ], [ -0.4215199, 51.43814840000001 ], [ -0.4214613, 51.4380819 ] ] } },
{ "type": "Feature", "properties": { "id": 17332, "nach": 0.6361429413519637 }, "geometry": { "type": "LineString", "coordinates": [ [ -0.4219781, 51.439326600000015 ], [ -0.4218149, 51.439283200000013 ], [ -0.4216871, 51.4392548 ], [ -0.4216086, 51.439243500000025 ], [ -0.4214789, 51.4392318 ], [ -0.4210916, 51.43922520000001 ] ] } },
{ "type": "Feature", "properties": { "id": 1203, "nach": 0.46434789166496265 }, "geometry": { "type": "LineString", "coordinates": [ [ -0.4207802, 51.4391887 ], [ -0.4208079, 51.439201400000016 ], [ -0.4208302, 51.4392092 ], [ -0.4208548, 51.4392151 ], [ -0.4209798, 51.4392238 ], [ -0.4210916, 51.43922520000001 ] ] } },
{ "type": "Feature", "properties": { "id": 50543, "nach": 0.63294582245038167 }, "geometry": { "type": "LineString", "coordinates": [ [ -0.4209362, 51.439148200000012 ], [ -0.4209985, 51.439188300000019 ], [ -0.4210916, 51.43922520000001 ] ] } },
{ "type": "Feature", "properties": { "id": 17331, "nach": 0.50494693130154822 }, "geometry": { "type": "LineString", "coordinates": [ [ -0.4219781, 51.439326600000015 ], [ -0.4217084, 51.4400764 ] ] } },
{ "type": "Feature", "properties": { "id": 17330, "nach": 0.62613590040845768 }, "geometry": { "type": "LineString", "coordinates": [ [ -0.4219781, 51.439326600000015 ], [ -0.4225763, 51.4394997 ] ] } },
{ "type": "Feature", "properties": { "id": 1202, "nach": 0.47235324980612126 }, "geometry": { "type": "LineString", "coordinates": [ [ -0.4207802, 51.4391887 ], [ -0.4207896, 51.4391648 ], [ -0.4207923, 51.4391448 ] ] } },
{ "type": "Feature", "properties": { "id": 50548, "nach": 0.4738434870622098 }, "geometry": { "type": "LineString", "coordinates": [ [ -0.4193249, 51.4397154 ], [ -0.4194631, 51.4397514 ], [ -0.4195624, 51.4397654 ], [ -0.419723, 51.4397695 ], [ -0.4198655, 51.4397571 ], [ -0.4200186, 51.439733100000012 ], [ -0.4201767, 51.4396998 ], [ -0.4203825, 51.4396303 ], [ -0.4205015, 51.4395689 ], [ -0.4205939, 51.43949580000001 ], [ -0.4206455, 51.4394256 ], [ -0.4206956, 51.4392843 ], [ -0.4207129, 51.4392454 ], [ -0.4207468, 51.4392101 ], [ -0.4207802, 51.4391887 ] ] } },
{ "type": "Feature", "properties": { "id": 50072, "nach": 0.58309558995090272 }, "geometry": { "type": "LineString", "coordinates": [ [ -0.4189141, 51.4391584 ], [ -0.419013, 51.4391192 ] ] } },
{ "type": "Feature", "properties": { "id": 55216, "nach": 0.61362181820204453 }, "geometry": { "type": "LineString", "coordinates": [ [ -0.4191728, 51.4390385 ], [ -0.419013, 51.4391192 ] ] } },
{ "type": "Feature", "properties": { "id": 51307, "nach": 0.55406803063061782 }, "geometry": { "type": "LineString", "coordinates": [ [ -0.4190741, 51.4391916 ], [ -0.4190619, 51.4391709 ], [ -0.419013, 51.4391192 ] ] } },
{ "type": "Feature", "properties": { "id": 55185, "nach": 0.5266297351123419 }, "geometry": { "type": "LineString", "coordinates": [ [ -0.4188393, 51.439085 ], [ -0.4189141, 51.4391584 ] ] } },
{ "type": "Feature", "properties": { "id": 55188, "nach": 0.57672711066440518 }, "geometry": { "type": "LineString", "coordinates": [ [ -0.4189731, 51.439229800000014 ], [ -0.4189141, 51.4391584 ] ] } },
{ "type": "Feature", "properties": { "id": 91662, "nach": 0.6060375922285488 }, "geometry": { "type": "LineString", "coordinates": [ [ -0.4185125, 51.439245699999987 ], [ -0.4186043, 51.4392321 ], [ -0.4186627, 51.4392231 ], [ -0.4189141, 51.4391584 ] ] } },
{ "type": "Feature", "properties": { "id": 55217, "nach": 0.60014942495525625 }, "geometry": { "type": "LineString", "coordinates": [ [ -0.4191728, 51.4390385 ], [ -0.4193307, 51.4389332 ] ] } },
{ "type": "Feature", "properties": { "id": 55219, "nach": 0.41632984098554798 }, "geometry": { "type": "LineString", "coordinates": [ [ -0.4191728, 51.4390385 ], [ -0.4192546, 51.4390892 ] ] } },
{ "type": "Feature", "properties": { "id": 55218, "nach": 0.4847148663635753 }, "geometry": { "type": "LineString", "coordinates": [ [ -0.4191728, 51.4390385 ], [ -0.4190691, 51.43897410000001 ] ] } },
{ "type": "Feature", "properties": { "id": 51306, "nach": 0.5671972170695132 }, "geometry": { "type": "LineString", "coordinates": [ [ -0.4190741, 51.4391916 ], [ -0.4190921, 51.4392434 ] ] } },
{ "type": "Feature", "properties": { "id": 51308, "nach": 0.55195465429578405 }, "geometry": { "type": "LineString", "coordinates": [ [ -0.4190741, 51.4391916 ], [ -0.4191259, 51.4391706 ], [ -0.4192546, 51.4390892 ] ] } },
{ "type": "Feature", "properties": { "id": 55191, "nach": 0.54331659494524842 }, "geometry": { "type": "LineString", "coordinates": [ [ -0.4189731, 51.439229800000014 ], [ -0.4190254, 51.43920760000001 ], [ -0.4190741, 51.4391916 ] ] } },
{ "type": "Feature", "properties": { "id": 16945, "nach": 0.60018765701083998 }, "geometry": { "type": "LineString", "coordinates": [ [ -0.4176747, 51.4393654 ], [ -0.4171273, 51.4394941 ] ] } },
{ "type": "Feature", "properties": { "id": 16804, "nach": 0.6271780885297612 }, "geometry": { "type": "LineString", "coordinates": [ [ -0.4166634, 51.4396598 ], [ -0.4168673, 51.4395812 ], [ -0.4171273, 51.4394941 ] ] } },
{ "type": "Feature", "properties": { "id": 55177, "nach": 0.55787465019091331 }, "geometry": { "type": "LineString", "coordinates": [ [ -0.417089, 51.4394424 ], [ -0.4171014, 51.439457 ], [ -0.4171273, 51.4394941 ] ] } },
{ "type": "Feature", "properties": { "id": 16946, "nach": 0.60345505763582852 }, "geometry": { "type": "LineString", "coordinates": [ [ -0.4176747, 51.4393654 ], [ -0.4183003, 51.43927690000001 ] ] } },
{ "type": "Feature", "properties": { "id": 51263, "nach": 0.41094078918579674 }, "geometry": { "type": "LineString", "coordinates": [ [ -0.4176361, 51.43929880000001 ], [ -0.4176508, 51.4393215 ], [ -0.4176747, 51.4393654 ] ] } },
{ "type": "Feature", "properties": { "id": 16803, "nach": 0.60676625364106229 }, "geometry": { "type": "LineString", "coordinates": [ [ -0.4166634, 51.4396598 ], [ -0.4164539, 51.4397495 ], [ -0.4160776, 51.439940500000013 ], [ -0.4158444, 51.440069 ] ] } },
{ "type": "Feature", "properties": { "id": 51259, "nach": 0.54503813072821217 }, "geometry": { "type": "LineString", "coordinates": [ [ -0.4166019, 51.4396159 ], [ -0.4166186, 51.4396278 ], [ -0.4166634, 51.4396598 ] ] } },
{ "type": "Feature", "properties": { "id": 55175, "nach": 0.61039112166427612 }, "geometry": { "type": "LineString", "coordinates": [ [ -0.417089, 51.4394424 ], [ -0.4166806, 51.439579500000015 ], [ -0.4166019, 51.4396159 ] ] } },
{ "type": "Feature", "properties": { "id": 55174, "nach": 0.62939495869484241 }, "geometry": { "type": "LineString", "coordinates": [ [ -0.417089, 51.4394424 ], [ -0.417589, 51.4393118 ], [ -0.4176361, 51.43929880000001 ] ] } },
{ "type": "Feature", "properties": { "id": 80026, "nach": 0.42162489645652446 }, "geometry": { "type": "LineString", "coordinates": [ [ -0.4170968, 51.4393674 ], [ -0.4170719, 51.4394115 ], [ -0.4170812, 51.4394282 ], [ -0.417089, 51.4394424 ] ] } },
{ "type": "Feature", "properties": { "id": 17299, "nach": 0.61925702800521554 }, "geometry": { "type": "LineString", "coordinates": [ [ -0.4184015, 51.439263500000017 ], [ -0.4183003, 51.43927690000001 ] ] } },
{ "type": "Feature", "properties": { "id": 55210, "nach": 0.59434556088955093 }, "geometry": { "type": "LineString", "coordinates": [ [ -0.4183107, 51.4393563 ], [ -0.4183003, 51.43927690000001 ] ] } },
{ "type": "Feature", "properties": { "id": 55213, "nach": 0.56649172708678308 }, "geometry": { "type": "LineString", "coordinates": [ [ -0.4182894, 51.439192 ], [ -0.4183003, 51.43927690000001 ] ] } },
{ "type": "Feature", "properties": { "id": 91660, "nach": 0.61946294413121705 }, "geometry": { "type": "LineString", "coordinates": [ [ -0.4185125, 51.439245699999987 ], [ -0.4184015, 51.439263500000017 ] ] } },
{ "type": "Feature", "properties": { "id": 51311, "nach": 0.54294205683885888 }, "geometry": { "type": "LineString", "coordinates": [ [ -0.4184406, 51.4393423 ], [ -0.4184314, 51.4393229 ], [ -0.4184015, 51.439263500000017 ] ] } },
{ "type": "Feature", "properties": { "id": 55212, "nach": 0.62673196676437293 }, "geometry": { "type": "LineString", "coordinates": [ [ -0.4183107, 51.4393563 ], [ -0.4183871, 51.4393497 ], [ -0.4184406, 51.4393423 ] ] } },
{ "type": "Feature", "properties": { "id": 55211, "nach": 0.65793457786301446 }, "geometry": { "type": "LineString", "coordinates": [ [ -0.4183107, 51.4393563 ], [ -0.4180478, 51.4393756 ], [ -0.4178801, 51.4393919 ], [ -0.417683, 51.4394133 ], [ -0.4171881, 51.4395324 ], [ -0.4167221, 51.439700400000014 ], [ -0.4161226, 51.440003 ], [ -0.4159094, 51.4401205 ], [ -0.4155975, 51.4403269 ] ] } },
{ "type": "Feature", "properties": { "id": 55215, "nach": 0.62548001750440974 }, "geometry": { "type": "LineString", "coordinates": [ [ -0.4182894, 51.439192 ], [ -0.4177376, 51.4392735 ], [ -0.4176361, 51.43929880000001 ] ] } },
{ "type": "Feature", "properties": { "id": 55214, "nach": 0.64803104969378977 }, "geometry": { "type": "LineString", "coordinates": [ [ -0.4182894, 51.439192 ], [ -0.418438, 51.4391805 ], [ -0.4184825, 51.4391747 ] ] } },
{ "type": "Feature", "properties": { "id": 20207, "nach": 0.58604932784302821 }, "geometry": { "type": "LineString", "coordinates": [ [ -0.412983, 51.4460352 ], [ -0.4129295, 51.4456578 ], [ -0.4128631, 51.445392 ] ] } },
{ "type": "Feature", "properties": { "id": 55378, "nach": 0.52399598484867504 }, "geometry": { "type": "LineString", "coordinates": [ [ -0.4129811, 51.4453782 ], [ -0.4129217, 51.445383800000016 ], [ -0.4128631, 51.445392 ] ] } },
{ "type": "Feature", "properties": { "id": 49983, "nach": 0.60907043434892205 }, "geometry": { "type": "LineString", "coordinates": [ [ -0.4126309, 51.4451182 ], [ -0.4126928, 51.4451473 ], [ -0.4127304, 51.445187800000014 ], [ -0.4128309, 51.4453233 ], [ -0.4128631, 51.445392 ] ] } },
{ "type": "Feature", "properties": { "id": 48566, "nach": 0.50894940158316382 }, "geometry": { "type": "LineString", "coordinates": [ [ -0.413052, 51.4460346 ], [ -0.412983, 51.4460352 ] ] } },
{ "type": "Feature", "properties": { "id": 55333, "nach": 0.56694226859493202 }, "geometry": { "type": "LineString", "coordinates": [ [ -0.412926, 51.4462045 ], [ -0.412959, 51.446098400000011 ], [ -0.412983, 51.4460352 ] ] } },
{ "type": "Feature", "properties": { "id": 55380, "nach": 0.58455500045028685 }, "geometry": { "type": "LineString", "coordinates": [ [ -0.4129811, 51.4453782 ], [ -0.4129938, 51.445413900000013 ], [ -0.4129579, 51.4454349 ], [ -0.4129884, 51.4456504 ], [ -0.4130242, 51.445884 ], [ -0.4130451, 51.4459894 ], [ -0.413052, 51.4460346 ] ] } },
{ "type": "Feature", "properties": { "id": 55377, "nach": 0.61009406721576898 }, "geometry": { "type": "LineString", "coordinates": [ [ -0.4129811, 51.4453782 ], [ -0.4133085, 51.4453573 ] ] } },
{ "type": "Feature", "properties": { "id": 55379, "nach": 0.61226467090713033 }, "geometry": { "type": "LineString", "coordinates": [ [ -0.4129811, 51.4453782 ], [ -0.4129754, 51.4453437 ], [ -0.4129298, 51.4453357 ], [ -0.4129048, 51.4453033 ], [ -0.4128236, 51.4451913 ], [ -0.4127845, 51.44506350000001 ], [ -0.4127695, 51.4449836 ], [ -0.4127334, 51.4448377 ], [ -0.4127261, 51.4448021 ] ] } },
{ "type": "Feature", "properties": { "id": 49985, "nach": 0.54939159375764401 }, "geometry": { "type": "LineString", "coordinates": [ [ -0.4126309, 51.4451182 ], [ -0.4125263, 51.4451253 ], [ -0.4124643, 51.4451409 ], [ -0.4123785, 51.4451726 ], [ -0.4123297, 51.4452041 ] ] } },
{ "type": "Feature", "properties": { "id": 55372, "nach": 0.58341487513860546 }, "geometry": { "type": "LineString", "coordinates": [ [ -0.4126378, 51.4448152 ], [ -0.4126714, 51.4449136 ], [ -0.4126736, 51.4449781 ], [ -0.4126604, 51.44503850000001 ], [ -0.4126309, 51.4451182 ] ] } },
{ "type": "Feature", "properties": { "id": 20170, "nach": 0.60311288527693518 }, "geometry": { "type": "LineString", "coordinates": [ [ -0.4142546, 51.4448898 ], [ -0.4144913, 51.44499290000001 ] ] } },
{ "type": "Feature", "properties": { "id": 88750, "nach": 0.60600038315039928 }, "geometry": { "type": "LineString", "coordinates": [ [ -0.4147069, 51.4450851 ], [ -0.4144913, 51.44499290000001 ] ] } },
{ "type": "Feature", "properties": { "id": 40825, "nach": 0.53357063118260106 }, "geometry": { "type": "LineString", "coordinates": [ [ -0.414128, 51.4452942 ], [ -0.4141835, 51.445272799999984 ], [ -0.4142273, 51.4452438 ], [ -0.4144736, 51.4450097 ], [ -0.4144913, 51.44499290000001 ] ] } },
{ "type": "Feature", "properties": { "id": 20173, "nach": 0.46896874431956476 }, "geometry": { "type": "LineString", "coordinates": [ [ -0.4144131, 51.444739900000016 ], [ -0.4142546, 51.4448898 ] ] } },
{ "type": "Feature", "properties": { "id": 34205, "nach": 0.60824933090062594 }, "geometry": { "type": "LineString", "coordinates": [ [ -0.4135995, 51.4446076 ], [ -0.4138599, 51.444701 ], [ -0.4142546, 51.4448898 ] ] } },
{ "type": "Feature", "properties": { "id": 88751, "nach": 0.57821763370659929 }, "geometry": { "type": "LineString", "coordinates": [ [ -0.4147069, 51.4450851 ], [ -0.4147737, 51.445113700000014 ], [ -0.4150273, 51.4452502 ] ] } },
{ "type": "Feature", "properties": { "id": 88752, "nach": 0.54454991018439969 }, "geometry": { "type": "LineString", "coordinates": [ [ -0.4147069, 51.4450851 ], [ -0.4146757, 51.4451073 ], [ -0.414737, 51.4456243 ] ] } },
{ "type": "Feature", "properties": { "id": 40824, "nach": 0.58766639435866364 }, "geometry": { "type": "LineString", "coordinates": [ [ -0.414128, 51.4452942 ], [ -0.4140778, 51.4453066 ], [ -0.4140037, 51.4453156 ], [ -0.413645, 51.4453367 ] ] } },
{ "type": "Feature", "properties": { "id": 41837, "nach": 0.53566935971583007 }, "geometry": { "type": "LineString", "coordinates": [ [ -0.4142614, 51.445619 ], [ -0.4142425, 51.4454667 ], [ -0.4141493, 51.4453262 ], [ -0.414128, 51.4452942 ] ] } },
{ "type": "Feature", "properties": { "id": 55310, "nach": 0.46467065676877528 }, "geometry": { "type": "LineString", "coordinates": [ [ -0.4158923, 51.4455558 ], [ -0.415674, 51.4456706 ] ] } },
{ "type": "Feature", "properties": { "id": 20182, "nach": 0.57642994650185364 }, "geometry": { "type": "LineString", "coordinates": [ [ -0.4156391, 51.4456482 ], [ -0.415674, 51.4456706 ] ] } },
{ "type": "Feature", "properties": { "id": 31266, "nach": 0.5556288574893844 }, "geometry": { "type": "LineString", "coordinates": [ [ -0.416235, 51.446186 ], [ -0.4160499, 51.4459768 ], [ -0.415674, 51.4456706 ] ] } },
{ "type": "Feature", "properties": { "id": 20181, "nach": 0.55655205305250044 }, "geometry": { "type": "LineString", "coordinates": [ [ -0.4156391, 51.4456482 ], [ -0.4150273, 51.4452502 ] ] } },
{ "type": "Feature", "properties": { "id": 20188, "nach": 0.51536175317621447 }, "geometry": { "type": "LineString", "coordinates": [ [ -0.4151309, 51.4457777 ], [ -0.4152569, 51.4457689 ], [ -0.4153867, 51.4457607 ], [ -0.4155357, 51.4456983 ], [ -0.4156391, 51.4456482 ] ] } },
{ "type": "Feature", "properties": { "id": 55309, "nach": 0.47102429351220992 }, "geometry": { "type": "LineString", "coordinates": [ [ -0.4165296, 51.4460606 ], [ -0.4162949, 51.4461605 ], [ -0.416235, 51.446186 ] ] } },
{ "type": "Feature", "properties": { "id": 31268, "nach": 0.56306018267686397 }, "geometry": { "type": "LineString", "coordinates": [ [ -0.4160991, 51.4464332 ], [ -0.4162001, 51.4463496 ], [ -0.416235, 51.446186 ] ] } },
{ "type": "Feature", "properties": { "id": 43785, "nach": 0.65833683933002474 }, "geometry": { "type": "LineString", "coordinates": [ [ -0.4237615, 51.4398287 ], [ -0.4244929, 51.4400258 ] ] } },
{ "type": "Feature", "properties": { "id": 41814, "nach": 0.66872137778201923 }, "geometry": { "type": "LineString", "coordinates": [ [ -0.4247623, 51.4400997 ], [ -0.4244929, 51.4400258 ] ] } },
{ "type": "Feature", "properties": { "id": 1514, "nach": 0.57410860080415882 }, "geometry": { "type": "LineString", "coordinates": [ [ -0.4243275, 51.4404391 ], [ -0.4244381, 51.4401396 ], [ -0.4244929, 51.4400258 ] ] } },
{ "type": "Feature", "properties": { "id": 43786, "nach": 0.65810739433802712 }, "geometry": { "type": "LineString", "coordinates": [ [ -0.4237615, 51.4398287 ], [ -0.4232596, 51.4396818 ] ] } },
{ "type": "Feature", "properties": { "id": 87434, "nach": 0.45480008451711929 }, "geometry": { "type": "LineString", "coordinates": [ [ -0.423786, 51.43979010000001 ], [ -0.4237615, 51.4398287 ] ] } },
{ "type": "Feature", "properties": { "id": 87433, "nach": 0.45465377270108631 }, "geometry": { "type": "LineString", "coordinates": [ [ -0.4237309, 51.439873099999986 ], [ -0.4237615, 51.4398287 ] ] } },
{ "type": "Feature", "properties": { "id": 41813, "nach": 0.65558385946602005 }, "geometry": { "type": "LineString", "coordinates": [ [ -0.4247623, 51.4400997 ], [ -0.4258503, 51.4404545 ] ] } },
{ "type": "Feature", "properties": { "id": 41815, "nach": 0.58802621390454068 }, "geometry": { "type": "LineString", "coordinates": [ [ -0.4247623, 51.4400997 ], [ -0.4247954, 51.4400166 ], [ -0.424731, 51.4397713 ], [ -0.4250439, 51.4397299 ], [ -0.4249946, 51.4395601 ] ] } },
{ "type": "Feature", "properties": { "id": 1525, "nach": 0.49380963279172424 }, "geometry": { "type": "LineString", "coordinates": [ [ -0.4217084, 51.4400764 ], [ -0.4227804, 51.4402275 ], [ -0.4243275, 51.4404391 ] ] } },
{ "type": "Feature", "properties": { "id": 17328, "nach": 0.53530679843785767 }, "geometry": { "type": "LineString", "coordinates": [ [ -0.4241058, 51.4410869 ], [ -0.4242173, 51.440753 ], [ -0.4242353, 51.440703 ], [ -0.4243275, 51.4404391 ] ] } },
{ "type": "Feature", "properties": { "id": 50539, "nach": 0.63884653719183893 }, "geometry": { "type": "LineString", "coordinates": [ [ -0.4207487, 51.439138 ], [ -0.4207923, 51.4391448 ] ] } },
{ "type": "Feature", "properties": { "id": 50542, "nach": 0.62166396960345627 }, "geometry": { "type": "LineString", "coordinates": [ [ -0.4209362, 51.439148200000012 ], [ -0.4208894, 51.4391562 ], [ -0.4208566, 51.4391537 ], [ -0.4207923, 51.4391448 ] ] } },
{ "type": "Feature", "properties": { "id": 50538, "nach": 0.55254177448151642 }, "geometry": { "type": "LineString", "coordinates": [ [ -0.4207923, 51.4391448 ], [ -0.4208281, 51.43908 ], [ -0.4208881, 51.4390224 ] ] } },
{ "type": "Feature", "properties": { "id": 47636, "nach": 0.5685642248330709 }, "geometry": { "type": "LineString", "coordinates": [ [ -0.4209925, 51.4505646 ], [ -0.420966, 51.4505854 ] ] } },
{ "type": "Feature", "properties": { "id": 50643, "nach": 0.63892536743823003 }, "geometry": { "type": "LineString", "coordinates": [ [ -0.4206947, 51.450453 ], [ -0.420966, 51.4505854 ] ] } },
{ "type": "Feature", "properties": { "id": 14367, "nach": 0.64107212487822463 }, "geometry": { "type": "LineString", "coordinates": [ [ -0.4213584, 51.4507869 ], [ -0.420966, 51.4505854 ] ] } },
{ "type": "Feature", "properties": { "id": 47635, "nach": 0.48310355702997587 }, "geometry": { "type": "LineString", "coordinates": [ [ -0.4209925, 51.4505646 ], [ -0.421472, 51.45017940000001 ] ] } },
{ "type": "Feature", "properties": { "id": 49412, "nach": 0.63768912972483605 }, "geometry": { "type": "LineString", "coordinates": [ [ -0.4207208, 51.4504302 ], [ -0.4209925, 51.4505646 ] ] } },
{ "type": "Feature", "properties": { "id": 47641, "nach": 0.63526353538238545 }, "geometry": { "type": "LineString", "coordinates": [ [ -0.4217516, 51.450904 ], [ -0.4216824, 51.4508726 ], [ -0.4216379, 51.450882900000011 ], [ -0.4210318, 51.4505841 ], [ -0.4209925, 51.4505646 ] ] } },
{ "type": "Feature", "properties": { "id": 50642, "nach": 0.63936316974448304 }, "geometry": { "type": "LineString", "coordinates": [ [ -0.4206947, 51.450453 ], [ -0.4204643, 51.4503433 ] ] } },
{ "type": "Feature", "properties": { "id": 50645, "nach": 0.50690069638512225 }, "geometry": { "type": "LineString", "coordinates": [ [ -0.4206947, 51.450453 ], [ -0.4207208, 51.4504302 ] ] } },
{ "type": "Feature", "properties": { "id": 50647, "nach": 0.52330950296924894 }, "geometry": { "type": "LineString", "coordinates": [ [ -0.4206554, 51.4504868 ], [ -0.4206947, 51.450453 ] ] } },
{ "type": "Feature", "properties": { "id": 47692, "nach": 0.53878259096613113 }, "geometry": { "type": "LineString", "coordinates": [ [ -0.4213185, 51.450835499999982 ], [ -0.4213584, 51.4507869 ] ] } },
{ "type": "Feature", "properties": { "id": 47688, "nach": 0.62030119367207703 }, "geometry": { "type": "LineString", "coordinates": [ [ -0.4204313, 51.4503729 ], [ -0.4204643, 51.4503433 ] ] } },
{ "type": "Feature", "properties": { "id": 47631, "nach": 0.55102618993709673 }, "geometry": { "type": "LineString", "coordinates": [ [ -0.4204916, 51.4503214 ], [ -0.4204643, 51.4503433 ] ] } },
{ "type": "Feature", "properties": { "id": 22415, "nach": 0.66014291228968747 }, "geometry": { "type": "LineString", "coordinates": [ [ -0.420072, 51.4501565 ], [ -0.4202928, 51.4502553 ], [ -0.4204643, 51.4503433 ] ] } },
{ "type": "Feature", "properties": { "id": 47691, "nach": 0.49668023841099612 }, "geometry": { "type": "LineString", "coordinates": [ [ -0.4204313, 51.4503729 ], [ -0.4197583, 51.4511485 ], [ -0.4193149, 51.4516595 ], [ -0.4189402, 51.4520915 ], [ -0.4187797, 51.4522764 ] ] } },
{ "type": "Feature", "properties": { "id": 48864, "nach": 0.62663193784798943 }, "geometry": { "type": "LineString", "coordinates": [ [ -0.4203867, 51.4503515 ], [ -0.4204313, 51.4503729 ] ] } },
{ "type": "Feature", "properties": { "id": 48854, "nach": 0.62840697983164895 }, "geometry": { "type": "LineString", "coordinates": [ [ -0.4204863, 51.4503996 ], [ -0.4204313, 51.4503729 ] ] } },
{ "type": "Feature", "properties": { "id": 60359, "nach": 0.62529597754785471 }, "geometry": { "type": "LineString", "coordinates": [ [ -0.4205943, 51.4503701 ], [ -0.4204916, 51.4503214 ] ] } },
{ "type": "Feature", "properties": { "id": 49409, "nach": 0.62735410913764 }, "geometry": { "type": "LineString", "coordinates": [ [ -0.4203809, 51.4502679 ], [ -0.4204916, 51.4503214 ] ] } },
{ "type": "Feature", "properties": { "id": 50671, "nach": 0.52407454784964103 }, "geometry": { "type": "LineString", "coordinates": [ [ -0.4205482, 51.4502745 ], [ -0.4205108, 51.4503043 ], [ -0.4204916, 51.4503214 ] ] } },
{ "type": "Feature", "properties": { "id": 47628, "nach": 0.64572447159666879 }, "geometry": { "type": "LineString", "coordinates": [ [ -0.4200798, 51.4501297 ], [ -0.420072, 51.4501565 ] ] } },
{ "type": "Feature", "properties": { "id": 89006, "nach": 0.65450589040259111 }, "geometry": { "type": "LineString", "coordinates": [ [ -0.4198093, 51.450094900000011 ], [ -0.4198413, 51.4500977 ], [ -0.4199553, 51.4501236 ], [ -0.420072, 51.4501565 ] ] } },
{ "type": "Feature", "properties": { "id": 49405, "nach": 0.60457138159746282 }, "geometry": { "type": "LineString", "coordinates": [ [ -0.4176931, 51.4497807 ], [ -0.4176665, 51.4498345 ] ] } },
{ "type": "Feature", "properties": { "id": 50688, "nach": 0.68949902284125153 }, "geometry": { "type": "LineString", "coordinates": [ [ -0.417837, 51.4498675 ], [ -0.4176665, 51.4498345 ] ] } },
{ "type": "Feature", "properties": { "id": 50684, "nach": 0.46202772838449596 }, "geometry": { "type": "LineString", "coordinates": [ [ -0.4176432, 51.44988570000001 ], [ -0.4176665, 51.4498345 ] ] } },
{ "type": "Feature", "properties": { "id": 24825, "nach": 0.70655492939803088 }, "geometry": { "type": "LineString", "coordinates": [ [ -0.4173581, 51.4497895 ], [ -0.4175346, 51.449822 ], [ -0.4176665, 51.4498345 ] ] } },
{ "type": "Feature", "properties": { "id": 56630, "nach": 0.62359245520035489 }, "geometry": { "type": "LineString", "coordinates": [ [ -0.417814, 51.44940230000001 ], [ -0.4177998, 51.4494526 ], [ -0.417769, 51.4495466 ], [ -0.4177289, 51.4496693 ], [ -0.4176931, 51.4497807 ] ] } },
{ "type": "Feature", "properties": { "id": 50694, "nach": 0.55151230146602748 }, "geometry": { "type": "LineString", "coordinates": [ [ -0.4178622, 51.4498236 ], [ -0.417798, 51.449796 ], [ -0.4176931, 51.4497807 ] ] } },
{ "type": "Feature", "properties": { "id": 56623, "nach": 0.48141618460496088 }, "geometry": { "type": "LineString", "coordinates": [ [ -0.4164909, 51.4495643 ], [ -0.4171181, 51.449688400000014 ], [ -0.4176931, 51.4497807 ] ] } },
{ "type": "Feature", "properties": { "id": 50691, "nach": 0.6476612588790901 }, "geometry": { "type": "LineString", "coordinates": [ [ -0.417837, 51.4498675 ], [ -0.4180951, 51.449906 ], [ -0.4183711, 51.4499539 ] ] } },
{ "type": "Feature", "properties": { "id": 50690, "nach": 0.63846280867847216 }, "geometry": { "type": "LineString", "coordinates": [ [ -0.417837, 51.4498675 ], [ -0.4178222, 51.449913100000011 ] ] } },
{ "type": "Feature", "properties": { "id": 50692, "nach": 0.56371447264713359 }, "geometry": { "type": "LineString", "coordinates": [ [ -0.4178622, 51.4498236 ], [ -0.417837, 51.4498675 ] ] } },
{ "type": "Feature", "properties": { "id": 50697, "nach": 0.0 }, "geometry": { "type": "LineString", "coordinates": [ [ -0.4173427, 51.4498383 ], [ -0.4173039, 51.44992950000001 ], [ -0.4174011, 51.4499447 ], [ -0.4175521, 51.449968300000016 ], [ -0.4176003, 51.4499758 ], [ -0.4176432, 51.44988570000001 ] ] } },
{ "type": "Feature", "properties": { "id": 50685, "nach": 0.38888284895795727 }, "geometry": { "type": "LineString", "coordinates": [ [ -0.4178222, 51.449913100000011 ], [ -0.4176432, 51.44988570000001 ] ] } },
{ "type": "Feature", "properties": { "id": 24824, "nach": 0.7031563030903033 }, "geometry": { "type": "LineString", "coordinates": [ [ -0.4173581, 51.4497895 ], [ -0.4173042, 51.4497789 ], [ -0.4169501, 51.4497196 ] ] } },
{ "type": "Feature", "properties": { "id": 50698, "nach": 0.5192150928632433 }, "geometry": { "type": "LineString", "coordinates": [ [ -0.4173427, 51.4498383 ], [ -0.4173581, 51.4497895 ] ] } },
{ "type": "Feature", "properties": { "id": 47677, "nach": 0.6585898791685123 }, "geometry": { "type": "LineString", "coordinates": [ [ -0.4169206, 51.449761 ], [ -0.4169501, 51.4497196 ] ] } },
{ "type": "Feature", "properties": { "id": 56621, "nach": 0.68065821265945847 }, "geometry": { "type": "LineString", "coordinates": [ [ -0.416463, 51.449617 ], [ -0.4164762, 51.449619600000013 ], [ -0.4169501, 51.4497196 ] ] } },
{ "type": "Feature", "properties": { "id": 60326, "nach": 0.65181284966860753 }, "geometry": { "type": "LineString", "coordinates": [ [ -0.416646, 51.4500901 ], [ -0.4169206, 51.449761 ] ] } },
{ "type": "Feature", "properties": { "id": 48653, "nach": 0.55714616448348409 }, "geometry": { "type": "LineString", "coordinates": [ [ -0.4168797, 51.4497544 ], [ -0.4169206, 51.449761 ] ] } },
{ "type": "Feature", "properties": { "id": 50387, "nach": 0.45558691748403107 }, "geometry": { "type": "LineString", "coordinates": [ [ -0.4169603, 51.449767300000012 ], [ -0.4169206, 51.449761 ] ] } },
{ "type": "Feature", "properties": { "id": 56619, "nach": 0.71094298427081515 }, "geometry": { "type": "LineString", "coordinates": [ [ -0.416463, 51.449617 ], [ -0.415976, 51.4495094 ] ] } },
{ "type": "Feature", "properties": { "id": 56622, "nach": 0.64889287779540228 }, "geometry": { "type": "LineString", "coordinates": [ [ -0.4164909, 51.4495643 ], [ -0.416463, 51.449617 ] ] } },
{ "type": "Feature", "properties": { "id": 47654, "nach": 0.44031301551523666 }, "geometry": { "type": "LineString", "coordinates": [ [ -0.4134277, 51.4487889 ], [ -0.4134687, 51.4487466 ] ] } },
{ "type": "Feature", "properties": { "id": 1261, "nach": 0.65927184046065379 }, "geometry": { "type": "LineString", "coordinates": [ [ -0.4129184, 51.4485439 ], [ -0.4134687, 51.4487466 ] ] } },
{ "type": "Feature", "properties": { "id": 60304, "nach": 0.65477562490942198 }, "geometry": { "type": "LineString", "coordinates": [ [ -0.4140812, 51.4489666 ], [ -0.4139308, 51.4489118 ], [ -0.4136321, 51.4488048 ], [ -0.4134687, 51.4487466 ] ] } },
{ "type": "Feature", "properties": { "id": 47655, "nach": 0.55755805904901279 }, "geometry": { "type": "LineString", "coordinates": [ [ -0.4134277, 51.4487889 ], [ -0.413391, 51.4488276 ], [ -0.413281, 51.4489438 ], [ -0.4130515, 51.449185100000015 ] ] } },
{ "type": "Feature", "properties": { "id": 57148, "nach": 0.64381798875860141 }, "geometry": { "type": "LineString", "coordinates": [ [ -0.4126329, 51.4484547 ], [ -0.4130122, 51.448635799999984 ], [ -0.4132023, 51.4487077 ], [ -0.4134277, 51.4487889 ] ] } },
{ "type": "Feature", "properties": { "id": 60308, "nach": 0.63773963762141439 }, "geometry": { "type": "LineString", "coordinates": [ [ -0.4140477, 51.4490047 ], [ -0.4138163, 51.4489249 ], [ -0.4134277, 51.4487889 ] ] } },
{ "type": "Feature", "properties": { "id": 47623, "nach": 0.59793044435870957 }, "geometry": { "type": "LineString", "coordinates": [ [ -0.4129658, 51.4484923 ], [ -0.4129184, 51.4485439 ] ] } },
{ "type": "Feature", "properties": { "id": 57143, "nach": 0.64188100156527783 }, "geometry": { "type": "LineString", "coordinates": [ [ -0.4126645, 51.4484226 ], [ -0.4129184, 51.4485439 ] ] } },
{ "type": "Feature", "properties": { "id": 60305, "nach": 0.65294416400702193 }, "geometry": { "type": "LineString", "coordinates": [ [ -0.4140812, 51.4489666 ], [ -0.4142047, 51.4490082 ], [ -0.4143161, 51.4490474 ], [ -0.4144732, 51.4491027 ], [ -0.4147555, 51.4492022 ] ] } },
{ "type": "Feature", "properties": { "id": 60307, "nach": 0.40164797904116473 }, "geometry": { "type": "LineString", "coordinates": [ [ -0.4140477, 51.4490047 ], [ -0.4140812, 51.4489666 ] ] } },
{ "type": "Feature", "properties": { "id": 47624, "nach": 0.62359118473666519 }, "geometry": { "type": "LineString", "coordinates": [ [ -0.4129658, 51.4484923 ], [ -0.4131032, 51.4483379 ], [ -0.4131994, 51.448249300000015 ] ] } },
{ "type": "Feature", "properties": { "id": 48587, "nach": 0.66866723705701447 }, "geometry": { "type": "LineString", "coordinates": [ [ -0.4130203, 51.448525600000011 ], [ -0.4130012, 51.448513900000016 ], [ -0.4129658, 51.4484923 ] ] } },
{ "type": "Feature", "properties": { "id": 49393, "nach": 0.68913792092026127 }, "geometry": { "type": "LineString", "coordinates": [ [ -0.412181, 51.4481149 ], [ -0.4122243, 51.4481367 ], [ -0.4122313, 51.448140200000012 ], [ -0.4129072, 51.4484669 ], [ -0.412923, 51.4484743 ], [ -0.4129658, 51.4484923 ] ] } },
{ "type": "Feature", "properties": { "id": 57142, "nach": 0.6575049104816918 }, "geometry": { "type": "LineString", "coordinates": [ [ -0.4126645, 51.4484226 ], [ -0.4121226, 51.4481621 ] ] } },
{ "type": "Feature", "properties": { "id": 57147, "nach": 0.60283764078930768 }, "geometry": { "type": "LineString", "coordinates": [ [ -0.4126329, 51.4484547 ], [ -0.4126645, 51.4484226 ] ] } },
{ "type": "Feature", "properties": { "id": 14323, "nach": 0.71160477253083032 }, "geometry": { "type": "LineString", "coordinates": [ [ -0.4121226, 51.4481621 ], [ -0.4120848, 51.4481417 ] ] } },
{ "type": "Feature", "properties": { "id": 47670, "nach": 0.66687295914772626 }, "geometry": { "type": "LineString", "coordinates": [ [ -0.4120478, 51.4481771 ], [ -0.4120508, 51.4481745 ], [ -0.4120848, 51.4481417 ] ] } },
{ "type": "Feature", "properties": { "id": 49957, "nach": 0.66616978185068421 }, "geometry": { "type": "LineString", "coordinates": [ [ -0.4114896, 51.4479021 ], [ -0.4115491, 51.4479067 ], [ -0.4116358, 51.447925600000012 ], [ -0.4116771, 51.4479401 ], [ -0.4120848, 51.4481417 ] ] } },
{ "type": "Feature", "properties": { "id": 49392, "nach": 0.67000009796306792 }, "geometry": { "type": "LineString", "coordinates": [ [ -0.412181, 51.4481149 ], [ -0.4121722, 51.4481222 ], [ -0.4121226, 51.4481621 ] ] } },
{ "type": "Feature", "properties": { "id": 57145, "nach": 0.63611621238044092 }, "geometry": { "type": "LineString", "coordinates": [ [ -0.4126329, 51.4484547 ], [ -0.4120478, 51.4481771 ] ] } },
{ "type": "Feature", "properties": { "id": 85349, "nach": 0.66399640377538149 }, "geometry": { "type": "LineString", "coordinates": [ [ -0.4118053, 51.4483909 ], [ -0.4119882, 51.4482327 ], [ -0.4120478, 51.4481771 ] ] } },
{ "type": "Feature", "properties": { "id": 93047, "nach": 0.67584691567770616 }, "geometry": { "type": "LineString", "coordinates": [ [ -0.4114555, 51.4479665 ], [ -0.4114963, 51.4479648 ], [ -0.411604, 51.4479779 ], [ -0.4120478, 51.4481771 ] ] } },
{ "type": "Feature", "properties": { "id": 93042, "nach": 0.53255554770051394 }, "geometry": { "type": "LineString", "coordinates": [ [ -0.4114491, 51.4479033 ], [ -0.4114896, 51.4479021 ] ] } },
{ "type": "Feature", "properties": { "id": 93051, "nach": 0.65926586041024493 }, "geometry": { "type": "LineString", "coordinates": [ [ -0.4114403, 51.4478099 ], [ -0.4114835, 51.4478455 ], [ -0.4114896, 51.4479021 ] ] } },
{ "type": "Feature", "properties": { "id": 48422, "nach": 0.6102640212605589 }, "geometry": { "type": "LineString", "coordinates": [ [ -0.4105121, 51.4483096 ], [ -0.4104818, 51.4482866 ] ] } },
{ "type": "Feature", "properties": { "id": 34395, "nach": 0.64022918409468843 }, "geometry": { "type": "LineString", "coordinates": [ [ -0.4107536, 51.4481694 ], [ -0.4107176, 51.4481845 ], [ -0.4105269, 51.4482679 ], [ -0.4104818, 51.4482866 ] ] } },
{ "type": "Feature", "properties": { "id": 92821, "nach": 0.57778480828833756 }, "geometry": { "type": "LineString", "coordinates": [ [ -0.4103435, 51.448343800000011 ], [ -0.4103737, 51.44833460000001 ], [ -0.4104818, 51.4482866 ] ] } },
{ "type": "Feature", "properties": { "id": 85343, "nach": 0.64598970154605428 }, "geometry": { "type": "LineString", "coordinates": [ [ -0.4110532, 51.448969800000015 ], [ -0.4109444, 51.4488118 ], [ -0.4108245, 51.448601 ], [ -0.4105905, 51.4483411 ], [ -0.4105811, 51.4483306 ], [ -0.4105121, 51.4483096 ] ] } },
{ "type": "Feature", "properties": { "id": 93046, "nach": 0.6599349502990266 }, "geometry": { "type": "LineString", "coordinates": [ [ -0.4114555, 51.4479665 ], [ -0.4113854, 51.4479695 ], [ -0.4111951, 51.4480261 ], [ -0.4109383, 51.4481288 ], [ -0.4109015, 51.4481435 ], [ -0.4108799, 51.4481534 ], [ -0.4107725, 51.4482036 ], [ -0.4105652, 51.4482884 ], [ -0.4105121, 51.4483096 ] ] } },
{ "type": "Feature", "properties": { "id": 92824, "nach": 0.67953111944574052 }, "geometry": { "type": "LineString", "coordinates": [ [ -0.4103632, 51.4483648 ], [ -0.4103777, 51.4483594 ], [ -0.4105121, 51.4483096 ] ] } },
{ "type": "Feature", "properties": { "id": 34394, "nach": 0.63885964794358974 }, "geometry": { "type": "LineString", "coordinates": [ [ -0.4107536, 51.4481694 ], [ -0.4109132, 51.4481011 ], [ -0.4111582, 51.4479941 ], [ -0.4112546, 51.4479521 ] ] } },
{ "type": "Feature", "properties": { "id": 34393, "nach": 0.52285091951847307 }, "geometry": { "type": "LineString", "coordinates": [ [ -0.4107536, 51.4481694 ], [ -0.4107294, 51.448138 ], [ -0.4107249, 51.4481216 ], [ -0.4107254, 51.44810240000001 ] ] } },
{ "type": "Feature", "properties": { "id": 19953, "nach": 0.51626059789362055 }, "geometry": { "type": "LineString", "coordinates": [ [ -0.4228351, 51.4509521 ], [ -0.4232019, 51.451170200000014 ] ] } },
{ "type": "Feature", "properties": { "id": 1275, "nach": 0.60862184097169592 }, "geometry": { "type": "LineString", "coordinates": [ [ -0.4239565, 51.4508608 ], [ -0.4238476, 51.4509597 ], [ -0.4236743, 51.4510757 ], [ -0.423374, 51.4511272 ], [ -0.4232019, 51.451170200000014 ] ] } },
{ "type": "Feature", "properties": { "id": 19956, "nach": 0.48349750758712762 }, "geometry": { "type": "LineString", "coordinates": [ [ -0.422623, 51.4511085 ], [ -0.4228351, 51.4509521 ] ] } },
{ "type": "Feature", "properties": { "id": 19959, "nach": 0.42650222836261092 }, "geometry": { "type": "LineString", "coordinates": [ [ -0.424088, 51.450601399999989 ], [ -0.4239399, 51.4505831 ], [ -0.423793, 51.4505311 ], [ -0.4237368, 51.4505236 ], [ -0.4236858, 51.450539500000012 ], [ -0.4234333, 51.4507199 ], [ -0.4232461, 51.4508259 ], [ -0.4230215, 51.4508337 ], [ -0.4228351, 51.4509521 ] ] } },
{ "type": "Feature", "properties": { "id": 19950, "nach": 0.63496942832919112 }, "geometry": { "type": "LineString", "coordinates": [ [ -0.4242538, 51.4512471 ], [ -0.4239565, 51.4508608 ] ] } },
{ "type": "Feature", "properties": { "id": 19958, "nach": 0.65999038498651486 }, "geometry": { "type": "LineString", "coordinates": [ [ -0.424088, 51.450601399999989 ], [ -0.4240737, 51.4506889 ], [ -0.4239565, 51.4508608 ] ] } },
{ "type": "Feature", "properties": { "id": 48183, "nach": 0.53280980307586878 }, "geometry": { "type": "LineString", "coordinates": [ [ -0.4243347, 51.4514242 ], [ -0.4242508, 51.4513738 ], [ -0.4242267, 51.4513156 ], [ -0.4242538, 51.4512471 ] ] } },
{ "type": "Feature", "properties": { "id": 48180, "nach": 0.62077164425700482 }, "geometry": { "type": "LineString", "coordinates": [ [ -0.4243986, 51.4513782 ], [ -0.4243022, 51.4512955 ], [ -0.4242538, 51.4512471 ] ] } },
{ "type": "Feature", "properties": { "id": 19957, "nach": 0.6593192321112965 }, "geometry": { "type": "LineString", "coordinates": [ [ -0.424088, 51.450601399999989 ], [ -0.424105, 51.4504283 ], [ -0.4240386, 51.4502008 ], [ -0.4240537, 51.4501177 ] ] } },
{ "type": "Feature", "properties": { "id": 19962, "nach": 0.54530784678933464 }, "geometry": { "type": "LineString", "coordinates": [ [ -0.4234513, 51.4499422 ], [ -0.4237521, 51.4500103 ], [ -0.4239447, 51.4500272 ] ] } },
{ "type": "Feature", "properties": { "id": 1277, "nach": 0.63397868179047834 }, "geometry": { "type": "LineString", "coordinates": [ [ -0.4239447, 51.4500272 ], [ -0.4239491, 51.4499935 ], [ -0.4239703, 51.4499624 ], [ -0.4240061, 51.449937 ], [ -0.424053, 51.44992 ] ] } },
{ "type": "Feature", "properties": { "id": 1283, "nach": 0.64607434593492818 }, "geometry": { "type": "LineString", "coordinates": [ [ -0.4240537, 51.4501177 ], [ -0.4240119, 51.4501034 ], [ -0.4239782, 51.4500823 ], [ -0.4239552, 51.4500563 ], [ -0.4239447, 51.4500272 ] ] } },
{ "type": "Feature", "properties": { "id": 19963, "nach": 0.4606505909289535 }, "geometry": { "type": "LineString", "coordinates": [ [ -0.4226149, 51.449602400000011 ], [ -0.4234513, 51.4499422 ] ] } },
{ "type": "Feature", "properties": { "id": 19964, "nach": 0.47268774938210373 }, "geometry": { "type": "LineString", "coordinates": [ [ -0.4235728, 51.4496446 ], [ -0.4234513, 51.4499422 ] ] } },
{ "type": "Feature", "properties": { "id": 1278, "nach": 0.56813782423183623 }, "geometry": { "type": "LineString", "coordinates": [ [ -0.424053, 51.44992 ], [ -0.424109, 51.449913 ], [ -0.4241656, 51.4499179 ], [ -0.4242163, 51.44993430000001 ], [ -0.4242555, 51.4499602 ], [ -0.4242786, 51.44999270000001 ], [ -0.4242832, 51.4500282 ] ] } },
{ "type": "Feature", "properties": { "id": 19967, "nach": 0.65219623164857765 }, "geometry": { "type": "LineString", "coordinates": [ [ -0.424236, 51.4494764 ], [ -0.4241954, 51.4496136 ], [ -0.4240636, 51.4498219 ], [ -0.424053, 51.44992 ] ] } },
{ "type": "Feature", "properties": { "id": 1366, "nach": 0.60354373868913569 }, "geometry": { "type": "LineString", "coordinates": [ [ -0.4248415, 51.4500695 ], [ -0.4242832, 51.4500282 ] ] } },
{ "type": "Feature", "properties": { "id": 1281, "nach": 0.56053985341287771 }, "geometry": { "type": "LineString", "coordinates": [ [ -0.4242832, 51.4500282 ], [ -0.4242707, 51.4500597 ], [ -0.4242435, 51.4500873 ], [ -0.4242041, 51.4501085 ], [ -0.4241563, 51.4501213 ], [ -0.4241046, 51.450124499999987 ], [ -0.4240537, 51.4501177 ] ] } },
{ "type": "Feature", "properties": { "id": 19966, "nach": 0.64655173499828 }, "geometry": { "type": "LineString", "coordinates": [ [ -0.424236, 51.4494764 ], [ -0.4242579, 51.4492786 ], [ -0.4242859, 51.4491019 ], [ -0.4243261, 51.4488355 ] ] } },
{ "type": "Feature", "properties": { "id": 19969, "nach": 0.53100656404162028 }, "geometry": { "type": "LineString", "coordinates": [ [ -0.4235635, 51.449240900000014 ], [ -0.4238239, 51.449300800000017 ], [ -0.4239239, 51.449424 ], [ -0.424236, 51.4494764 ] ] } },
{ "type": "Feature", "properties": { "id": 88763, "nach": 0.60393265402470564 }, "geometry": { "type": "LineString", "coordinates": [ [ -0.4248455, 51.4500431 ], [ -0.4248415, 51.4500695 ] ] } },
{ "type": "Feature", "properties": { "id": 19900, "nach": 0.4583500767402004 }, "geometry": { "type": "LineString", "coordinates": [ [ -0.4242287, 51.4505307 ], [ -0.4247201, 51.4505603 ], [ -0.4247869, 51.4505232 ], [ -0.4248306, 51.4501301 ], [ -0.4248415, 51.4500695 ] ] } },
{ "type": "Feature", "properties": { "id": 19974, "nach": 0.53034628059791966 }, "geometry": { "type": "LineString", "coordinates": [ [ -0.4238851, 51.4487737 ], [ -0.4243261, 51.4488355 ] ] } },
{ "type": "Feature", "properties": { "id": 14304, "nach": 0.64455095589595046 }, "geometry": { "type": "LineString", "coordinates": [ [ -0.4243733, 51.4486072 ], [ -0.4243261, 51.4488355 ] ] } },
{ "type": "Feature", "properties": { "id": 19976, "nach": 0.45633361133323896 }, "geometry": { "type": "LineString", "coordinates": [ [ -0.4239187, 51.448695700000023 ], [ -0.4238851, 51.4487737 ] ] } },
{ "type": "Feature", "properties": { "id": 19977, "nach": 0.45483950396590711 }, "geometry": { "type": "LineString", "coordinates": [ [ -0.4238114, 51.4489048 ], [ -0.4238851, 51.4487737 ] ] } },
{ "type": "Feature", "properties": { "id": 14305, "nach": 0.45316425898295787 }, "geometry": { "type": "LineString", "coordinates": [ [ -0.4243733, 51.4486072 ], [ -0.4248713, 51.4486315 ], [ -0.4248712, 51.448541400000011 ] ] } },
{ "type": "Feature", "properties": { "id": 41494, "nach": 0.64413186293506164 }, "geometry": { "type": "LineString", "coordinates": [ [ -0.424412, 51.4482347 ], [ -0.4243733, 51.4486072 ] ] } },
{ "type": "Feature", "properties": { "id": 19996, "nach": 0.59862285508887558 }, "geometry": { "type": "LineString", "coordinates": [ [ -0.4230437, 51.4472641 ], [ -0.4230926, 51.4472664 ], [ -0.4231436, 51.4472509 ], [ -0.4232663, 51.4471935 ], [ -0.4235283, 51.447050600000011 ], [ -0.4236191, 51.4469967 ] ] } },
{ "type": "Feature", "properties": { "id": 20009, "nach": 0.63695962611049251 }, "geometry": { "type": "LineString", "coordinates": [ [ -0.423304, 51.446533 ], [ -0.4233784, 51.4465789 ], [ -0.4234428, 51.4466356 ], [ -0.4236191, 51.4469967 ] ] } },
{ "type": "Feature", "properties": { "id": 19990, "nach": 0.63277108646120539 }, "geometry": { "type": "LineString", "coordinates": [ [ -0.4243019, 51.4473938 ], [ -0.4239746, 51.4472165 ], [ -0.4236766, 51.4470569 ], [ -0.4236191, 51.4469967 ] ] } },
{ "type": "Feature", "properties": { "id": 19998, "nach": 0.54233092885096013 }, "geometry": { "type": "LineString", "coordinates": [ [ -0.4229591, 51.4474567 ], [ -0.4230437, 51.4472641 ] ] } },
{ "type": "Feature", "properties": { "id": 55756, "nach": 0.5476743554578527 }, "geometry": { "type": "LineString", "coordinates": [ [ -0.4229728, 51.4471811 ], [ -0.4229916, 51.4472221 ], [ -0.4230437, 51.4472641 ] ] } },
{ "type": "Feature", "properties": { "id": 20011, "nach": 0.62778791751725793 }, "geometry": { "type": "LineString", "coordinates": [ [ -0.4235377, 51.4462422 ], [ -0.4234856, 51.446354400000011 ], [ -0.4234504, 51.4464185 ], [ -0.4234088, 51.4464536 ], [ -0.423304, 51.446533 ] ] } },
{ "type": "Feature", "properties": { "id": 25512, "nach": 0.65845773573767263 }, "geometry": { "type": "LineString", "coordinates": [ [ -0.4226936, 51.4463771 ], [ -0.4228916, 51.4464026 ], [ -0.4230536, 51.446443 ], [ -0.423304, 51.446533 ] ] } },
{ "type": "Feature", "properties": { "id": 19991, "nach": 0.61457096286918123 }, "geometry": { "type": "LineString", "coordinates": [ [ -0.4243019, 51.4473938 ], [ -0.424439, 51.4475885 ], [ -0.4244825, 51.447735300000012 ], [ -0.4244704, 51.447953 ] ] } },
{ "type": "Feature", "properties": { "id": 19994, "nach": 0.53969581066678418 }, "geometry": { "type": "LineString", "coordinates": [ [ -0.4248046, 51.447316 ], [ -0.4247271, 51.4472585 ], [ -0.4246039, 51.4472435 ], [ -0.4243019, 51.4473938 ] ] } },
{ "type": "Feature", "properties": { "id": 20032, "nach": 0.6024196779914559 }, "geometry": { "type": "LineString", "coordinates": [ [ -0.422158, 51.4460796 ], [ -0.4221824, 51.4463711 ] ] } },
{ "type": "Feature", "properties": { "id": 1294, "nach": 0.63891306261485048 }, "geometry": { "type": "LineString", "coordinates": [ [ -0.4212313, 51.446579100000015 ], [ -0.4214482, 51.4465158 ], [ -0.4218909, 51.446412800000012 ], [ -0.4221824, 51.4463711 ] ] } },
{ "type": "Feature", "properties": { "id": 25511, "nach": 0.62178939837625813 }, "geometry": { "type": "LineString", "coordinates": [ [ -0.4226936, 51.4463771 ], [ -0.4225615, 51.4463692 ], [ -0.4223554, 51.4463581 ], [ -0.4221824, 51.4463711 ] ] } },
{ "type": "Feature", "properties": { "id": 20034, "nach": 0.577397125147604 }, "geometry": { "type": "LineString", "coordinates": [ [ -0.422158, 51.4460796 ], [ -0.4220646, 51.4460801 ], [ -0.4216133, 51.4461551 ], [ -0.4215981, 51.446123 ] ] } },
{ "type": "Feature", "properties": { "id": 41503, "nach": 0.61160271415693412 }, "geometry": { "type": "LineString", "coordinates": [ [ -0.4222617, 51.445727799999986 ], [ -0.4221792, 51.4459031 ], [ -0.422158, 51.4460796 ] ] } },
{ "type": "Feature", "properties": { "id": 1293, "nach": 0.54356229039613024 }, "geometry": { "type": "LineString", "coordinates": [ [ -0.4212313, 51.446579100000015 ], [ -0.421248, 51.4466013 ], [ -0.4212511, 51.4466283 ], [ -0.4212396, 51.446651700000011 ], [ -0.4212064, 51.4466763 ] ] } },
{ "type": "Feature", "properties": { "id": 1297, "nach": 0.62043178719623215 }, "geometry": { "type": "LineString", "coordinates": [ [ -0.421062, 51.4465676 ], [ -0.4210952, 51.446554399999989 ], [ -0.421151, 51.44654950000001 ], [ -0.4211888, 51.4465564 ], [ -0.4212313, 51.446579100000015 ] ] } },
{ "type": "Feature", "properties": { "id": 25509, "nach": 0.54820585601953087 }, "geometry": { "type": "LineString", "coordinates": [ [ -0.4226936, 51.4463771 ], [ -0.4227364, 51.4463049 ], [ -0.4227715, 51.4462138 ], [ -0.4228754, 51.4458244 ] ] } },
{ "type": "Feature", "properties": { "id": 34687, "nach": 0.5964446939590331 }, "geometry": { "type": "LineString", "coordinates": [ [ -0.4224815, 51.446963700000012 ], [ -0.4225397, 51.446826300000012 ], [ -0.4225794, 51.4466903 ], [ -0.4226258, 51.446552799999985 ], [ -0.4226674, 51.4464638 ], [ -0.4226752, 51.4464251 ], [ -0.4226936, 51.4463771 ] ] } },
{ "type": "Feature", "properties": { "id": 1295, "nach": 0.52648378685007957 }, "geometry": { "type": "LineString", "coordinates": [ [ -0.4212064, 51.4466763 ], [ -0.4211713, 51.4466874 ], [ -0.4211322, 51.446690200000013 ], [ -0.4210989, 51.4466859 ], [ -0.421065, 51.4466734 ], [ -0.4210347, 51.446648 ] ] } },
{ "type": "Feature", "properties": { "id": 20042, "nach": 0.57408068646938315 }, "geometry": { "type": "LineString", "coordinates": [ [ -0.4213268, 51.4469547 ], [ -0.4213224, 51.4468811 ], [ -0.4213063, 51.446807500000013 ], [ -0.4212657, 51.4467397 ], [ -0.4212064, 51.4466763 ] ] } },
{ "type": "Feature", "properties": { "id": 20039, "nach": 0.63108504854864311 }, "geometry": { "type": "LineString", "coordinates": [ [ -0.4210347, 51.446648 ], [ -0.4210255, 51.446624200000016 ], [ -0.4210287, 51.4466023 ], [ -0.4210449, 51.44658 ], [ -0.421062, 51.4465676 ] ] } },
{ "type": "Feature", "properties": { "id": 67560, "nach": 0.62714823987131874 }, "geometry": { "type": "LineString", "coordinates": [ [ -0.4203956, 51.4469156 ], [ -0.4207146, 51.4467613 ], [ -0.4209105, 51.4466818 ], [ -0.4210347, 51.446648 ] ] } },
{ "type": "Feature", "properties": { "id": 20045, "nach": 0.59662726056768844 }, "geometry": { "type": "LineString", "coordinates": [ [ -0.4213687, 51.4474679 ], [ -0.4213079, 51.4473584 ], [ -0.4212898, 51.4472659 ], [ -0.4212951, 51.4471719 ], [ -0.4213219, 51.4470145 ], [ -0.4213268, 51.4469547 ] ] } },
{ "type": "Feature", "properties": { "id": 34689, "nach": 0.53909683587460933 }, "geometry": { "type": "LineString", "coordinates": [ [ -0.4224815, 51.446963700000012 ], [ -0.4222949, 51.446951500000011 ], [ -0.4221968, 51.4469144 ], [ -0.4219911, 51.4469023 ], [ -0.42176, 51.4468996 ], [ -0.4215589, 51.4469421 ], [ -0.4213268, 51.4469547 ] ] } },
{ "type": "Feature", "properties": { "id": 1401, "nach": 0.50412861558619371 }, "geometry": { "type": "LineString", "coordinates": [ [ -0.4208982, 51.4462095 ], [ -0.4208872, 51.4463793 ], [ -0.4209296, 51.4464557 ], [ -0.421062, 51.4465676 ] ] } },
{ "type": "Feature", "properties": { "id": 1400, "nach": 0.56109824559490284 }, "geometry": { "type": "LineString", "coordinates": [ [ -0.4208982, 51.4462095 ], [ -0.42076, 51.4462027 ], [ -0.4206371, 51.4462187 ], [ -0.4203691, 51.4463061 ], [ -0.4202279, 51.446328 ], [ -0.4201087, 51.4463332 ], [ -0.4199501, 51.4463591 ], [ -0.41986, 51.4463833 ] ] } },
{ "type": "Feature", "properties": { "id": 1405, "nach": 0.5808476118069793 }, "geometry": { "type": "LineString", "coordinates": [ [ -0.4214317, 51.44615 ], [ -0.4211728, 51.4461977 ], [ -0.4208982, 51.4462095 ] ] } },
{ "type": "Feature", "properties": { "id": 67559, "nach": 0.62942371676417552 }, "geometry": { "type": "LineString", "coordinates": [ [ -0.4203956, 51.4469156 ], [ -0.4203253, 51.4469496 ], [ -0.4197085, 51.4471975 ] ] } },
{ "type": "Feature", "properties": { "id": 1300, "nach": 0.51460698016504325 }, "geometry": { "type": "LineString", "coordinates": [ [ -0.4197085, 51.4471975 ], [ -0.4197292, 51.4472185 ], [ -0.4197371, 51.4472427 ], [ -0.4197345, 51.4472597 ], [ -0.4197195, 51.4472825 ], [ -0.4197024, 51.4472986 ] ] } },
{ "type": "Feature", "properties": { "id": 1652, "nach": 0.62360833549319372 }, "geometry": { "type": "LineString", "coordinates": [ [ -0.4196286, 51.4471736 ], [ -0.4196672, 51.447179 ], [ -0.4197085, 51.4471975 ] ] } },
{ "type": "Feature", "properties": { "id": 67561, "nach": 0.45933915885399451 }, "geometry": { "type": "LineString", "coordinates": [ [ -0.4202432, 51.4466805 ], [ -0.4203956, 51.4469156 ] ] } },
{ "type": "Feature", "properties": { "id": 20052, "nach": 0.58897154526732209 }, "geometry": { "type": "LineString", "coordinates": [ [ -0.4200517, 51.447737600000018 ], [ -0.4198654, 51.4475156 ], [ -0.4197024, 51.4472986 ] ] } },
{ "type": "Feature", "properties": { "id": 20050, "nach": 0.57118078272646911 }, "geometry": { "type": "LineString", "coordinates": [ [ -0.4197024, 51.4472986 ], [ -0.4196587, 51.4473121 ], [ -0.4196014, 51.4473143 ], [ -0.4195644, 51.4473055 ], [ -0.4195367, 51.4472909 ] ] } },
{ "type": "Feature", "properties": { "id": 25507, "nach": 0.64271520286870754 }, "geometry": { "type": "LineString", "coordinates": [ [ -0.4188386, 51.4477183 ], [ -0.4191368, 51.447539800000015 ], [ -0.4195367, 51.4472909 ] ] } },
{ "type": "Feature", "properties": { "id": 1302, "nach": 0.64784714735742899 }, "geometry": { "type": "LineString", "coordinates": [ [ -0.4195367, 51.4472909 ], [ -0.4195164, 51.4472697 ], [ -0.4195091, 51.4472425 ], [ -0.4195171, 51.4472184 ], [ -0.4195363, 51.4471984 ] ] } },
{ "type": "Feature", "properties": { "id": 25506, "nach": 0.64598246260922132 }, "geometry": { "type": "LineString", "coordinates": [ [ -0.4188386, 51.4477183 ], [ -0.4187847, 51.4477492 ] ] } },
{ "type": "Feature", "properties": { "id": 25508, "nach": 0.56631038083541807 }, "geometry": { "type": "LineString", "coordinates": [ [ -0.4188386, 51.4477183 ], [ -0.4189113, 51.4477675 ], [ -0.4190014, 51.4478511 ], [ -0.4193045, 51.4480961 ], [ -0.4196176, 51.4483546 ], [ -0.4197514, 51.4484461 ], [ -0.419966, 51.4486088 ] ] } },
{ "type": "Feature", "properties": { "id": 85406, "nach": 0.61453365778897462 }, "geometry": { "type": "LineString", "coordinates": [ [ -0.4192474, 51.4470035 ], [ -0.4195363, 51.4471984 ] ] } },
{ "type": "Feature", "properties": { "id": 1508, "nach": 0.63975788333774353 }, "geometry": { "type": "LineString", "coordinates": [ [ -0.4195363, 51.4471984 ], [ -0.4195668, 51.4471827 ], [ -0.4196041, 51.447174500000017 ], [ -0.4196286, 51.4471736 ] ] } },
{ "type": "Feature", "properties": { "id": 1306, "nach": 0.64326378490334857 }, "geometry": { "type": "LineString", "coordinates": [ [ -0.418152, 51.448567200000021 ], [ -0.418313, 51.448168200000012 ], [ -0.4185991, 51.4478978 ], [ -0.4187847, 51.4477492 ] ] } },
{ "type": "Feature", "properties": { "id": 1506, "nach": 0.56699284666222705 }, "geometry": { "type": "LineString", "coordinates": [ [ -0.4174365, 51.447311 ], [ -0.4176101, 51.4473583 ], [ -0.4176554, 51.4473668 ], [ -0.4186918, 51.4477161 ], [ -0.4187847, 51.4477492 ] ] } },
{ "type": "Feature", "properties": { "id": 1307, "nach": 0.63161899576759206 }, "geometry": { "type": "LineString", "coordinates": [ [ -0.418152, 51.448567200000021 ], [ -0.4181834, 51.4485794 ], [ -0.4182063, 51.4485976 ], [ -0.4182173, 51.448617700000014 ], [ -0.4182171, 51.448640800000014 ], [ -0.4182067, 51.4486596 ] ] } },
{ "type": "Feature", "properties": { "id": 20074, "nach": 0.53192410325491957 }, "geometry": { "type": "LineString", "coordinates": [ [ -0.4180107, 51.4486083 ], [ -0.4180281, 51.448588 ], [ -0.4180556, 51.4485725 ], [ -0.4180731, 51.448567 ], [ -0.4181094, 51.4485624 ], [ -0.418152, 51.448567200000021 ] ] } },
{ "type": "Feature", "properties": { "id": 1505, "nach": 0.57319049388725307 }, "geometry": { "type": "LineString", "coordinates": [ [ -0.4174365, 51.447311 ], [ -0.4175622, 51.44715 ], [ -0.4177239, 51.4470277 ] ] } },
{ "type": "Feature", "properties": { "id": 20106, "nach": 0.45968244248777207 }, "geometry": { "type": "LineString", "coordinates": [ [ -0.4173219, 51.4474608 ], [ -0.4174365, 51.447311 ] ] } },
{ "type": "Feature", "properties": { "id": 20076, "nach": 0.63210609186116418 }, "geometry": { "type": "LineString", "coordinates": [ [ -0.4186144, 51.4487576 ], [ -0.4182067, 51.4486596 ] ] } },
{ "type": "Feature", "properties": { "id": 20072, "nach": 0.66899600702124551 }, "geometry": { "type": "LineString", "coordinates": [ [ -0.4182067, 51.4486596 ], [ -0.4181842, 51.4486779 ], [ -0.4181412, 51.448692800000011 ], [ -0.4181044, 51.4486951 ], [ -0.4180731, 51.4486907 ] ] } },
{ "type": "Feature", "properties": { "id": 59518, "nach": 0.67768025491097972 }, "geometry": { "type": "LineString", "coordinates": [ [ -0.4179179, 51.4490726 ], [ -0.417943, 51.4490109 ], [ -0.4180731, 51.4486907 ] ] } },
{ "type": "Feature", "properties": { "id": 1309, "nach": 0.59273143273297046 }, "geometry": { "type": "LineString", "coordinates": [ [ -0.4180731, 51.4486907 ], [ -0.4180415, 51.4486787 ], [ -0.4180163, 51.448658 ], [ -0.4180061, 51.4486358 ], [ -0.4180107, 51.4486083 ] ] } },
{ "type": "Feature", "properties": { "id": 59517, "nach": 0.68177419274172757 }, "geometry": { "type": "LineString", "coordinates": [ [ -0.4179179, 51.4490726 ], [ -0.4178808, 51.4491639 ], [ -0.417814, 51.44940230000001 ] ] } },
{ "type": "Feature", "properties": { "id": 59520, "nach": 0.47506410979507546 }, "geometry": { "type": "LineString", "coordinates": [ [ -0.4181034, 51.4491048 ], [ -0.4179179, 51.4490726 ] ] } },
{ "type": "Feature", "properties": { "id": 60345, "nach": 0.47448633695021042 }, "geometry": { "type": "LineString", "coordinates": [ [ -0.4176957, 51.449025400000025 ], [ -0.4179179, 51.4490726 ] ] } },
{ "type": "Feature", "properties": { "id": 20095, "nach": 0.60703611737439689 }, "geometry": { "type": "LineString", "coordinates": [ [ -0.4175856, 51.4485331 ], [ -0.4180107, 51.4486083 ] ] } },
{ "type": "Feature", "properties": { "id": 48865, "nach": 0.0 }, "geometry": { "type": "LineString", "coordinates": [ [ -0.4203867, 51.4503515 ], [ -0.4194202, 51.4514327 ], [ -0.4183795, 51.452622500000011 ], [ -0.4173622, 51.453818100000014 ], [ -0.41742, 51.4538449 ] ] } },
{ "type": "Feature", "properties": { "id": 94837, "nach": 0.5234272073566717 }, "geometry": { "type": "LineString", "coordinates": [ [ -0.419795, 51.4525596 ], [ -0.41983, 51.4525177 ], [ -0.4202502, 51.4520068 ], [ -0.4205616, 51.4516654 ], [ -0.4209631, 51.4512252 ], [ -0.4213185, 51.450835499999982 ] ] } },
{ "type": "Feature", "properties": { "id": 88762, "nach": 0.59375061680029184 }, "geometry": { "type": "LineString", "coordinates": [ [ -0.4248455, 51.4500431 ], [ -0.42488, 51.449812 ] ] } },
{ "type": "Feature", "properties": { "id": 88764, "nach": 0.61218335340293684 }, "geometry": { "type": "LineString", "coordinates": [ [ -0.4248455, 51.4500431 ], [ -0.4249011, 51.4500464 ], [ -0.4256307, 51.450384 ] ] } },
{ "type": "Feature", "properties": { "id": 55182, "nach": 0.61040479590852981 }, "geometry": { "type": "LineString", "coordinates": [ [ -0.4154482, 51.440325 ], [ -0.4153512, 51.440388300000016 ] ] } },
{ "type": "Feature", "properties": { "id": 51315, "nach": 0.55715775736589734 }, "geometry": { "type": "LineString", "coordinates": [ [ -0.4154369, 51.4404369 ], [ -0.4154196, 51.4404271 ], [ -0.4153512, 51.440388300000016 ] ] } },
{ "type": "Feature", "properties": { "id": 16784, "nach": 0.63247118049851003 }, "geometry": { "type": "LineString", "coordinates": [ [ -0.4149958, 51.4406574 ], [ -0.4152431, 51.4404702 ], [ -0.4153512, 51.440388300000016 ] ] } },
{ "type": "Feature", "properties": { "id": 55183, "nach": 0.60214970561165337 }, "geometry": { "type": "LineString", "coordinates": [ [ -0.4154482, 51.440325 ], [ -0.4155223, 51.4402768 ] ] } },
{ "type": "Feature", "properties": { "id": 55184, "nach": 0.44827084800531569 }, "geometry": { "type": "LineString", "coordinates": [ [ -0.4154482, 51.440325 ], [ -0.4153734, 51.440273500000011 ] ] } },
{ "type": "Feature", "properties": { "id": 51314, "nach": 0.58255417111197372 }, "geometry": { "type": "LineString", "coordinates": [ [ -0.4154369, 51.4404369 ], [ -0.4158566, 51.4406355 ] ] } },
{ "type": "Feature", "properties": { "id": 55111, "nach": 0.65093169228299352 }, "geometry": { "type": "LineString", "coordinates": [ [ -0.4147982, 51.4409226 ], [ -0.4154112, 51.440453 ], [ -0.4154369, 51.4404369 ] ] } },
{ "type": "Feature", "properties": { "id": 54556, "nach": 0.67055052712186058 }, "geometry": { "type": "LineString", "coordinates": [ [ -0.4155975, 51.4403269 ], [ -0.4154849, 51.4404068 ], [ -0.4154369, 51.4404369 ] ] } },
{ "type": "Feature", "properties": { "id": 51246, "nach": 0.56205768659897215 }, "geometry": { "type": "LineString", "coordinates": [ [ -0.4149109, 51.440612400000013 ], [ -0.4149958, 51.4406574 ] ] } },
{ "type": "Feature", "properties": { "id": 55118, "nach": 0.60810609924227421 }, "geometry": { "type": "LineString", "coordinates": [ [ -0.4147069, 51.4408786 ], [ -0.4147443, 51.4408485 ], [ -0.4148385, 51.4407729 ], [ -0.4149958, 51.4406574 ] ] } },
{ "type": "Feature", "properties": { "id": 1377, "nach": 0.50783649741111536 }, "geometry": { "type": "LineString", "coordinates": [ [ -0.4154751, 51.4433703 ], [ -0.4162207, 51.442444700000017 ], [ -0.4168189, 51.441733300000017 ] ] } },
{ "type": "Feature", "properties": { "id": 31212, "nach": 0.45606359090861909 }, "geometry": { "type": "LineString", "coordinates": [ [ -0.4170472, 51.4413901 ], [ -0.4169797, 51.4415285 ], [ -0.4168189, 51.441733300000017 ] ] } },
{ "type": "Feature", "properties": { "id": 31231, "nach": 0.47702772527585491 }, "geometry": { "type": "LineString", "coordinates": [ [ -0.4173856, 51.4418628 ], [ -0.4172945, 51.441875900000014 ], [ -0.4172684, 51.4418754 ], [ -0.4168189, 51.441733300000017 ] ] } },
{ "type": "Feature", "properties": { "id": 80039, "nach": 0.55548704776203361 }, "geometry": { "type": "LineString", "coordinates": [ [ -0.4158739, 51.4435719 ], [ -0.4154751, 51.4433703 ] ] } },
{ "type": "Feature", "properties": { "id": 17192, "nach": 0.50431965628523212 }, "geometry": { "type": "LineString", "coordinates": [ [ -0.4151557, 51.443752500000016 ], [ -0.4154751, 51.4433703 ] ] } },
{ "type": "Feature", "properties": { "id": 31256, "nach": 0.59870682703894795 }, "geometry": { "type": "LineString", "coordinates": [ [ -0.4149904, 51.443084300000024 ], [ -0.4150953, 51.443152499999989 ], [ -0.4153932, 51.443309800000016 ], [ -0.4154751, 51.4433703 ] ] } },
{ "type": "Feature", "properties": { "id": 31229, "nach": 0.53083491299773389 }, "geometry": { "type": "LineString", "coordinates": [ [ -0.4173856, 51.4418628 ], [ -0.4170472, 51.4413901 ] ] } },
{ "type": "Feature", "properties": { "id": 31216, "nach": 0.56087529229071087 }, "geometry": { "type": "LineString", "coordinates": [ [ -0.4163726, 51.4408671 ], [ -0.4167291, 51.441036600000011 ], [ -0.4168214, 51.4410941 ], [ -0.4168549, 51.4411229 ], [ -0.4168816, 51.4411476 ], [ -0.4170472, 51.4413901 ] ] } },
{ "type": "Feature", "properties": { "id": 64526, "nach": 0.54315707970712657 }, "geometry": { "type": "LineString", "coordinates": [ [ -0.4174067, 51.4418805 ], [ -0.4173856, 51.4418628 ] ] } },
{ "type": "Feature", "properties": { "id": 80040, "nach": 0.55402426465947108 }, "geometry": { "type": "LineString", "coordinates": [ [ -0.4158739, 51.4435719 ], [ -0.4163475, 51.4438113 ] ] } },
{ "type": "Feature", "properties": { "id": 80041, "nach": 0.41338845622805076 }, "geometry": { "type": "LineString", "coordinates": [ [ -0.4158739, 51.4435719 ], [ -0.4161346, 51.44337380000001 ], [ -0.4164142, 51.4429977 ], [ -0.4166597, 51.442711800000012 ], [ -0.417211, 51.4420537 ], [ -0.417299, 51.4419501 ], [ -0.4174067, 51.4418805 ] ] } },
{ "type": "Feature", "properties": { "id": 17193, "nach": 0.40408905336225842 }, "geometry": { "type": "LineString", "coordinates": [ [ -0.4151557, 51.443752500000016 ], [ -0.4152139, 51.4438065 ], [ -0.4181722, 51.4453126 ], [ -0.4182369, 51.4453523 ] ] } },
{ "type": "Feature", "properties": { "id": 41648, "nach": 0.45262945912297375 }, "geometry": { "type": "LineString", "coordinates": [ [ -0.4178019, 51.44564960000001 ], [ -0.4177365, 51.4456381 ], [ -0.4148708, 51.4441889 ], [ -0.4148708, 51.444100400000011 ], [ -0.4151557, 51.443752500000016 ] ] } },
{ "type": "Feature", "properties": { "id": 31257, "nach": 0.43187546795133053 }, "geometry": { "type": "LineString", "coordinates": [ [ -0.4149904, 51.443084300000024 ], [ -0.4149036, 51.4432113 ], [ -0.4139753, 51.4443378 ] ] } },
{ "type": "Feature", "properties": { "id": 93839, "nach": 0.60837497003935292 }, "geometry": { "type": "LineString", "coordinates": [ [ -0.4147158, 51.4429426 ], [ -0.4149904, 51.443084300000024 ] ] } },
{ "type": "Feature", "properties": { "id": 85389, "nach": 0.4989808938743282 }, "geometry": { "type": "LineString", "coordinates": [ [ -0.4183475, 51.4452686 ], [ -0.4182369, 51.4453523 ] ] } },
{ "type": "Feature", "properties": { "id": 41649, "nach": 0.49412109423740824 }, "geometry": { "type": "LineString", "coordinates": [ [ -0.4178019, 51.44564960000001 ], [ -0.4178689, 51.44563380000001 ], [ -0.4182369, 51.4453523 ] ] } },
{ "type": "Feature", "properties": { "id": 85390, "nach": 0.49091855359053704 }, "geometry": { "type": "LineString", "coordinates": [ [ -0.4183475, 51.4452686 ], [ -0.4186704, 51.4450058 ] ] } },
{ "type": "Feature", "properties": { "id": 85394, "nach": 0.46903142591943781 }, "geometry": { "type": "LineString", "coordinates": [ [ -0.4193102, 51.4457768 ], [ -0.419285, 51.4457436 ], [ -0.4184759, 51.4453339 ], [ -0.4183475, 51.4452686 ] ] } },
{ "type": "Feature", "properties": { "id": 41650, "nach": 0.53491509858618502 }, "geometry": { "type": "LineString", "coordinates": [ [ -0.418032, 51.4460585 ], [ -0.4178019, 51.44564960000001 ] ] } },
{ "type": "Feature", "properties": { "id": 17191, "nach": 0.0 }, "geometry": { "type": "LineString", "coordinates": [ [ -0.4176992, 51.4445161 ], [ -0.4180153, 51.4442835 ], [ -0.418144, 51.4441866 ], [ -0.4190978, 51.4441444 ], [ -0.4198287, 51.444301200000012 ], [ -0.420453, 51.4445203 ], [ -0.4205497, 51.44455 ], [ -0.4209023, 51.4445959 ], [ -0.4209395, 51.4446134 ], [ -0.4215072, 51.444871800000016 ] ] } },
{ "type": "Feature", "properties": { "id": 1387, "nach": 0.53073885196645543 }, "geometry": { "type": "LineString", "coordinates": [ [ -0.4205717, 51.4450976 ], [ -0.4213763, 51.4449293 ], [ -0.4215072, 51.444871800000016 ] ] } },
{ "type": "Feature", "properties": { "id": 17183, "nach": 0.51348725688504393 }, "geometry": { "type": "LineString", "coordinates": [ [ -0.4218307, 51.4440867 ], [ -0.4215565, 51.44482 ], [ -0.4215072, 51.444871800000016 ] ] } },
{ "type": "Feature", "properties": { "id": 20111, "nach": 0.54769964264295357 }, "geometry": { "type": "LineString", "coordinates": [ [ -0.4172617, 51.4442769 ], [ -0.4176992, 51.4445161 ] ] } },
{ "type": "Feature", "properties": { "id": 31220, "nach": 0.54898816338266143 }, "geometry": { "type": "LineString", "coordinates": [ [ -0.4186704, 51.4450058 ], [ -0.4176992, 51.4445161 ] ] } },
{ "type": "Feature", "properties": { "id": 1495, "nach": 0.57248484850040071 }, "geometry": { "type": "LineString", "coordinates": [ [ -0.4207801, 51.4454529 ], [ -0.4205717, 51.4450976 ] ] } },
{ "type": "Feature", "properties": { "id": 31222, "nach": 0.52550638752141055 }, "geometry": { "type": "LineString", "coordinates": [ [ -0.4186704, 51.4450058 ], [ -0.4188923, 51.4450956 ], [ -0.4196339, 51.4452583 ], [ -0.4197868, 51.4452583 ], [ -0.4205717, 51.4450976 ] ] } },
{ "type": "Feature", "properties": { "id": 17182, "nach": 0.49084023397889087 }, "geometry": { "type": "LineString", "coordinates": [ [ -0.4218307, 51.4440867 ], [ -0.4230286, 51.4442336 ] ] } },
{ "type": "Feature", "properties": { "id": 17293, "nach": 0.43115338183645968 }, "geometry": { "type": "LineString", "coordinates": [ [ -0.4198883, 51.442544 ], [ -0.4212201, 51.4430209 ], [ -0.4219266, 51.4434058 ], [ -0.4220082, 51.44347470000001 ], [ -0.4220251, 51.4435089 ], [ -0.422027, 51.4435419 ], [ -0.4218307, 51.4440867 ] ] } },
{ "type": "Feature", "properties": { "id": 1497, "nach": 0.6191373112537758 }, "geometry": { "type": "LineString", "coordinates": [ [ -0.4207801, 51.4454529 ], [ -0.4215043, 51.4452981 ], [ -0.4215307, 51.4453374 ], [ -0.4216118, 51.4454777 ], [ -0.4216862, 51.445637 ] ] } },
{ "type": "Feature", "properties": { "id": 85393, "nach": 0.57965572559803058 }, "geometry": { "type": "LineString", "coordinates": [ [ -0.4193102, 51.4457768 ], [ -0.4207801, 51.4454529 ] ] } },
{ "type": "Feature", "properties": { "id": 85408, "nach": 0.60868266656893988 }, "geometry": { "type": "LineString", "coordinates": [ [ -0.4192474, 51.4470035 ], [ -0.4191636, 51.4469469 ], [ -0.4190632, 51.4469017 ], [ -0.4189144, 51.4468647 ] ] } },
{ "type": "Feature", "properties": { "id": 20069, "nach": 0.55131314264003206 }, "geometry": { "type": "LineString", "coordinates": [ [ -0.4189706, 51.446583200000013 ], [ -0.4189647, 51.44670330000001 ], [ -0.4189144, 51.4468647 ] ] } },
{ "type": "Feature", "properties": { "id": 1393, "nach": 0.61097727366424148 }, "geometry": { "type": "LineString", "coordinates": [ [ -0.418208, 51.4469085 ], [ -0.418422, 51.446886200000016 ], [ -0.4187656, 51.446858 ], [ -0.4189144, 51.4468647 ] ] } },
{ "type": "Feature", "properties": { "id": 85407, "nach": 0.46152417733821871 }, "geometry": { "type": "LineString", "coordinates": [ [ -0.4192474, 51.4470035 ], [ -0.4190488, 51.4471337 ] ] } },
{ "type": "Feature", "properties": { "id": 50702, "nach": 0.53974108618886008 }, "geometry": { "type": "LineString", "coordinates": [ [ -0.4191258, 51.446527100000012 ], [ -0.4189706, 51.446583200000013 ] ] } },
{ "type": "Feature", "properties": { "id": 67537, "nach": 0.45474779175745 }, "geometry": { "type": "LineString", "coordinates": [ [ -0.4185829, 51.4463792 ], [ -0.4186396, 51.4464691 ], [ -0.4187325, 51.4465003 ], [ -0.4189706, 51.446583200000013 ] ] } },
{ "type": "Feature", "properties": { "id": 67539, "nach": 0.52732640134553066 }, "geometry": { "type": "LineString", "coordinates": [ [ -0.4184284, 51.447218 ], [ -0.4183038, 51.447115500000017 ], [ -0.418208, 51.4469085 ] ] } },
{ "type": "Feature", "properties": { "id": 1396, "nach": 0.61771307569682654 }, "geometry": { "type": "LineString", "coordinates": [ [ -0.4177239, 51.4470277 ], [ -0.4179586, 51.4469594 ], [ -0.418208, 51.4469085 ] ] } },
{ "type": "Feature", "properties": { "id": 67542, "nach": 0.45305554755171346 }, "geometry": { "type": "LineString", "coordinates": [ [ -0.4186474, 51.4473695 ], [ -0.4185003, 51.447265200000011 ], [ -0.4184284, 51.447218 ] ] } },
{ "type": "Feature", "properties": { "id": 67541, "nach": 0.45305554755171346 }, "geometry": { "type": "LineString", "coordinates": [ [ -0.4181692, 51.4473578 ], [ -0.4183163, 51.4472787 ], [ -0.4184284, 51.447218 ] ] } },
{ "type": "Feature", "properties": { "id": 67545, "nach": 0.6284347050419643 }, "geometry": { "type": "LineString", "coordinates": [ [ -0.4174641, 51.4467124 ], [ -0.4175098, 51.446816 ], [ -0.4175884, 51.44689970000001 ], [ -0.4177239, 51.4470277 ] ] } },
{ "type": "Feature", "properties": { "id": 67544, "nach": 0.62942957911512731 }, "geometry": { "type": "LineString", "coordinates": [ [ -0.4174641, 51.4467124 ], [ -0.4174251, 51.446637 ], [ -0.4174054, 51.4466274 ], [ -0.4173665, 51.4465464 ] ] } },
{ "type": "Feature", "properties": { "id": 67546, "nach": 0.46078949412862008 }, "geometry": { "type": "LineString", "coordinates": [ [ -0.417601, 51.446677300000012 ], [ -0.4174641, 51.4467124 ] ] } },
{ "type": "Feature", "properties": { "id": 50710, "nach": 0.57082009211376594 }, "geometry": { "type": "LineString", "coordinates": [ [ -0.4198135, 51.4463073 ], [ -0.4198202, 51.446318 ], [ -0.41986, 51.4463833 ] ] } },
{ "type": "Feature", "properties": { "id": 1651, "nach": 0.545179311765006 }, "geometry": { "type": "LineString", "coordinates": [ [ -0.4196286, 51.4471736 ], [ -0.4196512, 51.447039600000011 ], [ -0.4197649, 51.4468461 ], [ -0.4198446, 51.446642900000015 ], [ -0.4198568, 51.446540500000012 ], [ -0.4198466, 51.4464884 ], [ -0.4199073, 51.4464721 ], [ -0.4198989, 51.446457499999987 ], [ -0.41986, 51.4463833 ] ] } },
{ "type": "Feature", "properties": { "id": 50709, "nach": 0.53217389057325604 }, "geometry": { "type": "LineString", "coordinates": [ [ -0.4198135, 51.4463073 ], [ -0.4199009, 51.44629110000001 ], [ -0.4199325, 51.4462565 ], [ -0.4199422, 51.4461478 ], [ -0.419826, 51.445943200000023 ] ] } },
{ "type": "Feature", "properties": { "id": 50707, "nach": 0.45932249209218795 }, "geometry": { "type": "LineString", "coordinates": [ [ -0.4198135, 51.4463073 ], [ -0.4197301, 51.4461615 ] ] } },
{ "type": "Feature", "properties": { "id": 50708, "nach": 0.52796011222913297 }, "geometry": { "type": "LineString", "coordinates": [ [ -0.4198135, 51.4463073 ], [ -0.4197362, 51.4463279 ], [ -0.4197505, 51.4463552 ], [ -0.4195061, 51.4464113 ], [ -0.4194731, 51.4464104 ], [ -0.4192484, 51.446467 ], [ -0.4192019, 51.4464882 ], [ -0.4191258, 51.446527100000012 ] ] } },
{ "type": "Feature", "properties": { "id": 1406, "nach": 0.58289870570631586 }, "geometry": { "type": "LineString", "coordinates": [ [ -0.4215981, 51.446123 ], [ -0.4214317, 51.44615 ] ] } },
{ "type": "Feature", "properties": { "id": 50699, "nach": 0.5591112366418356 }, "geometry": { "type": "LineString", "coordinates": [ [ -0.4213992, 51.4460816 ], [ -0.4214317, 51.44615 ] ] } },
{ "type": "Feature", "properties": { "id": 67562, "nach": 0.4632455484766389 }, "geometry": { "type": "LineString", "coordinates": [ [ -0.4217411, 51.4460898 ], [ -0.4215981, 51.446123 ] ] } },
{ "type": "Feature", "properties": { "id": 50700, "nach": 0.54464226568491669 }, "geometry": { "type": "LineString", "coordinates": [ [ -0.4213992, 51.4460816 ], [ -0.4214159, 51.4460303 ] ] } },
{ "type": "Feature", "properties": { "id": 50706, "nach": 0.45861408688583877 }, "geometry": { "type": "LineString", "coordinates": [ [ -0.4211059, 51.445792 ], [ -0.4211548, 51.4457799 ], [ -0.4213495, 51.4460589 ], [ -0.4213992, 51.4460816 ] ] } },
{ "type": "Feature", "properties": { "id": 19908, "nach": 0.0 }, "geometry": { "type": "LineString", "coordinates": [ [ -0.4270012, 51.449363 ], [ -0.426778, 51.449555 ], [ -0.4264625, 51.4497944 ], [ -0.4254191, 51.4506001 ], [ -0.4249706, 51.45095340000001 ], [ -0.4249179, 51.4510497 ], [ -0.4249203, 51.451125 ], [ -0.424957, 51.4511952 ], [ -0.425025, 51.45125 ], [ -0.425553, 51.4515237 ] ] } },
{ "type": "Feature", "properties": { "id": 19907, "nach": 0.59189890252753485 }, "geometry": { "type": "LineString", "coordinates": [ [ -0.4270012, 51.449363 ], [ -0.4271015, 51.4492154 ] ] } },
{ "type": "Feature", "properties": { "id": 88759, "nach": 0.58991912469020857 }, "geometry": { "type": "LineString", "coordinates": [ [ -0.4270599, 51.44938350000001 ], [ -0.4270012, 51.449363 ] ] } },
{ "type": "Feature", "properties": { "id": 41532, "nach": 0.66314116016517544 }, "geometry": { "type": "LineString", "coordinates": [ [ -0.4200114, 51.4490162 ], [ -0.4200185, 51.4488485 ] ] } },
{ "type": "Feature", "properties": { "id": 1484, "nach": 0.56037610549433525 }, "geometry": { "type": "LineString", "coordinates": [ [ -0.4215479, 51.4477627 ], [ -0.4210579, 51.4478763 ], [ -0.4209983, 51.4479012 ], [ -0.4210111, 51.4479781 ], [ -0.4210687, 51.44812970000001 ], [ -0.4211859, 51.4482537 ], [ -0.4212276, 51.448341700000014 ], [ -0.4212123, 51.4484795 ], [ -0.4211883, 51.448538300000017 ], [ -0.4211366, 51.4485895 ], [ -0.4210587, 51.4486387 ], [ -0.4210044, 51.4486566 ], [ -0.42095, 51.4486707 ], [ -0.420823, 51.4487046 ], [ -0.4200185, 51.4488485 ] ] } },
{ "type": "Feature", "properties": { "id": 1502, "nach": 0.64456803567732524 }, "geometry": { "type": "LineString", "coordinates": [ [ -0.419966, 51.4486088 ], [ -0.4200018, 51.4486567 ], [ -0.4200185, 51.4488485 ] ] } },
{ "type": "Feature", "properties": { "id": 41531, "nach": 0.62710689361282257 }, "geometry": { "type": "LineString", "coordinates": [ [ -0.4200114, 51.4490162 ], [ -0.4194895, 51.4490011 ] ] } },
{ "type": "Feature", "properties": { "id": 50668, "nach": 0.66554126194030749 }, "geometry": { "type": "LineString", "coordinates": [ [ -0.4200793, 51.45010640000001 ], [ -0.4200799, 51.450061100000013 ], [ -0.4201088, 51.449575600000017 ], [ -0.4200369, 51.4491727 ], [ -0.4200114, 51.4490162 ] ] } },
{ "type": "Feature", "properties": { "id": 34688, "nach": 0.5590653243307665 }, "geometry": { "type": "LineString", "coordinates": [ [ -0.4224815, 51.446963700000012 ], [ -0.4224031, 51.4470865 ], [ -0.4223502, 51.4472027 ], [ -0.4223232, 51.4473687 ], [ -0.4222809, 51.4475027 ], [ -0.4222534, 51.4475552 ], [ -0.4222056, 51.4476033 ], [ -0.4221361, 51.4476412 ], [ -0.422048, 51.4476669 ], [ -0.4219626, 51.4476951 ], [ -0.42187, 51.4477134 ], [ -0.4215479, 51.4477627 ] ] } },
{ "type": "Feature", "properties": { "id": 20047, "nach": 0.38436277533559765 }, "geometry": { "type": "LineString", "coordinates": [ [ -0.4213687, 51.4474679 ], [ -0.4213889, 51.447501100000011 ], [ -0.4215479, 51.4477627 ] ] } },
{ "type": "Feature", "properties": { "id": 67549, "nach": 0.62093481908009418 }, "geometry": { "type": "LineString", "coordinates": [ [ -0.420278, 51.4484751 ], [ -0.4201787, 51.448494599999989 ], [ -0.4200234, 51.448583400000011 ], [ -0.419966, 51.4486088 ] ] } },
{ "type": "Feature", "properties": { "id": 55751, "nach": 0.52425401558227547 }, "geometry": { "type": "LineString", "coordinates": [ [ -0.4217726, 51.447390599999984 ], [ -0.4213687, 51.4474679 ] ] } },
{ "type": "Feature", "properties": { "id": 20058, "nach": 0.60211902257342609 }, "geometry": { "type": "LineString", "coordinates": [ [ -0.4205291, 51.44759220000001 ], [ -0.4207076, 51.4475967 ], [ -0.4207591, 51.4475678 ], [ -0.4210937, 51.4475003 ], [ -0.4211609, 51.4475118 ], [ -0.4213687, 51.4474679 ] ] } },
{ "type": "Feature", "properties": { "id": 41520, "nach": 0.59914688263853466 }, "geometry": { "type": "LineString", "coordinates": [ [ -0.4232348, 51.4459067 ], [ -0.4228754, 51.4458244 ] ] } },
{ "type": "Feature", "properties": { "id": 42529, "nach": 0.61256017842289845 }, "geometry": { "type": "LineString", "coordinates": [ [ -0.4225082, 51.4457612 ], [ -0.4228754, 51.4458244 ] ] } },
{ "type": "Feature", "properties": { "id": 41521, "nach": 0.53207909870692083 }, "geometry": { "type": "LineString", "coordinates": [ [ -0.4232348, 51.4459067 ], [ -0.4231619, 51.4461314 ] ] } },
{ "type": "Feature", "properties": { "id": 42536, "nach": 0.56664079757509433 }, "geometry": { "type": "LineString", "coordinates": [ [ -0.4234828, 51.4459608 ], [ -0.4232348, 51.4459067 ] ] } },
{ "type": "Feature", "properties": { "id": 42530, "nach": 0.61707137196645145 }, "geometry": { "type": "LineString", "coordinates": [ [ -0.4225082, 51.4457612 ], [ -0.4222617, 51.445727799999986 ] ] } },
{ "type": "Feature", "properties": { "id": 42531, "nach": 0.48542141697802405 }, "geometry": { "type": "LineString", "coordinates": [ [ -0.4225082, 51.4457612 ], [ -0.4225579, 51.4457202 ], [ -0.4227295, 51.4456993 ], [ -0.4228569, 51.4456283 ], [ -0.4229441, 51.4456057 ], [ -0.4232405, 51.4455589 ], [ -0.4233143, 51.4455589 ], [ -0.4233692, 51.445574 ], [ -0.4234564, 51.4456391 ], [ -0.4235288, 51.4456651 ], [ -0.4236066, 51.4456667 ], [ -0.4237059, 51.445634100000014 ], [ -0.4237555, 51.445570600000011 ], [ -0.4237836, 51.4455054 ], [ -0.4238172, 51.4454837 ], [ -0.4238896, 51.4454803 ] ] } },
{ "type": "Feature", "properties": { "id": 41501, "nach": 0.62161180266941418 }, "geometry": { "type": "LineString", "coordinates": [ [ -0.4222617, 51.445727799999986 ], [ -0.4216862, 51.445637 ] ] } },
{ "type": "Feature", "properties": { "id": 1493, "nach": 0.59890553829203752 }, "geometry": { "type": "LineString", "coordinates": [ [ -0.4212351, 51.445667499999985 ], [ -0.4216535, 51.4456358 ], [ -0.4216862, 51.445637 ] ] } },
{ "type": "Feature", "properties": { "id": 47429, "nach": 0.6073295367674677 }, "geometry": { "type": "LineString", "coordinates": [ [ -0.4225021, 51.4454833 ], [ -0.4223519, 51.4456094 ], [ -0.4222708, 51.4457153 ], [ -0.4222617, 51.445727799999986 ] ] } },
{ "type": "Feature", "properties": { "id": 1498, "nach": 0.59347011035705677 }, "geometry": { "type": "LineString", "coordinates": [ [ -0.419826, 51.445943200000023 ], [ -0.4206676, 51.4457753 ], [ -0.4212351, 51.445667499999985 ] ] } },
{ "type": "Feature", "properties": { "id": 41491, "nach": 0.52756867821994047 }, "geometry": { "type": "LineString", "coordinates": [ [ -0.4214159, 51.4460303 ], [ -0.4213772, 51.4460401 ], [ -0.4213618, 51.4459273 ], [ -0.4212554, 51.4457541 ], [ -0.4212351, 51.445667499999985 ] ] } },
{ "type": "Feature", "properties": { "id": 41510, "nach": 0.58260578892550341 }, "geometry": { "type": "LineString", "coordinates": [ [ -0.4173665, 51.4465464 ], [ -0.4176745, 51.4464527 ], [ -0.4180026, 51.446332800000022 ], [ -0.4188759, 51.4461675 ], [ -0.4192334, 51.446068700000012 ], [ -0.419826, 51.445943200000023 ] ] } },
{ "type": "Feature", "properties": { "id": 50705, "nach": 0.46150097344835139 }, "geometry": { "type": "LineString", "coordinates": [ [ -0.421378, 51.4458165 ], [ -0.4214169, 51.445891 ], [ -0.4214159, 51.4460303 ] ] } },
{ "type": "Feature", "properties": { "id": 85392, "nach": 0.56738010823972951 }, "geometry": { "type": "LineString", "coordinates": [ [ -0.4193102, 51.4457768 ], [ -0.418032, 51.4460585 ] ] } },
{ "type": "Feature", "properties": { "id": 41511, "nach": 0.65261844585810114 }, "geometry": { "type": "LineString", "coordinates": [ [ -0.4173665, 51.4465464 ], [ -0.4172802, 51.4465559 ], [ -0.4170098, 51.4465103 ], [ -0.4168139, 51.4465382 ], [ -0.4163339, 51.446643300000012 ], [ -0.4162769, 51.4466898 ], [ -0.4162237, 51.4467703 ] ] } },
{ "type": "Feature", "properties": { "id": 67548, "nach": 0.61500820280085655 }, "geometry": { "type": "LineString", "coordinates": [ [ -0.420278, 51.4484751 ], [ -0.4202265, 51.4483841 ], [ -0.4203768, 51.4483382 ], [ -0.4204975, 51.4483071 ] ] } },
{ "type": "Feature", "properties": { "id": 67547, "nach": 0.46681165215378201 }, "geometry": { "type": "LineString", "coordinates": [ [ -0.420278, 51.4484751 ], [ -0.4203048, 51.4485231 ] ] } },
{ "type": "Feature", "properties": { "id": 17295, "nach": 0.44616242754630603 }, "geometry": { "type": "LineString", "coordinates": [ [ -0.4226327, 51.4421751 ], [ -0.4236915, 51.4423168 ] ] } },
{ "type": "Feature", "properties": { "id": 17187, "nach": 0.48357551484879902 }, "geometry": { "type": "LineString", "coordinates": [ [ -0.4232696, 51.4435242 ], [ -0.4236118, 51.44257320000002 ], [ -0.4236229, 51.4425424 ], [ -0.4236915, 51.4423168 ] ] } },
{ "type": "Feature", "properties": { "id": 17397, "nach": 0.5091390910496103 }, "geometry": { "type": "LineString", "coordinates": [ [ -0.4239016, 51.4416985 ], [ -0.4238072, 51.4420081 ], [ -0.4237979, 51.4420358 ], [ -0.4236915, 51.4423168 ] ] } },
{ "type": "Feature", "properties": { "id": 17297, "nach": 0.4288011527917478 }, "geometry": { "type": "LineString", "coordinates": [ [ -0.4226327, 51.4421751 ], [ -0.4223476, 51.4421346 ], [ -0.4210342, 51.4419479 ] ] } },
{ "type": "Feature", "properties": { "id": 17298, "nach": 0.40373606528123918 }, "geometry": { "type": "LineString", "coordinates": [ [ -0.4223315, 51.4430245 ], [ -0.4226327, 51.4421751 ] ] } },
{ "type": "Feature", "properties": { "id": 17186, "nach": 0.47656094604500532 }, "geometry": { "type": "LineString", "coordinates": [ [ -0.4232696, 51.4435242 ], [ -0.4231619, 51.443856599999989 ], [ -0.42315, 51.4438899 ], [ -0.4230286, 51.4442336 ] ] } },
{ "type": "Feature", "properties": { "id": 17188, "nach": 0.37236265531004986 }, "geometry": { "type": "LineString", "coordinates": [ [ -0.4215835, 51.4426776 ], [ -0.4219981, 51.4429344 ], [ -0.4221964, 51.4430516 ], [ -0.422683, 51.4432913 ], [ -0.4231435, 51.4435061 ], [ -0.4232696, 51.4435242 ] ] } },
{ "type": "Feature", "properties": { "id": 17398, "nach": 0.52263206707905119 }, "geometry": { "type": "LineString", "coordinates": [ [ -0.4239016, 51.4416985 ], [ -0.4240167, 51.4413552 ], [ -0.4240284, 51.4413178 ], [ -0.4241058, 51.4410869 ] ] } },
{ "type": "Feature", "properties": { "id": 17396, "nach": 0.32246010286362914 }, "geometry": { "type": "LineString", "coordinates": [ [ -0.4239016, 51.4416985 ], [ -0.422542, 51.4415037 ], [ -0.4212657, 51.4413142 ] ] } },
{ "type": "Feature", "properties": { "id": 17329, "nach": 0.44256180089249902 }, "geometry": { "type": "LineString", "coordinates": [ [ -0.421054, 51.4399784 ], [ -0.4217084, 51.4400764 ] ] } },
{ "type": "Feature", "properties": { "id": 17323, "nach": 0.51142073175304903 }, "geometry": { "type": "LineString", "coordinates": [ [ -0.4214869, 51.440694500000014 ], [ -0.4217084, 51.4400764 ] ] } },
{ "type": "Feature", "properties": { "id": 17326, "nach": 0.34166064820283432 }, "geometry": { "type": "LineString", "coordinates": [ [ -0.4241058, 51.4410869 ], [ -0.4227691, 51.44088820000001 ], [ -0.4214869, 51.440694500000014 ] ] } },
{ "type": "Feature", "properties": { "id": 1517, "nach": 0.39938830318020679 }, "geometry": { "type": "LineString", "coordinates": [ [ -0.4230286, 51.4442336 ], [ -0.4229274, 51.4445526 ], [ -0.422743, 51.4450503 ] ] } },
{ "type": "Feature", "properties": { "id": 17392, "nach": 0.42470831034245976 }, "geometry": { "type": "LineString", "coordinates": [ [ -0.4212657, 51.4413142 ], [ -0.4210342, 51.4419479 ] ] } },
{ "type": "Feature", "properties": { "id": 17400, "nach": 0.42459612217110032 }, "geometry": { "type": "LineString", "coordinates": [ [ -0.4183481, 51.4407399 ], [ -0.4183181, 51.4412943 ], [ -0.4183351, 51.4413578 ], [ -0.4184467, 51.4414008 ], [ -0.4194499, 51.441614100000017 ], [ -0.4210342, 51.4419479 ] ] } },
{ "type": "Feature", "properties": { "id": 17393, "nach": 0.46886449438106043 }, "geometry": { "type": "LineString", "coordinates": [ [ -0.4212657, 51.4413142 ], [ -0.4214869, 51.440694500000014 ] ] } },
{ "type": "Feature", "properties": { "id": 17401, "nach": 0.39976618517380696 }, "geometry": { "type": "LineString", "coordinates": [ [ -0.4183481, 51.4407399 ], [ -0.4194574, 51.4409582 ], [ -0.4212657, 51.4413142 ] ] } },
{ "type": "Feature", "properties": { "id": 17399, "nach": 0.49119254831628695 }, "geometry": { "type": "LineString", "coordinates": [ [ -0.4183481, 51.4407399 ], [ -0.4183796, 51.4401361 ] ] } },
{ "type": "Feature", "properties": { "id": 81046, "nach": 0.45184190977117777 }, "geometry": { "type": "LineString", "coordinates": [ [ -0.4195273, 51.4403472 ], [ -0.419891, 51.440414100000012 ], [ -0.4203398, 51.44049660000001 ], [ -0.4214869, 51.440694500000014 ] ] } },
{ "type": "Feature", "properties": { "id": 48041, "nach": 0.62011922361260441 }, "geometry": { "type": "LineString", "coordinates": [ [ -0.4270047, 51.4491873 ], [ -0.4271015, 51.4492154 ] ] } },
{ "type": "Feature", "properties": { "id": 1530, "nach": 0.62570114233607399 }, "geometry": { "type": "LineString", "coordinates": [ [ -0.4274232, 51.4487627 ], [ -0.4271015, 51.4492154 ] ] } },
{ "type": "Feature", "properties": { "id": 48042, "nach": 0.42311261822851948 }, "geometry": { "type": "LineString", "coordinates": [ [ -0.4270047, 51.4491873 ], [ -0.4258415, 51.4485664 ], [ -0.4257918, 51.4484206 ], [ -0.4257773, 51.4482537 ], [ -0.4260884, 51.447769 ] ] } },
{ "type": "Feature", "properties": { "id": 57693, "nach": 0.61700094214661749 }, "geometry": { "type": "LineString", "coordinates": [ [ -0.4260421, 51.4500712 ], [ -0.4260535, 51.4500621 ], [ -0.4266618, 51.449593 ], [ -0.4267027, 51.4495612 ], [ -0.4267909, 51.4494923 ], [ -0.4268944, 51.4493929 ], [ -0.4269897, 51.4492802 ], [ -0.4270002, 51.449265 ], [ -0.426995, 51.4492466 ], [ -0.4269823, 51.4492261 ], [ -0.4270047, 51.4491873 ] ] } },
{ "type": "Feature", "properties": { "id": 1533, "nach": 0.60795873721581661 }, "geometry": { "type": "LineString", "coordinates": [ [ -0.4276946, 51.4484005 ], [ -0.4274232, 51.4487627 ] ] } },
{ "type": "Feature", "properties": { "id": 54925, "nach": 0.55063068493075196 }, "geometry": { "type": "LineString", "coordinates": [ [ -0.4284797, 51.4490713 ], [ -0.4283061, 51.4490611 ], [ -0.4274232, 51.4487627 ] ] } },
{ "type": "Feature", "properties": { "id": 1536, "nach": 0.61268198542809871 }, "geometry": { "type": "LineString", "coordinates": [ [ -0.4279535, 51.4481298 ], [ -0.4276946, 51.4484005 ] ] } },
{ "type": "Feature", "properties": { "id": 1543, "nach": 0.46657553103798544 }, "geometry": { "type": "LineString", "coordinates": [ [ -0.4260884, 51.447769 ], [ -0.426465, 51.4478586 ], [ -0.4268054, 51.448006 ], [ -0.4276946, 51.4484005 ] ] } },
{ "type": "Feature", "properties": { "id": 54924, "nach": 0.56773975959008505 }, "geometry": { "type": "LineString", "coordinates": [ [ -0.4284797, 51.4490713 ], [ -0.428594, 51.449078 ] ] } },
{ "type": "Feature", "properties": { "id": 85436, "nach": 0.43748977709622139 }, "geometry": { "type": "LineString", "coordinates": [ [ -0.4277928, 51.4496967 ], [ -0.4279853, 51.4495675 ], [ -0.4282308, 51.4493777 ], [ -0.4284628, 51.4492056 ], [ -0.4284763, 51.4490982 ], [ -0.4284797, 51.4490713 ] ] } },
{ "type": "Feature", "properties": { "id": 19909, "nach": 0.4979375304036921 }, "geometry": { "type": "LineString", "coordinates": [ [ -0.428625, 51.4484593 ], [ -0.4279535, 51.4481298 ] ] } },
{ "type": "Feature", "properties": { "id": 1547, "nach": 0.62041517582912986 }, "geometry": { "type": "LineString", "coordinates": [ [ -0.427973, 51.447936700000014 ], [ -0.428004, 51.4480086 ], [ -0.427998, 51.4480538 ], [ -0.4279535, 51.4481298 ] ] } },
{ "type": "Feature", "properties": { "id": 1544, "nach": 0.44256332919360486 }, "geometry": { "type": "LineString", "coordinates": [ [ -0.4262229, 51.4470287 ], [ -0.4264092, 51.4471811 ], [ -0.4260884, 51.447769 ] ] } },
{ "type": "Feature", "properties": { "id": 19910, "nach": 0.49170567760538186 }, "geometry": { "type": "LineString", "coordinates": [ [ -0.428625, 51.4484593 ], [ -0.4288824, 51.44859970000001 ], [ -0.4289506, 51.4486717 ], [ -0.4289629, 51.4487987 ], [ -0.4288547, 51.448933 ], [ -0.4287465, 51.4490142 ], [ -0.428594, 51.449078 ] ] } },
{ "type": "Feature", "properties": { "id": 85441, "nach": 0.44955941594946225 }, "geometry": { "type": "LineString", "coordinates": [ [ -0.4289321, 51.448196400000022 ], [ -0.4288449, 51.4482965 ], [ -0.428625, 51.4484593 ] ] } },
{ "type": "Feature", "properties": { "id": 85443, "nach": 0.58263101534529482 }, "geometry": { "type": "LineString", "coordinates": [ [ -0.4279963, 51.4479077 ], [ -0.427973, 51.447936700000014 ] ] } },
{ "type": "Feature", "properties": { "id": 41479, "nach": 0.58365038248836187 }, "geometry": { "type": "LineString", "coordinates": [ [ -0.4274656, 51.4469561 ], [ -0.4271633, 51.4475022 ], [ -0.4271642, 51.4475755 ], [ -0.4272402, 51.4476388 ], [ -0.4276134, 51.447820400000012 ], [ -0.4276866, 51.447841 ], [ -0.4277831, 51.4478587 ], [ -0.42787, 51.447884299999984 ], [ -0.427973, 51.447936700000014 ] ] } },
{ "type": "Feature", "properties": { "id": 85410, "nach": 0.58329509262638024 }, "geometry": { "type": "LineString", "coordinates": [ [ -0.4285912, 51.4490984 ], [ -0.428594, 51.449078 ] ] } },
{ "type": "Feature", "properties": { "id": 85411, "nach": 0.4585771270042136 }, "geometry": { "type": "LineString", "coordinates": [ [ -0.4285912, 51.4490984 ], [ -0.4287513, 51.4491796 ] ] } },
{ "type": "Feature", "properties": { "id": 85409, "nach": 0.57844105242975474 }, "geometry": { "type": "LineString", "coordinates": [ [ -0.4285912, 51.4490984 ], [ -0.428747, 51.4490504 ] ] } },
{ "type": "Feature", "properties": { "id": 85442, "nach": 0.57972764368839602 }, "geometry": { "type": "LineString", "coordinates": [ [ -0.4279963, 51.4479077 ], [ -0.428343, 51.4474753 ] ] } },
{ "type": "Feature", "properties": { "id": 85444, "nach": 0.36502407788140595 }, "geometry": { "type": "LineString", "coordinates": [ [ -0.4279963, 51.4479077 ], [ -0.4289321, 51.448196400000022 ] ] } },
{ "type": "Feature", "properties": { "id": 41480, "nach": 0.64314234052464503 }, "geometry": { "type": "LineString", "coordinates": [ [ -0.4274656, 51.4469561 ], [ -0.4274538, 51.4467983 ], [ -0.4274084, 51.44675440000001 ] ] } },
{ "type": "Feature", "properties": { "id": 41478, "nach": 0.6093899646248776 }, "geometry": { "type": "LineString", "coordinates": [ [ -0.4274656, 51.4469561 ], [ -0.4275306, 51.4469245 ], [ -0.4276255, 51.4469107 ], [ -0.4285557, 51.4469579 ] ] } },
{ "type": "Feature", "properties": { "id": 19857, "nach": 0.62892838230136217 }, "geometry": { "type": "LineString", "coordinates": [ [ -0.4306396, 51.4483871 ], [ -0.4307242, 51.4483731 ], [ -0.4307856, 51.4483843 ], [ -0.4309006, 51.4484249 ], [ -0.4312094, 51.4485756 ] ] } },
{ "type": "Feature", "properties": { "id": 48088, "nach": 0.62004271155469826 }, "geometry": { "type": "LineString", "coordinates": [ [ -0.4305768, 51.4483591 ], [ -0.4306396, 51.4483871 ] ] } },
{ "type": "Feature", "properties": { "id": 19860, "nach": 0.49266920807935949 }, "geometry": { "type": "LineString", "coordinates": [ [ -0.4303847, 51.44879490000001 ], [ -0.4306164, 51.4484066 ], [ -0.4306396, 51.4483871 ] ] } },
{ "type": "Feature", "properties": { "id": 19867, "nach": 0.59343224120843918 }, "geometry": { "type": "LineString", "coordinates": [ [ -0.431028, 51.4480072 ], [ -0.4313427, 51.4480766 ], [ -0.4314958, 51.4481362 ], [ -0.4315578, 51.4481802 ], [ -0.4316264, 51.4482315 ] ] } },
{ "type": "Feature", "properties": { "id": 1601, "nach": 0.66881978852538104 }, "geometry": { "type": "LineString", "coordinates": [ [ -0.4152189, 51.4487892 ], [ -0.4156215, 51.4489064 ] ] } },
{ "type": "Feature", "properties": { "id": 1607, "nach": 0.59946299332769093 }, "geometry": { "type": "LineString", "coordinates": [ [ -0.4159769, 51.4485295 ], [ -0.4158213, 51.4486731 ], [ -0.4156215, 51.4489064 ] ] } },
{ "type": "Feature", "properties": { "id": 14337, "nach": 0.68675562585547312 }, "geometry": { "type": "LineString", "coordinates": [ [ -0.4152907, 51.449351299999982 ], [ -0.4153262, 51.4493005 ], [ -0.4154508, 51.4491357 ], [ -0.4156215, 51.4489064 ] ] } },
{ "type": "Feature", "properties": { "id": 92806, "nach": 0.66053371136435657 }, "geometry": { "type": "LineString", "coordinates": [ [ -0.4147407, 51.44865020000001 ], [ -0.4152189, 51.4487892 ] ] } },
{ "type": "Feature", "properties": { "id": 48605, "nach": 0.64680996108977173 }, "geometry": { "type": "LineString", "coordinates": [ [ -0.4153816, 51.4485739 ], [ -0.4152189, 51.4487892 ] ] } },
{ "type": "Feature", "properties": { "id": 48600, "nach": 0.41773229496035452 }, "geometry": { "type": "LineString", "coordinates": [ [ -0.415616, 51.448423 ], [ -0.4158452, 51.4484876 ], [ -0.4159769, 51.4485295 ] ] } },
{ "type": "Feature", "properties": { "id": 85400, "nach": 0.58881614108510771 }, "geometry": { "type": "LineString", "coordinates": [ [ -0.4163502, 51.4479794 ], [ -0.4163653, 51.4479952 ], [ -0.4163668, 51.4481302 ], [ -0.4163244, 51.4482089 ], [ -0.4159769, 51.4485295 ] ] } },
{ "type": "Feature", "properties": { "id": 14338, "nach": 0.69027097450156416 }, "geometry": { "type": "LineString", "coordinates": [ [ -0.4152907, 51.449351299999982 ], [ -0.4152281, 51.4493329 ], [ -0.4150815, 51.4492942 ], [ -0.4149232, 51.4492531 ], [ -0.4147993, 51.4492164 ], [ -0.4147555, 51.4492022 ] ] } },
{ "type": "Feature", "properties": { "id": 14342, "nach": 0.71273585563410646 }, "geometry": { "type": "LineString", "coordinates": [ [ -0.415976, 51.4495094 ], [ -0.415562, 51.4494156 ], [ -0.4154019, 51.4493767 ], [ -0.4152907, 51.449351299999982 ] ] } },
{ "type": "Feature", "properties": { "id": 92805, "nach": 0.66119314593918876 }, "geometry": { "type": "LineString", "coordinates": [ [ -0.4147407, 51.44865020000001 ], [ -0.4147089, 51.4486409 ] ] } },
{ "type": "Feature", "properties": { "id": 92809, "nach": 0.54732017197913896 }, "geometry": { "type": "LineString", "coordinates": [ [ -0.4148709, 51.4484776 ], [ -0.4147407, 51.44865020000001 ] ] } },
{ "type": "Feature", "properties": { "id": 48606, "nach": 0.63927196194743674 }, "geometry": { "type": "LineString", "coordinates": [ [ -0.4153816, 51.4485739 ], [ -0.4154107, 51.4485275 ] ] } },
{ "type": "Feature", "properties": { "id": 48608, "nach": 0.45113040549367084 }, "geometry": { "type": "LineString", "coordinates": [ [ -0.4149819, 51.448289 ], [ -0.4148842, 51.4484218 ], [ -0.4151384, 51.4484979 ], [ -0.4153816, 51.4485739 ] ] } },
{ "type": "Feature", "properties": { "id": 48597, "nach": 0.56923416117575332 }, "geometry": { "type": "LineString", "coordinates": [ [ -0.4144614, 51.4479547 ], [ -0.4143975, 51.4480702 ] ] } },
{ "type": "Feature", "properties": { "id": 48611, "nach": 0.52514074274124567 }, "geometry": { "type": "LineString", "coordinates": [ [ -0.414363, 51.448117100000012 ], [ -0.4143975, 51.4480702 ] ] } },
{ "type": "Feature", "properties": { "id": 85382, "nach": 0.53495599606624844 }, "geometry": { "type": "LineString", "coordinates": [ [ -0.4145478, 51.4485746 ], [ -0.4144727, 51.4484252 ], [ -0.4146816, 51.448151600000017 ], [ -0.4143975, 51.4480702 ] ] } },
{ "type": "Feature", "properties": { "id": 84006, "nach": 0.57491681227289559 }, "geometry": { "type": "LineString", "coordinates": [ [ -0.4145942, 51.4477707 ], [ -0.4144614, 51.4479547 ] ] } },
{ "type": "Feature", "properties": { "id": 48609, "nach": 0.36761969970850661 }, "geometry": { "type": "LineString", "coordinates": [ [ -0.4149819, 51.448289 ], [ -0.4150914, 51.4481393 ], [ -0.4148192, 51.448061 ], [ -0.4147929, 51.4480558 ], [ -0.4144614, 51.4479547 ] ] } },
{ "type": "Feature", "properties": { "id": 83982, "nach": 0.53896611333517208 }, "geometry": { "type": "LineString", "coordinates": [ [ -0.4144057, 51.448444100000017 ], [ -0.4141924, 51.448379300000013 ], [ -0.414363, 51.448117100000012 ] ] } },
{ "type": "Feature", "properties": { "id": 85383, "nach": 0.57015848056224394 }, "geometry": { "type": "LineString", "coordinates": [ [ -0.4145478, 51.4485746 ], [ -0.414557, 51.448593 ], [ -0.4147089, 51.4486409 ] ] } },
{ "type": "Feature", "properties": { "id": 85385, "nach": 0.51970550973217322 }, "geometry": { "type": "LineString", "coordinates": [ [ -0.4144367, 51.448557 ], [ -0.4145478, 51.4485746 ] ] } },
{ "type": "Feature", "properties": { "id": 83971, "nach": 0.4498064268756875 }, "geometry": { "type": "LineString", "coordinates": [ [ -0.4155033, 51.4483968 ], [ -0.415616, 51.448423 ] ] } },
{ "type": "Feature", "properties": { "id": 48604, "nach": 0.0 }, "geometry": { "type": "LineString", "coordinates": [ [ -0.4154107, 51.4485275 ], [ -0.4155121, 51.448559 ], [ -0.415616, 51.448423 ] ] } },
{ "type": "Feature", "properties": { "id": 85399, "nach": 0.59155327785829537 }, "geometry": { "type": "LineString", "coordinates": [ [ -0.4163502, 51.4479794 ], [ -0.4162261, 51.447849800000014 ] ] } },
{ "type": "Feature", "properties": { "id": 85401, "nach": 0.46405102798843811 }, "geometry": { "type": "LineString", "coordinates": [ [ -0.4163502, 51.4479794 ], [ -0.4164788, 51.4479521 ], [ -0.4165204, 51.4479012 ] ] } },
{ "type": "Feature", "properties": { "id": 83979, "nach": 0.53711862855710668 }, "geometry": { "type": "LineString", "coordinates": [ [ -0.4152949, 51.4481141 ], [ -0.4152471, 51.4481679 ] ] } },
{ "type": "Feature", "properties": { "id": 48631, "nach": 0.53127478864337163 }, "geometry": { "type": "LineString", "coordinates": [ [ -0.4152375, 51.4479469 ], [ -0.4151088, 51.4481263 ], [ -0.4152471, 51.4481679 ] ] } },
{ "type": "Feature", "properties": { "id": 48628, "nach": 0.0 }, "geometry": { "type": "LineString", "coordinates": [ [ -0.4153676, 51.4481364 ], [ -0.4153284, 51.448192 ], [ -0.4152471, 51.4481679 ] ] } },
{ "type": "Feature", "properties": { "id": 83980, "nach": 0.55216204681438563 }, "geometry": { "type": "LineString", "coordinates": [ [ -0.4152949, 51.4481141 ], [ -0.4153676, 51.4481364 ] ] } },
{ "type": "Feature", "properties": { "id": 83986, "nach": 0.43051155333099567 }, "geometry": { "type": "LineString", "coordinates": [ [ -0.4156346, 51.4476981 ], [ -0.4152949, 51.4481141 ] ] } },
{ "type": "Feature", "properties": { "id": 48634, "nach": 0.35844251081429557 }, "geometry": { "type": "LineString", "coordinates": [ [ -0.4155437, 51.447670300000013 ], [ -0.4155638, 51.4477197 ], [ -0.4153904, 51.447946 ], [ -0.4153302, 51.44797040000001 ], [ -0.4152375, 51.4479469 ] ] } },
{ "type": "Feature", "properties": { "id": 85404, "nach": 0.53483858747834645 }, "geometry": { "type": "LineString", "coordinates": [ [ -0.415066, 51.4478963 ], [ -0.4152152, 51.4479403 ], [ -0.4152375, 51.4479469 ] ] } },
{ "type": "Feature", "properties": { "id": 48629, "nach": 0.22061538352535576 }, "geometry": { "type": "LineString", "coordinates": [ [ -0.4153676, 51.4481364 ], [ -0.4154942, 51.44797770000001 ], [ -0.4156533, 51.4477452 ], [ -0.415789, 51.4477454 ] ] } },
{ "type": "Feature", "properties": { "id": 83977, "nach": 0.56113422005299352 }, "geometry": { "type": "LineString", "coordinates": [ [ -0.4156395, 51.44822 ], [ -0.4153676, 51.4481364 ] ] } },
{ "type": "Feature", "properties": { "id": 83985, "nach": 0.47954974076227752 }, "geometry": { "type": "LineString", "coordinates": [ [ -0.4156346, 51.4476981 ], [ -0.4156578, 51.4476699 ] ] } },
{ "type": "Feature", "properties": { "id": 83997, "nach": 0.56920098376524586 }, "geometry": { "type": "LineString", "coordinates": [ [ -0.4153133, 51.4475661 ], [ -0.4156578, 51.4476699 ] ] } },
{ "type": "Feature", "properties": { "id": 1616, "nach": 0.58506740078442743 }, "geometry": { "type": "LineString", "coordinates": [ [ -0.4159957, 51.4477535 ], [ -0.4158169, 51.4477118 ], [ -0.4156578, 51.4476699 ] ] } },
{ "type": "Feature", "properties": { "id": 83988, "nach": 0.54851429443715427 }, "geometry": { "type": "LineString", "coordinates": [ [ -0.4156346, 51.4476981 ], [ -0.4157156, 51.447722900000016 ], [ -0.415789, 51.4477454 ] ] } },
{ "type": "Feature", "properties": { "id": 83987, "nach": 0.55654541046849515 }, "geometry": { "type": "LineString", "coordinates": [ [ -0.4156346, 51.4476981 ], [ -0.4155687, 51.4476779 ], [ -0.4155437, 51.447670300000013 ] ] } },
{ "type": "Feature", "properties": { "id": 83998, "nach": 0.57133064105325515 }, "geometry": { "type": "LineString", "coordinates": [ [ -0.4153133, 51.4475661 ], [ -0.4152922, 51.4475931 ] ] } },
{ "type": "Feature", "properties": { "id": 84000, "nach": 0.60576865493879828 }, "geometry": { "type": "LineString", "coordinates": [ [ -0.4151074, 51.4475116 ], [ -0.4153133, 51.4475661 ] ] } },
{ "type": "Feature", "properties": { "id": 83989, "nach": 0.61930714601518777 }, "geometry": { "type": "LineString", "coordinates": [ [ -0.416128, 51.4477999 ], [ -0.4159957, 51.4477535 ] ] } },
{ "type": "Feature", "properties": { "id": 1624, "nach": 0.61618923530474534 }, "geometry": { "type": "LineString", "coordinates": [ [ -0.4164062, 51.447195900000011 ], [ -0.4160196, 51.4477143 ], [ -0.4159957, 51.4477535 ] ] } },
{ "type": "Feature", "properties": { "id": 83991, "nach": 0.59547426141132997 }, "geometry": { "type": "LineString", "coordinates": [ [ -0.416128, 51.4477999 ], [ -0.4162165, 51.4478392 ], [ -0.4162261, 51.447849800000014 ] ] } },
{ "type": "Feature", "properties": { "id": 83994, "nach": 0.5617265828063478 }, "geometry": { "type": "LineString", "coordinates": [ [ -0.4161007, 51.447836800000012 ], [ -0.416128, 51.4477999 ] ] } },
{ "type": "Feature", "properties": { "id": 1625, "nach": 0.45919976295108617 }, "geometry": { "type": "LineString", "coordinates": [ [ -0.4168069, 51.4473093 ], [ -0.4164062, 51.447195900000011 ] ] } },
{ "type": "Feature", "properties": { "id": 1626, "nach": 0.61132380381916718 }, "geometry": { "type": "LineString", "coordinates": [ [ -0.416037, 51.4470781 ], [ -0.4164062, 51.447195900000011 ] ] } },
{ "type": "Feature", "properties": { "id": 83999, "nach": 0.61924701841728014 }, "geometry": { "type": "LineString", "coordinates": [ [ -0.4151074, 51.4475116 ], [ -0.4149962, 51.44746 ] ] } },
{ "type": "Feature", "properties": { "id": 42593, "nach": 0.62509880853003286 }, "geometry": { "type": "LineString", "coordinates": [ [ -0.4148398, 51.4474153 ], [ -0.4149962, 51.44746 ] ] } },
{ "type": "Feature", "properties": { "id": 1621, "nach": 0.47081216497154771 }, "geometry": { "type": "LineString", "coordinates": [ [ -0.4150757, 51.4473396 ], [ -0.4150103, 51.4474386 ], [ -0.4149962, 51.44746 ] ] } },
{ "type": "Feature", "properties": { "id": 84003, "nach": 0.49075895800461178 }, "geometry": { "type": "LineString", "coordinates": [ [ -0.4150261, 51.4476029 ], [ -0.4150885, 51.447532900000013 ], [ -0.4151074, 51.4475116 ] ] } },
{ "type": "Feature", "properties": { "id": 42595, "nach": 0.62032903168487008 }, "geometry": { "type": "LineString", "coordinates": [ [ -0.4148398, 51.4474153 ], [ -0.4147584, 51.4473921 ], [ -0.4148911, 51.4472111 ] ] } },
{ "type": "Feature", "properties": { "id": 42596, "nach": 0.66392718680486096 }, "geometry": { "type": "LineString", "coordinates": [ [ -0.4147493, 51.4475493 ], [ -0.4148398, 51.4474153 ] ] } },
{ "type": "Feature", "properties": { "id": 41846, "nach": 0.61596980456555728 }, "geometry": { "type": "LineString", "coordinates": [ [ -0.4158322, 51.4470184 ], [ -0.416037, 51.4470781 ] ] } },
{ "type": "Feature", "properties": { "id": 1629, "nach": 0.65308945966941379 }, "geometry": { "type": "LineString", "coordinates": [ [ -0.4162237, 51.4467703 ], [ -0.416037, 51.4470781 ] ] } },
{ "type": "Feature", "properties": { "id": 41848, "nach": 0.0 }, "geometry": { "type": "LineString", "coordinates": [ [ -0.4158322, 51.4470184 ], [ -0.4157169, 51.44698 ], [ -0.4156434, 51.4470698 ], [ -0.4153856, 51.446996200000015 ], [ -0.4154062, 51.446973099999987 ], [ -0.4151259, 51.4468932 ], [ -0.4148911, 51.4472111 ] ] } },
{ "type": "Feature", "properties": { "id": 48650, "nach": 0.61421219930531024 }, "geometry": { "type": "LineString", "coordinates": [ [ -0.4157423, 51.4471621 ], [ -0.4158322, 51.4470184 ] ] } },
{ "type": "Feature", "properties": { "id": 1632, "nach": 0.46280917829471158 }, "geometry": { "type": "LineString", "coordinates": [ [ -0.4163835, 51.4468181 ], [ -0.4162237, 51.4467703 ] ] } },
{ "type": "Feature", "properties": { "id": 47672, "nach": 0.65644579934619551 }, "geometry": { "type": "LineString", "coordinates": [ [ -0.4147303, 51.4492313 ], [ -0.4145722, 51.449405 ] ] } },
{ "type": "Feature", "properties": { "id": 1637, "nach": 0.62519493123367087 }, "geometry": { "type": "LineString", "coordinates": [ [ -0.4145839, 51.4497873 ], [ -0.4146134, 51.4497558 ], [ -0.4147707, 51.44957320000001 ], [ -0.4147766, 51.449553500000015 ], [ -0.4147663, 51.4495237 ], [ -0.414749, 51.44949840000001 ], [ -0.4147055, 51.4494667 ], [ -0.4145722, 51.449405 ] ] } },
{ "type": "Feature", "properties": { "id": 1640, "nach": 0.57900397091893907 }, "geometry": { "type": "LineString", "coordinates": [ [ -0.414066, 51.449595800000012 ], [ -0.4140738, 51.449561900000013 ], [ -0.4141718, 51.4494419 ], [ -0.414262, 51.449372 ], [ -0.4142947, 51.4493594 ], [ -0.4143402, 51.4493507 ], [ -0.4143806, 51.4493534 ], [ -0.4144826, 51.449378200000012 ], [ -0.4145722, 51.449405 ] ] } },
{ "type": "Feature", "properties": { "id": 47673, "nach": 0.68209075149357024 }, "geometry": { "type": "LineString", "coordinates": [ [ -0.4147303, 51.4492313 ], [ -0.4147555, 51.4492022 ] ] } },
{ "type": "Feature", "properties": { "id": 60309, "nach": 0.63663980124482999 }, "geometry": { "type": "LineString", "coordinates": [ [ -0.4140477, 51.4490047 ], [ -0.4144028, 51.4491173 ], [ -0.4144072, 51.4491187 ], [ -0.4144397, 51.449129200000016 ], [ -0.4145942, 51.4491824 ], [ -0.4146608, 51.4492054 ], [ -0.4147303, 51.4492313 ] ] } },
{ "type": "Feature", "properties": { "id": 48654, "nach": 0.5411207166677533 }, "geometry": { "type": "LineString", "coordinates": [ [ -0.4168797, 51.4497544 ], [ -0.4166647, 51.4497125 ], [ -0.4158374, 51.4495235 ], [ -0.4156201, 51.44947 ], [ -0.4155933, 51.4494634 ], [ -0.4155227, 51.4494446 ], [ -0.4155128, 51.4494421 ], [ -0.4152178, 51.4493667 ], [ -0.4152066, 51.4493639 ], [ -0.4152008, 51.4493624 ], [ -0.4149954, 51.4493099 ], [ -0.4148246, 51.4492593 ], [ -0.4147897, 51.449248900000015 ], [ -0.4147681, 51.4492425 ], [ -0.4147303, 51.4492313 ] ] } },
{ "type": "Feature", "properties": { "id": 65643, "nach": 0.46704671383847873 }, "geometry": { "type": "LineString", "coordinates": [ [ -0.4151879, 51.4495179 ], [ -0.4149379, 51.449827 ], [ -0.414904, 51.4498597 ], [ -0.4148501, 51.4498874 ] ] } },
{ "type": "Feature", "properties": { "id": 92817, "nach": 0.61092575699270424 }, "geometry": { "type": "LineString", "coordinates": [ [ -0.4132434, 51.448262 ], [ -0.4131994, 51.448249300000015 ] ] } },
{ "type": "Feature", "properties": { "id": 1648, "nach": 0.54121209081839849 }, "geometry": { "type": "LineString", "coordinates": [ [ -0.4141347, 51.4474277 ], [ -0.4136376, 51.4478457 ], [ -0.4131994, 51.448249300000015 ] ] } },
{ "type": "Feature", "properties": { "id": 92816, "nach": 0.59663043493321388 }, "geometry": { "type": "LineString", "coordinates": [ [ -0.4132434, 51.448262 ], [ -0.4137786, 51.4484158 ] ] } },
{ "type": "Feature", "properties": { "id": 92818, "nach": 0.38324574339400153 }, "geometry": { "type": "LineString", "coordinates": [ [ -0.4132434, 51.448262 ], [ -0.4131689, 51.4483416 ], [ -0.4130203, 51.448525600000011 ] ] } },
{ "type": "Feature", "properties": { "id": 42598, "nach": 0.6681594527191359 }, "geometry": { "type": "LineString", "coordinates": [ [ -0.4147493, 51.4475493 ], [ -0.4144563, 51.4474671 ], [ -0.4144299, 51.4474667 ], [ -0.4143272, 51.4474651 ], [ -0.4142084, 51.4474371 ], [ -0.4141347, 51.4474277 ] ] } },
{ "type": "Feature", "properties": { "id": 62475, "nach": 0.65966752860553113 }, "geometry": { "type": "LineString", "coordinates": [ [ -0.4137797, 51.4472983 ], [ -0.4140036, 51.447381300000011 ], [ -0.4140692, 51.4474045 ], [ -0.4141347, 51.4474277 ] ] } },
{ "type": "Feature", "properties": { "id": 84008, "nach": 0.6012710442544833 }, "geometry": { "type": "LineString", "coordinates": [ [ -0.4145942, 51.4477707 ], [ -0.4146823, 51.4476486 ], [ -0.4147493, 51.4475493 ] ] } },
{ "type": "Feature", "properties": { "id": 62476, "nach": 0.66084631243166514 }, "geometry": { "type": "LineString", "coordinates": [ [ -0.4137797, 51.4472983 ], [ -0.4136733, 51.447268 ], [ -0.4135546, 51.4473471 ], [ -0.4135871, 51.4473841 ], [ -0.4130956, 51.447797299999984 ], [ -0.4130054, 51.447754899999985 ], [ -0.4127794, 51.4476496 ] ] } },
{ "type": "Feature", "properties": { "id": 62477, "nach": 0.48171441571231116 }, "geometry": { "type": "LineString", "coordinates": [ [ -0.4138561, 51.44721650000001 ], [ -0.4137797, 51.4472983 ] ] } },
{ "type": "Feature", "properties": { "id": 40184, "nach": 0.5610455857661043 }, "geometry": { "type": "LineString", "coordinates": [ [ -0.4076581, 51.4441478 ], [ -0.4076399, 51.4440678 ], [ -0.4075798, 51.4439588 ], [ -0.4075516, 51.4439236 ] ] } },
{ "type": "Feature", "properties": { "id": 1659, "nach": 0.68584817967775014 }, "geometry": { "type": "LineString", "coordinates": [ [ -0.4070046, 51.4436919 ], [ -0.4074404, 51.4439204 ], [ -0.4075516, 51.4439236 ] ] } },
{ "type": "Feature", "properties": { "id": 48376, "nach": 0.50119745662493986 }, "geometry": { "type": "LineString", "coordinates": [ [ -0.4077156, 51.4441105 ], [ -0.4076581, 51.4441478 ] ] } },
{ "type": "Feature", "properties": { "id": 46893, "nach": 0.56949993778777064 }, "geometry": { "type": "LineString", "coordinates": [ [ -0.4073356, 51.444922800000015 ], [ -0.4072891, 51.4448751 ], [ -0.4072601, 51.4447978 ], [ -0.407246, 51.4447164 ], [ -0.4072583, 51.4446349 ], [ -0.4073094, 51.444557 ], [ -0.4076169, 51.4441999 ], [ -0.4076581, 51.4441478 ] ] } },
{ "type": "Feature", "properties": { "id": 55096, "nach": 0.64015729269155153 }, "geometry": { "type": "LineString", "coordinates": [ [ -0.4069138, 51.443641400000011 ], [ -0.4070046, 51.4436919 ] ] } },
{ "type": "Feature", "properties": { "id": 48342, "nach": 0.66691039178417499 }, "geometry": { "type": "LineString", "coordinates": [ [ -0.4069613, 51.443722200000018 ], [ -0.4069741, 51.4437133 ], [ -0.4070046, 51.4436919 ] ] } },
{ "type": "Feature", "properties": { "id": 48343, "nach": 0.58719530459181135 }, "geometry": { "type": "LineString", "coordinates": [ [ -0.4069613, 51.443722200000018 ], [ -0.4074025, 51.443954300000016 ], [ -0.4075401, 51.4440415 ], [ -0.4076013, 51.444100400000011 ], [ -0.4075689, 51.4441692 ], [ -0.4072411, 51.4445665 ], [ -0.4071772, 51.4447068 ] ] } },
{ "type": "Feature", "properties": { "id": 55115, "nach": 0.62415018404815392 }, "geometry": { "type": "LineString", "coordinates": [ [ -0.4147069, 51.4408786 ], [ -0.4145648, 51.4409926 ] ] } },
{ "type": "Feature", "properties": { "id": 55124, "nach": 0.62554354736188955 }, "geometry": { "type": "LineString", "coordinates": [ [ -0.4144512, 51.4410938 ], [ -0.4145648, 51.4409926 ] ] } },
{ "type": "Feature", "properties": { "id": 51318, "nach": 0.5522140164844499 }, "geometry": { "type": "LineString", "coordinates": [ [ -0.4146782, 51.4410763 ], [ -0.4145648, 51.4409926 ] ] } },
{ "type": "Feature", "properties": { "id": 51242, "nach": 0.55721861628553249 }, "geometry": { "type": "LineString", "coordinates": [ [ -0.4144315, 51.4409058 ], [ -0.4145648, 51.4409926 ] ] } },
{ "type": "Feature", "properties": { "id": 55116, "nach": 0.52188597098859746 }, "geometry": { "type": "LineString", "coordinates": [ [ -0.4147069, 51.4408786 ], [ -0.4147982, 51.4409226 ] ] } },
{ "type": "Feature", "properties": { "id": 55117, "nach": 0.50421082466635481 }, "geometry": { "type": "LineString", "coordinates": [ [ -0.4147069, 51.4408786 ], [ -0.4146226, 51.440836500000017 ] ] } },
{ "type": "Feature", "properties": { "id": 55125, "nach": 0.63273097750828733 }, "geometry": { "type": "LineString", "coordinates": [ [ -0.4144512, 51.4410938 ], [ -0.4144269, 51.4411147 ], [ -0.4141871, 51.4413245 ], [ -0.4138213, 51.4416445 ] ] } },
{ "type": "Feature", "properties": { "id": 55123, "nach": 0.41214667056363874 }, "geometry": { "type": "LineString", "coordinates": [ [ -0.4144512, 51.4410938 ], [ -0.4145678, 51.441147 ] ] } },
{ "type": "Feature", "properties": { "id": 55122, "nach": 0.5885677078835746 }, "geometry": { "type": "LineString", "coordinates": [ [ -0.4144512, 51.4410938 ], [ -0.4143624, 51.4410532 ] ] } },
{ "type": "Feature", "properties": { "id": 51321, "nach": 0.63237922346780684 }, "geometry": { "type": "LineString", "coordinates": [ [ -0.4146782, 51.4410763 ], [ -0.4147105, 51.441102400000013 ], [ -0.4149752, 51.4412601 ] ] } },
{ "type": "Feature", "properties": { "id": 51319, "nach": 0.65065119899306234 }, "geometry": { "type": "LineString", "coordinates": [ [ -0.4146782, 51.4410763 ], [ -0.4146104, 51.4411376 ], [ -0.4145678, 51.441147 ] ] } },
{ "type": "Feature", "properties": { "id": 55110, "nach": 0.64551767425971818 }, "geometry": { "type": "LineString", "coordinates": [ [ -0.4147982, 51.4409226 ], [ -0.4147508, 51.4409755 ], [ -0.4147388, 51.441020900000012 ], [ -0.4146782, 51.4410763 ] ] } },
{ "type": "Feature", "properties": { "id": 51245, "nach": 0.64904767311893374 }, "geometry": { "type": "LineString", "coordinates": [ [ -0.4144315, 51.4409058 ], [ -0.4144016, 51.44088820000001 ], [ -0.4141112, 51.4407229 ], [ -0.4133112, 51.4402676 ] ] } },
{ "type": "Feature", "properties": { "id": 55114, "nach": 0.57348774035118355 }, "geometry": { "type": "LineString", "coordinates": [ [ -0.4146226, 51.440836500000017 ], [ -0.4145893, 51.4408605 ], [ -0.4145553, 51.440869 ], [ -0.4144943, 51.440855500000012 ], [ -0.4144315, 51.4409058 ] ] } },
{ "type": "Feature", "properties": { "id": 55120, "nach": 0.64515723676863546 }, "geometry": { "type": "LineString", "coordinates": [ [ -0.4143624, 51.4410532 ], [ -0.4143756, 51.4410071 ], [ -0.4143635, 51.44096050000001 ], [ -0.4144315, 51.4409058 ] ] } },
{ "type": "Feature", "properties": { "id": 1671, "nach": 0.67112881004501834 }, "geometry": { "type": "LineString", "coordinates": [ [ -0.4123289, 51.4396155 ], [ -0.4133112, 51.4402676 ] ] } },
{ "type": "Feature", "properties": { "id": 16780, "nach": 0.64015707565946844 }, "geometry": { "type": "LineString", "coordinates": [ [ -0.4136064, 51.44007 ], [ -0.4133112, 51.4402676 ] ] } },
{ "type": "Feature", "properties": { "id": 16500, "nach": 0.60854698187530631 }, "geometry": { "type": "LineString", "coordinates": [ [ -0.4118472, 51.439903 ], [ -0.4123289, 51.4396155 ] ] } },
{ "type": "Feature", "properties": { "id": 1706, "nach": 0.67437853216066568 }, "geometry": { "type": "LineString", "coordinates": [ [ -0.4117002, 51.4388717 ], [ -0.4118933, 51.4392095 ], [ -0.4119263, 51.4392673 ], [ -0.4120861, 51.4394493 ], [ -0.4123289, 51.4396155 ] ] } },
{ "type": "Feature", "properties": { "id": 16781, "nach": 0.56949855693531448 }, "geometry": { "type": "LineString", "coordinates": [ [ -0.4136064, 51.44007 ], [ -0.4134241, 51.439911 ], [ -0.4130692, 51.4396238 ] ] } },
{ "type": "Feature", "properties": { "id": 16786, "nach": 0.61472828843652561 }, "geometry": { "type": "LineString", "coordinates": [ [ -0.4137251, 51.4400019 ], [ -0.4136064, 51.44007 ] ] } },
{ "type": "Feature", "properties": { "id": 16501, "nach": 0.6081976645016004 }, "geometry": { "type": "LineString", "coordinates": [ [ -0.4118472, 51.439903 ], [ -0.4114743, 51.4400944 ] ] } },
{ "type": "Feature", "properties": { "id": 16503, "nach": 0.46022201194723328 }, "geometry": { "type": "LineString", "coordinates": [ [ -0.4130383, 51.4403529 ], [ -0.4129377, 51.4403569 ], [ -0.4128656, 51.440336300000013 ], [ -0.4125463, 51.4401655 ], [ -0.4119747, 51.4399829 ], [ -0.4118472, 51.439903 ] ] } },
{ "type": "Feature", "properties": { "id": 1707, "nach": 0.63803202635858236 }, "geometry": { "type": "LineString", "coordinates": [ [ -0.4117002, 51.4388717 ], [ -0.4114774, 51.4386753 ], [ -0.4113879, 51.4386193 ] ] } },
{ "type": "Feature", "properties": { "id": 36319, "nach": 0.61491272668272634 }, "geometry": { "type": "LineString", "coordinates": [ [ -0.4115744, 51.4385342 ], [ -0.4115934, 51.438636 ], [ -0.4117002, 51.4388717 ] ] } },
{ "type": "Feature", "properties": { "id": 16507, "nach": 0.62227074692732698 }, "geometry": { "type": "LineString", "coordinates": [ [ -0.4099067, 51.4390191 ], [ -0.4099829, 51.4392497 ], [ -0.4100447, 51.4393631 ] ] } },
{ "type": "Feature", "properties": { "id": 16511, "nach": 0.63498455703180645 }, "geometry": { "type": "LineString", "coordinates": [ [ -0.4102755, 51.4389385 ], [ -0.4100793, 51.4389933 ], [ -0.4099067, 51.4390191 ] ] } },
{ "type": "Feature", "properties": { "id": 1681, "nach": 0.37099248356039682 }, "geometry": { "type": "LineString", "coordinates": [ [ -0.424258, 51.4443755 ], [ -0.4245542, 51.4446146 ] ] } },
{ "type": "Feature", "properties": { "id": 17176, "nach": 0.4983079626687647 }, "geometry": { "type": "LineString", "coordinates": [ [ -0.424677, 51.444182499999989 ], [ -0.424258, 51.4443755 ] ] } },
{ "type": "Feature", "properties": { "id": 67533, "nach": 0.4621134280541318 }, "geometry": { "type": "LineString", "coordinates": [ [ -0.4240378, 51.44448160000001 ], [ -0.424258, 51.4443755 ] ] } },
{ "type": "Feature", "properties": { "id": 17180, "nach": 0.37049762095089905 }, "geometry": { "type": "LineString", "coordinates": [ [ -0.4242013, 51.4440959 ], [ -0.4240532, 51.4441647 ], [ -0.4240518, 51.4442057 ], [ -0.424258, 51.4443755 ] ] } },
{ "type": "Feature", "properties": { "id": 17177, "nach": 0.51440253005340097 }, "geometry": { "type": "LineString", "coordinates": [ [ -0.424677, 51.444182499999989 ], [ -0.4247521, 51.4441473 ], [ -0.4248867, 51.4440727 ], [ -0.4249893, 51.4439802 ], [ -0.4250749, 51.4438403 ] ] } },
{ "type": "Feature", "properties": { "id": 17179, "nach": 0.36612966424245819 }, "geometry": { "type": "LineString", "coordinates": [ [ -0.4256607, 51.444320500000011 ], [ -0.4254963, 51.444180900000013 ], [ -0.4251088, 51.4443685 ], [ -0.4249293, 51.4444012 ], [ -0.424677, 51.444182499999989 ] ] } },
{ "type": "Feature", "properties": { "id": 67532, "nach": 0.37073167664443984 }, "geometry": { "type": "LineString", "coordinates": [ [ -0.4240378, 51.44448160000001 ], [ -0.4238426, 51.4445916 ] ] } },
{ "type": "Feature", "properties": { "id": 67535, "nach": 0.37073167664443984 }, "geometry": { "type": "LineString", "coordinates": [ [ -0.4240378, 51.44448160000001 ], [ -0.4241763, 51.4445873 ] ] } },
{ "type": "Feature", "properties": { "id": 67536, "nach": 0.37122252826095026 }, "geometry": { "type": "LineString", "coordinates": [ [ -0.4239334, 51.4443927 ], [ -0.4240378, 51.44448160000001 ] ] } },
{ "type": "Feature", "properties": { "id": 17171, "nach": 0.44877944498908762 }, "geometry": { "type": "LineString", "coordinates": [ [ -0.4242803, 51.4437648 ], [ -0.4250749, 51.4438403 ] ] } },
{ "type": "Feature", "properties": { "id": 47024, "nach": 0.55910784542144232 }, "geometry": { "type": "LineString", "coordinates": [ [ -0.4249264, 51.4435058 ], [ -0.424988, 51.4435712 ], [ -0.4250333, 51.4436415 ], [ -0.4250596, 51.4437196 ], [ -0.4250749, 51.4438403 ] ] } },
{ "type": "Feature", "properties": { "id": 1692, "nach": 0.48139291814118729 }, "geometry": { "type": "LineString", "coordinates": [ [ -0.4257725, 51.4439053 ], [ -0.4253186, 51.443861200000015 ], [ -0.4250749, 51.4438403 ] ] } },
{ "type": "Feature", "properties": { "id": 17174, "nach": 0.37601524985359375 }, "geometry": { "type": "LineString", "coordinates": [ [ -0.4240134, 51.44390760000001 ], [ -0.4242537, 51.4438016 ], [ -0.4242803, 51.4437648 ] ] } },
{ "type": "Feature", "properties": { "id": 17175, "nach": 0.37601524985359375 }, "geometry": { "type": "LineString", "coordinates": [ [ -0.4240808, 51.443574 ], [ -0.4242622, 51.443729700000013 ], [ -0.4242803, 51.4437648 ] ] } },
{ "type": "Feature", "properties": { "id": 47023, "nach": 0.56707149501778931 }, "geometry": { "type": "LineString", "coordinates": [ [ -0.4249264, 51.4435058 ], [ -0.4247836, 51.4433635 ], [ -0.4246928, 51.44321570000001 ] ] } },
{ "type": "Feature", "properties": { "id": 47026, "nach": 0.37970341518761785 }, "geometry": { "type": "LineString", "coordinates": [ [ -0.4258031, 51.4435072 ], [ -0.4255204, 51.4432556 ], [ -0.4250574, 51.4434494 ], [ -0.4249264, 51.4435058 ] ] } },
{ "type": "Feature", "properties": { "id": 1693, "nach": 0.37737885605340959 }, "geometry": { "type": "LineString", "coordinates": [ [ -0.425755, 51.4439995 ], [ -0.4257725, 51.4439053 ] ] } },
{ "type": "Feature", "properties": { "id": 1694, "nach": 0.37737885605340959 }, "geometry": { "type": "LineString", "coordinates": [ [ -0.425793, 51.4438109 ], [ -0.4257725, 51.4439053 ] ] } },
{ "type": "Feature", "properties": { "id": 47028, "nach": 0.4193169222535611 }, "geometry": { "type": "LineString", "coordinates": [ [ -0.4260303, 51.4439244 ], [ -0.4258929, 51.4439162 ], [ -0.4257725, 51.4439053 ] ] } },
{ "type": "Feature", "properties": { "id": 47031, "nach": 0.37148355532652244 }, "geometry": { "type": "LineString", "coordinates": [ [ -0.4261057, 51.443485400000014 ], [ -0.4260402, 51.4438355 ], [ -0.4260303, 51.4439244 ] ] } },
{ "type": "Feature", "properties": { "id": 47030, "nach": 0.0 }, "geometry": { "type": "LineString", "coordinates": [ [ -0.4260303, 51.4439244 ], [ -0.4259523, 51.444047 ], [ -0.4259614, 51.4441697 ], [ -0.4260283, 51.4442141 ], [ -0.4262163, 51.4441956 ], [ -0.4263178, 51.4441361 ], [ -0.4262121, 51.4439579 ], [ -0.4260303, 51.4439244 ] ] } },
{ "type": "Feature", "properties": { "id": 17148, "nach": 0.61433320760230048 }, "geometry": { "type": "LineString", "coordinates": [ [ -0.4253403, 51.4417778 ], [ -0.4253216, 51.441913300000017 ] ] } },
{ "type": "Feature", "properties": { "id": 47032, "nach": 0.6192598108542583 }, "geometry": { "type": "LineString", "coordinates": [ [ -0.4252304, 51.4422594 ], [ -0.4252854, 51.4421732 ], [ -0.4253022, 51.4420529 ], [ -0.4253216, 51.441913300000017 ] ] } },
{ "type": "Feature", "properties": { "id": 17114, "nach": 0.53411842000741783 }, "geometry": { "type": "LineString", "coordinates": [ [ -0.426402, 51.4420439 ], [ -0.4261866, 51.4419941 ], [ -0.4258654, 51.44196250000001 ], [ -0.4257845, 51.441996500000016 ], [ -0.4257132, 51.4419854 ], [ -0.4256382, 51.4419388 ], [ -0.4253216, 51.441913300000017 ] ] } },
{ "type": "Feature", "properties": { "id": 17147, "nach": 0.6181560032316824 }, "geometry": { "type": "LineString", "coordinates": [ [ -0.4253403, 51.4417778 ], [ -0.425385, 51.441622400000014 ] ] } },
{ "type": "Feature", "properties": { "id": 17150, "nach": 0.42930497008551965 }, "geometry": { "type": "LineString", "coordinates": [ [ -0.4248803, 51.4417374 ], [ -0.4253403, 51.4417778 ] ] } },
{ "type": "Feature", "properties": { "id": 47033, "nach": 0.60765628486535161 }, "geometry": { "type": "LineString", "coordinates": [ [ -0.4252304, 51.4422594 ], [ -0.4251367, 51.4423315 ], [ -0.4249501, 51.4424576 ], [ -0.424872, 51.4425236 ] ] } },
{ "type": "Feature", "properties": { "id": 47037, "nach": 0.49053752846788856 }, "geometry": { "type": "LineString", "coordinates": [ [ -0.4254104, 51.4424204 ], [ -0.4252685, 51.4422995 ], [ -0.4252304, 51.4422594 ] ] } },
{ "type": "Feature", "properties": { "id": 17117, "nach": 0.41546421931266964 }, "geometry": { "type": "LineString", "coordinates": [ [ -0.4266732, 51.4424861 ], [ -0.4266147, 51.442346400000012 ], [ -0.4265876, 51.4422112 ], [ -0.426402, 51.4420439 ] ] } },
{ "type": "Feature", "properties": { "id": 92445, "nach": 0.52298536104503401 }, "geometry": { "type": "LineString", "coordinates": [ [ -0.426961, 51.4418268 ], [ -0.4268263, 51.4419052 ], [ -0.4266812, 51.4419706 ], [ -0.4264979, 51.4420296 ], [ -0.426402, 51.4420439 ] ] } },
{ "type": "Feature", "properties": { "id": 17134, "nach": 0.62809573247110306 }, "geometry": { "type": "LineString", "coordinates": [ [ -0.4255142, 51.4410755 ], [ -0.425455, 51.4412309 ] ] } },
{ "type": "Feature", "properties": { "id": 17142, "nach": 0.43804946817302487 }, "geometry": { "type": "LineString", "coordinates": [ [ -0.4250538, 51.441200100000017 ], [ -0.425455, 51.4412309 ] ] } },
{ "type": "Feature", "properties": { "id": 17145, "nach": 0.62196851544597442 }, "geometry": { "type": "LineString", "coordinates": [ [ -0.425385, 51.441622400000014 ], [ -0.4254203, 51.4414249 ], [ -0.425455, 51.4412309 ] ] } },
{ "type": "Feature", "properties": { "id": 17137, "nach": 0.43964347708465357 }, "geometry": { "type": "LineString", "coordinates": [ [ -0.4259703, 51.4411233 ], [ -0.4255142, 51.4410755 ] ] } },
{ "type": "Feature", "properties": { "id": 17139, "nach": 0.63411272890699177 }, "geometry": { "type": "LineString", "coordinates": [ [ -0.425574, 51.4408965 ], [ -0.4255262, 51.440994 ], [ -0.4255142, 51.4410755 ] ] } },
{ "type": "Feature", "properties": { "id": 17146, "nach": 0.4310814791543115 }, "geometry": { "type": "LineString", "coordinates": [ [ -0.4258373, 51.4416701 ], [ -0.425385, 51.441622400000014 ] ] } },
{ "type": "Feature", "properties": { "id": 16607, "nach": 0.63806001823386727 }, "geometry": { "type": "LineString", "coordinates": [ [ -0.4105816, 51.4379243 ], [ -0.4107528, 51.4380084 ], [ -0.4108992, 51.4380953 ] ] } },
{ "type": "Feature", "properties": { "id": 1704, "nach": 0.5047949419752642 }, "geometry": { "type": "LineString", "coordinates": [ [ -0.4108992, 51.4380953 ], [ -0.4113693, 51.438358 ] ] } },
{ "type": "Feature", "properties": { "id": 36317, "nach": 0.63056427791304726 }, "geometry": { "type": "LineString", "coordinates": [ [ -0.4111796, 51.43844570000001 ], [ -0.4111079, 51.4383193 ], [ -0.4108992, 51.4380953 ] ] } },
{ "type": "Feature", "properties": { "id": 36318, "nach": 0.5805174830508617 }, "geometry": { "type": "LineString", "coordinates": [ [ -0.4111796, 51.43844570000001 ], [ -0.4112181, 51.43840380000001 ], [ -0.4112847, 51.4383715 ], [ -0.4113693, 51.438358 ] ] } },
{ "type": "Feature", "properties": { "id": 36321, "nach": 0.60221980852592849 }, "geometry": { "type": "LineString", "coordinates": [ [ -0.4113693, 51.438358 ], [ -0.4114201, 51.4383606 ] ] } },
{ "type": "Feature", "properties": { "id": 16522, "nach": 0.63841740490957655 }, "geometry": { "type": "LineString", "coordinates": [ [ -0.4113879, 51.4386193 ], [ -0.4113021, 51.4386107 ] ] } },
{ "type": "Feature", "properties": { "id": 36320, "nach": 0.42107969027503572 }, "geometry": { "type": "LineString", "coordinates": [ [ -0.4115744, 51.4385342 ], [ -0.4115295, 51.438579 ], [ -0.4114653, 51.43860750000001 ], [ -0.4113879, 51.4386193 ] ] } },
{ "type": "Feature", "properties": { "id": 93073, "nach": 0.64789484174204293 }, "geometry": { "type": "LineString", "coordinates": [ [ -0.4106146, 51.438811700000016 ], [ -0.4108825, 51.4386925 ] ] } },
{ "type": "Feature", "properties": { "id": 1709, "nach": 0.62151424199048 }, "geometry": { "type": "LineString", "coordinates": [ [ -0.4108825, 51.4386925 ], [ -0.4110284, 51.438580599999987 ], [ -0.4111679, 51.4384873 ] ] } },
{ "type": "Feature", "properties": { "id": 16520, "nach": 0.57929526034408996 }, "geometry": { "type": "LineString", "coordinates": [ [ -0.4113021, 51.4386107 ], [ -0.4111171, 51.438632 ], [ -0.4108825, 51.4386925 ] ] } },
{ "type": "Feature", "properties": { "id": 93074, "nach": 0.64479532826394559 }, "geometry": { "type": "LineString", "coordinates": [ [ -0.4106146, 51.438811700000016 ], [ -0.410441, 51.438889 ], [ -0.4102755, 51.4389385 ] ] } },
{ "type": "Feature", "properties": { "id": 93076, "nach": 0.43820387539846128 }, "geometry": { "type": "LineString", "coordinates": [ [ -0.4115979, 51.4392223 ], [ -0.4112965, 51.4390896 ], [ -0.4113633, 51.4389423 ], [ -0.4110039, 51.43879780000001 ], [ -0.410822, 51.438819700000018 ], [ -0.4106146, 51.438811700000016 ] ] } },
{ "type": "Feature", "properties": { "id": 16521, "nach": 0.60007600876321021 }, "geometry": { "type": "LineString", "coordinates": [ [ -0.4113021, 51.4386107 ], [ -0.4112226, 51.4385767 ], [ -0.4111818, 51.4385355 ], [ -0.4111679, 51.4384873 ] ] } },
{ "type": "Feature", "properties": { "id": 36316, "nach": 0.65697215516014407 }, "geometry": { "type": "LineString", "coordinates": [ [ -0.4111679, 51.4384873 ], [ -0.4111796, 51.43844570000001 ] ] } },
{ "type": "Feature", "properties": { "id": 64519, "nach": 0.6843399394752856 }, "geometry": { "type": "LineString", "coordinates": [ [ -0.4083653, 51.447373900000017 ], [ -0.408452, 51.4473669 ] ] } },
{ "type": "Feature", "properties": { "id": 41495, "nach": 0.64129517247086876 }, "geometry": { "type": "LineString", "coordinates": [ [ -0.424412, 51.4482347 ], [ -0.4244214, 51.4481684 ], [ -0.4244704, 51.447953 ] ] } },
{ "type": "Feature", "properties": { "id": 67582, "nach": 0.4779905922789438 }, "geometry": { "type": "LineString", "coordinates": [ [ -0.4247592, 51.4483804 ], [ -0.4244968, 51.4482682 ], [ -0.424412, 51.4482347 ] ] } },
{ "type": "Feature", "properties": { "id": 85337, "nach": 0.6500630129953332 }, "geometry": { "type": "LineString", "coordinates": [ [ -0.4117052, 51.44847750000001 ], [ -0.4116502, 51.4485302 ] ] } },
{ "type": "Feature", "properties": { "id": 85341, "nach": 0.4965555772467104 }, "geometry": { "type": "LineString", "coordinates": [ [ -0.4117619, 51.4486669 ], [ -0.4115819, 51.4485915 ], [ -0.4116502, 51.4485302 ] ] } },
{ "type": "Feature", "properties": { "id": 85344, "nach": 0.64727337668398333 }, "geometry": { "type": "LineString", "coordinates": [ [ -0.4110532, 51.448969800000015 ], [ -0.4110918, 51.448936 ], [ -0.4112044, 51.4488357 ], [ -0.4113114, 51.4487521 ], [ -0.4114527, 51.4486305 ], [ -0.411605, 51.448508600000011 ], [ -0.4116502, 51.4485302 ] ] } },
{ "type": "Feature", "properties": { "id": 85339, "nach": 0.495254567152979 }, "geometry": { "type": "LineString", "coordinates": [ [ -0.4117052, 51.44847750000001 ], [ -0.4113204, 51.448312400000013 ] ] } },
{ "type": "Feature", "properties": { "id": 85347, "nach": 0.65536521056523822 }, "geometry": { "type": "LineString", "coordinates": [ [ -0.4118053, 51.4483909 ], [ -0.4117052, 51.44847750000001 ] ] } },
{ "type": "Feature", "properties": { "id": 85345, "nach": 0.497439722156444 }, "geometry": { "type": "LineString", "coordinates": [ [ -0.4118809, 51.4485525 ], [ -0.4117815, 51.44851 ], [ -0.4117052, 51.44847750000001 ] ] } },
{ "type": "Feature", "properties": { "id": 62470, "nach": 0.67756906549952056 }, "geometry": { "type": "LineString", "coordinates": [ [ -0.4124138, 51.447929 ], [ -0.412181, 51.4481149 ] ] } },
{ "type": "Feature", "properties": { "id": 93052, "nach": 0.69081471784310489 }, "geometry": { "type": "LineString", "coordinates": [ [ -0.4114403, 51.4478099 ], [ -0.4115503, 51.4478194 ], [ -0.4115789, 51.4478261 ], [ -0.4116786, 51.4478812 ], [ -0.4121036, 51.4480761 ], [ -0.4121401, 51.448095 ], [ -0.412181, 51.4481149 ] ] } },
{ "type": "Feature", "properties": { "id": 62469, "nach": 0.66919231869276274 }, "geometry": { "type": "LineString", "coordinates": [ [ -0.4124138, 51.447929 ], [ -0.4127794, 51.4476496 ] ] } },
{ "type": "Feature", "properties": { "id": 62473, "nach": 0.49337034140288261 }, "geometry": { "type": "LineString", "coordinates": [ [ -0.412843, 51.447588800000013 ], [ -0.4127794, 51.4476496 ] ] } },
{ "type": "Feature", "properties": { "id": 62472, "nach": 0.49653166952460503 }, "geometry": { "type": "LineString", "coordinates": [ [ -0.4127422, 51.4480761 ], [ -0.4124558, 51.4479471 ], [ -0.4124138, 51.447929 ] ] } },
{ "type": "Feature", "properties": { "id": 49401, "nach": 0.51232523634407856 }, "geometry": { "type": "LineString", "coordinates": [ [ -0.4159936, 51.4494502 ], [ -0.415976, 51.4495094 ] ] } },
{ "type": "Feature", "properties": { "id": 56618, "nach": 0.44321872201483858 }, "geometry": { "type": "LineString", "coordinates": [ [ -0.4172659, 51.4477015 ], [ -0.4170725, 51.447664 ], [ -0.417045, 51.447670700000018 ], [ -0.4170319, 51.4476796 ], [ -0.4169556, 51.4478224 ], [ -0.4169043, 51.4479108 ], [ -0.4168935, 51.4479227 ], [ -0.4168661, 51.447933100000014 ], [ -0.4168369, 51.4479431 ], [ -0.4168172, 51.4479636 ], [ -0.4167218, 51.448136 ], [ -0.4166092, 51.4483773 ], [ -0.416573, 51.4484434 ], [ -0.4160448, 51.4493671 ], [ -0.4159936, 51.4494502 ] ] } },
{ "type": "Feature", "properties": { "id": 56624, "nach": 0.47287297497926201 }, "geometry": { "type": "LineString", "coordinates": [ [ -0.4164909, 51.4495643 ], [ -0.4160571, 51.4494769 ], [ -0.4159936, 51.4494502 ] ] } },
{ "type": "Feature", "properties": { "id": 92787, "nach": 0.47480662288457592 }, "geometry": { "type": "LineString", "coordinates": [ [ -0.4154127, 51.449323200000016 ], [ -0.4156347, 51.449369200000014 ], [ -0.4159437, 51.4494412 ], [ -0.4159936, 51.4494502 ] ] } },
{ "type": "Feature", "properties": { "id": 41526, "nach": 0.64892986115749796 }, "geometry": { "type": "LineString", "coordinates": [ [ -0.4165931, 51.4501535 ], [ -0.4164155, 51.450367600000021 ], [ -0.4163612, 51.4504331 ], [ -0.4162616, 51.450546 ], [ -0.4160521, 51.450778 ] ] } },
{ "type": "Feature", "properties": { "id": 60325, "nach": 0.64447123510535831 }, "geometry": { "type": "LineString", "coordinates": [ [ -0.416646, 51.4500901 ], [ -0.4165931, 51.4501535 ] ] } },
{ "type": "Feature", "properties": { "id": 48656, "nach": 0.4582120084659328 }, "geometry": { "type": "LineString", "coordinates": [ [ -0.4165617, 51.4501434 ], [ -0.4165931, 51.4501535 ] ] } },
{ "type": "Feature", "properties": { "id": 60322, "nach": 0.44813348048460738 }, "geometry": { "type": "LineString", "coordinates": [ [ -0.4166662, 51.4500971 ], [ -0.4166161, 51.4501559 ], [ -0.4165931, 51.4501535 ] ] } },
{ "type": "Feature", "properties": { "id": 47681, "nach": 0.47157405849259043 }, "geometry": { "type": "LineString", "coordinates": [ [ -0.4183474, 51.4499954 ], [ -0.4183711, 51.4499539 ] ] } },
{ "type": "Feature", "properties": { "id": 60344, "nach": 0.6512169816336586 }, "geometry": { "type": "LineString", "coordinates": [ [ -0.4192222, 51.4500589 ], [ -0.4191833, 51.4500582 ], [ -0.4189082, 51.450044400000017 ], [ -0.4187885, 51.4500281 ], [ -0.4183711, 51.4499539 ] ] } },
{ "type": "Feature", "properties": { "id": 48658, "nach": 0.61217003247711999 }, "geometry": { "type": "LineString", "coordinates": [ [ -0.4183368, 51.45001 ], [ -0.4183474, 51.4499954 ] ] } },
{ "type": "Feature", "properties": { "id": 50687, "nach": 0.63759219342674989 }, "geometry": { "type": "LineString", "coordinates": [ [ -0.4178222, 51.449913100000011 ], [ -0.4180746, 51.449948300000017 ], [ -0.4183033, 51.4499871 ], [ -0.4183474, 51.4499954 ] ] } },
{ "type": "Feature", "properties": { "id": 47687, "nach": 0.61098172402253936 }, "geometry": { "type": "LineString", "coordinates": [ [ -0.4192294, 51.4501077 ], [ -0.4189287, 51.4500867 ], [ -0.4186729, 51.4500512 ], [ -0.4183972, 51.4500048 ], [ -0.4183474, 51.4499954 ] ] } },
{ "type": "Feature", "properties": { "id": 60342, "nach": 0.65270830192481144 }, "geometry": { "type": "LineString", "coordinates": [ [ -0.4192222, 51.4500589 ], [ -0.419242, 51.450059200000013 ] ] } },
{ "type": "Feature", "properties": { "id": 60343, "nach": 0.39744188575184752 }, "geometry": { "type": "LineString", "coordinates": [ [ -0.4192222, 51.4500589 ], [ -0.4192239, 51.44999510000001 ] ] } },
{ "type": "Feature", "properties": { "id": 14353, "nach": 0.50173909483486423 }, "geometry": { "type": "LineString", "coordinates": [ [ -0.4174242, 51.4507186 ], [ -0.4175921, 51.4507548 ] ] } },
{ "type": "Feature", "properties": { "id": 60318, "nach": 0.54892586361358675 }, "geometry": { "type": "LineString", "coordinates": [ [ -0.4179646, 51.4505735 ], [ -0.4178301, 51.4507234 ], [ -0.4177311, 51.4507486 ], [ -0.4175921, 51.4507548 ] ] } },
{ "type": "Feature", "properties": { "id": 60316, "nach": 0.45518524695998158 }, "geometry": { "type": "LineString", "coordinates": [ [ -0.4176773, 51.450877800000015 ], [ -0.4175566, 51.4508435 ], [ -0.4175921, 51.4507548 ] ] } },
{ "type": "Feature", "properties": { "id": 60319, "nach": 0.0 }, "geometry": { "type": "LineString", "coordinates": [ [ -0.4179646, 51.4505735 ], [ -0.4178047, 51.4505209 ], [ -0.4177859, 51.4505351 ], [ -0.4174962, 51.4504507 ], [ -0.4173205, 51.4506705 ], [ -0.4174242, 51.4507186 ] ] } },
{ "type": "Feature", "properties": { "id": 60328, "nach": 0.56553327398819597 }, "geometry": { "type": "LineString", "coordinates": [ [ -0.4181802, 51.4503079 ], [ -0.4179646, 51.4505735 ] ] } },
{ "type": "Feature", "properties": { "id": 48866, "nach": 0.62370425088062631 }, "geometry": { "type": "LineString", "coordinates": [ [ -0.4203867, 51.4503515 ], [ -0.4201874, 51.4502624 ], [ -0.420006, 51.450188 ], [ -0.4197929, 51.4501383 ] ] } },
{ "type": "Feature", "properties": { "id": 50664, "nach": 0.58398941760243195 }, "geometry": { "type": "LineString", "coordinates": [ [ -0.4213731, 51.4508618 ], [ -0.4206274, 51.451675600000016 ], [ -0.4198505, 51.4525821 ] ] } },
{ "type": "Feature", "properties": { "id": 50663, "nach": 0.63722986004323423 }, "geometry": { "type": "LineString", "coordinates": [ [ -0.4213731, 51.4508618 ], [ -0.4213185, 51.450835499999982 ] ] } },
{ "type": "Feature", "properties": { "id": 48857, "nach": 0.6365296375428493 }, "geometry": { "type": "LineString", "coordinates": [ [ -0.4212366, 51.450796 ], [ -0.4213185, 51.450835499999982 ] ] } },
{ "type": "Feature", "properties": { "id": 47639, "nach": 0.57010341278118459 }, "geometry": { "type": "LineString", "coordinates": [ [ -0.4217516, 51.450904 ], [ -0.4225562, 51.4502852 ] ] } },
{ "type": "Feature", "properties": { "id": 20102, "nach": 0.47008096774598629 }, "geometry": { "type": "LineString", "coordinates": [ [ -0.4228006, 51.4503936 ], [ -0.4225562, 51.4502852 ] ] } },
{ "type": "Feature", "properties": { "id": 20104, "nach": 0.52711975165499736 }, "geometry": { "type": "LineString", "coordinates": [ [ -0.42188, 51.4499065 ], [ -0.4225562, 51.4502852 ] ] } },
{ "type": "Feature", "properties": { "id": 54750, "nach": 0.44787755691075753 }, "geometry": { "type": "LineString", "coordinates": [ [ -0.4221073, 51.4497329 ], [ -0.42188, 51.4499065 ] ] } },
{ "type": "Feature", "properties": { "id": 54749, "nach": 0.45353951957607813 }, "geometry": { "type": "LineString", "coordinates": [ [ -0.4217888, 51.4499762 ], [ -0.42188, 51.4499065 ] ] } },
{ "type": "Feature", "properties": { "id": 42565, "nach": 0.64810749460301942 }, "geometry": { "type": "LineString", "coordinates": [ [ -0.4255902, 51.4464985 ], [ -0.4259323, 51.446693 ], [ -0.4269747, 51.4467457 ], [ -0.4274084, 51.44675440000001 ] ] } },
{ "type": "Feature", "properties": { "id": 42575, "nach": 0.59460418095825762 }, "geometry": { "type": "LineString", "coordinates": [ [ -0.4279117, 51.4466143 ], [ -0.4277014, 51.4466195 ], [ -0.4275593, 51.4466479 ], [ -0.4274761, 51.4466955 ], [ -0.4274426, 51.446720599999985 ], [ -0.4274084, 51.44675440000001 ] ] } },
{ "type": "Feature", "properties": { "id": 42567, "nach": 0.61671468919510397 }, "geometry": { "type": "LineString", "coordinates": [ [ -0.4255902, 51.4464985 ], [ -0.4255193, 51.4468065 ], [ -0.4254828, 51.4469295 ], [ -0.4254175, 51.4472265 ] ] } },
{ "type": "Feature", "properties": { "id": 67576, "nach": 0.65625384623402772 }, "geometry": { "type": "LineString", "coordinates": [ [ -0.4254377, 51.446452300000011 ], [ -0.4255552, 51.4464845 ], [ -0.4255902, 51.4464985 ] ] } },
{ "type": "Feature", "properties": { "id": 68898, "nach": 0.59928260322604709 }, "geometry": { "type": "LineString", "coordinates": [ [ -0.4259392, 51.446198 ], [ -0.4258169, 51.4462582 ], [ -0.4257365, 51.4463919 ], [ -0.4256681, 51.4464697 ], [ -0.4256155, 51.446486900000011 ], [ -0.4255902, 51.4464985 ] ] } },
{ "type": "Feature", "properties": { "id": 47382, "nach": 0.53490751380302493 }, "geometry": { "type": "LineString", "coordinates": [ [ -0.4276811, 51.4464544 ], [ -0.4277481, 51.446534 ], [ -0.4279117, 51.4466143 ] ] } },
{ "type": "Feature", "properties": { "id": 42582, "nach": 0.56258763019386282 }, "geometry": { "type": "LineString", "coordinates": [ [ -0.4299714, 51.4468163 ], [ -0.4297732, 51.4467915 ], [ -0.4293709, 51.4467062 ], [ -0.4289149, 51.446651 ], [ -0.4284187, 51.44661090000001 ], [ -0.4279117, 51.4466143 ] ] } },
{ "type": "Feature", "properties": { "id": 42587, "nach": 0.59884533519683092 }, "geometry": { "type": "LineString", "coordinates": [ [ -0.4300387, 51.4469599 ], [ -0.4303117, 51.4470232 ] ] } },
{ "type": "Feature", "properties": { "id": 46393, "nach": 0.59883552884299462 }, "geometry": { "type": "LineString", "coordinates": [ [ -0.4321278, 51.44719 ], [ -0.4315532, 51.447063200000017 ], [ -0.4310572, 51.4470161 ], [ -0.4306427, 51.4469993 ], [ -0.4303117, 51.4470232 ] ] } },
{ "type": "Feature", "properties": { "id": 19914, "nach": 0.3749127937710543 }, "geometry": { "type": "LineString", "coordinates": [ [ -0.429235, 51.447696 ], [ -0.4294729, 51.4477624 ], [ -0.4294981, 51.4477543 ], [ -0.4297912, 51.447400600000023 ], [ -0.4300488, 51.4470968 ], [ -0.4303117, 51.4470232 ] ] } },
{ "type": "Feature", "properties": { "id": 42588, "nach": 0.61337518560738591 }, "geometry": { "type": "LineString", "coordinates": [ [ -0.4300387, 51.4469599 ], [ -0.429848, 51.446929300000015 ] ] } },
{ "type": "Feature", "properties": { "id": 42589, "nach": 0.64719118677452381 }, "geometry": { "type": "LineString", "coordinates": [ [ -0.4300387, 51.4469599 ], [ -0.4300472, 51.4469223 ], [ -0.4300521, 51.4468834 ] ] } },
{ "type": "Feature", "properties": { "id": 46392, "nach": 0.55251983721654085 }, "geometry": { "type": "LineString", "coordinates": [ [ -0.4321278, 51.44719 ], [ -0.4326134, 51.4473198 ], [ -0.434762, 51.447832 ] ] } },
{ "type": "Feature", "properties": { "id": 46391, "nach": 0.64219552056957563 }, "geometry": { "type": "LineString", "coordinates": [ [ -0.4321278, 51.44719 ], [ -0.432128, 51.4472527 ] ] } },
{ "type": "Feature", "properties": { "id": 46390, "nach": 0.61914239374809366 }, "geometry": { "type": "LineString", "coordinates": [ [ -0.4321278, 51.44719 ], [ -0.4322031, 51.447055 ] ] } },
{ "type": "Feature", "properties": { "id": 50712, "nach": 0.61249853563271406 }, "geometry": { "type": "LineString", "coordinates": [ [ -0.4292316, 51.4477356 ], [ -0.429235, 51.447696 ] ] } },
{ "type": "Feature", "properties": { "id": 25232, "nach": 0.6035278856602021 }, "geometry": { "type": "LineString", "coordinates": [ [ -0.429848, 51.446929300000015 ], [ -0.4296523, 51.4471363 ], [ -0.429235, 51.447696 ] ] } },
{ "type": "Feature", "properties": { "id": 54816, "nach": 0.6451051378785061 }, "geometry": { "type": "LineString", "coordinates": [ [ -0.4086293, 51.4474023 ], [ -0.4086214, 51.4474417 ] ] } },
{ "type": "Feature", "properties": { "id": 16409, "nach": 0.4824297533007546 }, "geometry": { "type": "LineString", "coordinates": [ [ -0.4079456, 51.447873 ], [ -0.4080696, 51.4479019 ], [ -0.4082179, 51.4479321 ], [ -0.4083406, 51.4479336 ], [ -0.4084115, 51.44790960000001 ], [ -0.4084774, 51.4478144 ], [ -0.408563, 51.4477153 ], [ -0.4086171, 51.44763420000001 ], [ -0.4086394, 51.4476059 ], [ -0.408672, 51.4475428 ], [ -0.4086756, 51.447481 ], [ -0.4086214, 51.4474417 ] ] } },
{ "type": "Feature", "properties": { "id": 16415, "nach": 0.6305281100582032 }, "geometry": { "type": "LineString", "coordinates": [ [ -0.4083157, 51.4474488 ], [ -0.4084829, 51.4474372 ], [ -0.4085662, 51.4474344 ], [ -0.4086214, 51.4474417 ] ] } },
{ "type": "Feature", "properties": { "id": 54817, "nach": 0.63047445107193734 }, "geometry": { "type": "LineString", "coordinates": [ [ -0.4086293, 51.4474023 ], [ -0.4085167, 51.4473992 ], [ -0.4083074, 51.44741530000001 ] ] } },
{ "type": "Feature", "properties": { "id": 54824, "nach": 0.68862894639582517 }, "geometry": { "type": "LineString", "coordinates": [ [ -0.4087034, 51.4474175 ], [ -0.4086718, 51.44741 ], [ -0.4086293, 51.4474023 ] ] } },
{ "type": "Feature", "properties": { "id": 48323, "nach": 0.64120721360828381 }, "geometry": { "type": "LineString", "coordinates": [ [ -0.4087006, 51.4456602 ], [ -0.4085472, 51.4458512 ], [ -0.4085688, 51.4458952 ], [ -0.408166, 51.4462466 ] ] } },
{ "type": "Feature", "properties": { "id": 47773, "nach": 0.6652517960655544 }, "geometry": { "type": "LineString", "coordinates": [ [ -0.4066508, 51.4462738 ], [ -0.4070692, 51.4460153 ], [ -0.4077812, 51.4464389 ], [ -0.4079167, 51.4463478 ], [ -0.408029, 51.44627220000001 ], [ -0.408166, 51.4462466 ] ] } },
{ "type": "Feature", "properties": { "id": 48676, "nach": 0.59477351640662401 }, "geometry": { "type": "LineString", "coordinates": [ [ -0.4093833, 51.4466794 ], [ -0.4089533, 51.446522800000011 ], [ -0.4087249, 51.4464445 ], [ -0.4082299, 51.4462905 ], [ -0.4081812, 51.4462694 ], [ -0.408166, 51.4462466 ] ] } },
{ "type": "Feature", "properties": { "id": 48320, "nach": 0.58570475461706439 }, "geometry": { "type": "LineString", "coordinates": [ [ -0.4087006, 51.4456602 ], [ -0.4087406, 51.4456104 ] ] } },
{ "type": "Feature", "properties": { "id": 55011, "nach": 0.68387471639668695 }, "geometry": { "type": "LineString", "coordinates": [ [ -0.4087819, 51.44569280000001 ], [ -0.4087006, 51.4456602 ] ] } },
{ "type": "Feature", "properties": { "id": 93369, "nach": 0.69277024900242623 }, "geometry": { "type": "LineString", "coordinates": [ [ -0.4085816, 51.4455982 ], [ -0.4087006, 51.4456602 ] ] } },
{ "type": "Feature", "properties": { "id": 48675, "nach": 0.70857637234754589 }, "geometry": { "type": "LineString", "coordinates": [ [ -0.4093833, 51.4466794 ], [ -0.4094304, 51.4466178 ] ] } },
{ "type": "Feature", "properties": { "id": 70700, "nach": 0.71215122929682129 }, "geometry": { "type": "LineString", "coordinates": [ [ -0.4093356, 51.44674280000001 ], [ -0.4093833, 51.4466794 ] ] } },
{ "type": "Feature", "properties": { "id": 48368, "nach": 0.62417963252504871 }, "geometry": { "type": "LineString", "coordinates": [ [ -0.4103576, 51.443864599999984 ], [ -0.4103883, 51.4438358 ] ] } },
{ "type": "Feature", "properties": { "id": 95005, "nach": 0.71203113992488398 }, "geometry": { "type": "LineString", "coordinates": [ [ -0.410759, 51.443980300000014 ], [ -0.4103883, 51.4438358 ] ] } },
{ "type": "Feature", "properties": { "id": 46885, "nach": 0.68972882969500748 }, "geometry": { "type": "LineString", "coordinates": [ [ -0.4095557, 51.4436172 ], [ -0.409592, 51.4436271 ], [ -0.4103883, 51.4438358 ] ] } },
{ "type": "Feature", "properties": { "id": 88073, "nach": 0.62871371107133511 }, "geometry": { "type": "LineString", "coordinates": [ [ -0.4087636, 51.44558390000001 ], [ -0.4087669, 51.445578500000011 ], [ -0.4088492, 51.445441 ], [ -0.4090502, 51.4452169 ], [ -0.4090738, 51.4451928 ], [ -0.4092228, 51.4450269 ], [ -0.4093594, 51.4448611 ], [ -0.4096616, 51.444549 ], [ -0.4103576, 51.443864599999984 ] ] } },
{ "type": "Feature", "properties": { "id": 48374, "nach": 0.64987622194194439 }, "geometry": { "type": "LineString", "coordinates": [ [ -0.4095276, 51.4436477 ], [ -0.4103119, 51.4438527 ], [ -0.4103576, 51.443864599999984 ] ] } },
{ "type": "Feature", "properties": { "id": 55356, "nach": 0.64851707264783542 }, "geometry": { "type": "LineString", "coordinates": [ [ -0.4109448, 51.4440874 ], [ -0.4103939, 51.443874 ], [ -0.4103576, 51.443864599999984 ] ] } },
{ "type": "Feature", "properties": { "id": 16469, "nach": 0.60484353554786141 }, "geometry": { "type": "LineString", "coordinates": [ [ -0.4109519, 51.4440774 ], [ -0.4108683, 51.444048 ], [ -0.4107812, 51.4440171 ], [ -0.410759, 51.443980300000014 ] ] } },
{ "type": "Feature", "properties": { "id": 95006, "nach": 0.69773389859307744 }, "geometry": { "type": "LineString", "coordinates": [ [ -0.410759, 51.443980300000014 ], [ -0.4108304, 51.4439645 ], [ -0.4109973, 51.4440238 ] ] } },
{ "type": "Feature", "properties": { "id": 48372, "nach": 0.4861925421362539 }, "geometry": { "type": "LineString", "coordinates": [ [ -0.4095276, 51.4436477 ], [ -0.4095557, 51.4436172 ] ] } },
{ "type": "Feature", "properties": { "id": 94994, "nach": 0.59176763495518514 }, "geometry": { "type": "LineString", "coordinates": [ [ -0.4109973, 51.4440238 ], [ -0.4109519, 51.4440774 ] ] } },
{ "type": "Feature", "properties": { "id": 55355, "nach": 0.67052523229159033 }, "geometry": { "type": "LineString", "coordinates": [ [ -0.4109448, 51.4440874 ], [ -0.4109519, 51.4440774 ] ] } },
{ "type": "Feature", "properties": { "id": 94993, "nach": 0.70627716977906974 }, "geometry": { "type": "LineString", "coordinates": [ [ -0.4109973, 51.4440238 ], [ -0.4110225, 51.443994 ] ] } },
{ "type": "Feature", "properties": { "id": 94995, "nach": 0.53163999301815201 }, "geometry": { "type": "LineString", "coordinates": [ [ -0.4109973, 51.4440238 ], [ -0.4111359, 51.4440711 ] ] } },
{ "type": "Feature", "properties": { "id": 55354, "nach": 0.65134654905696554 }, "geometry": { "type": "LineString", "coordinates": [ [ -0.4109448, 51.4440874 ], [ -0.4109836, 51.4441024 ] ] } },
{ "type": "Feature", "properties": { "id": 49454, "nach": 0.4877816652786538 }, "geometry": { "type": "LineString", "coordinates": [ [ -0.4102639, 51.4453292 ], [ -0.4107661, 51.4444637 ] ] } },
{ "type": "Feature", "properties": { "id": 16474, "nach": 0.45094338989224669 }, "geometry": { "type": "LineString", "coordinates": [ [ -0.4098382, 51.4445598 ], [ -0.4099238, 51.4444923 ], [ -0.410005, 51.4444359 ], [ -0.4101266, 51.4443976 ], [ -0.4102708, 51.444388600000018 ], [ -0.4104307, 51.444395400000012 ], [ -0.4105637, 51.44442020000001 ], [ -0.4107661, 51.4444637 ] ] } },
{ "type": "Feature", "properties": { "id": 47357, "nach": 0.52598301916367463 }, "geometry": { "type": "LineString", "coordinates": [ [ -0.4109677, 51.4441163 ], [ -0.410894, 51.444243300000011 ], [ -0.4107661, 51.4444637 ] ] } },
{ "type": "Feature", "properties": { "id": 49455, "nach": 0.44104260328676664 }, "geometry": { "type": "LineString", "coordinates": [ [ -0.4102639, 51.4453292 ], [ -0.4102354, 51.4453011 ], [ -0.4102233, 51.4452891 ], [ -0.4101979, 51.44526410000001 ], [ -0.410192, 51.4452583 ], [ -0.4101795, 51.4452458 ], [ -0.4099937, 51.44506 ], [ -0.4097413, 51.4448032 ], [ -0.4097594, 51.444649900000016 ], [ -0.4098382, 51.4445598 ] ] } },
{ "type": "Feature", "properties": { "id": 55165, "nach": 0.536779751971594 }, "geometry": { "type": "LineString", "coordinates": [ [ -0.4103031, 51.4453715 ], [ -0.4102639, 51.4453292 ] ] } },
{ "type": "Feature", "properties": { "id": 47356, "nach": 0.0 }, "geometry": { "type": "LineString", "coordinates": [ [ -0.4109677, 51.4441163 ], [ -0.4109651, 51.4441155 ], [ -0.4103998, 51.4439451 ], [ -0.4098382, 51.4445598 ] ] } },
{ "type": "Feature", "properties": { "id": 48365, "nach": 0.54831747509125683 }, "geometry": { "type": "LineString", "coordinates": [ [ -0.4109836, 51.4441024 ], [ -0.4109677, 51.4441163 ] ] } },
{ "type": "Feature", "properties": { "id": 16481, "nach": 0.65446474284833644 }, "geometry": { "type": "LineString", "coordinates": [ [ -0.4110095, 51.4407386 ], [ -0.4109339, 51.4409012 ], [ -0.4109504, 51.440958 ], [ -0.4110586, 51.4410328 ] ] } },
{ "type": "Feature", "properties": { "id": 42054, "nach": 0.65810605526826438 }, "geometry": { "type": "LineString", "coordinates": [ [ -0.4117378, 51.4412023 ], [ -0.4111947, 51.4410755 ], [ -0.4110586, 51.4410328 ] ] } },
{ "type": "Feature", "properties": { "id": 36366, "nach": 0.57904438022055937 }, "geometry": { "type": "LineString", "coordinates": [ [ -0.4107415, 51.4413456 ], [ -0.4107944, 51.4412928 ], [ -0.4108816, 51.441192 ], [ -0.4110586, 51.4410328 ] ] } },
{ "type": "Feature", "properties": { "id": 93108, "nach": 0.65103225493134109 }, "geometry": { "type": "LineString", "coordinates": [ [ -0.4113334, 51.4402897 ], [ -0.4110095, 51.4407386 ] ] } },
{ "type": "Feature", "properties": { "id": 16483, "nach": 0.58683698340413371 }, "geometry": { "type": "LineString", "coordinates": [ [ -0.4092276, 51.4399996 ], [ -0.4097053, 51.4401934 ], [ -0.4100399, 51.4403206 ], [ -0.4110095, 51.4407386 ] ] } },
{ "type": "Feature", "properties": { "id": 42053, "nach": 0.65958247725843255 }, "geometry": { "type": "LineString", "coordinates": [ [ -0.4117378, 51.4412023 ], [ -0.412175, 51.4413037 ] ] } },
{ "type": "Feature", "properties": { "id": 42056, "nach": 0.47032000667645557 }, "geometry": { "type": "LineString", "coordinates": [ [ -0.4118453, 51.4408247 ], [ -0.4118779, 51.4409343 ], [ -0.4117378, 51.4412023 ] ] } },
{ "type": "Feature", "properties": { "id": 36367, "nach": 0.56564666916922446 }, "geometry": { "type": "LineString", "coordinates": [ [ -0.4104924, 51.441558900000011 ], [ -0.4107415, 51.4413456 ] ] } },
{ "type": "Feature", "properties": { "id": 93107, "nach": 0.65280561260848213 }, "geometry": { "type": "LineString", "coordinates": [ [ -0.4113334, 51.4402897 ], [ -0.4114743, 51.4400944 ] ] } },
{ "type": "Feature", "properties": { "id": 93109, "nach": 0.54000419843036684 }, "geometry": { "type": "LineString", "coordinates": [ [ -0.4113334, 51.4402897 ], [ -0.4115007, 51.440339500000015 ], [ -0.41156, 51.44035430000001 ] ] } },
{ "type": "Feature", "properties": { "id": 69586, "nach": 0.65909231543576452 }, "geometry": { "type": "LineString", "coordinates": [ [ -0.4126086, 51.44142140000001 ], [ -0.412175, 51.4413037 ] ] } },
{ "type": "Feature", "properties": { "id": 16491, "nach": 0.51325802910078722 }, "geometry": { "type": "LineString", "coordinates": [ [ -0.4123673, 51.441091 ], [ -0.412288, 51.4411787 ], [ -0.412175, 51.4413037 ] ] } },
{ "type": "Feature", "properties": { "id": 69587, "nach": 0.66269471712768724 }, "geometry": { "type": "LineString", "coordinates": [ [ -0.4126086, 51.44142140000001 ], [ -0.413087, 51.4415512 ] ] } },
{ "type": "Feature", "properties": { "id": 69589, "nach": 0.47439249539343914 }, "geometry": { "type": "LineString", "coordinates": [ [ -0.4124113, 51.4417336 ], [ -0.4126086, 51.44142140000001 ] ] } },
{ "type": "Feature", "properties": { "id": 16492, "nach": 0.4294905484178278 }, "geometry": { "type": "LineString", "coordinates": [ [ -0.4123673, 51.441091 ], [ -0.4122183, 51.4410392 ], [ -0.412187, 51.441016500000011 ], [ -0.4121868, 51.4409708 ], [ -0.4124066, 51.4407071 ], [ -0.4124439, 51.44067720000001 ], [ -0.4125015, 51.440670100000013 ] ] } },
{ "type": "Feature", "properties": { "id": 16494, "nach": 0.39201878453809685 }, "geometry": { "type": "LineString", "coordinates": [ [ -0.4128735, 51.4407803 ], [ -0.4125887, 51.441121100000018 ], [ -0.4125545, 51.4411386 ], [ -0.4125029, 51.441137500000011 ], [ -0.4123673, 51.441091 ] ] } },
{ "type": "Feature", "properties": { "id": 74213, "nach": 0.47779548470516586 }, "geometry": { "type": "LineString", "coordinates": [ [ -0.4125015, 51.440670100000013 ], [ -0.4128735, 51.4407803 ] ] } },
{ "type": "Feature", "properties": { "id": 93110, "nach": 0.45228580606027008 }, "geometry": { "type": "LineString", "coordinates": [ [ -0.4122459, 51.4403712 ], [ -0.4121051, 51.440546699999985 ], [ -0.4125015, 51.440670100000013 ] ] } },
{ "type": "Feature", "properties": { "id": 16493, "nach": 0.50830226550231095 }, "geometry": { "type": "LineString", "coordinates": [ [ -0.4128735, 51.4407803 ], [ -0.4135667, 51.441005 ], [ -0.4135832, 51.4410512 ] ] } },
{ "type": "Feature", "properties": { "id": 69583, "nach": 0.5563027604035754 }, "geometry": { "type": "LineString", "coordinates": [ [ -0.4135832, 51.4410512 ], [ -0.4135944, 51.4410828 ], [ -0.4135306, 51.4411779 ], [ -0.4133338, 51.441406 ], [ -0.4131412, 51.441519300000017 ], [ -0.413087, 51.4415512 ] ] } },
{ "type": "Feature", "properties": { "id": 69585, "nach": 0.46280886943405575 }, "geometry": { "type": "LineString", "coordinates": [ [ -0.4141225, 51.4410835 ], [ -0.4139132, 51.441001800000024 ], [ -0.4138512, 51.4409909 ], [ -0.4137904, 51.4410011 ], [ -0.4137121, 51.441023 ], [ -0.4135832, 51.4410512 ] ] } },
{ "type": "Feature", "properties": { "id": 52165, "nach": 0.67442455446675798 }, "geometry": { "type": "LineString", "coordinates": [ [ -0.4131997, 51.4415817 ], [ -0.413087, 51.4415512 ] ] } },
{ "type": "Feature", "properties": { "id": 52166, "nach": 0.67948302490454682 }, "geometry": { "type": "LineString", "coordinates": [ [ -0.4131997, 51.4415817 ], [ -0.4134479, 51.4416472 ], [ -0.4134623, 51.4416978 ], [ -0.413556, 51.4417435 ] ] } },
{ "type": "Feature", "properties": { "id": 52168, "nach": 0.47648945513711888 }, "geometry": { "type": "LineString", "coordinates": [ [ -0.4129472, 51.4419463 ], [ -0.4130994, 51.4417678 ], [ -0.4131357, 51.4416638 ], [ -0.4131997, 51.4415817 ] ] } },
{ "type": "Feature", "properties": { "id": 93069, "nach": 0.62934515944634561 }, "geometry": { "type": "LineString", "coordinates": [ [ -0.4110147, 51.4398812 ], [ -0.4112239, 51.4399782 ], [ -0.4114743, 51.4400944 ] ] } },
{ "type": "Feature", "properties": { "id": 93068, "nach": 0.62642678583656508 }, "geometry": { "type": "LineString", "coordinates": [ [ -0.4110147, 51.4398812 ], [ -0.4108974, 51.4398267 ] ] } },
{ "type": "Feature", "properties": { "id": 93071, "nach": 0.46037258627876826 }, "geometry": { "type": "LineString", "coordinates": [ [ -0.4116488, 51.43983570000001 ], [ -0.4115654, 51.4399271 ], [ -0.4114804, 51.4399406 ], [ -0.4111143, 51.4397972 ], [ -0.4110463, 51.4398511 ], [ -0.4110147, 51.4398812 ] ] } },
{ "type": "Feature", "properties": { "id": 42892, "nach": 0.62294162151632637 }, "geometry": { "type": "LineString", "coordinates": [ [ -0.4100873, 51.4393932 ], [ -0.4100447, 51.4393631 ] ] } },
{ "type": "Feature", "properties": { "id": 93114, "nach": 0.52205157279304726 }, "geometry": { "type": "LineString", "coordinates": [ [ -0.4092837, 51.4392787 ], [ -0.4093935, 51.4391712 ], [ -0.4095682, 51.4391984 ], [ -0.4096848, 51.4392348 ], [ -0.4100447, 51.4393631 ] ] } },
{ "type": "Feature", "properties": { "id": 93065, "nach": 0.62383237265394187 }, "geometry": { "type": "LineString", "coordinates": [ [ -0.4108974, 51.4398267 ], [ -0.4106261, 51.4396366 ], [ -0.4101865, 51.4394554 ], [ -0.4100873, 51.4393932 ] ] } },
{ "type": "Feature", "properties": { "id": 93072, "nach": 0.45647297495461331 }, "geometry": { "type": "LineString", "coordinates": [ [ -0.4103366, 51.439139100000013 ], [ -0.4101217, 51.439358200000015 ], [ -0.4100873, 51.4393932 ] ] } },
{ "type": "Feature", "properties": { "id": 16514, "nach": 0.63219062062804743 }, "geometry": { "type": "LineString", "coordinates": [ [ -0.4100996, 51.438691800000015 ], [ -0.4102755, 51.4389385 ] ] } },
{ "type": "Feature", "properties": { "id": 65011, "nach": 0.44049997990855067 }, "geometry": { "type": "LineString", "coordinates": [ [ -0.4107662, 51.4385816 ], [ -0.4106084, 51.4386916 ], [ -0.4105308, 51.43873330000001 ], [ -0.4104866, 51.4387483 ], [ -0.4104444, 51.4387536 ], [ -0.4104077, 51.43875 ], [ -0.410381, 51.4387417 ], [ -0.4102286, 51.4386468 ], [ -0.4102041, 51.4386374 ], [ -0.4101768, 51.438640300000017 ], [ -0.4101558, 51.438649 ], [ -0.4100996, 51.438691800000015 ] ] } },
{ "type": "Feature", "properties": { "id": 48426, "nach": 0.61637057534350914 }, "geometry": { "type": "LineString", "coordinates": [ [ -0.4094304, 51.4466178 ], [ -0.4095498, 51.446657 ] ] } },
{ "type": "Feature", "properties": { "id": 55392, "nach": 0.69924294470093806 }, "geometry": { "type": "LineString", "coordinates": [ [ -0.4096283, 51.4465498 ], [ -0.4095834, 51.44661510000001 ], [ -0.4095498, 51.446657 ] ] } },
{ "type": "Feature", "properties": { "id": 55494, "nach": 0.64695901275921253 }, "geometry": { "type": "LineString", "coordinates": [ [ -0.4097183, 51.4467116 ], [ -0.4096627, 51.4466925 ], [ -0.4095498, 51.446657 ] ] } },
{ "type": "Feature", "properties": { "id": 48428, "nach": 0.71475078480089893 }, "geometry": { "type": "LineString", "coordinates": [ [ -0.4094304, 51.4466178 ], [ -0.4094593, 51.4465265 ], [ -0.4096394, 51.446271200000012 ], [ -0.4096862, 51.446211 ], [ -0.4097166, 51.44617 ], [ -0.4097513, 51.4461155 ], [ -0.4097627, 51.4460951 ] ] } },
{ "type": "Feature", "properties": { "id": 70696, "nach": 0.67602737260334123 }, "geometry": { "type": "LineString", "coordinates": [ [ -0.4099184, 51.4461395 ], [ -0.4096283, 51.4465498 ] ] } },
{ "type": "Feature", "properties": { "id": 55395, "nach": 0.61134561590546843 }, "geometry": { "type": "LineString", "coordinates": [ [ -0.4101674, 51.445999300000011 ], [ -0.4098303, 51.4464953 ], [ -0.4098005, 51.446515 ], [ -0.4097261, 51.4465406 ], [ -0.4096283, 51.4465498 ] ] } },
{ "type": "Feature", "properties": { "id": 55493, "nach": 0.65443860386492714 }, "geometry": { "type": "LineString", "coordinates": [ [ -0.4097183, 51.4467116 ], [ -0.4097984, 51.4466056 ], [ -0.4098754, 51.446525 ], [ -0.4100552, 51.4462657 ] ] } },
{ "type": "Feature", "properties": { "id": 55492, "nach": 0.65872205613887669 }, "geometry": { "type": "LineString", "coordinates": [ [ -0.4097183, 51.4467116 ], [ -0.4096428, 51.44682250000001 ], [ -0.409596, 51.4468786 ], [ -0.4096254, 51.4469168 ] ] } },
{ "type": "Feature", "properties": { "id": 36406, "nach": 0.60645340091583155 }, "geometry": { "type": "LineString", "coordinates": [ [ -0.4129681, 51.4430417 ], [ -0.4131096, 51.4429017 ] ] } },
{ "type": "Feature", "properties": { "id": 36435, "nach": 0.59472998542832178 }, "geometry": { "type": "LineString", "coordinates": [ [ -0.4134883, 51.4429953 ], [ -0.4132259, 51.4429033 ], [ -0.4131096, 51.4429017 ] ] } },
{ "type": "Feature", "properties": { "id": 16601, "nach": 0.0 }, "geometry": { "type": "LineString", "coordinates": [ [ -0.4131096, 51.4429017 ], [ -0.4130194, 51.4428359 ], [ -0.4130104, 51.442824600000016 ], [ -0.4129666, 51.4427701 ], [ -0.4129666, 51.4426863 ], [ -0.4130746, 51.442569600000013 ], [ -0.4131971, 51.44249330000001 ], [ -0.4132395, 51.442502500000018 ], [ -0.4133429, 51.442543 ], [ -0.4133867, 51.4425636 ], [ -0.4133254, 51.4426281 ], [ -0.4132309, 51.442731800000011 ], [ -0.4131683, 51.44279550000001 ], [ -0.4131502, 51.442832400000015 ], [ -0.4131096, 51.4429017 ] ] } },
{ "type": "Feature", "properties": { "id": 36409, "nach": 0.5958932039229492 }, "geometry": { "type": "LineString", "coordinates": [ [ -0.4129681, 51.4430417 ], [ -0.4128761, 51.4431477 ], [ -0.4128384, 51.443180199999986 ], [ -0.4127839, 51.4432167 ], [ -0.4127483, 51.443242 ] ] } },
{ "type": "Feature", "properties": { "id": 55330, "nach": 0.60561072657903903 }, "geometry": { "type": "LineString", "coordinates": [ [ -0.4127755, 51.4427381 ], [ -0.4128563, 51.4427944 ], [ -0.412877, 51.4428088 ], [ -0.4129207, 51.442839200000016 ], [ -0.4129272, 51.4429386 ], [ -0.4128683, 51.4430196 ], [ -0.4129681, 51.4430417 ] ] } },
{ "type": "Feature", "properties": { "id": 84610, "nach": 0.53286875858111338 }, "geometry": { "type": "LineString", "coordinates": [ [ -0.4128248, 51.4432689 ], [ -0.4128686, 51.443224600000015 ], [ -0.4129414, 51.4431866 ], [ -0.4130397, 51.4430682 ], [ -0.4129681, 51.4430417 ] ] } },
{ "type": "Feature", "properties": { "id": 36434, "nach": 0.5766571219162866 }, "geometry": { "type": "LineString", "coordinates": [ [ -0.4134883, 51.4429953 ], [ -0.4135332, 51.443011 ], [ -0.4136941, 51.44307830000001 ] ] } },
{ "type": "Feature", "properties": { "id": 36438, "nach": 0.41640262306291637 }, "geometry": { "type": "LineString", "coordinates": [ [ -0.4133952, 51.4431236 ], [ -0.4134883, 51.4429953 ] ] } },
{ "type": "Feature", "properties": { "id": 42062, "nach": 0.64265827316770852 }, "geometry": { "type": "LineString", "coordinates": [ [ -0.4116983, 51.4379397 ], [ -0.4117167, 51.437902 ], [ -0.4117587, 51.4378095 ], [ -0.411954, 51.437364200000019 ] ] } },
{ "type": "Feature", "properties": { "id": 42063, "nach": 0.64545807848351577 }, "geometry": { "type": "LineString", "coordinates": [ [ -0.4116983, 51.4379397 ], [ -0.4116381, 51.438062900000013 ], [ -0.4116017, 51.4381741 ] ] } },
{ "type": "Feature", "properties": { "id": 42066, "nach": 0.51854421750644342 }, "geometry": { "type": "LineString", "coordinates": [ [ -0.4109363, 51.43797940000001 ], [ -0.4110428, 51.43789850000001 ], [ -0.4111338, 51.4378405 ], [ -0.4112307, 51.4377814 ], [ -0.4113335, 51.4377703 ], [ -0.4114106, 51.4377937 ], [ -0.4115292, 51.437846700000016 ], [ -0.4116983, 51.4379397 ] ] } },
{ "type": "Feature", "properties": { "id": 50158, "nach": 0.53479892010345054 }, "geometry": { "type": "LineString", "coordinates": [ [ -0.4129938, 51.44223980000001 ], [ -0.4130994, 51.4422673 ] ] } },
{ "type": "Feature", "properties": { "id": 40191, "nach": 0.64792230738842704 }, "geometry": { "type": "LineString", "coordinates": [ [ -0.4136501, 51.4417895 ], [ -0.4130994, 51.4422673 ] ] } },
{ "type": "Feature", "properties": { "id": 51326, "nach": 0.55675375012644568 }, "geometry": { "type": "LineString", "coordinates": [ [ -0.4132131, 51.4423196 ], [ -0.4131723, 51.442302 ], [ -0.4130994, 51.4422673 ] ] } },
{ "type": "Feature", "properties": { "id": 55130, "nach": 0.61912882597289065 }, "geometry": { "type": "LineString", "coordinates": [ [ -0.4129503, 51.4423938 ], [ -0.4129751, 51.4423728 ], [ -0.4130994, 51.4422673 ] ] } },
{ "type": "Feature", "properties": { "id": 50159, "nach": 0.56108804868425022 }, "geometry": { "type": "LineString", "coordinates": [ [ -0.4129938, 51.44223980000001 ], [ -0.4129271, 51.442213099999989 ] ] } },
{ "type": "Feature", "properties": { "id": 50161, "nach": 0.6760781072160903 }, "geometry": { "type": "LineString", "coordinates": [ [ -0.4129938, 51.44223980000001 ], [ -0.413556, 51.4417435 ] ] } },
{ "type": "Feature", "properties": { "id": 55132, "nach": 0.67777138975338991 }, "geometry": { "type": "LineString", "coordinates": [ [ -0.4128639, 51.4423551 ], [ -0.4129938, 51.44223980000001 ] ] } },
{ "type": "Feature", "properties": { "id": 40193, "nach": 0.64326260342840835 }, "geometry": { "type": "LineString", "coordinates": [ [ -0.4136501, 51.4417895 ], [ -0.4136927, 51.4417535 ], [ -0.4138213, 51.4416445 ] ] } },
{ "type": "Feature", "properties": { "id": 50153, "nach": 0.59019436070378528 }, "geometry": { "type": "LineString", "coordinates": [ [ -0.413556, 51.4417435 ], [ -0.4135728, 51.441751800000013 ], [ -0.4136501, 51.4417895 ] ] } },
{ "type": "Feature", "properties": { "id": 51327, "nach": 0.69271982574456503 }, "geometry": { "type": "LineString", "coordinates": [ [ -0.4132131, 51.4423196 ], [ -0.4133479, 51.4423909 ], [ -0.4134854, 51.4424495 ] ] } },
{ "type": "Feature", "properties": { "id": 51328, "nach": 0.69873653074586584 }, "geometry": { "type": "LineString", "coordinates": [ [ -0.4132131, 51.4423196 ], [ -0.4131674, 51.4423563 ], [ -0.4130331, 51.4424309 ] ] } },
{ "type": "Feature", "properties": { "id": 55271, "nach": 0.63595633841420984 }, "geometry": { "type": "LineString", "coordinates": [ [ -0.4138751, 51.441710300000011 ], [ -0.4136939, 51.4418512 ], [ -0.4134865, 51.442042 ], [ -0.4134823, 51.4420872 ], [ -0.4132587, 51.4422828 ], [ -0.4132131, 51.4423196 ] ] } },
{ "type": "Feature", "properties": { "id": 55129, "nach": 0.61231502540818894 }, "geometry": { "type": "LineString", "coordinates": [ [ -0.4129503, 51.4423938 ], [ -0.4126259, 51.4426762 ] ] } },
{ "type": "Feature", "properties": { "id": 55127, "nach": 0.65995044732263786 }, "geometry": { "type": "LineString", "coordinates": [ [ -0.4129503, 51.4423938 ], [ -0.4130331, 51.4424309 ] ] } },
{ "type": "Feature", "properties": { "id": 55133, "nach": 0.64888512571850954 }, "geometry": { "type": "LineString", "coordinates": [ [ -0.4128639, 51.4423551 ], [ -0.4129503, 51.4423938 ] ] } },
{ "type": "Feature", "properties": { "id": 16771, "nach": 0.46669523369884952 }, "geometry": { "type": "LineString", "coordinates": [ [ -0.4140047, 51.4398004 ], [ -0.414251, 51.4396547 ] ] } },
{ "type": "Feature", "properties": { "id": 16773, "nach": 0.46608145199111989 }, "geometry": { "type": "LineString", "coordinates": [ [ -0.4140047, 51.4398004 ], [ -0.4134397, 51.439414600000013 ] ] } },
{ "type": "Feature", "properties": { "id": 16785, "nach": 0.53973129512867601 }, "geometry": { "type": "LineString", "coordinates": [ [ -0.4137251, 51.4400019 ], [ -0.4140047, 51.4398004 ] ] } },
{ "type": "Feature", "properties": { "id": 16777, "nach": 0.53346704361996811 }, "geometry": { "type": "LineString", "coordinates": [ [ -0.4130692, 51.4396238 ], [ -0.4134397, 51.439414600000013 ] ] } },
{ "type": "Feature", "properties": { "id": 80036, "nach": 0.53392882887996096 }, "geometry": { "type": "LineString", "coordinates": [ [ -0.413522, 51.4393669 ], [ -0.4134397, 51.439414600000013 ] ] } },
{ "type": "Feature", "properties": { "id": 16776, "nach": 0.4656952110522205 }, "geometry": { "type": "LineString", "coordinates": [ [ -0.4130692, 51.4396238 ], [ -0.4129785, 51.4396743 ] ] } },
{ "type": "Feature", "properties": { "id": 80037, "nach": 0.46036608755102465 }, "geometry": { "type": "LineString", "coordinates": [ [ -0.413522, 51.4393669 ], [ -0.4136642, 51.4392846 ] ] } },
{ "type": "Feature", "properties": { "id": 80038, "nach": 0.45971209691428944 }, "geometry": { "type": "LineString", "coordinates": [ [ -0.413522, 51.4393669 ], [ -0.4133336, 51.439224 ] ] } },
{ "type": "Feature", "properties": { "id": 51249, "nach": 0.61077618214376395 }, "geometry": { "type": "LineString", "coordinates": [ [ -0.4149109, 51.440612400000013 ], [ -0.4140655, 51.4401643 ], [ -0.4138288, 51.4400612 ], [ -0.4137251, 51.4400019 ] ] } },
{ "type": "Feature", "properties": { "id": 55112, "nach": 0.56459270704715325 }, "geometry": { "type": "LineString", "coordinates": [ [ -0.4146226, 51.440836500000017 ], [ -0.4149109, 51.440612400000013 ] ] } },
{ "type": "Feature", "properties": { "id": 51251, "nach": 0.60728014929750085 }, "geometry": { "type": "LineString", "coordinates": [ [ -0.4153734, 51.440273500000011 ], [ -0.4149109, 51.440612400000013 ] ] } },
{ "type": "Feature", "properties": { "id": 54552, "nach": 0.4407394067800004 }, "geometry": { "type": "LineString", "coordinates": [ [ -0.4154505, 51.440229 ], [ -0.4155223, 51.4402768 ] ] } },
{ "type": "Feature", "properties": { "id": 54555, "nach": 0.56460277955480365 }, "geometry": { "type": "LineString", "coordinates": [ [ -0.4155975, 51.4403269 ], [ -0.4155223, 51.4402768 ] ] } },
{ "type": "Feature", "properties": { "id": 16793, "nach": 0.62458074124788932 }, "geometry": { "type": "LineString", "coordinates": [ [ -0.4158444, 51.440069 ], [ -0.4157903, 51.4401039 ], [ -0.4155223, 51.4402768 ] ] } },
{ "type": "Feature", "properties": { "id": 54553, "nach": 0.60970651131681042 }, "geometry": { "type": "LineString", "coordinates": [ [ -0.4154505, 51.440229 ], [ -0.4153734, 51.440273500000011 ] ] } },
{ "type": "Feature", "properties": { "id": 54554, "nach": 0.60864092579872187 }, "geometry": { "type": "LineString", "coordinates": [ [ -0.4154505, 51.440229 ], [ -0.4157259, 51.4400669 ], [ -0.4157913, 51.4400316 ] ] } },
{ "type": "Feature", "properties": { "id": 51255, "nach": 0.57574241292403028 }, "geometry": { "type": "LineString", "coordinates": [ [ -0.4157913, 51.4400316 ], [ -0.4157965, 51.4400353 ], [ -0.4158444, 51.440069 ] ] } },
{ "type": "Feature", "properties": { "id": 51254, "nach": 0.53076899377692388 }, "geometry": { "type": "LineString", "coordinates": [ [ -0.4157913, 51.4400316 ], [ -0.4137764, 51.4386419 ], [ -0.4136947, 51.4385991 ], [ -0.4135819, 51.4385744 ], [ -0.4129494, 51.438480300000016 ] ] } },
{ "type": "Feature", "properties": { "id": 51261, "nach": 0.61083146255597565 }, "geometry": { "type": "LineString", "coordinates": [ [ -0.4166019, 51.4396159 ], [ -0.41653, 51.4396492 ], [ -0.4162003, 51.4398363 ], [ -0.4158387, 51.4400061 ], [ -0.4157913, 51.4400316 ] ] } },
{ "type": "Feature", "properties": { "id": 16798, "nach": 0.44568740875795737 }, "geometry": { "type": "LineString", "coordinates": [ [ -0.4125675, 51.439382600000016 ], [ -0.4129494, 51.438480300000016 ] ] } },
{ "type": "Feature", "properties": { "id": 69581, "nach": 0.53100151518522465 }, "geometry": { "type": "LineString", "coordinates": [ [ -0.4125897, 51.438066 ], [ -0.4124789, 51.4383058 ], [ -0.4124815, 51.4383468 ], [ -0.4125002, 51.4383832 ], [ -0.4125506, 51.4384127 ], [ -0.4126139, 51.4384323 ], [ -0.4129494, 51.438480300000016 ] ] } },
{ "type": "Feature", "properties": { "id": 69580, "nach": 0.53772187585471742 }, "geometry": { "type": "LineString", "coordinates": [ [ -0.4125897, 51.438066 ], [ -0.4127158, 51.4377932 ], [ -0.4127332, 51.4377614 ], [ -0.4127715, 51.4377393 ] ] } },
{ "type": "Feature", "properties": { "id": 80034, "nach": 0.35302915028118081 }, "geometry": { "type": "LineString", "coordinates": [ [ -0.4147919, 51.4382497 ], [ -0.4143604, 51.4384793 ], [ -0.4141903, 51.438363900000013 ], [ -0.4140766, 51.438292599999983 ], [ -0.4139961, 51.4382479 ], [ -0.4139014, 51.43822930000001 ], [ -0.4135169, 51.4381815 ], [ -0.4127173, 51.4380851 ], [ -0.4125897, 51.438066 ] ] } },
{ "type": "Feature", "properties": { "id": 16805, "nach": 0.52860519435530107 }, "geometry": { "type": "LineString", "coordinates": [ [ -0.4146478, 51.4373818 ], [ -0.4143432, 51.4379379 ] ] } },
{ "type": "Feature", "properties": { "id": 80033, "nach": 0.59204214151094192 }, "geometry": { "type": "LineString", "coordinates": [ [ -0.4147919, 51.4382497 ], [ -0.4144357, 51.4379825 ], [ -0.4143988, 51.437957 ], [ -0.4143432, 51.4379379 ] ] } },
{ "type": "Feature", "properties": { "id": 41298, "nach": 0.59835361341733084 }, "geometry": { "type": "LineString", "coordinates": [ [ -0.4127715, 51.4377393 ], [ -0.4128375, 51.4377238 ], [ -0.412907, 51.43772280000001 ], [ -0.4143432, 51.4379379 ] ] } },
{ "type": "Feature", "properties": { "id": 80032, "nach": 0.59468651642243064 }, "geometry": { "type": "LineString", "coordinates": [ [ -0.4147919, 51.4382497 ], [ -0.4163346, 51.4394068 ] ] } },
{ "type": "Feature", "properties": { "id": 51258, "nach": 0.60669248204489812 }, "geometry": { "type": "LineString", "coordinates": [ [ -0.4166019, 51.4396159 ], [ -0.4163454, 51.43941490000001 ] ] } },
{ "type": "Feature", "properties": { "id": 52400, "nach": 0.45258507891619476 }, "geometry": { "type": "LineString", "coordinates": [ [ -0.4223985, 51.4383508 ], [ -0.4218456, 51.4378994 ] ] } },
{ "type": "Feature", "properties": { "id": 16903, "nach": 0.59760255362248593 }, "geometry": { "type": "LineString", "coordinates": [ [ -0.4225763, 51.4394997 ], [ -0.4225638, 51.4393842 ] ] } },
{ "type": "Feature", "properties": { "id": 55250, "nach": 0.59522800849579927 }, "geometry": { "type": "LineString", "coordinates": [ [ -0.4215034, 51.438181 ], [ -0.4216252, 51.438197 ], [ -0.4219898, 51.4384064 ], [ -0.4222581, 51.438682300000011 ], [ -0.422386, 51.4388945 ], [ -0.4224297, 51.439006800000016 ], [ -0.4224983, 51.43915650000001 ], [ -0.4225638, 51.4393842 ] ] } },
{ "type": "Feature", "properties": { "id": 16907, "nach": 0.41215584631632418 }, "geometry": { "type": "LineString", "coordinates": [ [ -0.4209009, 51.4390069 ], [ -0.4210081, 51.4390279 ], [ -0.4212941, 51.439091 ], [ -0.4216965, 51.4391565 ], [ -0.4222052, 51.4393308 ], [ -0.4225638, 51.4393842 ] ] } },
{ "type": "Feature", "properties": { "id": 17107, "nach": 0.65850092907371938 }, "geometry": { "type": "LineString", "coordinates": [ [ -0.4232596, 51.4396818 ], [ -0.4225763, 51.4394997 ] ] } },
{ "type": "Feature", "properties": { "id": 50544, "nach": 0.58354671320162399 }, "geometry": { "type": "LineString", "coordinates": [ [ -0.4208881, 51.4390224 ], [ -0.4209009, 51.4390069 ] ] } },
{ "type": "Feature", "properties": { "id": 64535, "nach": 0.52397512039664174 }, "geometry": { "type": "LineString", "coordinates": [ [ -0.4232882, 51.439545 ], [ -0.4232646, 51.4395756 ], [ -0.4232501, 51.4396019 ], [ -0.4232596, 51.4396818 ] ] } },
{ "type": "Feature", "properties": { "id": 50545, "nach": 0.52286604526710334 }, "geometry": { "type": "LineString", "coordinates": [ [ -0.4208881, 51.4390224 ], [ -0.4209075, 51.4391061 ], [ -0.4209362, 51.439148200000012 ] ] } },
{ "type": "Feature", "properties": { "id": 16951, "nach": 0.50990505935122732 }, "geometry": { "type": "LineString", "coordinates": [ [ -0.4171425, 51.4383247 ], [ -0.4171923, 51.438313 ], [ -0.4181782, 51.4380901 ], [ -0.4187795, 51.4380155 ] ] } },
{ "type": "Feature", "properties": { "id": 16933, "nach": 0.59127517242687377 }, "geometry": { "type": "LineString", "coordinates": [ [ -0.4190559, 51.4386605 ], [ -0.4188036, 51.438092100000013 ], [ -0.4187795, 51.4380155 ] ] } },
{ "type": "Feature", "properties": { "id": 16950, "nach": 0.44065820687463164 }, "geometry": { "type": "LineString", "coordinates": [ [ -0.4171425, 51.4383247 ], [ -0.4170877, 51.4383375 ], [ -0.4161118, 51.4386007 ] ] } },
{ "type": "Feature", "properties": { "id": 16952, "nach": 0.54025369475317475 }, "geometry": { "type": "LineString", "coordinates": [ [ -0.4166618, 51.4375733 ], [ -0.4171425, 51.4383247 ] ] } },
{ "type": "Feature", "properties": { "id": 55178, "nach": 0.53815327300248306 }, "geometry": { "type": "LineString", "coordinates": [ [ -0.4176136, 51.4392543 ], [ -0.4171425, 51.4383247 ] ] } },
{ "type": "Feature", "properties": { "id": 55207, "nach": 0.57798979115812454 }, "geometry": { "type": "LineString", "coordinates": [ [ -0.4189877, 51.4386767 ], [ -0.4190559, 51.4386605 ] ] } },
{ "type": "Feature", "properties": { "id": 51286, "nach": 0.57063647047525456 }, "geometry": { "type": "LineString", "coordinates": [ [ -0.4192428, 51.4388717 ], [ -0.4192195, 51.4388567 ], [ -0.419184, 51.4388338 ], [ -0.4191429, 51.438795900000017 ], [ -0.4190559, 51.4386605 ] ] } },
{ "type": "Feature", "properties": { "id": 55195, "nach": 0.57951572117837347 }, "geometry": { "type": "LineString", "coordinates": [ [ -0.4194474, 51.4388423 ], [ -0.4193307, 51.4389332 ] ] } },
{ "type": "Feature", "properties": { "id": 51285, "nach": 0.50489974986511599 }, "geometry": { "type": "LineString", "coordinates": [ [ -0.4192428, 51.4388717 ], [ -0.4192608, 51.43888530000001 ], [ -0.4193307, 51.4389332 ] ] } },
{ "type": "Feature", "properties": { "id": 55198, "nach": 0.62160003034776601 }, "geometry": { "type": "LineString", "coordinates": [ [ -0.4194474, 51.4388423 ], [ -0.4196762, 51.4386629 ], [ -0.4198852, 51.438536600000013 ], [ -0.4200916, 51.4384449 ] ] } },
{ "type": "Feature", "properties": { "id": 55196, "nach": 0.59250516443592172 }, "geometry": { "type": "LineString", "coordinates": [ [ -0.4194474, 51.4388423 ], [ -0.4193433, 51.4388003 ] ] } },
{ "type": "Feature", "properties": { "id": 55197, "nach": 0.49393572765602944 }, "geometry": { "type": "LineString", "coordinates": [ [ -0.4194474, 51.4388423 ], [ -0.4195352, 51.4388778 ] ] } },
{ "type": "Feature", "properties": { "id": 51284, "nach": 0.61261682560750974 }, "geometry": { "type": "LineString", "coordinates": [ [ -0.4192428, 51.4388717 ], [ -0.419193, 51.4389083 ], [ -0.4191648, 51.4389246 ] ] } },
{ "type": "Feature", "properties": { "id": 51283, "nach": 0.62735006565099993 }, "geometry": { "type": "LineString", "coordinates": [ [ -0.4192428, 51.4388717 ], [ -0.4192772, 51.4388465 ], [ -0.4193433, 51.4388003 ] ] } },
{ "type": "Feature", "properties": { "id": 55206, "nach": 0.57819264798107328 }, "geometry": { "type": "LineString", "coordinates": [ [ -0.4189877, 51.4386767 ], [ -0.4189574, 51.4386839 ] ] } },
{ "type": "Feature", "properties": { "id": 55208, "nach": 0.46209095082431173 }, "geometry": { "type": "LineString", "coordinates": [ [ -0.4189877, 51.4386767 ], [ -0.4189979, 51.438694 ] ] } },
{ "type": "Feature", "properties": { "id": 55199, "nach": 0.57446641712555635 }, "geometry": { "type": "LineString", "coordinates": [ [ -0.4189615, 51.4386995 ], [ -0.4189574, 51.4386839 ] ] } },
{ "type": "Feature", "properties": { "id": 55209, "nach": 0.46218819526548122 }, "geometry": { "type": "LineString", "coordinates": [ [ -0.4184615, 51.438766600000015 ], [ -0.4189574, 51.4386839 ] ] } },
{ "type": "Feature", "properties": { "id": 55202, "nach": 0.58098842920291316 }, "geometry": { "type": "LineString", "coordinates": [ [ -0.4189615, 51.4386995 ], [ -0.4189289, 51.4387044 ], [ -0.4189832, 51.4388599 ], [ -0.4189885, 51.438882 ], [ -0.4189885, 51.4389033 ], [ -0.4189872, 51.438923400000014 ], [ -0.4189657, 51.4389472 ], [ -0.4189403, 51.4389702 ], [ -0.4189094, 51.438989 ], [ -0.4188873, 51.4390011 ], [ -0.4188571, 51.439010700000011 ], [ -0.4185592, 51.4390827 ], [ -0.4185696, 51.4390997 ] ] } },
{ "type": "Feature", "properties": { "id": 55203, "nach": 0.43630403313141652 }, "geometry": { "type": "LineString", "coordinates": [ [ -0.4189979, 51.438694 ], [ -0.4189615, 51.4386995 ] ] } },
{ "type": "Feature", "properties": { "id": 91657, "nach": 0.59144974327706956 }, "geometry": { "type": "LineString", "coordinates": [ [ -0.4184576, 51.439124800000016 ], [ -0.4185696, 51.4390997 ] ] } },
{ "type": "Feature", "properties": { "id": 91658, "nach": 0.46238207972920264 }, "geometry": { "type": "LineString", "coordinates": [ [ -0.4184576, 51.439124800000016 ], [ -0.4183213, 51.4391569 ], [ -0.4179127, 51.43861170000001 ] ] } },
{ "type": "Feature", "properties": { "id": 91659, "nach": 0.60739964041533523 }, "geometry": { "type": "LineString", "coordinates": [ [ -0.4184576, 51.439124800000016 ], [ -0.4184737, 51.439157 ], [ -0.4184752, 51.43916 ], [ -0.4184825, 51.4391747 ] ] } },
{ "type": "Feature", "properties": { "id": 55179, "nach": 0.55814396168440772 }, "geometry": { "type": "LineString", "coordinates": [ [ -0.4176136, 51.4392543 ], [ -0.4176361, 51.43929880000001 ] ] } },
{ "type": "Feature", "properties": { "id": 80025, "nach": 0.46003216344288889 }, "geometry": { "type": "LineString", "coordinates": [ [ -0.4170968, 51.4393674 ], [ -0.4175364, 51.4392712 ], [ -0.4176136, 51.4392543 ] ] } },
{ "type": "Feature", "properties": { "id": 80029, "nach": 0.60578846331720559 }, "geometry": { "type": "LineString", "coordinates": [ [ -0.4163346, 51.4394068 ], [ -0.4163454, 51.43941490000001 ] ] } },
{ "type": "Feature", "properties": { "id": 80027, "nach": 0.42705757618011492 }, "geometry": { "type": "LineString", "coordinates": [ [ -0.4170968, 51.4393674 ], [ -0.4170611, 51.4393124 ], [ -0.4170072, 51.4393289 ], [ -0.4169188, 51.4392187 ], [ -0.4166242, 51.4392917 ], [ -0.4163454, 51.43941490000001 ] ] } },
{ "type": "Feature", "properties": { "id": 80031, "nach": 0.47191697791458898 }, "geometry": { "type": "LineString", "coordinates": [ [ -0.4163346, 51.4394068 ], [ -0.4160021, 51.4395879 ] ] } },
{ "type": "Feature", "properties": { "id": 50372, "nach": 0.56989882381158385 }, "geometry": { "type": "LineString", "coordinates": [ [ -0.413799, 51.4484199 ], [ -0.4137786, 51.4484158 ] ] } },
{ "type": "Feature", "properties": { "id": 48589, "nach": 0.48344990946159566 }, "geometry": { "type": "LineString", "coordinates": [ [ -0.4138096, 51.4483715 ], [ -0.4137923, 51.448396500000023 ], [ -0.4137786, 51.4484158 ] ] } },
{ "type": "Feature", "properties": { "id": 50374, "nach": 0.51622910911289344 }, "geometry": { "type": "LineString", "coordinates": [ [ -0.413799, 51.4484199 ], [ -0.4138257, 51.4483732 ], [ -0.4139656, 51.4481467 ], [ -0.4140037, 51.4481556 ] ] } },
{ "type": "Feature", "properties": { "id": 50373, "nach": 0.49081666839476351 }, "geometry": { "type": "LineString", "coordinates": [ [ -0.413799, 51.4484199 ], [ -0.4138417, 51.4484402 ] ] } },
{ "type": "Feature", "properties": { "id": 50163, "nach": 0.4228678249153951 }, "geometry": { "type": "LineString", "coordinates": [ [ -0.4124563, 51.4426995 ], [ -0.4125517, 51.4427424 ] ] } },
{ "type": "Feature", "properties": { "id": 41797, "nach": 0.61630919502400561 }, "geometry": { "type": "LineString", "coordinates": [ [ -0.4126259, 51.4426762 ], [ -0.4125517, 51.4427424 ] ] } },
{ "type": "Feature", "properties": { "id": 55141, "nach": 0.61805410274967587 }, "geometry": { "type": "LineString", "coordinates": [ [ -0.4122476, 51.4430095 ], [ -0.4123702, 51.4429001 ], [ -0.4124774, 51.4428045 ], [ -0.4125517, 51.4427424 ] ] } },
{ "type": "Feature", "properties": { "id": 55162, "nach": 0.47208752086547084 }, "geometry": { "type": "LineString", "coordinates": [ [ -0.4124007, 51.4426733 ], [ -0.4124563, 51.4426995 ] ] } },
{ "type": "Feature", "properties": { "id": 55131, "nach": 0.63043320912813716 }, "geometry": { "type": "LineString", "coordinates": [ [ -0.4128639, 51.4423551 ], [ -0.4124563, 51.4426995 ] ] } },
{ "type": "Feature", "properties": { "id": 55137, "nach": 0.62583983293283285 }, "geometry": { "type": "LineString", "coordinates": [ [ -0.4121471, 51.4429632 ], [ -0.4122136, 51.4429054 ], [ -0.4124563, 51.4426995 ] ] } },
{ "type": "Feature", "properties": { "id": 55329, "nach": 0.39089553279831896 }, "geometry": { "type": "LineString", "coordinates": [ [ -0.4127755, 51.4427381 ], [ -0.4126649, 51.4426911 ], [ -0.4126259, 51.4426762 ] ] } },
{ "type": "Feature", "properties": { "id": 55140, "nach": 0.63110987792102569 }, "geometry": { "type": "LineString", "coordinates": [ [ -0.4122476, 51.4430095 ], [ -0.4121903, 51.44306060000001 ], [ -0.4121459, 51.4431003 ], [ -0.4120885, 51.4431507 ] ] } },
{ "type": "Feature", "properties": { "id": 55139, "nach": 0.50400280353280225 }, "geometry": { "type": "LineString", "coordinates": [ [ -0.4122476, 51.4430095 ], [ -0.4121471, 51.4429632 ] ] } },
{ "type": "Feature", "properties": { "id": 17104, "nach": 0.50634949678891594 }, "geometry": { "type": "LineString", "coordinates": [ [ -0.4129271, 51.442213099999989 ], [ -0.4123847, 51.4426659 ] ] } },
{ "type": "Feature", "properties": { "id": 55161, "nach": 0.56522278956915029 }, "geometry": { "type": "LineString", "coordinates": [ [ -0.4124007, 51.4426733 ], [ -0.4123847, 51.4426659 ] ] } },
{ "type": "Feature", "properties": { "id": 55156, "nach": 0.5553191158731382 }, "geometry": { "type": "LineString", "coordinates": [ [ -0.4123703, 51.4426597 ], [ -0.4123847, 51.4426659 ] ] } },
{ "type": "Feature", "properties": { "id": 55152, "nach": 0.50759235874138164 }, "geometry": { "type": "LineString", "coordinates": [ [ -0.4129142, 51.442183900000011 ], [ -0.4129271, 51.442213099999989 ] ] } },
{ "type": "Feature", "properties": { "id": 55163, "nach": 0.57048287298345524 }, "geometry": { "type": "LineString", "coordinates": [ [ -0.4124007, 51.4426733 ], [ -0.4120995, 51.4429413 ] ] } },
{ "type": "Feature", "properties": { "id": 55155, "nach": 0.46434354315573473 }, "geometry": { "type": "LineString", "coordinates": [ [ -0.4123703, 51.4426597 ], [ -0.4129142, 51.442183900000011 ] ] } },
{ "type": "Feature", "properties": { "id": 55164, "nach": 0.48859777667025395 }, "geometry": { "type": "LineString", "coordinates": [ [ -0.4122247, 51.4425974 ], [ -0.4123502, 51.4426511 ], [ -0.4123703, 51.4426597 ] ] } },
{ "type": "Feature", "properties": { "id": 55154, "nach": 0.48851039972658405 }, "geometry": { "type": "LineString", "coordinates": [ [ -0.4129142, 51.442183900000011 ], [ -0.4129001, 51.4421774 ], [ -0.4127895, 51.4421268 ] ] } },
{ "type": "Feature", "properties": { "id": 64536, "nach": 0.45093241408923418 }, "geometry": { "type": "LineString", "coordinates": [ [ -0.4229113, 51.4394477 ], [ -0.4232882, 51.439545 ] ] } },
{ "type": "Feature", "properties": { "id": 65633, "nach": 0.44795300405334437 }, "geometry": { "type": "LineString", "coordinates": [ [ -0.4240261, 51.4397314 ], [ -0.4239759, 51.4397032 ], [ -0.4237509, 51.4396359 ], [ -0.4233802, 51.439542 ], [ -0.4233371, 51.439539 ], [ -0.4232882, 51.439545 ] ] } },
{ "type": "Feature", "properties": { "id": 41804, "nach": 0.42680371671668793 }, "geometry": { "type": "LineString", "coordinates": [ [ -0.4275393, 51.4416565 ], [ -0.4274516, 51.441575 ] ] } },
{ "type": "Feature", "properties": { "id": 41795, "nach": 0.55478030191892214 }, "geometry": { "type": "LineString", "coordinates": [ [ -0.4273207, 51.4416492 ], [ -0.4274516, 51.441575 ] ] } },
{ "type": "Feature", "properties": { "id": 92580, "nach": 0.57131947526537941 }, "geometry": { "type": "LineString", "coordinates": [ [ -0.427617, 51.441073 ], [ -0.4275765, 51.441103799999986 ], [ -0.4274811, 51.441324200000011 ], [ -0.4274516, 51.441575 ] ] } },
{ "type": "Feature", "properties": { "id": 41805, "nach": 0.0 }, "geometry": { "type": "LineString", "coordinates": [ [ -0.4275393, 51.4416565 ], [ -0.4276466, 51.44166 ], [ -0.4279282, 51.441762 ], [ -0.4282447, 51.4420329 ], [ -0.4283815, 51.4422101 ], [ -0.4286256, 51.442378900000016 ], [ -0.4290038, 51.44250430000001 ], [ -0.4293498, 51.44262470000001 ], [ -0.4294758, 51.442761800000014 ], [ -0.4293739, 51.4429457 ], [ -0.4290386, 51.4430744 ], [ -0.4286336, 51.443146299999988 ], [ -0.4283144, 51.443263300000012 ], [ -0.4282125, 51.4433202 ], [ -0.4280864, 51.4433068 ], [ -0.4279785, 51.4432366 ] ] } },
{ "type": "Feature", "properties": { "id": 41803, "nach": 0.30967409839036242 }, "geometry": { "type": "LineString", "coordinates": [ [ -0.4275393, 51.4416565 ], [ -0.4273207, 51.4416492 ] ] } },
{ "type": "Feature", "properties": { "id": 92446, "nach": 0.54762248290151394 }, "geometry": { "type": "LineString", "coordinates": [ [ -0.426961, 51.4418268 ], [ -0.4270294, 51.4417606 ], [ -0.4271977, 51.4416688 ], [ -0.4273207, 51.4416492 ] ] } },
{ "type": "Feature", "properties": { "id": 92578, "nach": 0.51849034473512223 }, "geometry": { "type": "LineString", "coordinates": [ [ -0.427617, 51.441073 ], [ -0.4276641, 51.4410337 ] ] } },
{ "type": "Feature", "properties": { "id": 92579, "nach": 0.54870947612226884 }, "geometry": { "type": "LineString", "coordinates": [ [ -0.427617, 51.441073 ], [ -0.4275645, 51.441059 ] ] } },
{ "type": "Feature", "properties": { "id": 92584, "nach": 0.45778155294868039 }, "geometry": { "type": "LineString", "coordinates": [ [ -0.4300602, 51.4416526 ], [ -0.429558, 51.4415362 ], [ -0.429216, 51.441456700000018 ], [ -0.4288461, 51.4413686 ], [ -0.4284717, 51.4412808 ], [ -0.4280984, 51.4411906 ], [ -0.4279286, 51.4411433 ], [ -0.427617, 51.441073 ] ] } },
{ "type": "Feature", "properties": { "id": 41792, "nach": 0.38801686493236004 }, "geometry": { "type": "LineString", "coordinates": [ [ -0.4279785, 51.4432366 ], [ -0.427989, 51.4434278 ], [ -0.427962, 51.443572 ] ] } },
{ "type": "Feature", "properties": { "id": 41793, "nach": 0.43757588544469989 }, "geometry": { "type": "LineString", "coordinates": [ [ -0.4279785, 51.4432366 ], [ -0.4279568, 51.4431002 ], [ -0.427879, 51.442971200000017 ], [ -0.4277388, 51.442913899999986 ], [ -0.4275596, 51.442878 ], [ -0.4272742, 51.442837200000014 ], [ -0.4269459, 51.4427668 ], [ -0.4267647, 51.442633 ], [ -0.4266732, 51.4424861 ] ] } },
{ "type": "Feature", "properties": { "id": 92447, "nach": 0.43724082466921643 }, "geometry": { "type": "LineString", "coordinates": [ [ -0.426961, 51.4418268 ], [ -0.4269749, 51.441943 ], [ -0.4269318, 51.442083199999985 ], [ -0.4268733, 51.4421831 ], [ -0.4267623, 51.442336699999984 ], [ -0.4266732, 51.4424861 ] ] } },
{ "type": "Feature", "properties": { "id": 22424, "nach": 0.64015747300986925 }, "geometry": { "type": "LineString", "coordinates": [ [ -0.4258503, 51.4404545 ], [ -0.4257383, 51.4406274 ], [ -0.4256606, 51.4408203 ], [ -0.425574, 51.4408965 ] ] } },
{ "type": "Feature", "properties": { "id": 17141, "nach": 0.44284241686942788 }, "geometry": { "type": "LineString", "coordinates": [ [ -0.4251841, 51.4406609 ], [ -0.4253445, 51.4408042 ], [ -0.4254346, 51.440853 ], [ -0.425574, 51.4408965 ] ] } },
{ "type": "Feature", "properties": { "id": 44783, "nach": 0.66393421858671098 }, "geometry": { "type": "LineString", "coordinates": [ [ -0.4258935, 51.4404669 ], [ -0.4258503, 51.4404545 ] ] } },
{ "type": "Feature", "properties": { "id": 17155, "nach": 0.48157824688741419 }, "geometry": { "type": "LineString", "coordinates": [ [ -0.4245463, 51.442283300000014 ], [ -0.424872, 51.4425236 ] ] } },
{ "type": "Feature", "properties": { "id": 17161, "nach": 0.59563983902183515 }, "geometry": { "type": "LineString", "coordinates": [ [ -0.4246474, 51.4428513 ], [ -0.42471, 51.4426977 ], [ -0.424872, 51.4425236 ] ] } },
{ "type": "Feature", "properties": { "id": 17157, "nach": 0.40703047801102538 }, "geometry": { "type": "LineString", "coordinates": [ [ -0.424303, 51.4423802 ], [ -0.4245463, 51.442283300000014 ] ] } },
{ "type": "Feature", "properties": { "id": 17158, "nach": 0.40877052274043657 }, "geometry": { "type": "LineString", "coordinates": [ [ -0.4246252, 51.4422337 ], [ -0.4245463, 51.442283300000014 ] ] } },
{ "type": "Feature", "properties": { "id": 17163, "nach": 0.49261468690207255 }, "geometry": { "type": "LineString", "coordinates": [ [ -0.4251978, 51.4429013 ], [ -0.4246474, 51.4428513 ] ] } },
{ "type": "Feature", "properties": { "id": 65631, "nach": 0.4049416031142602 }, "geometry": { "type": "LineString", "coordinates": [ [ -0.4242323, 51.442807 ], [ -0.4246474, 51.4428513 ] ] } },
{ "type": "Feature", "properties": { "id": 17167, "nach": 0.5752726583783645 }, "geometry": { "type": "LineString", "coordinates": [ [ -0.4246928, 51.44321570000001 ], [ -0.4246768, 51.44315910000001 ], [ -0.4246547, 51.4430838 ], [ -0.4246357, 51.442974 ], [ -0.4246474, 51.4428513 ] ] } },
{ "type": "Feature", "properties": { "id": 63317, "nach": 0.40025692414573616 }, "geometry": { "type": "LineString", "coordinates": [ [ -0.4254747, 51.44292380000001 ], [ -0.4251978, 51.4429013 ] ] } },
{ "type": "Feature", "properties": { "id": 63320, "nach": 0.40025692414573616 }, "geometry": { "type": "LineString", "coordinates": [ [ -0.4251598, 51.4430739 ], [ -0.4251978, 51.4429013 ] ] } },
{ "type": "Feature", "properties": { "id": 63321, "nach": 0.40025692414573616 }, "geometry": { "type": "LineString", "coordinates": [ [ -0.425239, 51.4427231 ], [ -0.4251978, 51.4429013 ] ] } },
{ "type": "Feature", "properties": { "id": 17170, "nach": 0.39126123021041759 }, "geometry": { "type": "LineString", "coordinates": [ [ -0.4241034, 51.443171800000016 ], [ -0.4243541, 51.4433717 ], [ -0.4246928, 51.44321570000001 ] ] } },
{ "type": "Feature", "properties": { "id": 63319, "nach": 0.0 }, "geometry": { "type": "LineString", "coordinates": [ [ -0.4254747, 51.44292380000001 ], [ -0.425625, 51.442865600000012 ], [ -0.4257104, 51.4429492 ], [ -0.4255702, 51.443009900000014 ], [ -0.4254747, 51.44292380000001 ] ] } },
{ "type": "Feature", "properties": { "id": 31236, "nach": 0.47436177417087322 }, "geometry": { "type": "LineString", "coordinates": [ [ -0.4190293, 51.4423424 ], [ -0.4198883, 51.442544 ] ] } },
{ "type": "Feature", "properties": { "id": 17294, "nach": 0.41318117365372076 }, "geometry": { "type": "LineString", "coordinates": [ [ -0.420146, 51.4421954 ], [ -0.4199388, 51.4424748 ], [ -0.4198883, 51.442544 ] ] } },
{ "type": "Feature", "properties": { "id": 31239, "nach": 0.54792200082908049 }, "geometry": { "type": "LineString", "coordinates": [ [ -0.4163475, 51.4438113 ], [ -0.4172617, 51.4442769 ] ] } },
{ "type": "Feature", "properties": { "id": 31237, "nach": 0.29044977555875079 }, "geometry": { "type": "LineString", "coordinates": [ [ -0.4190293, 51.4423424 ], [ -0.4177645, 51.4438682 ], [ -0.4172617, 51.4442769 ] ] } },
{ "type": "Feature", "properties": { "id": 31252, "nach": 0.49383822077651701 }, "geometry": { "type": "LineString", "coordinates": [ [ -0.4179279, 51.442079 ], [ -0.4190293, 51.4423424 ] ] } },
{ "type": "Feature", "properties": { "id": 91661, "nach": 0.50320623266183628 }, "geometry": { "type": "LineString", "coordinates": [ [ -0.4185125, 51.439245699999987 ], [ -0.4184825, 51.4391747 ] ] } },
{ "type": "Feature", "properties": { "id": 51310, "nach": 0.59363415239967265 }, "geometry": { "type": "LineString", "coordinates": [ [ -0.4184406, 51.4393423 ], [ -0.4184389, 51.439381900000015 ] ] } },
{ "type": "Feature", "properties": { "id": 55230, "nach": 0.6179636447574115 }, "geometry": { "type": "LineString", "coordinates": [ [ -0.4184985, 51.4393328 ], [ -0.4184803, 51.4393368 ], [ -0.4184406, 51.4393423 ] ] } },
{ "type": "Feature", "properties": { "id": 17316, "nach": 0.58253213758763744 }, "geometry": { "type": "LineString", "coordinates": [ [ -0.4184307, 51.439566 ], [ -0.4184389, 51.439381900000015 ] ] } },
{ "type": "Feature", "properties": { "id": 55225, "nach": 0.24058382088104155 }, "geometry": { "type": "LineString", "coordinates": [ [ -0.4185144, 51.4393659 ], [ -0.4184389, 51.439381900000015 ] ] } },
{ "type": "Feature", "properties": { "id": 17318, "nach": 0.49799257162365129 }, "geometry": { "type": "LineString", "coordinates": [ [ -0.4184307, 51.439566 ], [ -0.4184663, 51.4395723 ], [ -0.4189008, 51.4396496 ], [ -0.4191646, 51.4396809 ], [ -0.4192385, 51.4396773 ] ] } },
{ "type": "Feature", "properties": { "id": 17319, "nach": 0.55178593948681076 }, "geometry": { "type": "LineString", "coordinates": [ [ -0.4183796, 51.4401361 ], [ -0.4184307, 51.439566 ] ] } },
{ "type": "Feature", "properties": { "id": 55228, "nach": 0.47319142853216295 }, "geometry": { "type": "LineString", "coordinates": [ [ -0.4184985, 51.4393328 ], [ -0.4185144, 51.4393659 ] ] } },
{ "type": "Feature", "properties": { "id": 55233, "nach": 0.0 }, "geometry": { "type": "LineString", "coordinates": [ [ -0.418993, 51.4392644 ], [ -0.41901, 51.4392941 ], [ -0.4185312, 51.4394007 ], [ -0.4185144, 51.4393659 ] ] } },
{ "type": "Feature", "properties": { "id": 55234, "nach": 0.62270762961086945 }, "geometry": { "type": "LineString", "coordinates": [ [ -0.418993, 51.4392644 ], [ -0.4190921, 51.4392434 ] ] } },
{ "type": "Feature", "properties": { "id": 17309, "nach": 0.44679502620196304 }, "geometry": { "type": "LineString", "coordinates": [ [ -0.4192385, 51.4396773 ], [ -0.4191904, 51.4396346 ], [ -0.4191659, 51.4395968 ], [ -0.4191471, 51.4395562 ], [ -0.4191311, 51.439372 ], [ -0.419105, 51.439286 ], [ -0.4190921, 51.4392434 ] ] } },
{ "type": "Feature", "properties": { "id": 17314, "nach": 0.64027494088383663 }, "geometry": { "type": "LineString", "coordinates": [ [ -0.4195963, 51.439156 ], [ -0.4194713, 51.4391685 ], [ -0.4190921, 51.4392434 ] ] } },
{ "type": "Feature", "properties": { "id": 55231, "nach": 0.62686787641499853 }, "geometry": { "type": "LineString", "coordinates": [ [ -0.418993, 51.4392644 ], [ -0.4189731, 51.439229800000014 ] ] } },
{ "type": "Feature", "properties": { "id": 50549, "nach": 0.50195475507613097 }, "geometry": { "type": "LineString", "coordinates": [ [ -0.4193249, 51.4397154 ], [ -0.419277, 51.4396967 ], [ -0.4192385, 51.4396773 ] ] } },
{ "type": "Feature", "properties": { "id": 50540, "nach": 0.63772285101365012 }, "geometry": { "type": "LineString", "coordinates": [ [ -0.4207487, 51.439138 ], [ -0.4207242, 51.4391357 ], [ -0.4203484, 51.439115 ], [ -0.4200916, 51.439060400000017 ], [ -0.4199348, 51.4390566 ], [ -0.4196199, 51.4391178 ], [ -0.4195963, 51.439156 ] ] } },
{ "type": "Feature", "properties": { "id": 79522, "nach": 0.57039237574221902 }, "geometry": { "type": "LineString", "coordinates": [ [ -0.4197956, 51.439263 ], [ -0.4197475, 51.4392635 ], [ -0.4195963, 51.439156 ] ] } },
{ "type": "Feature", "properties": { "id": 50547, "nach": 0.46711914114545239 }, "geometry": { "type": "LineString", "coordinates": [ [ -0.4193249, 51.4397154 ], [ -0.4192999, 51.4397834 ] ] } },
{ "type": "Feature", "properties": { "id": 51292, "nach": 0.47331851248080642 }, "geometry": { "type": "LineString", "coordinates": [ [ -0.4211171, 51.438662400000013 ], [ -0.4209349, 51.4388961 ], [ -0.4208248, 51.438989100000015 ], [ -0.4207487, 51.439138 ] ] } },
{ "type": "Feature", "properties": { "id": 79521, "nach": 0.53452993245788105 }, "geometry": { "type": "LineString", "coordinates": [ [ -0.4197956, 51.439263 ], [ -0.4201205, 51.4392599 ] ] } },
{ "type": "Feature", "properties": { "id": 79523, "nach": 0.46492543131942199 }, "geometry": { "type": "LineString", "coordinates": [ [ -0.4197956, 51.439263 ], [ -0.4198009, 51.439312300000012 ], [ -0.4197486, 51.4393568 ] ] } },
{ "type": "Feature", "properties": { "id": 50552, "nach": 0.46095784399794942 }, "geometry": { "type": "LineString", "coordinates": [ [ -0.4201205, 51.4392599 ], [ -0.4202169, 51.439259 ] ] } },
{ "type": "Feature", "properties": { "id": 50553, "nach": 0.46121453343631191 }, "geometry": { "type": "LineString", "coordinates": [ [ -0.4201209, 51.4393032 ], [ -0.4201205, 51.4392599 ] ] } },
{ "type": "Feature", "properties": { "id": 81045, "nach": 0.49259917021897215 }, "geometry": { "type": "LineString", "coordinates": [ [ -0.4195273, 51.4403472 ], [ -0.4183796, 51.4401361 ] ] } },
{ "type": "Feature", "properties": { "id": 81047, "nach": 0.43198448632359382 }, "geometry": { "type": "LineString", "coordinates": [ [ -0.4195273, 51.4403472 ], [ -0.4196155, 51.4401243 ], [ -0.4196316, 51.4400833 ], [ -0.4196604, 51.4400611 ], [ -0.4197047, 51.440049 ], [ -0.4197758, 51.4400444 ], [ -0.4201178, 51.4400519 ], [ -0.4204691, 51.440072 ] ] } },
{ "type": "Feature", "properties": { "id": 55263, "nach": 0.46402425838810651 }, "geometry": { "type": "LineString", "coordinates": [ [ -0.4157343, 51.4420875 ], [ -0.4154586, 51.4419576 ] ] } },
{ "type": "Feature", "properties": { "id": 55267, "nach": 0.57798735961372927 }, "geometry": { "type": "LineString", "coordinates": [ [ -0.4147342, 51.44257120000001 ], [ -0.4149906, 51.4423484 ], [ -0.4154586, 51.4419576 ] ] } },
{ "type": "Feature", "properties": { "id": 31226, "nach": 0.57927796745171567 }, "geometry": { "type": "LineString", "coordinates": [ [ -0.4155173, 51.441850100000011 ], [ -0.4154955, 51.4419205 ], [ -0.4154586, 51.4419576 ] ] } },
{ "type": "Feature", "properties": { "id": 55266, "nach": 0.59060251438239908 }, "geometry": { "type": "LineString", "coordinates": [ [ -0.4147342, 51.44257120000001 ], [ -0.4144778, 51.442810400000013 ] ] } },
{ "type": "Feature", "properties": { "id": 55269, "nach": 0.46399707703031995 }, "geometry": { "type": "LineString", "coordinates": [ [ -0.4147342, 51.44257120000001 ], [ -0.4146696, 51.442540900000019 ], [ -0.4143718, 51.4424013 ] ] } },
{ "type": "Feature", "properties": { "id": 55268, "nach": 0.46259244232309127 }, "geometry": { "type": "LineString", "coordinates": [ [ -0.4147342, 51.44257120000001 ], [ -0.4148299, 51.4426133 ], [ -0.415161, 51.4427587 ] ] } },
{ "type": "Feature", "properties": { "id": 31227, "nach": 0.56951590376485184 }, "geometry": { "type": "LineString", "coordinates": [ [ -0.4155173, 51.441850100000011 ], [ -0.4154247, 51.4418098 ], [ -0.4150421, 51.4416406 ], [ -0.4149398, 51.4415802 ] ] } },
{ "type": "Feature", "properties": { "id": 31234, "nach": 0.45447631359184937 }, "geometry": { "type": "LineString", "coordinates": [ [ -0.4157327, 51.441648 ], [ -0.415611, 51.4417516 ], [ -0.4155173, 51.441850100000011 ] ] } },
{ "type": "Feature", "properties": { "id": 84613, "nach": 0.64410986982286578 }, "geometry": { "type": "LineString", "coordinates": [ [ -0.4141838, 51.4427093 ], [ -0.4144778, 51.442810400000013 ] ] } },
{ "type": "Feature", "properties": { "id": 93840, "nach": 0.63305266881113131 }, "geometry": { "type": "LineString", "coordinates": [ [ -0.4147158, 51.4429426 ], [ -0.4146521, 51.4429097 ], [ -0.4144778, 51.442810400000013 ] ] } },
{ "type": "Feature", "properties": { "id": 84612, "nach": 0.66404131683344869 }, "geometry": { "type": "LineString", "coordinates": [ [ -0.4141838, 51.4427093 ], [ -0.4137923, 51.4425746 ] ] } },
{ "type": "Feature", "properties": { "id": 84615, "nach": 0.57752254029485939 }, "geometry": { "type": "LineString", "coordinates": [ [ -0.414157, 51.4428212 ], [ -0.414159, 51.4427758 ], [ -0.4141838, 51.4427093 ] ] } },
{ "type": "Feature", "properties": { "id": 93843, "nach": 0.55114174127336479 }, "geometry": { "type": "LineString", "coordinates": [ [ -0.4141205, 51.443681 ], [ -0.4141274, 51.4436021 ], [ -0.4144746, 51.4431585 ], [ -0.4145961, 51.4430178 ], [ -0.4147158, 51.4429426 ] ] } },
{ "type": "Feature", "properties": { "id": 69410, "nach": 0.62827339676669181 }, "geometry": { "type": "LineString", "coordinates": [ [ -0.4110275, 51.447602900000014 ], [ -0.4110587, 51.4475831 ], [ -0.4115384, 51.447475 ] ] } },
{ "type": "Feature", "properties": { "id": 17413, "nach": 0.52989462993954228 }, "geometry": { "type": "LineString", "coordinates": [ [ -0.4115176, 51.4474332 ], [ -0.4115336, 51.4474642 ], [ -0.4115384, 51.447475 ] ] } },
{ "type": "Feature", "properties": { "id": 31275, "nach": 0.70643245063082494 }, "geometry": { "type": "LineString", "coordinates": [ [ -0.4115384, 51.447475 ], [ -0.411611086026548, 51.447459277209809 ] ] } },
{ "type": "Feature", "properties": { "id": 31276, "nach": 0.55459723166430974 }, "geometry": { "type": "LineString", "coordinates": [ [ -0.4130481, 51.4471392 ], [ -0.4129876, 51.447103300000016 ], [ -0.412938, 51.4469704 ], [ -0.4129023, 51.4468346 ], [ -0.4128764, 51.446703100000022 ], [ -0.4128466, 51.446576300000011 ], [ -0.4128388, 51.446443 ], [ -0.4128397, 51.446335800000014 ], [ -0.4128528, 51.4462063 ] ] } },
{ "type": "Feature", "properties": { "id": 31277, "nach": 0.67392641780082563 }, "geometry": { "type": "LineString", "coordinates": [ [ -0.4130481, 51.4471392 ], [ -0.4130704, 51.447124399999986 ], [ -0.4131021, 51.4470996 ] ] } },
{ "type": "Feature", "properties": { "id": 31275, "nach": 0.70643245063082494 }, "geometry": { "type": "LineString", "coordinates": [ [ -0.411611086026548, 51.447459277209809 ], [ -0.4130481, 51.4471392 ] ] } },
{ "type": "Feature", "properties": { "id": 69409, "nach": 0.70254970031824315 }, "geometry": { "type": "LineString", "coordinates": [ [ -0.4110275, 51.447602900000014 ], [ -0.4110021, 51.4476077 ] ] } },
{ "type": "Feature", "properties": { "id": 69417, "nach": 0.67801583424148981 }, "geometry": { "type": "LineString", "coordinates": [ [ -0.4110275, 51.447602900000014 ], [ -0.411627963506577, 51.447489651357664 ] ] } },
{ "type": "Feature", "properties": { "id": 47603, "nach": 0.55649632422245043 }, "geometry": { "type": "LineString", "coordinates": [ [ -0.4109755, 51.4475659 ], [ -0.4110223, 51.4475553 ], [ -0.4115176, 51.4474332 ] ] } },
{ "type": "Feature", "properties": { "id": 88182, "nach": 0.64893378651374156 }, "geometry": { "type": "LineString", "coordinates": [ [ -0.4115176, 51.4474332 ], [ -0.411584209443994, 51.447417561911443 ] ] } },
{ "type": "Feature", "properties": { "id": 55566, "nach": 0.60091120729243686 }, "geometry": { "type": "LineString", "coordinates": [ [ -0.4106745, 51.4474752 ], [ -0.4108392, 51.4475567 ], [ -0.4109076, 51.4475678 ], [ -0.4109755, 51.4475659 ] ] } },
{ "type": "Feature", "properties": { "id": 49931, "nach": 0.61916797803015688 }, "geometry": { "type": "LineString", "coordinates": [ [ -0.4110021, 51.4476077 ], [ -0.4109955, 51.4475959 ], [ -0.4109755, 51.4475659 ] ] } },
{ "type": "Feature", "properties": { "id": 55554, "nach": 0.58608486294457329 }, "geometry": { "type": "LineString", "coordinates": [ [ -0.4105889, 51.4473689 ], [ -0.4109049, 51.447522300000017 ], [ -0.4109604, 51.4475373 ], [ -0.4109755, 51.4475659 ] ] } },
{ "type": "Feature", "properties": { "id": 88180, "nach": 0.49981170729469704 }, "geometry": { "type": "LineString", "coordinates": [ [ -0.4117068, 51.4473885 ], [ -0.4120619, 51.4473041 ] ] } },
{ "type": "Feature", "properties": { "id": 88184, "nach": 0.57356342802655425 }, "geometry": { "type": "LineString", "coordinates": [ [ -0.4118393, 51.4472984 ], [ -0.4117068, 51.4473885 ] ] } },
{ "type": "Feature", "properties": { "id": 88182, "nach": 0.64893378651374156 }, "geometry": { "type": "LineString", "coordinates": [ [ -0.411584209443994, 51.447417561911443 ], [ -0.4117068, 51.4473885 ] ] } },
{ "type": "Feature", "properties": { "id": 48034, "nach": 0.47798723965227113 }, "geometry": { "type": "LineString", "coordinates": [ [ -0.4277295, 51.449778 ], [ -0.4277195, 51.4497879 ], [ -0.4280515, 51.4500237 ] ] } },
{ "type": "Feature", "properties": { "id": 57688, "nach": 0.55380164762478024 }, "geometry": { "type": "LineString", "coordinates": [ [ -0.4267403, 51.4496511 ], [ -0.4277214, 51.4502256 ] ] } },
{ "type": "Feature", "properties": { "id": 50206, "nach": 0.45414301599101431 }, "geometry": { "type": "LineString", "coordinates": [ [ -0.4258817, 51.450315799999984 ], [ -0.4268474, 51.4502471 ], [ -0.4277214, 51.4502256 ] ] } },
{ "type": "Feature", "properties": { "id": 85434, "nach": 0.52192485783908071 }, "geometry": { "type": "LineString", "coordinates": [ [ -0.4281524, 51.449951900000016 ], [ -0.4286468, 51.4495998 ], [ -0.4287097, 51.4495492 ], [ -0.4287533, 51.449501300000016 ], [ -0.4287513, 51.4491796 ] ] } },
{ "type": "Feature", "properties": { "id": 85438, "nach": 0.49166960010733407 }, "geometry": { "type": "LineString", "coordinates": [ [ -0.4277928, 51.4496967 ], [ -0.4278202, 51.4497146 ], [ -0.4281524, 51.449951900000016 ] ] } },
{ "type": "Feature", "properties": { "id": 48039, "nach": 0.51538534885479803 }, "geometry": { "type": "LineString", "coordinates": [ [ -0.428747, 51.4490504 ], [ -0.4287513, 51.4491796 ] ] } },
{ "type": "Feature", "properties": { "id": 48040, "nach": 0.60187594016297019 }, "geometry": { "type": "LineString", "coordinates": [ [ -0.428747, 51.4490504 ], [ -0.4288905, 51.4489465 ], [ -0.4289982, 51.4488134 ], [ -0.4290178, 51.448765 ], [ -0.4290182, 51.4487063 ], [ -0.4289602, 51.448606 ] ] } },
{ "type": "Feature", "properties": { "id": 25231, "nach": 0.4998724410267148 }, "geometry": { "type": "LineString", "coordinates": [ [ -0.429848, 51.446929300000015 ], [ -0.4286472, 51.4468445 ], [ -0.4285557, 51.4469579 ] ] } },
{ "type": "Feature", "properties": { "id": 20109, "nach": 0.61789864860752397 }, "geometry": { "type": "LineString", "coordinates": [ [ -0.428343, 51.4474753 ], [ -0.4282647, 51.4473583 ], [ -0.4285557, 51.4469579 ] ] } },
{ "type": "Feature", "properties": { "id": 50713, "nach": 0.63545703383724539 }, "geometry": { "type": "LineString", "coordinates": [ [ -0.4292316, 51.4477356 ], [ -0.428343, 51.4474753 ] ] } },
{ "type": "Feature", "properties": { "id": 85432, "nach": 0.62699964621229065 }, "geometry": { "type": "LineString", "coordinates": [ [ -0.4299976, 51.4482244 ], [ -0.4300289, 51.4482318 ], [ -0.4300861, 51.4482453 ], [ -0.4301585, 51.4482637 ], [ -0.4301985, 51.4482736 ], [ -0.4305768, 51.4483591 ] ] } },
{ "type": "Feature", "properties": { "id": 48094, "nach": 0.44975753476555885 }, "geometry": { "type": "LineString", "coordinates": [ [ -0.4303323, 51.4487821 ], [ -0.4303774, 51.44871710000001 ], [ -0.4304518, 51.4485941 ], [ -0.430521, 51.4484714 ], [ -0.4305671, 51.448378 ], [ -0.4305768, 51.4483591 ] ] } },
{ "type": "Feature", "properties": { "id": 92458, "nach": 0.48592382377521054 }, "geometry": { "type": "LineString", "coordinates": [ [ -0.4308135, 51.4483646 ], [ -0.4307145, 51.4483361 ], [ -0.4306655, 51.4483312 ], [ -0.4305768, 51.4483591 ] ] } },
{ "type": "Feature", "properties": { "id": 48093, "nach": 0.52731539478501399 }, "geometry": { "type": "LineString", "coordinates": [ [ -0.4303323, 51.4487821 ], [ -0.4298428, 51.4486548 ], [ -0.4297448, 51.44864110000001 ], [ -0.4297181, 51.4486364 ] ] } },
{ "type": "Feature", "properties": { "id": 53716, "nach": 0.45050234941044992 }, "geometry": { "type": "LineString", "coordinates": [ [ -0.4310121, 51.4480374 ], [ -0.431028, 51.4480072 ] ] } },
{ "type": "Feature", "properties": { "id": 51007, "nach": 0.58235520765745086 }, "geometry": { "type": "LineString", "coordinates": [ [ -0.4309714, 51.4479096 ], [ -0.4309675, 51.4479544 ], [ -0.4309906, 51.4479852 ], [ -0.431028, 51.4480072 ] ] } },
{ "type": "Feature", "properties": { "id": 53719, "nach": 0.39024699776186483 }, "geometry": { "type": "LineString", "coordinates": [ [ -0.4310121, 51.4480374 ], [ -0.43097, 51.4480163 ], [ -0.4309344, 51.4479415 ], [ -0.4309324, 51.447896600000014 ] ] } },
{ "type": "Feature", "properties": { "id": 92460, "nach": 0.41658250982495976 }, "geometry": { "type": "LineString", "coordinates": [ [ -0.4308135, 51.4483646 ], [ -0.4308302, 51.4483332 ], [ -0.4308509, 51.448294300000015 ], [ -0.4308804, 51.4482389 ], [ -0.4310121, 51.4480374 ] ] } },
{ "type": "Feature", "properties": { "id": 51005, "nach": 0.49078224676414556 }, "geometry": { "type": "LineString", "coordinates": [ [ -0.4309714, 51.4479096 ], [ -0.4311691, 51.4475969 ] ] } },
{ "type": "Feature", "properties": { "id": 51006, "nach": 0.56137433316711771 }, "geometry": { "type": "LineString", "coordinates": [ [ -0.4309714, 51.4479096 ], [ -0.4309324, 51.447896600000014 ] ] } },
{ "type": "Feature", "properties": { "id": 53713, "nach": 0.5165324086009444 }, "geometry": { "type": "LineString", "coordinates": [ [ -0.43124, 51.4474936 ], [ -0.4311691, 51.4475969 ] ] } },
{ "type": "Feature", "properties": { "id": 53710, "nach": 0.48585498559101792 }, "geometry": { "type": "LineString", "coordinates": [ [ -0.4311275, 51.4475885 ], [ -0.4311691, 51.4475969 ] ] } },
{ "type": "Feature", "properties": { "id": 85422, "nach": 0.43933126464643529 }, "geometry": { "type": "LineString", "coordinates": [ [ -0.4309624, 51.44712710000001 ], [ -0.4310197, 51.44714 ], [ -0.4311563, 51.4471764 ], [ -0.431156, 51.4471948 ], [ -0.4312943, 51.4472321 ], [ -0.4312589, 51.447319600000014 ], [ -0.4312737, 51.4474032 ], [ -0.43124, 51.4474936 ] ] } },
{ "type": "Feature", "properties": { "id": 92455, "nach": 0.45559197197508244 }, "geometry": { "type": "LineString", "coordinates": [ [ -0.4311931, 51.4476686 ], [ -0.431296, 51.447502900000011 ], [ -0.43124, 51.4474936 ] ] } },
{ "type": "Feature", "properties": { "id": 53711, "nach": 0.46317664860851626 }, "geometry": { "type": "LineString", "coordinates": [ [ -0.4311275, 51.4475885 ], [ -0.4309324, 51.447896600000014 ] ] } },
{ "type": "Feature", "properties": { "id": 85419, "nach": 0.51589425461129002 }, "geometry": { "type": "LineString", "coordinates": [ [ -0.4306009, 51.44745970000001 ], [ -0.430645, 51.447469400000017 ], [ -0.4306893, 51.4474796 ], [ -0.4311275, 51.4475885 ] ] } },
{ "type": "Feature", "properties": { "id": 23751, "nach": 0.55266252776546665 }, "geometry": { "type": "LineString", "coordinates": [ [ -0.432128, 51.4472527 ], [ -0.4322819, 51.4472984 ], [ -0.4324612, 51.447358 ], [ -0.433232, 51.4475529 ], [ -0.4334082, 51.4475757 ] ] } },
{ "type": "Feature", "properties": { "id": 54370, "nach": 0.44523583359970287 }, "geometry": { "type": "LineString", "coordinates": [ [ -0.4244309, 51.449199500000013 ], [ -0.4244081, 51.4491959 ] ] } },
{ "type": "Feature", "properties": { "id": 54372, "nach": 0.44366313590952683 }, "geometry": { "type": "LineString", "coordinates": [ [ -0.4244309, 51.449199500000013 ], [ -0.4244248, 51.4492408 ], [ -0.4244215, 51.4492626 ] ] } },
{ "type": "Feature", "properties": { "id": 54373, "nach": 0.44366313590952683 }, "geometry": { "type": "LineString", "coordinates": [ [ -0.4244309, 51.449199500000013 ], [ -0.4244341, 51.449171 ], [ -0.4244374, 51.449142100000017 ] ] } },
{ "type": "Feature", "properties": { "id": 57669, "nach": 0.5372130944307254 }, "geometry": { "type": "LineString", "coordinates": [ [ -0.4249597, 51.4493255 ], [ -0.4249623, 51.4492443 ], [ -0.4244309, 51.449199500000013 ] ] } },
{ "type": "Feature", "properties": { "id": 57668, "nach": 0.56690347652877027 }, "geometry": { "type": "LineString", "coordinates": [ [ -0.4249597, 51.4493255 ], [ -0.42488, 51.449812 ] ] } },
{ "type": "Feature", "properties": { "id": 19905, "nach": 0.46677861025424272 }, "geometry": { "type": "LineString", "coordinates": [ [ -0.42438, 51.4497773 ], [ -0.42488, 51.449812 ] ] } },
{ "type": "Feature", "properties": { "id": 57671, "nach": 0.44150482319676765 }, "geometry": { "type": "LineString", "coordinates": [ [ -0.4255049, 51.449696500000016 ], [ -0.4251683, 51.4495344 ], [ -0.4251495, 51.4495026 ], [ -0.4251831, 51.4493664 ], [ -0.4250235, 51.4493252 ], [ -0.4249597, 51.4493255 ] ] } },
{ "type": "Feature", "properties": { "id": 88761, "nach": 0.57782652238298093 }, "geometry": { "type": "LineString", "coordinates": [ [ -0.4270599, 51.44938350000001 ], [ -0.4270272, 51.449418599999987 ], [ -0.4267768, 51.449622899999987 ], [ -0.4267403, 51.4496511 ] ] } },
{ "type": "Feature", "properties": { "id": 88760, "nach": 0.49097205113040393 }, "geometry": { "type": "LineString", "coordinates": [ [ -0.4270599, 51.44938350000001 ], [ -0.4273315, 51.4494787 ], [ -0.4277167, 51.4497209 ], [ -0.4277574, 51.449720400000018 ], [ -0.4277928, 51.4496967 ] ] } },
{ "type": "Feature", "properties": { "id": 85440, "nach": 0.47957509328718834 }, "geometry": { "type": "LineString", "coordinates": [ [ -0.4289321, 51.448196400000022 ], [ -0.4291917, 51.4478483 ], [ -0.4292316, 51.4477356 ] ] } },
{ "type": "Feature", "properties": { "id": 50715, "nach": 0.67200938724718851 }, "geometry": { "type": "LineString", "coordinates": [ [ -0.4292316, 51.4477356 ], [ -0.4293091, 51.447755 ], [ -0.4294008, 51.4477904 ] ] } },
{ "type": "Feature", "properties": { "id": 19940, "nach": 0.67335766323666379 }, "geometry": { "type": "LineString", "coordinates": [ [ -0.4294008, 51.4477904 ], [ -0.4296393, 51.44788350000001 ] ] } },
{ "type": "Feature", "properties": { "id": 19928, "nach": 0.57304833052150395 }, "geometry": { "type": "LineString", "coordinates": [ [ -0.429969, 51.447672 ], [ -0.429891, 51.4477562 ], [ -0.4297412, 51.4478623 ], [ -0.4296393, 51.44788350000001 ] ] } },
{ "type": "Feature", "properties": { "id": 19935, "nach": 0.66075696879635215 }, "geometry": { "type": "LineString", "coordinates": [ [ -0.4299363, 51.4480447 ], [ -0.4298412, 51.447988600000016 ], [ -0.4297327, 51.4479248 ], [ -0.4296393, 51.44788350000001 ] ] } },
{ "type": "Feature", "properties": { "id": 48036, "nach": 0.51780871407659901 }, "geometry": { "type": "LineString", "coordinates": [ [ -0.4289602, 51.448606 ], [ -0.4289019, 51.448556600000011 ], [ -0.4289028, 51.44842 ], [ -0.4294008, 51.4477904 ] ] } },
{ "type": "Feature", "properties": { "id": 19927, "nach": 0.51941148835816275 }, "geometry": { "type": "LineString", "coordinates": [ [ -0.429969, 51.447672 ], [ -0.4300594, 51.447569 ], [ -0.4302306, 51.4473859 ], [ -0.430361, 51.447302 ], [ -0.4304781, 51.4472487 ], [ -0.4307968, 51.447169 ] ] } },
{ "type": "Feature", "properties": { "id": 19932, "nach": 0.51142023155259142 }, "geometry": { "type": "LineString", "coordinates": [ [ -0.430539, 51.4475081 ], [ -0.4301966, 51.447599700000012 ], [ -0.429969, 51.447672 ] ] } },
{ "type": "Feature", "properties": { "id": 85431, "nach": 0.66007014849345236 }, "geometry": { "type": "LineString", "coordinates": [ [ -0.4299976, 51.4482244 ], [ -0.4299703, 51.4481421 ], [ -0.4299363, 51.4480447 ] ] } },
{ "type": "Feature", "properties": { "id": 85428, "nach": 0.57535785806722783 }, "geometry": { "type": "LineString", "coordinates": [ [ -0.4303562, 51.4477617 ], [ -0.4303138, 51.4478205 ], [ -0.4301868, 51.447846 ], [ -0.4301125, 51.4478721 ], [ -0.4300306, 51.4479149 ], [ -0.4299658, 51.4479887 ], [ -0.4299363, 51.4480447 ] ] } },
{ "type": "Feature", "properties": { "id": 85420, "nach": 0.54421711335713907 }, "geometry": { "type": "LineString", "coordinates": [ [ -0.4309624, 51.44712710000001 ], [ -0.4307968, 51.447169 ] ] } },
{ "type": "Feature", "properties": { "id": 85417, "nach": 0.48692401134685692 }, "geometry": { "type": "LineString", "coordinates": [ [ -0.4306009, 51.44745970000001 ], [ -0.4307968, 51.447169 ] ] } },
{ "type": "Feature", "properties": { "id": 85421, "nach": 0.55059039167626211 }, "geometry": { "type": "LineString", "coordinates": [ [ -0.4309624, 51.44712710000001 ], [ -0.4310018, 51.4471171 ], [ -0.4312387, 51.4470886 ], [ -0.4314126, 51.4470892 ], [ -0.4316583, 51.447143200000021 ], [ -0.432128, 51.4472527 ] ] } },
{ "type": "Feature", "properties": { "id": 85418, "nach": 0.54130556014227516 }, "geometry": { "type": "LineString", "coordinates": [ [ -0.4306009, 51.44745970000001 ], [ -0.4305837, 51.4474852 ], [ -0.430539, 51.4475081 ] ] } },
{ "type": "Feature", "properties": { "id": 48074, "nach": 0.64417331593035698 }, "geometry": { "type": "LineString", "coordinates": [ [ -0.4320931, 51.4473057 ], [ -0.4321044, 51.447283 ], [ -0.432128, 51.4472527 ] ] } },
{ "type": "Feature", "properties": { "id": 85427, "nach": 0.51134095620227982 }, "geometry": { "type": "LineString", "coordinates": [ [ -0.4303562, 51.4477617 ], [ -0.430539, 51.4475081 ] ] } },
{ "type": "Feature", "properties": { "id": 85429, "nach": 0.55973188818011776 }, "geometry": { "type": "LineString", "coordinates": [ [ -0.4303562, 51.4477617 ], [ -0.430386, 51.447768900000014 ], [ -0.4304345, 51.4477808 ] ] } },
{ "type": "Feature", "properties": { "id": 85430, "nach": 0.6158696818665319 }, "geometry": { "type": "LineString", "coordinates": [ [ -0.4299976, 51.4482244 ], [ -0.4299998, 51.448231 ], [ -0.4299707, 51.448345800000013 ], [ -0.4299063, 51.4484565 ], [ -0.4298567, 51.44851 ], [ -0.429778, 51.4485614 ], [ -0.4297181, 51.4486364 ] ] } },
{ "type": "Feature", "properties": { "id": 41852, "nach": 0.63463437491675601 }, "geometry": { "type": "LineString", "coordinates": [ [ -0.4297181, 51.4486364 ], [ -0.4296927, 51.4486957 ], [ -0.4297149, 51.4487881 ], [ -0.4297427, 51.4488515 ], [ -0.4297122, 51.4489289 ] ] } },
{ "type": "Feature", "properties": { "id": 48035, "nach": 0.59021503674271425 }, "geometry": { "type": "LineString", "coordinates": [ [ -0.4289602, 51.448606 ], [ -0.4290861, 51.44866420000001 ], [ -0.4297122, 51.4489289 ] ] } },
{ "type": "Feature", "properties": { "id": 49450, "nach": 0.59777017333400251 }, "geometry": { "type": "LineString", "coordinates": [ [ -0.4248307, 51.4518252 ], [ -0.4247249, 51.4517727 ], [ -0.4246924, 51.451754199999989 ], [ -0.4246481, 51.4517194 ], [ -0.4246249, 51.4516814 ], [ -0.4246099, 51.4515818 ], [ -0.4246002, 51.4515494 ], [ -0.4245961, 51.45153590000001 ], [ -0.4245902, 51.4515164 ], [ -0.4245665, 51.4514846 ], [ -0.4245553, 51.4514695 ], [ -0.4243986, 51.4513782 ] ] } },
{ "type": "Feature", "properties": { "id": 48182, "nach": 0.62493545780452331 }, "geometry": { "type": "LineString", "coordinates": [ [ -0.4243347, 51.4514242 ], [ -0.4243665, 51.4514013 ], [ -0.4243986, 51.4513782 ] ] } },
{ "type": "Feature", "properties": { "id": 49419, "nach": 0.63813709550503361 }, "geometry": { "type": "LineString", "coordinates": [ [ -0.423716, 51.4519196 ], [ -0.423725, 51.4519079 ], [ -0.4237261, 51.4519064 ], [ -0.4237917, 51.4518214 ], [ -0.4241776, 51.4515378 ], [ -0.4242181, 51.4515081 ], [ -0.4243347, 51.4514242 ] ] } },
{ "type": "Feature", "properties": { "id": 57853, "nach": 0.64512951558779519 }, "geometry": { "type": "LineString", "coordinates": [ [ -0.4244385, 51.4513495 ], [ -0.4244339, 51.4513528 ], [ -0.4243986, 51.4513782 ] ] } },
{ "type": "Feature", "properties": { "id": 19971, "nach": 0.45626362668333242 }, "geometry": { "type": "LineString", "coordinates": [ [ -0.4236426, 51.4490598 ], [ -0.4235635, 51.449240900000014 ] ] } },
{ "type": "Feature", "properties": { "id": 19972, "nach": 0.45338132239345053 }, "geometry": { "type": "LineString", "coordinates": [ [ -0.4231712, 51.4491538 ], [ -0.423321, 51.4492224 ], [ -0.4235635, 51.449240900000014 ] ] } },
{ "type": "Feature", "properties": { "id": 19982, "nach": 0.59433351186391703 }, "geometry": { "type": "LineString", "coordinates": [ [ -0.4248745, 51.447971 ], [ -0.4244704, 51.447953 ] ] } },
{ "type": "Feature", "properties": { "id": 19984, "nach": 0.45575138470491311 }, "geometry": { "type": "LineString", "coordinates": [ [ -0.4248745, 51.447971 ], [ -0.4250391, 51.4479799 ] ] } },
{ "type": "Feature", "properties": { "id": 19986, "nach": 0.45243489941728704 }, "geometry": { "type": "LineString", "coordinates": [ [ -0.4248521, 51.4480855 ], [ -0.4248745, 51.447971 ] ] } },
{ "type": "Feature", "properties": { "id": 41506, "nach": 0.58686283660809024 }, "geometry": { "type": "LineString", "coordinates": [ [ -0.4249178, 51.4475571 ], [ -0.4249791, 51.4475821 ], [ -0.4249931, 51.4476515 ], [ -0.4248951, 51.4478086 ], [ -0.4248845, 51.4479355 ], [ -0.4248745, 51.447971 ] ] } },
{ "type": "Feature", "properties": { "id": 41507, "nach": 0.37096944222933864 }, "geometry": { "type": "LineString", "coordinates": [ [ -0.4251205, 51.4481429 ], [ -0.4250669, 51.448126900000013 ], [ -0.4249367, 51.448099 ], [ -0.4248521, 51.4480855 ] ] } },
{ "type": "Feature", "properties": { "id": 67583, "nach": 0.38565491417699399 }, "geometry": { "type": "LineString", "coordinates": [ [ -0.4247592, 51.4483804 ], [ -0.4247748, 51.4483614 ], [ -0.4247868, 51.4481767 ], [ -0.4247916, 51.448132 ], [ -0.4247963, 51.4480994 ], [ -0.4248511, 51.4480979 ], [ -0.4248521, 51.4480855 ] ] } },
{ "type": "Feature", "properties": { "id": 41504, "nach": 0.4414615212312919 }, "geometry": { "type": "LineString", "coordinates": [ [ -0.4249178, 51.4475571 ], [ -0.4248431, 51.447444 ], [ -0.4248257, 51.4473821 ], [ -0.4248046, 51.447316 ] ] } },
{ "type": "Feature", "properties": { "id": 41518, "nach": 0.58786962110903096 }, "geometry": { "type": "LineString", "coordinates": [ [ -0.4253353, 51.4475054 ], [ -0.4252363, 51.447497 ], [ -0.4249791, 51.4475332 ], [ -0.4249178, 51.4475571 ] ] } },
{ "type": "Feature", "properties": { "id": 67581, "nach": 0.42529811543059237 }, "geometry": { "type": "LineString", "coordinates": [ [ -0.4247592, 51.4483804 ], [ -0.4247708, 51.4483853 ], [ -0.4248255, 51.448409200000015 ], [ -0.4249942, 51.4482715 ], [ -0.4251205, 51.4481429 ] ] } },
{ "type": "Feature", "properties": { "id": 41517, "nach": 0.42951830143265524 }, "geometry": { "type": "LineString", "coordinates": [ [ -0.4253353, 51.4475054 ], [ -0.4253199, 51.4475953 ], [ -0.4252628, 51.4479284 ], [ -0.4251205, 51.4481429 ] ] } },
{ "type": "Feature", "properties": { "id": 41514, "nach": 0.53076673789566031 }, "geometry": { "type": "LineString", "coordinates": [ [ -0.4254175, 51.4472265 ], [ -0.4248046, 51.447316 ] ] } },
{ "type": "Feature", "properties": { "id": 41516, "nach": 0.59419381903190216 }, "geometry": { "type": "LineString", "coordinates": [ [ -0.4253353, 51.4475054 ], [ -0.4254175, 51.4472265 ] ] } },
{ "type": "Feature", "properties": { "id": 20002, "nach": 0.49979888955896695 }, "geometry": { "type": "LineString", "coordinates": [ [ -0.4239438, 51.4476562 ], [ -0.4236809, 51.4476708 ], [ -0.4233709, 51.4476751 ], [ -0.4231969, 51.4476054 ], [ -0.4229591, 51.4474567 ] ] } },
{ "type": "Feature", "properties": { "id": 34424, "nach": 0.44308307081667198 }, "geometry": { "type": "LineString", "coordinates": [ [ -0.4228347, 51.4475667 ], [ -0.4228714, 51.4474765 ], [ -0.4229591, 51.4474567 ] ] } },
{ "type": "Feature", "properties": { "id": 67589, "nach": 0.50947885733146925 }, "geometry": { "type": "LineString", "coordinates": [ [ -0.4230882, 51.446734800000016 ], [ -0.4230164, 51.4468914 ], [ -0.4230361, 51.4469534 ], [ -0.4229725, 51.4471401 ], [ -0.4229728, 51.4471811 ] ] } },
{ "type": "Feature", "properties": { "id": 67592, "nach": 0.44162851311179702 }, "geometry": { "type": "LineString", "coordinates": [ [ -0.4226269, 51.447261 ], [ -0.4226612, 51.4471652 ], [ -0.4228962, 51.447199 ], [ -0.4229728, 51.4471811 ] ] } },
{ "type": "Feature", "properties": { "id": 20004, "nach": 0.42607197695502874 }, "geometry": { "type": "LineString", "coordinates": [ [ -0.4239012, 51.4475753 ], [ -0.4239438, 51.4476562 ] ] } },
{ "type": "Feature", "properties": { "id": 20005, "nach": 0.42396522265471515 }, "geometry": { "type": "LineString", "coordinates": [ [ -0.4239982, 51.447863500000018 ], [ -0.4240267, 51.4477494 ], [ -0.4239438, 51.4476562 ] ] } },
{ "type": "Feature", "properties": { "id": 67588, "nach": 0.43709526092453121 }, "geometry": { "type": "LineString", "coordinates": [ [ -0.4230882, 51.446734800000016 ], [ -0.423101, 51.4467069 ] ] } },
{ "type": "Feature", "properties": { "id": 67591, "nach": 0.43265099342095831 }, "geometry": { "type": "LineString", "coordinates": [ [ -0.4228401, 51.4466525 ], [ -0.4228266, 51.44668930000001 ], [ -0.4230882, 51.446734800000016 ] ] } },
{ "type": "Feature", "properties": { "id": 20014, "nach": 0.62636621024382466 }, "geometry": { "type": "LineString", "coordinates": [ [ -0.4241187, 51.446449 ], [ -0.4239649, 51.4463562 ], [ -0.4237841, 51.4462745 ], [ -0.4235377, 51.4462422 ] ] } },
{ "type": "Feature", "properties": { "id": 42554, "nach": 0.54894537753013595 }, "geometry": { "type": "LineString", "coordinates": [ [ -0.4233748, 51.4461807 ], [ -0.4234617, 51.4462098 ], [ -0.4235377, 51.4462422 ] ] } },
{ "type": "Feature", "properties": { "id": 20017, "nach": 0.62380740381372346 }, "geometry": { "type": "LineString", "coordinates": [ [ -0.4241882, 51.44647710000001 ], [ -0.4241187, 51.446449 ] ] } },
{ "type": "Feature", "properties": { "id": 67564, "nach": 0.45788443356001668 }, "geometry": { "type": "LineString", "coordinates": [ [ -0.4242893, 51.4463145 ], [ -0.4241872, 51.4462979 ], [ -0.4241187, 51.446449 ] ] } },
{ "type": "Feature", "properties": { "id": 42553, "nach": 0.55166242613249694 }, "geometry": { "type": "LineString", "coordinates": [ [ -0.4233748, 51.4461807 ], [ -0.4231619, 51.4461314 ] ] } },
{ "type": "Feature", "properties": { "id": 42555, "nach": 0.47179128181834695 }, "geometry": { "type": "LineString", "coordinates": [ [ -0.4233748, 51.4461807 ], [ -0.4234217, 51.4461014 ], [ -0.4234456, 51.4460561 ], [ -0.4234828, 51.4459608 ] ] } },
{ "type": "Feature", "properties": { "id": 41481, "nach": 0.61576370056269947 }, "geometry": { "type": "LineString", "coordinates": [ [ -0.4242879, 51.446487500000011 ], [ -0.4241882, 51.44647710000001 ] ] } },
{ "type": "Feature", "properties": { "id": 67568, "nach": 0.58395960729073482 }, "geometry": { "type": "LineString", "coordinates": [ [ -0.4241533, 51.4466706 ], [ -0.4241882, 51.44647710000001 ] ] } },
{ "type": "Feature", "properties": { "id": 41482, "nach": 0.6140140124894965 }, "geometry": { "type": "LineString", "coordinates": [ [ -0.4242879, 51.446487500000011 ], [ -0.4244251, 51.4464824 ], [ -0.4245906, 51.4464477 ] ] } },
{ "type": "Feature", "properties": { "id": 41499, "nach": 0.26609222517974562 }, "geometry": { "type": "LineString", "coordinates": [ [ -0.424371, 51.4461275 ], [ -0.4243448, 51.4461834 ], [ -0.4243963, 51.4462647 ], [ -0.4243923, 51.4463055 ], [ -0.4243472, 51.4463517 ], [ -0.4242879, 51.446487500000011 ] ] } },
{ "type": "Feature", "properties": { "id": 67567, "nach": 0.52849319602162914 }, "geometry": { "type": "LineString", "coordinates": [ [ -0.4241533, 51.4466706 ], [ -0.4241424, 51.4467314 ] ] } },
{ "type": "Feature", "properties": { "id": 67570, "nach": 0.5252759465614355 }, "geometry": { "type": "LineString", "coordinates": [ [ -0.4238095, 51.4466298 ], [ -0.4241533, 51.4466706 ] ] } },
{ "type": "Feature", "properties": { "id": 41486, "nach": 0.60404527688424914 }, "geometry": { "type": "LineString", "coordinates": [ [ -0.4247666, 51.4462116 ], [ -0.4247486, 51.4462853 ], [ -0.4246939, 51.44637 ], [ -0.4245906, 51.4464477 ] ] } },
{ "type": "Feature", "properties": { "id": 20030, "nach": 0.49024484873639984 }, "geometry": { "type": "LineString", "coordinates": [ [ -0.4250884, 51.4467554 ], [ -0.4249342, 51.4467063 ], [ -0.4245906, 51.4464477 ] ] } },
{ "type": "Feature", "properties": { "id": 42556, "nach": 0.63874300768512993 }, "geometry": { "type": "LineString", "coordinates": [ [ -0.4247872, 51.446215100000018 ], [ -0.4247666, 51.4462116 ] ] } },
{ "type": "Feature", "properties": { "id": 41497, "nach": 0.57673001793470591 }, "geometry": { "type": "LineString", "coordinates": [ [ -0.424371, 51.4461275 ], [ -0.4247666, 51.4462116 ] ] } },
{ "type": "Feature", "properties": { "id": 20031, "nach": 0.45753247852601375 }, "geometry": { "type": "LineString", "coordinates": [ [ -0.4250437, 51.4468246 ], [ -0.4250884, 51.4467554 ] ] } },
{ "type": "Feature", "properties": { "id": 67585, "nach": 0.50395082476672981 }, "geometry": { "type": "LineString", "coordinates": [ [ -0.425116, 51.446739600000015 ], [ -0.4250884, 51.4467554 ] ] } },
{ "type": "Feature", "properties": { "id": 67563, "nach": 0.46665176694083477 }, "geometry": { "type": "LineString", "coordinates": [ [ -0.423134, 51.446191500000012 ], [ -0.4231619, 51.4461314 ] ] } },
{ "type": "Feature", "properties": { "id": 67566, "nach": 0.45473378986013563 }, "geometry": { "type": "LineString", "coordinates": [ [ -0.4240486, 51.4467201 ], [ -0.4241424, 51.4467314 ] ] } },
{ "type": "Feature", "properties": { "id": 67565, "nach": 0.4544348758327752 }, "geometry": { "type": "LineString", "coordinates": [ [ -0.4242751, 51.4467544 ], [ -0.4241424, 51.4467314 ] ] } },
{ "type": "Feature", "properties": { "id": 67586, "nach": 0.51586327482621852 }, "geometry": { "type": "LineString", "coordinates": [ [ -0.425116, 51.446739600000015 ], [ -0.425167, 51.4467055 ], [ -0.4252246, 51.4466775 ], [ -0.425241, 51.446598 ], [ -0.4252705, 51.44656830000001 ], [ -0.4252821, 51.4465358 ], [ -0.4252964, 51.44647830000001 ], [ -0.4253117, 51.446457900000013 ] ] } },
{ "type": "Feature", "properties": { "id": 67587, "nach": 0.45455593040382064 }, "geometry": { "type": "LineString", "coordinates": [ [ -0.425116, 51.446739600000015 ], [ -0.4252812, 51.4468089 ], [ -0.4254147, 51.4468521 ] ] } },
{ "type": "Feature", "properties": { "id": 85396, "nach": 0.44885259513611492 }, "geometry": { "type": "LineString", "coordinates": [ [ -0.4228439, 51.4453704 ], [ -0.423004, 51.4453392 ], [ -0.4235543, 51.445203 ] ] } },
{ "type": "Feature", "properties": { "id": 85397, "nach": 0.54104891866086069 }, "geometry": { "type": "LineString", "coordinates": [ [ -0.4228439, 51.4453704 ], [ -0.4227495, 51.4453888 ], [ -0.4225021, 51.4454833 ] ] } },
{ "type": "Feature", "properties": { "id": 85395, "nach": 0.50641214734817608 }, "geometry": { "type": "LineString", "coordinates": [ [ -0.4228439, 51.4453704 ], [ -0.4228164, 51.445321 ], [ -0.4235273, 51.4451689 ], [ -0.4245462, 51.4449624 ], [ -0.4246345, 51.4449359 ] ] } },
{ "type": "Feature", "properties": { "id": 42508, "nach": 0.39008204239228189 }, "geometry": { "type": "LineString", "coordinates": [ [ -0.4238896, 51.4454803 ], [ -0.4237603, 51.44533770000001 ] ] } },
{ "type": "Feature", "properties": { "id": 42491, "nach": 0.56096750605248913 }, "geometry": { "type": "LineString", "coordinates": [ [ -0.4242291, 51.445417300000017 ], [ -0.4240547, 51.4453923 ], [ -0.4237603, 51.44533770000001 ] ] } },
{ "type": "Feature", "properties": { "id": 47427, "nach": 0.565853431759748 }, "geometry": { "type": "LineString", "coordinates": [ [ -0.4225021, 51.4454833 ], [ -0.4225731, 51.4455062 ], [ -0.4229752, 51.4454211 ], [ -0.4231692, 51.4454522 ], [ -0.4237603, 51.44533770000001 ] ] } },
{ "type": "Feature", "properties": { "id": 42513, "nach": 0.49433115049739379 }, "geometry": { "type": "LineString", "coordinates": [ [ -0.4240961, 51.4455505 ], [ -0.4239701, 51.44551460000001 ], [ -0.4238896, 51.4454803 ] ] } },
{ "type": "Feature", "properties": { "id": 42489, "nach": 0.55888183941571512 }, "geometry": { "type": "LineString", "coordinates": [ [ -0.4242291, 51.445417300000017 ], [ -0.4247628, 51.4453053 ] ] } },
{ "type": "Feature", "properties": { "id": 42514, "nach": 0.44323827912829677 }, "geometry": { "type": "LineString", "coordinates": [ [ -0.4240961, 51.4455505 ], [ -0.4242291, 51.445417300000017 ] ] } },
{ "type": "Feature", "properties": { "id": 47399, "nach": 0.38837464696059293 }, "geometry": { "type": "LineString", "coordinates": [ [ -0.4246933, 51.4451865 ], [ -0.4245456, 51.4451611 ], [ -0.4243559, 51.4452509 ], [ -0.4242291, 51.445417300000017 ] ] } },
{ "type": "Feature", "properties": { "id": 55753, "nach": 0.45095225222095275 }, "geometry": { "type": "LineString", "coordinates": [ [ -0.4217726, 51.447390599999984 ], [ -0.4218207, 51.4473814 ], [ -0.4218609, 51.4473737 ] ] } },
{ "type": "Feature", "properties": { "id": 55754, "nach": 0.44863357619939592 }, "geometry": { "type": "LineString", "coordinates": [ [ -0.4218789, 51.4475997 ], [ -0.4218231, 51.4474899 ], [ -0.4217726, 51.447390599999984 ] ] } },
{ "type": "Feature", "properties": { "id": 20057, "nach": 0.60628546765759195 }, "geometry": { "type": "LineString", "coordinates": [ [ -0.4205291, 51.44759220000001 ], [ -0.4204867, 51.4478305 ] ] } },
{ "type": "Feature", "properties": { "id": 59514, "nach": 0.45444308213491541 }, "geometry": { "type": "LineString", "coordinates": [ [ -0.4205853, 51.4473646 ], [ -0.4206488, 51.4474612 ], [ -0.4206512, 51.4474802 ], [ -0.4206241, 51.447509399999987 ], [ -0.4205784, 51.447530600000015 ], [ -0.4205396, 51.4475554 ], [ -0.4205291, 51.44759220000001 ] ] } },
{ "type": "Feature", "properties": { "id": 20056, "nach": 0.57060529639291913 }, "geometry": { "type": "LineString", "coordinates": [ [ -0.4204867, 51.4478305 ], [ -0.4202803, 51.4478155 ], [ -0.4200517, 51.447737600000018 ] ] } },
{ "type": "Feature", "properties": { "id": 20065, "nach": 0.52978158556833055 }, "geometry": { "type": "LineString", "coordinates": [ [ -0.4197178, 51.4478417 ], [ -0.4199393, 51.4477881 ], [ -0.4200517, 51.447737600000018 ] ] } },
{ "type": "Feature", "properties": { "id": 67552, "nach": 0.61126635525497364 }, "geometry": { "type": "LineString", "coordinates": [ [ -0.4204581, 51.4481507 ], [ -0.4204867, 51.4478305 ] ] } },
{ "type": "Feature", "properties": { "id": 20066, "nach": 0.45597836089674448 }, "geometry": { "type": "LineString", "coordinates": [ [ -0.4195933, 51.4478624 ], [ -0.4197178, 51.4478417 ] ] } },
{ "type": "Feature", "properties": { "id": 20067, "nach": 0.45493147619199553 }, "geometry": { "type": "LineString", "coordinates": [ [ -0.4197939, 51.447980800000018 ], [ -0.4197178, 51.4478417 ] ] } },
{ "type": "Feature", "properties": { "id": 67553, "nach": 0.45929331277739033 }, "geometry": { "type": "LineString", "coordinates": [ [ -0.4204581, 51.4481507 ], [ -0.4207309, 51.4481648 ] ] } },
{ "type": "Feature", "properties": { "id": 67556, "nach": 0.61180754859946085 }, "geometry": { "type": "LineString", "coordinates": [ [ -0.4204512, 51.4482203 ], [ -0.4204581, 51.4481507 ] ] } },
{ "type": "Feature", "properties": { "id": 67555, "nach": 0.61302554297057665 }, "geometry": { "type": "LineString", "coordinates": [ [ -0.4204512, 51.4482203 ], [ -0.4204975, 51.4483071 ] ] } },
{ "type": "Feature", "properties": { "id": 55749, "nach": 0.46337379451895422 }, "geometry": { "type": "LineString", "coordinates": [ [ -0.4206156, 51.4482834 ], [ -0.4204975, 51.4483071 ] ] } },
{ "type": "Feature", "properties": { "id": 67557, "nach": 0.45994501343504224 }, "geometry": { "type": "LineString", "coordinates": [ [ -0.4204512, 51.4482203 ], [ -0.4203188, 51.4482295 ], [ -0.420162, 51.4482673 ] ] } },
{ "type": "Feature", "properties": { "id": 50711, "nach": 0.45605053404737972 }, "geometry": { "type": "LineString", "coordinates": [ [ -0.4194311, 51.4465499 ], [ -0.4193139, 51.446575400000015 ], [ -0.4192226, 51.4465858 ], [ -0.4191258, 51.446527100000012 ] ] } },
{ "type": "Feature", "properties": { "id": 20078, "nach": 0.62043434285995214 }, "geometry": { "type": "LineString", "coordinates": [ [ -0.4189495, 51.4489415 ], [ -0.4186144, 51.4487576 ] ] } },
{ "type": "Feature", "properties": { "id": 41529, "nach": 0.4908520215744494 }, "geometry": { "type": "LineString", "coordinates": [ [ -0.4189663, 51.4484616 ], [ -0.418863, 51.4485174 ], [ -0.4186144, 51.4487576 ] ] } },
{ "type": "Feature", "properties": { "id": 60350, "nach": 0.56666591592780513 }, "geometry": { "type": "LineString", "coordinates": [ [ -0.4176075, 51.44836930000001 ], [ -0.4175964, 51.4483864 ], [ -0.4175856, 51.4485331 ] ] } },
{ "type": "Feature", "properties": { "id": 20100, "nach": 0.53243753005916228 }, "geometry": { "type": "LineString", "coordinates": [ [ -0.4173494, 51.4490094 ], [ -0.4175356, 51.4487016 ], [ -0.4175856, 51.4485331 ] ] } },
{ "type": "Feature", "properties": { "id": 20085, "nach": 0.61494639897234105 }, "geometry": { "type": "LineString", "coordinates": [ [ -0.4194895, 51.4490011 ], [ -0.4189495, 51.4489415 ] ] } },
{ "type": "Feature", "properties": { "id": 20081, "nach": 0.53696953207471987 }, "geometry": { "type": "LineString", "coordinates": [ [ -0.4187226, 51.4492661 ], [ -0.4189495, 51.4489415 ] ] } },
{ "type": "Feature", "properties": { "id": 41530, "nach": 0.42945965819607962 }, "geometry": { "type": "LineString", "coordinates": [ [ -0.4189663, 51.4484616 ], [ -0.419096, 51.4485308 ], [ -0.4191442, 51.4485302 ], [ -0.4194698, 51.4486706 ], [ -0.4195369, 51.4487802 ] ] } },
{ "type": "Feature", "properties": { "id": 60356, "nach": 0.46429552314778161 }, "geometry": { "type": "LineString", "coordinates": [ [ -0.4192393, 51.4482869 ], [ -0.4190401, 51.4484096 ], [ -0.4189663, 51.4484616 ] ] } },
{ "type": "Feature", "properties": { "id": 20088, "nach": 0.53141985969119143 }, "geometry": { "type": "LineString", "coordinates": [ [ -0.4195369, 51.4487802 ], [ -0.4194895, 51.4490011 ] ] } },
{ "type": "Feature", "properties": { "id": 20092, "nach": 0.54147093544227087 }, "geometry": { "type": "LineString", "coordinates": [ [ -0.4194442, 51.4493285 ], [ -0.4194895, 51.4490011 ] ] } },
{ "type": "Feature", "properties": { "id": 59519, "nach": 0.46058123030293707 }, "geometry": { "type": "LineString", "coordinates": [ [ -0.4182669, 51.449143700000015 ], [ -0.4187226, 51.4492661 ] ] } },
{ "type": "Feature", "properties": { "id": 60333, "nach": 0.46170183123288644 }, "geometry": { "type": "LineString", "coordinates": [ [ -0.4187625, 51.4494592 ], [ -0.4188287, 51.4493098 ], [ -0.4187226, 51.4492661 ] ] } },
{ "type": "Feature", "properties": { "id": 60357, "nach": 0.46653944157130761 }, "geometry": { "type": "LineString", "coordinates": [ [ -0.4197635, 51.448675300000012 ], [ -0.4196656, 51.448631 ], [ -0.4195717, 51.4487204 ], [ -0.4195369, 51.4487802 ] ] } },
{ "type": "Feature", "properties": { "id": 20094, "nach": 0.46820693104919403 }, "geometry": { "type": "LineString", "coordinates": [ [ -0.4193278, 51.4493223 ], [ -0.4194442, 51.4493285 ] ] } },
{ "type": "Feature", "properties": { "id": 60332, "nach": 0.46508882807188912 }, "geometry": { "type": "LineString", "coordinates": [ [ -0.419543, 51.4495486 ], [ -0.4195416, 51.4494325 ], [ -0.4194442, 51.4493285 ] ] } },
{ "type": "Feature", "properties": { "id": 60351, "nach": 0.46411378415880716 }, "geometry": { "type": "LineString", "coordinates": [ [ -0.4174326, 51.4483296 ], [ -0.4176075, 51.44836930000001 ] ] } },
{ "type": "Feature", "properties": { "id": 60353, "nach": 0.52791672101309439 }, "geometry": { "type": "LineString", "coordinates": [ [ -0.4180039, 51.4479033 ], [ -0.4178929, 51.4480763 ], [ -0.4176075, 51.44836930000001 ] ] } },
{ "type": "Feature", "properties": { "id": 60347, "nach": 0.45655340870406069 }, "geometry": { "type": "LineString", "coordinates": [ [ -0.4170686, 51.4489424 ], [ -0.4173494, 51.4490094 ] ] } },
{ "type": "Feature", "properties": { "id": 60346, "nach": 0.45902668941846358 }, "geometry": { "type": "LineString", "coordinates": [ [ -0.4174568, 51.449041200000018 ], [ -0.4173494, 51.4490094 ] ] } },
{ "type": "Feature", "properties": { "id": 60352, "nach": 0.4537574172754873 }, "geometry": { "type": "LineString", "coordinates": [ [ -0.4180039, 51.4479033 ], [ -0.4180424, 51.4478435 ] ] } },
{ "type": "Feature", "properties": { "id": 60355, "nach": 0.45282998970485538 }, "geometry": { "type": "LineString", "coordinates": [ [ -0.4177196, 51.4478022 ], [ -0.4178283, 51.4478298 ], [ -0.4178698, 51.4478682 ], [ -0.4180039, 51.4479033 ] ] } },
{ "type": "Feature", "properties": { "id": 31253, "nach": 0.23366609707707997 }, "geometry": { "type": "LineString", "coordinates": [ [ -0.4179279, 51.442079 ], [ -0.4167663, 51.4435013 ], [ -0.4163475, 51.4438113 ] ] } },
{ "type": "Feature", "properties": { "id": 48582, "nach": 0.6092840947372733 }, "geometry": { "type": "LineString", "coordinates": [ [ -0.4117392, 51.4443666 ], [ -0.4117698, 51.4443191 ] ] } },
{ "type": "Feature", "properties": { "id": 95003, "nach": 0.67834501841652384 }, "geometry": { "type": "LineString", "coordinates": [ [ -0.4116085, 51.4442734 ], [ -0.4117698, 51.4443191 ] ] } },
{ "type": "Feature", "properties": { "id": 34212, "nach": 0.64571792109671544 }, "geometry": { "type": "LineString", "coordinates": [ [ -0.4121136, 51.4444086 ], [ -0.4120085, 51.4443774 ], [ -0.4117698, 51.4443191 ] ] } },
{ "type": "Feature", "properties": { "id": 48584, "nach": 0.57207369937650954 }, "geometry": { "type": "LineString", "coordinates": [ [ -0.4117392, 51.4443666 ], [ -0.4117342, 51.444373 ], [ -0.4117247, 51.4443852 ], [ -0.4116478, 51.4445261 ], [ -0.411446, 51.444895899999985 ], [ -0.4113735, 51.4450287 ], [ -0.4113472, 51.4450735 ] ] } },
{ "type": "Feature", "properties": { "id": 55357, "nach": 0.56438007078100472 }, "geometry": { "type": "LineString", "coordinates": [ [ -0.4113657, 51.4442624 ], [ -0.4117392, 51.4443666 ] ] } },
{ "type": "Feature", "properties": { "id": 55364, "nach": 0.59396884116649074 }, "geometry": { "type": "LineString", "coordinates": [ [ -0.4125767, 51.4448243 ], [ -0.4125502, 51.4447646 ], [ -0.4124182, 51.444625 ], [ -0.4122475, 51.4445199 ], [ -0.412119, 51.444471 ], [ -0.4117392, 51.4443666 ] ] } },
{ "type": "Feature", "properties": { "id": 95002, "nach": 0.62012571750180201 }, "geometry": { "type": "LineString", "coordinates": [ [ -0.4114332, 51.444180900000013 ], [ -0.4115895, 51.444244 ], [ -0.4116085, 51.4442734 ] ] } },
{ "type": "Feature", "properties": { "id": 95004, "nach": 0.64739523105471619 }, "geometry": { "type": "LineString", "coordinates": [ [ -0.4116085, 51.4442734 ], [ -0.411553, 51.4442861 ], [ -0.4114551, 51.4442585 ], [ -0.4113844, 51.444235500000012 ] ] } },
{ "type": "Feature", "properties": { "id": 34213, "nach": 0.64656752819698082 }, "geometry": { "type": "LineString", "coordinates": [ [ -0.4121136, 51.4444086 ], [ -0.4122812, 51.4444795 ], [ -0.412414, 51.4445637 ], [ -0.4125547, 51.4446759 ] ] } },
{ "type": "Feature", "properties": { "id": 55305, "nach": 0.59436607288311205 }, "geometry": { "type": "LineString", "coordinates": [ [ -0.4121584, 51.4443603 ], [ -0.4121136, 51.4444086 ] ] } },
{ "type": "Feature", "properties": { "id": 47597, "nach": 0.64480524129855055 }, "geometry": { "type": "LineString", "coordinates": [ [ -0.4108414, 51.4449487 ], [ -0.4113472, 51.4450735 ] ] } },
{ "type": "Feature", "properties": { "id": 47616, "nach": 0.65627104685132565 }, "geometry": { "type": "LineString", "coordinates": [ [ -0.4121692, 51.445319299999987 ], [ -0.4117685, 51.4451995 ], [ -0.4113472, 51.4450735 ] ] } },
{ "type": "Feature", "properties": { "id": 55341, "nach": 0.48070859605798111 }, "geometry": { "type": "LineString", "coordinates": [ [ -0.4108071, 51.4458874 ], [ -0.4109842, 51.4456291 ], [ -0.4113489, 51.4451443 ], [ -0.4113472, 51.4450735 ] ] } },
{ "type": "Feature", "properties": { "id": 47602, "nach": 0.67875242519542922 }, "geometry": { "type": "LineString", "coordinates": [ [ -0.4102209, 51.4460146 ], [ -0.4106016, 51.4454206 ], [ -0.4105822, 51.4453553 ], [ -0.4108414, 51.4449487 ] ] } },
{ "type": "Feature", "properties": { "id": 55346, "nach": 0.63389769715644761 }, "geometry": { "type": "LineString", "coordinates": [ [ -0.4112185, 51.444279 ], [ -0.4109181, 51.444838 ], [ -0.4108588, 51.4449338 ], [ -0.4108414, 51.4449487 ] ] } },
{ "type": "Feature", "properties": { "id": 47618, "nach": 0.45218387885884753 }, "geometry": { "type": "LineString", "coordinates": [ [ -0.4121692, 51.445319299999987 ], [ -0.4121468, 51.445358400000011 ], [ -0.412044, 51.4455507 ], [ -0.4118485, 51.4458685 ], [ -0.4117039, 51.4460582 ], [ -0.411628, 51.4461564 ], [ -0.4115314, 51.4462835 ] ] } },
{ "type": "Feature", "properties": { "id": 47615, "nach": 0.6428419315113969 }, "geometry": { "type": "LineString", "coordinates": [ [ -0.4121692, 51.445319299999987 ], [ -0.4121888, 51.445328099999983 ] ] } },
{ "type": "Feature", "properties": { "id": 49975, "nach": 0.51852512110815929 }, "geometry": { "type": "LineString", "coordinates": [ [ -0.4122888, 51.4451837 ], [ -0.4122443, 51.445221100000019 ], [ -0.4121692, 51.445319299999987 ] ] } },
{ "type": "Feature", "properties": { "id": 34207, "nach": 0.4736408080933181 }, "geometry": { "type": "LineString", "coordinates": [ [ -0.4137419, 51.4444118 ], [ -0.4135995, 51.4446076 ] ] } },
{ "type": "Feature", "properties": { "id": 55296, "nach": 0.62203942166272042 }, "geometry": { "type": "LineString", "coordinates": [ [ -0.4128359, 51.4445519 ], [ -0.4129512, 51.4444947 ], [ -0.4130123, 51.444482 ], [ -0.4131122, 51.4444712 ], [ -0.4132725, 51.4444903 ], [ -0.4135995, 51.4446076 ] ] } },
{ "type": "Feature", "properties": { "id": 55291, "nach": 0.59128420330579379 }, "geometry": { "type": "LineString", "coordinates": [ [ -0.4133085, 51.4453573 ], [ -0.413645, 51.4453367 ] ] } },
{ "type": "Feature", "properties": { "id": 20209, "nach": 0.50609409556152452 }, "geometry": { "type": "LineString", "coordinates": [ [ -0.4136994, 51.445653700000015 ], [ -0.4136588, 51.4454041 ], [ -0.413645, 51.4453367 ] ] } },
{ "type": "Feature", "properties": { "id": 55292, "nach": 0.47712029575819631 }, "geometry": { "type": "LineString", "coordinates": [ [ -0.4133085, 51.4453573 ], [ -0.4133019, 51.445323300000013 ], [ -0.4132837, 51.4452227 ], [ -0.4132709, 51.445183 ], [ -0.4132461, 51.4451588 ], [ -0.4131305, 51.4451113 ] ] } },
{ "type": "Feature", "properties": { "id": 48572, "nach": 0.52947352678516568 }, "geometry": { "type": "LineString", "coordinates": [ [ -0.4137414, 51.4461044 ], [ -0.4137147, 51.4459557 ], [ -0.4137467, 51.4459546 ], [ -0.4136994, 51.445653700000015 ] ] } },
{ "type": "Feature", "properties": { "id": 41838, "nach": 0.45353715956130697 }, "geometry": { "type": "LineString", "coordinates": [ [ -0.4142614, 51.445619 ], [ -0.4142027, 51.4456234 ], [ -0.4137907, 51.4456484 ], [ -0.4136994, 51.445653700000015 ] ] } },
{ "type": "Feature", "properties": { "id": 20180, "nach": 0.46280813053438868 }, "geometry": { "type": "LineString", "coordinates": [ [ -0.4151982, 51.4451215 ], [ -0.4150273, 51.4452502 ] ] } },
{ "type": "Feature", "properties": { "id": 41639, "nach": 0.55327751690723126 }, "geometry": { "type": "LineString", "coordinates": [ [ -0.4151418, 51.4458483 ], [ -0.4151309, 51.4457777 ] ] } },
{ "type": "Feature", "properties": { "id": 41634, "nach": 0.52950804656238071 }, "geometry": { "type": "LineString", "coordinates": [ [ -0.4147441, 51.4456644 ], [ -0.4150893, 51.4456409 ], [ -0.4151309, 51.4457777 ] ] } },
{ "type": "Feature", "properties": { "id": 41636, "nach": 0.57237088171336659 }, "geometry": { "type": "LineString", "coordinates": [ [ -0.4144195, 51.4464481 ], [ -0.4144886, 51.4467904 ] ] } },
{ "type": "Feature", "properties": { "id": 20190, "nach": 0.58686868468317321 }, "geometry": { "type": "LineString", "coordinates": [ [ -0.4152993, 51.44664920000001 ], [ -0.4144886, 51.4467904 ] ] } },
{ "type": "Feature", "properties": { "id": 20202, "nach": 0.63196199586524249 }, "geometry": { "type": "LineString", "coordinates": [ [ -0.4138763, 51.4469286 ], [ -0.4144886, 51.4467904 ] ] } },
{ "type": "Feature", "properties": { "id": 41635, "nach": 0.57358485774375145 }, "geometry": { "type": "LineString", "coordinates": [ [ -0.4144195, 51.4464481 ], [ -0.4143598, 51.446193 ] ] } },
{ "type": "Feature", "properties": { "id": 41642, "nach": 0.38840094195049252 }, "geometry": { "type": "LineString", "coordinates": [ [ -0.415249, 51.4463966 ], [ -0.4144195, 51.4464481 ] ] } },
{ "type": "Feature", "properties": { "id": 41643, "nach": 0.56621001719044317 }, "geometry": { "type": "LineString", "coordinates": [ [ -0.415249, 51.4463966 ], [ -0.4152864, 51.4465837 ], [ -0.4152993, 51.44664920000001 ] ] } },
{ "type": "Feature", "properties": { "id": 31269, "nach": 0.56855291244154826 }, "geometry": { "type": "LineString", "coordinates": [ [ -0.4160991, 51.4464332 ], [ -0.4157951, 51.4465218 ], [ -0.4152993, 51.44664920000001 ] ] } },
{ "type": "Feature", "properties": { "id": 88193, "nach": 0.54902507998219896 }, "geometry": { "type": "LineString", "coordinates": [ [ -0.4136719, 51.4461174 ], [ -0.4136855, 51.4461421 ], [ -0.4137196, 51.4463219 ], [ -0.4137893, 51.446738200000013 ], [ -0.4138763, 51.4469286 ] ] } },
{ "type": "Feature", "properties": { "id": 31271, "nach": 0.64793767735763419 }, "geometry": { "type": "LineString", "coordinates": [ [ -0.4131021, 51.4470996 ], [ -0.4131632, 51.4470963 ], [ -0.4138763, 51.4469286 ] ] } },
{ "type": "Feature", "properties": { "id": 41640, "nach": 0.31174196162157192 }, "geometry": { "type": "LineString", "coordinates": [ [ -0.4151418, 51.4458483 ], [ -0.4150884, 51.4458532 ], [ -0.4144329, 51.4458917 ] ] } },
{ "type": "Feature", "properties": { "id": 88745, "nach": 0.55838967431355191 }, "geometry": { "type": "LineString", "coordinates": [ [ -0.4151472, 51.44587760000001 ], [ -0.4151418, 51.4458483 ] ] } },
{ "type": "Feature", "properties": { "id": 41632, "nach": 0.52176300788224395 }, "geometry": { "type": "LineString", "coordinates": [ [ -0.4147441, 51.4456644 ], [ -0.4143988, 51.4456887 ] ] } },
{ "type": "Feature", "properties": { "id": 48579, "nach": 0.5486861979615657 }, "geometry": { "type": "LineString", "coordinates": [ [ -0.414737, 51.4456243 ], [ -0.4147441, 51.4456644 ] ] } },
{ "type": "Feature", "properties": { "id": 41641, "nach": 0.5580795177709994 }, "geometry": { "type": "LineString", "coordinates": [ [ -0.415249, 51.4463966 ], [ -0.4151959, 51.4461435 ] ] } },
{ "type": "Feature", "properties": { "id": 41652, "nach": 0.59303060460347323 }, "geometry": { "type": "LineString", "coordinates": [ [ -0.418032, 51.4460585 ], [ -0.4171525, 51.4462604 ], [ -0.4167752, 51.4463413 ], [ -0.4162837, 51.4464564 ], [ -0.4162043, 51.446452 ], [ -0.4160991, 51.4464332 ] ] } },
{ "type": "Feature", "properties": { "id": 41630, "nach": 0.55070203873567469 }, "geometry": { "type": "LineString", "coordinates": [ [ -0.4144329, 51.4458917 ], [ -0.4143988, 51.4456887 ] ] } },
{ "type": "Feature", "properties": { "id": 48578, "nach": 0.52359554736839531 }, "geometry": { "type": "LineString", "coordinates": [ [ -0.4142665, 51.4456596 ], [ -0.4142693, 51.4456824 ], [ -0.4143988, 51.4456887 ] ] } },
{ "type": "Feature", "properties": { "id": 88748, "nach": 0.55352244143423135 }, "geometry": { "type": "LineString", "coordinates": [ [ -0.4144383, 51.445929500000013 ], [ -0.4144329, 51.4458917 ] ] } },
{ "type": "Feature", "properties": { "id": 48576, "nach": 0.53348232631779102 }, "geometry": { "type": "LineString", "coordinates": [ [ -0.4142665, 51.4456596 ], [ -0.4142614, 51.445619 ] ] } },
{ "type": "Feature", "properties": { "id": 48580, "nach": 0.29469785958446387 }, "geometry": { "type": "LineString", "coordinates": [ [ -0.414737, 51.4456243 ], [ -0.4142665, 51.4456596 ] ] } },
{ "type": "Feature", "properties": { "id": 41645, "nach": 0.57356364517058411 }, "geometry": { "type": "LineString", "coordinates": [ [ -0.4144753, 51.4461821 ], [ -0.4143598, 51.446193 ] ] } },
{ "type": "Feature", "properties": { "id": 34686, "nach": 0.47111509884476299 }, "geometry": { "type": "LineString", "coordinates": [ [ -0.4140222, 51.4461552 ], [ -0.4143261, 51.4461404 ], [ -0.4143598, 51.446193 ] ] } },
{ "type": "Feature", "properties": { "id": 41644, "nach": 0.46576216764344364 }, "geometry": { "type": "LineString", "coordinates": [ [ -0.4144753, 51.4461821 ], [ -0.4151959, 51.4461435 ] ] } },
{ "type": "Feature", "properties": { "id": 88188, "nach": 0.58580577408686774 }, "geometry": { "type": "LineString", "coordinates": [ [ -0.4144575, 51.4460631 ], [ -0.4144753, 51.4461821 ] ] } },
{ "type": "Feature", "properties": { "id": 88744, "nach": 0.53727970765686373 }, "geometry": { "type": "LineString", "coordinates": [ [ -0.4151472, 51.44587760000001 ], [ -0.4151959, 51.4461435 ] ] } },
{ "type": "Feature", "properties": { "id": 88749, "nach": 0.48494372917213246 }, "geometry": { "type": "LineString", "coordinates": [ [ -0.4144383, 51.445929500000013 ], [ -0.4151472, 51.44587760000001 ] ] } },
{ "type": "Feature", "properties": { "id": 88192, "nach": 0.60882167787257446 }, "geometry": { "type": "LineString", "coordinates": [ [ -0.4136719, 51.4461174 ], [ -0.4136652, 51.446105400000022 ], [ -0.4136238, 51.4460744 ], [ -0.4135675, 51.4460547 ], [ -0.4134766, 51.446045 ], [ -0.4131207, 51.4460344 ], [ -0.413052, 51.4460346 ] ] } },
{ "type": "Feature", "properties": { "id": 88191, "nach": 0.61598762158145259 }, "geometry": { "type": "LineString", "coordinates": [ [ -0.4136719, 51.4461174 ], [ -0.4137414, 51.4461044 ] ] } },
{ "type": "Feature", "properties": { "id": 55334, "nach": 0.55046098663282594 }, "geometry": { "type": "LineString", "coordinates": [ [ -0.412926, 51.4462045 ], [ -0.4128993, 51.44632690000001 ], [ -0.4128857, 51.4465713 ], [ -0.4129622, 51.4468831 ], [ -0.4129864, 51.446982 ], [ -0.413013, 51.4470691 ], [ -0.4131021, 51.4470996 ] ] } },
{ "type": "Feature", "properties": { "id": 55337, "nach": 0.5396168971992884 }, "geometry": { "type": "LineString", "coordinates": [ [ -0.4129804, 51.4462097 ], [ -0.4129561, 51.4463315 ], [ -0.4129436, 51.4465905 ], [ -0.4130052, 51.4468161 ], [ -0.4130572, 51.4470322 ], [ -0.4131255, 51.4470659 ], [ -0.4131021, 51.4470996 ] ] } },
{ "type": "Feature", "properties": { "id": 55338, "nach": 0.61248418161301543 }, "geometry": { "type": "LineString", "coordinates": [ [ -0.4129804, 51.4462097 ], [ -0.4130392, 51.446082799999978 ], [ -0.413052, 51.4460346 ] ] } },
{ "type": "Feature", "properties": { "id": 55335, "nach": 0.60450701453768829 }, "geometry": { "type": "LineString", "coordinates": [ [ -0.412926, 51.4462045 ], [ -0.4128813, 51.4462015 ], [ -0.4128528, 51.4462063 ] ] } },
{ "type": "Feature", "properties": { "id": 55336, "nach": 0.59261769289850064 }, "geometry": { "type": "LineString", "coordinates": [ [ -0.4129804, 51.4462097 ], [ -0.412926, 51.4462045 ] ] } },
{ "type": "Feature", "properties": { "id": 88190, "nach": 0.5829995464773845 }, "geometry": { "type": "LineString", "coordinates": [ [ -0.4144575, 51.4460631 ], [ -0.4137414, 51.4461044 ] ] } },
{ "type": "Feature", "properties": { "id": 41325, "nach": 0.37071727342566713 }, "geometry": { "type": "LineString", "coordinates": [ [ -0.4115959, 51.446272 ], [ -0.4115314, 51.4462835 ] ] } },
{ "type": "Feature", "properties": { "id": 41319, "nach": 0.0 }, "geometry": { "type": "LineString", "coordinates": [ [ -0.4127567, 51.445953400000015 ], [ -0.4127367, 51.4461023 ], [ -0.4127169, 51.446125800000011 ], [ -0.4117272, 51.446363499999983 ], [ -0.4116957, 51.4463612 ], [ -0.4116365, 51.4463253 ], [ -0.4115959, 51.446272 ] ] } },
{ "type": "Feature", "properties": { "id": 41324, "nach": 0.52152760133884646 }, "geometry": { "type": "LineString", "coordinates": [ [ -0.4115959, 51.446272 ], [ -0.4116153, 51.44624670000001 ] ] } },
{ "type": "Feature", "properties": { "id": 47614, "nach": 0.46758524000611196 }, "geometry": { "type": "LineString", "coordinates": [ [ -0.4117092, 51.4462519 ], [ -0.4115959, 51.446272 ] ] } },
{ "type": "Feature", "properties": { "id": 49979, "nach": 0.54968502442320444 }, "geometry": { "type": "LineString", "coordinates": [ [ -0.4123297, 51.4452041 ], [ -0.4123687, 51.4452282 ], [ -0.4123983, 51.44521690000002 ], [ -0.4124755, 51.4452008 ], [ -0.4125464, 51.4451968 ], [ -0.4126347, 51.4452083 ], [ -0.412699, 51.4452414 ], [ -0.4127264, 51.4452722 ], [ -0.4127518, 51.4453127 ], [ -0.4127877, 51.445373 ], [ -0.4128777, 51.4456534 ], [ -0.4129318, 51.4460034 ], [ -0.4128528, 51.4462063 ] ] } },
{ "type": "Feature", "properties": { "id": 55340, "nach": 0.60311259540641116 }, "geometry": { "type": "LineString", "coordinates": [ [ -0.4115268, 51.446289700000015 ], [ -0.4116758, 51.4463785 ], [ -0.4117284, 51.446451 ], [ -0.412503, 51.4462618 ], [ -0.412808, 51.4462078 ], [ -0.4128528, 51.4462063 ] ] } },
{ "type": "Feature", "properties": { "id": 49977, "nach": 0.58125049777657245 }, "geometry": { "type": "LineString", "coordinates": [ [ -0.4123297, 51.4452041 ], [ -0.4122888, 51.4451837 ] ] } },
{ "type": "Feature", "properties": { "id": 69422, "nach": 0.62929384898121732 }, "geometry": { "type": "LineString", "coordinates": [ [ -0.4122686, 51.4452901 ], [ -0.4123297, 51.4452041 ] ] } },
{ "type": "Feature", "properties": { "id": 55339, "nach": 0.61374134143196579 }, "geometry": { "type": "LineString", "coordinates": [ [ -0.4115268, 51.446289700000015 ], [ -0.4113516, 51.446524 ], [ -0.4112482, 51.446501200000014 ] ] } },
{ "type": "Feature", "properties": { "id": 47611, "nach": 0.53125998509543904 }, "geometry": { "type": "LineString", "coordinates": [ [ -0.4102269, 51.447187600000014 ], [ -0.4101558, 51.4472175 ] ] } },
{ "type": "Feature", "properties": { "id": 55549, "nach": 0.60822577217870155 }, "geometry": { "type": "LineString", "coordinates": [ [ -0.4105444, 51.4474017 ], [ -0.4101558, 51.4472175 ] ] } },
{ "type": "Feature", "properties": { "id": 50215, "nach": 0.53538831543957466 }, "geometry": { "type": "LineString", "coordinates": [ [ -0.4100963, 51.4472518 ], [ -0.4101558, 51.4472175 ] ] } },
{ "type": "Feature", "properties": { "id": 47610, "nach": 0.57979977880812017 }, "geometry": { "type": "LineString", "coordinates": [ [ -0.4102269, 51.447187600000014 ], [ -0.4103486, 51.4471599 ] ] } },
{ "type": "Feature", "properties": { "id": 55555, "nach": 0.58761173227384556 }, "geometry": { "type": "LineString", "coordinates": [ [ -0.4105889, 51.4473689 ], [ -0.4103838, 51.4472535 ], [ -0.4102269, 51.447187600000014 ] ] } },
{ "type": "Feature", "properties": { "id": 55486, "nach": 0.59141927669855754 }, "geometry": { "type": "LineString", "coordinates": [ [ -0.4096254, 51.4469168 ], [ -0.4099094, 51.4470518 ], [ -0.4101294, 51.44714290000001 ], [ -0.4102269, 51.447187600000014 ] ] } },
{ "type": "Feature", "properties": { "id": 55564, "nach": 0.62054874858100384 }, "geometry": { "type": "LineString", "coordinates": [ [ -0.4106745, 51.4474752 ], [ -0.4105444, 51.4474017 ] ] } },
{ "type": "Feature", "properties": { "id": 55553, "nach": 0.4305217371237855 }, "geometry": { "type": "LineString", "coordinates": [ [ -0.4105889, 51.4473689 ], [ -0.4105444, 51.4474017 ] ] } },
{ "type": "Feature", "properties": { "id": 55557, "nach": 0.53761435913983513 }, "geometry": { "type": "LineString", "coordinates": [ [ -0.4105087, 51.4474313 ], [ -0.4105444, 51.4474017 ] ] } },
{ "type": "Feature", "properties": { "id": 50216, "nach": 0.67101188327230943 }, "geometry": { "type": "LineString", "coordinates": [ [ -0.4100963, 51.4472518 ], [ -0.4100124, 51.4472099 ], [ -0.409774, 51.4470921 ], [ -0.4096053, 51.447019900000015 ], [ -0.4095487, 51.4470041 ] ] } },
{ "type": "Feature", "properties": { "id": 55547, "nach": 0.61134049049993378 }, "geometry": { "type": "LineString", "coordinates": [ [ -0.410044, 51.4472878 ], [ -0.4100963, 51.4472518 ] ] } },
{ "type": "Feature", "properties": { "id": 55558, "nach": 0.64347375856857891 }, "geometry": { "type": "LineString", "coordinates": [ [ -0.4105087, 51.4474313 ], [ -0.4101815, 51.4472847 ], [ -0.4100963, 51.4472518 ] ] } },
{ "type": "Feature", "properties": { "id": 50666, "nach": 0.67186649748781324 }, "geometry": { "type": "LineString", "coordinates": [ [ -0.4200793, 51.45010640000001 ], [ -0.4200798, 51.4501297 ] ] } },
{ "type": "Feature", "properties": { "id": 50651, "nach": 0.62956891858782249 }, "geometry": { "type": "LineString", "coordinates": [ [ -0.4201815, 51.4501768 ], [ -0.4201276, 51.4501517 ], [ -0.4200798, 51.4501297 ] ] } },
{ "type": "Feature", "properties": { "id": 89001, "nach": 0.55185380772455417 }, "geometry": { "type": "LineString", "coordinates": [ [ -0.4198182, 51.4500527 ], [ -0.4199189, 51.4500641 ], [ -0.4200365, 51.4501001 ], [ -0.4200798, 51.4501297 ] ] } },
{ "type": "Feature", "properties": { "id": 89003, "nach": 0.53135963647871631 }, "geometry": { "type": "LineString", "coordinates": [ [ -0.4198093, 51.450094900000011 ], [ -0.4197929, 51.4501383 ] ] } },
{ "type": "Feature", "properties": { "id": 89005, "nach": 0.65287011264749584 }, "geometry": { "type": "LineString", "coordinates": [ [ -0.4198093, 51.450094900000011 ], [ -0.4195819, 51.450075 ], [ -0.419242, 51.450059200000013 ] ] } },
{ "type": "Feature", "properties": { "id": 89004, "nach": 0.48577924535004957 }, "geometry": { "type": "LineString", "coordinates": [ [ -0.4198093, 51.450094900000011 ], [ -0.4198182, 51.4500527 ] ] } },
{ "type": "Feature", "properties": { "id": 44536, "nach": 0.58444146170357658 }, "geometry": { "type": "LineString", "coordinates": [ [ -0.4260077, 51.4405297 ], [ -0.4258935, 51.4404669 ] ] } },
{ "type": "Feature", "properties": { "id": 44784, "nach": 0.63978328746520075 }, "geometry": { "type": "LineString", "coordinates": [ [ -0.4258935, 51.4404669 ], [ -0.426002, 51.4404789 ] ] } },
{ "type": "Feature", "properties": { "id": 47686, "nach": 0.47578204076893638 }, "geometry": { "type": "LineString", "coordinates": [ [ -0.4192294, 51.4501077 ], [ -0.419123, 51.4502702 ], [ -0.4188918, 51.450551 ] ] } },
{ "type": "Feature", "properties": { "id": 47685, "nach": 0.6130748070729084 }, "geometry": { "type": "LineString", "coordinates": [ [ -0.4192294, 51.4501077 ], [ -0.4197929, 51.4501383 ] ] } },
{ "type": "Feature", "properties": { "id": 50982, "nach": 0.33774257202799174 }, "geometry": { "type": "LineString", "coordinates": [ [ -0.419242, 51.450059200000013 ], [ -0.4192294, 51.4501077 ] ] } },
{ "type": "Feature", "properties": { "id": 51287, "nach": 0.50966231417316543 }, "geometry": { "type": "LineString", "coordinates": [ [ -0.4200508, 51.4383812 ], [ -0.4200916, 51.4384449 ] ] } },
{ "type": "Feature", "properties": { "id": 55261, "nach": 0.62043946848077625 }, "geometry": { "type": "LineString", "coordinates": [ [ -0.4207487, 51.4382671 ], [ -0.4203614, 51.4383661 ], [ -0.4200916, 51.4384449 ] ] } },
{ "type": "Feature", "properties": { "id": 51288, "nach": 0.45355456756670104 }, "geometry": { "type": "LineString", "coordinates": [ [ -0.4200508, 51.4383812 ], [ -0.4198185, 51.43804990000001 ], [ -0.4194048, 51.4381292 ] ] } },
{ "type": "Feature", "properties": { "id": 51290, "nach": 0.56103278362983011 }, "geometry": { "type": "LineString", "coordinates": [ [ -0.4200508, 51.4383812 ], [ -0.4199832, 51.438405100000011 ], [ -0.4195745, 51.4386067 ], [ -0.4193433, 51.4388003 ] ] } },
{ "type": "Feature", "properties": { "id": 51289, "nach": 0.57050725459568086 }, "geometry": { "type": "LineString", "coordinates": [ [ -0.4200508, 51.4383812 ], [ -0.4201279, 51.438354 ], [ -0.4207018, 51.4381895 ] ] } },
{ "type": "Feature", "properties": { "id": 55260, "nach": 0.43410672044286497 }, "geometry": { "type": "LineString", "coordinates": [ [ -0.4207487, 51.4382671 ], [ -0.4207018, 51.4381895 ] ] } },
{ "type": "Feature", "properties": { "id": 53709, "nach": 0.4982171868123878 }, "geometry": { "type": "LineString", "coordinates": [ [ -0.4319498, 51.447392500000014 ], [ -0.4319636, 51.4473689 ], [ -0.4319932, 51.4473556 ], [ -0.4320272, 51.4472918 ], [ -0.4320931, 51.4473057 ] ] } },
{ "type": "Feature", "properties": { "id": 50695, "nach": 0.51153234039025419 }, "geometry": { "type": "LineString", "coordinates": [ [ -0.4173427, 51.4498383 ], [ -0.4169603, 51.449767300000012 ] ] } },
{ "type": "Feature", "properties": { "id": 25233, "nach": 0.5400354893664524 }, "geometry": { "type": "LineString", "coordinates": [ [ -0.4092353, 51.4478007 ], [ -0.4092379, 51.4478301 ], [ -0.4092316, 51.4478521 ], [ -0.4092002, 51.447872 ], [ -0.4091022, 51.447893 ] ] } },
{ "type": "Feature", "properties": { "id": 36294, "nach": 0.50675845163369315 }, "geometry": { "type": "LineString", "coordinates": [ [ -0.409427, 51.4478055 ], [ -0.4092939, 51.4478175 ], [ -0.4092846, 51.4478163 ], [ -0.4092353, 51.4478007 ] ] } },
{ "type": "Feature", "properties": { "id": 54396, "nach": 0.54598781788654405 }, "geometry": { "type": "LineString", "coordinates": [ [ -0.4091324, 51.4475591 ], [ -0.4092353, 51.4478007 ] ] } },
{ "type": "Feature", "properties": { "id": 66110, "nach": 0.64293810795737028 }, "geometry": { "type": "LineString", "coordinates": [ [ -0.4091022, 51.447893 ], [ -0.4091177, 51.447923900000013 ], [ -0.4091313, 51.4479301 ], [ -0.4092166, 51.4479693 ], [ -0.4094982, 51.4479125 ], [ -0.4094869, 51.4478713 ], [ -0.4096144, 51.4478461 ], [ -0.4099145, 51.4477899 ], [ -0.4099741, 51.4478392 ], [ -0.410728, 51.447676399999985 ], [ -0.4108998, 51.447631299999983 ] ] } },
{ "type": "Feature", "properties": { "id": 66109, "nach": 0.64261017357015304 }, "geometry": { "type": "LineString", "coordinates": [ [ -0.4091022, 51.447893 ], [ -0.4090534, 51.4479015 ], [ -0.4090259, 51.4479024 ] ] } },
{ "type": "Feature", "properties": { "id": 32999, "nach": 0.62545033725512245 }, "geometry": { "type": "LineString", "coordinates": [ [ -0.4260887, 51.4383917 ], [ -0.4259694, 51.438136 ], [ -0.4258272, 51.4378461 ], [ -0.4257015, 51.4375726 ] ] } },
{ "type": "Feature", "properties": { "id": 41811, "nach": 0.54060606688005175 }, "geometry": { "type": "LineString", "coordinates": [ [ -0.4276051, 51.4410187 ], [ -0.4276641, 51.4410337 ] ] } },
{ "type": "Feature", "properties": { "id": 33098, "nach": 0.49946016467262966 }, "geometry": { "type": "LineString", "coordinates": [ [ -0.4277034, 51.4409953 ], [ -0.4276641, 51.4410337 ] ] } },
{ "type": "Feature", "properties": { "id": 61995, "nach": 0.56576612060513154 }, "geometry": { "type": "LineString", "coordinates": [ [ -0.4300845, 51.44161170000001 ], [ -0.4299405, 51.4415793 ], [ -0.4276641, 51.4410337 ] ] } },
{ "type": "Feature", "properties": { "id": 44497, "nach": 0.57688483080006658 }, "geometry": { "type": "LineString", "coordinates": [ [ -0.4270071, 51.4408039 ], [ -0.4276051, 51.4410187 ] ] } },
{ "type": "Feature", "properties": { "id": 41812, "nach": 0.51038508551429895 }, "geometry": { "type": "LineString", "coordinates": [ [ -0.4276051, 51.4410187 ], [ -0.4275645, 51.441059 ] ] } },
{ "type": "Feature", "properties": { "id": 33099, "nach": 0.50869132032364195 }, "geometry": { "type": "LineString", "coordinates": [ [ -0.4277034, 51.4409953 ], [ -0.4277397, 51.4409814 ], [ -0.4278094, 51.4409596 ], [ -0.4278865, 51.44095080000001 ] ] } },
{ "type": "Feature", "properties": { "id": 92591, "nach": 0.50997804844197325 }, "geometry": { "type": "LineString", "coordinates": [ [ -0.4311518, 51.441991100000017 ], [ -0.4309035, 51.44186830000001 ], [ -0.4306141, 51.4417477 ], [ -0.4303134, 51.4416328 ], [ -0.4301536, 51.4415938 ], [ -0.4298809, 51.44152 ], [ -0.4293277, 51.4413862 ], [ -0.4289109, 51.4412922 ], [ -0.42838, 51.44117030000001 ], [ -0.4280369, 51.4410776 ], [ -0.4277034, 51.4409953 ] ] } },
{ "type": "Feature", "properties": { "id": 44523, "nach": 0.55581369541134262 }, "geometry": { "type": "LineString", "coordinates": [ [ -0.426796, 51.4406408 ], [ -0.42687, 51.4406715 ], [ -0.4270812, 51.4407603 ], [ -0.4274135, 51.4409004 ], [ -0.4274628, 51.440922200000024 ], [ -0.4276146, 51.44097 ], [ -0.4277034, 51.4409953 ] ] } },
{ "type": "Feature", "properties": { "id": 41801, "nach": 0.60334413124482411 }, "geometry": { "type": "LineString", "coordinates": [ [ -0.4158566, 51.4406355 ], [ -0.4163726, 51.4408671 ] ] } },
{ "type": "Feature", "properties": { "id": 31218, "nach": 0.54301706311550513 }, "geometry": { "type": "LineString", "coordinates": [ [ -0.4168375, 51.4405757 ], [ -0.4165837, 51.440719 ], [ -0.4163726, 51.4408671 ] ] } },
{ "type": "Feature", "properties": { "id": 41806, "nach": 0.54109244430141545 }, "geometry": { "type": "LineString", "coordinates": [ [ -0.4149752, 51.4412601 ], [ -0.4150708, 51.441192100000016 ], [ -0.4158566, 51.4406355 ] ] } },
{ "type": "Feature", "properties": { "id": 94839, "nach": 0.49750936858955092 }, "geometry": { "type": "LineString", "coordinates": [ [ -0.4171983, 51.4403988 ], [ -0.4168375, 51.4405757 ] ] } },
{ "type": "Feature", "properties": { "id": 41809, "nach": 0.44158832649372665 }, "geometry": { "type": "LineString", "coordinates": [ [ -0.417945, 51.4408375 ], [ -0.4174515, 51.4409863 ], [ -0.4168816, 51.4406027 ], [ -0.4168375, 51.4405757 ] ] } },
{ "type": "Feature", "properties": { "id": 94840, "nach": 0.45035716684003563 }, "geometry": { "type": "LineString", "coordinates": [ [ -0.4171983, 51.4403988 ], [ -0.417316, 51.4404885 ] ] } },
{ "type": "Feature", "properties": { "id": 31250, "nach": 0.59083349337366586 }, "geometry": { "type": "LineString", "coordinates": [ [ -0.4151515, 51.44136850000001 ], [ -0.4149398, 51.4415802 ] ] } },
{ "type": "Feature", "properties": { "id": 91069, "nach": 0.46540791195705711 }, "geometry": { "type": "LineString", "coordinates": [ [ -0.4146569, 51.4418246 ], [ -0.4149398, 51.4415802 ] ] } },
{ "type": "Feature", "properties": { "id": 31249, "nach": 0.47803955806007237 }, "geometry": { "type": "LineString", "coordinates": [ [ -0.4151515, 51.44136850000001 ], [ -0.4157327, 51.441648 ] ] } },
{ "type": "Feature", "properties": { "id": 41807, "nach": 0.61089918643610308 }, "geometry": { "type": "LineString", "coordinates": [ [ -0.4149752, 51.4412601 ], [ -0.4151106, 51.441329500000016 ], [ -0.4151515, 51.44136850000001 ] ] } },
{ "type": "Feature", "properties": { "id": 42329, "nach": 0.46650125182446678 }, "geometry": { "type": "LineString", "coordinates": [ [ -0.415837, 51.4416066 ], [ -0.4157641, 51.4416329 ], [ -0.4157327, 51.441648 ] ] } },
{ "type": "Feature", "properties": { "id": 64527, "nach": 0.51550626790372245 }, "geometry": { "type": "LineString", "coordinates": [ [ -0.4174067, 51.4418805 ], [ -0.4174736, 51.441928 ], [ -0.4175307, 51.4419603 ], [ -0.4176257, 51.4419963 ], [ -0.4179279, 51.442079 ] ] } },
{ "type": "Feature", "properties": { "id": 94865, "nach": 1.3781382732812477 }, "geometry": { "type": "LineString", "coordinates": [ [ -0.4174308, 51.4402847 ], [ -0.4174439, 51.4402783 ] ] } },
{ "type": "Feature", "properties": { "id": 94856, "nach": 0.92471268708478693 }, "geometry": { "type": "LineString", "coordinates": [ [ -0.4176031, 51.4403185 ], [ -0.4174439, 51.4402783 ] ] } },
{ "type": "Feature", "properties": { "id": 94857, "nach": 0.92471268708478693 }, "geometry": { "type": "LineString", "coordinates": [ [ -0.4176257, 51.440279600000011 ], [ -0.4174439, 51.4402783 ] ] } },
{ "type": "Feature", "properties": { "id": 94858, "nach": 0.92471268708478693 }, "geometry": { "type": "LineString", "coordinates": [ [ -0.4176882, 51.440193400000013 ], [ -0.4174439, 51.4402783 ] ] } },
{ "type": "Feature", "properties": { "id": 94859, "nach": 0.92471268708478693 }, "geometry": { "type": "LineString", "coordinates": [ [ -0.4175951, 51.440181 ], [ -0.4174439, 51.4402783 ] ] } },
{ "type": "Feature", "properties": { "id": 94860, "nach": 0.92471268708478693 }, "geometry": { "type": "LineString", "coordinates": [ [ -0.4175074, 51.4401723 ], [ -0.4174439, 51.4402783 ] ] } },
{ "type": "Feature", "properties": { "id": 94861, "nach": 0.92471268708478693 }, "geometry": { "type": "LineString", "coordinates": [ [ -0.4174436, 51.440165300000011 ], [ -0.4174439, 51.4402783 ] ] } },
{ "type": "Feature", "properties": { "id": 94862, "nach": 0.92471268708478693 }, "geometry": { "type": "LineString", "coordinates": [ [ -0.4173196, 51.4401188 ], [ -0.4174439, 51.4402783 ] ] } },
{ "type": "Feature", "properties": { "id": 94864, "nach": 1.3382908331057726 }, "geometry": { "type": "LineString", "coordinates": [ [ -0.4174308, 51.4402847 ], [ -0.4174192, 51.4402904 ] ] } },
{ "type": "Feature", "properties": { "id": 94866, "nach": 0.92471268708478693 }, "geometry": { "type": "LineString", "coordinates": [ [ -0.4174308, 51.4402847 ], [ -0.4173061, 51.4401748 ] ] } },
{ "type": "Feature", "properties": { "id": 41831, "nach": 0.50686806572534737 }, "geometry": { "type": "LineString", "coordinates": [ [ -0.4245406, 51.437547200000012 ], [ -0.4244628, 51.4375973 ], [ -0.4245513, 51.4379066 ], [ -0.4245188, 51.4379241 ], [ -0.4245878, 51.4381137 ] ] } },
{ "type": "Feature", "properties": { "id": 92567, "nach": 0.52961245446082994 }, "geometry": { "type": "LineString", "coordinates": [ [ -0.4261465, 51.4385151 ], [ -0.4262278, 51.438503900000015 ] ] } },
{ "type": "Feature", "properties": { "id": 33002, "nach": 0.56767130280173639 }, "geometry": { "type": "LineString", "coordinates": [ [ -0.4258859, 51.4384258 ], [ -0.4258721, 51.438398400000011 ], [ -0.4258719, 51.4383835 ], [ -0.4259578, 51.4383045 ], [ -0.4258475, 51.4381027 ], [ -0.4257354, 51.43791 ], [ -0.4256359, 51.4376992 ], [ -0.4255842, 51.4375887 ] ] } },
{ "type": "Feature", "properties": { "id": 92565, "nach": 0.62406544375332151 }, "geometry": { "type": "LineString", "coordinates": [ [ -0.4261465, 51.4385151 ], [ -0.4260887, 51.4383917 ] ] } },
{ "type": "Feature", "properties": { "id": 33001, "nach": 0.28965778547686888 }, "geometry": { "type": "LineString", "coordinates": [ [ -0.4258859, 51.4384258 ], [ -0.4259386, 51.4384162 ], [ -0.4260887, 51.4383917 ] ] } },
{ "type": "Feature", "properties": { "id": 32994, "nach": 0.33657259484862018 }, "geometry": { "type": "LineString", "coordinates": [ [ -0.4245878, 51.4381137 ], [ -0.4253383, 51.4380212 ] ] } },
{ "type": "Feature", "properties": { "id": 41834, "nach": 0.53015512153998312 }, "geometry": { "type": "LineString", "coordinates": [ [ -0.4251548, 51.437506200000016 ], [ -0.4252272, 51.4377912 ], [ -0.425268, 51.437791800000014 ], [ -0.4253383, 51.4380212 ] ] } },
{ "type": "Feature", "properties": { "id": 33005, "nach": 0.528422984155133 }, "geometry": { "type": "LineString", "coordinates": [ [ -0.4254945, 51.4384847 ], [ -0.4254623, 51.4384262 ], [ -0.4253383, 51.4380212 ] ] } },
{ "type": "Feature", "properties": { "id": 41828, "nach": 0.49522683722142874 }, "geometry": { "type": "LineString", "coordinates": [ [ -0.424521, 51.4386377 ], [ -0.4244735, 51.4384834 ], [ -0.424672, 51.4384634 ], [ -0.4246799, 51.438438900000023 ], [ -0.4245878, 51.4381137 ] ] } },
{ "type": "Feature", "properties": { "id": 33004, "nach": 0.51793181546739864 }, "geometry": { "type": "LineString", "coordinates": [ [ -0.4254945, 51.4384847 ], [ -0.4256863, 51.4384608 ], [ -0.4258663, 51.438428900000012 ], [ -0.4258859, 51.4384258 ] ] } },
{ "type": "Feature", "properties": { "id": 59523, "nach": 0.54798556348891614 }, "geometry": { "type": "LineString", "coordinates": [ [ -0.4256114, 51.4388018 ], [ -0.4254945, 51.4384847 ] ] } },
{ "type": "Feature", "properties": { "id": 41829, "nach": 0.39276633766144986 }, "geometry": { "type": "LineString", "coordinates": [ [ -0.424521, 51.4386377 ], [ -0.4247095, 51.438615500000012 ], [ -0.4247357, 51.4386929 ] ] } },
{ "type": "Feature", "properties": { "id": 41827, "nach": 0.48221314581600838 }, "geometry": { "type": "LineString", "coordinates": [ [ -0.424521, 51.4386377 ], [ -0.4245446, 51.4387175 ] ] } },
{ "type": "Feature", "properties": { "id": 92566, "nach": 0.43209326925473268 }, "geometry": { "type": "LineString", "coordinates": [ [ -0.4261465, 51.4385151 ], [ -0.4260357, 51.4385295 ] ] } },
{ "type": "Feature", "properties": { "id": 92568, "nach": 0.60821245617270225 }, "geometry": { "type": "LineString", "coordinates": [ [ -0.4261465, 51.4385151 ], [ -0.4261656, 51.4385634 ], [ -0.4262151, 51.4387305 ], [ -0.4262362, 51.43878680000001 ], [ -0.4262729, 51.4389223 ] ] } },
{ "type": "Feature", "properties": { "id": 33010, "nach": 0.57045278912599484 }, "geometry": { "type": "LineString", "coordinates": [ [ -0.4260357, 51.4385295 ], [ -0.4260246, 51.4385096 ], [ -0.4259683, 51.4384894 ], [ -0.4259014, 51.4384644 ], [ -0.4258956, 51.438449900000016 ], [ -0.4258859, 51.4384258 ] ] } },
{ "type": "Feature", "properties": { "id": 59525, "nach": 0.53293018117201263 }, "geometry": { "type": "LineString", "coordinates": [ [ -0.4256114, 51.4388018 ], [ -0.4256671, 51.438953 ], [ -0.4252433, 51.4390084 ], [ -0.4251199, 51.4389716 ], [ -0.4250021, 51.4389837 ], [ -0.4248274, 51.438996 ] ] } },
{ "type": "Feature", "properties": { "id": 59526, "nach": 0.44302577377678537 }, "geometry": { "type": "LineString", "coordinates": [ [ -0.4260369, 51.4387529 ], [ -0.4256114, 51.4388018 ] ] } },
{ "type": "Feature", "properties": { "id": 33056, "nach": 0.44969161212573855 }, "geometry": { "type": "LineString", "coordinates": [ [ -0.4269181, 51.4395555 ], [ -0.4269454, 51.439516 ], [ -0.4270391, 51.439365100000018 ], [ -0.4271168, 51.439242900000011 ], [ -0.4271327, 51.439166899999989 ], [ -0.4271362, 51.4389664 ], [ -0.4271013, 51.4387959 ] ] } },
{ "type": "Feature", "properties": { "id": 33040, "nach": 0.56188285197108667 }, "geometry": { "type": "LineString", "coordinates": [ [ -0.4261903, 51.4389334 ], [ -0.4261768, 51.4389048 ], [ -0.4261162, 51.4387425 ], [ -0.4260848, 51.4386592 ], [ -0.4260429, 51.4385506 ], [ -0.4260357, 51.4385295 ] ] } },
{ "type": "Feature", "properties": { "id": 33033, "nach": 0.54377012417067638 }, "geometry": { "type": "LineString", "coordinates": [ [ -0.4263487, 51.4389142 ], [ -0.4262894, 51.438686400000016 ], [ -0.4262542, 51.438572500000014 ] ] } },
{ "type": "Feature", "properties": { "id": 33034, "nach": 0.46670226036305895 }, "geometry": { "type": "LineString", "coordinates": [ [ -0.4263487, 51.4389142 ], [ -0.4264692, 51.4389024 ], [ -0.4265367, 51.438912600000023 ] ] } },
{ "type": "Feature", "properties": { "id": 33036, "nach": 0.54398580331270863 }, "geometry": { "type": "LineString", "coordinates": [ [ -0.4262729, 51.4389223 ], [ -0.4263487, 51.4389142 ] ] } },
{ "type": "Feature", "properties": { "id": 92571, "nach": 0.49717928473577655 }, "geometry": { "type": "LineString", "coordinates": [ [ -0.4264222, 51.439373 ], [ -0.4263724, 51.4391322 ], [ -0.4263486, 51.4389477 ], [ -0.4263474, 51.438929900000012 ], [ -0.4263487, 51.4389142 ] ] } },
{ "type": "Feature", "properties": { "id": 33054, "nach": 0.41696261539387347 }, "geometry": { "type": "LineString", "coordinates": [ [ -0.4269181, 51.4395555 ], [ -0.4268897, 51.4394868 ], [ -0.4268264, 51.439392100000013 ], [ -0.4267668, 51.439338 ], [ -0.4266854, 51.439267 ], [ -0.4266077, 51.4391791 ], [ -0.4265552, 51.439104700000016 ], [ -0.4265353, 51.439001 ], [ -0.4265367, 51.438912600000023 ] ] } },
{ "type": "Feature", "properties": { "id": 33071, "nach": 0.48747221843119304 }, "geometry": { "type": "LineString", "coordinates": [ [ -0.4266875, 51.4398529 ], [ -0.42682, 51.4396977 ], [ -0.4269181, 51.4395555 ] ] } },
{ "type": "Feature", "properties": { "id": 33039, "nach": 0.48567320745778836 }, "geometry": { "type": "LineString", "coordinates": [ [ -0.4261903, 51.4389334 ], [ -0.4262729, 51.4389223 ] ] } },
{ "type": "Feature", "properties": { "id": 92575, "nach": 0.61676794498251186 }, "geometry": { "type": "LineString", "coordinates": [ [ -0.4263503, 51.4393755 ], [ -0.4263345, 51.4392253 ], [ -0.4262729, 51.4389223 ] ] } },
{ "type": "Feature", "properties": { "id": 92570, "nach": 0.58820548233989978 }, "geometry": { "type": "LineString", "coordinates": [ [ -0.4264222, 51.439373 ], [ -0.4264583, 51.43959550000001 ], [ -0.4265191, 51.439869700000017 ] ] } },
{ "type": "Feature", "properties": { "id": 92573, "nach": 0.57176849008032804 }, "geometry": { "type": "LineString", "coordinates": [ [ -0.4263503, 51.4393755 ], [ -0.4264222, 51.439373 ] ] } },
{ "type": "Feature", "properties": { "id": 33046, "nach": 0.57789573923822513 }, "geometry": { "type": "LineString", "coordinates": [ [ -0.4262672, 51.4393808 ], [ -0.4262644, 51.439366 ], [ -0.4262491, 51.4392847 ], [ -0.4262417, 51.43917410000001 ], [ -0.4262205, 51.4390397 ], [ -0.4261903, 51.4389334 ] ] } },
{ "type": "Feature", "properties": { "id": 92574, "nach": 0.48271827192174038 }, "geometry": { "type": "LineString", "coordinates": [ [ -0.4263503, 51.4393755 ], [ -0.4262672, 51.4393808 ] ] } },
{ "type": "Feature", "properties": { "id": 92572, "nach": 0.5828927413919982 }, "geometry": { "type": "LineString", "coordinates": [ [ -0.4263503, 51.4393755 ], [ -0.4264245, 51.4397674 ] ] } },
{ "type": "Feature", "properties": { "id": 33057, "nach": 0.56553785769536669 }, "geometry": { "type": "LineString", "coordinates": [ [ -0.4249946, 51.4395601 ], [ -0.4248274, 51.438996 ] ] } },
{ "type": "Feature", "properties": { "id": 41822, "nach": 0.50734172948577283 }, "geometry": { "type": "LineString", "coordinates": [ [ -0.4245687, 51.4387937 ], [ -0.4246183, 51.4389618 ], [ -0.4248155, 51.4389433 ], [ -0.4248274, 51.438996 ] ] } },
{ "type": "Feature", "properties": { "id": 33058, "nach": 0.53612009059771548 }, "geometry": { "type": "LineString", "coordinates": [ [ -0.4249946, 51.4395601 ], [ -0.4257106, 51.4394744 ] ] } },
{ "type": "Feature", "properties": { "id": 41823, "nach": 0.0 }, "geometry": { "type": "LineString", "coordinates": [ [ -0.4245687, 51.4387937 ], [ -0.4247632, 51.438771 ], [ -0.4247357, 51.4386929 ] ] } },
{ "type": "Feature", "properties": { "id": 41826, "nach": 0.50302288831416031 }, "geometry": { "type": "LineString", "coordinates": [ [ -0.4245446, 51.4387175 ], [ -0.4245687, 51.4387937 ] ] } },
{ "type": "Feature", "properties": { "id": 33065, "nach": 0.57004237444026484 }, "geometry": { "type": "LineString", "coordinates": [ [ -0.4262321, 51.4397704 ], [ -0.4262274, 51.439742099999982 ], [ -0.4263158, 51.4396727 ], [ -0.4262862, 51.4395045 ], [ -0.4262721, 51.4393987 ], [ -0.4262672, 51.4393808 ] ] } },
{ "type": "Feature", "properties": { "id": 33053, "nach": 0.44684261867627872 }, "geometry": { "type": "LineString", "coordinates": [ [ -0.4257106, 51.4394744 ], [ -0.4258408, 51.439457499999989 ], [ -0.4262105, 51.4394135 ] ] } },
{ "type": "Feature", "properties": { "id": 33067, "nach": 0.53745579589130554 }, "geometry": { "type": "LineString", "coordinates": [ [ -0.4258136, 51.4398058 ], [ -0.4257106, 51.4394744 ] ] } },
{ "type": "Feature", "properties": { "id": 33066, "nach": 0.54899559999335124 }, "geometry": { "type": "LineString", "coordinates": [ [ -0.4258136, 51.4398058 ], [ -0.4262321, 51.4397704 ] ] } },
{ "type": "Feature", "properties": { "id": 59522, "nach": 0.44476275352792843 }, "geometry": { "type": "LineString", "coordinates": [ [ -0.4262725, 51.4401244 ], [ -0.4259944, 51.4401457 ], [ -0.4259261, 51.440137600000014 ], [ -0.425904, 51.4400932 ], [ -0.4258136, 51.4398058 ] ] } },
{ "type": "Feature", "properties": { "id": 33081, "nach": 0.52390713589995463 }, "geometry": { "type": "LineString", "coordinates": [ [ -0.4268023, 51.439962400000013 ], [ -0.4267352, 51.4398864 ], [ -0.4266875, 51.4398529 ] ] } },
{ "type": "Feature", "properties": { "id": 33074, "nach": 0.53776048561975287 }, "geometry": { "type": "LineString", "coordinates": [ [ -0.4265191, 51.439869700000017 ], [ -0.4265773, 51.439866 ], [ -0.4266468, 51.4398545 ], [ -0.4266875, 51.4398529 ] ] } },
{ "type": "Feature", "properties": { "id": 33064, "nach": 0.36762781494198987 }, "geometry": { "type": "LineString", "coordinates": [ [ -0.4262321, 51.4397704 ], [ -0.4264245, 51.4397674 ] ] } },
{ "type": "Feature", "properties": { "id": 33076, "nach": 0.58279985991459826 }, "geometry": { "type": "LineString", "coordinates": [ [ -0.4264421, 51.43987880000001 ], [ -0.4264245, 51.4397674 ] ] } },
{ "type": "Feature", "properties": { "id": 92577, "nach": 0.56497122896559804 }, "geometry": { "type": "LineString", "coordinates": [ [ -0.4263478, 51.4398871 ], [ -0.4263465, 51.4398587 ], [ -0.426296, 51.439832700000011 ], [ -0.4262401, 51.4397984 ], [ -0.4262321, 51.4397704 ] ] } },
{ "type": "Feature", "properties": { "id": 33078, "nach": 0.51121708886846662 }, "geometry": { "type": "LineString", "coordinates": [ [ -0.4264421, 51.43987880000001 ], [ -0.4265191, 51.439869700000017 ] ] } },
{ "type": "Feature", "properties": { "id": 44517, "nach": 0.60265909750864433 }, "geometry": { "type": "LineString", "coordinates": [ [ -0.4264608, 51.4400085 ], [ -0.4264421, 51.43987880000001 ] ] } },
{ "type": "Feature", "properties": { "id": 92576, "nach": 0.46975172236910989 }, "geometry": { "type": "LineString", "coordinates": [ [ -0.4263478, 51.4398871 ], [ -0.4264421, 51.43987880000001 ] ] } },
{ "type": "Feature", "properties": { "id": 33084, "nach": 0.54812648740657333 }, "geometry": { "type": "LineString", "coordinates": [ [ -0.4267185, 51.440186900000015 ], [ -0.4267443, 51.4401612 ], [ -0.4268002, 51.4401155 ], [ -0.4268235, 51.4400649 ], [ -0.4268217, 51.4400087 ], [ -0.4268023, 51.439962400000013 ] ] } },
{ "type": "Feature", "properties": { "id": 36149, "nach": 0.49495640729683604 }, "geometry": { "type": "LineString", "coordinates": [ [ -0.4291181, 51.439656 ], [ -0.4290032, 51.4396698 ], [ -0.4286816, 51.4397227 ], [ -0.4283957, 51.43977 ], [ -0.4282214, 51.4398062 ], [ -0.4280874, 51.4398313 ], [ -0.4278998, 51.4398619 ], [ -0.4277122, 51.439887 ], [ -0.4274754, 51.4399176 ], [ -0.4272342, 51.4399455 ], [ -0.4270599, 51.4399622 ], [ -0.4269348, 51.4399566 ], [ -0.4268023, 51.439962400000013 ] ] } },
{ "type": "Feature", "properties": { "id": 44516, "nach": 0.56797416006657719 }, "geometry": { "type": "LineString", "coordinates": [ [ -0.4266366, 51.44030690000001 ], [ -0.426612, 51.4401972 ], [ -0.4265191, 51.439869700000017 ] ] } },
{ "type": "Feature", "properties": { "id": 44515, "nach": 0.51965838202211112 }, "geometry": { "type": "LineString", "coordinates": [ [ -0.4266366, 51.44030690000001 ], [ -0.4266585, 51.4403041 ], [ -0.4266632, 51.440285 ], [ -0.426689, 51.4402373 ], [ -0.4267185, 51.440186900000015 ] ] } },
{ "type": "Feature", "properties": { "id": 44514, "nach": 0.59614594647122843 }, "geometry": { "type": "LineString", "coordinates": [ [ -0.4266366, 51.44030690000001 ], [ -0.4266417, 51.4403316 ] ] } },
{ "type": "Feature", "properties": { "id": 44503, "nach": 0.59275517219074936 }, "geometry": { "type": "LineString", "coordinates": [ [ -0.4264605, 51.4404022 ], [ -0.4264539, 51.4403011 ], [ -0.4264608, 51.4400085 ] ] } },
{ "type": "Feature", "properties": { "id": 44518, "nach": 0.47926708623852132 }, "geometry": { "type": "LineString", "coordinates": [ [ -0.4264608, 51.4400085 ], [ -0.4265661, 51.4402976 ], [ -0.4265701, 51.4403362 ] ] } },
{ "type": "Feature", "properties": { "id": 44528, "nach": 0.55550270173753025 }, "geometry": { "type": "LineString", "coordinates": [ [ -0.4264026, 51.4404014 ], [ -0.4264007, 51.44032570000001 ], [ -0.4263996, 51.4401765 ], [ -0.4263812, 51.44010930000001 ], [ -0.4263515, 51.4399059 ], [ -0.4263478, 51.4398871 ] ] } },
{ "type": "Feature", "properties": { "id": 33095, "nach": 0.4862070127251773 }, "geometry": { "type": "LineString", "coordinates": [ [ -0.4278865, 51.44095080000001 ], [ -0.4278536, 51.4409382 ], [ -0.4277864, 51.4409052 ], [ -0.4277193, 51.4408534 ], [ -0.4276486, 51.44081820000001 ], [ -0.4275956, 51.4407972 ], [ -0.4275002, 51.4407818 ], [ -0.4274101, 51.44075320000001 ], [ -0.4272581, 51.4407014 ], [ -0.4271574, 51.440661800000015 ], [ -0.4270797, 51.4406056 ], [ -0.4269896, 51.440509800000015 ], [ -0.4268747, 51.4403655 ], [ -0.4267564, 51.4402234 ], [ -0.4267185, 51.440186900000015 ] ] } },
{ "type": "Feature", "properties": { "id": 36114, "nach": 0.53393989418268051 }, "geometry": { "type": "LineString", "coordinates": [ [ -0.4283736, 51.4410556 ], [ -0.4279931, 51.440960200000021 ], [ -0.4279312, 51.4409527 ], [ -0.4278865, 51.44095080000001 ] ] } },
{ "type": "Feature", "properties": { "id": 33089, "nach": 0.54696987942902675 }, "geometry": { "type": "LineString", "coordinates": [ [ -0.4265701, 51.4403362 ], [ -0.4266417, 51.4403316 ] ] } },
{ "type": "Feature", "properties": { "id": 44524, "nach": 0.57856448631349899 }, "geometry": { "type": "LineString", "coordinates": [ [ -0.426796, 51.4406408 ], [ -0.4267337, 51.4406017 ], [ -0.4266975, 51.4405645 ], [ -0.4266758, 51.4404732 ], [ -0.4266417, 51.4403316 ] ] } },
{ "type": "Feature", "properties": { "id": 33090, "nach": 0.42664176717327684 }, "geometry": { "type": "LineString", "coordinates": [ [ -0.4265701, 51.4403362 ], [ -0.4265852, 51.4404695 ], [ -0.4265732, 51.4406259 ] ] } },
{ "type": "Feature", "properties": { "id": 44504, "nach": 0.53008841864204181 }, "geometry": { "type": "LineString", "coordinates": [ [ -0.4264605, 51.4404022 ], [ -0.4265162, 51.440402 ], [ -0.4265105, 51.44034 ], [ -0.4265701, 51.4403362 ] ] } },
{ "type": "Feature", "properties": { "id": 44522, "nach": 0.55762984332171051 }, "geometry": { "type": "LineString", "coordinates": [ [ -0.426796, 51.4406408 ], [ -0.4267649, 51.4406812 ] ] } },
{ "type": "Feature", "properties": { "id": 44525, "nach": 0.3457952205230887 }, "geometry": { "type": "LineString", "coordinates": [ [ -0.4265732, 51.4406259 ], [ -0.4265193, 51.4406432 ] ] } },
{ "type": "Feature", "properties": { "id": 44526, "nach": 0.53676574966838775 }, "geometry": { "type": "LineString", "coordinates": [ [ -0.4265732, 51.4406259 ], [ -0.4267009, 51.440659900000014 ], [ -0.4267649, 51.4406812 ] ] } },
{ "type": "Feature", "properties": { "id": 73419, "nach": 0.53859512834197742 }, "geometry": { "type": "LineString", "coordinates": [ [ -0.4264891, 51.4406043 ], [ -0.4265732, 51.4406259 ] ] } },
{ "type": "Feature", "properties": { "id": 44527, "nach": 0.60722672026422275 }, "geometry": { "type": "LineString", "coordinates": [ [ -0.4264026, 51.4404014 ], [ -0.4264605, 51.4404022 ] ] } },
{ "type": "Feature", "properties": { "id": 73420, "nach": 0.5125023537911737 }, "geometry": { "type": "LineString", "coordinates": [ [ -0.4264891, 51.4406043 ], [ -0.4264685, 51.4404786 ], [ -0.4264605, 51.4404022 ] ] } },
{ "type": "Feature", "properties": { "id": 44499, "nach": 0.48475174999921211 }, "geometry": { "type": "LineString", "coordinates": [ [ -0.4261871, 51.4405268 ], [ -0.4262024, 51.4405055 ] ] } },
{ "type": "Feature", "properties": { "id": 33093, "nach": 0.6284524288991975 }, "geometry": { "type": "LineString", "coordinates": [ [ -0.4262024, 51.4405055 ], [ -0.4262814, 51.4405169 ], [ -0.4263411, 51.4405113 ], [ -0.4263863, 51.4404876 ], [ -0.4264046, 51.4404635 ], [ -0.4264079, 51.4404403 ], [ -0.4264026, 51.4404014 ] ] } },
{ "type": "Feature", "properties": { "id": 44535, "nach": 0.62159206114762078 }, "geometry": { "type": "LineString", "coordinates": [ [ -0.426002, 51.4404789 ], [ -0.4260606, 51.440462900000014 ], [ -0.4262024, 51.4405055 ] ] } },
{ "type": "Feature", "properties": { "id": 44500, "nach": 0.54167602991540675 }, "geometry": { "type": "LineString", "coordinates": [ [ -0.4261871, 51.4405268 ], [ -0.4264891, 51.4406043 ] ] } },
{ "type": "Feature", "properties": { "id": 44531, "nach": 0.45891539179929158 }, "geometry": { "type": "LineString", "coordinates": [ [ -0.4260949, 51.4405535 ], [ -0.4261116, 51.4405328 ], [ -0.4261709, 51.4405511 ], [ -0.4261871, 51.4405268 ] ] } },
{ "type": "Feature", "properties": { "id": 44534, "nach": 0.54353641679369502 }, "geometry": { "type": "LineString", "coordinates": [ [ -0.426002, 51.4404789 ], [ -0.4261871, 51.4405268 ] ] } },
{ "type": "Feature", "properties": { "id": 55297, "nach": 0.48000312539496121 }, "geometry": { "type": "LineString", "coordinates": [ [ -0.4128359, 51.4445519 ], [ -0.412796, 51.4445156 ], [ -0.4126458, 51.44438370000001 ] ] } },
{ "type": "Feature", "properties": { "id": 55298, "nach": 0.47722988697906499 }, "geometry": { "type": "LineString", "coordinates": [ [ -0.4128359, 51.4445519 ], [ -0.412861, 51.444586700000016 ], [ -0.4130206, 51.4447928 ], [ -0.4131644, 51.444796 ], [ -0.4132849, 51.4448429 ] ] } },
{ "type": "Feature", "properties": { "id": 55373, "nach": 0.64049544649305867 }, "geometry": { "type": "LineString", "coordinates": [ [ -0.4126244, 51.4446457 ], [ -0.4128359, 51.4445519 ] ] } },
{ "type": "Feature", "properties": { "id": 55374, "nach": 0.59641500883241583 }, "geometry": { "type": "LineString", "coordinates": [ [ -0.4126244, 51.4446457 ], [ -0.4125943, 51.444657 ], [ -0.4125547, 51.4446759 ] ] } },
{ "type": "Feature", "properties": { "id": 55371, "nach": 0.61255798750875945 }, "geometry": { "type": "LineString", "coordinates": [ [ -0.4126378, 51.4448152 ], [ -0.4126314, 51.4447963 ], [ -0.4125547, 51.4446759 ] ] } },
{ "type": "Feature", "properties": { "id": 55375, "nach": 0.63740672892116312 }, "geometry": { "type": "LineString", "coordinates": [ [ -0.4126244, 51.4446457 ], [ -0.4125797, 51.44459770000001 ], [ -0.4125476, 51.444592 ], [ -0.4124087, 51.444490699999989 ], [ -0.4122147, 51.44437880000001 ], [ -0.4121584, 51.4443603 ] ] } },
{ "type": "Feature", "properties": { "id": 55376, "nach": 0.59680438612285069 }, "geometry": { "type": "LineString", "coordinates": [ [ -0.4126244, 51.4446457 ], [ -0.4126691, 51.4446936 ], [ -0.4127261, 51.4448021 ] ] } },
{ "type": "Feature", "properties": { "id": 55369, "nach": 0.52846326248303754 }, "geometry": { "type": "LineString", "coordinates": [ [ -0.4126378, 51.4448152 ], [ -0.4125767, 51.4448243 ] ] } },
{ "type": "Feature", "properties": { "id": 55370, "nach": 0.53328144452628645 }, "geometry": { "type": "LineString", "coordinates": [ [ -0.4126378, 51.4448152 ], [ -0.4127261, 51.4448021 ] ] } },
{ "type": "Feature", "properties": { "id": 55306, "nach": 0.5773130116318389 }, "geometry": { "type": "LineString", "coordinates": [ [ -0.4121584, 51.4443603 ], [ -0.4122054, 51.4442678 ] ] } },
{ "type": "Feature", "properties": { "id": 55362, "nach": 0.65932535430305239 }, "geometry": { "type": "LineString", "coordinates": [ [ -0.4114734, 51.4441359 ], [ -0.4116433, 51.44419460000001 ], [ -0.4118783, 51.44427420000001 ], [ -0.4121031, 51.4443428 ], [ -0.4121584, 51.4443603 ] ] } },
{ "type": "Feature", "properties": { "id": 34312, "nach": 0.37164194965629682 }, "geometry": { "type": "LineString", "coordinates": [ [ -0.4086845, 51.4406514 ], [ -0.4088986, 51.440444 ], [ -0.4090546, 51.4403092 ], [ -0.409229, 51.4401487 ], [ -0.4092531, 51.440137 ], [ -0.4092944, 51.440133899999985 ], [ -0.4093342, 51.4401405 ], [ -0.4094574, 51.4401893 ] ] } },
{ "type": "Feature", "properties": { "id": 36363, "nach": 0.40432561416273 }, "geometry": { "type": "LineString", "coordinates": [ [ -0.4088854, 51.4407322 ], [ -0.4090842, 51.4408121 ] ] } },
{ "type": "Feature", "properties": { "id": 36361, "nach": 0.14552119834779723 }, "geometry": { "type": "LineString", "coordinates": [ [ -0.4094574, 51.4401893 ], [ -0.4088854, 51.4407322 ] ] } },
{ "type": "Feature", "properties": { "id": 36360, "nach": 0.3561850580204502 }, "geometry": { "type": "LineString", "coordinates": [ [ -0.4094574, 51.4401893 ], [ -0.409642, 51.440262500000017 ] ] } },
{ "type": "Feature", "properties": { "id": 34384, "nach": 0.29637683394631459 }, "geometry": { "type": "LineString", "coordinates": [ [ -0.4096627, 51.4410447 ], [ -0.4099121, 51.441145 ] ] } },
{ "type": "Feature", "properties": { "id": 36349, "nach": 0.33736052077368744 }, "geometry": { "type": "LineString", "coordinates": [ [ -0.4094772, 51.4409701 ], [ -0.4096627, 51.4410447 ] ] } },
{ "type": "Feature", "properties": { "id": 36351, "nach": 0.18719634475132599 }, "geometry": { "type": "LineString", "coordinates": [ [ -0.4100239, 51.4404138 ], [ -0.4101661, 51.4404701 ], [ -0.4101892, 51.4404931 ], [ -0.4101919, 51.4405215 ], [ -0.4101785, 51.4405449 ], [ -0.4096627, 51.4410447 ] ] } },
{ "type": "Feature", "properties": { "id": 36368, "nach": 0.55045416349809961 }, "geometry": { "type": "LineString", "coordinates": [ [ -0.4104924, 51.441558900000011 ], [ -0.4104413, 51.441618299999988 ], [ -0.4096688, 51.4424041 ] ] } },
{ "type": "Feature", "properties": { "id": 34382, "nach": 0.53692710956626544 }, "geometry": { "type": "LineString", "coordinates": [ [ -0.4082536, 51.441936700000014 ], [ -0.409347, 51.442387300000014 ], [ -0.4094489, 51.4424241 ], [ -0.4095562, 51.442437500000011 ], [ -0.4096688, 51.4424041 ] ] } },
{ "type": "Feature", "properties": { "id": 34316, "nach": 0.0 }, "geometry": { "type": "LineString", "coordinates": [ [ -0.4096688, 51.4424041 ], [ -0.4091163, 51.4429624 ], [ -0.4090466, 51.442982500000014 ], [ -0.4089393, 51.4429624 ], [ -0.4077121, 51.442453 ] ] } },
{ "type": "Feature", "properties": { "id": 34380, "nach": 0.49428944956759197 }, "geometry": { "type": "LineString", "coordinates": [ [ -0.4082536, 51.441936700000014 ], [ -0.408029, 51.441844100000012 ] ] } },
{ "type": "Feature", "properties": { "id": 34381, "nach": 0.46108156128340744 }, "geometry": { "type": "LineString", "coordinates": [ [ -0.4082536, 51.441936700000014 ], [ -0.4077121, 51.442453 ] ] } },
{ "type": "Feature", "properties": { "id": 36355, "nach": 0.3663685994413835 }, "geometry": { "type": "LineString", "coordinates": [ [ -0.4092798, 51.4408907 ], [ -0.4094772, 51.4409701 ] ] } },
{ "type": "Feature", "properties": { "id": 36350, "nach": 0.14522380657093567 }, "geometry": { "type": "LineString", "coordinates": [ [ -0.4094772, 51.4409701 ], [ -0.4100239, 51.4404138 ] ] } },
{ "type": "Feature", "properties": { "id": 34388, "nach": 0.46987394806692828 }, "geometry": { "type": "LineString", "coordinates": [ [ -0.4111413, 51.447883800000014 ], [ -0.4111865, 51.4478935 ], [ -0.4112546, 51.4479521 ] ] } },
{ "type": "Feature", "properties": { "id": 34390, "nach": 0.43789306793875865 }, "geometry": { "type": "LineString", "coordinates": [ [ -0.4107254, 51.44810240000001 ], [ -0.4107856, 51.4480517 ], [ -0.4109305, 51.4479385 ], [ -0.4110378, 51.4478989 ], [ -0.4111413, 51.447883800000014 ] ] } },
{ "type": "Feature", "properties": { "id": 93043, "nach": 0.64636249704245941 }, "geometry": { "type": "LineString", "coordinates": [ [ -0.4114491, 51.4479033 ], [ -0.4114107, 51.4479045 ], [ -0.4113715, 51.4479126 ], [ -0.4113231, 51.4479265 ], [ -0.4112546, 51.4479521 ] ] } },
{ "type": "Feature", "properties": { "id": 93048, "nach": 0.58230392271114839 }, "geometry": { "type": "LineString", "coordinates": [ [ -0.4114555, 51.4479665 ], [ -0.4114546, 51.4479578 ], [ -0.4114491, 51.4479033 ] ] } },
{ "type": "Feature", "properties": { "id": 93053, "nach": 0.65841785154647969 }, "geometry": { "type": "LineString", "coordinates": [ [ -0.4114403, 51.4478099 ], [ -0.4114429, 51.4478473 ], [ -0.4114491, 51.4479033 ] ] } },
{ "type": "Feature", "properties": { "id": 36176, "nach": 0.52382238865811159 }, "geometry": { "type": "LineString", "coordinates": [ [ -0.4071267, 51.4444811 ], [ -0.4072106, 51.444384100000015 ], [ -0.4072053, 51.444343 ], [ -0.4070755, 51.4442577 ] ] } },
{ "type": "Feature", "properties": { "id": 51373, "nach": 0.46821000694627568 }, "geometry": { "type": "LineString", "coordinates": [ [ -0.4071592, 51.4441988 ], [ -0.407098, 51.444241899999987 ], [ -0.4070755, 51.4442577 ] ] } },
{ "type": "Feature", "properties": { "id": 54645, "nach": 0.49340996137114501 }, "geometry": { "type": "LineString", "coordinates": [ [ -0.4070725, 51.444151 ], [ -0.4071592, 51.4441988 ] ] } },
{ "type": "Feature", "properties": { "id": 51372, "nach": 0.47897699811728078 }, "geometry": { "type": "LineString", "coordinates": [ [ -0.4071592, 51.4441988 ], [ -0.407323, 51.4440836 ], [ -0.4074586, 51.4441703 ] ] } },
{ "type": "Feature", "properties": { "id": 55483, "nach": 0.50497513153418772 }, "geometry": { "type": "LineString", "coordinates": [ [ -0.4105738, 51.4470943 ], [ -0.4104519, 51.4471299 ], [ -0.4103486, 51.4471599 ] ] } },
{ "type": "Feature", "properties": { "id": 55484, "nach": 0.5051899831606963 }, "geometry": { "type": "LineString", "coordinates": [ [ -0.410439, 51.4470375 ], [ -0.4104097, 51.4470771 ], [ -0.4103486, 51.4471599 ] ] } },
{ "type": "Feature", "properties": { "id": 36299, "nach": 0.5860505278554351 }, "geometry": { "type": "LineString", "coordinates": [ [ -0.4121888, 51.445328099999983 ], [ -0.4121961, 51.4453159 ], [ -0.4122686, 51.4452901 ] ] } },
{ "type": "Feature", "properties": { "id": 69423, "nach": 0.59826320635630215 }, "geometry": { "type": "LineString", "coordinates": [ [ -0.4121603, 51.4454177 ], [ -0.4121514, 51.4453927 ], [ -0.4121888, 51.445328099999983 ] ] } },
{ "type": "Feature", "properties": { "id": 69421, "nach": 0.62851524029799977 }, "geometry": { "type": "LineString", "coordinates": [ [ -0.4122686, 51.4452901 ], [ -0.4122616, 51.445328500000016 ] ] } },
{ "type": "Feature", "properties": { "id": 55358, "nach": 0.62265493802600369 }, "geometry": { "type": "LineString", "coordinates": [ [ -0.4113657, 51.4442624 ], [ -0.4113844, 51.444235500000012 ] ] } },
{ "type": "Feature", "properties": { "id": 95000, "nach": 0.50619509680717678 }, "geometry": { "type": "LineString", "coordinates": [ [ -0.4114332, 51.444180900000013 ], [ -0.4113844, 51.444235500000012 ] ] } },
{ "type": "Feature", "properties": { "id": 55359, "nach": 0.60562991611080585 }, "geometry": { "type": "LineString", "coordinates": [ [ -0.4113657, 51.4442624 ], [ -0.4113073, 51.4442534 ], [ -0.4112493, 51.44426390000001 ], [ -0.4112185, 51.444279 ] ] } },
{ "type": "Feature", "properties": { "id": 95001, "nach": 0.6288770173477678 }, "geometry": { "type": "LineString", "coordinates": [ [ -0.4114332, 51.444180900000013 ], [ -0.4114734, 51.4441359 ] ] } },
{ "type": "Feature", "properties": { "id": 94999, "nach": 0.52207973664543716 }, "geometry": { "type": "LineString", "coordinates": [ [ -0.4112545, 51.4441144 ], [ -0.4114332, 51.444180900000013 ] ] } },
{ "type": "Feature", "properties": { "id": 36324, "nach": 0.61636432915459949 }, "geometry": { "type": "LineString", "coordinates": [ [ -0.4115773, 51.4384483 ], [ -0.4115875, 51.4384918 ], [ -0.4115744, 51.4385342 ] ] } },
{ "type": "Feature", "properties": { "id": 36325, "nach": 0.47464477044624848 }, "geometry": { "type": "LineString", "coordinates": [ [ -0.4114201, 51.4383606 ], [ -0.4114859, 51.4383766 ], [ -0.4115448, 51.4384095 ], [ -0.4115773, 51.4384483 ] ] } },
{ "type": "Feature", "properties": { "id": 36326, "nach": 0.59519472273352103 }, "geometry": { "type": "LineString", "coordinates": [ [ -0.4114201, 51.4383606 ], [ -0.4114942, 51.4383078 ], [ -0.4116017, 51.4381741 ] ] } },
{ "type": "Feature", "properties": { "id": 36323, "nach": 0.60583961139538134 }, "geometry": { "type": "LineString", "coordinates": [ [ -0.4116017, 51.4381741 ], [ -0.4115956, 51.4383226 ], [ -0.4115773, 51.4384483 ] ] } },
{ "type": "Feature", "properties": { "id": 36353, "nach": 0.14532179498069606 }, "geometry": { "type": "LineString", "coordinates": [ [ -0.4098415, 51.4403415 ], [ -0.4092798, 51.4408907 ] ] } },
{ "type": "Feature", "properties": { "id": 36357, "nach": 0.388878579032781 }, "geometry": { "type": "LineString", "coordinates": [ [ -0.4090842, 51.4408121 ], [ -0.4092798, 51.4408907 ] ] } },
{ "type": "Feature", "properties": { "id": 36352, "nach": 0.29824195622736427 }, "geometry": { "type": "LineString", "coordinates": [ [ -0.4098415, 51.4403415 ], [ -0.4100239, 51.4404138 ] ] } },
{ "type": "Feature", "properties": { "id": 36359, "nach": 0.33106754050506559 }, "geometry": { "type": "LineString", "coordinates": [ [ -0.409642, 51.440262500000017 ], [ -0.4098415, 51.4403415 ] ] } },
{ "type": "Feature", "properties": { "id": 36358, "nach": 0.14542091719031083 }, "geometry": { "type": "LineString", "coordinates": [ [ -0.4090842, 51.4408121 ], [ -0.409642, 51.440262500000017 ] ] } },
{ "type": "Feature", "properties": { "id": 50210, "nach": 0.5297466877567425 }, "geometry": { "type": "LineString", "coordinates": [ [ -0.4258817, 51.450315799999984 ], [ -0.4259811, 51.4503962 ], [ -0.4260882, 51.4504817 ], [ -0.4263085, 51.4508895 ] ] } },
{ "type": "Feature", "properties": { "id": 53916, "nach": 0.0 }, "geometry": { "type": "LineString", "coordinates": [ [ -0.425547, 51.451469 ], [ -0.425509, 51.4514629 ], [ -0.4250846, 51.4512339 ], [ -0.425021, 51.4511818 ], [ -0.424988, 51.4511248 ], [ -0.4249812, 51.45106950000001 ], [ -0.425, 51.4510129 ], [ -0.4250281, 51.4509702 ], [ -0.4258817, 51.450315799999984 ] ] } },
{ "type": "Feature", "properties": { "id": 50209, "nach": 0.39292129994958824 }, "geometry": { "type": "LineString", "coordinates": [ [ -0.4258817, 51.450315799999984 ], [ -0.4263264, 51.4503908 ], [ -0.4267047, 51.4504891 ], [ -0.4279758, 51.4508718 ] ] } },
{ "type": "Feature", "properties": { "id": 57690, "nach": 0.50790024548586876 }, "geometry": { "type": "LineString", "coordinates": [ [ -0.4267403, 51.4496511 ], [ -0.4266651, 51.449709400000017 ], [ -0.4261364, 51.4501135 ], [ -0.4258817, 51.450315799999984 ] ] } },
{ "type": "Feature", "properties": { "id": 55274, "nach": 0.5774742565237948 }, "geometry": { "type": "LineString", "coordinates": [ [ -0.4139357, 51.4421114 ], [ -0.413911, 51.442138400000012 ] ] } },
{ "type": "Feature", "properties": { "id": 36401, "nach": 0.5800429782942973 }, "geometry": { "type": "LineString", "coordinates": [ [ -0.4134854, 51.4424495 ], [ -0.4136075, 51.44233730000002 ], [ -0.4137299, 51.4423363 ], [ -0.413911, 51.442138400000012 ] ] } },
{ "type": "Feature", "properties": { "id": 36398, "nach": 0.0 }, "geometry": { "type": "LineString", "coordinates": [ [ -0.4141286, 51.4419005 ], [ -0.4139028, 51.4418256 ], [ -0.4136867, 51.4420575 ], [ -0.413911, 51.442138400000012 ] ] } },
{ "type": "Feature", "properties": { "id": 55275, "nach": 0.53953935506875361 }, "geometry": { "type": "LineString", "coordinates": [ [ -0.4139357, 51.4421114 ], [ -0.4141286, 51.4419005 ] ] } },
{ "type": "Feature", "properties": { "id": 55281, "nach": 0.54443061383489266 }, "geometry": { "type": "LineString", "coordinates": [ [ -0.4139914, 51.4421306 ], [ -0.4139824, 51.4421275 ], [ -0.4139789, 51.4421263 ], [ -0.4139357, 51.4421114 ] ] } },
{ "type": "Feature", "properties": { "id": 54809, "nach": 0.67916262943102923 }, "geometry": { "type": "LineString", "coordinates": [ [ -0.4137923, 51.4425746 ], [ -0.4134854, 51.4424495 ] ] } },
{ "type": "Feature", "properties": { "id": 55277, "nach": 0.53860276610751345 }, "geometry": { "type": "LineString", "coordinates": [ [ -0.4141626, 51.4418633 ], [ -0.4141286, 51.4419005 ] ] } },
{ "type": "Feature", "properties": { "id": 55278, "nach": 0.0 }, "geometry": { "type": "LineString", "coordinates": [ [ -0.4141626, 51.4418633 ], [ -0.4142232, 51.4417971 ], [ -0.4139137, 51.4416803 ] ] } },
{ "type": "Feature", "properties": { "id": 55280, "nach": 0.56973035872856914 }, "geometry": { "type": "LineString", "coordinates": [ [ -0.4141626, 51.4418633 ], [ -0.4141431, 51.441831 ], [ -0.4141361, 51.4418074 ], [ -0.4141247, 51.4417957 ], [ -0.4138751, 51.441710300000011 ] ] } },
{ "type": "Feature", "properties": { "id": 55286, "nach": 0.50551012223532188 }, "geometry": { "type": "LineString", "coordinates": [ [ -0.4141972, 51.4419166 ], [ -0.4141938, 51.441911200000014 ], [ -0.4141626, 51.4418633 ] ] } },
{ "type": "Feature", "properties": { "id": 54811, "nach": 0.55043519491041659 }, "geometry": { "type": "LineString", "coordinates": [ [ -0.4137923, 51.4425746 ], [ -0.4137238, 51.4426489 ] ] } },
{ "type": "Feature", "properties": { "id": 55270, "nach": 0.48039615138069786 }, "geometry": { "type": "LineString", "coordinates": [ [ -0.4139252, 51.4424373 ], [ -0.4137923, 51.4425746 ] ] } },
{ "type": "Feature", "properties": { "id": 84598, "nach": 0.59570289113099295 }, "geometry": { "type": "LineString", "coordinates": [ [ -0.4127937, 51.4432654 ], [ -0.4127483, 51.443242 ] ] } },
{ "type": "Feature", "properties": { "id": 84608, "nach": 0.24078256429456102 }, "geometry": { "type": "LineString", "coordinates": [ [ -0.4123302, 51.443106900000011 ], [ -0.4125094, 51.4431549 ], [ -0.4126375, 51.4431921 ], [ -0.4127483, 51.443242 ] ] } },
{ "type": "Feature", "properties": { "id": 47434, "nach": 0.63881814873418497 }, "geometry": { "type": "LineString", "coordinates": [ [ -0.412616, 51.4433145 ], [ -0.4126676, 51.443288899999985 ], [ -0.4127483, 51.443242 ] ] } },
{ "type": "Feature", "properties": { "id": 84600, "nach": 0.34217095307605544 }, "geometry": { "type": "LineString", "coordinates": [ [ -0.4127937, 51.4432654 ], [ -0.4127674, 51.443285100000011 ], [ -0.4126129, 51.4433813 ], [ -0.4125691, 51.4434251 ], [ -0.4125778, 51.4434415 ], [ -0.4125362, 51.443452 ] ] } },
{ "type": "Feature", "properties": { "id": 84611, "nach": 0.58349003997279736 }, "geometry": { "type": "LineString", "coordinates": [ [ -0.4128248, 51.4432689 ], [ -0.4128177, 51.443267200000022 ], [ -0.4127937, 51.4432654 ] ] } },
{ "type": "Feature", "properties": { "id": 84607, "nach": 0.71093606887127436 }, "geometry": { "type": "LineString", "coordinates": [ [ -0.4123302, 51.443106900000011 ], [ -0.4122455, 51.4431771 ], [ -0.4121904, 51.4432242 ] ] } },
{ "type": "Feature", "properties": { "id": 84606, "nach": 0.71001282573922064 }, "geometry": { "type": "LineString", "coordinates": [ [ -0.4123302, 51.443106900000011 ], [ -0.4127755, 51.4427381 ] ] } },
{ "type": "Feature", "properties": { "id": 40153, "nach": 0.41755438694515662 }, "geometry": { "type": "LineString", "coordinates": [ [ -0.4123456, 51.44330810000001 ], [ -0.4124273, 51.4433231 ], [ -0.4124774, 51.443325800000011 ], [ -0.4125331, 51.4433232 ], [ -0.412616, 51.4433145 ] ] } },
{ "type": "Feature", "properties": { "id": 47433, "nach": 0.63851069480156686 }, "geometry": { "type": "LineString", "coordinates": [ [ -0.412616, 51.4433145 ], [ -0.4125443, 51.4433783 ], [ -0.4124853, 51.4434105 ] ] } },
{ "type": "Feature", "properties": { "id": 55331, "nach": 0.72186753487457878 }, "geometry": { "type": "LineString", "coordinates": [ [ -0.4127755, 51.4427381 ], [ -0.4127839, 51.4426782 ], [ -0.4130331, 51.4424309 ] ] } },
{ "type": "Feature", "properties": { "id": 84609, "nach": 0.59763996582549161 }, "geometry": { "type": "LineString", "coordinates": [ [ -0.4128248, 51.4432689 ], [ -0.4129179, 51.443291 ] ] } },
{ "type": "Feature", "properties": { "id": 36410, "nach": 0.56475002163979104 }, "geometry": { "type": "LineString", "coordinates": [ [ -0.4121904, 51.4432242 ], [ -0.4123456, 51.44330810000001 ] ] } },
{ "type": "Feature", "properties": { "id": 47437, "nach": 0.71270736794660272 }, "geometry": { "type": "LineString", "coordinates": [ [ -0.4121164, 51.4432911 ], [ -0.4121417, 51.4432682 ], [ -0.4121596, 51.4432521 ], [ -0.4121904, 51.4432242 ] ] } },
{ "type": "Feature", "properties": { "id": 42082, "nach": 0.5354087993818285 }, "geometry": { "type": "LineString", "coordinates": [ [ -0.4120885, 51.4431507 ], [ -0.4121054, 51.4431742 ], [ -0.4121437, 51.443201 ], [ -0.4121904, 51.4432242 ] ] } },
{ "type": "Feature", "properties": { "id": 40152, "nach": 0.52995352171677756 }, "geometry": { "type": "LineString", "coordinates": [ [ -0.4123456, 51.44330810000001 ], [ -0.4123967, 51.44335 ], [ -0.4124853, 51.4434105 ] ] } },
{ "type": "Feature", "properties": { "id": 36413, "nach": 0.49263025768367341 }, "geometry": { "type": "LineString", "coordinates": [ [ -0.4122533, 51.4433891 ], [ -0.4122216, 51.4433605 ], [ -0.4121478, 51.4433105 ], [ -0.4121164, 51.4432911 ] ] } },
{ "type": "Feature", "properties": { "id": 47436, "nach": 0.35216937305512019 }, "geometry": { "type": "LineString", "coordinates": [ [ -0.4121164, 51.4432911 ], [ -0.4119994, 51.4432374 ] ] } },
{ "type": "Feature", "properties": { "id": 55326, "nach": 0.7113907185122107 }, "geometry": { "type": "LineString", "coordinates": [ [ -0.4120708, 51.4433315 ], [ -0.4120892, 51.4433152 ], [ -0.4121164, 51.4432911 ] ] } },
{ "type": "Feature", "properties": { "id": 36414, "nach": 0.65894816558335578 }, "geometry": { "type": "LineString", "coordinates": [ [ -0.4122533, 51.4433891 ], [ -0.4121964, 51.4433776 ], [ -0.4121058, 51.4433667 ], [ -0.4120395, 51.4433591 ] ] } },
{ "type": "Feature", "properties": { "id": 47446, "nach": 0.65930899786390973 }, "geometry": { "type": "LineString", "coordinates": [ [ -0.4123481, 51.4434331 ], [ -0.4122533, 51.4433891 ] ] } },
{ "type": "Feature", "properties": { "id": 47439, "nach": 0.67220595903713853 }, "geometry": { "type": "LineString", "coordinates": [ [ -0.4120395, 51.4433591 ], [ -0.4119984, 51.4433582 ], [ -0.4118414, 51.443377 ] ] } },
{ "type": "Feature", "properties": { "id": 55327, "nach": 0.71200158024118332 }, "geometry": { "type": "LineString", "coordinates": [ [ -0.4120708, 51.4433315 ], [ -0.412062, 51.443339300000012 ], [ -0.4120395, 51.4433591 ] ] } },
{ "type": "Feature", "properties": { "id": 84595, "nach": 0.70577890991186298 }, "geometry": { "type": "LineString", "coordinates": [ [ -0.4119881, 51.4433989 ], [ -0.4120126, 51.4433829 ], [ -0.4120395, 51.4433591 ] ] } },
{ "type": "Feature", "properties": { "id": 36415, "nach": 0.50639204835455598 }, "geometry": { "type": "LineString", "coordinates": [ [ -0.4125362, 51.443452 ], [ -0.4125422, 51.443502 ], [ -0.4125313, 51.4435422 ], [ -0.4125062, 51.4435762 ] ] } },
{ "type": "Feature", "properties": { "id": 36421, "nach": 0.45932691764814143 }, "geometry": { "type": "LineString", "coordinates": [ [ -0.412406, 51.4434764 ], [ -0.4124673, 51.443468800000012 ], [ -0.4125362, 51.443452 ] ] } },
{ "type": "Feature", "properties": { "id": 40156, "nach": 0.51858264511494279 }, "geometry": { "type": "LineString", "coordinates": [ [ -0.4124853, 51.4434105 ], [ -0.4125362, 51.443452 ] ] } },
{ "type": "Feature", "properties": { "id": 36418, "nach": 0.54749693197287685 }, "geometry": { "type": "LineString", "coordinates": [ [ -0.4125062, 51.4435762 ], [ -0.4124926, 51.4435466 ], [ -0.4124457, 51.4435028 ], [ -0.412406, 51.4434764 ] ] } },
{ "type": "Feature", "properties": { "id": 47444, "nach": 0.55608819401423304 }, "geometry": { "type": "LineString", "coordinates": [ [ -0.4123831, 51.443696 ], [ -0.4124388, 51.4436557 ], [ -0.4124671, 51.4436234 ], [ -0.4124787, 51.4436111 ], [ -0.4124916, 51.4435961 ], [ -0.4125062, 51.4435762 ] ] } },
{ "type": "Feature", "properties": { "id": 36420, "nach": 0.53133792844479499 }, "geometry": { "type": "LineString", "coordinates": [ [ -0.412406, 51.4434764 ], [ -0.4123481, 51.4434331 ] ] } },
{ "type": "Feature", "properties": { "id": 84597, "nach": 0.53797608139937447 }, "geometry": { "type": "LineString", "coordinates": [ [ -0.4119881, 51.4433989 ], [ -0.4120443, 51.4434284 ], [ -0.4121514, 51.4434677 ], [ -0.4122764, 51.443479 ], [ -0.412406, 51.4434764 ] ] } },
{ "type": "Feature", "properties": { "id": 47443, "nach": 0.48286652057873169 }, "geometry": { "type": "LineString", "coordinates": [ [ -0.4123831, 51.443696 ], [ -0.4124772, 51.44375010000001 ] ] } },
{ "type": "Feature", "properties": { "id": 47445, "nach": 0.481231797584668 }, "geometry": { "type": "LineString", "coordinates": [ [ -0.4121494, 51.4436053 ], [ -0.4123831, 51.443696 ] ] } },
{ "type": "Feature", "properties": { "id": 40157, "nach": 0.64266764554223543 }, "geometry": { "type": "LineString", "coordinates": [ [ -0.4124853, 51.4434105 ], [ -0.4124286, 51.4434288 ], [ -0.4123892, 51.4434336 ], [ -0.4123481, 51.4434331 ] ] } },
{ "type": "Feature", "properties": { "id": 84596, "nach": 0.71211709295481018 }, "geometry": { "type": "LineString", "coordinates": [ [ -0.4119881, 51.4433989 ], [ -0.4119101, 51.4434499 ], [ -0.4117793, 51.4435832 ] ] } },
{ "type": "Feature", "properties": { "id": 36440, "nach": 0.46795703667350191 }, "geometry": { "type": "LineString", "coordinates": [ [ -0.4141879, 51.4433027 ], [ -0.413976, 51.4432021 ] ] } },
{ "type": "Feature", "properties": { "id": 36427, "nach": 0.54109623855199473 }, "geometry": { "type": "LineString", "coordinates": [ [ -0.4138539, 51.4431451 ], [ -0.413976, 51.4432021 ] ] } },
{ "type": "Feature", "properties": { "id": 36425, "nach": 0.46421896928408918 }, "geometry": { "type": "LineString", "coordinates": [ [ -0.413976, 51.4432021 ], [ -0.4137293, 51.4435387 ] ] } },
{ "type": "Feature", "properties": { "id": 36441, "nach": 0.072903272350707621 }, "geometry": { "type": "LineString", "coordinates": [ [ -0.4141879, 51.4433027 ], [ -0.4139483, 51.4436023 ], [ -0.4137293, 51.4435387 ] ] } },
{ "type": "Feature", "properties": { "id": 36426, "nach": 0.0 }, "geometry": { "type": "LineString", "coordinates": [ [ -0.4137293, 51.4435387 ], [ -0.4136052, 51.4435003 ], [ -0.4138539, 51.4431451 ] ] } },
{ "type": "Feature", "properties": { "id": 36429, "nach": 0.5618038993097727 }, "geometry": { "type": "LineString", "coordinates": [ [ -0.4136941, 51.44307830000001 ], [ -0.4138539, 51.4431451 ] ] } },
{ "type": "Feature", "properties": { "id": 36431, "nach": 0.32416111118662205 }, "geometry": { "type": "LineString", "coordinates": [ [ -0.4136941, 51.44307830000001 ], [ -0.4134491, 51.4433656 ], [ -0.4132523, 51.4433207 ] ] } },
{ "type": "Feature", "properties": { "id": 36432, "nach": 0.12942197180366943 }, "geometry": { "type": "LineString", "coordinates": [ [ -0.4132523, 51.4433207 ], [ -0.4133952, 51.4431236 ] ] } },
{ "type": "Feature", "properties": { "id": 36433, "nach": 0.48568993982244152 }, "geometry": { "type": "LineString", "coordinates": [ [ -0.4132523, 51.4433207 ], [ -0.413041, 51.4432609 ] ] } },
{ "type": "Feature", "properties": { "id": 36436, "nach": 0.45071950192863625 }, "geometry": { "type": "LineString", "coordinates": [ [ -0.413041, 51.4432609 ], [ -0.4131683, 51.4430753 ], [ -0.4133952, 51.4431236 ] ] } },
{ "type": "Feature", "properties": { "id": 84603, "nach": 0.54767691794847484 }, "geometry": { "type": "LineString", "coordinates": [ [ -0.4129179, 51.443291 ], [ -0.412957, 51.4432414 ], [ -0.413041, 51.4432609 ] ] } },
{ "type": "Feature", "properties": { "id": 84601, "nach": 0.48101282781736054 }, "geometry": { "type": "LineString", "coordinates": [ [ -0.4129179, 51.443291 ], [ -0.4127327, 51.4435255 ] ] } },
{ "type": "Feature", "properties": { "id": 84605, "nach": 0.48311296714436519 }, "geometry": { "type": "LineString", "coordinates": [ [ -0.4130597, 51.44332090000001 ], [ -0.4130667, 51.443310200000013 ], [ -0.4129832, 51.4432938 ], [ -0.4129179, 51.443291 ] ] } },
{ "type": "Feature", "properties": { "id": 55150, "nach": 0.62224638442666558 }, "geometry": { "type": "LineString", "coordinates": [ [ -0.4120208, 51.443217 ], [ -0.4119994, 51.4432374 ] ] } },
{ "type": "Feature", "properties": { "id": 47449, "nach": 0.62432015981690603 }, "geometry": { "type": "LineString", "coordinates": [ [ -0.4119514, 51.443279300000015 ], [ -0.4119787, 51.4432548 ], [ -0.4119994, 51.4432374 ] ] } },
{ "type": "Feature", "properties": { "id": 55151, "nach": 0.6183218176792683 }, "geometry": { "type": "LineString", "coordinates": [ [ -0.4120208, 51.443217 ], [ -0.4120885, 51.4431507 ] ] } },
{ "type": "Feature", "properties": { "id": 55149, "nach": 0.41107241169380215 }, "geometry": { "type": "LineString", "coordinates": [ [ -0.4120208, 51.443217 ], [ -0.4119128, 51.4431671 ] ] } },
{ "type": "Feature", "properties": { "id": 47448, "nach": 0.62695794444653907 }, "geometry": { "type": "LineString", "coordinates": [ [ -0.4119514, 51.443279300000015 ], [ -0.411918, 51.443309300000017 ], [ -0.4118414, 51.443377 ] ] } },
{ "type": "Feature", "properties": { "id": 50157, "nach": 0.29549904020389928 }, "geometry": { "type": "LineString", "coordinates": [ [ -0.4118362, 51.443228900000015 ], [ -0.4119514, 51.443279300000015 ] ] } },
{ "type": "Feature", "properties": { "id": 55325, "nach": 0.33439950503064275 }, "geometry": { "type": "LineString", "coordinates": [ [ -0.4120708, 51.4433315 ], [ -0.4120312, 51.44331420000001 ], [ -0.4119514, 51.443279300000015 ] ] } },
{ "type": "Feature", "properties": { "id": 55323, "nach": 0.70076860862868584 }, "geometry": { "type": "LineString", "coordinates": [ [ -0.4116508, 51.443531300000011 ], [ -0.4118414, 51.443377 ] ] } },
{ "type": "Feature", "properties": { "id": 55324, "nach": 0.47294295837598316 }, "geometry": { "type": "LineString", "coordinates": [ [ -0.4116508, 51.443531300000011 ], [ -0.4117793, 51.4435832 ] ] } },
{ "type": "Feature", "properties": { "id": 87465, "nach": 0.70427202292699542 }, "geometry": { "type": "LineString", "coordinates": [ [ -0.4116224, 51.4435573 ], [ -0.4116508, 51.443531300000011 ] ] } },
{ "type": "Feature", "properties": { "id": 48386, "nach": 0.41881239173051849 }, "geometry": { "type": "LineString", "coordinates": [ [ -0.4074942, 51.4450128 ], [ -0.4073975, 51.444946400000013 ], [ -0.4073225, 51.4448766 ], [ -0.4072986, 51.444822100000017 ], [ -0.4072932, 51.4447655 ], [ -0.407303, 51.4446989 ], [ -0.407406, 51.4445126 ], [ -0.4077161, 51.4441738 ], [ -0.4077156, 51.4441105 ] ] } },
{ "type": "Feature", "properties": { "id": 55080, "nach": 0.50300647855948299 }, "geometry": { "type": "LineString", "coordinates": [ [ -0.4082056, 51.4434847 ], [ -0.4083046, 51.4435198 ], [ -0.4077742, 51.444074 ], [ -0.4077156, 51.4441105 ] ] } },
{ "type": "Feature", "properties": { "id": 46894, "nach": 0.65357485422712946 }, "geometry": { "type": "LineString", "coordinates": [ [ -0.4073356, 51.444922800000015 ], [ -0.4073889, 51.44496980000001 ], [ -0.4074763, 51.445031 ] ] } },
{ "type": "Feature", "properties": { "id": 51323, "nach": 0.6065633374068512 }, "geometry": { "type": "LineString", "coordinates": [ [ -0.4139137, 51.4416803 ], [ -0.413902, 51.4416758 ], [ -0.4138213, 51.4416445 ] ] } },
{ "type": "Feature", "properties": { "id": 51325, "nach": 0.65106702698562591 }, "geometry": { "type": "LineString", "coordinates": [ [ -0.4139137, 51.4416803 ], [ -0.4139519, 51.4416484 ], [ -0.4145678, 51.441147 ] ] } },
{ "type": "Feature", "properties": { "id": 55272, "nach": 0.65651678272087954 }, "geometry": { "type": "LineString", "coordinates": [ [ -0.4138751, 51.441710300000011 ], [ -0.4138785, 51.4417077 ], [ -0.4139137, 51.4416803 ] ] } },
{ "type": "Feature", "properties": { "id": 55121, "nach": 0.6374860988692459 }, "geometry": { "type": "LineString", "coordinates": [ [ -0.4143624, 51.4410532 ], [ -0.4140951, 51.4412808 ], [ -0.413556, 51.4417435 ] ] } },
{ "type": "Feature", "properties": { "id": 49945, "nach": 0.71365817092105321 }, "geometry": { "type": "LineString", "coordinates": [ [ -0.408894, 51.447488500000013 ], [ -0.4089807, 51.44736480000001 ] ] } },
{ "type": "Feature", "properties": { "id": 54819, "nach": 0.6628798157492567 }, "geometry": { "type": "LineString", "coordinates": [ [ -0.4087024, 51.4473593 ], [ -0.4089807, 51.44736480000001 ] ] } },
{ "type": "Feature", "properties": { "id": 49944, "nach": 0.60142732761197271 }, "geometry": { "type": "LineString", "coordinates": [ [ -0.4091164, 51.4474318 ], [ -0.4091043, 51.4474005 ], [ -0.4090684, 51.4473749 ], [ -0.4089807, 51.44736480000001 ] ] } },
{ "type": "Feature", "properties": { "id": 69869, "nach": 0.4966864070846031 }, "geometry": { "type": "LineString", "coordinates": [ [ -0.4089521, 51.4475028 ], [ -0.408894, 51.447488500000013 ] ] } },
{ "type": "Feature", "properties": { "id": 66114, "nach": 0.7508508392474007 }, "geometry": { "type": "LineString", "coordinates": [ [ -0.4085895, 51.4479252 ], [ -0.4088411, 51.4475639 ], [ -0.4088647, 51.4475302 ], [ -0.408894, 51.447488500000013 ] ] } },
{ "type": "Feature", "properties": { "id": 54825, "nach": 0.69831896628733414 }, "geometry": { "type": "LineString", "coordinates": [ [ -0.4087034, 51.4474175 ], [ -0.4087216, 51.447425 ], [ -0.4087434, 51.4474383 ], [ -0.4087472, 51.4474528 ], [ -0.4087777, 51.447455200000022 ], [ -0.408894, 51.447488500000013 ] ] } },
{ "type": "Feature", "properties": { "id": 54821, "nach": 0.5928352916485119 }, "geometry": { "type": "LineString", "coordinates": [ [ -0.4087024, 51.4473593 ], [ -0.408694, 51.4473035 ] ] } },
{ "type": "Feature", "properties": { "id": 54823, "nach": 0.68452019401312347 }, "geometry": { "type": "LineString", "coordinates": [ [ -0.4087034, 51.4474175 ], [ -0.4087024, 51.4473593 ] ] } },
{ "type": "Feature", "properties": { "id": 54938, "nach": 0.68573667360389534 }, "geometry": { "type": "LineString", "coordinates": [ [ -0.408452, 51.4473669 ], [ -0.4085707, 51.4473596 ], [ -0.4086296, 51.4473587 ], [ -0.4087024, 51.4473593 ] ] } },
{ "type": "Feature", "properties": { "id": 69871, "nach": 0.5610832903995715 }, "geometry": { "type": "LineString", "coordinates": [ [ -0.4092003, 51.447419 ], [ -0.4091164, 51.4474318 ] ] } },
{ "type": "Feature", "properties": { "id": 69870, "nach": 0.5374400481285323 }, "geometry": { "type": "LineString", "coordinates": [ [ -0.4089521, 51.4475028 ], [ -0.4089811, 51.4474652 ], [ -0.4090421, 51.4474472 ], [ -0.4091164, 51.4474318 ] ] } },
{ "type": "Feature", "properties": { "id": 54397, "nach": 0.59723357387839293 }, "geometry": { "type": "LineString", "coordinates": [ [ -0.4091324, 51.4475591 ], [ -0.4091289, 51.4475178 ], [ -0.4091271, 51.447482800000024 ], [ -0.4091164, 51.4474318 ] ] } },
{ "type": "Feature", "properties": { "id": 41302, "nach": 0.47322523465552441 }, "geometry": { "type": "LineString", "coordinates": [ [ -0.4126626, 51.4454135 ], [ -0.4125914, 51.4452934 ], [ -0.4125765, 51.4452812 ], [ -0.4125535, 51.4452722 ], [ -0.4125296, 51.4452692 ], [ -0.4125023, 51.4452713 ], [ -0.4123586, 51.445309 ] ] } },
{ "type": "Feature", "properties": { "id": 41303, "nach": 0.56362288254754989 }, "geometry": { "type": "LineString", "coordinates": [ [ -0.4126626, 51.4454135 ], [ -0.4126762, 51.4454312 ], [ -0.4126974, 51.4455016 ], [ -0.412704, 51.4455237 ] ] } },
{ "type": "Feature", "properties": { "id": 41305, "nach": 0.59229851287868607 }, "geometry": { "type": "LineString", "coordinates": [ [ -0.4122387, 51.4454936 ], [ -0.4123581, 51.4454604 ], [ -0.412576, 51.4454017 ], [ -0.4126342, 51.4454 ], [ -0.4126626, 51.4454135 ] ] } },
{ "type": "Feature", "properties": { "id": 41313, "nach": 0.20324287462436691 }, "geometry": { "type": "LineString", "coordinates": [ [ -0.4119984, 51.4456848 ], [ -0.4120547, 51.445672 ], [ -0.4126666, 51.4455322 ], [ -0.412704, 51.4455237 ] ] } },
{ "type": "Feature", "properties": { "id": 41309, "nach": 0.54291657014225203 }, "geometry": { "type": "LineString", "coordinates": [ [ -0.412704, 51.4455237 ], [ -0.4127263, 51.4456067 ], [ -0.4127419, 51.44566480000001 ] ] } },
{ "type": "Feature", "properties": { "id": 48390, "nach": 0.49754137319023695 }, "geometry": { "type": "LineString", "coordinates": [ [ -0.4093719, 51.4458545 ], [ -0.4094321, 51.4457713 ], [ -0.4095914, 51.4455777 ], [ -0.4096971, 51.4454448 ] ] } },
{ "type": "Feature", "properties": { "id": 48387, "nach": 0.55776769363340239 }, "geometry": { "type": "LineString", "coordinates": [ [ -0.4093719, 51.4458545 ], [ -0.4093449, 51.4458868 ] ] } },
{ "type": "Feature", "properties": { "id": 48388, "nach": 0.65545970995114955 }, "geometry": { "type": "LineString", "coordinates": [ [ -0.4093719, 51.4458545 ], [ -0.4098331, 51.4460127 ] ] } },
{ "type": "Feature", "properties": { "id": 88070, "nach": 0.64029920441928956 }, "geometry": { "type": "LineString", "coordinates": [ [ -0.4087636, 51.44558390000001 ], [ -0.4093719, 51.4458545 ] ] } },
{ "type": "Feature", "properties": { "id": 41307, "nach": 0.28481331394401205 }, "geometry": { "type": "LineString", "coordinates": [ [ -0.4120928, 51.445534200000012 ], [ -0.4121645, 51.4455123 ], [ -0.4122387, 51.4454936 ] ] } },
{ "type": "Feature", "properties": { "id": 49982, "nach": 0.60388575275156531 }, "geometry": { "type": "LineString", "coordinates": [ [ -0.4122616, 51.445328500000016 ], [ -0.4122802, 51.4453534 ], [ -0.4122606, 51.445388500000014 ], [ -0.4122425, 51.4454176 ], [ -0.4122203, 51.44545260000001 ], [ -0.4122241, 51.4454708 ], [ -0.4122387, 51.4454936 ] ] } },
{ "type": "Feature", "properties": { "id": 41306, "nach": 0.60552120065843662 }, "geometry": { "type": "LineString", "coordinates": [ [ -0.4120928, 51.445534200000012 ], [ -0.4121603, 51.4454177 ] ] } },
{ "type": "Feature", "properties": { "id": 41312, "nach": 0.59387207639571593 }, "geometry": { "type": "LineString", "coordinates": [ [ -0.4119984, 51.4456848 ], [ -0.4120928, 51.445534200000012 ] ] } },
{ "type": "Feature", "properties": { "id": 69424, "nach": 0.51729183789750932 }, "geometry": { "type": "LineString", "coordinates": [ [ -0.4121603, 51.4454177 ], [ -0.4121924, 51.4453949 ], [ -0.4122224, 51.445351 ], [ -0.4122307, 51.4453424 ], [ -0.4122616, 51.445328500000016 ] ] } },
{ "type": "Feature", "properties": { "id": 41316, "nach": 0.58031531042307005 }, "geometry": { "type": "LineString", "coordinates": [ [ -0.4118865, 51.445867 ], [ -0.4119984, 51.4456848 ] ] } },
{ "type": "Feature", "properties": { "id": 41317, "nach": 0.18904720188356447 }, "geometry": { "type": "LineString", "coordinates": [ [ -0.4118865, 51.445867 ], [ -0.4119349, 51.4458556 ], [ -0.412701, 51.4456745 ], [ -0.4127419, 51.44566480000001 ] ] } },
{ "type": "Feature", "properties": { "id": 41311, "nach": 0.51462732144113077 }, "geometry": { "type": "LineString", "coordinates": [ [ -0.4127419, 51.44566480000001 ], [ -0.4127569, 51.4457896 ], [ -0.4127588, 51.445805 ] ] } },
{ "type": "Feature", "properties": { "id": 41320, "nach": 0.56477137564046287 }, "geometry": { "type": "LineString", "coordinates": [ [ -0.4117589, 51.4460514 ], [ -0.4118865, 51.445867 ] ] } },
{ "type": "Feature", "properties": { "id": 41314, "nach": 0.46757812758758327 }, "geometry": { "type": "LineString", "coordinates": [ [ -0.4127588, 51.445805 ], [ -0.4127567, 51.445953400000015 ] ] } },
{ "type": "Feature", "properties": { "id": 41321, "nach": 0.17125462663363536 }, "geometry": { "type": "LineString", "coordinates": [ [ -0.4117589, 51.4460514 ], [ -0.4118162, 51.4460373 ], [ -0.4127203, 51.4458145 ], [ -0.4127588, 51.445805 ] ] } },
{ "type": "Feature", "properties": { "id": 41323, "nach": 0.1468191864554636 }, "geometry": { "type": "LineString", "coordinates": [ [ -0.4116153, 51.44624670000001 ], [ -0.4116891, 51.446227800000017 ], [ -0.4127132, 51.445964600000011 ], [ -0.4127567, 51.445953400000015 ] ] } },
{ "type": "Feature", "properties": { "id": 41322, "nach": 0.54592437317531861 }, "geometry": { "type": "LineString", "coordinates": [ [ -0.4116153, 51.44624670000001 ], [ -0.4116868, 51.44614940000001 ], [ -0.4117589, 51.4460514 ] ] } },
{ "type": "Feature", "properties": { "id": 42537, "nach": 0.57565687950781752 }, "geometry": { "type": "LineString", "coordinates": [ [ -0.4234828, 51.4459608 ], [ -0.4235911, 51.445965099999988 ], [ -0.424371, 51.4461275 ] ] } },
{ "type": "Feature", "properties": { "id": 42557, "nach": 0.64354634954038059 }, "geometry": { "type": "LineString", "coordinates": [ [ -0.4247872, 51.446215100000018 ], [ -0.4250905, 51.4462846 ], [ -0.4252826, 51.4463596 ], [ -0.4253232, 51.4463851 ] ] } },
{ "type": "Feature", "properties": { "id": 42558, "nach": 0.55838035178056633 }, "geometry": { "type": "LineString", "coordinates": [ [ -0.4247872, 51.446215100000018 ], [ -0.4247746, 51.4461765 ], [ -0.4248277, 51.446025 ], [ -0.4248312, 51.445953500000016 ], [ -0.424764, 51.4458306 ], [ -0.424658, 51.4457344 ] ] } },
{ "type": "Feature", "properties": { "id": 67578, "nach": 0.39259697786618708 }, "geometry": { "type": "LineString", "coordinates": [ [ -0.4253117, 51.446457900000013 ], [ -0.4253232, 51.4463851 ] ] } },
{ "type": "Feature", "properties": { "id": 67577, "nach": 0.64293367387867695 }, "geometry": { "type": "LineString", "coordinates": [ [ -0.4254377, 51.446452300000011 ], [ -0.4254126, 51.4464205 ], [ -0.4253232, 51.4463851 ] ] } },
{ "type": "Feature", "properties": { "id": 67579, "nach": 0.53305234814458236 }, "geometry": { "type": "LineString", "coordinates": [ [ -0.4253117, 51.446457900000013 ], [ -0.4254377, 51.446452300000011 ] ] } },
{ "type": "Feature", "properties": { "id": 48590, "nach": 0.47053271982957567 }, "geometry": { "type": "LineString", "coordinates": [ [ -0.4140037, 51.4481556 ], [ -0.4142398, 51.4477961 ] ] } },
{ "type": "Feature", "properties": { "id": 48593, "nach": 0.34808266740781041 }, "geometry": { "type": "LineString", "coordinates": [ [ -0.4138417, 51.4484402 ], [ -0.4140037, 51.4481556 ] ] } },
{ "type": "Feature", "properties": { "id": 48655, "nach": 0.46763831235744691 }, "geometry": { "type": "LineString", "coordinates": [ [ -0.4165617, 51.4501434 ], [ -0.4158529, 51.449915 ] ] } },
{ "type": "Feature", "properties": { "id": 48657, "nach": 0.52076893753722175 }, "geometry": { "type": "LineString", "coordinates": [ [ -0.4165617, 51.4501434 ], [ -0.4168797, 51.4497544 ] ] } },
{ "type": "Feature", "properties": { "id": 60327, "nach": 0.46392029868971452 }, "geometry": { "type": "LineString", "coordinates": [ [ -0.416646, 51.4500901 ], [ -0.4166662, 51.4500971 ] ] } },
{ "type": "Feature", "properties": { "id": 60323, "nach": 0.48408881749106941 }, "geometry": { "type": "LineString", "coordinates": [ [ -0.4166662, 51.4500971 ], [ -0.4169147, 51.4498057 ], [ -0.4169603, 51.449767300000012 ] ] } },
{ "type": "Feature", "properties": { "id": 60324, "nach": 0.47427319179892613 }, "geometry": { "type": "LineString", "coordinates": [ [ -0.4166662, 51.4500971 ], [ -0.41676, 51.4501315 ], [ -0.4169088, 51.4501833 ] ] } },
{ "type": "Feature", "properties": { "id": 50667, "nach": 0.55964990532147041 }, "geometry": { "type": "LineString", "coordinates": [ [ -0.4200793, 51.45010640000001 ], [ -0.4201457, 51.4501127 ], [ -0.4202954, 51.4501072 ] ] } },
{ "type": "Feature", "properties": { "id": 55015, "nach": 0.58215218936393454 }, "geometry": { "type": "LineString", "coordinates": [ [ -0.4088331, 51.445650900000011 ], [ -0.4087406, 51.4456104 ] ] } },
{ "type": "Feature", "properties": { "id": 93366, "nach": 0.5955441110655465 }, "geometry": { "type": "LineString", "coordinates": [ [ -0.4086239, 51.4455569 ], [ -0.4087406, 51.4456104 ] ] } },
{ "type": "Feature", "properties": { "id": 88071, "nach": 0.61628915122689287 }, "geometry": { "type": "LineString", "coordinates": [ [ -0.4087636, 51.44558390000001 ], [ -0.4087406, 51.4456104 ] ] } },
{ "type": "Feature", "properties": { "id": 55016, "nach": 0.52512659790944127 }, "geometry": { "type": "LineString", "coordinates": [ [ -0.4088331, 51.445650900000011 ], [ -0.4087819, 51.44569280000001 ] ] } },
{ "type": "Feature", "properties": { "id": 55017, "nach": 0.60439974551480158 }, "geometry": { "type": "LineString", "coordinates": [ [ -0.4088331, 51.445650900000011 ], [ -0.4093449, 51.4458868 ] ] } },
{ "type": "Feature", "properties": { "id": 93368, "nach": 0.58283643138336738 }, "geometry": { "type": "LineString", "coordinates": [ [ -0.4086239, 51.4455569 ], [ -0.4075162, 51.4450488 ], [ -0.4074763, 51.445031 ] ] } },
{ "type": "Feature", "properties": { "id": 93370, "nach": 0.53078182444252209 }, "geometry": { "type": "LineString", "coordinates": [ [ -0.4085816, 51.4455982 ], [ -0.4086239, 51.4455569 ] ] } },
{ "type": "Feature", "properties": { "id": 88072, "nach": 0.65011712836874058 }, "geometry": { "type": "LineString", "coordinates": [ [ -0.4087636, 51.44558390000001 ], [ -0.4087535, 51.4455794 ], [ -0.4084314, 51.4454331 ], [ -0.4078326, 51.4451685 ], [ -0.4074942, 51.4450128 ] ] } },
{ "type": "Feature", "properties": { "id": 88747, "nach": 0.57696124906227486 }, "geometry": { "type": "LineString", "coordinates": [ [ -0.4144383, 51.445929500000013 ], [ -0.4144575, 51.4460631 ] ] } },
{ "type": "Feature", "properties": { "id": 44498, "nach": 0.52970439491816546 }, "geometry": { "type": "LineString", "coordinates": [ [ -0.4270071, 51.4408039 ], [ -0.4268833, 51.440807100000022 ], [ -0.4268033, 51.440781899999983 ] ] } },
{ "type": "Feature", "properties": { "id": 44510, "nach": 0.54335346783971561 }, "geometry": { "type": "LineString", "coordinates": [ [ -0.4267649, 51.4406812 ], [ -0.4269361, 51.4407378 ], [ -0.4270071, 51.4408039 ] ] } },
{ "type": "Feature", "properties": { "id": 44513, "nach": 0.50479215123510035 }, "geometry": { "type": "LineString", "coordinates": [ [ -0.4275645, 51.441059 ], [ -0.427299, 51.44099520000001 ], [ -0.4271175, 51.440946 ], [ -0.4267649, 51.4408273 ] ] } },
{ "type": "Feature", "properties": { "id": 41824, "nach": 0.40394928932982987 }, "geometry": { "type": "LineString", "coordinates": [ [ -0.4245446, 51.4387175 ], [ -0.4247357, 51.4386929 ] ] } },
{ "type": "Feature", "properties": { "id": 48643, "nach": 0.61597519574740489 }, "geometry": { "type": "LineString", "coordinates": [ [ -0.4153148, 51.4473391 ], [ -0.4148911, 51.4472111 ] ] } },
{ "type": "Feature", "properties": { "id": 48644, "nach": 0.61207998564416899 }, "geometry": { "type": "LineString", "coordinates": [ [ -0.4153148, 51.4473391 ], [ -0.4153415, 51.4473065 ], [ -0.4155831, 51.4473768 ] ] } },
{ "type": "Feature", "properties": { "id": 48647, "nach": 0.0 }, "geometry": { "type": "LineString", "coordinates": [ [ -0.4159718, 51.4472318 ], [ -0.4160495, 51.4471315 ], [ -0.4162768, 51.4471987 ], [ -0.4163128, 51.4472469 ], [ -0.4161304, 51.44749860000001 ], [ -0.4160869, 51.44750470000001 ], [ -0.4159923, 51.4474836 ], [ -0.4159448, 51.4475564 ], [ -0.4160404, 51.447595400000012 ], [ -0.4160094, 51.4476537 ], [ -0.4159032, 51.4476984 ], [ -0.4151967, 51.4474898 ], [ -0.4153148, 51.4473391 ] ] } },
{ "type": "Feature", "properties": { "id": 48649, "nach": 0.60865062050967078 }, "geometry": { "type": "LineString", "coordinates": [ [ -0.4157423, 51.4471621 ], [ -0.4155831, 51.4473768 ] ] } },
{ "type": "Feature", "properties": { "id": 48651, "nach": 0.42675310916172055 }, "geometry": { "type": "LineString", "coordinates": [ [ -0.4157423, 51.4471621 ], [ -0.4159718, 51.4472318 ] ] } },
{ "type": "Feature", "properties": { "id": 48648, "nach": 0.40653031176254784 }, "geometry": { "type": "LineString", "coordinates": [ [ -0.4159718, 51.4472318 ], [ -0.4158085, 51.447445400000014 ], [ -0.4155831, 51.4473768 ] ] } },
{ "type": "Feature", "properties": { "id": 42061, "nach": 0.46691169239603758 }, "geometry": { "type": "LineString", "coordinates": [ [ -0.411645, 51.4402089 ], [ -0.41156, 51.44035430000001 ] ] } },
{ "type": "Feature", "properties": { "id": 42060, "nach": 0.46521578395956942 }, "geometry": { "type": "LineString", "coordinates": [ [ -0.4114354, 51.440624200000016 ], [ -0.4114631, 51.440586 ], [ -0.4115165, 51.4404862 ], [ -0.4115521, 51.440411 ], [ -0.41156, 51.44035430000001 ] ] } },
{ "type": "Feature", "properties": { "id": 42068, "nach": 0.44505468497879225 }, "geometry": { "type": "LineString", "coordinates": [ [ -0.4111165, 51.4380635 ], [ -0.4109363, 51.43797940000001 ] ] } },
{ "type": "Feature", "properties": { "id": 42461, "nach": 0.46493043133861367 }, "geometry": { "type": "LineString", "coordinates": [ [ -0.4298268, 51.4451248 ], [ -0.4297973, 51.4450479 ], [ -0.4297437, 51.4449392 ], [ -0.4296284, 51.444860600000013 ] ] } },
{ "type": "Feature", "properties": { "id": 42455, "nach": 0.34832791034623251 }, "geometry": { "type": "LineString", "coordinates": [ [ -0.4307093, 51.444981 ], [ -0.4304759, 51.4449225 ], [ -0.4301836, 51.4448824 ], [ -0.4298483, 51.444859 ], [ -0.4296284, 51.444860600000013 ] ] } },
{ "type": "Feature", "properties": { "id": 47385, "nach": 0.43929012859862654 }, "geometry": { "type": "LineString", "coordinates": [ [ -0.4285252, 51.4447542 ], [ -0.428652, 51.4447971 ], [ -0.4288264, 51.4448372 ], [ -0.4290597, 51.4448389 ], [ -0.4293843, 51.444859 ], [ -0.4296284, 51.444860600000013 ] ] } },
{ "type": "Feature", "properties": { "id": 42462, "nach": 0.41758665775727188 }, "geometry": { "type": "LineString", "coordinates": [ [ -0.4298268, 51.4451248 ], [ -0.4301568, 51.4450579 ], [ -0.4303982, 51.445002700000018 ], [ -0.4305832, 51.4449793 ], [ -0.4307093, 51.444981 ] ] } },
{ "type": "Feature", "properties": { "id": 42476, "nach": 0.50571952678484722 }, "geometry": { "type": "LineString", "coordinates": [ [ -0.4298778, 51.4452803 ], [ -0.4298268, 51.4451248 ] ] } },
{ "type": "Feature", "properties": { "id": 42479, "nach": 0.39322130882758594 }, "geometry": { "type": "LineString", "coordinates": [ [ -0.4292721, 51.4452923 ], [ -0.4292904, 51.4452836 ], [ -0.4294674, 51.4452368 ], [ -0.4296498, 51.445173300000022 ], [ -0.4298268, 51.4451248 ] ] } },
{ "type": "Feature", "properties": { "id": 42458, "nach": 0.44154390876463623 }, "geometry": { "type": "LineString", "coordinates": [ [ -0.4307924, 51.445078 ], [ -0.4308273, 51.4450345 ], [ -0.4308032, 51.4450011 ], [ -0.4307093, 51.444981 ] ] } },
{ "type": "Feature", "properties": { "id": 47392, "nach": 0.3450762967300483 }, "geometry": { "type": "LineString", "coordinates": [ [ -0.4274318, 51.444604600000012 ], [ -0.4274558, 51.4446015 ], [ -0.4277374, 51.4445413 ], [ -0.4279198, 51.4445163 ], [ -0.4280351, 51.444533 ], [ -0.4281719, 51.444621600000012 ], [ -0.4283007, 51.444656699999989 ], [ -0.4283811, 51.4446834 ], [ -0.4284643, 51.4447336 ], [ -0.4285252, 51.4447542 ] ] } },
{ "type": "Feature", "properties": { "id": 47390, "nach": 0.42031968814675652 }, "geometry": { "type": "LineString", "coordinates": [ [ -0.4279765, 51.444997700000016 ], [ -0.428263, 51.4448679 ], [ -0.428445, 51.4448301 ], [ -0.4285252, 51.4447542 ] ] } },
{ "type": "Feature", "properties": { "id": 68817, "nach": 0.49341737899336258 }, "geometry": { "type": "LineString", "coordinates": [ [ -0.4246345, 51.4449359 ], [ -0.424799, 51.444886600000011 ] ] } },
{ "type": "Feature", "properties": { "id": 67530, "nach": 0.39809027576186434 }, "geometry": { "type": "LineString", "coordinates": [ [ -0.4264389, 51.4442062 ], [ -0.4264447, 51.4442217 ], [ -0.4261612, 51.4442788 ], [ -0.4259178, 51.4443271 ], [ -0.4259298, 51.4443491 ], [ -0.4263899, 51.444251199999989 ], [ -0.426398, 51.444272 ], [ -0.4259377, 51.4443718 ], [ -0.426055, 51.4445849 ], [ -0.4250752, 51.4447813 ], [ -0.4249588, 51.44482 ], [ -0.424799, 51.444886600000011 ] ] } },
{ "type": "Feature", "properties": { "id": 68816, "nach": 0.43870615985466499 }, "geometry": { "type": "LineString", "coordinates": [ [ -0.4247067, 51.4450157 ], [ -0.4247092, 51.4450061 ], [ -0.424799, 51.444886600000011 ] ] } },
{ "type": "Feature", "properties": { "id": 68812, "nach": 0.50433150301990104 }, "geometry": { "type": "LineString", "coordinates": [ [ -0.4252104, 51.4449871 ], [ -0.4250579, 51.4449459 ], [ -0.424799, 51.444886600000011 ] ] } },
{ "type": "Feature", "properties": { "id": 68818, "nach": 0.41580672814245556 }, "geometry": { "type": "LineString", "coordinates": [ [ -0.4246345, 51.4449359 ], [ -0.4247067, 51.4450157 ] ] } },
{ "type": "Feature", "properties": { "id": 68815, "nach": 0.46591447497092775 }, "geometry": { "type": "LineString", "coordinates": [ [ -0.4247067, 51.4450157 ], [ -0.424677, 51.4451298 ], [ -0.4246933, 51.4451865 ] ] } },
{ "type": "Feature", "properties": { "id": 68811, "nach": 0.45275787186081334 }, "geometry": { "type": "LineString", "coordinates": [ [ -0.4252104, 51.4449871 ], [ -0.425318, 51.445016099999982 ], [ -0.4258438, 51.444971 ], [ -0.4262139, 51.4449442 ] ] } },
{ "type": "Feature", "properties": { "id": 68813, "nach": 0.45598202159445866 }, "geometry": { "type": "LineString", "coordinates": [ [ -0.4252104, 51.4449871 ], [ -0.4253067, 51.445048100000015 ], [ -0.4253799, 51.4450957 ], [ -0.4255104, 51.4451378 ] ] } },
{ "type": "Feature", "properties": { "id": 68922, "nach": 0.45477906115046346 }, "geometry": { "type": "LineString", "coordinates": [ [ -0.4264305, 51.4450156 ], [ -0.4262139, 51.4449442 ] ] } },
{ "type": "Feature", "properties": { "id": 68909, "nach": 0.38876823987121012 }, "geometry": { "type": "LineString", "coordinates": [ [ -0.4266452, 51.4448073 ], [ -0.4265975, 51.4448255 ], [ -0.4264151, 51.4449041 ], [ -0.4262139, 51.4449442 ] ] } },
{ "type": "Feature", "properties": { "id": 68924, "nach": 0.45219193329009283 }, "geometry": { "type": "LineString", "coordinates": [ [ -0.4264305, 51.4450156 ], [ -0.4265465, 51.4451014 ], [ -0.4265566, 51.445114800000013 ] ] } },
{ "type": "Feature", "properties": { "id": 68921, "nach": 0.48906415530971903 }, "geometry": { "type": "LineString", "coordinates": [ [ -0.4264305, 51.4450156 ], [ -0.4265419, 51.4450525 ] ] } },
{ "type": "Feature", "properties": { "id": 68923, "nach": 0.40196064773421519 }, "geometry": { "type": "LineString", "coordinates": [ [ -0.4264305, 51.4450156 ], [ -0.4265187, 51.4449546 ] ] } },
{ "type": "Feature", "properties": { "id": 68925, "nach": 0.50263884157945604 }, "geometry": { "type": "LineString", "coordinates": [ [ -0.4264305, 51.4450156 ], [ -0.4263653, 51.4450607 ], [ -0.426186, 51.445130600000013 ], [ -0.4261113, 51.4451558 ] ] } },
{ "type": "Feature", "properties": { "id": 68908, "nach": 0.39533970902389604 }, "geometry": { "type": "LineString", "coordinates": [ [ -0.4266452, 51.4448073 ], [ -0.4268871, 51.4447152 ], [ -0.4271956, 51.444635 ], [ -0.4274318, 51.444604600000012 ] ] } },
{ "type": "Feature", "properties": { "id": 68917, "nach": 0.44274441355169525 }, "geometry": { "type": "LineString", "coordinates": [ [ -0.4265187, 51.4449546 ], [ -0.4265177, 51.44495040000001 ], [ -0.4265833, 51.444866 ], [ -0.4266452, 51.4448073 ] ] } },
{ "type": "Feature", "properties": { "id": 47367, "nach": 0.44057523163983703 }, "geometry": { "type": "LineString", "coordinates": [ [ -0.4308983, 51.445485 ], [ -0.4307924, 51.445078 ] ] } },
{ "type": "Feature", "properties": { "id": 42478, "nach": 0.4060993629901487 }, "geometry": { "type": "LineString", "coordinates": [ [ -0.4298778, 51.4452803 ], [ -0.430028, 51.4452301 ], [ -0.4302211, 51.4451816 ], [ -0.4304572, 51.4451499 ], [ -0.4306932, 51.4451164 ], [ -0.4307924, 51.445078 ] ] } },
{ "type": "Feature", "properties": { "id": 47371, "nach": 0.41539637326709761 }, "geometry": { "type": "LineString", "coordinates": [ [ -0.4321624, 51.445496800000015 ], [ -0.4318058, 51.4452273 ], [ -0.4310472, 51.4450334 ], [ -0.4307924, 51.445078 ] ] } },
{ "type": "Feature", "properties": { "id": 47401, "nach": 0.47847552876493121 }, "geometry": { "type": "LineString", "coordinates": [ [ -0.4300402, 51.4454443 ], [ -0.4308983, 51.445485 ] ] } },
{ "type": "Feature", "properties": { "id": 47380, "nach": 0.51145125696727234 }, "geometry": { "type": "LineString", "coordinates": [ [ -0.4322409, 51.4458763 ], [ -0.4318975, 51.4457298 ], [ -0.4308983, 51.445485 ] ] } },
{ "type": "Feature", "properties": { "id": 47400, "nach": 0.50616526821121877 }, "geometry": { "type": "LineString", "coordinates": [ [ -0.4300402, 51.4454443 ], [ -0.4298778, 51.4452803 ] ] } },
{ "type": "Feature", "properties": { "id": 42499, "nach": 0.47152306802083965 }, "geometry": { "type": "LineString", "coordinates": [ [ -0.4293226, 51.445450800000017 ], [ -0.4295586, 51.4453906 ], [ -0.4298778, 51.4452803 ] ] } },
{ "type": "Feature", "properties": { "id": 47378, "nach": 0.42303755688140054 }, "geometry": { "type": "LineString", "coordinates": [ [ -0.4322409, 51.4458763 ], [ -0.4321017, 51.4456765 ], [ -0.4321093, 51.445577200000017 ], [ -0.4321624, 51.445496800000015 ] ] } },
{ "type": "Feature", "properties": { "id": 42494, "nach": 0.42944466037088863 }, "geometry": { "type": "LineString", "coordinates": [ [ -0.4292314, 51.4454491 ], [ -0.4291777, 51.445409 ], [ -0.4291804, 51.4453588 ], [ -0.4292126, 51.4453204 ], [ -0.4292721, 51.4452923 ] ] } },
{ "type": "Feature", "properties": { "id": 42487, "nach": 0.4059584379810805 }, "geometry": { "type": "LineString", "coordinates": [ [ -0.4289605, 51.4453053 ], [ -0.4290329, 51.4452936 ], [ -0.4291348, 51.445302 ], [ -0.4292721, 51.4452923 ] ] } },
{ "type": "Feature", "properties": { "id": 42601, "nach": 0.46643498611806283 }, "geometry": { "type": "LineString", "coordinates": [ [ -0.4271278, 51.4449508 ], [ -0.4272392, 51.4450324 ], [ -0.4273082, 51.445241800000019 ] ] } },
{ "type": "Feature", "properties": { "id": 42505, "nach": 0.40477678786635335 }, "geometry": { "type": "LineString", "coordinates": [ [ -0.4274826, 51.4454775 ], [ -0.4274289, 51.4453588 ], [ -0.4273082, 51.445241800000019 ] ] } },
{ "type": "Feature", "properties": { "id": 42502, "nach": 0.46687444197510924 }, "geometry": { "type": "LineString", "coordinates": [ [ -0.4276703, 51.4454625 ], [ -0.4274477, 51.4452786 ], [ -0.4273082, 51.445241800000019 ] ] } },
{ "type": "Feature", "properties": { "id": 42603, "nach": 0.39664586133125218 }, "geometry": { "type": "LineString", "coordinates": [ [ -0.4268396, 51.445305 ], [ -0.4268871, 51.4453154 ], [ -0.4271634, 51.4452886 ], [ -0.4273082, 51.445241800000019 ] ] } },
{ "type": "Feature", "properties": { "id": 47396, "nach": 0.51341497307591488 }, "geometry": { "type": "LineString", "coordinates": [ [ -0.4273848, 51.4449078 ], [ -0.4272814, 51.444912500000015 ], [ -0.4271278, 51.4449508 ] ] } },
{ "type": "Feature", "properties": { "id": 68914, "nach": 0.50070424933001934 }, "geometry": { "type": "LineString", "coordinates": [ [ -0.4265419, 51.4450525 ], [ -0.4265733, 51.4450629 ], [ -0.4267477, 51.4450663 ], [ -0.4270132, 51.4449793 ], [ -0.4271278, 51.4449508 ] ] } },
{ "type": "Feature", "properties": { "id": 42504, "nach": 0.58229532920154403 }, "geometry": { "type": "LineString", "coordinates": [ [ -0.4274826, 51.4454775 ], [ -0.4276703, 51.4454625 ] ] } },
{ "type": "Feature", "properties": { "id": 42540, "nach": 0.48173228777818405 }, "geometry": { "type": "LineString", "coordinates": [ [ -0.4275336, 51.4459356 ], [ -0.4274504, 51.4457166 ], [ -0.4274826, 51.4454775 ] ] } },
{ "type": "Feature", "properties": { "id": 42604, "nach": 0.573609402216122 }, "geometry": { "type": "LineString", "coordinates": [ [ -0.4268396, 51.445305 ], [ -0.4268529, 51.445345 ], [ -0.4269522, 51.445390200000013 ], [ -0.4271426, 51.445411900000011 ], [ -0.4272848, 51.445453700000016 ], [ -0.4274826, 51.4454775 ] ] } },
{ "type": "Feature", "properties": { "id": 42503, "nach": 0.48923832592851374 }, "geometry": { "type": "LineString", "coordinates": [ [ -0.4276703, 51.4454625 ], [ -0.4277971, 51.4454303 ], [ -0.4280304, 51.4453567 ], [ -0.4283469, 51.4452899 ], [ -0.4287137, 51.4452685 ] ] } },
{ "type": "Feature", "properties": { "id": 42535, "nach": 0.57753877274846876 }, "geometry": { "type": "LineString", "coordinates": [ [ -0.4281987, 51.4457885 ], [ -0.4279225, 51.445628 ], [ -0.4276703, 51.4454625 ] ] } },
{ "type": "Feature", "properties": { "id": 42602, "nach": 0.57735929611606318 }, "geometry": { "type": "LineString", "coordinates": [ [ -0.4268396, 51.445305 ], [ -0.4266726, 51.4452685 ] ] } },
{ "type": "Feature", "properties": { "id": 68905, "nach": 0.55855643203777672 }, "geometry": { "type": "LineString", "coordinates": [ [ -0.4262449, 51.4451759 ], [ -0.4266726, 51.4452685 ] ] } },
{ "type": "Feature", "properties": { "id": 68901, "nach": 0.54035806678869558 }, "geometry": { "type": "LineString", "coordinates": [ [ -0.4265566, 51.445114800000013 ], [ -0.4266726, 51.4452685 ] ] } },
{ "type": "Feature", "properties": { "id": 42518, "nach": 0.53255968041288393 }, "geometry": { "type": "LineString", "coordinates": [ [ -0.4268901, 51.445622099999987 ], [ -0.4267933, 51.4455126 ], [ -0.4266726, 51.4452685 ] ] } },
{ "type": "Feature", "properties": { "id": 68906, "nach": 0.37689757049915273 }, "geometry": { "type": "LineString", "coordinates": [ [ -0.4262449, 51.4451759 ], [ -0.4265566, 51.445114800000013 ] ] } },
{ "type": "Feature", "properties": { "id": 68918, "nach": 0.55995961934759098 }, "geometry": { "type": "LineString", "coordinates": [ [ -0.4261113, 51.4451558 ], [ -0.4261629, 51.4451582 ], [ -0.4262449, 51.4451759 ] ] } },
{ "type": "Feature", "properties": { "id": 68912, "nach": 0.50560040994461719 }, "geometry": { "type": "LineString", "coordinates": [ [ -0.4265419, 51.4450525 ], [ -0.4265566, 51.445114800000013 ] ] } },
{ "type": "Feature", "properties": { "id": 42552, "nach": 0.51136231216374217 }, "geometry": { "type": "LineString", "coordinates": [ [ -0.4261764, 51.44605760000001 ], [ -0.4263158, 51.4459556 ], [ -0.4264097, 51.4458587 ], [ -0.4267343, 51.4456915 ], [ -0.4268901, 51.445622099999987 ] ] } },
{ "type": "Feature", "properties": { "id": 42545, "nach": 0.48160301223330099 }, "geometry": { "type": "LineString", "coordinates": [ [ -0.4272519, 51.4459456 ], [ -0.4270964, 51.4458553 ], [ -0.4268901, 51.445622099999987 ] ] } },
{ "type": "Feature", "properties": { "id": 42486, "nach": 0.51829624631415594 }, "geometry": { "type": "LineString", "coordinates": [ [ -0.4289605, 51.4453053 ], [ -0.4287137, 51.4452685 ] ] } },
{ "type": "Feature", "properties": { "id": 47388, "nach": 0.44244550291286022 }, "geometry": { "type": "LineString", "coordinates": [ [ -0.4279765, 51.444997700000016 ], [ -0.4282524, 51.4450713 ], [ -0.4287137, 51.4452685 ] ] } },
{ "type": "Feature", "properties": { "id": 42495, "nach": 0.51121126351491775 }, "geometry": { "type": "LineString", "coordinates": [ [ -0.4292314, 51.4454491 ], [ -0.4290839, 51.4454207 ], [ -0.4289766, 51.4453739 ], [ -0.4289524, 51.445335399999983 ], [ -0.4289605, 51.4453053 ] ] } },
{ "type": "Feature", "properties": { "id": 47395, "nach": 0.47979631152693025 }, "geometry": { "type": "LineString", "coordinates": [ [ -0.4273848, 51.4449078 ], [ -0.4275389, 51.4449008 ], [ -0.4278635, 51.4449676 ], [ -0.4279765, 51.444997700000016 ] ] } },
{ "type": "Feature", "properties": { "id": 47403, "nach": 0.56008054082607717 }, "geometry": { "type": "LineString", "coordinates": [ [ -0.4300402, 51.4454443 ], [ -0.4300897, 51.4454942 ], [ -0.4302935, 51.4457316 ], [ -0.4303767, 51.4458921 ], [ -0.4304062, 51.4459824 ], [ -0.4305376, 51.446076 ], [ -0.4306449, 51.446203 ], [ -0.4308354, 51.4463769 ], [ -0.4308917, 51.4464621 ], [ -0.4309185, 51.4465324 ] ] } },
{ "type": "Feature", "properties": { "id": 47402, "nach": 0.54188492798917387 }, "geometry": { "type": "LineString", "coordinates": [ [ -0.4300402, 51.4454443 ], [ -0.4298404, 51.4454348 ] ] } },
{ "type": "Feature", "properties": { "id": 42496, "nach": 0.54214623848150834 }, "geometry": { "type": "LineString", "coordinates": [ [ -0.4293226, 51.445450800000017 ], [ -0.4292314, 51.4454491 ] ] } },
{ "type": "Feature", "properties": { "id": 47364, "nach": 0.55358870233531154 }, "geometry": { "type": "LineString", "coordinates": [ [ -0.4298404, 51.4454348 ], [ -0.4293226, 51.445450800000017 ] ] } },
{ "type": "Feature", "properties": { "id": 42520, "nach": 0.52570701428585054 }, "geometry": { "type": "LineString", "coordinates": [ [ -0.4286064, 51.445646400000015 ], [ -0.4290544, 51.4455193 ], [ -0.4293226, 51.445450800000017 ] ] } },
{ "type": "Feature", "properties": { "id": 42526, "nach": 0.52364872943828089 }, "geometry": { "type": "LineString", "coordinates": [ [ -0.424658, 51.4457344 ], [ -0.424559, 51.445653 ], [ -0.424559, 51.4456096 ], [ -0.4245992, 51.4455561 ], [ -0.4246904, 51.4454976 ], [ -0.4247575, 51.4453872 ], [ -0.4247628, 51.4453053 ] ] } },
{ "type": "Feature", "properties": { "id": 47397, "nach": 0.48738265105852163 }, "geometry": { "type": "LineString", "coordinates": [ [ -0.4246933, 51.4451865 ], [ -0.4247092, 51.4452418 ], [ -0.4247628, 51.4453053 ] ] } },
{ "type": "Feature", "properties": { "id": 68809, "nach": 0.57190784818492979 }, "geometry": { "type": "LineString", "coordinates": [ [ -0.4255104, 51.4451378 ], [ -0.4252966, 51.4451532 ], [ -0.4247628, 51.4453053 ] ] } },
{ "type": "Feature", "properties": { "id": 42528, "nach": 0.4923865990806478 }, "geometry": { "type": "LineString", "coordinates": [ [ -0.424658, 51.4457344 ], [ -0.4243871, 51.4456475 ], [ -0.4242235, 51.4455848 ], [ -0.4240961, 51.4455505 ] ] } },
{ "type": "Feature", "properties": { "id": 68919, "nach": 0.5818415933868718 }, "geometry": { "type": "LineString", "coordinates": [ [ -0.4261113, 51.4451558 ], [ -0.425597, 51.4451315 ], [ -0.4255104, 51.4451378 ] ] } },
{ "type": "Feature", "properties": { "id": 47366, "nach": 0.46034275939909042 }, "geometry": { "type": "LineString", "coordinates": [ [ -0.4298404, 51.4454348 ], [ -0.4297139, 51.4457071 ], [ -0.4292884, 51.4459221 ], [ -0.4292791, 51.4462911 ] ] } },
{ "type": "Feature", "properties": { "id": 42532, "nach": 0.52037922774352308 }, "geometry": { "type": "LineString", "coordinates": [ [ -0.4281987, 51.4457885 ], [ -0.4286064, 51.445646400000015 ] ] } },
{ "type": "Feature", "properties": { "id": 42548, "nach": 0.45766641017608511 }, "geometry": { "type": "LineString", "coordinates": [ [ -0.4285099, 51.445955599999984 ], [ -0.4285361, 51.4457568 ], [ -0.4286064, 51.445646400000015 ] ] } },
{ "type": "Feature", "properties": { "id": 42546, "nach": 0.59766196227303481 }, "geometry": { "type": "LineString", "coordinates": [ [ -0.4285099, 51.445955599999984 ], [ -0.4281987, 51.4457885 ] ] } },
{ "type": "Feature", "properties": { "id": 42542, "nach": 0.55854200197022752 }, "geometry": { "type": "LineString", "coordinates": [ [ -0.4275336, 51.4459356 ], [ -0.4278581, 51.4458837 ], [ -0.4281987, 51.4457885 ] ] } },
{ "type": "Feature", "properties": { "id": 42543, "nach": 0.57938357465360624 }, "geometry": { "type": "LineString", "coordinates": [ [ -0.4272519, 51.4459456 ], [ -0.4275336, 51.4459356 ] ] } },
{ "type": "Feature", "properties": { "id": 47381, "nach": 0.50254523427287456 }, "geometry": { "type": "LineString", "coordinates": [ [ -0.4276811, 51.4464544 ], [ -0.4276623, 51.4464321 ], [ -0.4276113, 51.446224800000017 ], [ -0.4275336, 51.4459356 ] ] } },
{ "type": "Feature", "properties": { "id": 42551, "nach": 0.55982672538726908 }, "geometry": { "type": "LineString", "coordinates": [ [ -0.4261764, 51.44605760000001 ], [ -0.4264392, 51.4460258 ], [ -0.4266028, 51.4459774 ], [ -0.4267208, 51.445979 ], [ -0.4269917, 51.4459523 ], [ -0.4272519, 51.4459456 ] ] } },
{ "type": "Feature", "properties": { "id": 68899, "nach": 0.590334931290178 }, "geometry": { "type": "LineString", "coordinates": [ [ -0.4259392, 51.446198 ], [ -0.4260208, 51.44615790000001 ], [ -0.4261764, 51.44605760000001 ] ] } },
{ "type": "Feature", "properties": { "id": 47362, "nach": 0.60295410730505516 }, "geometry": { "type": "LineString", "coordinates": [ [ -0.4292791, 51.4462911 ], [ -0.428931, 51.4461194 ], [ -0.4285099, 51.445955599999984 ] ] } },
{ "type": "Feature", "properties": { "id": 47383, "nach": 0.41938815856323836 }, "geometry": { "type": "LineString", "coordinates": [ [ -0.4276811, 51.4464544 ], [ -0.4280278, 51.446154 ], [ -0.4281947, 51.4460405 ], [ -0.4285099, 51.445955599999984 ] ] } },
{ "type": "Feature", "properties": { "id": 47377, "nach": 0.47894247452516836 }, "geometry": { "type": "LineString", "coordinates": [ [ -0.4322409, 51.4458763 ], [ -0.4323723, 51.445803500000011 ], [ -0.4327397, 51.445648 ] ] } },
{ "type": "Feature", "properties": { "id": 42591, "nach": 0.57285427790105214 }, "geometry": { "type": "LineString", "coordinates": [ [ -0.4322031, 51.447055 ], [ -0.4324968, 51.4466981 ], [ -0.4326661, 51.44647470000001 ] ] } },
{ "type": "Feature", "properties": { "id": 47376, "nach": 0.45148361495442135 }, "geometry": { "type": "LineString", "coordinates": [ [ -0.4322409, 51.4458763 ], [ -0.4320558, 51.445979 ], [ -0.4315032, 51.4462448 ] ] } },
{ "type": "Feature", "properties": { "id": 47379, "nach": 0.51642581344422678 }, "geometry": { "type": "LineString", "coordinates": [ [ -0.4322409, 51.4458763 ], [ -0.4323824, 51.4459602 ], [ -0.4326176, 51.4463432 ], [ -0.4326152, 51.4464715 ] ] } },
{ "type": "Feature", "properties": { "id": 68900, "nach": 0.40549745064147696 }, "geometry": { "type": "LineString", "coordinates": [ [ -0.4259392, 51.446198 ], [ -0.4260132, 51.4462359 ], [ -0.4264407, 51.4464074 ], [ -0.4267287, 51.446481 ], [ -0.4268338, 51.4464749 ], [ -0.4269125, 51.4464319 ], [ -0.4271513, 51.4463705 ], [ -0.4274393, 51.4463884 ], [ -0.4276811, 51.4464544 ] ] } },
{ "type": "Feature", "properties": { "id": 47361, "nach": 0.61270522738772715 }, "geometry": { "type": "LineString", "coordinates": [ [ -0.4292791, 51.4462911 ], [ -0.4293682, 51.4463351 ], [ -0.4297061, 51.4465959 ], [ -0.4299714, 51.4468163 ] ] } },
{ "type": "Feature", "properties": { "id": 42571, "nach": 0.49159045233482074 }, "geometry": { "type": "LineString", "coordinates": [ [ -0.4309185, 51.4465324 ], [ -0.4310928, 51.4464237 ], [ -0.4315032, 51.4462448 ] ] } },
{ "type": "Feature", "properties": { "id": 47374, "nach": 0.44334296416720381 }, "geometry": { "type": "LineString", "coordinates": [ [ -0.4326152, 51.4464715 ], [ -0.4324566, 51.4464616 ], [ -0.4322071, 51.4464967 ], [ -0.4319818, 51.4464047 ], [ -0.4316492, 51.446272700000016 ], [ -0.4315032, 51.4462448 ] ] } },
{ "type": "Feature", "properties": { "id": 47359, "nach": 0.55249050906099983 }, "geometry": { "type": "LineString", "coordinates": [ [ -0.4310246, 51.4468406 ], [ -0.4309185, 51.4465324 ] ] } },
{ "type": "Feature", "properties": { "id": 42578, "nach": 0.53040381557610028 }, "geometry": { "type": "LineString", "coordinates": [ [ -0.4301568, 51.4468098 ], [ -0.4303874, 51.4467346 ], [ -0.4307603, 51.4466059 ], [ -0.4309185, 51.4465324 ] ] } },
{ "type": "Feature", "properties": { "id": 47360, "nach": 0.56543643762148388 }, "geometry": { "type": "LineString", "coordinates": [ [ -0.4310246, 51.4468406 ], [ -0.4315997, 51.446861 ], [ -0.4318297, 51.4469685 ], [ -0.4322031, 51.447055 ] ] } },
{ "type": "Feature", "properties": { "id": 47358, "nach": 0.45204555856308359 }, "geometry": { "type": "LineString", "coordinates": [ [ -0.4310246, 51.4468406 ], [ -0.4301568, 51.4468098 ] ] } },
{ "type": "Feature", "properties": { "id": 42580, "nach": 0.49060994878276659 }, "geometry": { "type": "LineString", "coordinates": [ [ -0.4299714, 51.4468163 ], [ -0.4301568, 51.4468098 ] ] } },
{ "type": "Feature", "properties": { "id": 42586, "nach": 0.52657629372822856 }, "geometry": { "type": "LineString", "coordinates": [ [ -0.4300521, 51.4468834 ], [ -0.4300817, 51.4468516 ], [ -0.4301568, 51.4468098 ] ] } },
{ "type": "Feature", "properties": { "id": 42584, "nach": 0.63335656720494204 }, "geometry": { "type": "LineString", "coordinates": [ [ -0.4300521, 51.4468834 ], [ -0.4299714, 51.4468163 ] ] } },
{ "type": "Feature", "properties": { "id": 84007, "nach": 0.54194304321250142 }, "geometry": { "type": "LineString", "coordinates": [ [ -0.4145942, 51.4477707 ], [ -0.4148376, 51.4478405 ] ] } },
{ "type": "Feature", "properties": { "id": 47394, "nach": 0.36423604626509443 }, "geometry": { "type": "LineString", "coordinates": [ [ -0.4273848, 51.4449078 ], [ -0.4274318, 51.444604600000012 ] ] } },
{ "type": "Feature", "properties": { "id": 68915, "nach": 0.46747785461983016 }, "geometry": { "type": "LineString", "coordinates": [ [ -0.4265187, 51.4449546 ], [ -0.4265419, 51.4450525 ] ] } },
{ "type": "Feature", "properties": { "id": 93067, "nach": 0.46228241053796093 }, "geometry": { "type": "LineString", "coordinates": [ [ -0.4106283, 51.4400982 ], [ -0.4108074, 51.4399131 ], [ -0.4108974, 51.4398267 ] ] } },
{ "type": "Feature", "properties": { "id": 44519, "nach": 0.40582612495856613 }, "geometry": { "type": "LineString", "coordinates": [ [ -0.4268033, 51.440781899999983 ], [ -0.4267649, 51.4408273 ] ] } },
{ "type": "Feature", "properties": { "id": 44520, "nach": 0.35576979360243227 }, "geometry": { "type": "LineString", "coordinates": [ [ -0.4268033, 51.440781899999983 ], [ -0.4268294, 51.4407492 ], [ -0.4267356, 51.4407177 ], [ -0.4267649, 51.4406812 ] ] } },
{ "type": "Feature", "properties": { "id": 44521, "nach": 0.54620867978396992 }, "geometry": { "type": "LineString", "coordinates": [ [ -0.4268033, 51.440781899999983 ], [ -0.4266404, 51.4407237 ], [ -0.4265864, 51.4407066 ] ] } },
{ "type": "Feature", "properties": { "id": 44781, "nach": 0.49828262262124728 }, "geometry": { "type": "LineString", "coordinates": [ [ -0.4265193, 51.4406432 ], [ -0.4264891, 51.4406043 ] ] } },
{ "type": "Feature", "properties": { "id": 44529, "nach": 0.39208344475004386 }, "geometry": { "type": "LineString", "coordinates": [ [ -0.4260949, 51.4405535 ], [ -0.4260604, 51.4405982 ] ] } },
{ "type": "Feature", "properties": { "id": 44530, "nach": 0.55476561074798303 }, "geometry": { "type": "LineString", "coordinates": [ [ -0.4260949, 51.4405535 ], [ -0.4260077, 51.4405297 ] ] } },
{ "type": "Feature", "properties": { "id": 73418, "nach": 0.54387529020550007 }, "geometry": { "type": "LineString", "coordinates": [ [ -0.4264339, 51.4406591 ], [ -0.4260949, 51.4405535 ] ] } },
{ "type": "Feature", "properties": { "id": 44506, "nach": 0.51755667566975072 }, "geometry": { "type": "LineString", "coordinates": [ [ -0.4260604, 51.4405982 ], [ -0.425992, 51.440577900000015 ], [ -0.4260077, 51.4405297 ] ] } },
{ "type": "Feature", "properties": { "id": 44507, "nach": 0.50984494445055839 }, "geometry": { "type": "LineString", "coordinates": [ [ -0.4267649, 51.4408273 ], [ -0.4260604, 51.4405982 ] ] } },
{ "type": "Feature", "properties": { "id": 44532, "nach": 0.45924284725711617 }, "geometry": { "type": "LineString", "coordinates": [ [ -0.4265864, 51.4407066 ], [ -0.4265193, 51.4406432 ] ] } },
{ "type": "Feature", "properties": { "id": 44533, "nach": 0.53842110210625893 }, "geometry": { "type": "LineString", "coordinates": [ [ -0.4265864, 51.4407066 ], [ -0.4264339, 51.4406591 ] ] } },
{ "type": "Feature", "properties": { "id": 44782, "nach": 0.39542096044848773 }, "geometry": { "type": "LineString", "coordinates": [ [ -0.4265193, 51.4406432 ], [ -0.4264339, 51.4406591 ] ] } },
{ "type": "Feature", "properties": { "id": 48671, "nach": 0.6906698047315889 }, "geometry": { "type": "LineString", "coordinates": [ [ -0.4108276, 51.4463946 ], [ -0.4112482, 51.446501200000014 ] ] } },
{ "type": "Feature", "properties": { "id": 69419, "nach": 0.76716173277398569 }, "geometry": { "type": "LineString", "coordinates": [ [ -0.4112482, 51.446501200000014 ], [ -0.411611086026548, 51.447459277209809 ] ] } },
{ "type": "Feature", "properties": { "id": 48673, "nach": 0.59161364925152238 }, "geometry": { "type": "LineString", "coordinates": [ [ -0.4108276, 51.4463946 ], [ -0.4106824, 51.4464283 ], [ -0.4101767, 51.446296600000011 ], [ -0.4101246, 51.4462832 ], [ -0.4100552, 51.4462657 ] ] } },
{ "type": "Feature", "properties": { "id": 54551, "nach": 0.67559859032279557 }, "geometry": { "type": "LineString", "coordinates": [ [ -0.4101487, 51.4461221 ], [ -0.410226, 51.4461432 ], [ -0.4102592, 51.4461509 ], [ -0.4107532, 51.44628190000001 ], [ -0.4108276, 51.4463946 ] ] } },
{ "type": "Feature", "properties": { "id": 69420, "nach": 0.43815014921434642 }, "geometry": { "type": "LineString", "coordinates": [ [ -0.411614, 51.447463800000016 ], [ -0.4116736, 51.4474508 ], [ -0.4117997, 51.4474246 ], [ -0.4118264, 51.4474205 ] ] } },
{ "type": "Feature", "properties": { "id": 69419, "nach": 0.76716173277398569 }, "geometry": { "type": "LineString", "coordinates": [ [ -0.411584209443994, 51.447417561911443 ], [ -0.411614, 51.447463800000016 ] ] } },
{ "type": "Feature", "properties": { "id": 69418, "nach": 0.76622220352118531 }, "geometry": { "type": "LineString", "coordinates": [ [ -0.411614, 51.447463800000016 ], [ -0.411627963506577, 51.447489651357664 ] ] } },
{ "type": "Feature", "properties": { "id": 55068, "nach": 0.55762517850786586 }, "geometry": { "type": "LineString", "coordinates": [ [ -0.4094527, 51.4437291 ], [ -0.409493, 51.443685300000013 ], [ -0.4095276, 51.4436477 ] ] } },
{ "type": "Feature", "properties": { "id": 55081, "nach": 0.63059407046085014 }, "geometry": { "type": "LineString", "coordinates": [ [ -0.4082056, 51.4434847 ], [ -0.408247, 51.4434383 ], [ -0.4083123, 51.443392400000015 ], [ -0.4083739, 51.4433681 ], [ -0.4084859, 51.443364199999984 ], [ -0.4095276, 51.4436477 ] ] } },
{ "type": "Feature", "properties": { "id": 55066, "nach": 0.47936665187879618 }, "geometry": { "type": "LineString", "coordinates": [ [ -0.4094527, 51.4437291 ], [ -0.4088298, 51.4444053 ] ] } },
{ "type": "Feature", "properties": { "id": 55067, "nach": 0.48103134388430918 }, "geometry": { "type": "LineString", "coordinates": [ [ -0.4094527, 51.4437291 ], [ -0.4085246, 51.4434048 ] ] } },
{ "type": "Feature", "properties": { "id": 48384, "nach": 0.65630030331412381 }, "geometry": { "type": "LineString", "coordinates": [ [ -0.4074942, 51.4450128 ], [ -0.4074763, 51.445031 ] ] } },
{ "type": "Feature", "properties": { "id": 55092, "nach": 0.59474883927896049 }, "geometry": { "type": "LineString", "coordinates": [ [ -0.4075969, 51.4449005 ], [ -0.4074942, 51.4450128 ] ] } },
{ "type": "Feature", "properties": { "id": 55089, "nach": 0.47903879828308343 }, "geometry": { "type": "LineString", "coordinates": [ [ -0.4077133, 51.4447732 ], [ -0.4078523, 51.4446213 ], [ -0.4080686, 51.44467550000001 ], [ -0.4083375, 51.4443879 ] ] } },
{ "type": "Feature", "properties": { "id": 55088, "nach": 0.48499924126987581 }, "geometry": { "type": "LineString", "coordinates": [ [ -0.4077133, 51.4447732 ], [ -0.4074007, 51.4446587 ] ] } },
{ "type": "Feature", "properties": { "id": 55091, "nach": 0.55807951124856336 }, "geometry": { "type": "LineString", "coordinates": [ [ -0.4075969, 51.4449005 ], [ -0.4077133, 51.4447732 ] ] } },
{ "type": "Feature", "properties": { "id": 93371, "nach": 0.68796462061962227 }, "geometry": { "type": "LineString", "coordinates": [ [ -0.4085816, 51.4455982 ], [ -0.408462, 51.445535800000016 ], [ -0.4074733, 51.4450764 ], [ -0.4073201, 51.4449436 ] ] } },
{ "type": "Feature", "properties": { "id": 47039, "nach": 0.41562149675005566 }, "geometry": { "type": "LineString", "coordinates": [ [ -0.4256643, 51.4426318 ], [ -0.4254104, 51.4424204 ] ] } },
{ "type": "Feature", "properties": { "id": 47038, "nach": 0.41404501924990034 }, "geometry": { "type": "LineString", "coordinates": [ [ -0.4258368, 51.4422205 ], [ -0.4254104, 51.4424204 ] ] } },
{ "type": "Feature", "properties": { "id": 55343, "nach": 0.63628906399639973 }, "geometry": { "type": "LineString", "coordinates": [ [ -0.4109987, 51.444229 ], [ -0.4110106, 51.4441876 ], [ -0.411008, 51.444144200000011 ], [ -0.4110016, 51.444113700000017 ], [ -0.4109836, 51.4441024 ] ] } },
{ "type": "Feature", "properties": { "id": 87468, "nach": 0.64673676525820567 }, "geometry": { "type": "LineString", "coordinates": [ [ -0.411514, 51.4435094 ], [ -0.4118362, 51.443228900000015 ] ] } },
{ "type": "Feature", "properties": { "id": 55142, "nach": 0.64443364008583237 }, "geometry": { "type": "LineString", "coordinates": [ [ -0.4119128, 51.4431671 ], [ -0.4118362, 51.443228900000015 ] ] } },
{ "type": "Feature", "properties": { "id": 47563, "nach": 0.5915799425837156 }, "geometry": { "type": "LineString", "coordinates": [ [ -0.4093449, 51.4458868 ], [ -0.4096529, 51.4460044 ], [ -0.4098019, 51.4460489 ] ] } },
{ "type": "Feature", "properties": { "id": 48363, "nach": 0.66095220778995467 }, "geometry": { "type": "LineString", "coordinates": [ [ -0.4098019, 51.4460489 ], [ -0.4097627, 51.4460951 ] ] } },
{ "type": "Feature", "properties": { "id": 48381, "nach": 0.63961758038255712 }, "geometry": { "type": "LineString", "coordinates": [ [ -0.4098331, 51.4460127 ], [ -0.4098019, 51.4460489 ] ] } },
{ "type": "Feature", "properties": { "id": 48364, "nach": 0.46734185113362814 }, "geometry": { "type": "LineString", "coordinates": [ [ -0.4098019, 51.4460489 ], [ -0.4099521, 51.4460898 ] ] } },
{ "type": "Feature", "properties": { "id": 54550, "nach": 0.70048056831048955 }, "geometry": { "type": "LineString", "coordinates": [ [ -0.4101487, 51.4461221 ], [ -0.4102209, 51.4460146 ] ] } },
{ "type": "Feature", "properties": { "id": 55394, "nach": 0.69839975696984691 }, "geometry": { "type": "LineString", "coordinates": [ [ -0.4101674, 51.445999300000011 ], [ -0.4102209, 51.4460146 ] ] } },
{ "type": "Feature", "properties": { "id": 54549, "nach": 0.62387947618488104 }, "geometry": { "type": "LineString", "coordinates": [ [ -0.4101487, 51.4461221 ], [ -0.4100552, 51.4462657 ] ] } },
{ "type": "Feature", "properties": { "id": 55393, "nach": 0.65750765569941849 }, "geometry": { "type": "LineString", "coordinates": [ [ -0.4101674, 51.445999300000011 ], [ -0.410029, 51.445962 ] ] } },
{ "type": "Feature", "properties": { "id": 55398, "nach": 0.59266716874874281 }, "geometry": { "type": "LineString", "coordinates": [ [ -0.4105369, 51.4451658 ], [ -0.4105577, 51.4453102 ], [ -0.4105315, 51.4454005 ], [ -0.4104341, 51.4456043 ], [ -0.4101674, 51.445999300000011 ] ] } },
{ "type": "Feature", "properties": { "id": 55565, "nach": 0.53213650496681875 }, "geometry": { "type": "LineString", "coordinates": [ [ -0.4106745, 51.4474752 ], [ -0.4106529, 51.447504100000018 ] ] } },
{ "type": "Feature", "properties": { "id": 55480, "nach": 0.68251573149878408 }, "geometry": { "type": "LineString", "coordinates": [ [ -0.4108998, 51.447631299999983 ], [ -0.4110021, 51.4476077 ] ] } },
{ "type": "Feature", "properties": { "id": 55365, "nach": 0.60187289685885648 }, "geometry": { "type": "LineString", "coordinates": [ [ -0.4125767, 51.4448243 ], [ -0.4126064, 51.4448912 ], [ -0.4125965, 51.4449926 ], [ -0.4125342, 51.4450283 ], [ -0.4124641, 51.4450784 ], [ -0.4123324, 51.445144800000016 ], [ -0.4122888, 51.4451837 ] ] } },
{ "type": "Feature", "properties": { "id": 49396, "nach": 0.66433707355700666 }, "geometry": { "type": "LineString", "coordinates": [ [ -0.4135618, 51.448725 ], [ -0.4130784, 51.4485575 ], [ -0.4130203, 51.448525600000011 ] ] } },
{ "type": "Feature", "properties": { "id": 50649, "nach": 0.62806060319693835 }, "geometry": { "type": "LineString", "coordinates": [ [ -0.4201815, 51.4501768 ], [ -0.4203809, 51.4502679 ] ] } },
{ "type": "Feature", "properties": { "id": 50653, "nach": 0.18244393519729121 }, "geometry": { "type": "LineString", "coordinates": [ [ -0.4202954, 51.4501072 ], [ -0.4201815, 51.4501768 ] ] } },
{ "type": "Feature", "properties": { "id": 89002, "nach": 0.56868562023307412 }, "geometry": { "type": "LineString", "coordinates": [ [ -0.4198182, 51.4500527 ], [ -0.4194518, 51.4500112 ], [ -0.4192239, 51.44999510000001 ] ] } },
{ "type": "Feature", "properties": { "id": 60358, "nach": 0.64700475287344972 }, "geometry": { "type": "LineString", "coordinates": [ [ -0.4205943, 51.4503701 ], [ -0.4207208, 51.4504302 ] ] } },
{ "type": "Feature", "properties": { "id": 60362, "nach": 0.56348506276311505 }, "geometry": { "type": "LineString", "coordinates": [ [ -0.4206398, 51.4503216 ], [ -0.4205943, 51.4503701 ] ] } },
{ "type": "Feature", "properties": { "id": 50657, "nach": 0.1616456030026619 }, "geometry": { "type": "LineString", "coordinates": [ [ -0.420502, 51.4501898 ], [ -0.4203809, 51.4502679 ] ] } },
{ "type": "Feature", "properties": { "id": 50672, "nach": 0.47732967804744558 }, "geometry": { "type": "LineString", "coordinates": [ [ -0.4205482, 51.4502745 ], [ -0.4205146, 51.450245500000015 ], [ -0.4205541, 51.4502151 ], [ -0.420502, 51.4501898 ] ] } },
{ "type": "Feature", "properties": { "id": 50670, "nach": 0.4990104691887623 }, "geometry": { "type": "LineString", "coordinates": [ [ -0.4205482, 51.4502745 ], [ -0.4206359, 51.45020920000001 ], [ -0.4208589, 51.4500356 ] ] } },
{ "type": "Feature", "properties": { "id": 60361, "nach": 0.56982082785507848 }, "geometry": { "type": "LineString", "coordinates": [ [ -0.4206398, 51.4503216 ], [ -0.4205482, 51.4502745 ] ] } },
{ "type": "Feature", "properties": { "id": 57149, "nach": 0.5615793325695787 }, "geometry": { "type": "LineString", "coordinates": [ [ -0.412226, 51.4488089 ], [ -0.4126329, 51.4484547 ] ] } },
{ "type": "Feature", "properties": { "id": 60312, "nach": 0.55763211116986766 }, "geometry": { "type": "LineString", "coordinates": [ [ -0.4138721, 51.4492002 ], [ -0.4140477, 51.4490047 ] ] } },
{ "type": "Feature", "properties": { "id": 85348, "nach": 0.49654821779856362 }, "geometry": { "type": "LineString", "coordinates": [ [ -0.4118053, 51.4483909 ], [ -0.4114733, 51.4482483 ] ] } },
{ "type": "Feature", "properties": { "id": 48663, "nach": 0.60160972044385552 }, "geometry": { "type": "LineString", "coordinates": [ [ -0.4182488, 51.4502274 ], [ -0.4181769, 51.4502126 ], [ -0.4181661, 51.4502107 ], [ -0.4179757, 51.450176300000017 ], [ -0.4180905, 51.4499782 ], [ -0.4181002, 51.449965 ], [ -0.4181031, 51.4499611 ], [ -0.418225, 51.449985 ], [ -0.4182806, 51.4499959 ], [ -0.4183368, 51.45001 ] ] } },
{ "type": "Feature", "properties": { "id": 50646, "nach": 0.62484273952067382 }, "geometry": { "type": "LineString", "coordinates": [ [ -0.4206554, 51.4504868 ], [ -0.4204863, 51.4503996 ] ] } },
{ "type": "Feature", "properties": { "id": 53913, "nach": 0.41635663315080029 }, "geometry": { "type": "LineString", "coordinates": [ [ -0.4188629, 51.4522623 ], [ -0.4188572, 51.452246700000018 ], [ -0.4192396, 51.4518278 ], [ -0.4204863, 51.4503996 ] ] } },
{ "type": "Feature", "properties": { "id": 88992, "nach": 0.6278289092611451 }, "geometry": { "type": "LineString", "coordinates": [ [ -0.4235773, 51.451978 ], [ -0.4226759, 51.4515185 ], [ -0.4214452, 51.4508966 ], [ -0.4213731, 51.4508618 ] ] } },
{ "type": "Feature", "properties": { "id": 53912, "nach": 0.35289029619041057 }, "geometry": { "type": "LineString", "coordinates": [ [ -0.4188629, 51.4522623 ], [ -0.4188696, 51.4522809 ], [ -0.4196462, 51.4525523 ], [ -0.4197008, 51.4525469 ], [ -0.420219, 51.4519448 ], [ -0.4207908, 51.451315200000018 ], [ -0.4209436, 51.4511426 ], [ -0.4212366, 51.450796 ] ] } },
{ "type": "Feature", "properties": { "id": 50648, "nach": 0.63457071890477279 }, "geometry": { "type": "LineString", "coordinates": [ [ -0.4206554, 51.4504868 ], [ -0.4211928, 51.4507731 ], [ -0.4212366, 51.450796 ] ] } },
{ "type": "Feature", "properties": { "id": 49424, "nach": 0.58643338460960159 }, "geometry": { "type": "LineString", "coordinates": [ [ -0.4250176, 51.451294 ], [ -0.4249048, 51.451205800000011 ], [ -0.4248863, 51.4511941 ], [ -0.4248605, 51.4511608 ], [ -0.4248396, 51.4511081 ], [ -0.4248582, 51.4510476 ] ] } },
{ "type": "Feature", "properties": { "id": 57852, "nach": 0.61854973708748617 }, "geometry": { "type": "LineString", "coordinates": [ [ -0.4244385, 51.4513495 ], [ -0.4250176, 51.451294 ] ] } },
{ "type": "Feature", "properties": { "id": 57692, "nach": 0.62072838295088972 }, "geometry": { "type": "LineString", "coordinates": [ [ -0.4260421, 51.4500712 ], [ -0.4260307, 51.45008030000001 ], [ -0.4260016, 51.4501004 ], [ -0.4256307, 51.450384 ] ] } },
{ "type": "Feature", "properties": { "id": 57694, "nach": 0.47418767637123382 }, "geometry": { "type": "LineString", "coordinates": [ [ -0.4254582, 51.4497919 ], [ -0.4260421, 51.4500712 ] ] } },
{ "type": "Feature", "properties": { "id": 53706, "nach": 0.46566062876532199 }, "geometry": { "type": "LineString", "coordinates": [ [ -0.4319498, 51.447392500000014 ], [ -0.4317796, 51.4473532 ] ] } },
{ "type": "Feature", "properties": { "id": 92457, "nach": 0.4136550918220317 }, "geometry": { "type": "LineString", "coordinates": [ [ -0.4311931, 51.4476686 ], [ -0.4312693, 51.447686700000013 ], [ -0.4313342, 51.4477021 ], [ -0.4317178, 51.4477932 ], [ -0.431787, 51.4478097 ], [ -0.4318797, 51.4478317 ] ] } },
{ "type": "Feature", "properties": { "id": 85425, "nach": 0.54971080406431982 }, "geometry": { "type": "LineString", "coordinates": [ [ -0.4304345, 51.4477808 ], [ -0.4304813, 51.447792 ], [ -0.4309324, 51.447896600000014 ] ] } },
{ "type": "Feature", "properties": { "id": 85424, "nach": 0.47055195831920987 }, "geometry": { "type": "LineString", "coordinates": [ [ -0.4304345, 51.4477808 ], [ -0.4304991, 51.4476782 ] ] } },
{ "type": "Feature", "properties": { "id": 57854, "nach": 0.55996346031295363 }, "geometry": { "type": "LineString", "coordinates": [ [ -0.4244385, 51.4513495 ], [ -0.4244743, 51.4513237 ], [ -0.4244919, 51.4513111 ], [ -0.4248582, 51.4510476 ] ] } },
{ "type": "Feature", "properties": { "id": 55013, "nach": 0.67588774003785546 }, "geometry": { "type": "LineString", "coordinates": [ [ -0.4087819, 51.44569280000001 ], [ -0.4094407, 51.4459565 ], [ -0.4096838, 51.4460474 ], [ -0.4097627, 51.4460951 ] ] } },
{ "type": "Feature", "properties": { "id": 55014, "nach": 0.49896689611493888 }, "geometry": { "type": "LineString", "coordinates": [ [ -0.4087819, 51.44569280000001 ], [ -0.4087214, 51.4457522 ], [ -0.4086936, 51.4457795 ], [ -0.4086178, 51.4458523 ], [ -0.4086319, 51.445874 ], [ -0.4087204, 51.4459112 ] ] } },
{ "type": "Feature", "properties": { "id": 93373, "nach": 0.49896330102497577 }, "geometry": { "type": "LineString", "coordinates": [ [ -0.4083675, 51.4457143 ], [ -0.4084497, 51.4457437 ], [ -0.4085652, 51.4456145 ], [ -0.4085816, 51.4455982 ] ] } },
{ "type": "Feature", "properties": { "id": 49951, "nach": 0.69380907289141258 }, "geometry": { "type": "LineString", "coordinates": [ [ -0.4099085, 51.4459321 ], [ -0.4098616, 51.4460052 ], [ -0.4098331, 51.4460127 ] ] } },
{ "type": "Feature", "properties": { "id": 70695, "nach": 0.67709812330736363 }, "geometry": { "type": "LineString", "coordinates": [ [ -0.4099184, 51.4461395 ], [ -0.4099521, 51.4460898 ] ] } },
{ "type": "Feature", "properties": { "id": 49954, "nach": 0.67585684119392564 }, "geometry": { "type": "LineString", "coordinates": [ [ -0.410029, 51.445962 ], [ -0.4099521, 51.4460898 ] ] } },
{ "type": "Feature", "properties": { "id": 55344, "nach": 0.62635740059922795 }, "geometry": { "type": "LineString", "coordinates": [ [ -0.4109987, 51.444229 ], [ -0.4109959, 51.4442387 ], [ -0.4103031, 51.4453715 ] ] } },
{ "type": "Feature", "properties": { "id": 55348, "nach": 0.64936863568067227 }, "geometry": { "type": "LineString", "coordinates": [ [ -0.4110436, 51.4442387 ], [ -0.4109987, 51.444229 ] ] } },
{ "type": "Feature", "properties": { "id": 49952, "nach": 0.65958982249140996 }, "geometry": { "type": "LineString", "coordinates": [ [ -0.410029, 51.445962 ], [ -0.4099085, 51.4459321 ] ] } },
{ "type": "Feature", "properties": { "id": 88068, "nach": 0.65075558650902643 }, "geometry": { "type": "LineString", "coordinates": [ [ -0.4101575, 51.445572099999985 ], [ -0.4100643, 51.4457005 ], [ -0.4099826, 51.445813200000018 ], [ -0.4099085, 51.4459321 ] ] } },
{ "type": "Feature", "properties": { "id": 55093, "nach": 0.48815890355472086 }, "geometry": { "type": "LineString", "coordinates": [ [ -0.4075969, 51.4449005 ], [ -0.4073699, 51.4448095 ] ] } },
{ "type": "Feature", "properties": { "id": 49397, "nach": 0.41868252401737049 }, "geometry": { "type": "LineString", "coordinates": [ [ -0.4135618, 51.448725 ], [ -0.4136186, 51.4486573 ], [ -0.413666, 51.448658899999984 ], [ -0.4137669, 51.4485214 ], [ -0.4138345, 51.4485227 ], [ -0.4138417, 51.4484402 ] ] } },
{ "type": "Feature", "properties": { "id": 49400, "nach": 0.66357474526735782 }, "geometry": { "type": "LineString", "coordinates": [ [ -0.4142362, 51.4489419 ], [ -0.4140213, 51.4488741 ], [ -0.4139752, 51.4488719 ], [ -0.4135618, 51.448725 ] ] } },
{ "type": "Feature", "properties": { "id": 84011, "nach": 0.39198262189831273 }, "geometry": { "type": "LineString", "coordinates": [ [ -0.4153622, 51.4484024 ], [ -0.4152319, 51.4483635 ], [ -0.4149819, 51.448289 ] ] } },
{ "type": "Feature", "properties": { "id": 83973, "nach": 0.63564160508043011 }, "geometry": { "type": "LineString", "coordinates": [ [ -0.4155033, 51.4483968 ], [ -0.4154107, 51.4485275 ] ] } },
{ "type": "Feature", "properties": { "id": 83976, "nach": 0.62452900596377392 }, "geometry": { "type": "LineString", "coordinates": [ [ -0.4156395, 51.44822 ], [ -0.4155033, 51.4483968 ] ] } },
{ "type": "Feature", "properties": { "id": 84010, "nach": 0.52287881192930696 }, "geometry": { "type": "LineString", "coordinates": [ [ -0.4153622, 51.4484024 ], [ -0.4153915, 51.4483641 ], [ -0.4155033, 51.4483968 ] ] } },
{ "type": "Feature", "properties": { "id": 84009, "nach": 0.46860368614159464 }, "geometry": { "type": "LineString", "coordinates": [ [ -0.4153622, 51.4484024 ], [ -0.415278, 51.448512200000017 ] ] } },
{ "type": "Feature", "properties": { "id": 85386, "nach": 0.55602752630431096 }, "geometry": { "type": "LineString", "coordinates": [ [ -0.4144367, 51.448557 ], [ -0.4143951, 51.4485247 ], [ -0.414434, 51.4484737 ], [ -0.4144057, 51.448444100000017 ] ] } },
{ "type": "Feature", "properties": { "id": 88754, "nach": 0.38605145380293127 }, "geometry": { "type": "LineString", "coordinates": [ [ -0.416031, 51.4479704 ], [ -0.4161155, 51.4479948 ], [ -0.4162261, 51.447849800000014 ] ] } },
{ "type": "Feature", "properties": { "id": 88753, "nach": 0.45554767862109757 }, "geometry": { "type": "LineString", "coordinates": [ [ -0.416031, 51.4479704 ], [ -0.4158679, 51.4479233 ] ] } },
{ "type": "Feature", "properties": { "id": 88758, "nach": 0.0 }, "geometry": { "type": "LineString", "coordinates": [ [ -0.4156904, 51.4481538 ], [ -0.4158591, 51.4482026 ], [ -0.416031, 51.4479704 ] ] } },
{ "type": "Feature", "properties": { "id": 48621, "nach": 0.57818010602035108 }, "geometry": { "type": "LineString", "coordinates": [ [ -0.4159681, 51.4477908 ], [ -0.4158679, 51.4479233 ] ] } },
{ "type": "Feature", "properties": { "id": 88756, "nach": 0.57915084014145313 }, "geometry": { "type": "LineString", "coordinates": [ [ -0.4156904, 51.4481538 ], [ -0.4158679, 51.4479233 ] ] } },
{ "type": "Feature", "properties": { "id": 48623, "nach": 0.55165879811224627 }, "geometry": { "type": "LineString", "coordinates": [ [ -0.415789, 51.4477454 ], [ -0.4159681, 51.4477908 ] ] } },
{ "type": "Feature", "properties": { "id": 83995, "nach": 0.55767947699933229 }, "geometry": { "type": "LineString", "coordinates": [ [ -0.4161007, 51.447836800000012 ], [ -0.4160699, 51.4478256 ], [ -0.4159681, 51.4477908 ] ] } },
{ "type": "Feature", "properties": { "id": 88757, "nach": 0.58632031490527048 }, "geometry": { "type": "LineString", "coordinates": [ [ -0.4156904, 51.4481538 ], [ -0.4156395, 51.44822 ] ] } },
{ "type": "Feature", "properties": { "id": 83993, "nach": 0.46436731759784883 }, "geometry": { "type": "LineString", "coordinates": [ [ -0.4161007, 51.447836800000012 ], [ -0.4160129, 51.4479503 ] ] } },
{ "type": "Feature", "properties": { "id": 48636, "nach": 0.55121393515339301 }, "geometry": { "type": "LineString", "coordinates": [ [ -0.4152922, 51.4475931 ], [ -0.4155437, 51.447670300000013 ] ] } },
{ "type": "Feature", "properties": { "id": 85403, "nach": 0.52526863343974195 }, "geometry": { "type": "LineString", "coordinates": [ [ -0.415066, 51.4478963 ], [ -0.4150581, 51.4479069 ], [ -0.4148376, 51.4478405 ] ] } },
{ "type": "Feature", "properties": { "id": 92813, "nach": 0.49563008912058626 }, "geometry": { "type": "LineString", "coordinates": [ [ -0.4152396, 51.4476637 ], [ -0.415066, 51.4478963 ] ] } },
{ "type": "Feature", "properties": { "id": 92814, "nach": 0.48403790168949895 }, "geometry": { "type": "LineString", "coordinates": [ [ -0.4152396, 51.4476637 ], [ -0.4152922, 51.4475931 ] ] } },
{ "type": "Feature", "properties": { "id": 92815, "nach": 0.4367679702302511 }, "geometry": { "type": "LineString", "coordinates": [ [ -0.4152396, 51.4476637 ], [ -0.4152104, 51.447654300000011 ], [ -0.4150261, 51.4476029 ] ] } },
{ "type": "Feature", "properties": { "id": 48642, "nach": 0.46718543351694741 }, "geometry": { "type": "LineString", "coordinates": [ [ -0.4149857, 51.4476379 ], [ -0.4148376, 51.4478405 ] ] } },
{ "type": "Feature", "properties": { "id": 60330, "nach": 0.59114895592247874 }, "geometry": { "type": "LineString", "coordinates": [ [ -0.4181802, 51.4503079 ], [ -0.4181937, 51.450291300000011 ], [ -0.4182488, 51.4502274 ] ] } },
{ "type": "Feature", "properties": { "id": 60331, "nach": 0.46629052753055555 }, "geometry": { "type": "LineString", "coordinates": [ [ -0.4180307, 51.4502566 ], [ -0.4181802, 51.4503079 ] ] } },
{ "type": "Feature", "properties": { "id": 92827, "nach": 0.6250001212269648 }, "geometry": { "type": "LineString", "coordinates": [ [ -0.4091045, 51.4485691 ], [ -0.4092033, 51.448548800000012 ], [ -0.4093562, 51.4485153 ], [ -0.4095211, 51.4484843 ], [ -0.4096866, 51.4484503 ], [ -0.4098674, 51.4484135 ], [ -0.4100318, 51.4483788 ], [ -0.4103026, 51.4483072 ], [ -0.4104954, 51.44823490000001 ], [ -0.4106589, 51.4481615 ], [ -0.4106765, 51.4481335 ], [ -0.4107139, 51.4479093 ], [ -0.4107189, 51.4479082 ] ] } },
{ "type": "Feature", "properties": { "id": 70702, "nach": 0.70305738475521173 }, "geometry": { "type": "LineString", "coordinates": [ [ -0.4093356, 51.44674280000001 ], [ -0.4090958, 51.447062 ], [ -0.4090169, 51.4471699 ], [ -0.4089818, 51.4472209 ] ] } },
{ "type": "Feature", "properties": { "id": 70707, "nach": 0.58042537114812287 }, "geometry": { "type": "LineString", "coordinates": [ [ -0.4088778, 51.446592 ], [ -0.408973, 51.4466265 ], [ -0.4090164, 51.4466408 ], [ -0.409249, 51.4467204 ], [ -0.4093356, 51.44674280000001 ] ] } },
{ "type": "Feature", "properties": { "id": 64521, "nach": 0.6610567081102785 }, "geometry": { "type": "LineString", "coordinates": [ [ -0.4083604, 51.4473344 ], [ -0.408449, 51.4473138 ] ] } },
{ "type": "Feature", "properties": { "id": 64525, "nach": 0.50336875544192827 }, "geometry": { "type": "LineString", "coordinates": [ [ -0.4083231, 51.4468277 ], [ -0.4083013, 51.4468512 ], [ -0.4082806, 51.4468866 ], [ -0.4082763, 51.4469115 ], [ -0.4083501, 51.4472533 ], [ -0.4083604, 51.4473344 ] ] } },
{ "type": "Feature", "properties": { "id": 54931, "nach": 0.66984591349757183 }, "geometry": { "type": "LineString", "coordinates": [ [ -0.408449, 51.4473138 ], [ -0.408694, 51.4473035 ] ] } },
{ "type": "Feature", "properties": { "id": 55626, "nach": 0.68360204195983332 }, "geometry": { "type": "LineString", "coordinates": [ [ -0.4089818, 51.4472209 ], [ -0.4089609, 51.4472512 ], [ -0.4089356, 51.4472709 ], [ -0.4088727, 51.4472924 ], [ -0.408694, 51.4473035 ] ] } },
{ "type": "Feature", "properties": { "id": 54935, "nach": 0.50647124655364961 }, "geometry": { "type": "LineString", "coordinates": [ [ -0.4084213, 51.44703 ], [ -0.408449, 51.4473138 ] ] } },
{ "type": "Feature", "properties": { "id": 54937, "nach": 0.41752301670056774 }, "geometry": { "type": "LineString", "coordinates": [ [ -0.408452, 51.4473669 ], [ -0.408449, 51.4473138 ] ] } },
{ "type": "Feature", "properties": { "id": 93050, "nach": 0.63188232031241687 }, "geometry": { "type": "LineString", "coordinates": [ [ -0.4114403, 51.4478099 ], [ -0.4111107, 51.4478288 ], [ -0.4110598, 51.447832 ], [ -0.4107189, 51.4479082 ] ] } },
{ "type": "Feature", "properties": { "id": 93054, "nach": 0.73415120750887286 }, "geometry": { "type": "LineString", "coordinates": [ [ -0.411428, 51.4477789 ], [ -0.4114403, 51.4478099 ] ] } },
{ "type": "Feature", "properties": { "id": 85445, "nach": 0.66101175634114162 }, "geometry": { "type": "LineString", "coordinates": [ [ -0.4144257, 51.4486955 ], [ -0.4142362, 51.4489419 ] ] } },
{ "type": "Feature", "properties": { "id": 92791, "nach": 0.58564974705596851 }, "geometry": { "type": "LineString", "coordinates": [ [ -0.414998, 51.4492179 ], [ -0.4148952, 51.4491908 ], [ -0.4145005, 51.4490601 ], [ -0.4144742, 51.449004 ], [ -0.4142362, 51.4489419 ] ] } },
{ "type": "Feature", "properties": { "id": 85447, "nach": 0.64322868294158486 }, "geometry": { "type": "LineString", "coordinates": [ [ -0.4144257, 51.4486955 ], [ -0.4144741, 51.4487091 ], [ -0.4146188, 51.4487519 ] ] } },
{ "type": "Feature", "properties": { "id": 85446, "nach": 0.56865614145558496 }, "geometry": { "type": "LineString", "coordinates": [ [ -0.4144257, 51.4486955 ], [ -0.4144853, 51.4486179 ], [ -0.4144367, 51.448557 ] ] } },
{ "type": "Feature", "properties": { "id": 92790, "nach": 0.46352205167934468 }, "geometry": { "type": "LineString", "coordinates": [ [ -0.414998, 51.4492179 ], [ -0.4152636, 51.449288 ], [ -0.4154642, 51.449038800000011 ] ] } },
{ "type": "Feature", "properties": { "id": 92797, "nach": 0.55719302184957997 }, "geometry": { "type": "LineString", "coordinates": [ [ -0.4150715, 51.4489858 ], [ -0.4149676, 51.449126400000011 ], [ -0.4150478, 51.4491489 ], [ -0.414998, 51.4492179 ] ] } },
{ "type": "Feature", "properties": { "id": 56617, "nach": 0.0 }, "geometry": { "type": "LineString", "coordinates": [ [ -0.4172659, 51.4477015 ], [ -0.4171291, 51.4479593 ], [ -0.4171299, 51.4479721 ], [ -0.4171489, 51.4479827 ], [ -0.4171624, 51.4479956 ], [ -0.4171726, 51.44801120000001 ], [ -0.417186, 51.4480223 ], [ -0.4172781, 51.448046 ], [ -0.4173033, 51.4480441 ], [ -0.4173136, 51.448035 ], [ -0.4174661, 51.4477629 ], [ -0.4174625, 51.4477503 ], [ -0.4174517, 51.44774060000001 ], [ -0.4172659, 51.4477015 ] ] } },
{ "type": "Feature", "properties": { "id": 56627, "nach": 0.64709138170314096 }, "geometry": { "type": "LineString", "coordinates": [ [ -0.4167269, 51.4491548 ], [ -0.4165427, 51.4494631 ], [ -0.4164909, 51.4495643 ] ] } },
{ "type": "Feature", "properties": { "id": 56632, "nach": 0.64572057388987236 }, "geometry": { "type": "LineString", "coordinates": [ [ -0.417814, 51.44940230000001 ], [ -0.4167839, 51.4491679 ], [ -0.4167269, 51.4491548 ] ] } },
{ "type": "Feature", "properties": { "id": 60336, "nach": 0.53084345997608795 }, "geometry": { "type": "LineString", "coordinates": [ [ -0.4192841, 51.4496339 ], [ -0.4190374, 51.449618 ], [ -0.4188161, 51.4496096 ], [ -0.4187102, 51.4495963 ], [ -0.4185559, 51.4495737 ], [ -0.417814, 51.44940230000001 ] ] } },
{ "type": "Feature", "properties": { "id": 60341, "nach": 0.52888271106946183 }, "geometry": { "type": "LineString", "coordinates": [ [ -0.4192239, 51.44999510000001 ], [ -0.4191954, 51.4499931 ], [ -0.4187328, 51.4499603 ], [ -0.418503, 51.4499324 ], [ -0.4178622, 51.4498236 ] ] } },
{ "type": "Feature", "properties": { "id": 50656, "nach": 0.55558466178408206 }, "geometry": { "type": "LineString", "coordinates": [ [ -0.420502, 51.4501898 ], [ -0.4202954, 51.4501072 ] ] } },
{ "type": "Feature", "properties": { "id": 50662, "nach": 0.52583641356941657 }, "geometry": { "type": "LineString", "coordinates": [ [ -0.4208589, 51.4500356 ], [ -0.4207944, 51.4500129 ], [ -0.420502, 51.4501898 ] ] } },
{ "type": "Feature", "properties": { "id": 50378, "nach": 0.61516666028877764 }, "geometry": { "type": "LineString", "coordinates": [ [ -0.4256307, 51.450384 ], [ -0.4252575, 51.450665 ], [ -0.4251901, 51.4507178 ], [ -0.4251304, 51.4507695 ], [ -0.4250655, 51.4508192 ], [ -0.4248913, 51.450957699999989 ], [ -0.4248728, 51.450988 ], [ -0.4248582, 51.4510476 ] ] } },
{ "type": "Feature", "properties": { "id": 88067, "nach": 0.64374893170661018 }, "geometry": { "type": "LineString", "coordinates": [ [ -0.4101575, 51.445572099999985 ], [ -0.4103031, 51.4453715 ] ] } },
{ "type": "Feature", "properties": { "id": 55397, "nach": 0.67486075540822632 }, "geometry": { "type": "LineString", "coordinates": [ [ -0.4105369, 51.4451658 ], [ -0.4104095, 51.445373 ], [ -0.4103528, 51.4454693 ], [ -0.4102456, 51.4456439 ], [ -0.4101403, 51.4457974 ], [ -0.410029, 51.445962 ] ] } },
{ "type": "Feature", "properties": { "id": 55561, "nach": 0.64927907133150242 }, "geometry": { "type": "LineString", "coordinates": [ [ -0.4106529, 51.447504100000018 ], [ -0.4108256, 51.4476009 ], [ -0.4108998, 51.447631299999983 ] ] } },
{ "type": "Feature", "properties": { "id": 69873, "nach": 0.5671572679138408 }, "geometry": { "type": "LineString", "coordinates": [ [ -0.4092003, 51.447419 ], [ -0.4092016, 51.4474122 ], [ -0.4091818, 51.4473786 ], [ -0.4091564, 51.4473413 ], [ -0.4091585, 51.44732290000001 ], [ -0.4091696, 51.4473001 ], [ -0.409184, 51.447279 ], [ -0.4091857, 51.4472752 ] ] } },
{ "type": "Feature", "properties": { "id": 69874, "nach": 0.50994736281017727 }, "geometry": { "type": "LineString", "coordinates": [ [ -0.4091742, 51.4475072 ], [ -0.4091834, 51.4474803 ], [ -0.4091955, 51.447442300000013 ], [ -0.4092003, 51.447419 ] ] } },
{ "type": "Feature", "properties": { "id": 69868, "nach": 0.53769642626669134 }, "geometry": { "type": "LineString", "coordinates": [ [ -0.4089521, 51.4475028 ], [ -0.4086451, 51.4479384 ] ] } },
{ "type": "Feature", "properties": { "id": 66111, "nach": 0.54738129550671955 }, "geometry": { "type": "LineString", "coordinates": [ [ -0.4090007, 51.4478934 ], [ -0.4089653, 51.4478257 ], [ -0.4089668, 51.44780080000001 ], [ -0.4090833, 51.4476097 ], [ -0.4091324, 51.4475591 ] ] } },
{ "type": "Feature", "properties": { "id": 69864, "nach": 0.62495353718998137 }, "geometry": { "type": "LineString", "coordinates": [ [ -0.4086451, 51.4479384 ], [ -0.4085895, 51.4479252 ] ] } },
{ "type": "Feature", "properties": { "id": 66115, "nach": 0.78240234343476645 }, "geometry": { "type": "LineString", "coordinates": [ [ -0.408300313732915, 51.448356405463954 ], [ -0.4085895, 51.4479252 ] ] } },
{ "type": "Feature", "properties": { "id": 88069, "nach": 0.49910453139498639 }, "geometry": { "type": "LineString", "coordinates": [ [ -0.4101575, 51.445572099999985 ], [ -0.4098771, 51.4455018 ], [ -0.4098887, 51.4454732 ] ] } },
{ "type": "Feature", "properties": { "id": 95018, "nach": 0.69117858490206929 }, "geometry": { "type": "LineString", "coordinates": [ [ -0.4110096, 51.4444013 ], [ -0.4108344, 51.444673600000016 ], [ -0.4105624, 51.4451243 ], [ -0.4105369, 51.4451658 ] ] } },
{ "type": "Feature", "properties": { "id": 55187, "nach": 0.62742337573510754 }, "geometry": { "type": "LineString", "coordinates": [ [ -0.4188393, 51.439085 ], [ -0.4185502, 51.4391658 ], [ -0.4184825, 51.4391747 ] ] } },
{ "type": "Feature", "properties": { "id": 55194, "nach": 0.61540164966879762 }, "geometry": { "type": "LineString", "coordinates": [ [ -0.4190691, 51.43897410000001 ], [ -0.4190357, 51.4389976 ], [ -0.4188393, 51.439085 ] ] } },
{ "type": "Feature", "properties": { "id": 55229, "nach": 0.61473804166583379 }, "geometry": { "type": "LineString", "coordinates": [ [ -0.4184985, 51.4393328 ], [ -0.4189731, 51.439229800000014 ] ] } },
{ "type": "Feature", "properties": { "id": 87471, "nach": 0.50295253040411858 }, "geometry": { "type": "LineString", "coordinates": [ [ -0.411514, 51.4435094 ], [ -0.4114954, 51.4435001 ], [ -0.4114516, 51.443461900000017 ], [ -0.4118284, 51.44312450000001 ] ] } },
{ "type": "Feature", "properties": { "id": 87470, "nach": 0.65350064838147504 }, "geometry": { "type": "LineString", "coordinates": [ [ -0.411514, 51.4435094 ], [ -0.4114175, 51.4435934 ], [ -0.4111432, 51.443941100000011 ], [ -0.4111368, 51.4439491 ] ] } },
{ "type": "Feature", "properties": { "id": 87469, "nach": 0.45805816146194478 }, "geometry": { "type": "LineString", "coordinates": [ [ -0.411514, 51.4435094 ], [ -0.4116224, 51.4435573 ] ] } },
{ "type": "Feature", "properties": { "id": 55143, "nach": 0.64753312326628809 }, "geometry": { "type": "LineString", "coordinates": [ [ -0.4119128, 51.4431671 ], [ -0.4121471, 51.4429632 ] ] } },
{ "type": "Feature", "properties": { "id": 55146, "nach": 0.47399740908133808 }, "geometry": { "type": "LineString", "coordinates": [ [ -0.4118284, 51.44312450000001 ], [ -0.4119128, 51.4431671 ] ] } },
{ "type": "Feature", "properties": { "id": 55159, "nach": 0.60177628746522005 }, "geometry": { "type": "LineString", "coordinates": [ [ -0.4120995, 51.4429413 ], [ -0.4121471, 51.4429632 ] ] } },
{ "type": "Feature", "properties": { "id": 55630, "nach": 0.66776670840283325 }, "geometry": { "type": "LineString", "coordinates": [ [ -0.4091857, 51.4472752 ], [ -0.4092079, 51.4472328 ], [ -0.4092632, 51.4471567 ], [ -0.4092409, 51.4471254 ], [ -0.4092442, 51.4471211 ], [ -0.4092732, 51.447077800000017 ], [ -0.409328, 51.4470272 ], [ -0.4094354, 51.4470049 ], [ -0.4095105, 51.4469982 ], [ -0.4095487, 51.4470041 ] ] } },
{ "type": "Feature", "properties": { "id": 55548, "nach": 0.57444960005564616 }, "geometry": { "type": "LineString", "coordinates": [ [ -0.410044, 51.4472878 ], [ -0.4101755, 51.4473518 ], [ -0.4100226, 51.4474763 ], [ -0.4099321, 51.447432800000016 ] ] } },
{ "type": "Feature", "properties": { "id": 84623, "nach": 0.50543731331396302 }, "geometry": { "type": "LineString", "coordinates": [ [ -0.4098614, 51.4472304 ], [ -0.4098777, 51.447228 ], [ -0.410044, 51.4472878 ] ] } },
{ "type": "Feature", "properties": { "id": 55559, "nach": 0.63524395439399106 }, "geometry": { "type": "LineString", "coordinates": [ [ -0.4106529, 51.447504100000018 ], [ -0.4105087, 51.4474313 ] ] } },
{ "type": "Feature", "properties": { "id": 79515, "nach": 0.47002920773322082 }, "geometry": { "type": "LineString", "coordinates": [ [ -0.4212695, 51.4383993 ], [ -0.421247, 51.4384628 ], [ -0.4211171, 51.438662400000013 ] ] } },
{ "type": "Feature", "properties": { "id": 79519, "nach": 0.45903367833804665 }, "geometry": { "type": "LineString", "coordinates": [ [ -0.4208203, 51.4386826 ], [ -0.4210816, 51.4386673 ], [ -0.4211171, 51.438662400000013 ] ] } },
{ "type": "Feature", "properties": { "id": 81049, "nach": 0.45170706158210805 }, "geometry": { "type": "LineString", "coordinates": [ [ -0.4213082, 51.4495381 ], [ -0.4214919, 51.4492989 ], [ -0.4215689, 51.4492862 ], [ -0.4217298, 51.4493104 ], [ -0.4221321, 51.4493401 ] ] } },
{ "type": "Feature", "properties": { "id": 81050, "nach": 0.5340706089469236 }, "geometry": { "type": "LineString", "coordinates": [ [ -0.4213082, 51.4495381 ], [ -0.4211844, 51.44969930000002 ], [ -0.4209663, 51.449946700000012 ], [ -0.4208589, 51.4500356 ] ] } },
{ "type": "Feature", "properties": { "id": 81051, "nach": 0.45674624111574974 }, "geometry": { "type": "LineString", "coordinates": [ [ -0.4205832, 51.4493231 ], [ -0.4213082, 51.4495381 ] ] } },
{ "type": "Feature", "properties": { "id": 60364, "nach": 0.465941813977927 }, "geometry": { "type": "LineString", "coordinates": [ [ -0.4216866, 51.4495939 ], [ -0.4215641, 51.449706699999986 ], [ -0.421484, 51.449753800000011 ], [ -0.4214131, 51.4498181 ], [ -0.4213438, 51.4498733 ], [ -0.4212591, 51.4499122 ], [ -0.4211343, 51.450013 ], [ -0.4210757, 51.4500475 ], [ -0.4207653, 51.450288 ], [ -0.420716, 51.4503091 ], [ -0.4206398, 51.4503216 ] ] } },
{ "type": "Feature", "properties": { "id": 60339, "nach": 0.53738314539927579 }, "geometry": { "type": "LineString", "coordinates": [ [ -0.4192239, 51.44999510000001 ], [ -0.4192841, 51.4496339 ] ] } },
{ "type": "Feature", "properties": { "id": 55181, "nach": 0.47544756027815926 }, "geometry": { "type": "LineString", "coordinates": [ [ -0.4151449, 51.44032150000001 ], [ -0.4152925, 51.4402179 ], [ -0.4153734, 51.440273500000011 ] ] } },
{ "type": "Feature", "properties": { "id": 55192, "nach": 0.62094202714567104 }, "geometry": { "type": "LineString", "coordinates": [ [ -0.4190691, 51.43897410000001 ], [ -0.4191648, 51.4389246 ] ] } },
{ "type": "Feature", "properties": { "id": 55205, "nach": 0.46125235494171979 }, "geometry": { "type": "LineString", "coordinates": [ [ -0.4189979, 51.438694 ], [ -0.4190677, 51.438811800000018 ], [ -0.4191535, 51.4388862 ], [ -0.4191648, 51.4389246 ] ] } },
{ "type": "Feature", "properties": { "id": 79514, "nach": 0.49508792874301277 }, "geometry": { "type": "LineString", "coordinates": [ [ -0.4212695, 51.4383993 ], [ -0.4212786, 51.4383738 ], [ -0.4212767, 51.4382833 ], [ -0.4212455, 51.4382548 ] ] } },
{ "type": "Feature", "properties": { "id": 79517, "nach": 0.39690321405287121 }, "geometry": { "type": "LineString", "coordinates": [ [ -0.4210127, 51.438273700000011 ], [ -0.4212695, 51.4383993 ] ] } },
{ "type": "Feature", "properties": { "id": 79516, "nach": 0.5640820646421808 }, "geometry": { "type": "LineString", "coordinates": [ [ -0.4210127, 51.438273700000011 ], [ -0.4211499, 51.4382419 ] ] } },
{ "type": "Feature", "properties": { "id": 55240, "nach": 0.52929582418052967 }, "geometry": { "type": "LineString", "coordinates": [ [ -0.4212455, 51.4382548 ], [ -0.4212131, 51.438244799999985 ], [ -0.4211499, 51.4382419 ] ] } },
{ "type": "Feature", "properties": { "id": 79518, "nach": 0.56377603316762781 }, "geometry": { "type": "LineString", "coordinates": [ [ -0.4210127, 51.438273700000011 ], [ -0.4206587, 51.4383558 ], [ -0.4203283, 51.438446 ], [ -0.4200788, 51.4385392 ], [ -0.4198497, 51.4386454 ], [ -0.4196892, 51.4387534 ], [ -0.4195352, 51.4388778 ] ] } },
{ "type": "Feature", "properties": { "id": 51300, "nach": 0.54792630142256737 }, "geometry": { "type": "LineString", "coordinates": [ [ -0.4192546, 51.4390892 ], [ -0.4195352, 51.4388778 ] ] } },
{ "type": "Feature", "properties": { "id": 54394, "nach": 0.65213404215897364 }, "geometry": { "type": "LineString", "coordinates": [ [ -0.4090259, 51.4479024 ], [ -0.4090007, 51.4478934 ] ] } },
{ "type": "Feature", "properties": { "id": 70688, "nach": 0.50559881819789321 }, "geometry": { "type": "LineString", "coordinates": [ [ -0.4090184, 51.4480474 ], [ -0.4090118, 51.4480361 ], [ -0.4089857, 51.4479918 ], [ -0.4089966, 51.4479151 ], [ -0.4090259, 51.4479024 ] ] } },
{ "type": "Feature", "properties": { "id": 69866, "nach": 0.64646683824979512 }, "geometry": { "type": "LineString", "coordinates": [ [ -0.4086451, 51.4479384 ], [ -0.4087048, 51.4479509 ], [ -0.408802, 51.4479308 ], [ -0.4088097, 51.4479044 ], [ -0.4090007, 51.4478934 ] ] } },
{ "type": "Feature", "properties": { "id": 54806, "nach": 0.47884012933729181 }, "geometry": { "type": "LineString", "coordinates": [ [ -0.4137238, 51.4426489 ], [ -0.4135644, 51.4425861 ] ] } },
{ "type": "Feature", "properties": { "id": 92789, "nach": 0.47097959750772644 }, "geometry": { "type": "LineString", "coordinates": [ [ -0.4135176, 51.4427844 ], [ -0.4136204, 51.4426919 ], [ -0.4138109, 51.44276660000002 ], [ -0.4138735, 51.4427081 ], [ -0.4138199, 51.4426868 ], [ -0.4137238, 51.4426489 ] ] } },
{ "type": "Feature", "properties": { "id": 55094, "nach": 0.48042659315291286 }, "geometry": { "type": "LineString", "coordinates": [ [ -0.4072391, 51.4436251 ], [ -0.4071587, 51.4435958 ], [ -0.4072378, 51.4435089 ], [ -0.4070748, 51.4434521 ], [ -0.4069378, 51.443613199999987 ] ] } },
{ "type": "Feature", "properties": { "id": 55070, "nach": 0.48490977633241167 }, "geometry": { "type": "LineString", "coordinates": [ [ -0.4089657, 51.4434085 ], [ -0.4091031, 51.443251500000017 ] ] } },
{ "type": "Feature", "properties": { "id": 55352, "nach": 0.46320198534595164 }, "geometry": { "type": "LineString", "coordinates": [ [ -0.4110225, 51.443994 ], [ -0.4109984, 51.443997 ], [ -0.4103863, 51.4437911 ], [ -0.4098107, 51.4436527 ], [ -0.4092352, 51.4434933 ], [ -0.4089657, 51.4434085 ] ] } },
{ "type": "Feature", "properties": { "id": 55353, "nach": 0.70545475366461174 }, "geometry": { "type": "LineString", "coordinates": [ [ -0.4110225, 51.443994 ], [ -0.4110688, 51.4439881 ], [ -0.4111037, 51.4439713 ], [ -0.4111368, 51.4439491 ] ] } },
{ "type": "Feature", "properties": { "id": 55158, "nach": 0.48905387658217858 }, "geometry": { "type": "LineString", "coordinates": [ [ -0.4120995, 51.4429413 ], [ -0.4118827, 51.4428414 ] ] } },
{ "type": "Feature", "properties": { "id": 64549, "nach": 0.4878079111751687 }, "geometry": { "type": "LineString", "coordinates": [ [ -0.4115112, 51.4429831 ], [ -0.4118284, 51.44312450000001 ] ] } },
{ "type": "Feature", "properties": { "id": 55168, "nach": 0.66019176935218382 }, "geometry": { "type": "LineString", "coordinates": [ [ -0.4113196, 51.4440087 ], [ -0.4112545, 51.4441144 ] ] } },
{ "type": "Feature", "properties": { "id": 95011, "nach": 0.47178694050996917 }, "geometry": { "type": "LineString", "coordinates": [ [ -0.4111982, 51.4439691 ], [ -0.4113196, 51.4440087 ] ] } },
{ "type": "Feature", "properties": { "id": 55314, "nach": 0.65923699473744424 }, "geometry": { "type": "LineString", "coordinates": [ [ -0.4113934, 51.4440303 ], [ -0.4113196, 51.4440087 ] ] } },
{ "type": "Feature", "properties": { "id": 95015, "nach": 0.57873284664340952 }, "geometry": { "type": "LineString", "coordinates": [ [ -0.4113674, 51.4438248 ], [ -0.4113843, 51.4439019 ], [ -0.4113576, 51.4439457 ], [ -0.4113196, 51.4440087 ] ] } },
{ "type": "Feature", "properties": { "id": 94996, "nach": 0.52857050946992479 }, "geometry": { "type": "LineString", "coordinates": [ [ -0.4111359, 51.4440711 ], [ -0.4112545, 51.4441144 ] ] } },
{ "type": "Feature", "properties": { "id": 95010, "nach": 0.69373183875674782 }, "geometry": { "type": "LineString", "coordinates": [ [ -0.4111982, 51.4439691 ], [ -0.4111368, 51.4439491 ] ] } },
{ "type": "Feature", "properties": { "id": 94997, "nach": 0.64642418800812351 }, "geometry": { "type": "LineString", "coordinates": [ [ -0.4111359, 51.4440711 ], [ -0.4111982, 51.4439691 ] ] } },
{ "type": "Feature", "properties": { "id": 95012, "nach": 0.69797896130361947 }, "geometry": { "type": "LineString", "coordinates": [ [ -0.4111982, 51.4439691 ], [ -0.4112732, 51.4438655 ], [ -0.4113674, 51.4438248 ] ] } },
{ "type": "Feature", "properties": { "id": 55320, "nach": 0.71227744508947843 }, "geometry": { "type": "LineString", "coordinates": [ [ -0.4117793, 51.4435832 ], [ -0.4114834, 51.4438852 ], [ -0.4113934, 51.4440303 ] ] } },
{ "type": "Feature", "properties": { "id": 55361, "nach": 0.68854030885706763 }, "geometry": { "type": "LineString", "coordinates": [ [ -0.4114734, 51.4441359 ], [ -0.4113836, 51.4441063 ], [ -0.4113819, 51.4440699 ], [ -0.4113934, 51.4440303 ] ] } },
{ "type": "Feature", "properties": { "id": 55283, "nach": 0.51049359519983151 }, "geometry": { "type": "LineString", "coordinates": [ [ -0.4141258, 51.4420424 ], [ -0.4140596, 51.4421123 ], [ -0.4140204, 51.4420994 ], [ -0.4139914, 51.4421306 ] ] } },
{ "type": "Feature", "properties": { "id": 55287, "nach": 0.50706540843514269 }, "geometry": { "type": "LineString", "coordinates": [ [ -0.4141972, 51.4419166 ], [ -0.4141713, 51.4419458 ], [ -0.4142055, 51.441958300000024 ], [ -0.4141258, 51.4420424 ] ] } },
{ "type": "Feature", "properties": { "id": 55288, "nach": 0.48031871962800482 }, "geometry": { "type": "LineString", "coordinates": [ [ -0.4142277, 51.4418824 ], [ -0.4141972, 51.4419166 ] ] } },
{ "type": "Feature", "properties": { "id": 55303, "nach": 0.48193818239678354 }, "geometry": { "type": "LineString", "coordinates": [ [ -0.4122054, 51.4442678 ], [ -0.4121268, 51.444211600000017 ], [ -0.4117099, 51.44404080000001 ] ] } },
{ "type": "Feature", "properties": { "id": 55302, "nach": 0.48528783647305745 }, "geometry": { "type": "LineString", "coordinates": [ [ -0.4122054, 51.4442678 ], [ -0.4124337, 51.4443428 ] ] } },
{ "type": "Feature", "properties": { "id": 88194, "nach": 0.48387279045861814 }, "geometry": { "type": "LineString", "coordinates": [ [ -0.4125221, 51.4442195 ], [ -0.4123419, 51.4441513 ], [ -0.4122464, 51.4442128 ], [ -0.4122335, 51.4442302 ], [ -0.4122054, 51.4442678 ] ] } },
{ "type": "Feature", "properties": { "id": 55321, "nach": 0.48716102165082847 }, "geometry": { "type": "LineString", "coordinates": [ [ -0.4122274, 51.4437643 ], [ -0.4118119, 51.4435964 ], [ -0.4117793, 51.4435832 ] ] } },
{ "type": "Feature", "properties": { "id": 95016, "nach": 0.7069340274516932 }, "geometry": { "type": "LineString", "coordinates": [ [ -0.4113674, 51.4438248 ], [ -0.4115817, 51.443598899999984 ], [ -0.4116224, 51.4435573 ] ] } },
{ "type": "Feature", "properties": { "id": 95017, "nach": 0.64220562673118042 }, "geometry": { "type": "LineString", "coordinates": [ [ -0.4110096, 51.4444013 ], [ -0.4109843, 51.4443509 ], [ -0.4110149, 51.444293 ], [ -0.4110436, 51.4442387 ] ] } },
{ "type": "Feature", "properties": { "id": 55563, "nach": 0.501793932051251 }, "geometry": { "type": "LineString", "coordinates": [ [ -0.4103277, 51.4474157 ], [ -0.4105986, 51.4475507 ], [ -0.4106529, 51.447504100000018 ] ] } },
{ "type": "Feature", "properties": { "id": 55545, "nach": 0.54636093987810419 }, "geometry": { "type": "LineString", "coordinates": [ [ -0.4099321, 51.447432800000016 ], [ -0.4098874, 51.44743 ] ] } },
{ "type": "Feature", "properties": { "id": 55546, "nach": 0.1303406029164943 }, "geometry": { "type": "LineString", "coordinates": [ [ -0.4099321, 51.447432800000016 ], [ -0.409918, 51.4473935 ], [ -0.4097819, 51.44731 ], [ -0.4097752, 51.4472945 ], [ -0.4098254, 51.4472414 ], [ -0.4098409, 51.4472335 ], [ -0.4098614, 51.4472304 ] ] } },
{ "type": "Feature", "properties": { "id": 84625, "nach": 0.49841330909927362 }, "geometry": { "type": "LineString", "coordinates": [ [ -0.4098874, 51.44743 ], [ -0.4098019, 51.4473824 ], [ -0.4097483, 51.4473606 ], [ -0.4095819, 51.447336 ] ] } },
{ "type": "Feature", "properties": { "id": 84626, "nach": 0.0 }, "geometry": { "type": "LineString", "coordinates": [ [ -0.4095819, 51.447336 ], [ -0.4095574, 51.44732290000001 ], [ -0.4093758, 51.4471951 ], [ -0.4093525, 51.4471153 ], [ -0.4093758, 51.4470776 ], [ -0.4094456, 51.4470486 ], [ -0.4095271, 51.4470442 ], [ -0.4096156, 51.4470689 ], [ -0.4097553, 51.4471603 ], [ -0.4098614, 51.4472304 ] ] } },
{ "type": "Feature", "properties": { "id": 56629, "nach": 0.46614400171596587 }, "geometry": { "type": "LineString", "coordinates": [ [ -0.4170385, 51.4485875 ], [ -0.4167544, 51.4491075 ], [ -0.4167269, 51.4491548 ] ] } },
{ "type": "Feature", "properties": { "id": 60337, "nach": 0.46840018041772191 }, "geometry": { "type": "LineString", "coordinates": [ [ -0.4192841, 51.4496339 ], [ -0.4196369, 51.4496464 ], [ -0.420007, 51.4496757 ] ] } },
{ "type": "Feature", "properties": { "id": 65634, "nach": 0.0 }, "geometry": { "type": "LineString", "coordinates": [ [ -0.4240261, 51.4397314 ], [ -0.424041, 51.439725200000012 ], [ -0.4240583, 51.4397225 ], [ -0.4240761, 51.4397236 ], [ -0.4240922, 51.4397284 ], [ -0.4241048, 51.4397364 ], [ -0.4241123, 51.439746500000012 ], [ -0.424114, 51.4397569 ], [ -0.4241103, 51.4397671 ], [ -0.4241015, 51.439776 ], [ -0.4240887, 51.4397827 ], [ -0.4240731, 51.4397865 ], [ -0.4240563, 51.4397871 ], [ -0.4240402, 51.4397843 ], [ -0.4240263, 51.4397784 ], [ -0.4240161, 51.439770100000011 ], [ -0.4240108, 51.439760200000016 ], [ -0.4240107, 51.4397497 ], [ -0.424016, 51.4397398 ], [ -0.4240261, 51.4397314 ] ] } },
{ "type": "Feature", "properties": { "id": 69875, "nach": 0.70943641089711684 }, "geometry": { "type": "LineString", "coordinates": [ [ -0.4086451, 51.4479384 ], [ -0.408370000388191, 51.448340050815958 ] ] } },
{ "type": "Feature", "properties": { "id": 67574, "nach": 0.45073965383972758 }, "geometry": { "type": "LineString", "coordinates": [ [ -0.4238753, 51.4465729 ], [ -0.4238095, 51.4466298 ] ] } },
{ "type": "Feature", "properties": { "id": 67573, "nach": 0.4518386769634482 }, "geometry": { "type": "LineString", "coordinates": [ [ -0.423801, 51.4466569 ], [ -0.4238095, 51.4466298 ] ] } },
{ "type": "Feature", "properties": { "id": 69408, "nach": 0.73283714957702761 }, "geometry": { "type": "LineString", "coordinates": [ [ -0.411566, 51.4477283 ], [ -0.4116665, 51.4477304 ], [ -0.4119353, 51.4477086 ], [ -0.4119856, 51.4476953 ], [ -0.4121332, 51.4476334 ], [ -0.4121452, 51.4476146 ], [ -0.4121434, 51.4476017 ], [ -0.4121258, 51.4475901 ], [ -0.4120834, 51.4475902 ], [ -0.41173, 51.4476606 ] ] } },
{ "type": "Feature", "properties": { "id": 69413, "nach": 0.7333175046459488 }, "geometry": { "type": "LineString", "coordinates": [ [ -0.4116288, 51.447491200000016 ], [ -0.4117189, 51.4476442 ], [ -0.41173, 51.4476606 ] ] } },
{ "type": "Feature", "properties": { "id": 93056, "nach": 0.73333626354875903 }, "geometry": { "type": "LineString", "coordinates": [ [ -0.411428, 51.4477789 ], [ -0.411341, 51.4477762 ], [ -0.4112212, 51.4477811 ], [ -0.4111879, 51.447778100000015 ], [ -0.4111838, 51.447759 ], [ -0.4111927, 51.4477432 ], [ -0.411566, 51.4477283 ] ] } },
{ "type": "Feature", "properties": { "id": 69415, "nach": 0.0 }, "geometry": { "type": "LineString", "coordinates": [ [ -0.4118264, 51.4474205 ], [ -0.4123128, 51.447315900000014 ], [ -0.4123274, 51.4473449 ], [ -0.4116288, 51.447491200000016 ] ] } },
{ "type": "Feature", "properties": { "id": 69418, "nach": 0.76622220352118531 }, "geometry": { "type": "LineString", "coordinates": [ [ -0.411627963506577, 51.447489651357664 ], [ -0.4116288, 51.447491200000016 ] ] } },
{ "type": "Feature", "properties": { "id": 69417, "nach": 0.67801583424148981 }, "geometry": { "type": "LineString", "coordinates": [ [ -0.411627963506577, 51.447489651357664 ], [ -0.4118264, 51.4474205 ] ] } },
{ "type": "Feature", "properties": { "id": 70687, "nach": 0.4984661660299648 }, "geometry": { "type": "LineString", "coordinates": [ [ -0.4105097, 51.4478489 ], [ -0.4105456, 51.4478865 ], [ -0.410565, 51.4478822 ], [ -0.410684, 51.4478575 ], [ -0.4107126, 51.4478978 ], [ -0.4107189, 51.4479082 ] ] } },
{ "type": "Feature", "properties": { "id": 70705, "nach": 0.50568399633395911 }, "geometry": { "type": "LineString", "coordinates": [ [ -0.4088778, 51.446592 ], [ -0.4086395, 51.4465058 ] ] } },
{ "type": "Feature", "properties": { "id": 70708, "nach": 0.50510047365738919 }, "geometry": { "type": "LineString", "coordinates": [ [ -0.4087218, 51.4467545 ], [ -0.4088778, 51.446592 ] ] } },
{ "type": "Feature", "properties": { "id": 85388, "nach": 0.4782663592089374 }, "geometry": { "type": "LineString", "coordinates": [ [ -0.4142743, 51.4485093 ], [ -0.4144367, 51.448557 ] ] } },
{ "type": "Feature", "properties": { "id": 84005, "nach": 0.46778346241946478 }, "geometry": { "type": "LineString", "coordinates": [ [ -0.4148287, 51.447545400000024 ], [ -0.4150261, 51.4476029 ] ] } },
{ "type": "Feature", "properties": { "id": 84616, "nach": 0.51336846951013226 }, "geometry": { "type": "LineString", "coordinates": [ [ -0.414157, 51.4428212 ], [ -0.4142864, 51.4428401 ], [ -0.4143612, 51.44287030000001 ], [ -0.4143713, 51.44288920000001 ], [ -0.4143753, 51.4429207 ], [ -0.414367, 51.442932 ] ] } },
{ "type": "Feature", "properties": { "id": 84617, "nach": 0.51589188575885514 }, "geometry": { "type": "LineString", "coordinates": [ [ -0.4141793, 51.4428678 ], [ -0.414157, 51.4428212 ] ] } },
{ "type": "Feature", "properties": { "id": 84621, "nach": 0.46500572823751829 }, "geometry": { "type": "LineString", "coordinates": [ [ -0.4145593, 51.442993199999989 ], [ -0.414367, 51.442932 ] ] } },
{ "type": "Feature", "properties": { "id": 84620, "nach": 0.14627654061408757 }, "geometry": { "type": "LineString", "coordinates": [ [ -0.414367, 51.442932 ], [ -0.4143491, 51.442956 ], [ -0.4142783, 51.44296360000002 ], [ -0.414246, 51.4429484 ], [ -0.4142217, 51.4429132 ], [ -0.4142035, 51.4428917 ], [ -0.4141793, 51.4428678 ] ] } },
{ "type": "Feature", "properties": { "id": 84622, "nach": 0.46488271837115891 }, "geometry": { "type": "LineString", "coordinates": [ [ -0.4138275, 51.4429585 ], [ -0.413971, 51.4428275 ], [ -0.4140377, 51.4428376 ], [ -0.4141793, 51.4428678 ] ] } },
{ "type": "Feature", "properties": { "id": 85379, "nach": 0.64132052086215119 }, "geometry": { "type": "LineString", "coordinates": [ [ -0.4147089, 51.4486409 ], [ -0.4146188, 51.4487519 ] ] } },
{ "type": "Feature", "properties": { "id": 92803, "nach": 0.5510449360082984 }, "geometry": { "type": "LineString", "coordinates": [ [ -0.4145819, 51.4488264 ], [ -0.4146104, 51.4487866 ], [ -0.4146188, 51.4487519 ] ] } },
{ "type": "Feature", "properties": { "id": 92801, "nach": 0.47844366172855274 }, "geometry": { "type": "LineString", "coordinates": [ [ -0.4145819, 51.4488264 ], [ -0.414554, 51.4488653 ] ] } },
{ "type": "Feature", "properties": { "id": 92804, "nach": 0.4748937918728337 }, "geometry": { "type": "LineString", "coordinates": [ [ -0.4148587, 51.4489073 ], [ -0.4145819, 51.4488264 ] ] } },
{ "type": "Feature", "properties": { "id": 88186, "nach": 0.49886098267199819 }, "geometry": { "type": "LineString", "coordinates": [ [ -0.4120436, 51.447252800000015 ], [ -0.4118393, 51.4472984 ] ] } },
{ "type": "Feature", "properties": { "id": 88187, "nach": 0.49862837426966711 }, "geometry": { "type": "LineString", "coordinates": [ [ -0.4120202, 51.4472141 ], [ -0.4118942, 51.4472439 ], [ -0.4118393, 51.4472984 ] ] } },
{ "type": "Feature", "properties": { "id": 92796, "nach": 0.46353861218309556 }, "geometry": { "type": "LineString", "coordinates": [ [ -0.4150715, 51.4489858 ], [ -0.4151103, 51.4489333 ], [ -0.4152192, 51.4489647 ] ] } },
{ "type": "Feature", "properties": { "id": 92798, "nach": 0.46470006314099582 }, "geometry": { "type": "LineString", "coordinates": [ [ -0.4150715, 51.4489858 ], [ -0.4151631, 51.4490124 ], [ -0.4152006, 51.449020200000014 ] ] } },
{ "type": "Feature", "properties": { "id": 92799, "nach": 0.46353861218309556 }, "geometry": { "type": "LineString", "coordinates": [ [ -0.4148779, 51.4489283 ], [ -0.4150715, 51.4489858 ] ] } },
{ "type": "Feature", "properties": { "id": 92811, "nach": 0.47474532882725606 }, "geometry": { "type": "LineString", "coordinates": [ [ -0.4147894, 51.448452600000017 ], [ -0.4148709, 51.4484776 ] ] } },
{ "type": "Feature", "properties": { "id": 92812, "nach": 0.46963054328348125 }, "geometry": { "type": "LineString", "coordinates": [ [ -0.4153285, 51.4486168 ], [ -0.4148709, 51.4484776 ] ] } },
{ "type": "Feature", "properties": { "id": 93845, "nach": 0.44766716993503053 }, "geometry": { "type": "LineString", "coordinates": [ [ -0.4142779, 51.4437226 ], [ -0.4141205, 51.443681 ] ] } },
{ "type": "Feature", "properties": { "id": 93848, "nach": 0.51350990526651519 }, "geometry": { "type": "LineString", "coordinates": [ [ -0.4137767, 51.4438932 ], [ -0.413869, 51.4438516 ], [ -0.4139323, 51.4437802 ], [ -0.413999, 51.44372580000001 ], [ -0.4141205, 51.443681 ] ] } },
{ "type": "Feature", "properties": { "id": 93850, "nach": 0.44086637084390934 }, "geometry": { "type": "LineString", "coordinates": [ [ -0.4138194, 51.4439305 ], [ -0.4137767, 51.4438932 ] ] } },
{ "type": "Feature", "properties": { "id": 93849, "nach": 0.43813501571635877 }, "geometry": { "type": "LineString", "coordinates": [ [ -0.4137099, 51.4439838 ], [ -0.4136603, 51.4439444 ], [ -0.4137767, 51.4438932 ] ] } },
{ "type": "Feature", "properties": { "id": 94844, "nach": 0.90372981426587373 }, "geometry": { "type": "LineString", "coordinates": [ [ -0.4172735, 51.4403619 ], [ -0.4173908, 51.44045460000001 ] ] } },
{ "type": "Feature", "properties": { "id": 94879, "nach": 1.0862511484454818 }, "geometry": { "type": "LineString", "coordinates": [ [ -0.4172062, 51.4403949 ], [ -0.4172735, 51.4403619 ] ] } },
{ "type": "Feature", "properties": { "id": 94875, "nach": 1.2783023865709395 }, "geometry": { "type": "LineString", "coordinates": [ [ -0.4173021, 51.440347900000013 ], [ -0.4172735, 51.4403619 ] ] } },
{ "type": "Feature", "properties": { "id": 94880, "nach": 0.84958550268871702 }, "geometry": { "type": "LineString", "coordinates": [ [ -0.4172062, 51.4403949 ], [ -0.4170552, 51.4402769 ] ] } },
{ "type": "Feature", "properties": { "id": 94876, "nach": 1.2783023865709395 }, "geometry": { "type": "LineString", "coordinates": [ [ -0.4173021, 51.440347900000013 ], [ -0.4173249, 51.44033670000001 ] ] } },
{ "type": "Feature", "properties": { "id": 94877, "nach": 0.92649122272547269 }, "geometry": { "type": "LineString", "coordinates": [ [ -0.4173021, 51.440347900000013 ], [ -0.4171625, 51.4402444 ] ] } },
{ "type": "Feature", "properties": { "id": 94848, "nach": 0.90372981426587373 }, "geometry": { "type": "LineString", "coordinates": [ [ -0.4173249, 51.44033670000001 ], [ -0.4174453, 51.4404281 ] ] } },
{ "type": "Feature", "properties": { "id": 94872, "nach": 1.0862511484454818 }, "geometry": { "type": "LineString", "coordinates": [ [ -0.4173586, 51.4403202 ], [ -0.4173249, 51.44033670000001 ] ] } },
{ "type": "Feature", "properties": { "id": 94873, "nach": 0.84958550268871702 }, "geometry": { "type": "LineString", "coordinates": [ [ -0.4173586, 51.4403202 ], [ -0.4172217, 51.440221200000011 ] ] } },
{ "type": "Feature", "properties": { "id": 94851, "nach": 0.82263263623142446 }, "geometry": { "type": "LineString", "coordinates": [ [ -0.4173693, 51.4403149 ], [ -0.4174892, 51.4404041 ] ] } },
{ "type": "Feature", "properties": { "id": 94868, "nach": 1.0232351016013974 }, "geometry": { "type": "LineString", "coordinates": [ [ -0.4174043, 51.4402977 ], [ -0.4173693, 51.4403149 ] ] } },
{ "type": "Feature", "properties": { "id": 94869, "nach": 1.2239473912101546 }, "geometry": { "type": "LineString", "coordinates": [ [ -0.4174043, 51.4402977 ], [ -0.4174192, 51.4402904 ] ] } },
{ "type": "Feature", "properties": { "id": 94870, "nach": 0.86492058499870927 }, "geometry": { "type": "LineString", "coordinates": [ [ -0.4174043, 51.4402977 ], [ -0.4172675, 51.4401963 ] ] } },
{ "type": "Feature", "properties": { "id": 94855, "nach": 0.90209920467426064 }, "geometry": { "type": "LineString", "coordinates": [ [ -0.4174192, 51.4402904 ], [ -0.417565, 51.440361800000012 ] ] } },
{ "type": "Feature", "properties": { "id": 69419, "nach": 0.76716173277398569 }, "geometry": { "type": "LineString", "coordinates": [ [ -0.411611086026548, 51.447459277209809 ], [ -0.411584209443994, 51.447417561911443 ] ] } }
]
}
