{
"type": "FeatureCollection",
"name": "4fc181966b41_visibility",
"crs": { "type": "name", "properties": { "name": "urn:ogc:def:crs:OGC:1.3:CRS84" } },
"features": [
{ "type": "Feature", "properties": { "visible_points": 10, "total_points": 76, "visibility_pct": 13.157894736842104 }, "geometry": { "type": "Point", "coordinates": [ -0.225230468393038, 51.471058773673739 ] } },
{ "type": "Feature", "properties": { "visible_points": 8, "total_points": 79, "visibility_pct": 10.126582278481013 }, "geometry": { "type": "Point", "coordinates": [ -0.225031069921176, 51.471055756787585 ] } },
{ "type": "Feature", "properties": { "visible_points": 0, "total_points": 82, "visibility_pct": 0.0 }, "geometry": { "type": "Point", "coordinates": [ -0.224831671484647, 51.47105273956236 ] } },
{ "type": "Feature", "properties": { "visible_points": 2, "total_points": 83, "visibility_pct": 2.4096385542168677 }, "geometry": { "type": "Point", "coordinates": [ -0.224632273083457, 51.471049721998021 ] } },
{ "type": "Feature", "properties": { "visible_points": 1, "total_points": 80, "visibility_pct": 1.25 }, "geometry": { "type": "Point", "coordinates": [ -0.224432874717597, 51.471046704094604 ] } },
{ "type": "Feature", "properties": { "visible_points": 3, "total_points": 74, "visibility_pct": 4.0540540540540544 }, "geometry": { "type": "Point", "coordinates": [ -0.224233476387091, 51.471043685852123 ] } },
{ "type": "Feature", "properties": { "visible_points": 3, "total_points": 67, "visibility_pct": 4.4776119402985071 }, "geometry": { "type": "Point", "coordinates": [ -0.224034078091922, 51.471040667270536 ] } },
{ "type": "Feature", "properties": { "visible_points": 0, "total_points": 59, "visibility_pct": 0.0 }, "geometry": { "type": "Point", "coordinates": [ -0.223834679832113, 51.471037648349871 ] } },
{ "type": "Feature", "properties": { "visible_points": 31, "total_points": 82, "visibility_pct": 37.804878048780488 }, "geometry": { "type": "Point", "coordinates": [ -0.225525382987559, 51.471171147486444 ] } },
{ "type": "Feature", "properties": { "visible_points": 24, "total_points": 85, "visibility_pct": 28.235294117647058 }, "geometry": { "type": "Point", "coordinates": [ -0.225325983981771, 51.471168131099731 ] } },
{ "type": "Feature", "properties": { "visible_points": 0, "total_points": 88, "visibility_pct": 0.0 }, "geometry": { "type": "Point", "coordinates": [ -0.225126585011312, 51.471165114373946 ] } },
{ "type": "Feature", "properties": { "visible_points": 0, "total_points": 91, "visibility_pct": 0.0 }, "geometry": { "type": "Point", "coordinates": [ -0.224927186076178, 51.471162097309083 ] } },
{ "type": "Feature", "properties": { "visible_points": 2, "total_points": 94, "visibility_pct": 2.1276595744680851 }, "geometry": { "type": "Point", "coordinates": [ -0.224727787176378, 51.471159079905114 ] } },
{ "type": "Feature", "properties": { "visible_points": 3, "total_points": 93, "visibility_pct": 3.225806451612903 }, "geometry": { "type": "Point", "coordinates": [ -0.224528388311918, 51.471156062162073 ] } },
{ "type": "Feature", "properties": { "visible_points": 1, "total_points": 87, "visibility_pct": 1.1494252873563218 }, "geometry": { "type": "Point", "coordinates": [ -0.224328989482801, 51.471153044079927 ] } },
{ "type": "Feature", "properties": { "visible_points": 2, "total_points": 80, "visibility_pct": 2.5 }, "geometry": { "type": "Point", "coordinates": [ -0.224129590689025, 51.471150025658723 ] } },
{ "type": "Feature", "properties": { "visible_points": 0, "total_points": 71, "visibility_pct": 0.0 }, "geometry": { "type": "Point", "coordinates": [ -0.223930191930601, 51.471147006898413 ] } },
{ "type": "Feature", "properties": { "visible_points": 19, "total_points": 82, "visibility_pct": 23.170731707317074 }, "geometry": { "type": "Point", "coordinates": [ -0.226019698652894, 51.471286536109751 ] } },
{ "type": "Feature", "properties": { "visible_points": 20, "total_points": 86, "visibility_pct": 23.255813953488371 }, "geometry": { "type": "Point", "coordinates": [ -0.225820299077866, 51.471283520561606 ] } },
{ "type": "Feature", "properties": { "visible_points": 41, "total_points": 90, "visibility_pct": 45.555555555555557 }, "geometry": { "type": "Point", "coordinates": [ -0.225620899538159, 51.47128050467434 ] } },
{ "type": "Feature", "properties": { "visible_points": 40, "total_points": 94, "visibility_pct": 42.553191489361701 }, "geometry": { "type": "Point", "coordinates": [ -0.225421500033766, 51.47127748844801 ] } },
{ "type": "Feature", "properties": { "visible_points": 39, "total_points": 97, "visibility_pct": 40.206185567010309 }, "geometry": { "type": "Point", "coordinates": [ -0.225222100564705, 51.47127447188258 ] } },
{ "type": "Feature", "properties": { "visible_points": 0, "total_points": 100, "visibility_pct": 0.0 }, "geometry": { "type": "Point", "coordinates": [ -0.225022701130965, 51.471271454978087 ] } },
{ "type": "Feature", "properties": { "visible_points": 1, "total_points": 103, "visibility_pct": 0.97087378640776689 }, "geometry": { "type": "Point", "coordinates": [ -0.224823301732557, 51.47126843773448 ] } },
{ "type": "Feature", "properties": { "visible_points": 5, "total_points": 105, "visibility_pct": 4.7619047619047619 }, "geometry": { "type": "Point", "coordinates": [ -0.22462390236949, 51.471265420151816 ] } },
{ "type": "Feature", "properties": { "visible_points": 4, "total_points": 100, "visibility_pct": 4.0 }, "geometry": { "type": "Point", "coordinates": [ -0.22442450304176, 51.471262402230039 ] } },
{ "type": "Feature", "properties": { "visible_points": 4, "total_points": 93, "visibility_pct": 4.3010752688172049 }, "geometry": { "type": "Point", "coordinates": [ -0.224225103749375, 51.471259383969162 ] } },
{ "type": "Feature", "properties": { "visible_points": 4, "total_points": 83, "visibility_pct": 4.8192771084337354 }, "geometry": { "type": "Point", "coordinates": [ -0.224025704492338, 51.471256365369229 ] } },
{ "type": "Feature", "properties": { "visible_points": 0, "total_points": 73, "visibility_pct": 0.0 }, "geometry": { "type": "Point", "coordinates": [ -0.223826305270652, 51.471253346430203 ] } },
{ "type": "Feature", "properties": { "visible_points": 20, "total_points": 81, "visibility_pct": 24.691358024691358 }, "geometry": { "type": "Point", "coordinates": [ -0.226514016917143, 51.471401922657471 ] } },
{ "type": "Feature", "properties": { "visible_points": 15, "total_points": 86, "visibility_pct": 17.441860465116278 }, "geometry": { "type": "Point", "coordinates": [ -0.226314616772901, 51.471398907947865 ] } },
{ "type": "Feature", "properties": { "visible_points": 42, "total_points": 90, "visibility_pct": 46.666666666666664 }, "geometry": { "type": "Point", "coordinates": [ -0.226115216663965, 51.471395892899167 ] } },
{ "type": "Feature", "properties": { "visible_points": 51, "total_points": 94, "visibility_pct": 54.255319148936167 }, "geometry": { "type": "Point", "coordinates": [ -0.225915816590338, 51.471392877511384 ] } },
{ "type": "Feature", "properties": { "visible_points": 53, "total_points": 98, "visibility_pct": 54.081632653061227 }, "geometry": { "type": "Point", "coordinates": [ -0.225716416552026, 51.471389861784495 ] } },
{ "type": "Feature", "properties": { "visible_points": 56, "total_points": 102, "visibility_pct": 54.901960784313729 }, "geometry": { "type": "Point", "coordinates": [ -0.225517016549032, 51.471386845718541 ] } },
{ "type": "Feature", "properties": { "visible_points": 57, "total_points": 105, "visibility_pct": 54.285714285714285 }, "geometry": { "type": "Point", "coordinates": [ -0.225317616581361, 51.47138382931351 ] } },
{ "type": "Feature", "properties": { "visible_points": 56, "total_points": 108, "visibility_pct": 51.851851851851848 }, "geometry": { "type": "Point", "coordinates": [ -0.225118216649015, 51.471380812569343 ] } },
{ "type": "Feature", "properties": { "visible_points": 54, "total_points": 111, "visibility_pct": 48.648648648648653 }, "geometry": { "type": "Point", "coordinates": [ -0.224918816752001, 51.471377795486134 ] } },
{ "type": "Feature", "properties": { "visible_points": 48, "total_points": 113, "visibility_pct": 42.477876106194692 }, "geometry": { "type": "Point", "coordinates": [ -0.224719416890323, 51.471374778063804 ] } },
{ "type": "Feature", "properties": { "visible_points": 40, "total_points": 112, "visibility_pct": 35.714285714285715 }, "geometry": { "type": "Point", "coordinates": [ -0.224520017063975, 51.471371760302404 ] } },
{ "type": "Feature", "properties": { "visible_points": 4, "total_points": 106, "visibility_pct": 3.7735849056603774 }, "geometry": { "type": "Point", "coordinates": [ -0.224320617272977, 51.471368742201904 ] } },
{ "type": "Feature", "properties": { "visible_points": 4, "total_points": 96, "visibility_pct": 4.1666666666666661 }, "geometry": { "type": "Point", "coordinates": [ -0.224121217517326, 51.471365723762325 ] } },
{ "type": "Feature", "properties": { "visible_points": 3, "total_points": 86, "visibility_pct": 3.4883720930232558 }, "geometry": { "type": "Point", "coordinates": [ -0.22392181779702, 51.471362704983655 ] } },
{ "type": "Feature", "properties": { "visible_points": 32, "total_points": 80, "visibility_pct": 40.0 }, "geometry": { "type": "Point", "coordinates": [ -0.227008337780278, 51.471517307129567 ] } },
{ "type": "Feature", "properties": { "visible_points": 52, "total_points": 85, "visibility_pct": 61.176470588235297 }, "geometry": { "type": "Point", "coordinates": [ -0.226808937066835, 51.471514293258529 ] } },
{ "type": "Feature", "properties": { "visible_points": 49, "total_points": 89, "visibility_pct": 55.056179775280903 }, "geometry": { "type": "Point", "coordinates": [ -0.226609536388694, 51.471511279048393 ] } },
{ "type": "Feature", "properties": { "visible_points": 50, "total_points": 93, "visibility_pct": 53.763440860215049 }, "geometry": { "type": "Point", "coordinates": [ -0.22641013574585, 51.471508264499157 ] } },
{ "type": "Feature", "properties": { "visible_points": 58, "total_points": 98, "visibility_pct": 59.183673469387756 }, "geometry": { "type": "Point", "coordinates": [ -0.226210735138312, 51.471505249610843 ] } },
{ "type": "Feature", "properties": { "visible_points": 62, "total_points": 102, "visibility_pct": 60.784313725490193 }, "geometry": { "type": "Point", "coordinates": [ -0.226011334566081, 51.471502234383436 ] } },
{ "type": "Feature", "properties": { "visible_points": 68, "total_points": 105, "visibility_pct": 64.761904761904759 }, "geometry": { "type": "Point", "coordinates": [ -0.225811934029168, 51.471499218816945 ] } },
{ "type": "Feature", "properties": { "visible_points": 71, "total_points": 108, "visibility_pct": 65.740740740740748 }, "geometry": { "type": "Point", "coordinates": [ -0.225612533527565, 51.471496202911361 ] } },
{ "type": "Feature", "properties": { "visible_points": 72, "total_points": 111, "visibility_pct": 64.86486486486487 }, "geometry": { "type": "Point", "coordinates": [ -0.225413133061287, 51.471493186666677 ] } },
{ "type": "Feature", "properties": { "visible_points": 70, "total_points": 114, "visibility_pct": 61.403508771929829 }, "geometry": { "type": "Point", "coordinates": [ -0.225213732630327, 51.471490170082916 ] } },
{ "type": "Feature", "properties": { "visible_points": 68, "total_points": 117, "visibility_pct": 58.119658119658126 }, "geometry": { "type": "Point", "coordinates": [ -0.225014332234708, 51.471487153160041 ] } },
{ "type": "Feature", "properties": { "visible_points": 61, "total_points": 119, "visibility_pct": 51.260504201680668 }, "geometry": { "type": "Point", "coordinates": [ -0.224814931874408, 51.471484135898095 ] } },
{ "type": "Feature", "properties": { "visible_points": 52, "total_points": 120, "visibility_pct": 43.333333333333336 }, "geometry": { "type": "Point", "coordinates": [ -0.224615531549456, 51.471481118297049 ] } },
{ "type": "Feature", "properties": { "visible_points": 43, "total_points": 116, "visibility_pct": 37.068965517241381 }, "geometry": { "type": "Point", "coordinates": [ -0.224416131259833, 51.471478100356926 ] } },
{ "type": "Feature", "properties": { "visible_points": 34, "total_points": 108, "visibility_pct": 31.481481481481481 }, "geometry": { "type": "Point", "coordinates": [ -0.224216731005565, 51.471475082077696 ] } },
{ "type": "Feature", "properties": { "visible_points": 3, "total_points": 98, "visibility_pct": 3.0612244897959182 }, "geometry": { "type": "Point", "coordinates": [ -0.224017330786642, 51.471472063459402 ] } },
{ "type": "Feature", "properties": { "visible_points": 6, "total_points": 86, "visibility_pct": 6.9767441860465116 }, "geometry": { "type": "Point", "coordinates": [ -0.223817930603069, 51.471469044501994 ] } },
{ "type": "Feature", "properties": { "visible_points": 14, "total_points": 76, "visibility_pct": 18.421052631578945 }, "geometry": { "type": "Point", "coordinates": [ -0.227502661242255, 51.471632689526061 ] } },
{ "type": "Feature", "properties": { "visible_points": 0, "total_points": 82, "visibility_pct": 0.0 }, "geometry": { "type": "Point", "coordinates": [ -0.227303259959641, 51.471629676493578 ] } },
{ "type": "Feature", "properties": { "visible_points": 55, "total_points": 88, "visibility_pct": 62.5 }, "geometry": { "type": "Point", "coordinates": [ -0.227103858712309, 51.471626663122017 ] } },
{ "type": "Feature", "properties": { "visible_points": 58, "total_points": 93, "visibility_pct": 62.365591397849464 }, "geometry": { "type": "Point", "coordinates": [ -0.226904457500271, 51.471623649411342 ] } },
{ "type": "Feature", "properties": { "visible_points": 64, "total_points": 97, "visibility_pct": 65.979381443298962 }, "geometry": { "type": "Point", "coordinates": [ -0.226705056323529, 51.471620635361582 ] } },
{ "type": "Feature", "properties": { "visible_points": 66, "total_points": 101, "visibility_pct": 65.346534653465355 }, "geometry": { "type": "Point", "coordinates": [ -0.226505655182083, 51.471617620972744 ] } },
{ "type": "Feature", "properties": { "visible_points": 70, "total_points": 105, "visibility_pct": 66.666666666666657 }, "geometry": { "type": "Point", "coordinates": [ -0.226306254075941, 51.471614606244799 ] } },
{ "type": "Feature", "properties": { "visible_points": 66, "total_points": 108, "visibility_pct": 61.111111111111114 }, "geometry": { "type": "Point", "coordinates": [ -0.226106853005106, 51.471611591177776 ] } },
{ "type": "Feature", "properties": { "visible_points": 75, "total_points": 111, "visibility_pct": 67.567567567567565 }, "geometry": { "type": "Point", "coordinates": [ -0.225907451969585, 51.471608575771633 ] } },
{ "type": "Feature", "properties": { "visible_points": 78, "total_points": 114, "visibility_pct": 68.421052631578945 }, "geometry": { "type": "Point", "coordinates": [ -0.225708050969374, 51.47160556002644 ] } },
{ "type": "Feature", "properties": { "visible_points": 84, "total_points": 116, "visibility_pct": 72.41379310344827 }, "geometry": { "type": "Point", "coordinates": [ -0.225508650004483, 51.471602543942119 ] } },
{ "type": "Feature", "properties": { "visible_points": 83, "total_points": 118, "visibility_pct": 70.33898305084746 }, "geometry": { "type": "Point", "coordinates": [ -0.225309249074918, 51.47159952751872 ] } },
{ "type": "Feature", "properties": { "visible_points": 82, "total_points": 120, "visibility_pct": 68.333333333333329 }, "geometry": { "type": "Point", "coordinates": [ -0.225109848180676, 51.471596510756235 ] } },
{ "type": "Feature", "properties": { "visible_points": 74, "total_points": 120, "visibility_pct": 61.666666666666671 }, "geometry": { "type": "Point", "coordinates": [ -0.224910447321766, 51.471593493654652 ] } },
{ "type": "Feature", "properties": { "visible_points": 68, "total_points": 120, "visibility_pct": 56.666666666666664 }, "geometry": { "type": "Point", "coordinates": [ -0.224711046498191, 51.471590476213983 ] } },
{ "type": "Feature", "properties": { "visible_points": 56, "total_points": 119, "visibility_pct": 47.058823529411761 }, "geometry": { "type": "Point", "coordinates": [ -0.224511645709958, 51.471587458434207 ] } },
{ "type": "Feature", "properties": { "visible_points": 44, "total_points": 113, "visibility_pct": 38.938053097345133 }, "geometry": { "type": "Point", "coordinates": [ -0.224312244957065, 51.471584440315354 ] } },
{ "type": "Feature", "properties": { "visible_points": 35, "total_points": 105, "visibility_pct": 33.333333333333329 }, "geometry": { "type": "Point", "coordinates": [ -0.22411284423952, 51.471581421857415 ] } },
{ "type": "Feature", "properties": { "visible_points": 33, "total_points": 95, "visibility_pct": 34.736842105263158 }, "geometry": { "type": "Point", "coordinates": [ -0.223913443557322, 51.471578403060377 ] } },
{ "type": "Feature", "properties": { "visible_points": 0, "total_points": 83, "visibility_pct": 0.0 }, "geometry": { "type": "Point", "coordinates": [ -0.223714042910484, 51.471575383924247 ] } },
{ "type": "Feature", "properties": { "visible_points": 23, "total_points": 83, "visibility_pct": 27.710843373493976 }, "geometry": { "type": "Point", "coordinates": [ -0.227598183634781, 51.471742045119974 ] } },
{ "type": "Feature", "properties": { "visible_points": 49, "total_points": 89, "visibility_pct": 55.056179775280903 }, "geometry": { "type": "Point", "coordinates": [ -0.227398781853566, 51.471739032247882 ] } },
{ "type": "Feature", "properties": { "visible_points": 58, "total_points": 95, "visibility_pct": 61.05263157894737 }, "geometry": { "type": "Point", "coordinates": [ -0.227199380107638, 51.471736019036697 ] } },
{ "type": "Feature", "properties": { "visible_points": 67, "total_points": 100, "visibility_pct": 67.0 }, "geometry": { "type": "Point", "coordinates": [ -0.226999978396998, 51.471733005486421 ] } },
{ "type": "Feature", "properties": { "visible_points": 73, "total_points": 105, "visibility_pct": 69.523809523809518 }, "geometry": { "type": "Point", "coordinates": [ -0.226800576721653, 51.471729991597044 ] } },
{ "type": "Feature", "properties": { "visible_points": 73, "total_points": 108, "visibility_pct": 67.592592592592595 }, "geometry": { "type": "Point", "coordinates": [ -0.226601175081605, 51.471726977368583 ] } },
{ "type": "Feature", "properties": { "visible_points": 77, "total_points": 111, "visibility_pct": 69.369369369369366 }, "geometry": { "type": "Point", "coordinates": [ -0.226401773476856, 51.471723962801022 ] } },
{ "type": "Feature", "properties": { "visible_points": 80, "total_points": 114, "visibility_pct": 70.175438596491219 }, "geometry": { "type": "Point", "coordinates": [ -0.226202371907412, 51.471720947894369 ] } },
{ "type": "Feature", "properties": { "visible_points": 83, "total_points": 116, "visibility_pct": 71.551724137931032 }, "geometry": { "type": "Point", "coordinates": [ -0.226002970373281, 51.471717932648616 ] } },
{ "type": "Feature", "properties": { "visible_points": 87, "total_points": 118, "visibility_pct": 73.728813559322035 }, "geometry": { "type": "Point", "coordinates": [ -0.225803568874461, 51.471714917063778 ] } },
{ "type": "Feature", "properties": { "visible_points": 90, "total_points": 119, "visibility_pct": 75.630252100840337 }, "geometry": { "type": "Point", "coordinates": [ -0.225604167410958, 51.471711901139848 ] } },
{ "type": "Feature", "properties": { "visible_points": 94, "total_points": 120, "visibility_pct": 78.333333333333329 }, "geometry": { "type": "Point", "coordinates": [ -0.225404765982775, 51.471708884876811 ] } },
{ "type": "Feature", "properties": { "visible_points": 92, "total_points": 120, "visibility_pct": 76.666666666666671 }, "geometry": { "type": "Point", "coordinates": [ -0.22520536458992, 51.471705868274704 ] } },
{ "type": "Feature", "properties": { "visible_points": 87, "total_points": 120, "visibility_pct": 72.5 }, "geometry": { "type": "Point", "coordinates": [ -0.225005963232391, 51.471702851333497 ] } },
{ "type": "Feature", "properties": { "visible_points": 80, "total_points": 120, "visibility_pct": 66.666666666666657 }, "geometry": { "type": "Point", "coordinates": [ -0.224806561910199, 51.471699834053183 ] } },
{ "type": "Feature", "properties": { "visible_points": 70, "total_points": 120, "visibility_pct": 58.333333333333336 }, "geometry": { "type": "Point", "coordinates": [ -0.22460716062334, 51.471696816433777 ] } },
{ "type": "Feature", "properties": { "visible_points": 57, "total_points": 117, "visibility_pct": 48.717948717948715 }, "geometry": { "type": "Point", "coordinates": [ -0.224407759371829, 51.471693798475293 ] } },
{ "type": "Feature", "properties": { "visible_points": 45, "total_points": 111, "visibility_pct": 40.54054054054054 }, "geometry": { "type": "Point", "coordinates": [ -0.224208358155654, 51.47169078017771 ] } },
{ "type": "Feature", "properties": { "visible_points": 45, "total_points": 102, "visibility_pct": 44.117647058823529 }, "geometry": { "type": "Point", "coordinates": [ -0.224008956974833, 51.471687761541041 ] } },
{ "type": "Feature", "properties": { "visible_points": 34, "total_points": 90, "visibility_pct": 37.777777777777779 }, "geometry": { "type": "Point", "coordinates": [ -0.223809555829368, 51.47168474256528 ] } },
{ "type": "Feature", "properties": { "visible_points": 0, "total_points": 82, "visibility_pct": 0.0 }, "geometry": { "type": "Point", "coordinates": [ -0.2278931088057, 51.471854413008764 ] } },
{ "type": "Feature", "properties": { "visible_points": 46, "total_points": 89, "visibility_pct": 51.68539325842697 }, "geometry": { "type": "Point", "coordinates": [ -0.227693706490609, 51.471851400636154 ] } },
{ "type": "Feature", "properties": { "visible_points": 51, "total_points": 96, "visibility_pct": 53.125 }, "geometry": { "type": "Point", "coordinates": [ -0.227494304210793, 51.471848387924446 ] } },
{ "type": "Feature", "properties": { "visible_points": 59, "total_points": 101, "visibility_pct": 58.415841584158414 }, "geometry": { "type": "Point", "coordinates": [ -0.227294901966264, 51.471845374873638 ] } },
{ "type": "Feature", "properties": { "visible_points": 67, "total_points": 106, "visibility_pct": 63.20754716981132 }, "geometry": { "type": "Point", "coordinates": [ -0.227095499757022, 51.471842361483745 ] } },
{ "type": "Feature", "properties": { "visible_points": 74, "total_points": 111, "visibility_pct": 66.666666666666657 }, "geometry": { "type": "Point", "coordinates": [ -0.226896097583071, 51.471839347754774 ] } },
{ "type": "Feature", "properties": { "visible_points": 78, "total_points": 114, "visibility_pct": 68.421052631578945 }, "geometry": { "type": "Point", "coordinates": [ -0.226696695444414, 51.471836333686674 ] } },
{ "type": "Feature", "properties": { "visible_points": 85, "total_points": 117, "visibility_pct": 72.649572649572647 }, "geometry": { "type": "Point", "coordinates": [ -0.22649729334106, 51.471833319279504 ] } },
{ "type": "Feature", "properties": { "visible_points": 89, "total_points": 119, "visibility_pct": 74.789915966386559 }, "geometry": { "type": "Point", "coordinates": [ -0.226297891273011, 51.471830304533242 ] } },
{ "type": "Feature", "properties": { "visible_points": 93, "total_points": 120, "visibility_pct": 77.5 }, "geometry": { "type": "Point", "coordinates": [ -0.226098489240261, 51.471827289447873 ] } },
{ "type": "Feature", "properties": { "visible_points": 97, "total_points": 120, "visibility_pct": 80.833333333333329 }, "geometry": { "type": "Point", "coordinates": [ -0.225899087242829, 51.471824274023383 ] } },
{ "type": "Feature", "properties": { "visible_points": 101, "total_points": 120, "visibility_pct": 84.166666666666671 }, "geometry": { "type": "Point", "coordinates": [ -0.225699685280715, 51.471821258259837 ] } },
{ "type": "Feature", "properties": { "visible_points": 100, "total_points": 120, "visibility_pct": 83.333333333333343 }, "geometry": { "type": "Point", "coordinates": [ -0.225500283353909, 51.471818242157191 ] } },
{ "type": "Feature", "properties": { "visible_points": 102, "total_points": 120, "visibility_pct": 85.0 }, "geometry": { "type": "Point", "coordinates": [ -0.225300881462442, 51.471815225715432 ] } },
{ "type": "Feature", "properties": { "visible_points": 96, "total_points": 120, "visibility_pct": 80.0 }, "geometry": { "type": "Point", "coordinates": [ -0.225101479606292, 51.471812208934608 ] } },
{ "type": "Feature", "properties": { "visible_points": 94, "total_points": 120, "visibility_pct": 78.333333333333329 }, "geometry": { "type": "Point", "coordinates": [ -0.224902077785474, 51.471809191814664 ] } },
{ "type": "Feature", "properties": { "visible_points": 84, "total_points": 120, "visibility_pct": 70.0 }, "geometry": { "type": "Point", "coordinates": [ -0.224702676, 51.471806174355628 ] } },
{ "type": "Feature", "properties": { "visible_points": 69, "total_points": 120, "visibility_pct": 57.5 }, "geometry": { "type": "Point", "coordinates": [ -0.224503274249856, 51.471803156557506 ] } },
{ "type": "Feature", "properties": { "visible_points": 57, "total_points": 116, "visibility_pct": 49.137931034482754 }, "geometry": { "type": "Point", "coordinates": [ -0.224303872535057, 51.471800138420285 ] } },
{ "type": "Feature", "properties": { "visible_points": 51, "total_points": 108, "visibility_pct": 47.222222222222221 }, "geometry": { "type": "Point", "coordinates": [ -0.224104470855608, 51.471797119943993 ] } },
{ "type": "Feature", "properties": { "visible_points": 43, "total_points": 97, "visibility_pct": 44.329896907216494 }, "geometry": { "type": "Point", "coordinates": [ -0.223905069211509, 51.471794101128587 ] } },
{ "type": "Feature", "properties": { "visible_points": 1, "total_points": 84, "visibility_pct": 1.1904761904761905 }, "geometry": { "type": "Point", "coordinates": [ -0.223705667602765, 51.471791081974075 ] } },
{ "type": "Feature", "properties": { "visible_points": 0, "total_points": 83, "visibility_pct": 0.0 }, "geometry": { "type": "Point", "coordinates": [ -0.228188035472399, 51.471966780159917 ] } },
{ "type": "Feature", "properties": { "visible_points": 43, "total_points": 89, "visibility_pct": 48.314606741573037 }, "geometry": { "type": "Point", "coordinates": [ -0.227988632623433, 51.471963768286805 ] } },
{ "type": "Feature", "properties": { "visible_points": 54, "total_points": 95, "visibility_pct": 56.84210526315789 }, "geometry": { "type": "Point", "coordinates": [ -0.22778922980974, 51.471960756074594 ] } },
{ "type": "Feature", "properties": { "visible_points": 51, "total_points": 101, "visibility_pct": 50.495049504950494 }, "geometry": { "type": "Point", "coordinates": [ -0.227589827031326, 51.471957743523262 ] } },
{ "type": "Feature", "properties": { "visible_points": 60, "total_points": 107, "visibility_pct": 56.074766355140184 }, "geometry": { "type": "Point", "coordinates": [ -0.227390424288192, 51.471954730632852 ] } },
{ "type": "Feature", "properties": { "visible_points": 70, "total_points": 112, "visibility_pct": 62.5 }, "geometry": { "type": "Point", "coordinates": [ -0.227191021580344, 51.471951717403343 ] } },
{ "type": "Feature", "properties": { "visible_points": 80, "total_points": 116, "visibility_pct": 68.965517241379317 }, "geometry": { "type": "Point", "coordinates": [ -0.226991618907785, 51.471948703834748 ] } },
{ "type": "Feature", "properties": { "visible_points": 84, "total_points": 118, "visibility_pct": 71.186440677966104 }, "geometry": { "type": "Point", "coordinates": [ -0.226792216270525, 51.471945689927047 ] } },
{ "type": "Feature", "properties": { "visible_points": 88, "total_points": 120, "visibility_pct": 73.333333333333329 }, "geometry": { "type": "Point", "coordinates": [ -0.226592813668554, 51.471942675680246 ] } },
{ "type": "Feature", "properties": { "visible_points": 95, "total_points": 120, "visibility_pct": 79.166666666666657 }, "geometry": { "type": "Point", "coordinates": [ -0.226393411101892, 51.471939661094346 ] } },
{ "type": "Feature", "properties": { "visible_points": 98, "total_points": 120, "visibility_pct": 81.666666666666671 }, "geometry": { "type": "Point", "coordinates": [ -0.226194008570533, 51.471936646169347 ] } },
{ "type": "Feature", "properties": { "visible_points": 100, "total_points": 120, "visibility_pct": 83.333333333333343 }, "geometry": { "type": "Point", "coordinates": [ -0.225994606074484, 51.471933630905255 ] } },
{ "type": "Feature", "properties": { "visible_points": 105, "total_points": 120, "visibility_pct": 87.5 }, "geometry": { "type": "Point", "coordinates": [ -0.225795203613751, 51.471930615302092 ] } },
{ "type": "Feature", "properties": { "visible_points": 104, "total_points": 120, "visibility_pct": 86.666666666666671 }, "geometry": { "type": "Point", "coordinates": [ -0.225595801188334, 51.471927599359809 ] } },
{ "type": "Feature", "properties": { "visible_points": 105, "total_points": 120, "visibility_pct": 87.5 }, "geometry": { "type": "Point", "coordinates": [ -0.225396398798237, 51.471924583078447 ] } },
{ "type": "Feature", "properties": { "visible_points": 107, "total_points": 120, "visibility_pct": 89.166666666666671 }, "geometry": { "type": "Point", "coordinates": [ -0.225196996443466, 51.471921566457979 ] } },
{ "type": "Feature", "properties": { "visible_points": 100, "total_points": 120, "visibility_pct": 83.333333333333343 }, "geometry": { "type": "Point", "coordinates": [ -0.224997594124028, 51.471918549498405 ] } },
{ "type": "Feature", "properties": { "visible_points": 91, "total_points": 120, "visibility_pct": 75.833333333333329 }, "geometry": { "type": "Point", "coordinates": [ -0.224798191839922, 51.471915532199759 ] } },
{ "type": "Feature", "properties": { "visible_points": 80, "total_points": 120, "visibility_pct": 66.666666666666657 }, "geometry": { "type": "Point", "coordinates": [ -0.224598789591153, 51.471912514562 ] } },
{ "type": "Feature", "properties": { "visible_points": 68, "total_points": 119, "visibility_pct": 57.142857142857139 }, "geometry": { "type": "Point", "coordinates": [ -0.22439938737773, 51.471909496585141 ] } },
{ "type": "Feature", "properties": { "visible_points": 57, "total_points": 114, "visibility_pct": 50.0 }, "geometry": { "type": "Point", "coordinates": [ -0.224199985199642, 51.471906478269197 ] } },
{ "type": "Feature", "properties": { "visible_points": 46, "total_points": 102, "visibility_pct": 45.098039215686278 }, "geometry": { "type": "Point", "coordinates": [ -0.224000583056915, 51.471903459614168 ] } },
{ "type": "Feature", "properties": { "visible_points": 9, "total_points": 89, "visibility_pct": 10.112359550561797 }, "geometry": { "type": "Point", "coordinates": [ -0.223801180949537, 51.471900440620026 ] } },
{ "type": "Feature", "properties": { "visible_points": 0, "total_points": 85, "visibility_pct": 0.0 }, "geometry": { "type": "Point", "coordinates": [ -0.228482963634881, 51.472079146573471 ] } },
{ "type": "Feature", "properties": { "visible_points": 22, "total_points": 90, "visibility_pct": 24.444444444444443 }, "geometry": { "type": "Point", "coordinates": [ -0.228283560252048, 51.472076135199821 ] } },
{ "type": "Feature", "properties": { "visible_points": 48, "total_points": 95, "visibility_pct": 50.526315789473685 }, "geometry": { "type": "Point", "coordinates": [ -0.228084156904483, 51.472073123487107 ] } },
{ "type": "Feature", "properties": { "visible_points": 55, "total_points": 100, "visibility_pct": 55.000000000000007 }, "geometry": { "type": "Point", "coordinates": [ -0.227884753592184, 51.472070111435286 ] } },
{ "type": "Feature", "properties": { "visible_points": 63, "total_points": 106, "visibility_pct": 59.433962264150942 }, "geometry": { "type": "Point", "coordinates": [ -0.227685350315165, 51.472067099044345 ] } },
{ "type": "Feature", "properties": { "visible_points": 65, "total_points": 112, "visibility_pct": 58.035714285714292 }, "geometry": { "type": "Point", "coordinates": [ -0.227485947073427, 51.472064086314319 ] } },
{ "type": "Feature", "properties": { "visible_points": 76, "total_points": 116, "visibility_pct": 65.517241379310349 }, "geometry": { "type": "Point", "coordinates": [ -0.22728654386697, 51.472061073245207 ] } },
{ "type": "Feature", "properties": { "visible_points": 83, "total_points": 119, "visibility_pct": 69.747899159663859 }, "geometry": { "type": "Point", "coordinates": [ -0.227087140695805, 51.472058059836982 ] } },
{ "type": "Feature", "properties": { "visible_points": 88, "total_points": 120, "visibility_pct": 73.333333333333329 }, "geometry": { "type": "Point", "coordinates": [ -0.226887737559928, 51.472055046089665 ] } },
{ "type": "Feature", "properties": { "visible_points": 94, "total_points": 120, "visibility_pct": 78.333333333333329 }, "geometry": { "type": "Point", "coordinates": [ -0.226688334459351, 51.472052032003241 ] } },
{ "type": "Feature", "properties": { "visible_points": 98, "total_points": 120, "visibility_pct": 81.666666666666671 }, "geometry": { "type": "Point", "coordinates": [ -0.226488931394069, 51.472049017577731 ] } },
{ "type": "Feature", "properties": { "visible_points": 102, "total_points": 120, "visibility_pct": 85.0 }, "geometry": { "type": "Point", "coordinates": [ -0.226289528364099, 51.472046002813123 ] } },
{ "type": "Feature", "properties": { "visible_points": 105, "total_points": 120, "visibility_pct": 87.5 }, "geometry": { "type": "Point", "coordinates": [ -0.226090125369429, 51.472042987709415 ] } },
{ "type": "Feature", "properties": { "visible_points": 106, "total_points": 120, "visibility_pct": 88.333333333333329 }, "geometry": { "type": "Point", "coordinates": [ -0.225890722410076, 51.472039972266614 ] } },
{ "type": "Feature", "properties": { "visible_points": 107, "total_points": 120, "visibility_pct": 89.166666666666671 }, "geometry": { "type": "Point", "coordinates": [ -0.225691319486038, 51.472036956484722 ] } },
{ "type": "Feature", "properties": { "visible_points": 106, "total_points": 120, "visibility_pct": 88.333333333333329 }, "geometry": { "type": "Point", "coordinates": [ -0.225491916597321, 51.472033940363715 ] } },
{ "type": "Feature", "properties": { "visible_points": 110, "total_points": 120, "visibility_pct": 91.666666666666657 }, "geometry": { "type": "Point", "coordinates": [ -0.225292513743922, 51.47203092390361 ] } },
{ "type": "Feature", "properties": { "visible_points": 107, "total_points": 120, "visibility_pct": 89.166666666666671 }, "geometry": { "type": "Point", "coordinates": [ -0.22509311092586, 51.472027907104433 ] } },
{ "type": "Feature", "properties": { "visible_points": 98, "total_points": 120, "visibility_pct": 81.666666666666671 }, "geometry": { "type": "Point", "coordinates": [ -0.224893708143126, 51.472024889966136 ] } },
{ "type": "Feature", "properties": { "visible_points": 84, "total_points": 120, "visibility_pct": 70.0 }, "geometry": { "type": "Point", "coordinates": [ -0.224694305395727, 51.472021872488774 ] } },
{ "type": "Feature", "properties": { "visible_points": 73, "total_points": 120, "visibility_pct": 60.833333333333329 }, "geometry": { "type": "Point", "coordinates": [ -0.22449490268367, 51.472018854672271 ] } },
{ "type": "Feature", "properties": { "visible_points": 62, "total_points": 118, "visibility_pct": 52.542372881355938 }, "geometry": { "type": "Point", "coordinates": [ -0.224295500006956, 51.472015836516697 ] } },
{ "type": "Feature", "properties": { "visible_points": 51, "total_points": 106, "visibility_pct": 48.113207547169814 }, "geometry": { "type": "Point", "coordinates": [ -0.224096097365589, 51.472012818022016 ] } },
{ "type": "Feature", "properties": { "visible_points": 22, "total_points": 94, "visibility_pct": 23.404255319148938 }, "geometry": { "type": "Point", "coordinates": [ -0.223896694759573, 51.472009799188264 ] } },
{ "type": "Feature", "properties": { "visible_points": 2, "total_points": 81, "visibility_pct": 2.4691358024691357 }, "geometry": { "type": "Point", "coordinates": [ -0.223697292188919, 51.472006780015377 ] } },
{ "type": "Feature", "properties": { "visible_points": 1, "total_points": 68, "visibility_pct": 1.4705882352941175 }, "geometry": { "type": "Point", "coordinates": [ -0.223497889653619, 51.472003760503426 ] } },
{ "type": "Feature", "properties": { "visible_points": 11, "total_points": 70, "visibility_pct": 15.714285714285714 }, "geometry": { "type": "Point", "coordinates": [ -0.229376105254784, 51.472200542837157 ] } },
{ "type": "Feature", "properties": { "visible_points": 4, "total_points": 87, "visibility_pct": 4.5977011494252871 }, "geometry": { "type": "Point", "coordinates": [ -0.228777893293149, 51.472191512249367 ] } },
{ "type": "Feature", "properties": { "visible_points": 0, "total_points": 92, "visibility_pct": 0.0 }, "geometry": { "type": "Point", "coordinates": [ -0.228578489376451, 51.472188501375214 ] } },
{ "type": "Feature", "properties": { "visible_points": 28, "total_points": 96, "visibility_pct": 29.166666666666668 }, "geometry": { "type": "Point", "coordinates": [ -0.228379085495014, 51.472185490161998 ] } },
{ "type": "Feature", "properties": { "visible_points": 49, "total_points": 101, "visibility_pct": 48.514851485148512 }, "geometry": { "type": "Point", "coordinates": [ -0.228179681648841, 51.472182478609653 ] } },
{ "type": "Feature", "properties": { "visible_points": 56, "total_points": 106, "visibility_pct": 52.830188679245282 }, "geometry": { "type": "Point", "coordinates": [ -0.227980277837945, 51.472179466718224 ] } },
{ "type": "Feature", "properties": { "visible_points": 63, "total_points": 111, "visibility_pct": 56.756756756756758 }, "geometry": { "type": "Point", "coordinates": [ -0.227780874062318, 51.472176454487681 ] } },
{ "type": "Feature", "properties": { "visible_points": 71, "total_points": 116, "visibility_pct": 61.206896551724135 }, "geometry": { "type": "Point", "coordinates": [ -0.227581470321969, 51.472173441918038 ] } },
{ "type": "Feature", "properties": { "visible_points": 81, "total_points": 119, "visibility_pct": 68.067226890756302 }, "geometry": { "type": "Point", "coordinates": [ -0.227382066616904, 51.47217042900931 ] } },
{ "type": "Feature", "properties": { "visible_points": 89, "total_points": 120, "visibility_pct": 74.166666666666671 }, "geometry": { "type": "Point", "coordinates": [ -0.227182662947127, 51.472167415761483 ] } },
{ "type": "Feature", "properties": { "visible_points": 96, "total_points": 120, "visibility_pct": 80.0 }, "geometry": { "type": "Point", "coordinates": [ -0.226983259312638, 51.472164402174549 ] } },
{ "type": "Feature", "properties": { "visible_points": 99, "total_points": 120, "visibility_pct": 82.5 }, "geometry": { "type": "Point", "coordinates": [ -0.226783855713445, 51.472161388248516 ] } },
{ "type": "Feature", "properties": { "visible_points": 104, "total_points": 120, "visibility_pct": 86.666666666666671 }, "geometry": { "type": "Point", "coordinates": [ -0.22658445214955, 51.47215837398339 ] } },
{ "type": "Feature", "properties": { "visible_points": 102, "total_points": 120, "visibility_pct": 85.0 }, "geometry": { "type": "Point", "coordinates": [ -0.226385048620954, 51.472155359379158 ] } },
{ "type": "Feature", "properties": { "visible_points": 107, "total_points": 120, "visibility_pct": 89.166666666666671 }, "geometry": { "type": "Point", "coordinates": [ -0.226185645127672, 51.472152344435827 ] } },
{ "type": "Feature", "properties": { "visible_points": 106, "total_points": 120, "visibility_pct": 88.333333333333329 }, "geometry": { "type": "Point", "coordinates": [ -0.225986241669691, 51.472149329153417 ] } },
{ "type": "Feature", "properties": { "visible_points": 105, "total_points": 120, "visibility_pct": 87.5 }, "geometry": { "type": "Point", "coordinates": [ -0.225786838247035, 51.47214631353188 ] } },
{ "type": "Feature", "properties": { "visible_points": 110, "total_points": 120, "visibility_pct": 91.666666666666657 }, "geometry": { "type": "Point", "coordinates": [ -0.225587434859689, 51.472143297571257 ] } },
{ "type": "Feature", "properties": { "visible_points": 111, "total_points": 120, "visibility_pct": 92.5 }, "geometry": { "type": "Point", "coordinates": [ -0.225388031507666, 51.47214028127155 ] } },
{ "type": "Feature", "properties": { "visible_points": 105, "total_points": 120, "visibility_pct": 87.5 }, "geometry": { "type": "Point", "coordinates": [ -0.225188628190971, 51.472137264632721 ] } },
{ "type": "Feature", "properties": { "visible_points": 97, "total_points": 120, "visibility_pct": 80.833333333333329 }, "geometry": { "type": "Point", "coordinates": [ -0.224989224909608, 51.472134247654814 ] } },
{ "type": "Feature", "properties": { "visible_points": 86, "total_points": 120, "visibility_pct": 71.666666666666671 }, "geometry": { "type": "Point", "coordinates": [ -0.224789821663582, 51.472131230337801 ] } },
{ "type": "Feature", "properties": { "visible_points": 78, "total_points": 120, "visibility_pct": 65.0 }, "geometry": { "type": "Point", "coordinates": [ -0.224590418452887, 51.472128212681682 ] } },
{ "type": "Feature", "properties": { "visible_points": 67, "total_points": 118, "visibility_pct": 56.779661016949156 }, "geometry": { "type": "Point", "coordinates": [ -0.224391015277537, 51.47212519468647 ] } },
{ "type": "Feature", "properties": { "visible_points": 56, "total_points": 110, "visibility_pct": 50.909090909090907 }, "geometry": { "type": "Point", "coordinates": [ -0.224191612137532, 51.472122176352158 ] } },
{ "type": "Feature", "properties": { "visible_points": 49, "total_points": 98, "visibility_pct": 50.0 }, "geometry": { "type": "Point", "coordinates": [ -0.223992209032884, 51.472119157678762 ] } },
{ "type": "Feature", "properties": { "visible_points": 0, "total_points": 85, "visibility_pct": 0.0 }, "geometry": { "type": "Point", "coordinates": [ -0.223792805963582, 51.472116138666273 ] } },
{ "type": "Feature", "properties": { "visible_points": 4, "total_points": 72, "visibility_pct": 5.5555555555555554 }, "geometry": { "type": "Point", "coordinates": [ -0.223593402929644, 51.472113119314656 ] } },
{ "type": "Feature", "properties": { "visible_points": 5, "total_points": 59, "visibility_pct": 8.4745762711864394 }, "geometry": { "type": "Point", "coordinates": [ -0.223393999931066, 51.472110099623968 ] } },
{ "type": "Feature", "properties": { "visible_points": 0, "total_points": 71, "visibility_pct": 0.0 }, "geometry": { "type": "Point", "coordinates": [ -0.229671038010378, 51.472312906276912 ] } },
{ "type": "Feature", "properties": { "visible_points": 17, "total_points": 77, "visibility_pct": 22.077922077922079 }, "geometry": { "type": "Point", "coordinates": [ -0.229471633454073, 51.472309896919576 ] } },
{ "type": "Feature", "properties": { "visible_points": 17, "total_points": 83, "visibility_pct": 20.481927710843372 }, "geometry": { "type": "Point", "coordinates": [ -0.229272228933017, 51.472306887223155 ] } },
{ "type": "Feature", "properties": { "visible_points": 13, "total_points": 89, "visibility_pct": 14.606741573033707 }, "geometry": { "type": "Point", "coordinates": [ -0.229072824447204, 51.47230387718762 ] } },
{ "type": "Feature", "properties": { "visible_points": 7, "total_points": 94, "visibility_pct": 7.4468085106382977 }, "geometry": { "type": "Point", "coordinates": [ -0.228873419996643, 51.472300866812965 ] } },
{ "type": "Feature", "properties": { "visible_points": 4, "total_points": 99, "visibility_pct": 4.0404040404040407 }, "geometry": { "type": "Point", "coordinates": [ -0.228674015581345, 51.472297856099225 ] } },
{ "type": "Feature", "properties": { "visible_points": 19, "total_points": 102, "visibility_pct": 18.627450980392158 }, "geometry": { "type": "Point", "coordinates": [ -0.228474611201304, 51.472294845046399 ] } },
{ "type": "Feature", "properties": { "visible_points": 53, "total_points": 106, "visibility_pct": 50.0 }, "geometry": { "type": "Point", "coordinates": [ -0.228275206856528, 51.472291833654459 ] } },
{ "type": "Feature", "properties": { "visible_points": 62, "total_points": 110, "visibility_pct": 56.36363636363636 }, "geometry": { "type": "Point", "coordinates": [ -0.228075802547019, 51.472288821923421 ] } },
{ "type": "Feature", "properties": { "visible_points": 71, "total_points": 114, "visibility_pct": 62.280701754385973 }, "geometry": { "type": "Point", "coordinates": [ -0.227876398272787, 51.472285809853275 ] } },
{ "type": "Feature", "properties": { "visible_points": 72, "total_points": 118, "visibility_pct": 61.016949152542374 }, "geometry": { "type": "Point", "coordinates": [ -0.227676994033828, 51.472282797444031 ] } },
{ "type": "Feature", "properties": { "visible_points": 80, "total_points": 120, "visibility_pct": 66.666666666666657 }, "geometry": { "type": "Point", "coordinates": [ -0.227477589830152, 51.472279784695679 ] } },
{ "type": "Feature", "properties": { "visible_points": 91, "total_points": 120, "visibility_pct": 75.833333333333329 }, "geometry": { "type": "Point", "coordinates": [ -0.227278185661758, 51.47227677160825 ] } },
{ "type": "Feature", "properties": { "visible_points": 95, "total_points": 120, "visibility_pct": 79.166666666666657 }, "geometry": { "type": "Point", "coordinates": [ -0.227078781528656, 51.472273758181693 ] } },
{ "type": "Feature", "properties": { "visible_points": 101, "total_points": 120, "visibility_pct": 84.166666666666671 }, "geometry": { "type": "Point", "coordinates": [ -0.226879377430846, 51.472270744416051 ] } },
{ "type": "Feature", "properties": { "visible_points": 102, "total_points": 120, "visibility_pct": 85.0 }, "geometry": { "type": "Point", "coordinates": [ -0.226679973368329, 51.472267730311287 ] } },
{ "type": "Feature", "properties": { "visible_points": 105, "total_points": 120, "visibility_pct": 87.5 }, "geometry": { "type": "Point", "coordinates": [ -0.226480569341117, 51.472264715867453 ] } },
{ "type": "Feature", "properties": { "visible_points": 106, "total_points": 120, "visibility_pct": 88.333333333333329 }, "geometry": { "type": "Point", "coordinates": [ -0.22628116534921, 51.472261701084506 ] } },
{ "type": "Feature", "properties": { "visible_points": 102, "total_points": 120, "visibility_pct": 85.0 }, "geometry": { "type": "Point", "coordinates": [ -0.226081761392605, 51.472258685962458 ] } },
{ "type": "Feature", "properties": { "visible_points": 100, "total_points": 120, "visibility_pct": 83.333333333333343 }, "geometry": { "type": "Point", "coordinates": [ -0.225882357471321, 51.472255670501326 ] } },
{ "type": "Feature", "properties": { "visible_points": 108, "total_points": 120, "visibility_pct": 90.0 }, "geometry": { "type": "Point", "coordinates": [ -0.225682953585351, 51.47225265470108 ] } },
{ "type": "Feature", "properties": { "visible_points": 109, "total_points": 120, "visibility_pct": 90.833333333333329 }, "geometry": { "type": "Point", "coordinates": [ -0.225483549734699, 51.472249638561728 ] } },
{ "type": "Feature", "properties": { "visible_points": 109, "total_points": 120, "visibility_pct": 90.833333333333329 }, "geometry": { "type": "Point", "coordinates": [ -0.225284145919375, 51.47224662208329 ] } },
{ "type": "Feature", "properties": { "visible_points": 100, "total_points": 120, "visibility_pct": 83.333333333333343 }, "geometry": { "type": "Point", "coordinates": [ -0.225084742139377, 51.472243605265746 ] } },
{ "type": "Feature", "properties": { "visible_points": 88, "total_points": 120, "visibility_pct": 73.333333333333329 }, "geometry": { "type": "Point", "coordinates": [ -0.224885338394712, 51.472240588109116 ] } },
{ "type": "Feature", "properties": { "visible_points": 78, "total_points": 120, "visibility_pct": 65.0 }, "geometry": { "type": "Point", "coordinates": [ -0.224685934685386, 51.472237570613373 ] } },
{ "type": "Feature", "properties": { "visible_points": 65, "total_points": 117, "visibility_pct": 55.555555555555557 }, "geometry": { "type": "Point", "coordinates": [ -0.224486531011397, 51.472234552778524 ] } },
{ "type": "Feature", "properties": { "visible_points": 59, "total_points": 111, "visibility_pct": 53.153153153153156 }, "geometry": { "type": "Point", "coordinates": [ -0.224287127372757, 51.472231534604589 ] } },
{ "type": "Feature", "properties": { "visible_points": 42, "total_points": 101, "visibility_pct": 41.584158415841586 }, "geometry": { "type": "Point", "coordinates": [ -0.224087723769462, 51.472228516091548 ] } },
{ "type": "Feature", "properties": { "visible_points": 2, "total_points": 89, "visibility_pct": 2.2471910112359552 }, "geometry": { "type": "Point", "coordinates": [ -0.223888320201522, 51.472225497239414 ] } },
{ "type": "Feature", "properties": { "visible_points": 4, "total_points": 76, "visibility_pct": 5.2631578947368416 }, "geometry": { "type": "Point", "coordinates": [ -0.223688916668937, 51.472222478048174 ] } },
{ "type": "Feature", "properties": { "visible_points": 17, "total_points": 79, "visibility_pct": 21.518987341772153 }, "geometry": { "type": "Point", "coordinates": [ -0.229766567171603, 51.472422260121157 ] } },
{ "type": "Feature", "properties": { "visible_points": 20, "total_points": 84, "visibility_pct": 23.809523809523807 }, "geometry": { "type": "Point", "coordinates": [ -0.229567162116702, 51.472419250924233 ] } },
{ "type": "Feature", "properties": { "visible_points": 12, "total_points": 90, "visibility_pct": 13.333333333333334 }, "geometry": { "type": "Point", "coordinates": [ -0.229367757097045, 51.472416241388203 ] } },
{ "type": "Feature", "properties": { "visible_points": 17, "total_points": 96, "visibility_pct": 17.708333333333336 }, "geometry": { "type": "Point", "coordinates": [ -0.229168352112631, 51.472413231513066 ] } },
{ "type": "Feature", "properties": { "visible_points": 24, "total_points": 101, "visibility_pct": 23.762376237623762 }, "geometry": { "type": "Point", "coordinates": [ -0.228968947163474, 51.472410221298816 ] } },
{ "type": "Feature", "properties": { "visible_points": 13, "total_points": 105, "visibility_pct": 12.380952380952381 }, "geometry": { "type": "Point", "coordinates": [ -0.228769542249562, 51.472407210745487 ] } },
{ "type": "Feature", "properties": { "visible_points": 43, "total_points": 108, "visibility_pct": 39.814814814814817 }, "geometry": { "type": "Point", "coordinates": [ -0.228570137370921, 51.472404199853045 ] } },
{ "type": "Feature", "properties": { "visible_points": 54, "total_points": 111, "visibility_pct": 48.648648648648653 }, "geometry": { "type": "Point", "coordinates": [ -0.228370732527535, 51.472401188621497 ] } },
{ "type": "Feature", "properties": { "visible_points": 60, "total_points": 114, "visibility_pct": 52.631578947368418 }, "geometry": { "type": "Point", "coordinates": [ -0.228171327719422, 51.472398177050842 ] } },
{ "type": "Feature", "properties": { "visible_points": 69, "total_points": 117, "visibility_pct": 58.974358974358978 }, "geometry": { "type": "Point", "coordinates": [ -0.227971922946572, 51.472395165141108 ] } },
{ "type": "Feature", "properties": { "visible_points": 80, "total_points": 120, "visibility_pct": 66.666666666666657 }, "geometry": { "type": "Point", "coordinates": [ -0.227772518209007, 51.472392152892262 ] } },
{ "type": "Feature", "properties": { "visible_points": 89, "total_points": 120, "visibility_pct": 74.166666666666671 }, "geometry": { "type": "Point", "coordinates": [ -0.227573113506712, 51.472389140304301 ] } },
{ "type": "Feature", "properties": { "visible_points": 88, "total_points": 120, "visibility_pct": 73.333333333333329 }, "geometry": { "type": "Point", "coordinates": [ -0.227373708839704, 51.472386127377248 ] } },
{ "type": "Feature", "properties": { "visible_points": 98, "total_points": 120, "visibility_pct": 81.666666666666671 }, "geometry": { "type": "Point", "coordinates": [ -0.227174304207982, 51.472383114111096 ] } },
{ "type": "Feature", "properties": { "visible_points": 105, "total_points": 120, "visibility_pct": 87.5 }, "geometry": { "type": "Point", "coordinates": [ -0.226974899611554, 51.472380100505831 ] } },
{ "type": "Feature", "properties": { "visible_points": 105, "total_points": 120, "visibility_pct": 87.5 }, "geometry": { "type": "Point", "coordinates": [ -0.226775495050417, 51.47237708656148 ] } },
{ "type": "Feature", "properties": { "visible_points": 103, "total_points": 120, "visibility_pct": 85.833333333333329 }, "geometry": { "type": "Point", "coordinates": [ -0.22657609052458, 51.472374072278015 ] } },
{ "type": "Feature", "properties": { "visible_points": 110, "total_points": 120, "visibility_pct": 91.666666666666657 }, "geometry": { "type": "Point", "coordinates": [ -0.226376686034047, 51.472371057655451 ] } },
{ "type": "Feature", "properties": { "visible_points": 110, "total_points": 120, "visibility_pct": 91.666666666666657 }, "geometry": { "type": "Point", "coordinates": [ -0.226177281578822, 51.472368042693773 ] } },
{ "type": "Feature", "properties": { "visible_points": 102, "total_points": 120, "visibility_pct": 85.0 }, "geometry": { "type": "Point", "coordinates": [ -0.225977877158905, 51.472365027393025 ] } },
{ "type": "Feature", "properties": { "visible_points": 102, "total_points": 120, "visibility_pct": 85.0 }, "geometry": { "type": "Point", "coordinates": [ -0.225778472774306, 51.472362011753148 ] } },
{ "type": "Feature", "properties": { "visible_points": 109, "total_points": 120, "visibility_pct": 90.833333333333329 }, "geometry": { "type": "Point", "coordinates": [ -0.225579068425024, 51.472358995774201 ] } },
{ "type": "Feature", "properties": { "visible_points": 109, "total_points": 120, "visibility_pct": 90.833333333333329 }, "geometry": { "type": "Point", "coordinates": [ -0.225379664111065, 51.472355979456125 ] } },
{ "type": "Feature", "properties": { "visible_points": 104, "total_points": 120, "visibility_pct": 86.666666666666671 }, "geometry": { "type": "Point", "coordinates": [ -0.225180259832434, 51.472352962798951 ] } },
{ "type": "Feature", "properties": { "visible_points": 91, "total_points": 120, "visibility_pct": 75.833333333333329 }, "geometry": { "type": "Point", "coordinates": [ -0.224980855589136, 51.472349945802698 ] } },
{ "type": "Feature", "properties": { "visible_points": 80, "total_points": 120, "visibility_pct": 66.666666666666657 }, "geometry": { "type": "Point", "coordinates": [ -0.224781451381164, 51.472346928467324 ] } },
{ "type": "Feature", "properties": { "visible_points": 68, "total_points": 115, "visibility_pct": 59.130434782608695 }, "geometry": { "type": "Point", "coordinates": [ -0.224582047208544, 51.472343910792858 ] } },
{ "type": "Feature", "properties": { "visible_points": 58, "total_points": 109, "visibility_pct": 53.211009174311933 }, "geometry": { "type": "Point", "coordinates": [ -0.224382643071255, 51.472340892779293 ] } },
{ "type": "Feature", "properties": { "visible_points": 41, "total_points": 101, "visibility_pct": 40.594059405940598 }, "geometry": { "type": "Point", "coordinates": [ -0.224183238969321, 51.472337874426614 ] } },
{ "type": "Feature", "properties": { "visible_points": 10, "total_points": 90, "visibility_pct": 11.111111111111111 }, "geometry": { "type": "Point", "coordinates": [ -0.223983834902732, 51.472334855734836 ] } },
{ "type": "Feature", "properties": { "visible_points": 1, "total_points": 78, "visibility_pct": 1.2820512820512819 }, "geometry": { "type": "Point", "coordinates": [ -0.223784430871502, 51.472331836703965 ] } },
{ "type": "Feature", "properties": { "visible_points": 8, "total_points": 86, "visibility_pct": 9.3023255813953494 }, "geometry": { "type": "Point", "coordinates": [ -0.229862096796175, 51.472531613887639 ] } },
{ "type": "Feature", "properties": { "visible_points": 28, "total_points": 92, "visibility_pct": 30.434782608695656 }, "geometry": { "type": "Point", "coordinates": [ -0.229662691242675, 51.472528604851114 ] } },
{ "type": "Feature", "properties": { "visible_points": 19, "total_points": 97, "visibility_pct": 19.587628865979383 }, "geometry": { "type": "Point", "coordinates": [ -0.22946328572441, 51.472525595475489 ] } },
{ "type": "Feature", "properties": { "visible_points": 4, "total_points": 102, "visibility_pct": 3.9215686274509802 }, "geometry": { "type": "Point", "coordinates": [ -0.2292638802414, 51.472522585760757 ] } },
{ "type": "Feature", "properties": { "visible_points": 36, "total_points": 107, "visibility_pct": 33.644859813084111 }, "geometry": { "type": "Point", "coordinates": [ -0.229064474793633, 51.472519575706926 ] } },
{ "type": "Feature", "properties": { "visible_points": 51, "total_points": 111, "visibility_pct": 45.945945945945951 }, "geometry": { "type": "Point", "coordinates": [ -0.228865069381123, 51.472516565313988 ] } },
{ "type": "Feature", "properties": { "visible_points": 56, "total_points": 113, "visibility_pct": 49.557522123893804 }, "geometry": { "type": "Point", "coordinates": [ -0.228665664003865, 51.472513554581951 ] } },
{ "type": "Feature", "properties": { "visible_points": 62, "total_points": 115, "visibility_pct": 53.913043478260867 }, "geometry": { "type": "Point", "coordinates": [ -0.228466258661874, 51.472510543510793 ] } },
{ "type": "Feature", "properties": { "visible_points": 62, "total_points": 117, "visibility_pct": 52.991452991452995 }, "geometry": { "type": "Point", "coordinates": [ -0.228266853355147, 51.472507532100565 ] } },
{ "type": "Feature", "properties": { "visible_points": 75, "total_points": 119, "visibility_pct": 63.02521008403361 }, "geometry": { "type": "Point", "coordinates": [ -0.228067448083686, 51.472504520351208 ] } },
{ "type": "Feature", "properties": { "visible_points": 85, "total_points": 120, "visibility_pct": 70.833333333333343 }, "geometry": { "type": "Point", "coordinates": [ -0.227868042847503, 51.472501508262738 ] } },
{ "type": "Feature", "properties": { "visible_points": 94, "total_points": 120, "visibility_pct": 78.333333333333329 }, "geometry": { "type": "Point", "coordinates": [ -0.227668637646593, 51.472498495835175 ] } },
{ "type": "Feature", "properties": { "visible_points": 94, "total_points": 120, "visibility_pct": 78.333333333333329 }, "geometry": { "type": "Point", "coordinates": [ -0.227469232480971, 51.472495483068506 ] } },
{ "type": "Feature", "properties": { "visible_points": 97, "total_points": 120, "visibility_pct": 80.833333333333329 }, "geometry": { "type": "Point", "coordinates": [ -0.227269827350625, 51.472492469962752 ] } },
{ "type": "Feature", "properties": { "visible_points": 99, "total_points": 120, "visibility_pct": 82.5 }, "geometry": { "type": "Point", "coordinates": [ -0.227070422255574, 51.472489456517877 ] } },
{ "type": "Feature", "properties": { "visible_points": 101, "total_points": 120, "visibility_pct": 84.166666666666671 }, "geometry": { "type": "Point", "coordinates": [ -0.226871017195818, 51.47248644273391 ] } },
{ "type": "Feature", "properties": { "visible_points": 102, "total_points": 120, "visibility_pct": 85.0 }, "geometry": { "type": "Point", "coordinates": [ -0.226671612171353, 51.472483428610829 ] } },
{ "type": "Feature", "properties": { "visible_points": 103, "total_points": 120, "visibility_pct": 85.833333333333329 }, "geometry": { "type": "Point", "coordinates": [ -0.226472207182193, 51.472480414148656 ] } },
{ "type": "Feature", "properties": { "visible_points": 105, "total_points": 120, "visibility_pct": 87.5 }, "geometry": { "type": "Point", "coordinates": [ -0.226272802228339, 51.472477399347369 ] } },
{ "type": "Feature", "properties": { "visible_points": 108, "total_points": 120, "visibility_pct": 90.0 }, "geometry": { "type": "Point", "coordinates": [ -0.226073397309794, 51.472474384206997 ] } },
{ "type": "Feature", "properties": { "visible_points": 105, "total_points": 120, "visibility_pct": 87.5 }, "geometry": { "type": "Point", "coordinates": [ -0.225873992426562, 51.472471368727511 ] } },
{ "type": "Feature", "properties": { "visible_points": 104, "total_points": 120, "visibility_pct": 86.666666666666671 }, "geometry": { "type": "Point", "coordinates": [ -0.225674587578646, 51.472468352908926 ] } },
{ "type": "Feature", "properties": { "visible_points": 104, "total_points": 120, "visibility_pct": 86.666666666666671 }, "geometry": { "type": "Point", "coordinates": [ -0.225475182766052, 51.47246533675122 ] } },
{ "type": "Feature", "properties": { "visible_points": 101, "total_points": 120, "visibility_pct": 84.166666666666671 }, "geometry": { "type": "Point", "coordinates": [ -0.225275777988787, 51.472462320254436 ] } },
{ "type": "Feature", "properties": { "visible_points": 92, "total_points": 120, "visibility_pct": 76.666666666666671 }, "geometry": { "type": "Point", "coordinates": [ -0.225076373246841, 51.472459303418532 ] } },
{ "type": "Feature", "properties": { "visible_points": 81, "total_points": 119, "visibility_pct": 68.067226890756302 }, "geometry": { "type": "Point", "coordinates": [ -0.224876968540239, 51.472456286243528 ] } },
{ "type": "Feature", "properties": { "visible_points": 70, "total_points": 113, "visibility_pct": 61.946902654867252 }, "geometry": { "type": "Point", "coordinates": [ -0.22467756386897, 51.472453268729446 ] } },
{ "type": "Feature", "properties": { "visible_points": 57, "total_points": 107, "visibility_pct": 53.271028037383175 }, "geometry": { "type": "Point", "coordinates": [ -0.224478159233039, 51.47245025087625 ] } },
{ "type": "Feature", "properties": { "visible_points": 14, "total_points": 99, "visibility_pct": 14.14141414141414 }, "geometry": { "type": "Point", "coordinates": [ -0.224278754632459, 51.472447232683948 ] } },
{ "type": "Feature", "properties": { "visible_points": 22, "total_points": 90, "visibility_pct": 24.444444444444443 }, "geometry": { "type": "Point", "coordinates": [ -0.224079350067226, 51.472444214152553 ] } },
{ "type": "Feature", "properties": { "visible_points": 0, "total_points": 79, "visibility_pct": 0.0 }, "geometry": { "type": "Point", "coordinates": [ -0.223879945537344, 51.472441195282038 ] } },
{ "type": "Feature", "properties": { "visible_points": 0, "total_points": 87, "visibility_pct": 0.0 }, "geometry": { "type": "Point", "coordinates": [ -0.230157032971431, 51.472643976113375 ] } },
{ "type": "Feature", "properties": { "visible_points": 0, "total_points": 93, "visibility_pct": 0.0 }, "geometry": { "type": "Point", "coordinates": [ -0.229957626884093, 51.472640967576353 ] } },
{ "type": "Feature", "properties": { "visible_points": 28, "total_points": 99, "visibility_pct": 28.28282828282828 }, "geometry": { "type": "Point", "coordinates": [ -0.229758220831991, 51.472637958700261 ] } },
{ "type": "Feature", "properties": { "visible_points": 42, "total_points": 104, "visibility_pct": 40.384615384615387 }, "geometry": { "type": "Point", "coordinates": [ -0.229558814815125, 51.472634949485041 ] } },
{ "type": "Feature", "properties": { "visible_points": 22, "total_points": 109, "visibility_pct": 20.183486238532112 }, "geometry": { "type": "Point", "coordinates": [ -0.229359408833507, 51.472631939930714 ] } },
{ "type": "Feature", "properties": { "visible_points": 46, "total_points": 113, "visibility_pct": 40.707964601769916 }, "geometry": { "type": "Point", "coordinates": [ -0.229160002887133, 51.472628930037274 ] } },
{ "type": "Feature", "properties": { "visible_points": 53, "total_points": 116, "visibility_pct": 45.689655172413794 }, "geometry": { "type": "Point", "coordinates": [ -0.228960596976012, 51.472625919804734 ] } },
{ "type": "Feature", "properties": { "visible_points": 61, "total_points": 117, "visibility_pct": 52.136752136752143 }, "geometry": { "type": "Point", "coordinates": [ -0.22876119110015, 51.472622909233095 ] } },
{ "type": "Feature", "properties": { "visible_points": 67, "total_points": 118, "visibility_pct": 56.779661016949156 }, "geometry": { "type": "Point", "coordinates": [ -0.228561785259544, 51.472619898322343 ] } },
{ "type": "Feature", "properties": { "visible_points": 73, "total_points": 119, "visibility_pct": 61.344537815126053 }, "geometry": { "type": "Point", "coordinates": [ -0.228362379454203, 51.472616887072498 ] } },
{ "type": "Feature", "properties": { "visible_points": 74, "total_points": 120, "visibility_pct": 61.666666666666671 }, "geometry": { "type": "Point", "coordinates": [ -0.228162973684127, 51.472613875483546 ] } },
{ "type": "Feature", "properties": { "visible_points": 87, "total_points": 120, "visibility_pct": 72.5 }, "geometry": { "type": "Point", "coordinates": [ -0.227963567949325, 51.472610863555481 ] } },
{ "type": "Feature", "properties": { "visible_points": 90, "total_points": 120, "visibility_pct": 75.0 }, "geometry": { "type": "Point", "coordinates": [ -0.2277641622498, 51.472607851288316 ] } },
{ "type": "Feature", "properties": { "visible_points": 92, "total_points": 120, "visibility_pct": 76.666666666666671 }, "geometry": { "type": "Point", "coordinates": [ -0.227564756585551, 51.472604838682052 ] } },
{ "type": "Feature", "properties": { "visible_points": 95, "total_points": 120, "visibility_pct": 79.166666666666657 }, "geometry": { "type": "Point", "coordinates": [ -0.227365350956586, 51.47260182573666 ] } },
{ "type": "Feature", "properties": { "visible_points": 94, "total_points": 120, "visibility_pct": 78.333333333333329 }, "geometry": { "type": "Point", "coordinates": [ -0.227165945362915, 51.472598812452176 ] } },
{ "type": "Feature", "properties": { "visible_points": 96, "total_points": 120, "visibility_pct": 80.0 }, "geometry": { "type": "Point", "coordinates": [ -0.226966539804528, 51.472595798828593 ] } },
{ "type": "Feature", "properties": { "visible_points": 93, "total_points": 120, "visibility_pct": 77.5 }, "geometry": { "type": "Point", "coordinates": [ -0.226767134281438, 51.472592784865903 ] } },
{ "type": "Feature", "properties": { "visible_points": 97, "total_points": 120, "visibility_pct": 80.833333333333329 }, "geometry": { "type": "Point", "coordinates": [ -0.226567728793651, 51.47258977056412 ] } },
{ "type": "Feature", "properties": { "visible_points": 102, "total_points": 120, "visibility_pct": 85.0 }, "geometry": { "type": "Point", "coordinates": [ -0.226368323341163, 51.472586755923217 ] } },
{ "type": "Feature", "properties": { "visible_points": 104, "total_points": 120, "visibility_pct": 86.666666666666671 }, "geometry": { "type": "Point", "coordinates": [ -0.226168917923987, 51.472583740943229 ] } },
{ "type": "Feature", "properties": { "visible_points": 103, "total_points": 120, "visibility_pct": 85.833333333333329 }, "geometry": { "type": "Point", "coordinates": [ -0.225969512542118, 51.472580725624127 ] } },
{ "type": "Feature", "properties": { "visible_points": 100, "total_points": 120, "visibility_pct": 83.333333333333343 }, "geometry": { "type": "Point", "coordinates": [ -0.225770107195569, 51.472577709965904 ] } },
{ "type": "Feature", "properties": { "visible_points": 98, "total_points": 120, "visibility_pct": 81.666666666666671 }, "geometry": { "type": "Point", "coordinates": [ -0.225570701884336, 51.472574693968596 ] } },
{ "type": "Feature", "properties": { "visible_points": 93, "total_points": 120, "visibility_pct": 77.5 }, "geometry": { "type": "Point", "coordinates": [ -0.22537129660843, 51.472571677632175 ] } },
{ "type": "Feature", "properties": { "visible_points": 90, "total_points": 120, "visibility_pct": 75.0 }, "geometry": { "type": "Point", "coordinates": [ -0.225171891367849, 51.472568660956668 ] } },
{ "type": "Feature", "properties": { "visible_points": 76, "total_points": 118, "visibility_pct": 64.406779661016941 }, "geometry": { "type": "Point", "coordinates": [ -0.224972486162599, 51.472565643942048 ] } },
{ "type": "Feature", "properties": { "visible_points": 67, "total_points": 112, "visibility_pct": 59.821428571428569 }, "geometry": { "type": "Point", "coordinates": [ -0.224773080992686, 51.472562626588328 ] } },
{ "type": "Feature", "properties": { "visible_points": 54, "total_points": 105, "visibility_pct": 51.428571428571423 }, "geometry": { "type": "Point", "coordinates": [ -0.224573675858113, 51.472559608895502 ] } },
{ "type": "Feature", "properties": { "visible_points": 48, "total_points": 97, "visibility_pct": 49.484536082474229 }, "geometry": { "type": "Point", "coordinates": [ -0.224374270758882, 51.472556590863569 ] } },
{ "type": "Feature", "properties": { "visible_points": 38, "total_points": 88, "visibility_pct": 43.18181818181818 }, "geometry": { "type": "Point", "coordinates": [ -0.224174865694999, 51.472553572492536 ] } },
{ "type": "Feature", "properties": { "visible_points": 1, "total_points": 86, "visibility_pct": 1.1627906976744187 }, "geometry": { "type": "Point", "coordinates": [ -0.230451970642476, 51.47275633760141 ] } },
{ "type": "Feature", "properties": { "visible_points": 0, "total_points": 92, "visibility_pct": 0.0 }, "geometry": { "type": "Point", "coordinates": [ -0.230252564021309, 51.472753329563929 ] } },
{ "type": "Feature", "properties": { "visible_points": 19, "total_points": 98, "visibility_pct": 19.387755102040817 }, "geometry": { "type": "Point", "coordinates": [ -0.23005315743536, 51.472750321187334 ] } },
{ "type": "Feature", "properties": { "visible_points": 36, "total_points": 104, "visibility_pct": 34.615384615384613 }, "geometry": { "type": "Point", "coordinates": [ -0.229853750884656, 51.472747312471618 ] } },
{ "type": "Feature", "properties": { "visible_points": 42, "total_points": 110, "visibility_pct": 38.181818181818187 }, "geometry": { "type": "Point", "coordinates": [ -0.229654344369189, 51.47274430341681 ] } },
{ "type": "Feature", "properties": { "visible_points": 46, "total_points": 115, "visibility_pct": 40.0 }, "geometry": { "type": "Point", "coordinates": [ -0.229454937888957, 51.472741294022882 ] } },
{ "type": "Feature", "properties": { "visible_points": 54, "total_points": 119, "visibility_pct": 45.378151260504204 }, "geometry": { "type": "Point", "coordinates": [ -0.229255531443979, 51.472738284289875 ] } },
{ "type": "Feature", "properties": { "visible_points": 56, "total_points": 120, "visibility_pct": 46.666666666666664 }, "geometry": { "type": "Point", "coordinates": [ -0.229056125034248, 51.472735274217726 ] } },
{ "type": "Feature", "properties": { "visible_points": 59, "total_points": 120, "visibility_pct": 49.166666666666664 }, "geometry": { "type": "Point", "coordinates": [ -0.228856718659771, 51.472732263806499 ] } },
{ "type": "Feature", "properties": { "visible_points": 64, "total_points": 120, "visibility_pct": 53.333333333333336 }, "geometry": { "type": "Point", "coordinates": [ -0.228657312320552, 51.472729253056144 ] } },
{ "type": "Feature", "properties": { "visible_points": 76, "total_points": 120, "visibility_pct": 63.333333333333329 }, "geometry": { "type": "Point", "coordinates": [ -0.228457906016589, 51.47272624196669 ] } },
{ "type": "Feature", "properties": { "visible_points": 83, "total_points": 120, "visibility_pct": 69.166666666666671 }, "geometry": { "type": "Point", "coordinates": [ -0.228258499747904, 51.472723230538129 ] } },
{ "type": "Feature", "properties": { "visible_points": 87, "total_points": 120, "visibility_pct": 72.5 }, "geometry": { "type": "Point", "coordinates": [ -0.228059093514482, 51.472720218770469 ] } },
{ "type": "Feature", "properties": { "visible_points": 90, "total_points": 120, "visibility_pct": 75.0 }, "geometry": { "type": "Point", "coordinates": [ -0.227859687316331, 51.472717206663695 ] } },
{ "type": "Feature", "properties": { "visible_points": 91, "total_points": 120, "visibility_pct": 75.833333333333329 }, "geometry": { "type": "Point", "coordinates": [ -0.227660281153463, 51.472714194217815 ] } },
{ "type": "Feature", "properties": { "visible_points": 88, "total_points": 120, "visibility_pct": 73.333333333333329 }, "geometry": { "type": "Point", "coordinates": [ -0.227460875025876, 51.472711181432842 ] } },
{ "type": "Feature", "properties": { "visible_points": 92, "total_points": 120, "visibility_pct": 76.666666666666671 }, "geometry": { "type": "Point", "coordinates": [ -0.227261468933569, 51.472708168308742 ] } },
{ "type": "Feature", "properties": { "visible_points": 90, "total_points": 120, "visibility_pct": 75.0 }, "geometry": { "type": "Point", "coordinates": [ -0.22706206287656, 51.472705154845549 ] } },
{ "type": "Feature", "properties": { "visible_points": 92, "total_points": 120, "visibility_pct": 76.666666666666671 }, "geometry": { "type": "Point", "coordinates": [ -0.226862656854841, 51.47270214104325 ] } },
{ "type": "Feature", "properties": { "visible_points": 91, "total_points": 120, "visibility_pct": 75.833333333333329 }, "geometry": { "type": "Point", "coordinates": [ -0.226663250868419, 51.472699126901844 ] } },
{ "type": "Feature", "properties": { "visible_points": 95, "total_points": 120, "visibility_pct": 79.166666666666657 }, "geometry": { "type": "Point", "coordinates": [ -0.226463844917302, 51.472696112421325 ] } },
{ "type": "Feature", "properties": { "visible_points": 97, "total_points": 120, "visibility_pct": 80.833333333333329 }, "geometry": { "type": "Point", "coordinates": [ -0.226264439001491, 51.472693097601706 ] } },
{ "type": "Feature", "properties": { "visible_points": 97, "total_points": 120, "visibility_pct": 80.833333333333329 }, "geometry": { "type": "Point", "coordinates": [ -0.226065033120987, 51.472690082442995 ] } },
{ "type": "Feature", "properties": { "visible_points": 97, "total_points": 120, "visibility_pct": 80.833333333333329 }, "geometry": { "type": "Point", "coordinates": [ -0.225865627275796, 51.47268706694517 ] } },
{ "type": "Feature", "properties": { "visible_points": 90, "total_points": 120, "visibility_pct": 75.0 }, "geometry": { "type": "Point", "coordinates": [ -0.225666221465926, 51.472684051108232 ] } },
{ "type": "Feature", "properties": { "visible_points": 85, "total_points": 120, "visibility_pct": 70.833333333333343 }, "geometry": { "type": "Point", "coordinates": [ -0.225466815691375, 51.472681034932194 ] } },
{ "type": "Feature", "properties": { "visible_points": 80, "total_points": 120, "visibility_pct": 66.666666666666657 }, "geometry": { "type": "Point", "coordinates": [ -0.225267409952152, 51.472678018417049 ] } },
{ "type": "Feature", "properties": { "visible_points": 73, "total_points": 117, "visibility_pct": 62.393162393162392 }, "geometry": { "type": "Point", "coordinates": [ -0.225068004248258, 51.472675001562827 ] } },
{ "type": "Feature", "properties": { "visible_points": 63, "total_points": 111, "visibility_pct": 56.756756756756758 }, "geometry": { "type": "Point", "coordinates": [ -0.224868598579696, 51.472671984369462 ] } },
{ "type": "Feature", "properties": { "visible_points": 54, "total_points": 103, "visibility_pct": 52.427184466019419 }, "geometry": { "type": "Point", "coordinates": [ -0.22466919294648, 51.472668966837013 ] } },
{ "type": "Feature", "properties": { "visible_points": 44, "total_points": 95, "visibility_pct": 46.315789473684212 }, "geometry": { "type": "Point", "coordinates": [ -0.224469787348592, 51.472665948965457 ] } },
{ "type": "Feature", "properties": { "visible_points": 0, "total_points": 86, "visibility_pct": 0.0 }, "geometry": { "type": "Point", "coordinates": [ -0.224270381786063, 51.472662930754794 ] } },
{ "type": "Feature", "properties": { "visible_points": 2, "total_points": 85, "visibility_pct": 2.3529411764705883 }, "geometry": { "type": "Point", "coordinates": [ -0.230746909809307, 51.472868698351775 ] } },
{ "type": "Feature", "properties": { "visible_points": 6, "total_points": 92, "visibility_pct": 6.5217391304347823 }, "geometry": { "type": "Point", "coordinates": [ -0.230547502654311, 51.472865690813798 ] } },
{ "type": "Feature", "properties": { "visible_points": 29, "total_points": 97, "visibility_pct": 29.896907216494846 }, "geometry": { "type": "Point", "coordinates": [ -0.230348095534536, 51.472862682936736 ] } },
{ "type": "Feature", "properties": { "visible_points": 32, "total_points": 103, "visibility_pct": 31.067961165048541 }, "geometry": { "type": "Point", "coordinates": [ -0.23014868844999, 51.472859674720539 ] } },
{ "type": "Feature", "properties": { "visible_points": 44, "total_points": 108, "visibility_pct": 40.74074074074074 }, "geometry": { "type": "Point", "coordinates": [ -0.229949281400678, 51.472856666165235 ] } },
{ "type": "Feature", "properties": { "visible_points": 53, "total_points": 113, "visibility_pct": 46.902654867256636 }, "geometry": { "type": "Point", "coordinates": [ -0.2297498743866, 51.472853657270832 ] } },
{ "type": "Feature", "properties": { "visible_points": 52, "total_points": 117, "visibility_pct": 44.444444444444443 }, "geometry": { "type": "Point", "coordinates": [ -0.229550467407761, 51.472850648037323 ] } },
{ "type": "Feature", "properties": { "visible_points": 57, "total_points": 120, "visibility_pct": 47.5 }, "geometry": { "type": "Point", "coordinates": [ -0.229351060464171, 51.4728476384647 ] } },
{ "type": "Feature", "properties": { "visible_points": 61, "total_points": 120, "visibility_pct": 50.833333333333329 }, "geometry": { "type": "Point", "coordinates": [ -0.229151653555824, 51.472844628552956 ] } },
{ "type": "Feature", "properties": { "visible_points": 59, "total_points": 120, "visibility_pct": 49.166666666666664 }, "geometry": { "type": "Point", "coordinates": [ -0.228952246682735, 51.472841618302134 ] } },
{ "type": "Feature", "properties": { "visible_points": 66, "total_points": 120, "visibility_pct": 55.000000000000007 }, "geometry": { "type": "Point", "coordinates": [ -0.228752839844896, 51.472838607712198 ] } },
{ "type": "Feature", "properties": { "visible_points": 74, "total_points": 120, "visibility_pct": 61.666666666666671 }, "geometry": { "type": "Point", "coordinates": [ -0.228553433042321, 51.472835596783149 ] } },
{ "type": "Feature", "properties": { "visible_points": 82, "total_points": 120, "visibility_pct": 68.333333333333329 }, "geometry": { "type": "Point", "coordinates": [ -0.228354026275012, 51.472832585514972 ] } },
{ "type": "Feature", "properties": { "visible_points": 81, "total_points": 120, "visibility_pct": 67.5 }, "geometry": { "type": "Point", "coordinates": [ -0.228154619542968, 51.472829573907717 ] } },
{ "type": "Feature", "properties": { "visible_points": 86, "total_points": 120, "visibility_pct": 71.666666666666671 }, "geometry": { "type": "Point", "coordinates": [ -0.227955212846193, 51.472826561961327 ] } },
{ "type": "Feature", "properties": { "visible_points": 86, "total_points": 120, "visibility_pct": 71.666666666666671 }, "geometry": { "type": "Point", "coordinates": [ -0.227755806184701, 51.472823549675859 ] } },
{ "type": "Feature", "properties": { "visible_points": 88, "total_points": 120, "visibility_pct": 73.333333333333329 }, "geometry": { "type": "Point", "coordinates": [ -0.227556399558485, 51.472820537051263 ] } },
{ "type": "Feature", "properties": { "visible_points": 85, "total_points": 120, "visibility_pct": 70.833333333333343 }, "geometry": { "type": "Point", "coordinates": [ -0.227356992967556, 51.472817524087553 ] } },
{ "type": "Feature", "properties": { "visible_points": 89, "total_points": 120, "visibility_pct": 74.166666666666671 }, "geometry": { "type": "Point", "coordinates": [ -0.227157586411911, 51.472814510784751 ] } },
{ "type": "Feature", "properties": { "visible_points": 95, "total_points": 120, "visibility_pct": 79.166666666666657 }, "geometry": { "type": "Point", "coordinates": [ -0.226958179891562, 51.472811497142835 ] } },
{ "type": "Feature", "properties": { "visible_points": 99, "total_points": 120, "visibility_pct": 82.5 }, "geometry": { "type": "Point", "coordinates": [ -0.226758773406509, 51.472808483161828 ] } },
{ "type": "Feature", "properties": { "visible_points": 95, "total_points": 120, "visibility_pct": 79.166666666666657 }, "geometry": { "type": "Point", "coordinates": [ -0.226559366956753, 51.472805468841706 ] } },
{ "type": "Feature", "properties": { "visible_points": 96, "total_points": 120, "visibility_pct": 80.0 }, "geometry": { "type": "Point", "coordinates": [ -0.226359960542305, 51.472802454182471 ] } },
{ "type": "Feature", "properties": { "visible_points": 99, "total_points": 120, "visibility_pct": 82.5 }, "geometry": { "type": "Point", "coordinates": [ -0.226160554163162, 51.472799439184143 ] } },
{ "type": "Feature", "properties": { "visible_points": 95, "total_points": 120, "visibility_pct": 79.166666666666657 }, "geometry": { "type": "Point", "coordinates": [ -0.225961147819333, 51.472796423846688 ] } },
{ "type": "Feature", "properties": { "visible_points": 91, "total_points": 120, "visibility_pct": 75.833333333333329 }, "geometry": { "type": "Point", "coordinates": [ -0.22576174151082, 51.472793408170148 ] } },
{ "type": "Feature", "properties": { "visible_points": 82, "total_points": 120, "visibility_pct": 68.333333333333329 }, "geometry": { "type": "Point", "coordinates": [ -0.225562335237626, 51.472790392154494 ] } },
{ "type": "Feature", "properties": { "visible_points": 78, "total_points": 120, "visibility_pct": 65.0 }, "geometry": { "type": "Point", "coordinates": [ -0.225362928999758, 51.472787375799712 ] } },
{ "type": "Feature", "properties": { "visible_points": 68, "total_points": 115, "visibility_pct": 59.130434782608695 }, "geometry": { "type": "Point", "coordinates": [ -0.225163522797215, 51.472784359105859 ] } },
{ "type": "Feature", "properties": { "visible_points": 59, "total_points": 109, "visibility_pct": 54.128440366972477 }, "geometry": { "type": "Point", "coordinates": [ -0.224964116630007, 51.472781342072878 ] } },
{ "type": "Feature", "properties": { "visible_points": 50, "total_points": 101, "visibility_pct": 49.504950495049506 }, "geometry": { "type": "Point", "coordinates": [ -0.224764710498133, 51.472778324700812 ] } },
{ "type": "Feature", "properties": { "visible_points": 37, "total_points": 92, "visibility_pct": 40.217391304347828 }, "geometry": { "type": "Point", "coordinates": [ -0.224565304401601, 51.472775306989604 ] } },
{ "type": "Feature", "properties": { "visible_points": 20, "total_points": 83, "visibility_pct": 24.096385542168676 }, "geometry": { "type": "Point", "coordinates": [ -0.224365898340412, 51.472772288939332 ] } },
{ "type": "Feature", "properties": { "visible_points": 1, "total_points": 71, "visibility_pct": 1.4084507042253522 }, "geometry": { "type": "Point", "coordinates": [ -0.231241258195966, 51.472984065063748 ] } },
{ "type": "Feature", "properties": { "visible_points": 0, "total_points": 81, "visibility_pct": 0.0 }, "geometry": { "type": "Point", "coordinates": [ -0.231041850471932, 51.472981058364411 ] } },
{ "type": "Feature", "properties": { "visible_points": 13, "total_points": 90, "visibility_pct": 14.444444444444443 }, "geometry": { "type": "Point", "coordinates": [ -0.230842442783111, 51.472978051325974 ] } },
{ "type": "Feature", "properties": { "visible_points": 13, "total_points": 97, "visibility_pct": 13.402061855670103 }, "geometry": { "type": "Point", "coordinates": [ -0.230643035129509, 51.472975043948416 ] } },
{ "type": "Feature", "properties": { "visible_points": 31, "total_points": 103, "visibility_pct": 30.097087378640776 }, "geometry": { "type": "Point", "coordinates": [ -0.230443627511133, 51.472972036231745 ] } },
{ "type": "Feature", "properties": { "visible_points": 38, "total_points": 108, "visibility_pct": 35.185185185185183 }, "geometry": { "type": "Point", "coordinates": [ -0.230244219927978, 51.472969028175974 ] } },
{ "type": "Feature", "properties": { "visible_points": 41, "total_points": 112, "visibility_pct": 36.607142857142854 }, "geometry": { "type": "Point", "coordinates": [ -0.230044812380054, 51.472966019781097 ] } },
{ "type": "Feature", "properties": { "visible_points": 44, "total_points": 116, "visibility_pct": 37.931034482758619 }, "geometry": { "type": "Point", "coordinates": [ -0.229845404867367, 51.472963011047078 ] } },
{ "type": "Feature", "properties": { "visible_points": 49, "total_points": 119, "visibility_pct": 41.17647058823529 }, "geometry": { "type": "Point", "coordinates": [ -0.229645997389921, 51.472960001973981 ] } },
{ "type": "Feature", "properties": { "visible_points": 58, "total_points": 120, "visibility_pct": 48.333333333333336 }, "geometry": { "type": "Point", "coordinates": [ -0.229446589947712, 51.472956992561784 ] } },
{ "type": "Feature", "properties": { "visible_points": 64, "total_points": 120, "visibility_pct": 53.333333333333336 }, "geometry": { "type": "Point", "coordinates": [ -0.229247182540752, 51.472953982810445 ] } },
{ "type": "Feature", "properties": { "visible_points": 65, "total_points": 120, "visibility_pct": 54.166666666666664 }, "geometry": { "type": "Point", "coordinates": [ -0.229047775169046, 51.472950972720014 ] } },
{ "type": "Feature", "properties": { "visible_points": 70, "total_points": 120, "visibility_pct": 58.333333333333336 }, "geometry": { "type": "Point", "coordinates": [ -0.22884836783259, 51.472947962290469 ] } },
{ "type": "Feature", "properties": { "visible_points": 78, "total_points": 120, "visibility_pct": 65.0 }, "geometry": { "type": "Point", "coordinates": [ -0.228648960531391, 51.472944951521832 ] } },
{ "type": "Feature", "properties": { "visible_points": 84, "total_points": 120, "visibility_pct": 70.0 }, "geometry": { "type": "Point", "coordinates": [ -0.228449553265461, 51.472941940414067 ] } },
{ "type": "Feature", "properties": { "visible_points": 87, "total_points": 120, "visibility_pct": 72.5 }, "geometry": { "type": "Point", "coordinates": [ -0.228250146034791, 51.472938928967181 ] } },
{ "type": "Feature", "properties": { "visible_points": 89, "total_points": 120, "visibility_pct": 74.166666666666671 }, "geometry": { "type": "Point", "coordinates": [ -0.228050738839396, 51.472935917181218 ] } },
{ "type": "Feature", "properties": { "visible_points": 91, "total_points": 120, "visibility_pct": 75.833333333333329 }, "geometry": { "type": "Point", "coordinates": [ -0.227851331679273, 51.472932905056133 ] } },
{ "type": "Feature", "properties": { "visible_points": 88, "total_points": 120, "visibility_pct": 73.333333333333329 }, "geometry": { "type": "Point", "coordinates": [ -0.227651924554429, 51.472929892591928 ] } },
{ "type": "Feature", "properties": { "visible_points": 91, "total_points": 120, "visibility_pct": 75.833333333333329 }, "geometry": { "type": "Point", "coordinates": [ -0.227452517464868, 51.472926879788638 ] } },
{ "type": "Feature", "properties": { "visible_points": 89, "total_points": 120, "visibility_pct": 74.166666666666671 }, "geometry": { "type": "Point", "coordinates": [ -0.227253110410592, 51.472923866646219 ] } },
{ "type": "Feature", "properties": { "visible_points": 100, "total_points": 120, "visibility_pct": 83.333333333333343 }, "geometry": { "type": "Point", "coordinates": [ -0.227053703391609, 51.472920853164702 ] } },
{ "type": "Feature", "properties": { "visible_points": 96, "total_points": 120, "visibility_pct": 80.0 }, "geometry": { "type": "Point", "coordinates": [ -0.226854296407917, 51.472917839344063 ] } },
{ "type": "Feature", "properties": { "visible_points": 100, "total_points": 120, "visibility_pct": 83.333333333333343 }, "geometry": { "type": "Point", "coordinates": [ -0.226654889459528, 51.472914825184333 ] } },
{ "type": "Feature", "properties": { "visible_points": 96, "total_points": 120, "visibility_pct": 80.0 }, "geometry": { "type": "Point", "coordinates": [ -0.226455482546437, 51.472911810685495 ] } },
{ "type": "Feature", "properties": { "visible_points": 92, "total_points": 120, "visibility_pct": 76.666666666666671 }, "geometry": { "type": "Point", "coordinates": [ -0.226256075668655, 51.472908795847538 ] } },
{ "type": "Feature", "properties": { "visible_points": 93, "total_points": 120, "visibility_pct": 77.5 }, "geometry": { "type": "Point", "coordinates": [ -0.226056668826183, 51.47290578067048 ] } },
{ "type": "Feature", "properties": { "visible_points": 86, "total_points": 120, "visibility_pct": 71.666666666666671 }, "geometry": { "type": "Point", "coordinates": [ -0.225857262019027, 51.472902765154309 ] } },
{ "type": "Feature", "properties": { "visible_points": 79, "total_points": 120, "visibility_pct": 65.833333333333329 }, "geometry": { "type": "Point", "coordinates": [ -0.225657855247186, 51.472899749299046 ] } },
{ "type": "Feature", "properties": { "visible_points": 74, "total_points": 119, "visibility_pct": 62.184873949579831 }, "geometry": { "type": "Point", "coordinates": [ -0.225458448510666, 51.472896733104662 ] } },
{ "type": "Feature", "properties": { "visible_points": 67, "total_points": 113, "visibility_pct": 59.292035398230091 }, "geometry": { "type": "Point", "coordinates": [ -0.22525904180948, 51.472893716571171 ] } },
{ "type": "Feature", "properties": { "visible_points": 60, "total_points": 107, "visibility_pct": 56.074766355140184 }, "geometry": { "type": "Point", "coordinates": [ -0.225059635143618, 51.472890699698574 ] } },
{ "type": "Feature", "properties": { "visible_points": 48, "total_points": 99, "visibility_pct": 48.484848484848484 }, "geometry": { "type": "Point", "coordinates": [ -0.22486022851309, 51.472887682486864 ] } },
{ "type": "Feature", "properties": { "visible_points": 13, "total_points": 90, "visibility_pct": 14.444444444444443 }, "geometry": { "type": "Point", "coordinates": [ -0.224660821917905, 51.472884664936053 ] } },
{ "type": "Feature", "properties": { "visible_points": 34, "total_points": 80, "visibility_pct": 42.5 }, "geometry": { "type": "Point", "coordinates": [ -0.224461415358062, 51.472881647046137 ] } },
{ "type": "Feature", "properties": { "visible_points": 0, "total_points": 73, "visibility_pct": 0.0 }, "geometry": { "type": "Point", "coordinates": [ -0.231336792630349, 51.473093417639348 ] } },
{ "type": "Feature", "properties": { "visible_points": 0, "total_points": 84, "visibility_pct": 0.0 }, "geometry": { "type": "Point", "coordinates": [ -0.231137384407709, 51.473090411100422 ] } },
{ "type": "Feature", "properties": { "visible_points": 18, "total_points": 94, "visibility_pct": 19.148936170212767 }, "geometry": { "type": "Point", "coordinates": [ -0.230937976220284, 51.473087404222397 ] } },
{ "type": "Feature", "properties": { "visible_points": 0, "total_points": 102, "visibility_pct": 0.0 }, "geometry": { "type": "Point", "coordinates": [ -0.230738568068079, 51.473084397005259 ] } },
{ "type": "Feature", "properties": { "visible_points": 31, "total_points": 108, "visibility_pct": 28.703703703703702 }, "geometry": { "type": "Point", "coordinates": [ -0.23053915995109, 51.473081389449014 ] } },
{ "type": "Feature", "properties": { "visible_points": 42, "total_points": 112, "visibility_pct": 37.5 }, "geometry": { "type": "Point", "coordinates": [ -0.23033975186933, 51.473078381553648 ] } },
{ "type": "Feature", "properties": { "visible_points": 47, "total_points": 115, "visibility_pct": 40.869565217391305 }, "geometry": { "type": "Point", "coordinates": [ -0.230140343822797, 51.473075373319176 ] } },
{ "type": "Feature", "properties": { "visible_points": 21, "total_points": 118, "visibility_pct": 17.796610169491526 }, "geometry": { "type": "Point", "coordinates": [ -0.229940935811495, 51.473072364745605 ] } },
{ "type": "Feature", "properties": { "visible_points": 45, "total_points": 120, "visibility_pct": 37.5 }, "geometry": { "type": "Point", "coordinates": [ -0.229741527835433, 51.473069355832898 ] } },
{ "type": "Feature", "properties": { "visible_points": 64, "total_points": 120, "visibility_pct": 53.333333333333336 }, "geometry": { "type": "Point", "coordinates": [ -0.229542119894612, 51.473066346581099 ] } },
{ "type": "Feature", "properties": { "visible_points": 68, "total_points": 120, "visibility_pct": 56.666666666666664 }, "geometry": { "type": "Point", "coordinates": [ -0.229342711989032, 51.47306333699018 ] } },
{ "type": "Feature", "properties": { "visible_points": 69, "total_points": 120, "visibility_pct": 57.5 }, "geometry": { "type": "Point", "coordinates": [ -0.229143304118705, 51.473060327060161 ] } },
{ "type": "Feature", "properties": { "visible_points": 73, "total_points": 120, "visibility_pct": 60.833333333333329 }, "geometry": { "type": "Point", "coordinates": [ -0.228943896283629, 51.473057316791014 ] } },
{ "type": "Feature", "properties": { "visible_points": 77, "total_points": 120, "visibility_pct": 64.166666666666671 }, "geometry": { "type": "Point", "coordinates": [ -0.228744488483809, 51.473054306182753 ] } },
{ "type": "Feature", "properties": { "visible_points": 82, "total_points": 120, "visibility_pct": 68.333333333333329 }, "geometry": { "type": "Point", "coordinates": [ -0.228545080719253, 51.4730512952354 ] } },
{ "type": "Feature", "properties": { "visible_points": 87, "total_points": 120, "visibility_pct": 72.5 }, "geometry": { "type": "Point", "coordinates": [ -0.228345672989956, 51.473048283948948 ] } },
{ "type": "Feature", "properties": { "visible_points": 94, "total_points": 120, "visibility_pct": 78.333333333333329 }, "geometry": { "type": "Point", "coordinates": [ -0.228146265295936, 51.473045272323347 ] } },
{ "type": "Feature", "properties": { "visible_points": 86, "total_points": 120, "visibility_pct": 71.666666666666671 }, "geometry": { "type": "Point", "coordinates": [ -0.227946857637182, 51.473042260358667 ] } },
{ "type": "Feature", "properties": { "visible_points": 85, "total_points": 120, "visibility_pct": 70.833333333333343 }, "geometry": { "type": "Point", "coordinates": [ -0.227747450013705, 51.473039248054867 ] } },
{ "type": "Feature", "properties": { "visible_points": 95, "total_points": 120, "visibility_pct": 79.166666666666657 }, "geometry": { "type": "Point", "coordinates": [ -0.227548042425511, 51.473036235411953 ] } },
{ "type": "Feature", "properties": { "visible_points": 94, "total_points": 120, "visibility_pct": 78.333333333333329 }, "geometry": { "type": "Point", "coordinates": [ -0.227348634872604, 51.47303322242994 ] } },
{ "type": "Feature", "properties": { "visible_points": 102, "total_points": 120, "visibility_pct": 85.0 }, "geometry": { "type": "Point", "coordinates": [ -0.227149227354981, 51.473030209108828 ] } },
{ "type": "Feature", "properties": { "visible_points": 104, "total_points": 120, "visibility_pct": 86.666666666666671 }, "geometry": { "type": "Point", "coordinates": [ -0.226949819872654, 51.473027195448573 ] } },
{ "type": "Feature", "properties": { "visible_points": 99, "total_points": 120, "visibility_pct": 82.5 }, "geometry": { "type": "Point", "coordinates": [ -0.226750412425621, 51.47302418144924 ] } },
{ "type": "Feature", "properties": { "visible_points": 100, "total_points": 120, "visibility_pct": 83.333333333333343 }, "geometry": { "type": "Point", "coordinates": [ -0.226551005013891, 51.473021167110772 ] } },
{ "type": "Feature", "properties": { "visible_points": 94, "total_points": 120, "visibility_pct": 78.333333333333329 }, "geometry": { "type": "Point", "coordinates": [ -0.226351597637465, 51.473018152433198 ] } },
{ "type": "Feature", "properties": { "visible_points": 93, "total_points": 120, "visibility_pct": 77.5 }, "geometry": { "type": "Point", "coordinates": [ -0.226152190296348, 51.473015137416539 ] } },
{ "type": "Feature", "properties": { "visible_points": 93, "total_points": 120, "visibility_pct": 77.5 }, "geometry": { "type": "Point", "coordinates": [ -0.225952782990543, 51.473012122060751 ] } },
{ "type": "Feature", "properties": { "visible_points": 82, "total_points": 120, "visibility_pct": 68.333333333333329 }, "geometry": { "type": "Point", "coordinates": [ -0.225753375720057, 51.473009106365858 ] } },
{ "type": "Feature", "properties": { "visible_points": 71, "total_points": 118, "visibility_pct": 60.169491525423723 }, "geometry": { "type": "Point", "coordinates": [ -0.225553968484891, 51.47300609033185 ] } },
{ "type": "Feature", "properties": { "visible_points": 58, "total_points": 112, "visibility_pct": 51.785714285714292 }, "geometry": { "type": "Point", "coordinates": [ -0.225354561285046, 51.473003073958751 ] } },
{ "type": "Feature", "properties": { "visible_points": 49, "total_points": 105, "visibility_pct": 46.666666666666664 }, "geometry": { "type": "Point", "coordinates": [ -0.225155154120535, 51.47300005724653 ] } },
{ "type": "Feature", "properties": { "visible_points": 52, "total_points": 97, "visibility_pct": 53.608247422680414 }, "geometry": { "type": "Point", "coordinates": [ -0.22495574699135, 51.472997040195196 ] } },
{ "type": "Feature", "properties": { "visible_points": 20, "total_points": 88, "visibility_pct": 22.727272727272727 }, "geometry": { "type": "Point", "coordinates": [ -0.224756339897509, 51.472994022804762 ] } },
{ "type": "Feature", "properties": { "visible_points": 35, "total_points": 78, "visibility_pct": 44.871794871794876 }, "geometry": { "type": "Point", "coordinates": [ -0.224556932839002, 51.472991005075222 ] } },
{ "type": "Feature", "properties": { "visible_points": 3, "total_points": 74, "visibility_pct": 4.0540540540540544 }, "geometry": { "type": "Point", "coordinates": [ -0.231432327528105, 51.473202770137171 ] } },
{ "type": "Feature", "properties": { "visible_points": 0, "total_points": 85, "visibility_pct": 0.0 }, "geometry": { "type": "Point", "coordinates": [ -0.231232918806865, 51.473199763758672 ] } },
{ "type": "Feature", "properties": { "visible_points": 26, "total_points": 96, "visibility_pct": 27.083333333333332 }, "geometry": { "type": "Point", "coordinates": [ -0.231033510120834, 51.473196757041059 ] } },
{ "type": "Feature", "properties": { "visible_points": 30, "total_points": 106, "visibility_pct": 28.30188679245283 }, "geometry": { "type": "Point", "coordinates": [ -0.23083410147002, 51.473193749984354 ] } },
{ "type": "Feature", "properties": { "visible_points": 42, "total_points": 113, "visibility_pct": 37.168141592920357 }, "geometry": { "type": "Point", "coordinates": [ -0.230634692854424, 51.473190742588514 ] } },
{ "type": "Feature", "properties": { "visible_points": 52, "total_points": 116, "visibility_pct": 44.827586206896555 }, "geometry": { "type": "Point", "coordinates": [ -0.230435284274048, 51.47318773485356 ] } },
{ "type": "Feature", "properties": { "visible_points": 58, "total_points": 118, "visibility_pct": 49.152542372881356 }, "geometry": { "type": "Point", "coordinates": [ -0.230235875728904, 51.4731847267795 ] } },
{ "type": "Feature", "properties": { "visible_points": 48, "total_points": 120, "visibility_pct": 40.0 }, "geometry": { "type": "Point", "coordinates": [ -0.230036467218987, 51.473181718366341 ] } },
{ "type": "Feature", "properties": { "visible_points": 46, "total_points": 120, "visibility_pct": 38.333333333333336 }, "geometry": { "type": "Point", "coordinates": [ -0.229837058744309, 51.473178709614047 ] } },
{ "type": "Feature", "properties": { "visible_points": 61, "total_points": 120, "visibility_pct": 50.833333333333329 }, "geometry": { "type": "Point", "coordinates": [ -0.22963765030487, 51.473175700522653 ] } },
{ "type": "Feature", "properties": { "visible_points": 66, "total_points": 120, "visibility_pct": 55.000000000000007 }, "geometry": { "type": "Point", "coordinates": [ -0.229438241900673, 51.473172691092145 ] } },
{ "type": "Feature", "properties": { "visible_points": 72, "total_points": 120, "visibility_pct": 60.0 }, "geometry": { "type": "Point", "coordinates": [ -0.229238833531717, 51.473169681322517 ] } },
{ "type": "Feature", "properties": { "visible_points": 79, "total_points": 120, "visibility_pct": 65.833333333333329 }, "geometry": { "type": "Point", "coordinates": [ -0.229039425198023, 51.473166671213789 ] } },
{ "type": "Feature", "properties": { "visible_points": 74, "total_points": 120, "visibility_pct": 61.666666666666671 }, "geometry": { "type": "Point", "coordinates": [ -0.228840016899577, 51.473163660765941 ] } },
{ "type": "Feature", "properties": { "visible_points": 79, "total_points": 120, "visibility_pct": 65.833333333333329 }, "geometry": { "type": "Point", "coordinates": [ -0.228640608636393, 51.473160649978986 ] } },
{ "type": "Feature", "properties": { "visible_points": 84, "total_points": 120, "visibility_pct": 70.0 }, "geometry": { "type": "Point", "coordinates": [ -0.228441200408472, 51.473157638852925 ] } },
{ "type": "Feature", "properties": { "visible_points": 90, "total_points": 120, "visibility_pct": 75.0 }, "geometry": { "type": "Point", "coordinates": [ -0.228241792215813, 51.47315462738775 ] } },
{ "type": "Feature", "properties": { "visible_points": 84, "total_points": 120, "visibility_pct": 70.0 }, "geometry": { "type": "Point", "coordinates": [ -0.228042384058436, 51.473151615583454 ] } },
{ "type": "Feature", "properties": { "visible_points": 81, "total_points": 120, "visibility_pct": 67.5 }, "geometry": { "type": "Point", "coordinates": [ -0.227842975936323, 51.473148603440038 ] } },
{ "type": "Feature", "properties": { "visible_points": 91, "total_points": 120, "visibility_pct": 75.833333333333329 }, "geometry": { "type": "Point", "coordinates": [ -0.227643567849494, 51.473145590957529 ] } },
{ "type": "Feature", "properties": { "visible_points": 94, "total_points": 120, "visibility_pct": 78.333333333333329 }, "geometry": { "type": "Point", "coordinates": [ -0.227444159797946, 51.473142578135906 ] } },
{ "type": "Feature", "properties": { "visible_points": 94, "total_points": 120, "visibility_pct": 78.333333333333329 }, "geometry": { "type": "Point", "coordinates": [ -0.227244751781687, 51.47313956497517 ] } },
{ "type": "Feature", "properties": { "visible_points": 102, "total_points": 120, "visibility_pct": 85.0 }, "geometry": { "type": "Point", "coordinates": [ -0.227045343800719, 51.473136551475328 ] } },
{ "type": "Feature", "properties": { "visible_points": 96, "total_points": 120, "visibility_pct": 80.0 }, "geometry": { "type": "Point", "coordinates": [ -0.226845935855048, 51.473133537636372 ] } },
{ "type": "Feature", "properties": { "visible_points": 99, "total_points": 120, "visibility_pct": 82.5 }, "geometry": { "type": "Point", "coordinates": [ -0.226646527944671, 51.473130523458309 ] } },
{ "type": "Feature", "properties": { "visible_points": 92, "total_points": 120, "visibility_pct": 76.666666666666671 }, "geometry": { "type": "Point", "coordinates": [ -0.226447120069602, 51.473127508941133 ] } },
{ "type": "Feature", "properties": { "visible_points": 95, "total_points": 120, "visibility_pct": 79.166666666666657 }, "geometry": { "type": "Point", "coordinates": [ -0.226247712229835, 51.473124494084843 ] } },
{ "type": "Feature", "properties": { "visible_points": 94, "total_points": 120, "visibility_pct": 78.333333333333329 }, "geometry": { "type": "Point", "coordinates": [ -0.226048304425381, 51.473121478889439 ] } },
{ "type": "Feature", "properties": { "visible_points": 83, "total_points": 120, "visibility_pct": 69.166666666666671 }, "geometry": { "type": "Point", "coordinates": [ -0.225848896656246, 51.473118463354936 ] } },
{ "type": "Feature", "properties": { "visible_points": 76, "total_points": 117, "visibility_pct": 64.957264957264954 }, "geometry": { "type": "Point", "coordinates": [ -0.225649488922424, 51.47311544748132 ] } },
{ "type": "Feature", "properties": { "visible_points": 55, "total_points": 111, "visibility_pct": 49.549549549549546 }, "geometry": { "type": "Point", "coordinates": [ -0.225450081223928, 51.473112431268589 ] } },
{ "type": "Feature", "properties": { "visible_points": 41, "total_points": 103, "visibility_pct": 39.805825242718448 }, "geometry": { "type": "Point", "coordinates": [ -0.225250673560762, 51.473109414716752 ] } },
{ "type": "Feature", "properties": { "visible_points": 17, "total_points": 95, "visibility_pct": 17.894736842105264 }, "geometry": { "type": "Point", "coordinates": [ -0.22505126593292, 51.473106397825802 ] } },
{ "type": "Feature", "properties": { "visible_points": 20, "total_points": 86, "visibility_pct": 23.255813953488371 }, "geometry": { "type": "Point", "coordinates": [ -0.224851858340412, 51.473103380595731 ] } },
{ "type": "Feature", "properties": { "visible_points": 4, "total_points": 73, "visibility_pct": 5.4794520547945202 }, "geometry": { "type": "Point", "coordinates": [ -0.23152786288925, 51.473312122557211 ] } },
{ "type": "Feature", "properties": { "visible_points": 0, "total_points": 85, "visibility_pct": 0.0 }, "geometry": { "type": "Point", "coordinates": [ -0.231328453669402, 51.473309116339159 ] } },
{ "type": "Feature", "properties": { "visible_points": 17, "total_points": 97, "visibility_pct": 17.525773195876287 }, "geometry": { "type": "Point", "coordinates": [ -0.231129044484761, 51.473306109781952 ] } },
{ "type": "Feature", "properties": { "visible_points": 38, "total_points": 108, "visibility_pct": 35.185185185185183 }, "geometry": { "type": "Point", "coordinates": [ -0.230929635335335, 51.473303102885666 ] } },
{ "type": "Feature", "properties": { "visible_points": 48, "total_points": 117, "visibility_pct": 41.025641025641022 }, "geometry": { "type": "Point", "coordinates": [ -0.230730226221128, 51.473300095650238 ] } },
{ "type": "Feature", "properties": { "visible_points": 58, "total_points": 119, "visibility_pct": 48.739495798319325 }, "geometry": { "type": "Point", "coordinates": [ -0.23053081714214, 51.473297088075704 ] } },
{ "type": "Feature", "properties": { "visible_points": 62, "total_points": 120, "visibility_pct": 51.666666666666671 }, "geometry": { "type": "Point", "coordinates": [ -0.230331408098381, 51.473294080162063 ] } },
{ "type": "Feature", "properties": { "visible_points": 62, "total_points": 120, "visibility_pct": 51.666666666666671 }, "geometry": { "type": "Point", "coordinates": [ -0.230131999089848, 51.473291071909301 ] } },
{ "type": "Feature", "properties": { "visible_points": 67, "total_points": 120, "visibility_pct": 55.833333333333336 }, "geometry": { "type": "Point", "coordinates": [ -0.229932590116547, 51.473288063317426 ] } },
{ "type": "Feature", "properties": { "visible_points": 68, "total_points": 120, "visibility_pct": 56.666666666666664 }, "geometry": { "type": "Point", "coordinates": [ -0.229733181178492, 51.473285054386452 ] } },
{ "type": "Feature", "properties": { "visible_points": 69, "total_points": 120, "visibility_pct": 57.5 }, "geometry": { "type": "Point", "coordinates": [ -0.229533772275667, 51.473282045116342 ] } },
{ "type": "Feature", "properties": { "visible_points": 71, "total_points": 120, "visibility_pct": 59.166666666666664 }, "geometry": { "type": "Point", "coordinates": [ -0.229334363408093, 51.473279035507126 ] } },
{ "type": "Feature", "properties": { "visible_points": 81, "total_points": 120, "visibility_pct": 67.5 }, "geometry": { "type": "Point", "coordinates": [ -0.22913495457577, 51.47327602555881 ] } },
{ "type": "Feature", "properties": { "visible_points": 80, "total_points": 120, "visibility_pct": 66.666666666666657 }, "geometry": { "type": "Point", "coordinates": [ -0.228935545778699, 51.47327301527136 ] } },
{ "type": "Feature", "properties": { "visible_points": 85, "total_points": 120, "visibility_pct": 70.833333333333343 }, "geometry": { "type": "Point", "coordinates": [ -0.228736137016886, 51.473270004644817 ] } },
{ "type": "Feature", "properties": { "visible_points": 83, "total_points": 120, "visibility_pct": 69.166666666666671 }, "geometry": { "type": "Point", "coordinates": [ -0.228536728290333, 51.473266993679154 ] } },
{ "type": "Feature", "properties": { "visible_points": 81, "total_points": 120, "visibility_pct": 67.5 }, "geometry": { "type": "Point", "coordinates": [ -0.228337319599046, 51.473263982374384 ] } },
{ "type": "Feature", "properties": { "visible_points": 87, "total_points": 120, "visibility_pct": 72.5 }, "geometry": { "type": "Point", "coordinates": [ -0.228137910943025, 51.473260970730493 ] } },
{ "type": "Feature", "properties": { "visible_points": 85, "total_points": 120, "visibility_pct": 70.833333333333343 }, "geometry": { "type": "Point", "coordinates": [ -0.227938502322281, 51.473257958747489 ] } },
{ "type": "Feature", "properties": { "visible_points": 84, "total_points": 120, "visibility_pct": 70.0 }, "geometry": { "type": "Point", "coordinates": [ -0.227739093736818, 51.473254946425357 ] } },
{ "type": "Feature", "properties": { "visible_points": 90, "total_points": 120, "visibility_pct": 75.0 }, "geometry": { "type": "Point", "coordinates": [ -0.227539685186629, 51.473251933764132 ] } },
{ "type": "Feature", "properties": { "visible_points": 92, "total_points": 120, "visibility_pct": 76.666666666666671 }, "geometry": { "type": "Point", "coordinates": [ -0.227340276671728, 51.473248920763808 ] } },
{ "type": "Feature", "properties": { "visible_points": 97, "total_points": 120, "visibility_pct": 80.833333333333329 }, "geometry": { "type": "Point", "coordinates": [ -0.227140868192119, 51.473245907424349 ] } },
{ "type": "Feature", "properties": { "visible_points": 104, "total_points": 120, "visibility_pct": 86.666666666666671 }, "geometry": { "type": "Point", "coordinates": [ -0.226941459747802, 51.473242893745791 ] } },
{ "type": "Feature", "properties": { "visible_points": 98, "total_points": 120, "visibility_pct": 81.666666666666671 }, "geometry": { "type": "Point", "coordinates": [ -0.22674205133878, 51.473239879728098 ] } },
{ "type": "Feature", "properties": { "visible_points": 91, "total_points": 120, "visibility_pct": 75.833333333333329 }, "geometry": { "type": "Point", "coordinates": [ -0.226542642965062, 51.473236865371312 ] } },
{ "type": "Feature", "properties": { "visible_points": 91, "total_points": 120, "visibility_pct": 75.833333333333329 }, "geometry": { "type": "Point", "coordinates": [ -0.226343234626645, 51.473233850675413 ] } },
{ "type": "Feature", "properties": { "visible_points": 87, "total_points": 120, "visibility_pct": 72.5 }, "geometry": { "type": "Point", "coordinates": [ -0.226143826323544, 51.473230835640393 ] } },
{ "type": "Feature", "properties": { "visible_points": 80, "total_points": 120, "visibility_pct": 66.666666666666657 }, "geometry": { "type": "Point", "coordinates": [ -0.225944418055752, 51.473227820266281 ] } },
{ "type": "Feature", "properties": { "visible_points": 71, "total_points": 116, "visibility_pct": 61.206896551724135 }, "geometry": { "type": "Point", "coordinates": [ -0.225745009823276, 51.473224804553041 ] } },
{ "type": "Feature", "properties": { "visible_points": 54, "total_points": 110, "visibility_pct": 49.090909090909093 }, "geometry": { "type": "Point", "coordinates": [ -0.225545601626125, 51.473221788500702 ] } },
{ "type": "Feature", "properties": { "visible_points": 10, "total_points": 102, "visibility_pct": 9.8039215686274517 }, "geometry": { "type": "Point", "coordinates": [ -0.225346193464299, 51.473218772109242 ] } },
{ "type": "Feature", "properties": { "visible_points": 6, "total_points": 93, "visibility_pct": 6.4516129032258061 }, "geometry": { "type": "Point", "coordinates": [ -0.225146785337798, 51.473215755378668 ] } },
{ "type": "Feature", "properties": { "visible_points": 26, "total_points": 84, "visibility_pct": 30.952380952380953 }, "geometry": { "type": "Point", "coordinates": [ -0.224947377246634, 51.473212738308987 ] } },
{ "type": "Feature", "properties": { "visible_points": 0, "total_points": 83, "visibility_pct": 0.0 }, "geometry": { "type": "Point", "coordinates": [ -0.231423988995321, 51.473418468841835 ] } },
{ "type": "Feature", "properties": { "visible_points": 4, "total_points": 96, "visibility_pct": 4.1666666666666661 }, "geometry": { "type": "Point", "coordinates": [ -0.231224579312075, 51.473415462445054 ] } },
{ "type": "Feature", "properties": { "visible_points": 34, "total_points": 108, "visibility_pct": 31.481481481481481 }, "geometry": { "type": "Point", "coordinates": [ -0.231025169664034, 51.473412455709187 ] } },
{ "type": "Feature", "properties": { "visible_points": 47, "total_points": 118, "visibility_pct": 39.83050847457627 }, "geometry": { "type": "Point", "coordinates": [ -0.230825760051211, 51.473409448634193 ] } },
{ "type": "Feature", "properties": { "visible_points": 54, "total_points": 120, "visibility_pct": 45.0 }, "geometry": { "type": "Point", "coordinates": [ -0.23062635047361, 51.473406441220085 ] } },
{ "type": "Feature", "properties": { "visible_points": 61, "total_points": 120, "visibility_pct": 50.833333333333329 }, "geometry": { "type": "Point", "coordinates": [ -0.230426940931232, 51.473403433466856 ] } },
{ "type": "Feature", "properties": { "visible_points": 70, "total_points": 120, "visibility_pct": 58.333333333333336 }, "geometry": { "type": "Point", "coordinates": [ -0.230227531424079, 51.473400425374507 ] } },
{ "type": "Feature", "properties": { "visible_points": 74, "total_points": 120, "visibility_pct": 61.666666666666671 }, "geometry": { "type": "Point", "coordinates": [ -0.23002812195216, 51.473397416943058 ] } },
{ "type": "Feature", "properties": { "visible_points": 87, "total_points": 120, "visibility_pct": 72.5 }, "geometry": { "type": "Point", "coordinates": [ -0.229828712515476, 51.473394408172474 ] } },
{ "type": "Feature", "properties": { "visible_points": 74, "total_points": 120, "visibility_pct": 61.666666666666671 }, "geometry": { "type": "Point", "coordinates": [ -0.229629303114032, 51.473391399062784 ] } },
{ "type": "Feature", "properties": { "visible_points": 82, "total_points": 120, "visibility_pct": 68.333333333333329 }, "geometry": { "type": "Point", "coordinates": [ -0.229429893747831, 51.473388389613994 ] } },
{ "type": "Feature", "properties": { "visible_points": 81, "total_points": 120, "visibility_pct": 67.5 }, "geometry": { "type": "Point", "coordinates": [ -0.229230484416882, 51.473385379826077 ] } },
{ "type": "Feature", "properties": { "visible_points": 84, "total_points": 120, "visibility_pct": 70.0 }, "geometry": { "type": "Point", "coordinates": [ -0.229031075121179, 51.473382369699038 ] } },
{ "type": "Feature", "properties": { "visible_points": 83, "total_points": 120, "visibility_pct": 69.166666666666671 }, "geometry": { "type": "Point", "coordinates": [ -0.228831665860732, 51.473379359232901 ] } },
{ "type": "Feature", "properties": { "visible_points": 85, "total_points": 120, "visibility_pct": 70.833333333333343 }, "geometry": { "type": "Point", "coordinates": [ -0.228632256635548, 51.473376348427635 ] } },
{ "type": "Feature", "properties": { "visible_points": 81, "total_points": 120, "visibility_pct": 67.5 }, "geometry": { "type": "Point", "coordinates": [ -0.228432847445628, 51.473373337283256 ] } },
{ "type": "Feature", "properties": { "visible_points": 83, "total_points": 120, "visibility_pct": 69.166666666666671 }, "geometry": { "type": "Point", "coordinates": [ -0.228233438290969, 51.47337032579977 ] } },
{ "type": "Feature", "properties": { "visible_points": 84, "total_points": 120, "visibility_pct": 70.0 }, "geometry": { "type": "Point", "coordinates": [ -0.228034029171591, 51.473367313977164 ] } },
{ "type": "Feature", "properties": { "visible_points": 87, "total_points": 120, "visibility_pct": 72.5 }, "geometry": { "type": "Point", "coordinates": [ -0.227834620087482, 51.473364301815444 ] } },
{ "type": "Feature", "properties": { "visible_points": 92, "total_points": 120, "visibility_pct": 76.666666666666671 }, "geometry": { "type": "Point", "coordinates": [ -0.227635211038655, 51.473361289314617 ] } },
{ "type": "Feature", "properties": { "visible_points": 92, "total_points": 120, "visibility_pct": 76.666666666666671 }, "geometry": { "type": "Point", "coordinates": [ -0.22743580202511, 51.473358276474677 ] } },
{ "type": "Feature", "properties": { "visible_points": 98, "total_points": 120, "visibility_pct": 81.666666666666671 }, "geometry": { "type": "Point", "coordinates": [ -0.227236393046859, 51.473355263295623 ] } },
{ "type": "Feature", "properties": { "visible_points": 96, "total_points": 120, "visibility_pct": 80.0 }, "geometry": { "type": "Point", "coordinates": [ -0.227036984103891, 51.473352249777435 ] } },
{ "type": "Feature", "properties": { "visible_points": 98, "total_points": 120, "visibility_pct": 81.666666666666671 }, "geometry": { "type": "Point", "coordinates": [ -0.226837575196221, 51.473349235920153 ] } },
{ "type": "Feature", "properties": { "visible_points": 93, "total_points": 120, "visibility_pct": 77.5 }, "geometry": { "type": "Point", "coordinates": [ -0.226638166323853, 51.473346221723766 ] } },
{ "type": "Feature", "properties": { "visible_points": 88, "total_points": 120, "visibility_pct": 73.333333333333329 }, "geometry": { "type": "Point", "coordinates": [ -0.226438757486787, 51.47334320718825 ] } },
{ "type": "Feature", "properties": { "visible_points": 82, "total_points": 120, "visibility_pct": 68.333333333333329 }, "geometry": { "type": "Point", "coordinates": [ -0.226239348685032, 51.473340192313621 ] } },
{ "type": "Feature", "properties": { "visible_points": 74, "total_points": 120, "visibility_pct": 61.666666666666671 }, "geometry": { "type": "Point", "coordinates": [ -0.226039939918582, 51.473337177099886 ] } },
{ "type": "Feature", "properties": { "visible_points": 67, "total_points": 115, "visibility_pct": 58.260869565217391 }, "geometry": { "type": "Point", "coordinates": [ -0.225840531187455, 51.473334161547029 ] } },
{ "type": "Feature", "properties": { "visible_points": 52, "total_points": 110, "visibility_pct": 47.272727272727273 }, "geometry": { "type": "Point", "coordinates": [ -0.225641122491641, 51.473331145655074 ] } },
{ "type": "Feature", "properties": { "visible_points": 5, "total_points": 102, "visibility_pct": 4.9019607843137258 }, "geometry": { "type": "Point", "coordinates": [ -0.225441713831153, 51.473328129424004 ] } },
{ "type": "Feature", "properties": { "visible_points": 2, "total_points": 93, "visibility_pct": 2.1505376344086025 }, "geometry": { "type": "Point", "coordinates": [ -0.225242305205993, 51.473325112853807 ] } },
{ "type": "Feature", "properties": { "visible_points": 0, "total_points": 76, "visibility_pct": 0.0 }, "geometry": { "type": "Point", "coordinates": [ -0.231519524784635, 51.473527821266764 ] } },
{ "type": "Feature", "properties": { "visible_points": 0, "total_points": 89, "visibility_pct": 0.0 }, "geometry": { "type": "Point", "coordinates": [ -0.231320114602767, 51.473524815030416 ] } },
{ "type": "Feature", "properties": { "visible_points": 32, "total_points": 102, "visibility_pct": 31.372549019607842 }, "geometry": { "type": "Point", "coordinates": [ -0.231120704456118, 51.473521808454962 ] } },
{ "type": "Feature", "properties": { "visible_points": 42, "total_points": 114, "visibility_pct": 36.84210526315789 }, "geometry": { "type": "Point", "coordinates": [ -0.230921294344679, 51.473518801540379 ] } },
{ "type": "Feature", "properties": { "visible_points": 49, "total_points": 120, "visibility_pct": 40.833333333333336 }, "geometry": { "type": "Point", "coordinates": [ -0.230721884268458, 51.473515794286691 ] } },
{ "type": "Feature", "properties": { "visible_points": 59, "total_points": 120, "visibility_pct": 49.166666666666664 }, "geometry": { "type": "Point", "coordinates": [ -0.230522474227459, 51.473512786693881 ] } },
{ "type": "Feature", "properties": { "visible_points": 71, "total_points": 120, "visibility_pct": 59.166666666666664 }, "geometry": { "type": "Point", "coordinates": [ -0.230323064221686, 51.473509778761958 ] } },
{ "type": "Feature", "properties": { "visible_points": 82, "total_points": 120, "visibility_pct": 68.333333333333329 }, "geometry": { "type": "Point", "coordinates": [ -0.230123654251142, 51.473506770490907 ] } },
{ "type": "Feature", "properties": { "visible_points": 85, "total_points": 120, "visibility_pct": 70.833333333333343 }, "geometry": { "type": "Point", "coordinates": [ -0.229924244315833, 51.473503761880771 ] } },
{ "type": "Feature", "properties": { "visible_points": 81, "total_points": 120, "visibility_pct": 67.5 }, "geometry": { "type": "Point", "coordinates": [ -0.229724834415766, 51.473500752931486 ] } },
{ "type": "Feature", "properties": { "visible_points": 78, "total_points": 120, "visibility_pct": 65.0 }, "geometry": { "type": "Point", "coordinates": [ -0.229525424550934, 51.47349774364308 ] } },
{ "type": "Feature", "properties": { "visible_points": 78, "total_points": 120, "visibility_pct": 65.0 }, "geometry": { "type": "Point", "coordinates": [ -0.229326014721352, 51.473494734015567 ] } },
{ "type": "Feature", "properties": { "visible_points": 77, "total_points": 120, "visibility_pct": 64.166666666666671 }, "geometry": { "type": "Point", "coordinates": [ -0.229126604927022, 51.473491724048962 ] } },
{ "type": "Feature", "properties": { "visible_points": 85, "total_points": 120, "visibility_pct": 70.833333333333343 }, "geometry": { "type": "Point", "coordinates": [ -0.22892719516794, 51.473488713743208 ] } },
{ "type": "Feature", "properties": { "visible_points": 86, "total_points": 120, "visibility_pct": 71.666666666666671 }, "geometry": { "type": "Point", "coordinates": [ -0.228727785444123, 51.473485703098341 ] } },
{ "type": "Feature", "properties": { "visible_points": 86, "total_points": 120, "visibility_pct": 71.666666666666671 }, "geometry": { "type": "Point", "coordinates": [ -0.228528375755559, 51.473482692114374 ] } },
{ "type": "Feature", "properties": { "visible_points": 86, "total_points": 120, "visibility_pct": 71.666666666666671 }, "geometry": { "type": "Point", "coordinates": [ -0.228328966102272, 51.4734796807913 ] } },
{ "type": "Feature", "properties": { "visible_points": 81, "total_points": 120, "visibility_pct": 67.5 }, "geometry": { "type": "Point", "coordinates": [ -0.228129556484243, 51.473476669129099 ] } },
{ "type": "Feature", "properties": { "visible_points": 85, "total_points": 120, "visibility_pct": 70.833333333333343 }, "geometry": { "type": "Point", "coordinates": [ -0.227930146901498, 51.473473657127784 ] } },
{ "type": "Feature", "properties": { "visible_points": 82, "total_points": 120, "visibility_pct": 68.333333333333329 }, "geometry": { "type": "Point", "coordinates": [ -0.227730737354026, 51.473470644787348 ] } },
{ "type": "Feature", "properties": { "visible_points": 91, "total_points": 120, "visibility_pct": 75.833333333333329 }, "geometry": { "type": "Point", "coordinates": [ -0.227531327841837, 51.473467632107791 ] } },
{ "type": "Feature", "properties": { "visible_points": 89, "total_points": 120, "visibility_pct": 74.166666666666671 }, "geometry": { "type": "Point", "coordinates": [ -0.227331918364935, 51.473464619089128 ] } },
{ "type": "Feature", "properties": { "visible_points": 91, "total_points": 120, "visibility_pct": 75.833333333333329 }, "geometry": { "type": "Point", "coordinates": [ -0.22713250892332, 51.473461605731352 ] } },
{ "type": "Feature", "properties": { "visible_points": 90, "total_points": 120, "visibility_pct": 75.0 }, "geometry": { "type": "Point", "coordinates": [ -0.226933099517, 51.473458592034447 ] } },
{ "type": "Feature", "properties": { "visible_points": 89, "total_points": 120, "visibility_pct": 74.166666666666671 }, "geometry": { "type": "Point", "coordinates": [ -0.226733690145981, 51.473455577998457 ] } },
{ "type": "Feature", "properties": { "visible_points": 91, "total_points": 120, "visibility_pct": 75.833333333333329 }, "geometry": { "type": "Point", "coordinates": [ -0.22653428081026, 51.47345256362334 ] } },
{ "type": "Feature", "properties": { "visible_points": 85, "total_points": 120, "visibility_pct": 70.833333333333343 }, "geometry": { "type": "Point", "coordinates": [ -0.226334871509845, 51.473449548909109 ] } },
{ "type": "Feature", "properties": { "visible_points": 77, "total_points": 120, "visibility_pct": 64.166666666666671 }, "geometry": { "type": "Point", "coordinates": [ -0.226135462244745, 51.47344653385575 ] } },
{ "type": "Feature", "properties": { "visible_points": 68, "total_points": 116, "visibility_pct": 58.620689655172406 }, "geometry": { "type": "Point", "coordinates": [ -0.225936053014952, 51.473443518463291 ] } },
{ "type": "Feature", "properties": { "visible_points": 51, "total_points": 110, "visibility_pct": 46.36363636363636 }, "geometry": { "type": "Point", "coordinates": [ -0.225736643820483, 51.473440502731705 ] } },
{ "type": "Feature", "properties": { "visible_points": 5, "total_points": 103, "visibility_pct": 4.8543689320388346 }, "geometry": { "type": "Point", "coordinates": [ -0.22553723466133, 51.473437486661012 ] } },
{ "type": "Feature", "properties": { "visible_points": 6, "total_points": 94, "visibility_pct": 6.3829787234042552 }, "geometry": { "type": "Point", "coordinates": [ -0.225337825537507, 51.473434470251213 ] } },
{ "type": "Feature", "properties": { "visible_points": 0, "total_points": 79, "visibility_pct": 0.0 }, "geometry": { "type": "Point", "coordinates": [ -0.231415650356858, 51.473634167538002 ] } },
{ "type": "Feature", "properties": { "visible_points": 30, "total_points": 92, "visibility_pct": 32.608695652173914 }, "geometry": { "type": "Point", "coordinates": [ -0.231216239711589, 51.47363116112296 ] } },
{ "type": "Feature", "properties": { "visible_points": 39, "total_points": 104, "visibility_pct": 37.5 }, "geometry": { "type": "Point", "coordinates": [ -0.231016829101531, 51.473628154368811 ] } },
{ "type": "Feature", "properties": { "visible_points": 43, "total_points": 114, "visibility_pct": 37.719298245614034 }, "geometry": { "type": "Point", "coordinates": [ -0.23081741852669, 51.473625147275534 ] } },
{ "type": "Feature", "properties": { "visible_points": 51, "total_points": 118, "visibility_pct": 43.220338983050851 }, "geometry": { "type": "Point", "coordinates": [ -0.23061800798707, 51.473622139843137 ] } },
{ "type": "Feature", "properties": { "visible_points": 64, "total_points": 120, "visibility_pct": 53.333333333333336 }, "geometry": { "type": "Point", "coordinates": [ -0.230418597482673, 51.473619132071626 ] } },
{ "type": "Feature", "properties": { "visible_points": 74, "total_points": 120, "visibility_pct": 61.666666666666671 }, "geometry": { "type": "Point", "coordinates": [ -0.230219187013504, 51.473616123961008 ] } },
{ "type": "Feature", "properties": { "visible_points": 79, "total_points": 120, "visibility_pct": 65.833333333333329 }, "geometry": { "type": "Point", "coordinates": [ -0.23001977657957, 51.473613115511249 ] } },
{ "type": "Feature", "properties": { "visible_points": 80, "total_points": 120, "visibility_pct": 66.666666666666657 }, "geometry": { "type": "Point", "coordinates": [ -0.229820366180868, 51.473610106722411 ] } },
{ "type": "Feature", "properties": { "visible_points": 79, "total_points": 120, "visibility_pct": 65.833333333333329 }, "geometry": { "type": "Point", "coordinates": [ -0.229620955817409, 51.473607097594417 ] } },
{ "type": "Feature", "properties": { "visible_points": 70, "total_points": 120, "visibility_pct": 58.333333333333336 }, "geometry": { "type": "Point", "coordinates": [ -0.229421545489195, 51.473604088127331 ] } },
{ "type": "Feature", "properties": { "visible_points": 71, "total_points": 120, "visibility_pct": 59.166666666666664 }, "geometry": { "type": "Point", "coordinates": [ -0.229222135196228, 51.473601078321103 ] } },
{ "type": "Feature", "properties": { "visible_points": 76, "total_points": 120, "visibility_pct": 63.333333333333329 }, "geometry": { "type": "Point", "coordinates": [ -0.229022724938515, 51.473598068175768 ] } },
{ "type": "Feature", "properties": { "visible_points": 78, "total_points": 120, "visibility_pct": 65.0 }, "geometry": { "type": "Point", "coordinates": [ -0.228823314716053, 51.473595057691327 ] } },
{ "type": "Feature", "properties": { "visible_points": 79, "total_points": 120, "visibility_pct": 65.833333333333329 }, "geometry": { "type": "Point", "coordinates": [ -0.228623904528858, 51.473592046867765 ] } },
{ "type": "Feature", "properties": { "visible_points": 85, "total_points": 120, "visibility_pct": 70.833333333333343 }, "geometry": { "type": "Point", "coordinates": [ -0.228424494376923, 51.473589035705068 ] } },
{ "type": "Feature", "properties": { "visible_points": 86, "total_points": 120, "visibility_pct": 71.666666666666671 }, "geometry": { "type": "Point", "coordinates": [ -0.228225084260255, 51.473586024203271 ] } },
{ "type": "Feature", "properties": { "visible_points": 83, "total_points": 120, "visibility_pct": 69.166666666666671 }, "geometry": { "type": "Point", "coordinates": [ -0.228025674178866, 51.473583012362347 ] } },
{ "type": "Feature", "properties": { "visible_points": 83, "total_points": 120, "visibility_pct": 69.166666666666671 }, "geometry": { "type": "Point", "coordinates": [ -0.227826264132748, 51.473580000182324 ] } },
{ "type": "Feature", "properties": { "visible_points": 83, "total_points": 120, "visibility_pct": 69.166666666666671 }, "geometry": { "type": "Point", "coordinates": [ -0.227626854121909, 51.473576987663172 ] } },
{ "type": "Feature", "properties": { "visible_points": 94, "total_points": 120, "visibility_pct": 78.333333333333329 }, "geometry": { "type": "Point", "coordinates": [ -0.227427444146361, 51.473573974804907 ] } },
{ "type": "Feature", "properties": { "visible_points": 89, "total_points": 120, "visibility_pct": 74.166666666666671 }, "geometry": { "type": "Point", "coordinates": [ -0.227228034206092, 51.473570961607528 ] } },
{ "type": "Feature", "properties": { "visible_points": 89, "total_points": 120, "visibility_pct": 74.166666666666671 }, "geometry": { "type": "Point", "coordinates": [ -0.227028624301123, 51.473567948071029 ] } },
{ "type": "Feature", "properties": { "visible_points": 94, "total_points": 120, "visibility_pct": 78.333333333333329 }, "geometry": { "type": "Point", "coordinates": [ -0.226829214431446, 51.473564934195423 ] } },
{ "type": "Feature", "properties": { "visible_points": 93, "total_points": 120, "visibility_pct": 77.5 }, "geometry": { "type": "Point", "coordinates": [ -0.226629804597071, 51.473561919980689 ] } },
{ "type": "Feature", "properties": { "visible_points": 90, "total_points": 120, "visibility_pct": 75.0 }, "geometry": { "type": "Point", "coordinates": [ -0.226430394797996, 51.473558905426849 ] } },
{ "type": "Feature", "properties": { "visible_points": 78, "total_points": 120, "visibility_pct": 65.0 }, "geometry": { "type": "Point", "coordinates": [ -0.226230985034236, 51.473555890533881 ] } },
{ "type": "Feature", "properties": { "visible_points": 72, "total_points": 117, "visibility_pct": 61.53846153846154 }, "geometry": { "type": "Point", "coordinates": [ -0.226031575305783, 51.473552875301806 ] } },
{ "type": "Feature", "properties": { "visible_points": 53, "total_points": 111, "visibility_pct": 47.747747747747752 }, "geometry": { "type": "Point", "coordinates": [ -0.225832165612649, 51.473549859730618 ] } },
{ "type": "Feature", "properties": { "visible_points": 12, "total_points": 104, "visibility_pct": 11.538461538461538 }, "geometry": { "type": "Point", "coordinates": [ -0.225632755954834, 51.473546843820301 ] } },
{ "type": "Feature", "properties": { "visible_points": 12, "total_points": 95, "visibility_pct": 12.631578947368421 }, "geometry": { "type": "Point", "coordinates": [ -0.225433346332341, 51.473543827570893 ] } },
{ "type": "Feature", "properties": { "visible_points": 0, "total_points": 69, "visibility_pct": 0.0 }, "geometry": { "type": "Point", "coordinates": [ -0.231511186574346, 51.473743519967805 ] } },
{ "type": "Feature", "properties": { "visible_points": 25, "total_points": 81, "visibility_pct": 30.864197530864196 }, "geometry": { "type": "Point", "coordinates": [ -0.23131177543045, 51.473740513713182 ] } },
{ "type": "Feature", "properties": { "visible_points": 32, "total_points": 92, "visibility_pct": 34.782608695652172 }, "geometry": { "type": "Point", "coordinates": [ -0.231112364321775, 51.473737507119459 ] } },
{ "type": "Feature", "properties": { "visible_points": 38, "total_points": 102, "visibility_pct": 37.254901960784316 }, "geometry": { "type": "Point", "coordinates": [ -0.230912953248312, 51.473734500186602 ] } },
{ "type": "Feature", "properties": { "visible_points": 42, "total_points": 111, "visibility_pct": 37.837837837837839 }, "geometry": { "type": "Point", "coordinates": [ -0.230713542210061, 51.473731492914624 ] } },
{ "type": "Feature", "properties": { "visible_points": 50, "total_points": 114, "visibility_pct": 43.859649122807014 }, "geometry": { "type": "Point", "coordinates": [ -0.230514131207042, 51.473728485303546 ] } },
{ "type": "Feature", "properties": { "visible_points": 56, "total_points": 117, "visibility_pct": 47.863247863247864 }, "geometry": { "type": "Point", "coordinates": [ -0.230314720239247, 51.473725477353327 ] } },
{ "type": "Feature", "properties": { "visible_points": 68, "total_points": 119, "visibility_pct": 57.142857142857139 }, "geometry": { "type": "Point", "coordinates": [ -0.230115309306682, 51.473722469064001 ] } },
{ "type": "Feature", "properties": { "visible_points": 79, "total_points": 120, "visibility_pct": 65.833333333333329 }, "geometry": { "type": "Point", "coordinates": [ -0.229915898409351, 51.473719460435554 ] } },
{ "type": "Feature", "properties": { "visible_points": 74, "total_points": 120, "visibility_pct": 61.666666666666671 }, "geometry": { "type": "Point", "coordinates": [ -0.229716487547255, 51.473716451467993 ] } },
{ "type": "Feature", "properties": { "visible_points": 69, "total_points": 120, "visibility_pct": 57.5 }, "geometry": { "type": "Point", "coordinates": [ -0.229517076720406, 51.473713442161298 ] } },
{ "type": "Feature", "properties": { "visible_points": 68, "total_points": 120, "visibility_pct": 56.666666666666664 }, "geometry": { "type": "Point", "coordinates": [ -0.229317665928808, 51.473710432515503 ] } },
{ "type": "Feature", "properties": { "visible_points": 65, "total_points": 120, "visibility_pct": 54.166666666666664 }, "geometry": { "type": "Point", "coordinates": [ -0.229118255172452, 51.473707422530573 ] } },
{ "type": "Feature", "properties": { "visible_points": 71, "total_points": 120, "visibility_pct": 59.166666666666664 }, "geometry": { "type": "Point", "coordinates": [ -0.228918844451354, 51.47370441220653 ] } },
{ "type": "Feature", "properties": { "visible_points": 81, "total_points": 120, "visibility_pct": 67.5 }, "geometry": { "type": "Point", "coordinates": [ -0.228719433765514, 51.473701401543366 ] } },
{ "type": "Feature", "properties": { "visible_points": 79, "total_points": 120, "visibility_pct": 65.833333333333329 }, "geometry": { "type": "Point", "coordinates": [ -0.228520023114938, 51.473698390541088 ] } },
{ "type": "Feature", "properties": { "visible_points": 85, "total_points": 120, "visibility_pct": 70.833333333333343 }, "geometry": { "type": "Point", "coordinates": [ -0.22832061249963, 51.473695379199697 ] } },
{ "type": "Feature", "properties": { "visible_points": 76, "total_points": 120, "visibility_pct": 63.333333333333329 }, "geometry": { "type": "Point", "coordinates": [ -0.228121201919586, 51.473692367519185 ] } },
{ "type": "Feature", "properties": { "visible_points": 88, "total_points": 120, "visibility_pct": 73.333333333333329 }, "geometry": { "type": "Point", "coordinates": [ -0.227921791374825, 51.473689355499559 ] } },
{ "type": "Feature", "properties": { "visible_points": 89, "total_points": 120, "visibility_pct": 74.166666666666671 }, "geometry": { "type": "Point", "coordinates": [ -0.227722380865336, 51.473686343140798 ] } },
{ "type": "Feature", "properties": { "visible_points": 85, "total_points": 120, "visibility_pct": 70.833333333333343 }, "geometry": { "type": "Point", "coordinates": [ -0.22752297039113, 51.473683330442952 ] } },
{ "type": "Feature", "properties": { "visible_points": 86, "total_points": 120, "visibility_pct": 71.666666666666671 }, "geometry": { "type": "Point", "coordinates": [ -0.227323559952216, 51.473680317405957 ] } },
{ "type": "Feature", "properties": { "visible_points": 91, "total_points": 120, "visibility_pct": 75.833333333333329 }, "geometry": { "type": "Point", "coordinates": [ -0.227124149548587, 51.473677304029849 ] } },
{ "type": "Feature", "properties": { "visible_points": 86, "total_points": 120, "visibility_pct": 71.666666666666671 }, "geometry": { "type": "Point", "coordinates": [ -0.226924739180253, 51.473674290314634 ] } },
{ "type": "Feature", "properties": { "visible_points": 89, "total_points": 120, "visibility_pct": 74.166666666666671 }, "geometry": { "type": "Point", "coordinates": [ -0.22672532884722, 51.473671276260305 ] } },
{ "type": "Feature", "properties": { "visible_points": 82, "total_points": 120, "visibility_pct": 68.333333333333329 }, "geometry": { "type": "Point", "coordinates": [ -0.226525918549489, 51.473668261866848 ] } },
{ "type": "Feature", "properties": { "visible_points": 83, "total_points": 120, "visibility_pct": 69.166666666666671 }, "geometry": { "type": "Point", "coordinates": [ -0.226326508287061, 51.473665247134271 ] } },
{ "type": "Feature", "properties": { "visible_points": 76, "total_points": 118, "visibility_pct": 64.406779661016941 }, "geometry": { "type": "Point", "coordinates": [ -0.226127098059948, 51.47366223206258 ] } },
{ "type": "Feature", "properties": { "visible_points": 58, "total_points": 113, "visibility_pct": 51.327433628318587 }, "geometry": { "type": "Point", "coordinates": [ -0.225927687868148, 51.473659216651782 ] } },
{ "type": "Feature", "properties": { "visible_points": 43, "total_points": 105, "visibility_pct": 40.952380952380949 }, "geometry": { "type": "Point", "coordinates": [ -0.225728277711665, 51.473656200901857 ] } },
{ "type": "Feature", "properties": { "visible_points": 22, "total_points": 96, "visibility_pct": 22.916666666666664 }, "geometry": { "type": "Point", "coordinates": [ -0.225528867590509, 51.473653184812818 ] } },
{ "type": "Feature", "properties": { "visible_points": 0, "total_points": 61, "visibility_pct": 0.0 }, "geometry": { "type": "Point", "coordinates": [ -0.231606723255222, 51.473852872319839 ] } },
{ "type": "Feature", "properties": { "visible_points": 22, "total_points": 70, "visibility_pct": 31.428571428571427 }, "geometry": { "type": "Point", "coordinates": [ -0.231407311612714, 51.473849866225649 ] } },
{ "type": "Feature", "properties": { "visible_points": 25, "total_points": 79, "visibility_pct": 31.645569620253166 }, "geometry": { "type": "Point", "coordinates": [ -0.231207900005411, 51.473846859792346 ] } },
{ "type": "Feature", "properties": { "visible_points": 31, "total_points": 90, "visibility_pct": 34.444444444444443 }, "geometry": { "type": "Point", "coordinates": [ -0.231008488433323, 51.473843853019893 ] } },
{ "type": "Feature", "properties": { "visible_points": 37, "total_points": 99, "visibility_pct": 37.373737373737377 }, "geometry": { "type": "Point", "coordinates": [ -0.23080907689645, 51.473840845908342 ] } },
{ "type": "Feature", "properties": { "visible_points": 42, "total_points": 106, "visibility_pct": 39.622641509433961 }, "geometry": { "type": "Point", "coordinates": [ -0.230609665394797, 51.473837838457676 ] } },
{ "type": "Feature", "properties": { "visible_points": 46, "total_points": 110, "visibility_pct": 41.818181818181813 }, "geometry": { "type": "Point", "coordinates": [ -0.230410253928377, 51.473834830667897 ] } },
{ "type": "Feature", "properties": { "visible_points": 48, "total_points": 114, "visibility_pct": 42.105263157894733 }, "geometry": { "type": "Point", "coordinates": [ -0.230210842497177, 51.47383182253899 ] } },
{ "type": "Feature", "properties": { "visible_points": 65, "total_points": 117, "visibility_pct": 55.555555555555557 }, "geometry": { "type": "Point", "coordinates": [ -0.230011431101212, 51.473828814070956 ] } },
{ "type": "Feature", "properties": { "visible_points": 62, "total_points": 119, "visibility_pct": 52.100840336134461 }, "geometry": { "type": "Point", "coordinates": [ -0.229812019740485, 51.4738258052638 ] } },
{ "type": "Feature", "properties": { "visible_points": 62, "total_points": 120, "visibility_pct": 51.666666666666671 }, "geometry": { "type": "Point", "coordinates": [ -0.229612608414998, 51.473822796117531 ] } },
{ "type": "Feature", "properties": { "visible_points": 56, "total_points": 120, "visibility_pct": 46.666666666666664 }, "geometry": { "type": "Point", "coordinates": [ -0.229413197124755, 51.473819786632149 ] } },
{ "type": "Feature", "properties": { "visible_points": 61, "total_points": 120, "visibility_pct": 50.833333333333329 }, "geometry": { "type": "Point", "coordinates": [ -0.229213785869766, 51.473816776807624 ] } },
{ "type": "Feature", "properties": { "visible_points": 70, "total_points": 120, "visibility_pct": 58.333333333333336 }, "geometry": { "type": "Point", "coordinates": [ -0.229014374650023, 51.473813766643993 ] } },
{ "type": "Feature", "properties": { "visible_points": 76, "total_points": 120, "visibility_pct": 63.333333333333329 }, "geometry": { "type": "Point", "coordinates": [ -0.228814963465538, 51.473810756141248 ] } },
{ "type": "Feature", "properties": { "visible_points": 83, "total_points": 120, "visibility_pct": 69.166666666666671 }, "geometry": { "type": "Point", "coordinates": [ -0.228615552316321, 51.473807745299368 ] } },
{ "type": "Feature", "properties": { "visible_points": 89, "total_points": 120, "visibility_pct": 74.166666666666671 }, "geometry": { "type": "Point", "coordinates": [ -0.22841614120236, 51.473804734118374 ] } },
{ "type": "Feature", "properties": { "visible_points": 80, "total_points": 120, "visibility_pct": 66.666666666666657 }, "geometry": { "type": "Point", "coordinates": [ -0.228216730123672, 51.473801722598267 ] } },
{ "type": "Feature", "properties": { "visible_points": 86, "total_points": 120, "visibility_pct": 71.666666666666671 }, "geometry": { "type": "Point", "coordinates": [ -0.228017319080256, 51.473798710739032 ] } },
{ "type": "Feature", "properties": { "visible_points": 94, "total_points": 120, "visibility_pct": 78.333333333333329 }, "geometry": { "type": "Point", "coordinates": [ -0.227817908072117, 51.473795698540691 ] } },
{ "type": "Feature", "properties": { "visible_points": 87, "total_points": 120, "visibility_pct": 72.5 }, "geometry": { "type": "Point", "coordinates": [ -0.227618497099261, 51.473792686003229 ] } },
{ "type": "Feature", "properties": { "visible_points": 87, "total_points": 120, "visibility_pct": 72.5 }, "geometry": { "type": "Point", "coordinates": [ -0.227419086161685, 51.473789673126639 ] } },
{ "type": "Feature", "properties": { "visible_points": 87, "total_points": 120, "visibility_pct": 72.5 }, "geometry": { "type": "Point", "coordinates": [ -0.2272196752594, 51.473786659910921 ] } },
{ "type": "Feature", "properties": { "visible_points": 83, "total_points": 120, "visibility_pct": 69.166666666666671 }, "geometry": { "type": "Point", "coordinates": [ -0.227020264392412, 51.47378364635609 ] } },
{ "type": "Feature", "properties": { "visible_points": 87, "total_points": 120, "visibility_pct": 72.5 }, "geometry": { "type": "Point", "coordinates": [ -0.226820853560714, 51.473780632462159 ] } },
{ "type": "Feature", "properties": { "visible_points": 88, "total_points": 120, "visibility_pct": 73.333333333333329 }, "geometry": { "type": "Point", "coordinates": [ -0.226621442764319, 51.473777618229107 ] } },
{ "type": "Feature", "properties": { "visible_points": 81, "total_points": 120, "visibility_pct": 67.5 }, "geometry": { "type": "Point", "coordinates": [ -0.226422032003231, 51.473774603656928 ] } },
{ "type": "Feature", "properties": { "visible_points": 80, "total_points": 119, "visibility_pct": 67.226890756302524 }, "geometry": { "type": "Point", "coordinates": [ -0.22622262127745, 51.47377158874562 ] } },
{ "type": "Feature", "properties": { "visible_points": 67, "total_points": 115, "visibility_pct": 58.260869565217391 }, "geometry": { "type": "Point", "coordinates": [ -0.226023210586984, 51.473768573495214 ] } },
{ "type": "Feature", "properties": { "visible_points": 47, "total_points": 107, "visibility_pct": 43.925233644859816 }, "geometry": { "type": "Point", "coordinates": [ -0.22582379993183, 51.473765557905672 ] } },
{ "type": "Feature", "properties": { "visible_points": 34, "total_points": 97, "visibility_pct": 35.051546391752574 }, "geometry": { "type": "Point", "coordinates": [ -0.225624389311999, 51.473762541977017 ] } },
{ "type": "Feature", "properties": { "visible_points": 0, "total_points": 71, "visibility_pct": 0.0 }, "geometry": { "type": "Point", "coordinates": [ -0.231303436152447, 51.473956212387442 ] } },
{ "type": "Feature", "properties": { "visible_points": 0, "total_points": 79, "visibility_pct": 0.0 }, "geometry": { "type": "Point", "coordinates": [ -0.231104024081728, 51.473953205775437 ] } },
{ "type": "Feature", "properties": { "visible_points": 26, "total_points": 87, "visibility_pct": 29.885057471264371 }, "geometry": { "type": "Point", "coordinates": [ -0.23090461204623, 51.473950198824305 ] } },
{ "type": "Feature", "properties": { "visible_points": 32, "total_points": 96, "visibility_pct": 33.333333333333329 }, "geometry": { "type": "Point", "coordinates": [ -0.230705200045948, 51.473947191534059 ] } },
{ "type": "Feature", "properties": { "visible_points": 36, "total_points": 102, "visibility_pct": 35.294117647058826 }, "geometry": { "type": "Point", "coordinates": [ -0.230505788080891, 51.473944183904706 ] } },
{ "type": "Feature", "properties": { "visible_points": 34, "total_points": 107, "visibility_pct": 31.775700934579437 }, "geometry": { "type": "Point", "coordinates": [ -0.230306376151056, 51.473941175936183 ] } },
{ "type": "Feature", "properties": { "visible_points": 25, "total_points": 112, "visibility_pct": 22.321428571428573 }, "geometry": { "type": "Point", "coordinates": [ -0.230106964256459, 51.473938167628589 ] } },
{ "type": "Feature", "properties": { "visible_points": 36, "total_points": 116, "visibility_pct": 31.03448275862069 }, "geometry": { "type": "Point", "coordinates": [ -0.229907552397094, 51.473935158981845 ] } },
{ "type": "Feature", "properties": { "visible_points": 47, "total_points": 118, "visibility_pct": 39.83050847457627 }, "geometry": { "type": "Point", "coordinates": [ -0.229708140572966, 51.473932149995981 ] } },
{ "type": "Feature", "properties": { "visible_points": 59, "total_points": 120, "visibility_pct": 49.166666666666664 }, "geometry": { "type": "Point", "coordinates": [ -0.229508728784086, 51.473929140671004 ] } },
{ "type": "Feature", "properties": { "visible_points": 59, "total_points": 120, "visibility_pct": 49.166666666666664 }, "geometry": { "type": "Point", "coordinates": [ -0.22930931703045, 51.473926131006898 ] } },
{ "type": "Feature", "properties": { "visible_points": 65, "total_points": 120, "visibility_pct": 54.166666666666664 }, "geometry": { "type": "Point", "coordinates": [ -0.229109905312064, 51.473923121003672 ] } },
{ "type": "Feature", "properties": { "visible_points": 76, "total_points": 120, "visibility_pct": 63.333333333333329 }, "geometry": { "type": "Point", "coordinates": [ -0.228910493628935, 51.473920110661346 ] } },
{ "type": "Feature", "properties": { "visible_points": 81, "total_points": 120, "visibility_pct": 67.5 }, "geometry": { "type": "Point", "coordinates": [ -0.228711081981069, 51.473917099979872 ] } },
{ "type": "Feature", "properties": { "visible_points": 77, "total_points": 120, "visibility_pct": 64.166666666666671 }, "geometry": { "type": "Point", "coordinates": [ -0.228511670368458, 51.473914088959297 ] } },
{ "type": "Feature", "properties": { "visible_points": 89, "total_points": 120, "visibility_pct": 74.166666666666671 }, "geometry": { "type": "Point", "coordinates": [ -0.228312258791121, 51.47391107759961 ] } },
{ "type": "Feature", "properties": { "visible_points": 83, "total_points": 120, "visibility_pct": 69.166666666666671 }, "geometry": { "type": "Point", "coordinates": [ -0.228112847249051, 51.473908065900758 ] } },
{ "type": "Feature", "properties": { "visible_points": 88, "total_points": 120, "visibility_pct": 73.333333333333329 }, "geometry": { "type": "Point", "coordinates": [ -0.227913435742259, 51.473905053862822 ] } },
{ "type": "Feature", "properties": { "visible_points": 87, "total_points": 120, "visibility_pct": 72.5 }, "geometry": { "type": "Point", "coordinates": [ -0.227714024270744, 51.473902041485751 ] } },
{ "type": "Feature", "properties": { "visible_points": 91, "total_points": 120, "visibility_pct": 75.833333333333329 }, "geometry": { "type": "Point", "coordinates": [ -0.22751461283451, 51.473899028769566 ] } },
{ "type": "Feature", "properties": { "visible_points": 94, "total_points": 120, "visibility_pct": 78.333333333333329 }, "geometry": { "type": "Point", "coordinates": [ -0.227315201433568, 51.47389601571426 ] } },
{ "type": "Feature", "properties": { "visible_points": 94, "total_points": 120, "visibility_pct": 78.333333333333329 }, "geometry": { "type": "Point", "coordinates": [ -0.227115790067913, 51.473893002319834 ] } },
{ "type": "Feature", "properties": { "visible_points": 89, "total_points": 120, "visibility_pct": 74.166666666666671 }, "geometry": { "type": "Point", "coordinates": [ -0.226916378737558, 51.473889988586279 ] } },
{ "type": "Feature", "properties": { "visible_points": 90, "total_points": 120, "visibility_pct": 75.0 }, "geometry": { "type": "Point", "coordinates": [ -0.2267169674425, 51.473886974513618 ] } },
{ "type": "Feature", "properties": { "visible_points": 82, "total_points": 120, "visibility_pct": 68.333333333333329 }, "geometry": { "type": "Point", "coordinates": [ -0.226517556182742, 51.473883960101823 ] } },
{ "type": "Feature", "properties": { "visible_points": 75, "total_points": 120, "visibility_pct": 62.5 }, "geometry": { "type": "Point", "coordinates": [ -0.226318144958293, 51.473880945350921 ] } },
{ "type": "Feature", "properties": { "visible_points": 67, "total_points": 117, "visibility_pct": 57.26495726495726 }, "geometry": { "type": "Point", "coordinates": [ -0.226118733769155, 51.47387793026089 ] } },
{ "type": "Feature", "properties": { "visible_points": 52, "total_points": 109, "visibility_pct": 47.706422018348626 }, "geometry": { "type": "Point", "coordinates": [ -0.225919322615333, 51.473874914831747 ] } },
{ "type": "Feature", "properties": { "visible_points": 41, "total_points": 99, "visibility_pct": 41.414141414141412 }, "geometry": { "type": "Point", "coordinates": [ -0.225719911496828, 51.473871899063489 ] } },
{ "type": "Feature", "properties": { "visible_points": 15, "total_points": 88, "visibility_pct": 17.045454545454543 }, "geometry": { "type": "Point", "coordinates": [ -0.225520500413648, 51.473868882956111 ] } },
{ "type": "Feature", "properties": { "visible_points": 11, "total_points": 87, "visibility_pct": 12.643678160919542 }, "geometry": { "type": "Point", "coordinates": [ -0.230800735160491, 51.474056544532665 ] } },
{ "type": "Feature", "properties": { "visible_points": 21, "total_points": 93, "visibility_pct": 22.58064516129032 }, "geometry": { "type": "Point", "coordinates": [ -0.230601322696799, 51.474053537063718 ] } },
{ "type": "Feature", "properties": { "visible_points": 0, "total_points": 98, "visibility_pct": 0.0 }, "geometry": { "type": "Point", "coordinates": [ -0.230401910268333, 51.474050529255635 ] } },
{ "type": "Feature", "properties": { "visible_points": 28, "total_points": 104, "visibility_pct": 26.923076923076923 }, "geometry": { "type": "Point", "coordinates": [ -0.230202497875091, 51.474047521108446 ] } },
{ "type": "Feature", "properties": { "visible_points": 34, "total_points": 110, "visibility_pct": 30.909090909090907 }, "geometry": { "type": "Point", "coordinates": [ -0.230003085517093, 51.474044512622136 ] } },
{ "type": "Feature", "properties": { "visible_points": 33, "total_points": 115, "visibility_pct": 28.695652173913043 }, "geometry": { "type": "Point", "coordinates": [ -0.229803673194319, 51.474041503796684 ] } },
{ "type": "Feature", "properties": { "visible_points": 46, "total_points": 118, "visibility_pct": 38.983050847457626 }, "geometry": { "type": "Point", "coordinates": [ -0.229604260906796, 51.474038494632111 ] } },
{ "type": "Feature", "properties": { "visible_points": 64, "total_points": 120, "visibility_pct": 53.333333333333336 }, "geometry": { "type": "Point", "coordinates": [ -0.229404848654516, 51.474035485128425 ] } },
{ "type": "Feature", "properties": { "visible_points": 70, "total_points": 120, "visibility_pct": 58.333333333333336 }, "geometry": { "type": "Point", "coordinates": [ -0.229205436437487, 51.474032475285611 ] } },
{ "type": "Feature", "properties": { "visible_points": 72, "total_points": 120, "visibility_pct": 60.0 }, "geometry": { "type": "Point", "coordinates": [ -0.229006024255709, 51.47402946510369 ] } },
{ "type": "Feature", "properties": { "visible_points": 78, "total_points": 120, "visibility_pct": 65.0 }, "geometry": { "type": "Point", "coordinates": [ -0.228806612109188, 51.474026454582635 ] } },
{ "type": "Feature", "properties": { "visible_points": 80, "total_points": 120, "visibility_pct": 66.666666666666657 }, "geometry": { "type": "Point", "coordinates": [ -0.22860719999793, 51.474023443722452 ] } },
{ "type": "Feature", "properties": { "visible_points": 88, "total_points": 120, "visibility_pct": 73.333333333333329 }, "geometry": { "type": "Point", "coordinates": [ -0.228407787921934, 51.474020432523162 ] } },
{ "type": "Feature", "properties": { "visible_points": 87, "total_points": 120, "visibility_pct": 72.5 }, "geometry": { "type": "Point", "coordinates": [ -0.228208375881215, 51.474017420984737 ] } },
{ "type": "Feature", "properties": { "visible_points": 88, "total_points": 120, "visibility_pct": 73.333333333333329 }, "geometry": { "type": "Point", "coordinates": [ -0.228008963875764, 51.474014409107191 ] } },
{ "type": "Feature", "properties": { "visible_points": 93, "total_points": 120, "visibility_pct": 77.5 }, "geometry": { "type": "Point", "coordinates": [ -0.227809551905589, 51.474011396890525 ] } },
{ "type": "Feature", "properties": { "visible_points": 91, "total_points": 120, "visibility_pct": 75.833333333333329 }, "geometry": { "type": "Point", "coordinates": [ -0.227610139970698, 51.474008384334752 ] } },
{ "type": "Feature", "properties": { "visible_points": 95, "total_points": 120, "visibility_pct": 79.166666666666657 }, "geometry": { "type": "Point", "coordinates": [ -0.227410728071094, 51.47400537143983 ] } },
{ "type": "Feature", "properties": { "visible_points": 101, "total_points": 120, "visibility_pct": 84.166666666666671 }, "geometry": { "type": "Point", "coordinates": [ -0.227211316206775, 51.474002358205809 ] } },
{ "type": "Feature", "properties": { "visible_points": 94, "total_points": 120, "visibility_pct": 78.333333333333329 }, "geometry": { "type": "Point", "coordinates": [ -0.227011904377753, 51.473999344632652 ] } },
{ "type": "Feature", "properties": { "visible_points": 89, "total_points": 120, "visibility_pct": 74.166666666666671 }, "geometry": { "type": "Point", "coordinates": [ -0.226812492584028, 51.473996330720368 ] } },
{ "type": "Feature", "properties": { "visible_points": 78, "total_points": 120, "visibility_pct": 65.0 }, "geometry": { "type": "Point", "coordinates": [ -0.226613080825602, 51.473993316468984 ] } },
{ "type": "Feature", "properties": { "visible_points": 73, "total_points": 120, "visibility_pct": 60.833333333333329 }, "geometry": { "type": "Point", "coordinates": [ -0.226413669102483, 51.473990301878473 ] } },
{ "type": "Feature", "properties": { "visible_points": 69, "total_points": 119, "visibility_pct": 57.983193277310932 }, "geometry": { "type": "Point", "coordinates": [ -0.226214257414672, 51.473987286948834 ] } },
{ "type": "Feature", "properties": { "visible_points": 54, "total_points": 111, "visibility_pct": 48.648648648648653 }, "geometry": { "type": "Point", "coordinates": [ -0.226014845762177, 51.473984271680081 ] } },
{ "type": "Feature", "properties": { "visible_points": 49, "total_points": 101, "visibility_pct": 48.514851485148512 }, "geometry": { "type": "Point", "coordinates": [ -0.225815434144998, 51.4739812560722 ] } },
{ "type": "Feature", "properties": { "visible_points": 4, "total_points": 90, "visibility_pct": 4.4444444444444446 }, "geometry": { "type": "Point", "coordinates": [ -0.225616022563139, 51.47397824012522 ] } },
{ "type": "Feature", "properties": { "visible_points": 0, "total_points": 99, "visibility_pct": 0.0 }, "geometry": { "type": "Point", "coordinates": [ -0.230298031957119, 51.474156874510541 ] } },
{ "type": "Feature", "properties": { "visible_points": 0, "total_points": 104, "visibility_pct": 0.0 }, "geometry": { "type": "Point", "coordinates": [ -0.230098619100474, 51.474153866184636 ] } },
{ "type": "Feature", "properties": { "visible_points": 7, "total_points": 109, "visibility_pct": 6.4220183486238538 }, "geometry": { "type": "Point", "coordinates": [ -0.229899206279066, 51.474150857519604 ] } },
{ "type": "Feature", "properties": { "visible_points": 28, "total_points": 114, "visibility_pct": 24.561403508771928 }, "geometry": { "type": "Point", "coordinates": [ -0.229699793492892, 51.474147848515479 ] } },
{ "type": "Feature", "properties": { "visible_points": 0, "total_points": 118, "visibility_pct": 0.0 }, "geometry": { "type": "Point", "coordinates": [ -0.229500380741965, 51.474144839172176 ] } },
{ "type": "Feature", "properties": { "visible_points": 62, "total_points": 120, "visibility_pct": 51.666666666666671 }, "geometry": { "type": "Point", "coordinates": [ -0.229300968026285, 51.474141829489795 ] } },
{ "type": "Feature", "properties": { "visible_points": 72, "total_points": 120, "visibility_pct": 60.0 }, "geometry": { "type": "Point", "coordinates": [ -0.229101555345861, 51.474138819468266 ] } },
{ "type": "Feature", "properties": { "visible_points": 79, "total_points": 120, "visibility_pct": 65.833333333333329 }, "geometry": { "type": "Point", "coordinates": [ -0.228902142700683, 51.474135809107615 ] } },
{ "type": "Feature", "properties": { "visible_points": 84, "total_points": 120, "visibility_pct": 70.0 }, "geometry": { "type": "Point", "coordinates": [ -0.228702730090774, 51.474132798407858 ] } },
{ "type": "Feature", "properties": { "visible_points": 84, "total_points": 120, "visibility_pct": 70.0 }, "geometry": { "type": "Point", "coordinates": [ -0.228503317516128, 51.474129787368973 ] } },
{ "type": "Feature", "properties": { "visible_points": 87, "total_points": 120, "visibility_pct": 72.5 }, "geometry": { "type": "Point", "coordinates": [ -0.228303904976742, 51.47412677599096 ] } },
{ "type": "Feature", "properties": { "visible_points": 90, "total_points": 120, "visibility_pct": 75.0 }, "geometry": { "type": "Point", "coordinates": [ -0.228104492472635, 51.47412376427382 ] } },
{ "type": "Feature", "properties": { "visible_points": 86, "total_points": 120, "visibility_pct": 71.666666666666671 }, "geometry": { "type": "Point", "coordinates": [ -0.227905080003799, 51.474120752217559 ] } },
{ "type": "Feature", "properties": { "visible_points": 86, "total_points": 120, "visibility_pct": 71.666666666666671 }, "geometry": { "type": "Point", "coordinates": [ -0.227705667570249, 51.474117739822169 ] } },
{ "type": "Feature", "properties": { "visible_points": 93, "total_points": 120, "visibility_pct": 77.5 }, "geometry": { "type": "Point", "coordinates": [ -0.227506255171978, 51.47411472708766 ] } },
{ "type": "Feature", "properties": { "visible_points": 97, "total_points": 120, "visibility_pct": 80.833333333333329 }, "geometry": { "type": "Point", "coordinates": [ -0.227306842808994, 51.47411171401405 ] } },
{ "type": "Feature", "properties": { "visible_points": 97, "total_points": 120, "visibility_pct": 80.833333333333329 }, "geometry": { "type": "Point", "coordinates": [ -0.227107430481305, 51.474108700601285 ] } },
{ "type": "Feature", "properties": { "visible_points": 95, "total_points": 120, "visibility_pct": 79.166666666666657 }, "geometry": { "type": "Point", "coordinates": [ -0.226908018188907, 51.47410568684942 ] } },
{ "type": "Feature", "properties": { "visible_points": 77, "total_points": 120, "visibility_pct": 64.166666666666671 }, "geometry": { "type": "Point", "coordinates": [ -0.226708605931815, 51.474102672758427 ] } },
{ "type": "Feature", "properties": { "visible_points": 70, "total_points": 120, "visibility_pct": 58.333333333333336 }, "geometry": { "type": "Point", "coordinates": [ -0.226509193710018, 51.474099658328299 ] } },
{ "type": "Feature", "properties": { "visible_points": 69, "total_points": 120, "visibility_pct": 57.5 }, "geometry": { "type": "Point", "coordinates": [ -0.226309781523539, 51.474096643559065 ] } },
{ "type": "Feature", "properties": { "visible_points": 61, "total_points": 113, "visibility_pct": 53.982300884955748 }, "geometry": { "type": "Point", "coordinates": [ -0.226110369372365, 51.474093628450674 ] } },
{ "type": "Feature", "properties": { "visible_points": 50, "total_points": 103, "visibility_pct": 48.543689320388353 }, "geometry": { "type": "Point", "coordinates": [ -0.225910957256504, 51.474090613003213 ] } },
{ "type": "Feature", "properties": { "visible_points": 12, "total_points": 92, "visibility_pct": 13.043478260869565 }, "geometry": { "type": "Point", "coordinates": [ -0.22571154517597, 51.474087597216588 ] } },
{ "type": "Feature", "properties": { "visible_points": 0, "total_points": 80, "visibility_pct": 0.0 }, "geometry": { "type": "Point", "coordinates": [ -0.225512133130757, 51.474084581090864 ] } },
{ "type": "Feature", "properties": { "visible_points": 0, "total_points": 110, "visibility_pct": 0.0 }, "geometry": { "type": "Point", "coordinates": [ -0.229795326542381, 51.474257202321049 ] } },
{ "type": "Feature", "properties": { "visible_points": 1, "total_points": 114, "visibility_pct": 0.8771929824561403 }, "geometry": { "type": "Point", "coordinates": [ -0.229595913292801, 51.474254193138187 ] } },
{ "type": "Feature", "properties": { "visible_points": 0, "total_points": 118, "visibility_pct": 0.0 }, "geometry": { "type": "Point", "coordinates": [ -0.229396500078473, 51.474251183616204 ] } },
{ "type": "Feature", "properties": { "visible_points": 59, "total_points": 120, "visibility_pct": 49.166666666666664 }, "geometry": { "type": "Point", "coordinates": [ -0.229197086899391, 51.474248173755079 ] } },
{ "type": "Feature", "properties": { "visible_points": 72, "total_points": 120, "visibility_pct": 60.0 }, "geometry": { "type": "Point", "coordinates": [ -0.228997673755564, 51.474245163554862 ] } },
{ "type": "Feature", "properties": { "visible_points": 76, "total_points": 120, "visibility_pct": 63.333333333333329 }, "geometry": { "type": "Point", "coordinates": [ -0.228798260646999, 51.474242153015517 ] } },
{ "type": "Feature", "properties": { "visible_points": 81, "total_points": 120, "visibility_pct": 67.5 }, "geometry": { "type": "Point", "coordinates": [ -0.228598847573688, 51.474239142137023 ] } },
{ "type": "Feature", "properties": { "visible_points": 86, "total_points": 120, "visibility_pct": 71.666666666666671 }, "geometry": { "type": "Point", "coordinates": [ -0.228399434535651, 51.474236130919408 ] } },
{ "type": "Feature", "properties": { "visible_points": 94, "total_points": 120, "visibility_pct": 78.333333333333329 }, "geometry": { "type": "Point", "coordinates": [ -0.228200021532878, 51.47423311936268 ] } },
{ "type": "Feature", "properties": { "visible_points": 87, "total_points": 120, "visibility_pct": 72.5 }, "geometry": { "type": "Point", "coordinates": [ -0.228000608565381, 51.47423010746683 ] } },
{ "type": "Feature", "properties": { "visible_points": 85, "total_points": 120, "visibility_pct": 70.833333333333343 }, "geometry": { "type": "Point", "coordinates": [ -0.227801195633165, 51.474227095231846 ] } },
{ "type": "Feature", "properties": { "visible_points": 85, "total_points": 120, "visibility_pct": 70.833333333333343 }, "geometry": { "type": "Point", "coordinates": [ -0.227601782736228, 51.474224082657749 ] } },
{ "type": "Feature", "properties": { "visible_points": 97, "total_points": 120, "visibility_pct": 80.833333333333329 }, "geometry": { "type": "Point", "coordinates": [ -0.227402369874576, 51.474221069744509 ] } },
{ "type": "Feature", "properties": { "visible_points": 90, "total_points": 120, "visibility_pct": 75.0 }, "geometry": { "type": "Point", "coordinates": [ -0.227202957048214, 51.474218056492177 ] } },
{ "type": "Feature", "properties": { "visible_points": 95, "total_points": 120, "visibility_pct": 79.166666666666657 }, "geometry": { "type": "Point", "coordinates": [ -0.227003544257151, 51.474215042900688 ] } },
{ "type": "Feature", "properties": { "visible_points": 82, "total_points": 120, "visibility_pct": 68.333333333333329 }, "geometry": { "type": "Point", "coordinates": [ -0.226804131501379, 51.474212028970094 ] } },
{ "type": "Feature", "properties": { "visible_points": 73, "total_points": 120, "visibility_pct": 60.833333333333329 }, "geometry": { "type": "Point", "coordinates": [ -0.226604718780917, 51.474209014700364 ] } },
{ "type": "Feature", "properties": { "visible_points": 68, "total_points": 120, "visibility_pct": 56.666666666666664 }, "geometry": { "type": "Point", "coordinates": [ -0.226405306095754, 51.47420600009152 ] } },
{ "type": "Feature", "properties": { "visible_points": 58, "total_points": 115, "visibility_pct": 50.434782608695649 }, "geometry": { "type": "Point", "coordinates": [ -0.226205893445899, 51.474202985143542 ] } },
{ "type": "Feature", "properties": { "visible_points": 48, "total_points": 105, "visibility_pct": 45.714285714285715 }, "geometry": { "type": "Point", "coordinates": [ -0.226006480831365, 51.47419996985645 ] } },
{ "type": "Feature", "properties": { "visible_points": 35, "total_points": 94, "visibility_pct": 37.234042553191486 }, "geometry": { "type": "Point", "coordinates": [ -0.225807068252144, 51.474196954230223 ] } },
{ "type": "Feature", "properties": { "visible_points": 22, "total_points": 82, "visibility_pct": 26.829268292682929 }, "geometry": { "type": "Point", "coordinates": [ -0.225607655708251, 51.474193938264882 ] } },
{ "type": "Feature", "properties": { "visible_points": 1, "total_points": 70, "visibility_pct": 1.4285714285714286 }, "geometry": { "type": "Point", "coordinates": [ -0.225408243199675, 51.474190921960428 ] } },
{ "type": "Feature", "properties": { "visible_points": 0, "total_points": 106, "visibility_pct": 0.0 }, "geometry": { "type": "Point", "coordinates": [ -0.229890860055261, 51.474366556048871 ] } },
{ "type": "Feature", "properties": { "visible_points": 0, "total_points": 111, "visibility_pct": 0.0 }, "geometry": { "type": "Point", "coordinates": [ -0.229691446307027, 51.474363547026428 ] } },
{ "type": "Feature", "properties": { "visible_points": 0, "total_points": 115, "visibility_pct": 0.0 }, "geometry": { "type": "Point", "coordinates": [ -0.229492032594048, 51.47436053766485 ] } },
{ "type": "Feature", "properties": { "visible_points": 45, "total_points": 119, "visibility_pct": 37.815126050420169 }, "geometry": { "type": "Point", "coordinates": [ -0.22929261891631, 51.474357527964166 ] } },
{ "type": "Feature", "properties": { "visible_points": 62, "total_points": 120, "visibility_pct": 51.666666666666671 }, "geometry": { "type": "Point", "coordinates": [ -0.229093205273828, 51.47435451792434 ] } },
{ "type": "Feature", "properties": { "visible_points": 69, "total_points": 120, "visibility_pct": 57.5 }, "geometry": { "type": "Point", "coordinates": [ -0.228893791666599, 51.4743515075454 ] } },
{ "type": "Feature", "properties": { "visible_points": 78, "total_points": 120, "visibility_pct": 65.0 }, "geometry": { "type": "Point", "coordinates": [ -0.228694378094633, 51.474348496827318 ] } },
{ "type": "Feature", "properties": { "visible_points": 82, "total_points": 120, "visibility_pct": 68.333333333333329 }, "geometry": { "type": "Point", "coordinates": [ -0.228494964557933, 51.474345485770129 ] } },
{ "type": "Feature", "properties": { "visible_points": 83, "total_points": 120, "visibility_pct": 69.166666666666671 }, "geometry": { "type": "Point", "coordinates": [ -0.228295551056499, 51.474342474373806 ] } },
{ "type": "Feature", "properties": { "visible_points": 89, "total_points": 120, "visibility_pct": 74.166666666666671 }, "geometry": { "type": "Point", "coordinates": [ -0.228096137590335, 51.474339462638348 ] } },
{ "type": "Feature", "properties": { "visible_points": 87, "total_points": 120, "visibility_pct": 72.5 }, "geometry": { "type": "Point", "coordinates": [ -0.227896724159451, 51.474336450563776 ] } },
{ "type": "Feature", "properties": { "visible_points": 89, "total_points": 120, "visibility_pct": 74.166666666666671 }, "geometry": { "type": "Point", "coordinates": [ -0.227697310763847, 51.474333438150076 ] } },
{ "type": "Feature", "properties": { "visible_points": 94, "total_points": 120, "visibility_pct": 78.333333333333329 }, "geometry": { "type": "Point", "coordinates": [ -0.227497897403523, 51.474330425397241 ] } },
{ "type": "Feature", "properties": { "visible_points": 94, "total_points": 120, "visibility_pct": 78.333333333333329 }, "geometry": { "type": "Point", "coordinates": [ -0.227298484078492, 51.474327412305293 ] } },
{ "type": "Feature", "properties": { "visible_points": 92, "total_points": 120, "visibility_pct": 76.666666666666671 }, "geometry": { "type": "Point", "coordinates": [ -0.227099070788751, 51.474324398874231 ] } },
{ "type": "Feature", "properties": { "visible_points": 84, "total_points": 120, "visibility_pct": 70.0 }, "geometry": { "type": "Point", "coordinates": [ -0.226899657534306, 51.474321385104027 ] } },
{ "type": "Feature", "properties": { "visible_points": 76, "total_points": 120, "visibility_pct": 63.333333333333329 }, "geometry": { "type": "Point", "coordinates": [ -0.226700244315163, 51.474318370994688 ] } },
{ "type": "Feature", "properties": { "visible_points": 70, "total_points": 120, "visibility_pct": 58.333333333333336 }, "geometry": { "type": "Point", "coordinates": [ -0.226500831131325, 51.474315356546242 ] } },
{ "type": "Feature", "properties": { "visible_points": 63, "total_points": 115, "visibility_pct": 54.782608695652172 }, "geometry": { "type": "Point", "coordinates": [ -0.22630141798279, 51.474312341758669 ] } },
{ "type": "Feature", "properties": { "visible_points": 44, "total_points": 107, "visibility_pct": 41.121495327102799 }, "geometry": { "type": "Point", "coordinates": [ -0.226102004869571, 51.47430932663196 ] } },
{ "type": "Feature", "properties": { "visible_points": 6, "total_points": 96, "visibility_pct": 6.25 }, "geometry": { "type": "Point", "coordinates": [ -0.225902591791671, 51.474306311166124 ] } },
{ "type": "Feature", "properties": { "visible_points": 0, "total_points": 84, "visibility_pct": 0.0 }, "geometry": { "type": "Point", "coordinates": [ -0.225703178749085, 51.47430329536121 ] } },
{ "type": "Feature", "properties": { "visible_points": 0, "total_points": 72, "visibility_pct": 0.0 }, "geometry": { "type": "Point", "coordinates": [ -0.225503765741829, 51.474300279217111 ] } },
{ "type": "Feature", "properties": { "visible_points": 0, "total_points": 108, "visibility_pct": 0.0 }, "geometry": { "type": "Point", "coordinates": [ -0.229786979784656, 51.474472900836901 ] } },
{ "type": "Feature", "properties": { "visible_points": 16, "total_points": 112, "visibility_pct": 14.285714285714285 }, "geometry": { "type": "Point", "coordinates": [ -0.229587565573015, 51.474469891635749 ] } },
{ "type": "Feature", "properties": { "visible_points": 33, "total_points": 116, "visibility_pct": 28.448275862068968 }, "geometry": { "type": "Point", "coordinates": [ -0.22938815139662, 51.47446688209547 ] } },
{ "type": "Feature", "properties": { "visible_points": 55, "total_points": 120, "visibility_pct": 45.833333333333329 }, "geometry": { "type": "Point", "coordinates": [ -0.229188737255481, 51.474463872216063 ] } },
{ "type": "Feature", "properties": { "visible_points": 62, "total_points": 120, "visibility_pct": 51.666666666666671 }, "geometry": { "type": "Point", "coordinates": [ -0.228989323149592, 51.474460861997535 ] } },
{ "type": "Feature", "properties": { "visible_points": 71, "total_points": 120, "visibility_pct": 59.166666666666664 }, "geometry": { "type": "Point", "coordinates": [ -0.228789909078962, 51.474457851439858 ] } },
{ "type": "Feature", "properties": { "visible_points": 78, "total_points": 120, "visibility_pct": 65.0 }, "geometry": { "type": "Point", "coordinates": [ -0.228590495043596, 51.474454840543082 ] } },
{ "type": "Feature", "properties": { "visible_points": 81, "total_points": 120, "visibility_pct": 67.5 }, "geometry": { "type": "Point", "coordinates": [ -0.2283910810435, 51.474451829307164 ] } },
{ "type": "Feature", "properties": { "visible_points": 82, "total_points": 120, "visibility_pct": 68.333333333333329 }, "geometry": { "type": "Point", "coordinates": [ -0.228191667078667, 51.474448817732117 ] } },
{ "type": "Feature", "properties": { "visible_points": 88, "total_points": 120, "visibility_pct": 73.333333333333329 }, "geometry": { "type": "Point", "coordinates": [ -0.227992253149113, 51.474445805817957 ] } },
{ "type": "Feature", "properties": { "visible_points": 86, "total_points": 120, "visibility_pct": 71.666666666666671 }, "geometry": { "type": "Point", "coordinates": [ -0.227792839254838, 51.474442793564648 ] } },
{ "type": "Feature", "properties": { "visible_points": 91, "total_points": 120, "visibility_pct": 75.833333333333329 }, "geometry": { "type": "Point", "coordinates": [ -0.227593425395844, 51.474439780972226 ] } },
{ "type": "Feature", "properties": { "visible_points": 89, "total_points": 120, "visibility_pct": 74.166666666666671 }, "geometry": { "type": "Point", "coordinates": [ -0.227394011572133, 51.474436768040682 ] } },
{ "type": "Feature", "properties": { "visible_points": 82, "total_points": 120, "visibility_pct": 68.333333333333329 }, "geometry": { "type": "Point", "coordinates": [ -0.227194597783721, 51.474433754770004 ] } },
{ "type": "Feature", "properties": { "visible_points": 81, "total_points": 120, "visibility_pct": 67.5 }, "geometry": { "type": "Point", "coordinates": [ -0.226995184030599, 51.474430741160198 ] } },
{ "type": "Feature", "properties": { "visible_points": 80, "total_points": 120, "visibility_pct": 66.666666666666657 }, "geometry": { "type": "Point", "coordinates": [ -0.226795770312773, 51.474427727211271 ] } },
{ "type": "Feature", "properties": { "visible_points": 70, "total_points": 120, "visibility_pct": 58.333333333333336 }, "geometry": { "type": "Point", "coordinates": [ -0.226596356630255, 51.474424712923224 ] } },
{ "type": "Feature", "properties": { "visible_points": 62, "total_points": 115, "visibility_pct": 53.913043478260867 }, "geometry": { "type": "Point", "coordinates": [ -0.226396942983037, 51.474421698296041 ] } },
{ "type": "Feature", "properties": { "visible_points": 55, "total_points": 107, "visibility_pct": 51.401869158878498 }, "geometry": { "type": "Point", "coordinates": [ -0.226197529371136, 51.474418683329723 ] } },
{ "type": "Feature", "properties": { "visible_points": 0, "total_points": 98, "visibility_pct": 0.0 }, "geometry": { "type": "Point", "coordinates": [ -0.225998115794546, 51.474415668024285 ] } },
{ "type": "Feature", "properties": { "visible_points": 3, "total_points": 86, "visibility_pct": 3.4883720930232558 }, "geometry": { "type": "Point", "coordinates": [ -0.225798702253277, 51.474412652379741 ] } },
{ "type": "Feature", "properties": { "visible_points": 0, "total_points": 74, "visibility_pct": 0.0 }, "geometry": { "type": "Point", "coordinates": [ -0.225599288747326, 51.474409636396047 ] } },
{ "type": "Feature", "properties": { "visible_points": 2, "total_points": 65, "visibility_pct": 3.0769230769230771 }, "geometry": { "type": "Point", "coordinates": [ -0.232674323368316, 51.474624345531225 ] } },
{ "type": "Feature", "properties": { "visible_points": 27, "total_points": 69, "visibility_pct": 39.130434782608695 }, "geometry": { "type": "Point", "coordinates": [ -0.23247490816501, 51.474621341238318 ] } },
{ "type": "Feature", "properties": { "visible_points": 23, "total_points": 72, "visibility_pct": 31.944444444444443 }, "geometry": { "type": "Point", "coordinates": [ -0.232275492996894, 51.474618336606284 ] } },
{ "type": "Feature", "properties": { "visible_points": 0, "total_points": 107, "visibility_pct": 0.0 }, "geometry": { "type": "Point", "coordinates": [ -0.229882513725677, 51.474582254569604 ] } },
{ "type": "Feature", "properties": { "visible_points": 27, "total_points": 110, "visibility_pct": 24.545454545454547 }, "geometry": { "type": "Point", "coordinates": [ -0.229683099015379, 51.474579245528872 ] } },
{ "type": "Feature", "properties": { "visible_points": 37, "total_points": 114, "visibility_pct": 32.456140350877192 }, "geometry": { "type": "Point", "coordinates": [ -0.229483684340328, 51.474576236149005 ] } },
{ "type": "Feature", "properties": { "visible_points": 53, "total_points": 118, "visibility_pct": 44.915254237288138 }, "geometry": { "type": "Point", "coordinates": [ -0.229284269700523, 51.474573226430017 ] } },
{ "type": "Feature", "properties": { "visible_points": 63, "total_points": 120, "visibility_pct": 52.5 }, "geometry": { "type": "Point", "coordinates": [ -0.229084855095972, 51.474570216371895 ] } },
{ "type": "Feature", "properties": { "visible_points": 75, "total_points": 120, "visibility_pct": 62.5 }, "geometry": { "type": "Point", "coordinates": [ -0.22888544052668, 51.474567205974644 ] } },
{ "type": "Feature", "properties": { "visible_points": 74, "total_points": 120, "visibility_pct": 61.666666666666671 }, "geometry": { "type": "Point", "coordinates": [ -0.228686025992648, 51.474564195238266 ] } },
{ "type": "Feature", "properties": { "visible_points": 83, "total_points": 120, "visibility_pct": 69.166666666666671 }, "geometry": { "type": "Point", "coordinates": [ -0.228486611493876, 51.474561184162773 ] } },
{ "type": "Feature", "properties": { "visible_points": 81, "total_points": 120, "visibility_pct": 67.5 }, "geometry": { "type": "Point", "coordinates": [ -0.228287197030382, 51.474558172748132 ] } },
{ "type": "Feature", "properties": { "visible_points": 76, "total_points": 120, "visibility_pct": 63.333333333333329 }, "geometry": { "type": "Point", "coordinates": [ -0.22808778260215, 51.47455516099437 ] } },
{ "type": "Feature", "properties": { "visible_points": 80, "total_points": 120, "visibility_pct": 66.666666666666657 }, "geometry": { "type": "Point", "coordinates": [ -0.227888368209205, 51.474552148901473 ] } },
{ "type": "Feature", "properties": { "visible_points": 84, "total_points": 120, "visibility_pct": 70.0 }, "geometry": { "type": "Point", "coordinates": [ -0.227688953851537, 51.474549136469477 ] } },
{ "type": "Feature", "properties": { "visible_points": 84, "total_points": 120, "visibility_pct": 70.0 }, "geometry": { "type": "Point", "coordinates": [ -0.227489539529154, 51.47454612369831 ] } },
{ "type": "Feature", "properties": { "visible_points": 83, "total_points": 120, "visibility_pct": 69.166666666666671 }, "geometry": { "type": "Point", "coordinates": [ -0.227290125242054, 51.47454311058803 ] } },
{ "type": "Feature", "properties": { "visible_points": 75, "total_points": 120, "visibility_pct": 62.5 }, "geometry": { "type": "Point", "coordinates": [ -0.227090710990256, 51.474540097138636 ] } },
{ "type": "Feature", "properties": { "visible_points": 70, "total_points": 120, "visibility_pct": 58.333333333333336 }, "geometry": { "type": "Point", "coordinates": [ -0.226891296773752, 51.474537083350107 ] } },
{ "type": "Feature", "properties": { "visible_points": 65, "total_points": 120, "visibility_pct": 54.166666666666664 }, "geometry": { "type": "Point", "coordinates": [ -0.226691882592546, 51.47453406922245 ] } },
{ "type": "Feature", "properties": { "visible_points": 59, "total_points": 115, "visibility_pct": 51.304347826086961 }, "geometry": { "type": "Point", "coordinates": [ -0.226492468446647, 51.474531054755666 ] } },
{ "type": "Feature", "properties": { "visible_points": 55, "total_points": 107, "visibility_pct": 51.401869158878498 }, "geometry": { "type": "Point", "coordinates": [ -0.226293054336055, 51.47452803994976 ] } },
{ "type": "Feature", "properties": { "visible_points": 50, "total_points": 98, "visibility_pct": 51.020408163265309 }, "geometry": { "type": "Point", "coordinates": [ -0.226093640260778, 51.47452502480472 ] } },
{ "type": "Feature", "properties": { "visible_points": 5, "total_points": 88, "visibility_pct": 5.6818181818181817 }, "geometry": { "type": "Point", "coordinates": [ -0.225894226220816, 51.474522009320538 ] } },
{ "type": "Feature", "properties": { "visible_points": 0, "total_points": 76, "visibility_pct": 0.0 }, "geometry": { "type": "Point", "coordinates": [ -0.225694812216177, 51.474518993497242 ] } },
{ "type": "Feature", "properties": { "visible_points": 0, "total_points": 72, "visibility_pct": 0.0 }, "geometry": { "type": "Point", "coordinates": [ -0.232769864753806, 51.474733696940142 ] } },
{ "type": "Feature", "properties": { "visible_points": 32, "total_points": 78, "visibility_pct": 41.025641025641022 }, "geometry": { "type": "Point", "coordinates": [ -0.232570449051862, 51.474730692807668 ] } },
{ "type": "Feature", "properties": { "visible_points": 36, "total_points": 81, "visibility_pct": 44.444444444444443 }, "geometry": { "type": "Point", "coordinates": [ -0.232371033385109, 51.474727688336074 ] } },
{ "type": "Feature", "properties": { "visible_points": 38, "total_points": 83, "visibility_pct": 45.783132530120483 }, "geometry": { "type": "Point", "coordinates": [ -0.232171617753541, 51.474724683525324 ] } },
{ "type": "Feature", "properties": { "visible_points": 33, "total_points": 84, "visibility_pct": 39.285714285714285 }, "geometry": { "type": "Point", "coordinates": [ -0.231972202157172, 51.47472167837546 ] } },
{ "type": "Feature", "properties": { "visible_points": 0, "total_points": 84, "visibility_pct": 0.0 }, "geometry": { "type": "Point", "coordinates": [ -0.231772786596005, 51.474718672886453 ] } },
{ "type": "Feature", "properties": { "visible_points": 0, "total_points": 106, "visibility_pct": 0.0 }, "geometry": { "type": "Point", "coordinates": [ -0.229978048130103, 51.474691608224553 ] } },
{ "type": "Feature", "properties": { "visible_points": 0, "total_points": 109, "visibility_pct": 0.0 }, "geometry": { "type": "Point", "coordinates": [ -0.229778632921145, 51.47468859934424 ] } },
{ "type": "Feature", "properties": { "visible_points": 26, "total_points": 113, "visibility_pct": 23.008849557522122 }, "geometry": { "type": "Point", "coordinates": [ -0.229579217747433, 51.4746855901248 ] } },
{ "type": "Feature", "properties": { "visible_points": 48, "total_points": 117, "visibility_pct": 41.025641025641022 }, "geometry": { "type": "Point", "coordinates": [ -0.229379802608966, 51.474682580566217 ] } },
{ "type": "Feature", "properties": { "visible_points": 65, "total_points": 120, "visibility_pct": 54.166666666666664 }, "geometry": { "type": "Point", "coordinates": [ -0.229180387505749, 51.474679570668513 ] } },
{ "type": "Feature", "properties": { "visible_points": 72, "total_points": 120, "visibility_pct": 60.0 }, "geometry": { "type": "Point", "coordinates": [ -0.228980972437788, 51.474676560431675 ] } },
{ "type": "Feature", "properties": { "visible_points": 83, "total_points": 120, "visibility_pct": 69.166666666666671 }, "geometry": { "type": "Point", "coordinates": [ -0.228781557405088, 51.474673549855709 ] } },
{ "type": "Feature", "properties": { "visible_points": 88, "total_points": 120, "visibility_pct": 73.333333333333329 }, "geometry": { "type": "Point", "coordinates": [ -0.228582142407648, 51.474670538940607 ] } },
{ "type": "Feature", "properties": { "visible_points": 87, "total_points": 120, "visibility_pct": 72.5 }, "geometry": { "type": "Point", "coordinates": [ -0.228382727445477, 51.474667527686393 ] } },
{ "type": "Feature", "properties": { "visible_points": 86, "total_points": 120, "visibility_pct": 71.666666666666671 }, "geometry": { "type": "Point", "coordinates": [ -0.22818331251858, 51.474664516093036 ] } },
{ "type": "Feature", "properties": { "visible_points": 80, "total_points": 120, "visibility_pct": 66.666666666666657 }, "geometry": { "type": "Point", "coordinates": [ -0.22798389762695, 51.474661504160544 ] } },
{ "type": "Feature", "properties": { "visible_points": 83, "total_points": 120, "visibility_pct": 69.166666666666671 }, "geometry": { "type": "Point", "coordinates": [ -0.22778448277061, 51.474658491888938 ] } },
{ "type": "Feature", "properties": { "visible_points": 82, "total_points": 120, "visibility_pct": 68.333333333333329 }, "geometry": { "type": "Point", "coordinates": [ -0.227585067949545, 51.474655479278212 ] } },
{ "type": "Feature", "properties": { "visible_points": 80, "total_points": 120, "visibility_pct": 66.666666666666657 }, "geometry": { "type": "Point", "coordinates": [ -0.22738565316377, 51.474652466328322 ] } },
{ "type": "Feature", "properties": { "visible_points": 74, "total_points": 120, "visibility_pct": 61.666666666666671 }, "geometry": { "type": "Point", "coordinates": [ -0.227186238413286, 51.474649453039326 ] } },
{ "type": "Feature", "properties": { "visible_points": 67, "total_points": 120, "visibility_pct": 55.833333333333336 }, "geometry": { "type": "Point", "coordinates": [ -0.226986823698095, 51.474646439411188 ] } },
{ "type": "Feature", "properties": { "visible_points": 65, "total_points": 120, "visibility_pct": 54.166666666666664 }, "geometry": { "type": "Point", "coordinates": [ -0.226787409018207, 51.474643425443951 ] } },
{ "type": "Feature", "properties": { "visible_points": 59, "total_points": 115, "visibility_pct": 51.304347826086961 }, "geometry": { "type": "Point", "coordinates": [ -0.226587994373618, 51.474640411137557 ] } },
{ "type": "Feature", "properties": { "visible_points": 50, "total_points": 108, "visibility_pct": 46.296296296296298 }, "geometry": { "type": "Point", "coordinates": [ -0.22638857976434, 51.474637396492035 ] } },
{ "type": "Feature", "properties": { "visible_points": 41, "total_points": 99, "visibility_pct": 41.414141414141412 }, "geometry": { "type": "Point", "coordinates": [ -0.226189165190371, 51.4746343815074 ] } },
{ "type": "Feature", "properties": { "visible_points": 6, "total_points": 89, "visibility_pct": 6.7415730337078648 }, "geometry": { "type": "Point", "coordinates": [ -0.225989750651717, 51.474631366183615 ] } },
{ "type": "Feature", "properties": { "visible_points": 0, "total_points": 78, "visibility_pct": 0.0 }, "geometry": { "type": "Point", "coordinates": [ -0.225790336148384, 51.47462835052071 ] } },
{ "type": "Feature", "properties": { "visible_points": 30, "total_points": 76, "visibility_pct": 39.473684210526315 }, "geometry": { "type": "Point", "coordinates": [ -0.232865406602729, 51.474843048271282 ] } },
{ "type": "Feature", "properties": { "visible_points": 36, "total_points": 85, "visibility_pct": 42.352941176470587 }, "geometry": { "type": "Point", "coordinates": [ -0.232665990402152, 51.474840044299249 ] } },
{ "type": "Feature", "properties": { "visible_points": 40, "total_points": 91, "visibility_pct": 43.956043956043956 }, "geometry": { "type": "Point", "coordinates": [ -0.232466574236754, 51.474837039988088 ] } },
{ "type": "Feature", "properties": { "visible_points": 41, "total_points": 94, "visibility_pct": 43.61702127659575 }, "geometry": { "type": "Point", "coordinates": [ -0.232267158106547, 51.474834035337786 ] } },
{ "type": "Feature", "properties": { "visible_points": 42, "total_points": 95, "visibility_pct": 44.210526315789473 }, "geometry": { "type": "Point", "coordinates": [ -0.232067742011535, 51.474831030348369 ] } },
{ "type": "Feature", "properties": { "visible_points": 45, "total_points": 93, "visibility_pct": 48.387096774193552 }, "geometry": { "type": "Point", "coordinates": [ -0.231868325951723, 51.474828025019789 ] } },
{ "type": "Feature", "properties": { "visible_points": 34, "total_points": 89, "visibility_pct": 38.202247191011232 }, "geometry": { "type": "Point", "coordinates": [ -0.231668909927109, 51.474825019352096 ] } },
{ "type": "Feature", "properties": { "visible_points": 1, "total_points": 87, "visibility_pct": 1.1494252873563218 }, "geometry": { "type": "Point", "coordinates": [ -0.231469493937698, 51.474822013345246 ] } },
{ "type": "Feature", "properties": { "visible_points": 0, "total_points": 87, "visibility_pct": 0.0 }, "geometry": { "type": "Point", "coordinates": [ -0.231270077983502, 51.47481900699929 ] } },
{ "type": "Feature", "properties": { "visible_points": 0, "total_points": 106, "visibility_pct": 0.0 }, "geometry": { "type": "Point", "coordinates": [ -0.230073582997937, 51.474800961801705 ] } },
{ "type": "Feature", "properties": { "visible_points": 7, "total_points": 109, "visibility_pct": 6.4220183486238538 }, "geometry": { "type": "Point", "coordinates": [ -0.229874167290315, 51.474797953081818 ] } },
{ "type": "Feature", "properties": { "visible_points": 17, "total_points": 112, "visibility_pct": 15.178571428571427 }, "geometry": { "type": "Point", "coordinates": [ -0.229674751617938, 51.474794944022804 ] } },
{ "type": "Feature", "properties": { "visible_points": 39, "total_points": 116, "visibility_pct": 33.620689655172413 }, "geometry": { "type": "Point", "coordinates": [ -0.229475335980806, 51.474791934624641 ] } },
{ "type": "Feature", "properties": { "visible_points": 67, "total_points": 119, "visibility_pct": 56.30252100840336 }, "geometry": { "type": "Point", "coordinates": [ -0.229275920378923, 51.474788924887363 ] } },
{ "type": "Feature", "properties": { "visible_points": 80, "total_points": 120, "visibility_pct": 66.666666666666657 }, "geometry": { "type": "Point", "coordinates": [ -0.229076504812293, 51.474785914810944 ] } },
{ "type": "Feature", "properties": { "visible_points": 88, "total_points": 120, "visibility_pct": 73.333333333333329 }, "geometry": { "type": "Point", "coordinates": [ -0.228877089280918, 51.474782904395383 ] } },
{ "type": "Feature", "properties": { "visible_points": 90, "total_points": 120, "visibility_pct": 75.0 }, "geometry": { "type": "Point", "coordinates": [ -0.22867767378481, 51.474779893640701 ] } },
{ "type": "Feature", "properties": { "visible_points": 93, "total_points": 120, "visibility_pct": 77.5 }, "geometry": { "type": "Point", "coordinates": [ -0.228478258323965, 51.474776882546891 ] } },
{ "type": "Feature", "properties": { "visible_points": 92, "total_points": 120, "visibility_pct": 76.666666666666671 }, "geometry": { "type": "Point", "coordinates": [ -0.228278842898388, 51.474773871113939 ] } },
{ "type": "Feature", "properties": { "visible_points": 90, "total_points": 120, "visibility_pct": 75.0 }, "geometry": { "type": "Point", "coordinates": [ -0.228079427508085, 51.474770859341852 ] } },
{ "type": "Feature", "properties": { "visible_points": 90, "total_points": 120, "visibility_pct": 75.0 }, "geometry": { "type": "Point", "coordinates": [ -0.227880012153063, 51.474767847230666 ] } },
{ "type": "Feature", "properties": { "visible_points": 89, "total_points": 120, "visibility_pct": 74.166666666666671 }, "geometry": { "type": "Point", "coordinates": [ -0.227680596833314, 51.474764834780338 ] } },
{ "type": "Feature", "properties": { "visible_points": 79, "total_points": 120, "visibility_pct": 65.833333333333329 }, "geometry": { "type": "Point", "coordinates": [ -0.227481181548858, 51.47476182199086 ] } },
{ "type": "Feature", "properties": { "visible_points": 78, "total_points": 120, "visibility_pct": 65.0 }, "geometry": { "type": "Point", "coordinates": [ -0.227281766299692, 51.474758808862255 ] } },
{ "type": "Feature", "properties": { "visible_points": 70, "total_points": 120, "visibility_pct": 58.333333333333336 }, "geometry": { "type": "Point", "coordinates": [ -0.227082351085815, 51.474755795394522 ] } },
{ "type": "Feature", "properties": { "visible_points": 65, "total_points": 120, "visibility_pct": 54.166666666666664 }, "geometry": { "type": "Point", "coordinates": [ -0.226882935907238, 51.474752781587682 ] } },
{ "type": "Feature", "properties": { "visible_points": 61, "total_points": 116, "visibility_pct": 52.586206896551722 }, "geometry": { "type": "Point", "coordinates": [ -0.22668352076396, 51.474749767441693 ] } },
{ "type": "Feature", "properties": { "visible_points": 52, "total_points": 109, "visibility_pct": 47.706422018348626 }, "geometry": { "type": "Point", "coordinates": [ -0.226484105655987, 51.47474675295657 ] } },
{ "type": "Feature", "properties": { "visible_points": 40, "total_points": 100, "visibility_pct": 40.0 }, "geometry": { "type": "Point", "coordinates": [ -0.226284690583327, 51.474743738132325 ] } },
{ "type": "Feature", "properties": { "visible_points": 0, "total_points": 90, "visibility_pct": 0.0 }, "geometry": { "type": "Point", "coordinates": [ -0.226085275545981, 51.474740722968939 ] } },
{ "type": "Feature", "properties": { "visible_points": 0, "total_points": 79, "visibility_pct": 0.0 }, "geometry": { "type": "Point", "coordinates": [ -0.225885860543947, 51.474737707466439 ] } },
{ "type": "Feature", "properties": { "visible_points": 32, "total_points": 77, "visibility_pct": 41.558441558441558 }, "geometry": { "type": "Point", "coordinates": [ -0.232960948915101, 51.474952399524646 ] } },
{ "type": "Feature", "properties": { "visible_points": 35, "total_points": 88, "visibility_pct": 39.772727272727273 }, "geometry": { "type": "Point", "coordinates": [ -0.232761532215879, 51.474949395713068 ] } },
{ "type": "Feature", "properties": { "visible_points": 38, "total_points": 98, "visibility_pct": 38.775510204081634 }, "geometry": { "type": "Point", "coordinates": [ -0.232562115551843, 51.474946391562327 ] } },
{ "type": "Feature", "properties": { "visible_points": 43, "total_points": 104, "visibility_pct": 41.346153846153847 }, "geometry": { "type": "Point", "coordinates": [ -0.232362698922991, 51.474943387072457 ] } },
{ "type": "Feature", "properties": { "visible_points": 42, "total_points": 106, "visibility_pct": 39.622641509433961 }, "geometry": { "type": "Point", "coordinates": [ -0.232163282329335, 51.474940382243467 ] } },
{ "type": "Feature", "properties": { "visible_points": 47, "total_points": 105, "visibility_pct": 44.761904761904766 }, "geometry": { "type": "Point", "coordinates": [ -0.231963865770869, 51.474937377075328 ] } },
{ "type": "Feature", "properties": { "visible_points": 49, "total_points": 101, "visibility_pct": 48.514851485148512 }, "geometry": { "type": "Point", "coordinates": [ -0.23176444924761, 51.474934371568075 ] } },
{ "type": "Feature", "properties": { "visible_points": 45, "total_points": 97, "visibility_pct": 46.391752577319586 }, "geometry": { "type": "Point", "coordinates": [ -0.231565032759548, 51.474931365721659 ] } },
{ "type": "Feature", "properties": { "visible_points": 36, "total_points": 93, "visibility_pct": 38.70967741935484 }, "geometry": { "type": "Point", "coordinates": [ -0.231365616306697, 51.474928359536129 ] } },
{ "type": "Feature", "properties": { "visible_points": 31, "total_points": 93, "visibility_pct": 33.333333333333329 }, "geometry": { "type": "Point", "coordinates": [ -0.23116619988906, 51.474925353011471 ] } },
{ "type": "Feature", "properties": { "visible_points": 0, "total_points": 95, "visibility_pct": 0.0 }, "geometry": { "type": "Point", "coordinates": [ -0.230966783506634, 51.474922346147657 ] } },
{ "type": "Feature", "properties": { "visible_points": 0, "total_points": 97, "visibility_pct": 0.0 }, "geometry": { "type": "Point", "coordinates": [ -0.230767367159435, 51.47491933894473 ] } },
{ "type": "Feature", "properties": { "visible_points": 5, "total_points": 109, "visibility_pct": 4.5871559633027523 }, "geometry": { "type": "Point", "coordinates": [ -0.229969702122898, 51.474907306741649 ] } },
{ "type": "Feature", "properties": { "visible_points": 19, "total_points": 112, "visibility_pct": 16.964285714285715 }, "geometry": { "type": "Point", "coordinates": [ -0.229770285951852, 51.474904297843054 ] } },
{ "type": "Feature", "properties": { "visible_points": 41, "total_points": 116, "visibility_pct": 35.344827586206897 }, "geometry": { "type": "Point", "coordinates": [ -0.229570869816052, 51.474901288605317 ] } },
{ "type": "Feature", "properties": { "visible_points": 67, "total_points": 119, "visibility_pct": 56.30252100840336 }, "geometry": { "type": "Point", "coordinates": [ -0.229371453715498, 51.474898279028444 ] } },
{ "type": "Feature", "properties": { "visible_points": 75, "total_points": 120, "visibility_pct": 62.5 }, "geometry": { "type": "Point", "coordinates": [ -0.229172037650197, 51.474895269112437 ] } },
{ "type": "Feature", "properties": { "visible_points": 85, "total_points": 120, "visibility_pct": 70.833333333333343 }, "geometry": { "type": "Point", "coordinates": [ -0.22897262162015, 51.474892258857295 ] } },
{ "type": "Feature", "properties": { "visible_points": 92, "total_points": 120, "visibility_pct": 76.666666666666671 }, "geometry": { "type": "Point", "coordinates": [ -0.228773205625366, 51.474889248263032 ] } },
{ "type": "Feature", "properties": { "visible_points": 102, "total_points": 120, "visibility_pct": 85.0 }, "geometry": { "type": "Point", "coordinates": [ -0.228573789665844, 51.474886237329635 ] } },
{ "type": "Feature", "properties": { "visible_points": 103, "total_points": 120, "visibility_pct": 85.833333333333329 }, "geometry": { "type": "Point", "coordinates": [ -0.228374373741591, 51.474883226057095 ] } },
{ "type": "Feature", "properties": { "visible_points": 104, "total_points": 120, "visibility_pct": 86.666666666666671 }, "geometry": { "type": "Point", "coordinates": [ -0.228174957852605, 51.474880214445434 ] } },
{ "type": "Feature", "properties": { "visible_points": 100, "total_points": 120, "visibility_pct": 83.333333333333343 }, "geometry": { "type": "Point", "coordinates": [ -0.227975541998902, 51.474877202494632 ] } },
{ "type": "Feature", "properties": { "visible_points": 101, "total_points": 120, "visibility_pct": 84.166666666666671 }, "geometry": { "type": "Point", "coordinates": [ -0.227776126180474, 51.474874190204702 ] } },
{ "type": "Feature", "properties": { "visible_points": 96, "total_points": 120, "visibility_pct": 80.0 }, "geometry": { "type": "Point", "coordinates": [ -0.227576710397331, 51.47487117757565 ] } },
{ "type": "Feature", "properties": { "visible_points": 88, "total_points": 120, "visibility_pct": 73.333333333333329 }, "geometry": { "type": "Point", "coordinates": [ -0.227377294649474, 51.474868164607457 ] } },
{ "type": "Feature", "properties": { "visible_points": 82, "total_points": 120, "visibility_pct": 68.333333333333329 }, "geometry": { "type": "Point", "coordinates": [ -0.227177878936913, 51.474865151300129 ] } },
{ "type": "Feature", "properties": { "visible_points": 72, "total_points": 120, "visibility_pct": 60.0 }, "geometry": { "type": "Point", "coordinates": [ -0.226978463259643, 51.474862137653666 ] } },
{ "type": "Feature", "properties": { "visible_points": 67, "total_points": 117, "visibility_pct": 57.26495726495726 }, "geometry": { "type": "Point", "coordinates": [ -0.226779047617677, 51.474859123668068 ] } },
{ "type": "Feature", "properties": { "visible_points": 57, "total_points": 110, "visibility_pct": 51.81818181818182 }, "geometry": { "type": "Point", "coordinates": [ -0.226579632011007, 51.474856109343357 ] } },
{ "type": "Feature", "properties": { "visible_points": 44, "total_points": 101, "visibility_pct": 43.564356435643568 }, "geometry": { "type": "Point", "coordinates": [ -0.226380216439655, 51.47485309467951 ] } },
{ "type": "Feature", "properties": { "visible_points": 9, "total_points": 91, "visibility_pct": 9.8901098901098905 }, "geometry": { "type": "Point", "coordinates": [ -0.226180800903606, 51.474850079676528 ] } },
{ "type": "Feature", "properties": { "visible_points": 0, "total_points": 80, "visibility_pct": 0.0 }, "geometry": { "type": "Point", "coordinates": [ -0.225981385402881, 51.474847064334426 ] } },
{ "type": "Feature", "properties": { "visible_points": 26, "total_points": 74, "visibility_pct": 35.135135135135137 }, "geometry": { "type": "Point", "coordinates": [ -0.233056491690916, 51.475061750700206 ] } },
{ "type": "Feature", "properties": { "visible_points": 35, "total_points": 87, "visibility_pct": 40.229885057471265 }, "geometry": { "type": "Point", "coordinates": [ -0.232857074493056, 51.475058747049047 ] } },
{ "type": "Feature", "properties": { "visible_points": 42, "total_points": 100, "visibility_pct": 42.0 }, "geometry": { "type": "Point", "coordinates": [ -0.232657657330369, 51.475055743058775 ] } },
{ "type": "Feature", "properties": { "visible_points": 42, "total_points": 111, "visibility_pct": 37.837837837837839 }, "geometry": { "type": "Point", "coordinates": [ -0.232458240202872, 51.47505273872936 ] } },
{ "type": "Feature", "properties": { "visible_points": 45, "total_points": 116, "visibility_pct": 38.793103448275865 }, "geometry": { "type": "Point", "coordinates": [ -0.232258823110569, 51.475049734060782 ] } },
{ "type": "Feature", "properties": { "visible_points": 36, "total_points": 114, "visibility_pct": 31.578947368421051 }, "geometry": { "type": "Point", "coordinates": [ -0.232059406053451, 51.475046729053091 ] } },
{ "type": "Feature", "properties": { "visible_points": 48, "total_points": 111, "visibility_pct": 43.243243243243242 }, "geometry": { "type": "Point", "coordinates": [ -0.231859989031542, 51.475043723706257 ] } },
{ "type": "Feature", "properties": { "visible_points": 49, "total_points": 107, "visibility_pct": 45.794392523364486 }, "geometry": { "type": "Point", "coordinates": [ -0.231660572044827, 51.475040718020303 ] } },
{ "type": "Feature", "properties": { "visible_points": 46, "total_points": 104, "visibility_pct": 44.230769230769226 }, "geometry": { "type": "Point", "coordinates": [ -0.231461155093325, 51.475037711995185 ] } },
{ "type": "Feature", "properties": { "visible_points": 43, "total_points": 101, "visibility_pct": 42.574257425742573 }, "geometry": { "type": "Point", "coordinates": [ -0.231261738177028, 51.475034705630968 ] } },
{ "type": "Feature", "properties": { "visible_points": 33, "total_points": 100, "visibility_pct": 33.0 }, "geometry": { "type": "Point", "coordinates": [ -0.231062321295945, 51.475031698927594 ] } },
{ "type": "Feature", "properties": { "visible_points": 28, "total_points": 100, "visibility_pct": 28.000000000000004 }, "geometry": { "type": "Point", "coordinates": [ -0.23086290445008, 51.475028691885079 ] } },
{ "type": "Feature", "properties": { "visible_points": 20, "total_points": 102, "visibility_pct": 19.607843137254903 }, "geometry": { "type": "Point", "coordinates": [ -0.230663487639441, 51.475025684503443 ] } },
{ "type": "Feature", "properties": { "visible_points": 0, "total_points": 104, "visibility_pct": 0.0 }, "geometry": { "type": "Point", "coordinates": [ -0.230464070864026, 51.47502267678265 ] } },
{ "type": "Feature", "properties": { "visible_points": 0, "total_points": 107, "visibility_pct": 0.0 }, "geometry": { "type": "Point", "coordinates": [ -0.230264654123839, 51.475019668722759 ] } },
{ "type": "Feature", "properties": { "visible_points": 6, "total_points": 110, "visibility_pct": 5.4545454545454541 }, "geometry": { "type": "Point", "coordinates": [ -0.230065237418889, 51.475016660323696 ] } },
{ "type": "Feature", "properties": { "visible_points": 0, "total_points": 113, "visibility_pct": 0.0 }, "geometry": { "type": "Point", "coordinates": [ -0.229865820749175, 51.475013651585527 ] } },
{ "type": "Feature", "properties": { "visible_points": 52, "total_points": 116, "visibility_pct": 44.827586206896555 }, "geometry": { "type": "Point", "coordinates": [ -0.229666404114702, 51.475010642508209 ] } },
{ "type": "Feature", "properties": { "visible_points": 71, "total_points": 119, "visibility_pct": 59.663865546218489 }, "geometry": { "type": "Point", "coordinates": [ -0.229466987515482, 51.475007633091764 ] } },
{ "type": "Feature", "properties": { "visible_points": 78, "total_points": 120, "visibility_pct": 65.0 }, "geometry": { "type": "Point", "coordinates": [ -0.229267570951507, 51.475004623336162 ] } },
{ "type": "Feature", "properties": { "visible_points": 85, "total_points": 120, "visibility_pct": 70.833333333333343 }, "geometry": { "type": "Point", "coordinates": [ -0.229068154422784, 51.475001613241453 ] } },
{ "type": "Feature", "properties": { "visible_points": 92, "total_points": 120, "visibility_pct": 76.666666666666671 }, "geometry": { "type": "Point", "coordinates": [ -0.22886873792932, 51.474998602807602 ] } },
{ "type": "Feature", "properties": { "visible_points": 97, "total_points": 120, "visibility_pct": 80.833333333333329 }, "geometry": { "type": "Point", "coordinates": [ -0.228669321471121, 51.474995592034617 ] } },
{ "type": "Feature", "properties": { "visible_points": 106, "total_points": 120, "visibility_pct": 88.333333333333329 }, "geometry": { "type": "Point", "coordinates": [ -0.228469905048187, 51.474992580922496 ] } },
{ "type": "Feature", "properties": { "visible_points": 106, "total_points": 120, "visibility_pct": 88.333333333333329 }, "geometry": { "type": "Point", "coordinates": [ -0.228270488660522, 51.474989569471234 ] } },
{ "type": "Feature", "properties": { "visible_points": 103, "total_points": 120, "visibility_pct": 85.833333333333329 }, "geometry": { "type": "Point", "coordinates": [ -0.228071072308131, 51.474986557680857 ] } },
{ "type": "Feature", "properties": { "visible_points": 104, "total_points": 120, "visibility_pct": 86.666666666666671 }, "geometry": { "type": "Point", "coordinates": [ -0.227871655991016, 51.474983545551339 ] } },
{ "type": "Feature", "properties": { "visible_points": 107, "total_points": 120, "visibility_pct": 89.166666666666671 }, "geometry": { "type": "Point", "coordinates": [ -0.227672239709188, 51.474980533082672 ] } },
{ "type": "Feature", "properties": { "visible_points": 108, "total_points": 120, "visibility_pct": 90.0 }, "geometry": { "type": "Point", "coordinates": [ -0.227472823462643, 51.474977520274884 ] } },
{ "type": "Feature", "properties": { "visible_points": 97, "total_points": 120, "visibility_pct": 80.833333333333329 }, "geometry": { "type": "Point", "coordinates": [ -0.22727340725139, 51.474974507127968 ] } },
{ "type": "Feature", "properties": { "visible_points": 79, "total_points": 120, "visibility_pct": 65.833333333333329 }, "geometry": { "type": "Point", "coordinates": [ -0.227073991075426, 51.474971493641902 ] } },
{ "type": "Feature", "properties": { "visible_points": 76, "total_points": 118, "visibility_pct": 64.406779661016941 }, "geometry": { "type": "Point", "coordinates": [ -0.226874574934766, 51.474968479816724 ] } },
{ "type": "Feature", "properties": { "visible_points": 64, "total_points": 111, "visibility_pct": 57.657657657657658 }, "geometry": { "type": "Point", "coordinates": [ -0.226675158829405, 51.47496546565241 ] } },
{ "type": "Feature", "properties": { "visible_points": 54, "total_points": 102, "visibility_pct": 52.941176470588239 }, "geometry": { "type": "Point", "coordinates": [ -0.226475742759349, 51.47496245114894 ] } },
{ "type": "Feature", "properties": { "visible_points": 32, "total_points": 92, "visibility_pct": 34.782608695652172 }, "geometry": { "type": "Point", "coordinates": [ -0.226276326724606, 51.474959436306364 ] } },
{ "type": "Feature", "properties": { "visible_points": 0, "total_points": 81, "visibility_pct": 0.0 }, "geometry": { "type": "Point", "coordinates": [ -0.226076910725173, 51.474956421124652 ] } },
{ "type": "Feature", "properties": { "visible_points": 5, "total_points": 70, "visibility_pct": 7.1428571428571423 }, "geometry": { "type": "Point", "coordinates": [ -0.233152034930185, 51.475171101797976 ] } },
{ "type": "Feature", "properties": { "visible_points": 32, "total_points": 83, "visibility_pct": 38.554216867469883 }, "geometry": { "type": "Point", "coordinates": [ -0.232952617233674, 51.475168098307286 ] } },
{ "type": "Feature", "properties": { "visible_points": 38, "total_points": 96, "visibility_pct": 39.583333333333329 }, "geometry": { "type": "Point", "coordinates": [ -0.232753199572346, 51.475165094477447 ] } },
{ "type": "Feature", "properties": { "visible_points": 43, "total_points": 108, "visibility_pct": 39.814814814814817 }, "geometry": { "type": "Point", "coordinates": [ -0.232553781946201, 51.475162090308451 ] } },
{ "type": "Feature", "properties": { "visible_points": 46, "total_points": 120, "visibility_pct": 38.333333333333336 }, "geometry": { "type": "Point", "coordinates": [ -0.232354364355241, 51.475159085800335 ] } },
{ "type": "Feature", "properties": { "visible_points": 51, "total_points": 120, "visibility_pct": 42.5 }, "geometry": { "type": "Point", "coordinates": [ -0.232154946799479, 51.475156080953084 ] } },
{ "type": "Feature", "properties": { "visible_points": 52, "total_points": 118, "visibility_pct": 44.067796610169488 }, "geometry": { "type": "Point", "coordinates": [ -0.231955529278912, 51.475153075766691 ] } },
{ "type": "Feature", "properties": { "visible_points": 50, "total_points": 116, "visibility_pct": 43.103448275862064 }, "geometry": { "type": "Point", "coordinates": [ -0.231756111793541, 51.475150070241163 ] } },
{ "type": "Feature", "properties": { "visible_points": 52, "total_points": 113, "visibility_pct": 46.017699115044245 }, "geometry": { "type": "Point", "coordinates": [ -0.231556694343379, 51.475147064376493 ] } },
{ "type": "Feature", "properties": { "visible_points": 51, "total_points": 110, "visibility_pct": 46.36363636363636 }, "geometry": { "type": "Point", "coordinates": [ -0.231357276928428, 51.475144058172674 ] } },
{ "type": "Feature", "properties": { "visible_points": 42, "total_points": 107, "visibility_pct": 39.252336448598129 }, "geometry": { "type": "Point", "coordinates": [ -0.231157859548685, 51.475141051629741 ] } },
{ "type": "Feature", "properties": { "visible_points": 36, "total_points": 107, "visibility_pct": 33.644859813084111 }, "geometry": { "type": "Point", "coordinates": [ -0.230958442204156, 51.475138044747673 ] } },
{ "type": "Feature", "properties": { "visible_points": 30, "total_points": 107, "visibility_pct": 28.037383177570092 }, "geometry": { "type": "Point", "coordinates": [ -0.230759024894854, 51.475135037526456 ] } },
{ "type": "Feature", "properties": { "visible_points": 27, "total_points": 108, "visibility_pct": 25.0 }, "geometry": { "type": "Point", "coordinates": [ -0.23055960762077, 51.475132029966105 ] } },
{ "type": "Feature", "properties": { "visible_points": 12, "total_points": 110, "visibility_pct": 10.909090909090908 }, "geometry": { "type": "Point", "coordinates": [ -0.230360190381919, 51.475129022066625 ] } },
{ "type": "Feature", "properties": { "visible_points": 15, "total_points": 112, "visibility_pct": 13.392857142857142 }, "geometry": { "type": "Point", "coordinates": [ -0.230160773178301, 51.475126013827989 ] } },
{ "type": "Feature", "properties": { "visible_points": 27, "total_points": 114, "visibility_pct": 23.684210526315788 }, "geometry": { "type": "Point", "coordinates": [ -0.229961356009912, 51.475123005250239 ] } },
{ "type": "Feature", "properties": { "visible_points": 51, "total_points": 117, "visibility_pct": 43.589743589743591 }, "geometry": { "type": "Point", "coordinates": [ -0.229761938876771, 51.475119996333326 ] } },
{ "type": "Feature", "properties": { "visible_points": 66, "total_points": 119, "visibility_pct": 55.462184873949582 }, "geometry": { "type": "Point", "coordinates": [ -0.229562521778873, 51.475116987077314 ] } },
{ "type": "Feature", "properties": { "visible_points": 77, "total_points": 120, "visibility_pct": 64.166666666666671 }, "geometry": { "type": "Point", "coordinates": [ -0.229363104716221, 51.475113977482145 ] } },
{ "type": "Feature", "properties": { "visible_points": 81, "total_points": 120, "visibility_pct": 67.5 }, "geometry": { "type": "Point", "coordinates": [ -0.229163687688822, 51.475110967547842 ] } },
{ "type": "Feature", "properties": { "visible_points": 87, "total_points": 120, "visibility_pct": 72.5 }, "geometry": { "type": "Point", "coordinates": [ -0.22896427069668, 51.47510795727441 ] } },
{ "type": "Feature", "properties": { "visible_points": 97, "total_points": 120, "visibility_pct": 80.833333333333329 }, "geometry": { "type": "Point", "coordinates": [ -0.228764853739798, 51.475104946661837 ] } },
{ "type": "Feature", "properties": { "visible_points": 97, "total_points": 120, "visibility_pct": 80.833333333333329 }, "geometry": { "type": "Point", "coordinates": [ -0.228565436818181, 51.475101935710136 ] } },
{ "type": "Feature", "properties": { "visible_points": 103, "total_points": 120, "visibility_pct": 85.833333333333329 }, "geometry": { "type": "Point", "coordinates": [ -0.228366019931832, 51.475098924419292 ] } },
{ "type": "Feature", "properties": { "visible_points": 101, "total_points": 120, "visibility_pct": 84.166666666666671 }, "geometry": { "type": "Point", "coordinates": [ -0.228166603080753, 51.4750959127893 ] } },
{ "type": "Feature", "properties": { "visible_points": 102, "total_points": 120, "visibility_pct": 85.0 }, "geometry": { "type": "Point", "coordinates": [ -0.227967186264958, 51.475092900820208 ] } },
{ "type": "Feature", "properties": { "visible_points": 102, "total_points": 120, "visibility_pct": 85.0 }, "geometry": { "type": "Point", "coordinates": [ -0.227767769484433, 51.475089888511967 ] } },
{ "type": "Feature", "properties": { "visible_points": 101, "total_points": 120, "visibility_pct": 84.166666666666671 }, "geometry": { "type": "Point", "coordinates": [ -0.2275683527392, 51.475086875864577 ] } },
{ "type": "Feature", "properties": { "visible_points": 99, "total_points": 120, "visibility_pct": 82.5 }, "geometry": { "type": "Point", "coordinates": [ -0.227368936029251, 51.475083862878058 ] } },
{ "type": "Feature", "properties": { "visible_points": 89, "total_points": 120, "visibility_pct": 74.166666666666671 }, "geometry": { "type": "Point", "coordinates": [ -0.227169519354599, 51.475080849552413 ] } },
{ "type": "Feature", "properties": { "visible_points": 86, "total_points": 119, "visibility_pct": 72.268907563025209 }, "geometry": { "type": "Point", "coordinates": [ -0.226970102715236, 51.475077835887632 ] } },
{ "type": "Feature", "properties": { "visible_points": 78, "total_points": 112, "visibility_pct": 69.642857142857139 }, "geometry": { "type": "Point", "coordinates": [ -0.226770686111178, 51.475074821883702 ] } },
{ "type": "Feature", "properties": { "visible_points": 62, "total_points": 103, "visibility_pct": 60.194174757281552 }, "geometry": { "type": "Point", "coordinates": [ -0.226571269542424, 51.475071807540651 ] } },
{ "type": "Feature", "properties": { "visible_points": 24, "total_points": 93, "visibility_pct": 25.806451612903224 }, "geometry": { "type": "Point", "coordinates": [ -0.226371853008977, 51.475068792858472 ] } },
{ "type": "Feature", "properties": { "visible_points": 0, "total_points": 82, "visibility_pct": 0.0 }, "geometry": { "type": "Point", "coordinates": [ -0.226172436510843, 51.475065777837152 ] } },
{ "type": "Feature", "properties": { "visible_points": 15, "total_points": 78, "visibility_pct": 19.230769230769234 }, "geometry": { "type": "Point", "coordinates": [ -0.23304816043775, 51.475277449487706 ] } },
{ "type": "Feature", "properties": { "visible_points": 0, "total_points": 91, "visibility_pct": 0.0 }, "geometry": { "type": "Point", "coordinates": [ -0.232848742277769, 51.475274445818314 ] } },
{ "type": "Feature", "properties": { "visible_points": 37, "total_points": 104, "visibility_pct": 35.57692307692308 }, "geometry": { "type": "Point", "coordinates": [ -0.232649324152971, 51.475271441809767 ] } },
{ "type": "Feature", "properties": { "visible_points": 44, "total_points": 115, "visibility_pct": 38.260869565217391 }, "geometry": { "type": "Point", "coordinates": [ -0.232449906063365, 51.475268437462091 ] } },
{ "type": "Feature", "properties": { "visible_points": 48, "total_points": 120, "visibility_pct": 40.0 }, "geometry": { "type": "Point", "coordinates": [ -0.232250488008946, 51.475265432775281 ] } },
{ "type": "Feature", "properties": { "visible_points": 53, "total_points": 120, "visibility_pct": 44.166666666666664 }, "geometry": { "type": "Point", "coordinates": [ -0.232051069989724, 51.475262427749321 ] } },
{ "type": "Feature", "properties": { "visible_points": 54, "total_points": 120, "visibility_pct": 45.0 }, "geometry": { "type": "Point", "coordinates": [ -0.231851652005695, 51.475259422384219 ] } },
{ "type": "Feature", "properties": { "visible_points": 54, "total_points": 119, "visibility_pct": 45.378151260504204 }, "geometry": { "type": "Point", "coordinates": [ -0.231652234056873, 51.475256416679983 ] } },
{ "type": "Feature", "properties": { "visible_points": 54, "total_points": 117, "visibility_pct": 46.153846153846153 }, "geometry": { "type": "Point", "coordinates": [ -0.231452816143258, 51.475253410636626 ] } },
{ "type": "Feature", "properties": { "visible_points": 42, "total_points": 115, "visibility_pct": 36.521739130434781 }, "geometry": { "type": "Point", "coordinates": [ -0.231253398264854, 51.475250404254126 ] } },
{ "type": "Feature", "properties": { "visible_points": 39, "total_points": 113, "visibility_pct": 34.513274336283182 }, "geometry": { "type": "Point", "coordinates": [ -0.231053980421661, 51.47524739753247 ] } },
{ "type": "Feature", "properties": { "visible_points": 32, "total_points": 112, "visibility_pct": 28.571428571428569 }, "geometry": { "type": "Point", "coordinates": [ -0.230854562613693, 51.475244390471687 ] } },
{ "type": "Feature", "properties": { "visible_points": 29, "total_points": 113, "visibility_pct": 25.663716814159294 }, "geometry": { "type": "Point", "coordinates": [ -0.230655144840941, 51.475241383071761 ] } },
{ "type": "Feature", "properties": { "visible_points": 18, "total_points": 114, "visibility_pct": 15.789473684210526 }, "geometry": { "type": "Point", "coordinates": [ -0.23045572710342, 51.475238375332708 ] } },
{ "type": "Feature", "properties": { "visible_points": 3, "total_points": 115, "visibility_pct": 2.6086956521739131 }, "geometry": { "type": "Point", "coordinates": [ -0.230256309401129, 51.475235367254513 ] } },
{ "type": "Feature", "properties": { "visible_points": 25, "total_points": 116, "visibility_pct": 21.551724137931032 }, "geometry": { "type": "Point", "coordinates": [ -0.230056891734069, 51.475232358837182 ] } },
{ "type": "Feature", "properties": { "visible_points": 47, "total_points": 118, "visibility_pct": 39.83050847457627 }, "geometry": { "type": "Point", "coordinates": [ -0.22985747410225, 51.47522935008071 ] } },
{ "type": "Feature", "properties": { "visible_points": 62, "total_points": 119, "visibility_pct": 52.100840336134461 }, "geometry": { "type": "Point", "coordinates": [ -0.22965805650568, 51.475226340985095 ] } },
{ "type": "Feature", "properties": { "visible_points": 71, "total_points": 120, "visibility_pct": 59.166666666666664 }, "geometry": { "type": "Point", "coordinates": [ -0.229458638944346, 51.475223331550367 ] } },
{ "type": "Feature", "properties": { "visible_points": 82, "total_points": 120, "visibility_pct": 68.333333333333329 }, "geometry": { "type": "Point", "coordinates": [ -0.229259221418271, 51.475220321776469 ] } },
{ "type": "Feature", "properties": { "visible_points": 91, "total_points": 120, "visibility_pct": 75.833333333333329 }, "geometry": { "type": "Point", "coordinates": [ -0.229059803927446, 51.475217311663464 ] } },
{ "type": "Feature", "properties": { "visible_points": 90, "total_points": 120, "visibility_pct": 75.0 }, "geometry": { "type": "Point", "coordinates": [ -0.228860386471881, 51.475214301211302 ] } },
{ "type": "Feature", "properties": { "visible_points": 95, "total_points": 120, "visibility_pct": 79.166666666666657 }, "geometry": { "type": "Point", "coordinates": [ -0.228660969051578, 51.475211290420006 ] } },
{ "type": "Feature", "properties": { "visible_points": 97, "total_points": 120, "visibility_pct": 80.833333333333329 }, "geometry": { "type": "Point", "coordinates": [ -0.228461551666543, 51.475208279289582 ] } },
{ "type": "Feature", "properties": { "visible_points": 95, "total_points": 120, "visibility_pct": 79.166666666666657 }, "geometry": { "type": "Point", "coordinates": [ -0.228262134316779, 51.475205267820016 ] } },
{ "type": "Feature", "properties": { "visible_points": 91, "total_points": 120, "visibility_pct": 75.833333333333329 }, "geometry": { "type": "Point", "coordinates": [ -0.228062717002288, 51.475202256011315 ] } },
{ "type": "Feature", "properties": { "visible_points": 92, "total_points": 120, "visibility_pct": 76.666666666666671 }, "geometry": { "type": "Point", "coordinates": [ -0.227863299723074, 51.475199243863493 ] } },
{ "type": "Feature", "properties": { "visible_points": 89, "total_points": 120, "visibility_pct": 74.166666666666671 }, "geometry": { "type": "Point", "coordinates": [ -0.227663882479146, 51.475196231376508 ] } },
{ "type": "Feature", "properties": { "visible_points": 88, "total_points": 120, "visibility_pct": 73.333333333333329 }, "geometry": { "type": "Point", "coordinates": [ -0.227464465270503, 51.475193218550388 ] } },
{ "type": "Feature", "properties": { "visible_points": 81, "total_points": 120, "visibility_pct": 67.5 }, "geometry": { "type": "Point", "coordinates": [ -0.227265048097148, 51.475190205385147 ] } },
{ "type": "Feature", "properties": { "visible_points": 78, "total_points": 120, "visibility_pct": 65.0 }, "geometry": { "type": "Point", "coordinates": [ -0.227065630959092, 51.475187191880785 ] } },
{ "type": "Feature", "properties": { "visible_points": 78, "total_points": 113, "visibility_pct": 69.026548672566364 }, "geometry": { "type": "Point", "coordinates": [ -0.226866213856334, 51.47518417803726 ] } },
{ "type": "Feature", "properties": { "visible_points": 67, "total_points": 104, "visibility_pct": 64.423076923076934 }, "geometry": { "type": "Point", "coordinates": [ -0.226666796788879, 51.4751811638546 ] } },
{ "type": "Feature", "properties": { "visible_points": 45, "total_points": 94, "visibility_pct": 47.872340425531917 }, "geometry": { "type": "Point", "coordinates": [ -0.226467379756726, 51.475178149332827 ] } },
{ "type": "Feature", "properties": { "visible_points": 0, "total_points": 83, "visibility_pct": 0.0 }, "geometry": { "type": "Point", "coordinates": [ -0.226267962759887, 51.475175134471904 ] } },
{ "type": "Feature", "properties": { "visible_points": 3, "total_points": 84, "visibility_pct": 3.5714285714285712 }, "geometry": { "type": "Point", "coordinates": [ -0.232944285446647, 51.475383797081406 ] } },
{ "type": "Feature", "properties": { "visible_points": 9, "total_points": 97, "visibility_pct": 9.2783505154639183 }, "geometry": { "type": "Point", "coordinates": [ -0.2327448668232, 51.475380793233306 ] } },
{ "type": "Feature", "properties": { "visible_points": 24, "total_points": 109, "visibility_pct": 22.018348623853214 }, "geometry": { "type": "Point", "coordinates": [ -0.232545448234936, 51.475377789046064 ] } },
{ "type": "Feature", "properties": { "visible_points": 31, "total_points": 117, "visibility_pct": 26.495726495726498 }, "geometry": { "type": "Point", "coordinates": [ -0.232346029681857, 51.475374784519701 ] } },
{ "type": "Feature", "properties": { "visible_points": 42, "total_points": 120, "visibility_pct": 35.0 }, "geometry": { "type": "Point", "coordinates": [ -0.23214661116398, 51.475371779654182 ] } },
{ "type": "Feature", "properties": { "visible_points": 50, "total_points": 120, "visibility_pct": 41.666666666666671 }, "geometry": { "type": "Point", "coordinates": [ -0.231947192681291, 51.475368774449528 ] } },
{ "type": "Feature", "properties": { "visible_points": 55, "total_points": 120, "visibility_pct": 45.833333333333329 }, "geometry": { "type": "Point", "coordinates": [ -0.231747774233812, 51.475365768905739 ] } },
{ "type": "Feature", "properties": { "visible_points": 55, "total_points": 120, "visibility_pct": 45.833333333333329 }, "geometry": { "type": "Point", "coordinates": [ -0.23154835582153, 51.475362763022801 ] } },
{ "type": "Feature", "properties": { "visible_points": 51, "total_points": 120, "visibility_pct": 42.5 }, "geometry": { "type": "Point", "coordinates": [ -0.231348937444457, 51.475359756800728 ] } },
{ "type": "Feature", "properties": { "visible_points": 42, "total_points": 119, "visibility_pct": 35.294117647058826 }, "geometry": { "type": "Point", "coordinates": [ -0.231149519102604, 51.475356750239499 ] } },
{ "type": "Feature", "properties": { "visible_points": 43, "total_points": 118, "visibility_pct": 36.440677966101696 }, "geometry": { "type": "Point", "coordinates": [ -0.230950100795963, 51.475353743339156 ] } },
{ "type": "Feature", "properties": { "visible_points": 30, "total_points": 117, "visibility_pct": 25.641025641025639 }, "geometry": { "type": "Point", "coordinates": [ -0.23075068252454, 51.475350736099657 ] } },
{ "type": "Feature", "properties": { "visible_points": 22, "total_points": 117, "visibility_pct": 18.803418803418804 }, "geometry": { "type": "Point", "coordinates": [ -0.230551264288349, 51.475347728521022 ] } },
{ "type": "Feature", "properties": { "visible_points": 14, "total_points": 117, "visibility_pct": 11.965811965811966 }, "geometry": { "type": "Point", "coordinates": [ -0.230351846087383, 51.47534472060326 ] } },
{ "type": "Feature", "properties": { "visible_points": 26, "total_points": 118, "visibility_pct": 22.033898305084744 }, "geometry": { "type": "Point", "coordinates": [ -0.23015242792165, 51.475341712346356 ] } },
{ "type": "Feature", "properties": { "visible_points": 37, "total_points": 119, "visibility_pct": 31.092436974789916 }, "geometry": { "type": "Point", "coordinates": [ -0.229953009791155, 51.47533870375031 ] } },
{ "type": "Feature", "properties": { "visible_points": 54, "total_points": 120, "visibility_pct": 45.0 }, "geometry": { "type": "Point", "coordinates": [ -0.229753591695903, 51.475335694815129 ] } },
{ "type": "Feature", "properties": { "visible_points": 65, "total_points": 120, "visibility_pct": 54.166666666666664 }, "geometry": { "type": "Point", "coordinates": [ -0.229554173635889, 51.475332685540806 ] } },
{ "type": "Feature", "properties": { "visible_points": 71, "total_points": 120, "visibility_pct": 59.166666666666664 }, "geometry": { "type": "Point", "coordinates": [ -0.229354755611133, 51.475329675927334 ] } },
{ "type": "Feature", "properties": { "visible_points": 79, "total_points": 120, "visibility_pct": 65.833333333333329 }, "geometry": { "type": "Point", "coordinates": [ -0.229155337621624, 51.475326665974727 ] } },
{ "type": "Feature", "properties": { "visible_points": 86, "total_points": 120, "visibility_pct": 71.666666666666671 }, "geometry": { "type": "Point", "coordinates": [ -0.228955919667372, 51.475323655683006 ] } },
{ "type": "Feature", "properties": { "visible_points": 88, "total_points": 120, "visibility_pct": 73.333333333333329 }, "geometry": { "type": "Point", "coordinates": [ -0.228756501748383, 51.475320645052129 ] } },
{ "type": "Feature", "properties": { "visible_points": 90, "total_points": 120, "visibility_pct": 75.0 }, "geometry": { "type": "Point", "coordinates": [ -0.228557083864658, 51.47531763408211 ] } },
{ "type": "Feature", "properties": { "visible_points": 93, "total_points": 120, "visibility_pct": 77.5 }, "geometry": { "type": "Point", "coordinates": [ -0.228357666016203, 51.475314622772956 ] } },
{ "type": "Feature", "properties": { "visible_points": 87, "total_points": 120, "visibility_pct": 72.5 }, "geometry": { "type": "Point", "coordinates": [ -0.22815824820302, 51.475311611124674 ] } },
{ "type": "Feature", "properties": { "visible_points": 89, "total_points": 120, "visibility_pct": 74.166666666666671 }, "geometry": { "type": "Point", "coordinates": [ -0.227958830425111, 51.475308599137243 ] } },
{ "type": "Feature", "properties": { "visible_points": 83, "total_points": 120, "visibility_pct": 69.166666666666671 }, "geometry": { "type": "Point", "coordinates": [ -0.227759412682489, 51.475305586810684 ] } },
{ "type": "Feature", "properties": { "visible_points": 88, "total_points": 120, "visibility_pct": 73.333333333333329 }, "geometry": { "type": "Point", "coordinates": [ -0.227559994975146, 51.475302574144997 ] } },
{ "type": "Feature", "properties": { "visible_points": 81, "total_points": 120, "visibility_pct": 67.5 }, "geometry": { "type": "Point", "coordinates": [ -0.227360577303098, 51.475299561140147 ] } },
{ "type": "Feature", "properties": { "visible_points": 78, "total_points": 120, "visibility_pct": 65.0 }, "geometry": { "type": "Point", "coordinates": [ -0.227161159666337, 51.475296547796162 ] } },
{ "type": "Feature", "properties": { "visible_points": 68, "total_points": 114, "visibility_pct": 59.649122807017541 }, "geometry": { "type": "Point", "coordinates": [ -0.226961742064877, 51.475293534113071 ] } },
{ "type": "Feature", "properties": { "visible_points": 45, "total_points": 105, "visibility_pct": 42.857142857142854 }, "geometry": { "type": "Point", "coordinates": [ -0.226762324498713, 51.47529052009083 ] } },
{ "type": "Feature", "properties": { "visible_points": 54, "total_points": 95, "visibility_pct": 56.84210526315789 }, "geometry": { "type": "Point", "coordinates": [ -0.226562906967858, 51.475287505729433 ] } },
{ "type": "Feature", "properties": { "visible_points": 0, "total_points": 84, "visibility_pct": 0.0 }, "geometry": { "type": "Point", "coordinates": [ -0.226363489472313, 51.475284491028908 ] } },
{ "type": "Feature", "properties": { "visible_points": 3, "total_points": 86, "visibility_pct": 3.4883720930232558 }, "geometry": { "type": "Point", "coordinates": [ -0.232840409957091, 51.475490144595803 ] } },
{ "type": "Feature", "properties": { "visible_points": 0, "total_points": 97, "visibility_pct": 0.0 }, "geometry": { "type": "Point", "coordinates": [ -0.232640990870883, 51.475487140566159 ] } },
{ "type": "Feature", "properties": { "visible_points": 7, "total_points": 107, "visibility_pct": 6.5420560747663545 }, "geometry": { "type": "Point", "coordinates": [ -0.232441571819541, 51.475484136197664 ] } },
{ "type": "Feature", "properties": { "visible_points": 11, "total_points": 115, "visibility_pct": 9.5652173913043477 }, "geometry": { "type": "Point", "coordinates": [ -0.232242152803072, 51.475481131490291 ] } },
{ "type": "Feature", "properties": { "visible_points": 0, "total_points": 118, "visibility_pct": 0.0 }, "geometry": { "type": "Point", "coordinates": [ -0.23204273382148, 51.475478126444045 ] } },
{ "type": "Feature", "properties": { "visible_points": 32, "total_points": 119, "visibility_pct": 26.890756302521009 }, "geometry": { "type": "Point", "coordinates": [ -0.23184331487501, 51.475475121059013 ] } },
{ "type": "Feature", "properties": { "visible_points": 51, "total_points": 120, "visibility_pct": 42.5 }, "geometry": { "type": "Point", "coordinates": [ -0.231643895964199, 51.475472115335265 ] } },
{ "type": "Feature", "properties": { "visible_points": 55, "total_points": 120, "visibility_pct": 45.833333333333329 }, "geometry": { "type": "Point", "coordinates": [ -0.231444477088556, 51.475469109272524 ] } },
{ "type": "Feature", "properties": { "visible_points": 48, "total_points": 120, "visibility_pct": 40.0 }, "geometry": { "type": "Point", "coordinates": [ -0.231245058248084, 51.475466102870804 ] } },
{ "type": "Feature", "properties": { "visible_points": 43, "total_points": 120, "visibility_pct": 35.833333333333336 }, "geometry": { "type": "Point", "coordinates": [ -0.231045639442791, 51.475463096130099 ] } },
{ "type": "Feature", "properties": { "visible_points": 32, "total_points": 120, "visibility_pct": 26.666666666666668 }, "geometry": { "type": "Point", "coordinates": [ -0.230846220672665, 51.475460089050394 ] } },
{ "type": "Feature", "properties": { "visible_points": 26, "total_points": 120, "visibility_pct": 21.666666666666668 }, "geometry": { "type": "Point", "coordinates": [ -0.230646801937737, 51.475457081631696 ] } },
{ "type": "Feature", "properties": { "visible_points": 0, "total_points": 120, "visibility_pct": 0.0 }, "geometry": { "type": "Point", "coordinates": [ -0.230447383237987, 51.475454073874012 ] } },
{ "type": "Feature", "properties": { "visible_points": 20, "total_points": 120, "visibility_pct": 16.666666666666664 }, "geometry": { "type": "Point", "coordinates": [ -0.23024796457343, 51.475451065777328 ] } },
{ "type": "Feature", "properties": { "visible_points": 34, "total_points": 120, "visibility_pct": 28.333333333333332 }, "geometry": { "type": "Point", "coordinates": [ -0.230048545944068, 51.475448057341673 ] } },
{ "type": "Feature", "properties": { "visible_points": 45, "total_points": 120, "visibility_pct": 37.5 }, "geometry": { "type": "Point", "coordinates": [ -0.229849127349905, 51.475445048567003 ] } },
{ "type": "Feature", "properties": { "visible_points": 59, "total_points": 120, "visibility_pct": 49.166666666666664 }, "geometry": { "type": "Point", "coordinates": [ -0.229649708790944, 51.475442039453377 ] } },
{ "type": "Feature", "properties": { "visible_points": 69, "total_points": 120, "visibility_pct": 57.5 }, "geometry": { "type": "Point", "coordinates": [ -0.22945029026741, 51.475439030000445 ] } },
{ "type": "Feature", "properties": { "visible_points": 74, "total_points": 120, "visibility_pct": 61.666666666666671 }, "geometry": { "type": "Point", "coordinates": [ -0.229250871779215, 51.475436020208257 ] } },
{ "type": "Feature", "properties": { "visible_points": 82, "total_points": 120, "visibility_pct": 68.333333333333329 }, "geometry": { "type": "Point", "coordinates": [ -0.229051453326278, 51.475433010076941 ] } },
{ "type": "Feature", "properties": { "visible_points": 90, "total_points": 120, "visibility_pct": 75.0 }, "geometry": { "type": "Point", "coordinates": [ -0.228852034908596, 51.475429999606476 ] } },
{ "type": "Feature", "properties": { "visible_points": 87, "total_points": 120, "visibility_pct": 72.5 }, "geometry": { "type": "Point", "coordinates": [ -0.228652616526183, 51.475426988796883 ] } },
{ "type": "Feature", "properties": { "visible_points": 91, "total_points": 120, "visibility_pct": 75.833333333333329 }, "geometry": { "type": "Point", "coordinates": [ -0.228453198179032, 51.475423977648155 ] } },
{ "type": "Feature", "properties": { "visible_points": 94, "total_points": 120, "visibility_pct": 78.333333333333329 }, "geometry": { "type": "Point", "coordinates": [ -0.228253779867156, 51.475420966160272 ] } },
{ "type": "Feature", "properties": { "visible_points": 94, "total_points": 120, "visibility_pct": 78.333333333333329 }, "geometry": { "type": "Point", "coordinates": [ -0.22805436159055, 51.47541795433326 ] } },
{ "type": "Feature", "properties": { "visible_points": 91, "total_points": 120, "visibility_pct": 75.833333333333329 }, "geometry": { "type": "Point", "coordinates": [ -0.22785494334923, 51.475414942167127 ] } },
{ "type": "Feature", "properties": { "visible_points": 87, "total_points": 120, "visibility_pct": 72.5 }, "geometry": { "type": "Point", "coordinates": [ -0.227655525143187, 51.475411929661817 ] } },
{ "type": "Feature", "properties": { "visible_points": 80, "total_points": 120, "visibility_pct": 66.666666666666657 }, "geometry": { "type": "Point", "coordinates": [ -0.227456106972435, 51.475408916817393 ] } },
{ "type": "Feature", "properties": { "visible_points": 72, "total_points": 120, "visibility_pct": 60.0 }, "geometry": { "type": "Point", "coordinates": [ -0.227256688836973, 51.475405903633813 ] } },
{ "type": "Feature", "properties": { "visible_points": 63, "total_points": 115, "visibility_pct": 54.782608695652172 }, "geometry": { "type": "Point", "coordinates": [ -0.227057270736806, 51.475402890111098 ] } },
{ "type": "Feature", "properties": { "visible_points": 57, "total_points": 107, "visibility_pct": 53.271028037383175 }, "geometry": { "type": "Point", "coordinates": [ -0.226857852671941, 51.47539987624927 ] } },
{ "type": "Feature", "properties": { "visible_points": 50, "total_points": 97, "visibility_pct": 51.546391752577314 }, "geometry": { "type": "Point", "coordinates": [ -0.226658434642377, 51.475396862048278 ] } },
{ "type": "Feature", "properties": { "visible_points": 0, "total_points": 86, "visibility_pct": 0.0 }, "geometry": { "type": "Point", "coordinates": [ -0.226459016648116, 51.475393847508165 ] } },
{ "type": "Feature", "properties": { "visible_points": 0, "total_points": 85, "visibility_pct": 0.0 }, "geometry": { "type": "Point", "coordinates": [ -0.232736533973019, 51.475596492061172 ] } },
{ "type": "Feature", "properties": { "visible_points": 1, "total_points": 95, "visibility_pct": 1.0526315789473684 }, "geometry": { "type": "Point", "coordinates": [ -0.232537114431065, 51.475593487845615 ] } },
{ "type": "Feature", "properties": { "visible_points": 2, "total_points": 103, "visibility_pct": 1.9417475728155338 }, "geometry": { "type": "Point", "coordinates": [ -0.232337694923661, 51.475590483291462 ] } },
{ "type": "Feature", "properties": { "visible_points": 0, "total_points": 110, "visibility_pct": 0.0 }, "geometry": { "type": "Point", "coordinates": [ -0.232138275450812, 51.475587478398687 ] } },
{ "type": "Feature", "properties": { "visible_points": 0, "total_points": 112, "visibility_pct": 0.0 }, "geometry": { "type": "Point", "coordinates": [ -0.231938856012524, 51.475584473167373 ] } },
{ "type": "Feature", "properties": { "visible_points": 23, "total_points": 113, "visibility_pct": 20.353982300884958 }, "geometry": { "type": "Point", "coordinates": [ -0.231739436608879, 51.475581467597806 ] } },
{ "type": "Feature", "properties": { "visible_points": 35, "total_points": 114, "visibility_pct": 30.701754385964914 }, "geometry": { "type": "Point", "coordinates": [ -0.231540017239833, 51.475578461689501 ] } },
{ "type": "Feature", "properties": { "visible_points": 36, "total_points": 115, "visibility_pct": 31.304347826086961 }, "geometry": { "type": "Point", "coordinates": [ -0.231340597905398, 51.475575455442417 ] } },
{ "type": "Feature", "properties": { "visible_points": 43, "total_points": 115, "visibility_pct": 37.391304347826086 }, "geometry": { "type": "Point", "coordinates": [ -0.23114117860558, 51.475572448856589 ] } },
{ "type": "Feature", "properties": { "visible_points": 37, "total_points": 115, "visibility_pct": 32.173913043478258 }, "geometry": { "type": "Point", "coordinates": [ -0.230941759340372, 51.475569441931995 ] } },
{ "type": "Feature", "properties": { "visible_points": 0, "total_points": 115, "visibility_pct": 0.0 }, "geometry": { "type": "Point", "coordinates": [ -0.230742340109789, 51.475566434668643 ] } },
{ "type": "Feature", "properties": { "visible_points": 0, "total_points": 116, "visibility_pct": 0.0 }, "geometry": { "type": "Point", "coordinates": [ -0.230542920913831, 51.475563427066533 ] } },
{ "type": "Feature", "properties": { "visible_points": 2, "total_points": 117, "visibility_pct": 1.7094017094017095 }, "geometry": { "type": "Point", "coordinates": [ -0.230343501752497, 51.475560419125657 ] } },
{ "type": "Feature", "properties": { "visible_points": 0, "total_points": 118, "visibility_pct": 0.0 }, "geometry": { "type": "Point", "coordinates": [ -0.230144082625798, 51.475557410846051 ] } },
{ "type": "Feature", "properties": { "visible_points": 36, "total_points": 119, "visibility_pct": 30.252100840336134 }, "geometry": { "type": "Point", "coordinates": [ -0.229944663533733, 51.475554402227665 ] } },
{ "type": "Feature", "properties": { "visible_points": 49, "total_points": 120, "visibility_pct": 40.833333333333336 }, "geometry": { "type": "Point", "coordinates": [ -0.229745244476314, 51.475551393270528 ] } },
{ "type": "Feature", "properties": { "visible_points": 55, "total_points": 120, "visibility_pct": 45.833333333333329 }, "geometry": { "type": "Point", "coordinates": [ -0.229545825454185, 51.47554838397474 ] } },
{ "type": "Feature", "properties": { "visible_points": 65, "total_points": 120, "visibility_pct": 54.166666666666664 }, "geometry": { "type": "Point", "coordinates": [ -0.229346406468043, 51.475545374339909 ] } },
{ "type": "Feature", "properties": { "visible_points": 72, "total_points": 120, "visibility_pct": 60.0 }, "geometry": { "type": "Point", "coordinates": [ -0.229146987517255, 51.475542364366063 ] } },
{ "type": "Feature", "properties": { "visible_points": 83, "total_points": 120, "visibility_pct": 69.166666666666671 }, "geometry": { "type": "Point", "coordinates": [ -0.2289475686014, 51.475539354053353 ] } },
{ "type": "Feature", "properties": { "visible_points": 86, "total_points": 120, "visibility_pct": 71.666666666666671 }, "geometry": { "type": "Point", "coordinates": [ -0.228748149720479, 51.475536343401757 ] } },
{ "type": "Feature", "properties": { "visible_points": 89, "total_points": 120, "visibility_pct": 74.166666666666671 }, "geometry": { "type": "Point", "coordinates": [ -0.228548730874509, 51.475533332411295 ] } },
{ "type": "Feature", "properties": { "visible_points": 94, "total_points": 120, "visibility_pct": 78.333333333333329 }, "geometry": { "type": "Point", "coordinates": [ -0.228349312063487, 51.475530321081962 ] } },
{ "type": "Feature", "properties": { "visible_points": 94, "total_points": 120, "visibility_pct": 78.333333333333329 }, "geometry": { "type": "Point", "coordinates": [ -0.228149893287417, 51.475527309413756 ] } },
{ "type": "Feature", "properties": { "visible_points": 94, "total_points": 120, "visibility_pct": 78.333333333333329 }, "geometry": { "type": "Point", "coordinates": [ -0.227950474546303, 51.475524297406679 ] } },
{ "type": "Feature", "properties": { "visible_points": 91, "total_points": 120, "visibility_pct": 75.833333333333329 }, "geometry": { "type": "Point", "coordinates": [ -0.227751055840144, 51.475521285060729 ] } },
{ "type": "Feature", "properties": { "visible_points": 82, "total_points": 120, "visibility_pct": 68.333333333333329 }, "geometry": { "type": "Point", "coordinates": [ -0.227551637168953, 51.475518272375915 ] } },
{ "type": "Feature", "properties": { "visible_points": 74, "total_points": 120, "visibility_pct": 61.666666666666671 }, "geometry": { "type": "Point", "coordinates": [ -0.227352218532731, 51.475515259352214 ] } },
{ "type": "Feature", "properties": { "visible_points": 65, "total_points": 116, "visibility_pct": 56.034482758620683 }, "geometry": { "type": "Point", "coordinates": [ -0.22715279993148, 51.475512245989634 ] } },
{ "type": "Feature", "properties": { "visible_points": 60, "total_points": 109, "visibility_pct": 55.045871559633028 }, "geometry": { "type": "Point", "coordinates": [ -0.226953381365204, 51.475509232288211 ] } },
{ "type": "Feature", "properties": { "visible_points": 53, "total_points": 99, "visibility_pct": 53.535353535353536 }, "geometry": { "type": "Point", "coordinates": [ -0.226753962833908, 51.475506218247901 ] } },
{ "type": "Feature", "properties": { "visible_points": 0, "total_points": 88, "visibility_pct": 0.0 }, "geometry": { "type": "Point", "coordinates": [ -0.226554544337596, 51.475503203868719 ] } },
{ "type": "Feature", "properties": { "visible_points": 1, "total_points": 72, "visibility_pct": 1.3888888888888888 }, "geometry": { "type": "Point", "coordinates": [ -0.232832077529828, 51.475705843525944 ] } },
{ "type": "Feature", "properties": { "visible_points": 1, "total_points": 82, "visibility_pct": 1.2195121951219512 }, "geometry": { "type": "Point", "coordinates": [ -0.232632657501001, 51.475702839460993 ] } },
{ "type": "Feature", "properties": { "visible_points": 0, "total_points": 90, "visibility_pct": 0.0 }, "geometry": { "type": "Point", "coordinates": [ -0.232433237506724, 51.475699835057469 ] } },
{ "type": "Feature", "properties": { "visible_points": 0, "total_points": 97, "visibility_pct": 0.0 }, "geometry": { "type": "Point", "coordinates": [ -0.232233817546995, 51.475696830315314 ] } },
{ "type": "Feature", "properties": { "visible_points": 0, "total_points": 103, "visibility_pct": 0.0 }, "geometry": { "type": "Point", "coordinates": [ -0.232034397621828, 51.475693825234558 ] } },
{ "type": "Feature", "properties": { "visible_points": 0, "total_points": 104, "visibility_pct": 0.0 }, "geometry": { "type": "Point", "coordinates": [ -0.231834977731211, 51.475690819815185 ] } },
{ "type": "Feature", "properties": { "visible_points": 26, "total_points": 105, "visibility_pct": 24.761904761904763 }, "geometry": { "type": "Point", "coordinates": [ -0.231635557875164, 51.475687814057196 ] } },
{ "type": "Feature", "properties": { "visible_points": 30, "total_points": 106, "visibility_pct": 28.30188679245283 }, "geometry": { "type": "Point", "coordinates": [ -0.23143613805368, 51.475684807960612 ] } },
{ "type": "Feature", "properties": { "visible_points": 29, "total_points": 107, "visibility_pct": 27.102803738317753 }, "geometry": { "type": "Point", "coordinates": [ -0.231236718266768, 51.475681801525404 ] } },
{ "type": "Feature", "properties": { "visible_points": 26, "total_points": 107, "visibility_pct": 24.299065420560748 }, "geometry": { "type": "Point", "coordinates": [ -0.231037298514429, 51.475678794751602 ] } },
{ "type": "Feature", "properties": { "visible_points": 0, "total_points": 108, "visibility_pct": 0.0 }, "geometry": { "type": "Point", "coordinates": [ -0.230837878796673, 51.47567578763919 ] } },
{ "type": "Feature", "properties": { "visible_points": 4, "total_points": 109, "visibility_pct": 3.669724770642202 }, "geometry": { "type": "Point", "coordinates": [ -0.230638459113497, 51.475672780188177 ] } },
{ "type": "Feature", "properties": { "visible_points": 3, "total_points": 110, "visibility_pct": 2.7272727272727271 }, "geometry": { "type": "Point", "coordinates": [ -0.230439039464904, 51.475669772398518 ] } },
{ "type": "Feature", "properties": { "visible_points": 7, "total_points": 111, "visibility_pct": 6.3063063063063058 }, "geometry": { "type": "Point", "coordinates": [ -0.230239619850904, 51.475666764270279 ] } },
{ "type": "Feature", "properties": { "visible_points": 8, "total_points": 112, "visibility_pct": 7.1428571428571423 }, "geometry": { "type": "Point", "coordinates": [ -0.230040200271504, 51.475663755803431 ] } },
{ "type": "Feature", "properties": { "visible_points": 34, "total_points": 113, "visibility_pct": 30.088495575221241 }, "geometry": { "type": "Point", "coordinates": [ -0.229840780726691, 51.475660746997974 ] } },
{ "type": "Feature", "properties": { "visible_points": 44, "total_points": 114, "visibility_pct": 38.596491228070171 }, "geometry": { "type": "Point", "coordinates": [ -0.229641361216487, 51.475657737853908 ] } },
{ "type": "Feature", "properties": { "visible_points": 48, "total_points": 116, "visibility_pct": 41.379310344827587 }, "geometry": { "type": "Point", "coordinates": [ -0.229441941740887, 51.475654728371239 ] } },
{ "type": "Feature", "properties": { "visible_points": 57, "total_points": 117, "visibility_pct": 48.717948717948715 }, "geometry": { "type": "Point", "coordinates": [ -0.229242522299899, 51.475651718549962 ] } },
{ "type": "Feature", "properties": { "visible_points": 55, "total_points": 118, "visibility_pct": 46.610169491525419 }, "geometry": { "type": "Point", "coordinates": [ -0.22904310289352, 51.475648708390068 ] } },
{ "type": "Feature", "properties": { "visible_points": 69, "total_points": 119, "visibility_pct": 57.983193277310932 }, "geometry": { "type": "Point", "coordinates": [ -0.228843683521762, 51.475645697891558 ] } },
{ "type": "Feature", "properties": { "visible_points": 78, "total_points": 120, "visibility_pct": 65.0 }, "geometry": { "type": "Point", "coordinates": [ -0.228644264184622, 51.47564268705446 ] } },
{ "type": "Feature", "properties": { "visible_points": 80, "total_points": 120, "visibility_pct": 66.666666666666657 }, "geometry": { "type": "Point", "coordinates": [ -0.228444844882109, 51.47563967587876 ] } },
{ "type": "Feature", "properties": { "visible_points": 80, "total_points": 120, "visibility_pct": 66.666666666666657 }, "geometry": { "type": "Point", "coordinates": [ -0.228245425614227, 51.475636664364444 ] } },
{ "type": "Feature", "properties": { "visible_points": 86, "total_points": 120, "visibility_pct": 71.666666666666671 }, "geometry": { "type": "Point", "coordinates": [ -0.228046006380976, 51.475633652511533 ] } },
{ "type": "Feature", "properties": { "visible_points": 90, "total_points": 120, "visibility_pct": 75.0 }, "geometry": { "type": "Point", "coordinates": [ -0.227846587182361, 51.475630640319984 ] } },
{ "type": "Feature", "properties": { "visible_points": 84, "total_points": 120, "visibility_pct": 70.0 }, "geometry": { "type": "Point", "coordinates": [ -0.227647168018388, 51.475627627789862 ] } },
{ "type": "Feature", "properties": { "visible_points": 81, "total_points": 120, "visibility_pct": 67.5 }, "geometry": { "type": "Point", "coordinates": [ -0.227447748889059, 51.475624614921124 ] } },
{ "type": "Feature", "properties": { "visible_points": 75, "total_points": 117, "visibility_pct": 64.102564102564102 }, "geometry": { "type": "Point", "coordinates": [ -0.22724832979438, 51.475621601713783 ] } },
{ "type": "Feature", "properties": { "visible_points": 66, "total_points": 110, "visibility_pct": 60.0 }, "geometry": { "type": "Point", "coordinates": [ -0.227048910734352, 51.475618588167841 ] } },
{ "type": "Feature", "properties": { "visible_points": 56, "total_points": 101, "visibility_pct": 55.445544554455452 }, "geometry": { "type": "Point", "coordinates": [ -0.226849491708981, 51.475615574283275 ] } },
{ "type": "Feature", "properties": { "visible_points": 26, "total_points": 90, "visibility_pct": 28.888888888888886 }, "geometry": { "type": "Point", "coordinates": [ -0.226650072718267, 51.475612560060107 ] } },
{ "type": "Feature", "properties": { "visible_points": 5, "total_points": 69, "visibility_pct": 7.2463768115942031 }, "geometry": { "type": "Point", "coordinates": [ -0.232728201023255, 51.475812191007897 ] } },
{ "type": "Feature", "properties": { "visible_points": 2, "total_points": 77, "visibility_pct": 2.5974025974025974 }, "geometry": { "type": "Point", "coordinates": [ -0.232528780542098, 51.475809186754979 ] } },
{ "type": "Feature", "properties": { "visible_points": 0, "total_points": 84, "visibility_pct": 0.0 }, "geometry": { "type": "Point", "coordinates": [ -0.232329360095494, 51.47580618216346 ] } },
{ "type": "Feature", "properties": { "visible_points": 0, "total_points": 90, "visibility_pct": 0.0 }, "geometry": { "type": "Point", "coordinates": [ -0.232129939683441, 51.475803177233303 ] } },
{ "type": "Feature", "properties": { "visible_points": 6, "total_points": 94, "visibility_pct": 6.3829787234042552 }, "geometry": { "type": "Point", "coordinates": [ -0.231930519305945, 51.475800171964551 ] } },
{ "type": "Feature", "properties": { "visible_points": 15, "total_points": 95, "visibility_pct": 15.789473684210526 }, "geometry": { "type": "Point", "coordinates": [ -0.231731098963015, 51.475797166357175 ] } },
{ "type": "Feature", "properties": { "visible_points": 23, "total_points": 96, "visibility_pct": 23.958333333333336 }, "geometry": { "type": "Point", "coordinates": [ -0.231531678654646, 51.475794160411205 ] } },
{ "type": "Feature", "properties": { "visible_points": 24, "total_points": 97, "visibility_pct": 24.742268041237114 }, "geometry": { "type": "Point", "coordinates": [ -0.231332258380846, 51.475791154126618 ] } },
{ "type": "Feature", "properties": { "visible_points": 24, "total_points": 98, "visibility_pct": 24.489795918367346 }, "geometry": { "type": "Point", "coordinates": [ -0.231132838141623, 51.475788147503408 ] } },
{ "type": "Feature", "properties": { "visible_points": 22, "total_points": 99, "visibility_pct": 22.222222222222221 }, "geometry": { "type": "Point", "coordinates": [ -0.230933417936969, 51.475785140541596 ] } },
{ "type": "Feature", "properties": { "visible_points": 17, "total_points": 100, "visibility_pct": 17.0 }, "geometry": { "type": "Point", "coordinates": [ -0.230733997766903, 51.475782133241182 ] } },
{ "type": "Feature", "properties": { "visible_points": 14, "total_points": 101, "visibility_pct": 13.861386138613863 }, "geometry": { "type": "Point", "coordinates": [ -0.230534577631421, 51.475779125602159 ] } },
{ "type": "Feature", "properties": { "visible_points": 16, "total_points": 102, "visibility_pct": 15.686274509803921 }, "geometry": { "type": "Point", "coordinates": [ -0.230335157530523, 51.475776117624513 ] } },
{ "type": "Feature", "properties": { "visible_points": 10, "total_points": 103, "visibility_pct": 9.7087378640776691 }, "geometry": { "type": "Point", "coordinates": [ -0.230135737464225, 51.475773109308264 ] } },
{ "type": "Feature", "properties": { "visible_points": 0, "total_points": 104, "visibility_pct": 0.0 }, "geometry": { "type": "Point", "coordinates": [ -0.229936317432516, 51.475770100653413 ] } },
{ "type": "Feature", "properties": { "visible_points": 0, "total_points": 106, "visibility_pct": 0.0 }, "geometry": { "type": "Point", "coordinates": [ -0.229736897435411, 51.475767091659947 ] } },
{ "type": "Feature", "properties": { "visible_points": 0, "total_points": 108, "visibility_pct": 0.0 }, "geometry": { "type": "Point", "coordinates": [ -0.22953747747291, 51.475764082327871 ] } },
{ "type": "Feature", "properties": { "visible_points": 0, "total_points": 110, "visibility_pct": 0.0 }, "geometry": { "type": "Point", "coordinates": [ -0.229338057545015, 51.475761072657185 ] } },
{ "type": "Feature", "properties": { "visible_points": 32, "total_points": 111, "visibility_pct": 28.828828828828829 }, "geometry": { "type": "Point", "coordinates": [ -0.229138637651734, 51.475758062647891 ] } },
{ "type": "Feature", "properties": { "visible_points": 32, "total_points": 112, "visibility_pct": 28.571428571428569 }, "geometry": { "type": "Point", "coordinates": [ -0.228939217793066, 51.475755052299988 ] } },
{ "type": "Feature", "properties": { "visible_points": 55, "total_points": 114, "visibility_pct": 48.245614035087719 }, "geometry": { "type": "Point", "coordinates": [ -0.228739797969023, 51.475752041613468 ] } },
{ "type": "Feature", "properties": { "visible_points": 70, "total_points": 116, "visibility_pct": 60.344827586206897 }, "geometry": { "type": "Point", "coordinates": [ -0.228540378179599, 51.475749030588354 ] } },
{ "type": "Feature", "properties": { "visible_points": 71, "total_points": 118, "visibility_pct": 60.169491525423723 }, "geometry": { "type": "Point", "coordinates": [ -0.228340958424801, 51.475746019224623 ] } },
{ "type": "Feature", "properties": { "visible_points": 71, "total_points": 119, "visibility_pct": 59.663865546218489 }, "geometry": { "type": "Point", "coordinates": [ -0.228141538704638, 51.475743007522304 ] } },
{ "type": "Feature", "properties": { "visible_points": 79, "total_points": 120, "visibility_pct": 65.833333333333329 }, "geometry": { "type": "Point", "coordinates": [ -0.22794211901911, 51.475739995481348 ] } },
{ "type": "Feature", "properties": { "visible_points": 81, "total_points": 120, "visibility_pct": 67.5 }, "geometry": { "type": "Point", "coordinates": [ -0.227742699368219, 51.475736983101818 ] } },
{ "type": "Feature", "properties": { "visible_points": 79, "total_points": 120, "visibility_pct": 65.833333333333329 }, "geometry": { "type": "Point", "coordinates": [ -0.227543279751971, 51.475733970383672 ] } },
{ "type": "Feature", "properties": { "visible_points": 77, "total_points": 118, "visibility_pct": 65.254237288135599 }, "geometry": { "type": "Point", "coordinates": [ -0.227343860170374, 51.475730957326903 ] } },
{ "type": "Feature", "properties": { "visible_points": 66, "total_points": 111, "visibility_pct": 59.45945945945946 }, "geometry": { "type": "Point", "coordinates": [ -0.22714444062342, 51.475727943931538 ] } },
{ "type": "Feature", "properties": { "visible_points": 60, "total_points": 102, "visibility_pct": 58.82352941176471 }, "geometry": { "type": "Point", "coordinates": [ -0.226945021111127, 51.475724930197565 ] } },
{ "type": "Feature", "properties": { "visible_points": 52, "total_points": 92, "visibility_pct": 56.521739130434781 }, "geometry": { "type": "Point", "coordinates": [ -0.226745601633493, 51.475721916124989 ] } },
{ "type": "Feature", "properties": { "visible_points": 1, "total_points": 56, "visibility_pct": 1.7857142857142856 }, "geometry": { "type": "Point", "coordinates": [ -0.232823744997822, 51.47592154248629 ] } },
{ "type": "Feature", "properties": { "visible_points": 0, "total_points": 64, "visibility_pct": 0.0 }, "geometry": { "type": "Point", "coordinates": [ -0.232624324029788, 51.475918538383993 ] } },
{ "type": "Feature", "properties": { "visible_points": 3, "total_points": 71, "visibility_pct": 4.225352112676056 }, "geometry": { "type": "Point", "coordinates": [ -0.232424903096301, 51.475915533943081 ] } },
{ "type": "Feature", "properties": { "visible_points": 2, "total_points": 77, "visibility_pct": 2.5974025974025974 }, "geometry": { "type": "Point", "coordinates": [ -0.232225482197365, 51.475912529163551 ] } },
{ "type": "Feature", "properties": { "visible_points": 5, "total_points": 82, "visibility_pct": 6.0975609756097562 }, "geometry": { "type": "Point", "coordinates": [ -0.232026061332989, 51.475909524045413 ] } },
{ "type": "Feature", "properties": { "visible_points": 2, "total_points": 84, "visibility_pct": 2.3809523809523809 }, "geometry": { "type": "Point", "coordinates": [ -0.231826640503168, 51.475906518588658 ] } },
{ "type": "Feature", "properties": { "visible_points": 0, "total_points": 85, "visibility_pct": 0.0 }, "geometry": { "type": "Point", "coordinates": [ -0.231627219707911, 51.475903512793302 ] } },
{ "type": "Feature", "properties": { "visible_points": 0, "total_points": 86, "visibility_pct": 0.0 }, "geometry": { "type": "Point", "coordinates": [ -0.231427798947228, 51.475900506659322 ] } },
{ "type": "Feature", "properties": { "visible_points": 0, "total_points": 87, "visibility_pct": 0.0 }, "geometry": { "type": "Point", "coordinates": [ -0.231228378221109, 51.475897500186733 ] } },
{ "type": "Feature", "properties": { "visible_points": 0, "total_points": 89, "visibility_pct": 0.0 }, "geometry": { "type": "Point", "coordinates": [ -0.231028957529568, 51.475894493375534 ] } },
{ "type": "Feature", "properties": { "visible_points": 0, "total_points": 90, "visibility_pct": 0.0 }, "geometry": { "type": "Point", "coordinates": [ -0.230829536872605, 51.475891486225734 ] } },
{ "type": "Feature", "properties": { "visible_points": 0, "total_points": 91, "visibility_pct": 0.0 }, "geometry": { "type": "Point", "coordinates": [ -0.230630116250225, 51.475888478737303 ] } },
{ "type": "Feature", "properties": { "visible_points": 0, "total_points": 92, "visibility_pct": 0.0 }, "geometry": { "type": "Point", "coordinates": [ -0.230430695662434, 51.475885470910271 ] } },
{ "type": "Feature", "properties": { "visible_points": 10, "total_points": 93, "visibility_pct": 10.75268817204301 }, "geometry": { "type": "Point", "coordinates": [ -0.230231275109229, 51.475882462744636 ] } },
{ "type": "Feature", "properties": { "visible_points": 8, "total_points": 94, "visibility_pct": 8.5106382978723403 }, "geometry": { "type": "Point", "coordinates": [ -0.230031854590627, 51.475879454240363 ] } },
{ "type": "Feature", "properties": { "visible_points": 7, "total_points": 96, "visibility_pct": 7.291666666666667 }, "geometry": { "type": "Point", "coordinates": [ -0.22983243410662, 51.475876445397496 ] } },
{ "type": "Feature", "properties": { "visible_points": 8, "total_points": 98, "visibility_pct": 8.1632653061224492 }, "geometry": { "type": "Point", "coordinates": [ -0.229633013657211, 51.47587343621602 ] } },
{ "type": "Feature", "properties": { "visible_points": 5, "total_points": 100, "visibility_pct": 5.0 }, "geometry": { "type": "Point", "coordinates": [ -0.229433593242409, 51.475870426695941 ] } },
{ "type": "Feature", "properties": { "visible_points": 2, "total_points": 102, "visibility_pct": 1.9607843137254901 }, "geometry": { "type": "Point", "coordinates": [ -0.229234172862224, 51.475867416837239 ] } },
{ "type": "Feature", "properties": { "visible_points": 6, "total_points": 104, "visibility_pct": 5.7692307692307692 }, "geometry": { "type": "Point", "coordinates": [ -0.229034752516651, 51.475864406639936 ] } },
{ "type": "Feature", "properties": { "visible_points": 6, "total_points": 106, "visibility_pct": 5.6603773584905666 }, "geometry": { "type": "Point", "coordinates": [ -0.22883533220569, 51.475861396104008 ] } },
{ "type": "Feature", "properties": { "visible_points": 15, "total_points": 108, "visibility_pct": 13.888888888888889 }, "geometry": { "type": "Point", "coordinates": [ -0.228635911929354, 51.4758583852295 ] } },
{ "type": "Feature", "properties": { "visible_points": 55, "total_points": 110, "visibility_pct": 50.0 }, "geometry": { "type": "Point", "coordinates": [ -0.228436491687647, 51.475855374016355 ] } },
{ "type": "Feature", "properties": { "visible_points": 63, "total_points": 112, "visibility_pct": 56.25 }, "geometry": { "type": "Point", "coordinates": [ -0.228237071480566, 51.475852362464622 ] } },
{ "type": "Feature", "properties": { "visible_points": 67, "total_points": 114, "visibility_pct": 58.771929824561411 }, "geometry": { "type": "Point", "coordinates": [ -0.228037651308118, 51.475849350574272 ] } },
{ "type": "Feature", "properties": { "visible_points": 72, "total_points": 116, "visibility_pct": 62.068965517241381 }, "geometry": { "type": "Point", "coordinates": [ -0.22783823117031, 51.475846338345299 ] } },
{ "type": "Feature", "properties": { "visible_points": 71, "total_points": 118, "visibility_pct": 60.169491525423723 }, "geometry": { "type": "Point", "coordinates": [ -0.227638811067144, 51.475843325777738 ] } },
{ "type": "Feature", "properties": { "visible_points": 68, "total_points": 118, "visibility_pct": 57.627118644067799 }, "geometry": { "type": "Point", "coordinates": [ -0.227439390998621, 51.475840312871554 ] } },
{ "type": "Feature", "properties": { "visible_points": 66, "total_points": 112, "visibility_pct": 58.928571428571431 }, "geometry": { "type": "Point", "coordinates": [ -0.227239970964748, 51.475837299626775 ] } },
{ "type": "Feature", "properties": { "visible_points": 55, "total_points": 103, "visibility_pct": 53.398058252427184 }, "geometry": { "type": "Point", "coordinates": [ -0.227040550965526, 51.475834286043394 ] } },
{ "type": "Feature", "properties": { "visible_points": 48, "total_points": 93, "visibility_pct": 51.612903225806448 }, "geometry": { "type": "Point", "coordinates": [ -0.226841131000965, 51.475831272121397 ] } },
{ "type": "Feature", "properties": { "visible_points": 1, "total_points": 82, "visibility_pct": 1.2195121951219512 }, "geometry": { "type": "Point", "coordinates": [ -0.226641711071061, 51.47582825786079 ] } },
{ "type": "Feature", "properties": { "visible_points": 0, "total_points": 82, "visibility_pct": 0.0 }, "geometry": { "type": "Point", "coordinates": [ -0.230326813206535, 51.475991816112504 ] } },
{ "type": "Feature", "properties": { "visible_points": 8, "total_points": 83, "visibility_pct": 9.6385542168674707 }, "geometry": { "type": "Point", "coordinates": [ -0.230127392201024, 51.475988807758846 ] } },
{ "type": "Feature", "properties": { "visible_points": 9, "total_points": 85, "visibility_pct": 10.588235294117647 }, "geometry": { "type": "Point", "coordinates": [ -0.22992797123011, 51.475985799066585 ] } },
{ "type": "Feature", "properties": { "visible_points": 7, "total_points": 87, "visibility_pct": 8.0459770114942533 }, "geometry": { "type": "Point", "coordinates": [ -0.229728550293803, 51.475982790035708 ] } },
{ "type": "Feature", "properties": { "visible_points": 7, "total_points": 89, "visibility_pct": 7.8651685393258424 }, "geometry": { "type": "Point", "coordinates": [ -0.229529129392091, 51.475979780666222 ] } },
{ "type": "Feature", "properties": { "visible_points": 7, "total_points": 91, "visibility_pct": 7.6923076923076925 }, "geometry": { "type": "Point", "coordinates": [ -0.229329708524996, 51.475976770958134 ] } },
{ "type": "Feature", "properties": { "visible_points": 6, "total_points": 94, "visibility_pct": 6.3829787234042552 }, "geometry": { "type": "Point", "coordinates": [ -0.229130287692503, 51.47597376091143 ] } },
{ "type": "Feature", "properties": { "visible_points": 7, "total_points": 96, "visibility_pct": 7.291666666666667 }, "geometry": { "type": "Point", "coordinates": [ -0.22893086689464, 51.475970750526088 ] } },
{ "type": "Feature", "properties": { "visible_points": 0, "total_points": 98, "visibility_pct": 0.0 }, "geometry": { "type": "Point", "coordinates": [ -0.228731446131388, 51.475967739802158 ] } },
{ "type": "Feature", "properties": { "visible_points": 32, "total_points": 100, "visibility_pct": 32.0 }, "geometry": { "type": "Point", "coordinates": [ -0.22853202540276, 51.475964728739619 ] } },
{ "type": "Feature", "properties": { "visible_points": 47, "total_points": 103, "visibility_pct": 45.631067961165051 }, "geometry": { "type": "Point", "coordinates": [ -0.228332604708765, 51.475961717338457 ] } },
{ "type": "Feature", "properties": { "visible_points": 50, "total_points": 106, "visibility_pct": 47.169811320754718 }, "geometry": { "type": "Point", "coordinates": [ -0.2281331840494, 51.475958705598721 ] } },
{ "type": "Feature", "properties": { "visible_points": 56, "total_points": 108, "visibility_pct": 51.851851851851848 }, "geometry": { "type": "Point", "coordinates": [ -0.227933763424667, 51.475955693520348 ] } },
{ "type": "Feature", "properties": { "visible_points": 65, "total_points": 110, "visibility_pct": 59.090909090909093 }, "geometry": { "type": "Point", "coordinates": [ -0.227734342834576, 51.475952681103358 ] } },
{ "type": "Feature", "properties": { "visible_points": 61, "total_points": 112, "visibility_pct": 54.464285714285708 }, "geometry": { "type": "Point", "coordinates": [ -0.22753492227913, 51.475949668347774 ] } },
{ "type": "Feature", "properties": { "visible_points": 55, "total_points": 106, "visibility_pct": 51.886792452830186 }, "geometry": { "type": "Point", "coordinates": [ -0.227335501758334, 51.475946655253573 ] } },
{ "type": "Feature", "properties": { "visible_points": 51, "total_points": 99, "visibility_pct": 51.515151515151516 }, "geometry": { "type": "Point", "coordinates": [ -0.227136081272183, 51.475943641820756 ] } },
{ "type": "Feature", "properties": { "visible_points": 45, "total_points": 91, "visibility_pct": 49.450549450549453 }, "geometry": { "type": "Point", "coordinates": [ -0.22693666082069, 51.475940628049344 ] } },
{ "type": "Feature", "properties": { "visible_points": 2, "total_points": 81, "visibility_pct": 2.4691358024691357 }, "geometry": { "type": "Point", "coordinates": [ -0.226737240403855, 51.475937613939315 ] } },
{ "type": "Feature", "properties": { "visible_points": 3, "total_points": 79, "visibility_pct": 3.79746835443038 }, "geometry": { "type": "Point", "coordinates": [ -0.22942524464005, 51.476086125010518 ] } },
{ "type": "Feature", "properties": { "visible_points": 8, "total_points": 82, "visibility_pct": 9.7560975609756095 }, "geometry": { "type": "Point", "coordinates": [ -0.229225823320649, 51.476083115114413 ] } },
{ "type": "Feature", "properties": { "visible_points": 7, "total_points": 85, "visibility_pct": 8.235294117647058 }, "geometry": { "type": "Point", "coordinates": [ -0.229026402035863, 51.476080104879685 ] } },
{ "type": "Feature", "properties": { "visible_points": 2, "total_points": 87, "visibility_pct": 2.2988505747126435 }, "geometry": { "type": "Point", "coordinates": [ -0.228826980785696, 51.476077094306333 ] } },
{ "type": "Feature", "properties": { "visible_points": 19, "total_points": 89, "visibility_pct": 21.348314606741571 }, "geometry": { "type": "Point", "coordinates": [ -0.228627559570153, 51.476074083394401 ] } },
{ "type": "Feature", "properties": { "visible_points": 30, "total_points": 92, "visibility_pct": 32.608695652173914 }, "geometry": { "type": "Point", "coordinates": [ -0.228428138389237, 51.476071072143846 ] } },
{ "type": "Feature", "properties": { "visible_points": 40, "total_points": 95, "visibility_pct": 42.105263157894733 }, "geometry": { "type": "Point", "coordinates": [ -0.228228717242948, 51.47606806055466 ] } },
{ "type": "Feature", "properties": { "visible_points": 44, "total_points": 98, "visibility_pct": 44.897959183673471 }, "geometry": { "type": "Point", "coordinates": [ -0.228029296131293, 51.476065048626893 ] } },
{ "type": "Feature", "properties": { "visible_points": 50, "total_points": 100, "visibility_pct": 50.0 }, "geometry": { "type": "Point", "coordinates": [ -0.22782987505428, 51.476062036360489 ] } },
{ "type": "Feature", "properties": { "visible_points": 51, "total_points": 102, "visibility_pct": 50.0 }, "geometry": { "type": "Point", "coordinates": [ -0.227630454011903, 51.476059023755489 ] } },
{ "type": "Feature", "properties": { "visible_points": 50, "total_points": 99, "visibility_pct": 50.505050505050505 }, "geometry": { "type": "Point", "coordinates": [ -0.227431033004176, 51.476056010811874 ] } },
{ "type": "Feature", "properties": { "visible_points": 47, "total_points": 93, "visibility_pct": 50.537634408602152 }, "geometry": { "type": "Point", "coordinates": [ -0.227231612031101, 51.476052997529663 ] } },
{ "type": "Feature", "properties": { "visible_points": 44, "total_points": 86, "visibility_pct": 51.162790697674424 }, "geometry": { "type": "Point", "coordinates": [ -0.227032191092673, 51.476049983908823 ] } },
{ "type": "Feature", "properties": { "visible_points": 0, "total_points": 78, "visibility_pct": 0.0 }, "geometry": { "type": "Point", "coordinates": [ -0.226832770188908, 51.476046969949387 ] } },
{ "type": "Feature", "properties": { "visible_points": 0, "total_points": 80, "visibility_pct": 0.0 }, "geometry": { "type": "Point", "coordinates": [ -0.228523672521985, 51.476180426880738 ] } },
{ "type": "Feature", "properties": { "visible_points": 21, "total_points": 83, "visibility_pct": 25.301204819277107 }, "geometry": { "type": "Point", "coordinates": [ -0.228324250888771, 51.476177415442187 ] } },
{ "type": "Feature", "properties": { "visible_points": 18, "total_points": 86, "visibility_pct": 20.930232558139537 }, "geometry": { "type": "Point", "coordinates": [ -0.228124829290196, 51.476174403664984 ] } },
{ "type": "Feature", "properties": { "visible_points": 30, "total_points": 89, "visibility_pct": 33.707865168539328 }, "geometry": { "type": "Point", "coordinates": [ -0.22792540772625, 51.47617139154918 ] } },
{ "type": "Feature", "properties": { "visible_points": 40, "total_points": 91, "visibility_pct": 43.956043956043956 }, "geometry": { "type": "Point", "coordinates": [ -0.227725986196949, 51.476168379094773 ] } },
{ "type": "Feature", "properties": { "visible_points": 43, "total_points": 90, "visibility_pct": 47.777777777777779 }, "geometry": { "type": "Point", "coordinates": [ -0.227526564702291, 51.47616536630175 ] } },
{ "type": "Feature", "properties": { "visible_points": 42, "total_points": 86, "visibility_pct": 48.837209302325576 }, "geometry": { "type": "Point", "coordinates": [ -0.227327143242279, 51.476162353170096 ] } },
{ "type": "Feature", "properties": { "visible_points": 40, "total_points": 80, "visibility_pct": 50.0 }, "geometry": { "type": "Point", "coordinates": [ -0.227127721816922, 51.476159339699841 ] } },
{ "type": "Feature", "properties": { "visible_points": 17, "total_points": 73, "visibility_pct": 23.287671232876711 }, "geometry": { "type": "Point", "coordinates": [ -0.226928300426218, 51.47615632589099 ] } },
{ "type": "Feature", "properties": { "visible_points": 0, "total_points": 79, "visibility_pct": 0.0 }, "geometry": { "type": "Point", "coordinates": [ -0.227821518834265, 51.476277734365553 ] } },
{ "type": "Feature", "properties": { "visible_points": 0, "total_points": 79, "visibility_pct": 0.0 }, "geometry": { "type": "Point", "coordinates": [ -0.227622096852674, 51.476274721723136 ] } },
{ "type": "Feature", "properties": { "visible_points": 9, "total_points": 77, "visibility_pct": 11.688311688311687 }, "geometry": { "type": "Point", "coordinates": [ -0.227422674905727, 51.476271708742068 ] } },
{ "type": "Feature", "properties": { "visible_points": 29, "total_points": 73, "visibility_pct": 39.726027397260275 }, "geometry": { "type": "Point", "coordinates": [ -0.227223252993434, 51.476268695422412 ] } },
{ "type": "Feature", "properties": { "visible_points": 28, "total_points": 67, "visibility_pct": 41.791044776119399 }, "geometry": { "type": "Point", "coordinates": [ -0.227023831115788, 51.476265681764126 ] } },
{ "type": "Feature", "properties": { "visible_points": 0, "total_points": 60, "visibility_pct": 0.0 }, "geometry": { "type": "Point", "coordinates": [ -0.22682440927281, 51.476262667767237 ] } },
{ "type": "Feature", "properties": { "visible_points": 0, "total_points": 54, "visibility_pct": 0.0 }, "geometry": { "type": "Point", "coordinates": [ -0.226919939927708, 51.476372023722519 ] } }
]
}
