{
"type": "FeatureCollection",
"name": "ENFIE_42_walking",
"crs": { "type": "name", "properties": { "name": "urn:ogc:def:crs:OGC:1.3:CRS84" } },
"features": [
{"type":"Feature","properties":{"highway":"footway","name":null,"category":"Footpath (pedestrian only)"},"geometry":{"type":"MultiLineString","coordinates":[[[-0.0911244,51.6147844],[-0.0909967,51.6150123],[-0.0909527,51.6150908],[-0.0906309,51.6153973],[-0.0903644,51.6154463],[-0.0900515,51.6155038],[-0.0898736,51.6155038],[-0.0893434,51.6155038],[-0.0886782,51.6155438],[-0.0881203,51.6156238],[-0.0877592,51.6156349],[-0.0876828,51.6156375],[-0.0873547,51.6157539]]]}},
{"type":"Feature","properties":{"highway":"footway","name":null,"category":"Footpath (pedestrian only)"},"geometry":{"type":"MultiLineString","coordinates":[[[-0.0699576,51.6171686],[-0.0699643,51.6171497],[-0.0699624,51.6171317],[-0.0699629,51.6171169],[-0.0699667,51.617106],[-0.0699746,51.6170904],[-0.0699745,51.6170693],[-0.0699805,51.617051]]]}},
{"type":"Feature","properties":{"highway":"footway","name":null,"category":"Footpath (pedestrian only)"},"geometry":{"type":"MultiLineString","coordinates":[[[-0.0698374,51.6168413],[-0.0698212,51.616817]]]}},
{"type":"Feature","properties":{"highway":"footway","name":null,"category":"Footpath (pedestrian only)"},"geometry":{"type":"MultiLineString","coordinates":[[[-0.079297,51.611278],[-0.0792145,51.6109331],[-0.0792512,51.610562]]]}},
{"type":"Feature","properties":{"highway":"footway","name":null,"category":"Footpath (pedestrian only)"},"geometry":{"type":"MultiLineString","coordinates":[[[-0.0678555,51.615781],[-0.0687365,51.6160209],[-0.0692174,51.6161177],[-0.0692423,51.6161211],[-0.0692786,51.6161262],[-0.0694311,51.6161407],[-0.0695389,51.6161687],[-0.0695749,51.6161754],[-0.0699191,51.6162391],[-0.0701526,51.6162634],[-0.0703167,51.6162725],[-0.0704756,51.6162605],[-0.0706731,51.616252],[-0.0708181,51.6162483],[-0.0709643,51.616237]]]}},
{"type":"Feature","properties":{"highway":"footway","name":null,"category":"Footpath (pedestrian only)"},"geometry":{"type":"MultiLineString","coordinates":[[[-0.0713718,51.6178909],[-0.0713636,51.6178567],[-0.0713876,51.6177857],[-0.0714353,51.6177831],[-0.0716195,51.6177241],[-0.0716946,51.6176819],[-0.0718112,51.6175958]]]}},
{"type":"Feature","properties":{"highway":"footway","name":null,"category":"Footpath (pedestrian only)"},"geometry":{"type":"MultiLineString","coordinates":[[[-0.0699576,51.6171686],[-0.0698958,51.6172004],[-0.069885,51.617215],[-0.0698859,51.617232],[-0.0698354,51.6172391],[-0.0698348,51.6172647],[-0.0698198,51.6172817],[-0.0696515,51.6173206],[-0.0690288,51.6174647],[-0.0685801,51.6175651],[-0.0679594,51.6176687],[-0.0677246,51.617738],[-0.0676069,51.6177489],[-0.0675861,51.6178168],[-0.0675428,51.6178916]]]}},
{"type":"Feature","properties":{"highway":"footway","name":null,"category":"Footpath (pedestrian only)"},"geometry":{"type":"MultiLineString","coordinates":[[[-0.0718112,51.6175958],[-0.0718478,51.6175655],[-0.0719663,51.6174675],[-0.0720693,51.6173823],[-0.0721294,51.61729],[-0.0721601,51.6172429],[-0.0721804,51.6171899],[-0.0722661,51.6170188],[-0.0722781,51.6169348],[-0.0723033,51.616822],[-0.0723353,51.6166991],[-0.0723673,51.6165551],[-0.0723942,51.616466],[-0.0724304,51.6164094],[-0.0725073,51.6162576],[-0.0726557,51.6159722],[-0.0726524,51.6159238],[-0.0726063,51.6158961],[-0.0725538,51.6158812]]]}},
{"type":"Feature","properties":{"highway":"footway","name":null,"category":"Footpath (pedestrian only)"},"geometry":{"type":"MultiLineString","coordinates":[[[-0.0684788,51.6153646],[-0.0681791,51.6154548],[-0.0680903,51.6155032],[-0.0680345,51.6155707],[-0.0679269,51.615732],[-0.0678555,51.615781]]]}},
{"type":"Feature","properties":{"highway":"footway","name":null,"category":"Footpath (pedestrian only)"},"geometry":{"type":"MultiLineString","coordinates":[[[-0.0713452,51.6179617],[-0.0713027,51.6180754],[-0.0713536,51.6183038],[-0.0714868,51.6189278],[-0.0714974,51.6189776],[-0.0716,51.619663],[-0.0715966,51.6198279],[-0.071543,51.6199667],[-0.0713157,51.6200715],[-0.070993,51.6201107],[-0.0706224,51.6201377],[-0.0696896,51.62019],[-0.0695384,51.6201985],[-0.0692314,51.6202136],[-0.0691512,51.6202162],[-0.0691349,51.6202167],[-0.0682724,51.6202235],[-0.0674692,51.6202123],[-0.0673716,51.6201975],[-0.0672845,51.6201842],[-0.0671546,51.6201325],[-0.0671096,51.6200795],[-0.0670506,51.6200029]]]}},
{"type":"Feature","properties":{"highway":"footway","name":null,"category":"Footpath (pedestrian only)"},"geometry":{"type":"MultiLineString","coordinates":[[[-0.0763123,51.6140124],[-0.0763373,51.6140271],[-0.0764254,51.6140512],[-0.0766469,51.6140911],[-0.0768167,51.6141163],[-0.0776664,51.6141909],[-0.0778151,51.6142074],[-0.0779535,51.6142304],[-0.0783152,51.6143045],[-0.0786359,51.6143818],[-0.0789655,51.6144729],[-0.079201,51.6145535],[-0.0801155,51.6148607],[-0.0810014,51.6151359],[-0.0813552,51.6152324],[-0.0823922,51.6154778],[-0.0840992,51.6158668],[-0.0846945,51.6159806],[-0.0848636,51.616005],[-0.0849867,51.6160126]]]}},
{"type":"Feature","properties":{"highway":"footway","name":null,"category":"Footpath (pedestrian only)"},"geometry":{"type":"MultiLineString","coordinates":[[[-0.0774133,51.6154954],[-0.0774745,51.615488],[-0.0775685,51.6154441],[-0.0777912,51.6154117],[-0.0781935,51.6154709],[-0.0786334,51.6156287],[-0.0790545,51.6156465],[-0.0793039,51.615621],[-0.0795294,51.6155823],[-0.0797252,51.6155596],[-0.0799025,51.6155791]]]}},
{"type":"Feature","properties":{"highway":"footway","name":null,"category":"Footpath (pedestrian only)"},"geometry":{"type":"MultiLineString","coordinates":[[[-0.0694311,51.6161407],[-0.0694043,51.6162332],[-0.0694157,51.6163059],[-0.0694969,51.6164014],[-0.0695112,51.6164182],[-0.0695743,51.6164976],[-0.0697063,51.616703],[-0.0698212,51.616817]]]}},
{"type":"Feature","properties":{"highway":"path","name":null,"category":"Shared path"},"geometry":{"type":"MultiLineString","coordinates":[[[-0.0884034,51.6193831],[-0.0883382,51.6193247]]]}},
{"type":"Feature","properties":{"highway":"footway","name":"Hermitage Lane","category":"Footpath (pedestrian only)"},"geometry":{"type":"MultiLineString","coordinates":[[[-0.0843943,51.6150447],[-0.0844005,51.6148953],[-0.0844055,51.61477],[-0.0843999,51.6146654],[-0.0843668,51.6146038],[-0.0842382,51.6144982],[-0.0841932,51.6144514],[-0.0840149,51.6141821],[-0.0840012,51.6140372],[-0.0839679,51.6136688],[-0.0839246,51.6132423],[-0.0839129,51.6131137]]]}},
{"type":"Feature","properties":{"highway":"footway","name":null,"category":"Footpath (pedestrian only)"},"geometry":{"type":"MultiLineString","coordinates":[[[-0.0849394,51.6158723],[-0.0850068,51.6157933]]]}},
{"type":"Feature","properties":{"highway":"footway","name":null,"category":"Footpath (pedestrian only)"},"geometry":{"type":"MultiLineString","coordinates":[[[-0.0850068,51.6157933],[-0.0850129,51.6157834],[-0.0849372,51.6157607],[-0.0849106,51.6157359]]]}},
{"type":"Feature","properties":{"highway":"footway","name":null,"category":"Footpath (pedestrian only)"},"geometry":{"type":"MultiLineString","coordinates":[[[-0.081737,51.6145684],[-0.0817551,51.614604],[-0.0818047,51.6146607],[-0.0819438,51.6147204],[-0.0829918,51.6149139],[-0.0838007,51.6150175],[-0.0838794,51.6150281],[-0.0839733,51.615027],[-0.0842028,51.6150405],[-0.0843943,51.6150447]]]}},
{"type":"Feature","properties":{"highway":"footway","name":null,"category":"Footpath (pedestrian only)"},"geometry":{"type":"MultiLineString","coordinates":[[[-0.0806727,51.6209653],[-0.0806016,51.6209497],[-0.0800888,51.6209125]]]}},
{"type":"Feature","properties":{"highway":"footway","name":null,"category":"Footpath (pedestrian only)"},"geometry":{"type":"MultiLineString","coordinates":[[[-0.0678764,51.6150135],[-0.0678669,51.615008],[-0.0676852,51.6149575],[-0.0676072,51.6149343]]]}},
{"type":"Feature","properties":{"highway":"footway","name":null,"category":"Footpath (pedestrian only)"},"geometry":{"type":"MultiLineString","coordinates":[[[-0.0684176,51.6147352],[-0.0684198,51.6147483],[-0.0683749,51.6147492],[-0.0683293,51.6147558],[-0.0682919,51.6147604],[-0.0682561,51.6147715],[-0.0682294,51.6147857],[-0.0682111,51.6147936],[-0.0681992,51.6148041],[-0.068167,51.6148033]]]}},
{"type":"Feature","properties":{"highway":"footway","name":null,"category":"Footpath (pedestrian only)"},"geometry":{"type":"MultiLineString","coordinates":[[[-0.0677623,51.6150991],[-0.0676379,51.6149853]]]}},
{"type":"Feature","properties":{"highway":"footway","name":null,"category":"Footpath (pedestrian only)"},"geometry":{"type":"MultiLineString","coordinates":[[[-0.0866307,51.6128749],[-0.0867086,51.6127944]]]}},
{"type":"Feature","properties":{"highway":"path","name":null,"category":"Shared path"},"geometry":{"type":"MultiLineString","coordinates":[[[-0.086647,51.6203409],[-0.0866531,51.6203247],[-0.0867553,51.620051],[-0.0867587,51.6200222],[-0.086761,51.6200026],[-0.0867625,51.6199899],[-0.0867215,51.6199725],[-0.0866469,51.6199564],[-0.0866235,51.6199513],[-0.0865261,51.6199297],[-0.0864505,51.6199022],[-0.0862978,51.6197799],[-0.0862091,51.6196402],[-0.086196,51.6195994],[-0.086242,51.6195178],[-0.0863224,51.6194658],[-0.0866213,51.6194495],[-0.08682,51.6194475],[-0.0870794,51.6194128],[-0.0875228,51.6193129],[-0.0875373,51.619311],[-0.087665,51.6192945],[-0.0879111,51.6191993],[-0.088004,51.6191633],[-0.0880403,51.6191372]]]}},
{"type":"Feature","properties":{"highway":"path","name":null,"category":"Shared path"},"geometry":{"type":"MultiLineString","coordinates":[[[-0.0852885,51.6188815],[-0.0853434,51.6188978],[-0.0855311,51.6189535],[-0.0855845,51.6188511],[-0.0856728,51.6187315],[-0.0857959,51.6185584],[-0.0860443,51.618459],[-0.0861442,51.6184128],[-0.0861639,51.6183886],[-0.0862464,51.6182874],[-0.0863037,51.6181693],[-0.0863416,51.6180913],[-0.086406,51.617992],[-0.0864716,51.6178908],[-0.0865413,51.6177207],[-0.0865245,51.6176502],[-0.0864925,51.6175159],[-0.0865715,51.617428],[-0.0867358,51.6173661],[-0.0867767,51.6173603],[-0.0868339,51.6173631],[-0.0870034,51.6174179],[-0.087151,51.6176223],[-0.0871799,51.6176558],[-0.087368,51.6177755],[-0.0875794,51.6178173],[-0.0877071,51.6178433],[-0.087786,51.6180293],[-0.0878371,51.6180538],[-0.0880322,51.6180451],[-0.0881696,51.6180784]]]}},
{"type":"Feature","properties":{"highway":"footway","name":null,"category":"Footpath (pedestrian only)"},"geometry":{"type":"MultiLineString","coordinates":[[[-0.0866409,51.6170915],[-0.086663,51.6171598],[-0.086677,51.6172032]]]}},
{"type":"Feature","properties":{"highway":"footway","name":null,"category":"Footpath (pedestrian only)"},"geometry":{"type":"MultiLineString","coordinates":[[[-0.0714384,51.6145328],[-0.0713805,51.6145133],[-0.070954,51.6145059],[-0.0709538,51.6145374],[-0.0713573,51.6145372]]]}},
{"type":"Feature","properties":{"highway":"footway","name":null,"category":"Footpath (pedestrian only)"},"geometry":{"type":"MultiLineString","coordinates":[[[-0.0721019,51.6149752],[-0.0714384,51.6145328]]]}},
{"type":"Feature","properties":{"highway":"path","name":"Victor Villas","category":"Shared path"},"geometry":{"type":"MultiLineString","coordinates":[[[-0.0812838,51.6240412],[-0.0814576,51.6235979],[-0.0816208,51.6232503],[-0.0818621,51.6227846],[-0.0818812,51.6227453],[-0.0819002,51.6227061],[-0.0821457,51.622299],[-0.0822602,51.6221091]]]}},
{"type":"Feature","properties":{"highway":"footway","name":null,"category":"Footpath (pedestrian only)"},"geometry":{"type":"MultiLineString","coordinates":[[[-0.082683,51.621521],[-0.0826973,51.6215002],[-0.0828843,51.6212318]]]}},
{"type":"Feature","properties":{"highway":"footway","name":null,"category":"Footpath (pedestrian only)"},"geometry":{"type":"MultiLineString","coordinates":[[[-0.0801789,51.6238464],[-0.0801586,51.6240186]]]}},
{"type":"Feature","properties":{"highway":"footway","name":null,"category":"Footpath (pedestrian only)"},"geometry":{"type":"MultiLineString","coordinates":[[[-0.0914385,51.6160819],[-0.0914167,51.6160832],[-0.0914617,51.6164597],[-0.091484,51.6164581]]]}},
{"type":"Feature","properties":{"highway":"footway","name":null,"category":"Footpath (pedestrian only)"},"geometry":{"type":"MultiLineString","coordinates":[[[-0.0750758,51.6119838],[-0.0750859,51.6120519],[-0.075089,51.6121154],[-0.0751021,51.6121925],[-0.0751894,51.6127065],[-0.0752162,51.6128645],[-0.0752335,51.612951],[-0.075177,51.6130142],[-0.0752416,51.6130972],[-0.0752748,51.6132352],[-0.0757684,51.6131963],[-0.0759566,51.6131818],[-0.0759616,51.6132045]]]}},
{"type":"Feature","properties":{"highway":"footway","name":null,"category":"Footpath (pedestrian only)"},"geometry":{"type":"MultiLineString","coordinates":[[[-0.0869546,51.6169309],[-0.0870746,51.6170356]]]}},
{"type":"Feature","properties":{"highway":"footway","name":null,"category":"Footpath (pedestrian only)"},"geometry":{"type":"MultiLineString","coordinates":[[[-0.0858576,51.6166284],[-0.0858692,51.6166484],[-0.085881,51.6166689]]]}},
{"type":"Feature","properties":{"highway":"footway","name":null,"category":"Footpath (pedestrian only)"},"geometry":{"type":"MultiLineString","coordinates":[[[-0.0859817,51.61677],[-0.0860773,51.6167503]]]}},
{"type":"Feature","properties":{"highway":"footway","name":null,"category":"Footpath (pedestrian only)"},"geometry":{"type":"MultiLineString","coordinates":[[[-0.0867104,51.6165813],[-0.0866757,51.6165761],[-0.0865627,51.6165731],[-0.0864481,51.6165423],[-0.0863829,51.6165156],[-0.0863257,51.6164882]]]}},
{"type":"Feature","properties":{"highway":"footway","name":null,"category":"Footpath (pedestrian only)"},"geometry":{"type":"MultiLineString","coordinates":[[[-0.0865224,51.6161886],[-0.0865882,51.6161711],[-0.0866674,51.6161647],[-0.0867618,51.6161647],[-0.086825,51.6161717],[-0.0868626,51.616183]]]}},
{"type":"Feature","properties":{"highway":"footway","name":null,"category":"Footpath (pedestrian only)"},"geometry":{"type":"MultiLineString","coordinates":[[[-0.0870323,51.6158016],[-0.0870881,51.6158546]]]}},
{"type":"Feature","properties":{"highway":"footway","name":null,"category":"Footpath (pedestrian only)"},"geometry":{"type":"MultiLineString","coordinates":[[[-0.0860849,51.615829],[-0.0861406,51.6158342],[-0.0862136,51.6158368],[-0.0862652,51.6158356],[-0.0863358,51.6158275],[-0.0863488,51.615836]]]}},
{"type":"Feature","properties":{"highway":"footway","name":null,"category":"Footpath (pedestrian only)"},"geometry":{"type":"MultiLineString","coordinates":[[[-0.0945763,51.6158647],[-0.0946001,51.6158981],[-0.0946188,51.6159131],[-0.0946541,51.6159267],[-0.0946993,51.6159331],[-0.0947775,51.6159383],[-0.0948231,51.6159383],[-0.0948794,51.6159337],[-0.0949465,51.6159234],[-0.0950296,51.615902],[-0.0950848,51.6158883],[-0.0951518,51.6158681]]]}},
{"type":"Feature","properties":{"highway":"footway","name":null,"category":"Footpath (pedestrian only)"},"geometry":{"type":"MultiLineString","coordinates":[[[-0.0869902,51.6170917],[-0.0870125,51.6170683],[-0.0870615,51.6170424],[-0.0870746,51.6170356],[-0.0870969,51.6170241]]]}},
{"type":"Feature","properties":{"highway":"footway","name":null,"category":"Footpath (pedestrian only)"},"geometry":{"type":"MultiLineString","coordinates":[[[-0.0678764,51.6150135],[-0.0679461,51.6150663],[-0.0680072,51.6151151]]]}},
{"type":"Feature","properties":{"highway":"footway","name":null,"category":"Footpath (pedestrian only)"},"geometry":{"type":"MultiLineString","coordinates":[[[-0.0734461,51.6158995],[-0.0734857,51.6157392]]]}},
{"type":"Feature","properties":{"highway":"footway","name":null,"category":"Footpath (pedestrian only)"},"geometry":{"type":"MultiLineString","coordinates":[[[-0.0734857,51.6157392],[-0.0735044,51.6156717]]]}},
{"type":"Feature","properties":{"highway":"footway","name":null,"category":"Footpath (pedestrian only)"},"geometry":{"type":"MultiLineString","coordinates":[[[-0.0799119,51.6156444],[-0.0799204,51.6156691],[-0.0800362,51.6156499],[-0.0802427,51.615606],[-0.0803281,51.6156658],[-0.0802921,51.615795],[-0.0803791,51.6158877],[-0.080386,51.6159358],[-0.0804191,51.6160678],[-0.0807209,51.6161615],[-0.0809207,51.6161782],[-0.0809424,51.6162337],[-0.080895,51.6164606],[-0.0808638,51.6166113],[-0.0808581,51.6166483]]]}},
{"type":"Feature","properties":{"highway":"footway","name":null,"category":"Footpath (pedestrian only)"},"geometry":{"type":"MultiLineString","coordinates":[[[-0.0800362,51.6156499],[-0.0800716,51.615707],[-0.0801508,51.6156996]]]}},
{"type":"Feature","properties":{"highway":"footway","name":null,"category":"Footpath (pedestrian only)"},"geometry":{"type":"MultiLineString","coordinates":[[[-0.0865791,51.6153432],[-0.0865373,51.6153411]]]}},
{"type":"Feature","properties":{"highway":"path","name":null,"category":"Shared path"},"geometry":{"type":"MultiLineString","coordinates":[[[-0.0884219,51.6161728],[-0.0885132,51.6161403]]]}},
{"type":"Feature","properties":{"highway":"footway","name":null,"category":"Footpath (pedestrian only)"},"geometry":{"type":"MultiLineString","coordinates":[[[-0.0827732,51.6219567],[-0.082545,51.6222998]]]}},
{"type":"Feature","properties":{"highway":"footway","name":null,"category":"Footpath (pedestrian only)"},"geometry":{"type":"MultiLineString","coordinates":[[[-0.0823325,51.6219679],[-0.0823738,51.6219609]]]}},
{"type":"Feature","properties":{"highway":"footway","name":null,"category":"Footpath (pedestrian only)"},"geometry":{"type":"MultiLineString","coordinates":[[[-0.0824488,51.6218503],[-0.082683,51.621521]]]}},
{"type":"Feature","properties":{"highway":"footway","name":null,"category":"Footpath (pedestrian only)"},"geometry":{"type":"MultiLineString","coordinates":[[[-0.0827732,51.6219567],[-0.0824488,51.6218503]]]}},
{"type":"Feature","properties":{"highway":"footway","name":null,"category":"Footpath (pedestrian only)"},"geometry":{"type":"MultiLineString","coordinates":[[[-0.0828213,51.6218768],[-0.0828401,51.6218585],[-0.0828923,51.6218778]]]}},
{"type":"Feature","properties":{"highway":"footway","name":null,"category":"Footpath (pedestrian only)"},"geometry":{"type":"MultiLineString","coordinates":[[[-0.0859817,51.61677],[-0.0859458,51.6167782]]]}},
{"type":"Feature","properties":{"highway":"footway","name":"Kendal Parade","category":"Footpath (pedestrian only)"},"geometry":{"type":"MultiLineString","coordinates":[[[-0.0858914,51.6171444],[-0.0859437,51.6170496],[-0.085987,51.6169469],[-0.0860056,51.6168868],[-0.0859996,51.6168323],[-0.0859458,51.6167782],[-0.085876,51.6167241],[-0.0858036,51.6166967],[-0.0856201,51.6166678],[-0.0854326,51.61665],[-0.0853635,51.6166437],[-0.085203,51.6166362],[-0.0849401,51.6166337],[-0.0848096,51.6166322]]]}},
{"type":"Feature","properties":{"highway":"footway","name":null,"category":"Footpath (pedestrian only)"},"geometry":{"type":"MultiLineString","coordinates":[[[-0.0854326,51.61665],[-0.0854452,51.6165916],[-0.0854583,51.6165839],[-0.0854854,51.6165807],[-0.0855073,51.6165577]]]}},
{"type":"Feature","properties":{"highway":"footway","name":null,"category":"Footpath (pedestrian only)"},"geometry":{"type":"MultiLineString","coordinates":[[[-0.0848401,51.6164646],[-0.0848316,51.6165254],[-0.0848274,51.6165554],[-0.0848096,51.6166322],[-0.0847769,51.6168777],[-0.084791,51.6169142]]]}},
{"type":"Feature","properties":{"highway":"footway","name":null,"category":"Footpath (pedestrian only)"},"geometry":{"type":"MultiLineString","coordinates":[[[-0.0848932,51.6165592],[-0.0848274,51.6165554]]]}},
{"type":"Feature","properties":{"highway":"footway","name":null,"category":"Footpath (pedestrian only)"},"geometry":{"type":"MultiLineString","coordinates":[[[-0.0813006,51.6161885],[-0.0812119,51.6160398],[-0.0811718,51.6159745],[-0.0811933,51.6158845],[-0.0812013,51.6157896],[-0.0812066,51.615705],[-0.0811717,51.6156334],[-0.081035,51.6155414],[-0.0808075,51.6155218],[-0.080469,51.6155713],[-0.0802571,51.6155887],[-0.0800362,51.6156499]]]}},
{"type":"Feature","properties":{"highway":"footway","name":null,"category":"Footpath (pedestrian only)"},"geometry":{"type":"MultiLineString","coordinates":[[[-0.0799025,51.6155791],[-0.0799119,51.6156444]]]}},
{"type":"Feature","properties":{"highway":"path","name":null,"category":"Shared path"},"geometry":{"type":"MultiLineString","coordinates":[[[-0.087786,51.6180293],[-0.0877262,51.6181033],[-0.0875948,51.6182249],[-0.087399,51.6182899],[-0.0871093,51.6183015],[-0.087067,51.6183026],[-0.0867901,51.6183098],[-0.0865728,51.6183048],[-0.0864387,51.6182549],[-0.0863037,51.6181693]]]}},
{"type":"Feature","properties":{"highway":"footway","name":null,"category":"Footpath (pedestrian only)"},"geometry":{"type":"MultiLineString","coordinates":[[[-0.0867302,51.6173509],[-0.0867358,51.6173661]]]}},
{"type":"Feature","properties":{"highway":"footway","name":null,"category":"Footpath (pedestrian only)"},"geometry":{"type":"MultiLineString","coordinates":[[[-0.0867191,51.6173161],[-0.0867302,51.6173509]]]}},
{"type":"Feature","properties":{"highway":"footway","name":null,"category":"Footpath (pedestrian only)"},"geometry":{"type":"MultiLineString","coordinates":[[[-0.0867043,51.6172722],[-0.0867191,51.6173161]]]}},
{"type":"Feature","properties":{"highway":"footway","name":null,"category":"Footpath (pedestrian only)"},"geometry":{"type":"MultiLineString","coordinates":[[[-0.080386,51.6159358],[-0.0802531,51.6159383]]]}},
{"type":"Feature","properties":{"highway":"path","name":null,"category":"Shared path"},"geometry":{"type":"MultiLineString","coordinates":[[[-0.0865413,51.6177207],[-0.0866229,51.6178121],[-0.0867507,51.617864]]]}},
{"type":"Feature","properties":{"highway":"footway","name":null,"category":"Footpath (pedestrian only)"},"geometry":{"type":"MultiLineString","coordinates":[[[-0.0870021,51.6178603],[-0.0870212,51.6178449]]]}},
{"type":"Feature","properties":{"highway":"footway","name":null,"category":"Footpath (pedestrian only)"},"geometry":{"type":"MultiLineString","coordinates":[[[-0.0868276,51.6178818],[-0.0869644,51.6178663],[-0.0869837,51.6178751],[-0.0870006,51.6178828],[-0.0870489,51.6180443],[-0.0870409,51.618062],[-0.0869684,51.6180706],[-0.0868893,51.6180801],[-0.0868639,51.6180684],[-0.0868129,51.6179085],[-0.0868201,51.6178955],[-0.0868276,51.6178818]]]}},
{"type":"Feature","properties":{"highway":"footway","name":null,"category":"Footpath (pedestrian only)"},"geometry":{"type":"MultiLineString","coordinates":[[[-0.0867759,51.6178755],[-0.0867976,51.6178853]]]}},
{"type":"Feature","properties":{"highway":"footway","name":null,"category":"Footpath (pedestrian only)"},"geometry":{"type":"MultiLineString","coordinates":[[[-0.0869728,51.6180825],[-0.0869759,51.6180911]]]}},
{"type":"Feature","properties":{"highway":"path","name":null,"category":"Shared path"},"geometry":{"type":"MultiLineString","coordinates":[[[-0.0861639,51.6183886],[-0.086251,51.6184447],[-0.0862858,51.6185613],[-0.0862295,51.6186629],[-0.0860659,51.6187445],[-0.0860257,51.6188311],[-0.0861464,51.618911],[-0.086251,51.6189077]]]}},
{"type":"Feature","properties":{"highway":"path","name":null,"category":"Shared path"},"geometry":{"type":"MultiLineString","coordinates":[[[-0.0862295,51.6186629],[-0.0863341,51.6187512]]]}},
{"type":"Feature","properties":{"highway":"path","name":null,"category":"Shared path"},"geometry":{"type":"MultiLineString","coordinates":[[[-0.0855311,51.6189535],[-0.0856984,51.6190076],[-0.0858325,51.6190859],[-0.0859398,51.6191458],[-0.0859827,51.6192158],[-0.0859881,51.6192558]]]}},
{"type":"Feature","properties":{"highway":"path","name":null,"category":"Shared path"},"geometry":{"type":"MultiLineString","coordinates":[[[-0.0869895,51.6189982],[-0.0869761,51.6190409],[-0.0869472,51.6190664],[-0.0869225,51.6190786],[-0.0868683,51.6190914],[-0.0868181,51.619091],[-0.0867858,51.6190847],[-0.0867443,51.6190671],[-0.0867258,51.6190534],[-0.0867036,51.6190209],[-0.0867021,51.6189898],[-0.0867133,51.618966],[-0.086736,51.618944],[-0.086775,51.6189243],[-0.0868184,51.6189146],[-0.0868777,51.6189154],[-0.0869378,51.6189339],[-0.0869734,51.6189613],[-0.0869895,51.6189982]]]}},
{"type":"Feature","properties":{"highway":"path","name":null,"category":"Shared path"},"geometry":{"type":"MultiLineString","coordinates":[[[-0.0875373,51.619311],[-0.08747,51.6192166],[-0.087356,51.6191042],[-0.0871978,51.6190151],[-0.0870959,51.6189935],[-0.0870468,51.6189944],[-0.0870104,51.6189968],[-0.0869895,51.6189982],[-0.0869665,51.6189964]]]}},
{"type":"Feature","properties":{"highway":"path","name":null,"category":"Shared path"},"geometry":{"type":"MultiLineString","coordinates":[[[-0.0883382,51.6193247],[-0.0883512,51.6193061],[-0.0883536,51.6192957],[-0.0883497,51.6192756],[-0.0883298,51.6192537],[-0.0883042,51.6192412],[-0.0882732,51.6192349],[-0.0882553,51.6192344],[-0.0882235,51.6192389],[-0.0882027,51.6192465],[-0.0881818,51.6192604],[-0.0881688,51.6192789],[-0.0881666,51.6192984],[-0.0881754,51.6193178],[-0.0881892,51.6193308],[-0.0882145,51.6193435],[-0.0882402,51.6193495],[-0.0882728,51.6193503],[-0.0882944,51.6193468],[-0.0883221,51.6193362],[-0.0883382,51.6193247]]]}},
{"type":"Feature","properties":{"highway":"path","name":null,"category":"Shared path"},"geometry":{"type":"MultiLineString","coordinates":[[[-0.0867625,51.6199899],[-0.0867981,51.619986],[-0.0868496,51.6199917],[-0.086896,51.6199968],[-0.0870551,51.6200136],[-0.0870851,51.6200168]]]}},
{"type":"Feature","properties":{"highway":"path","name":null,"category":"Shared path"},"geometry":{"type":"MultiLineString","coordinates":[[[-0.0874499,51.6200537],[-0.0876323,51.6200301],[-0.0879005,51.6199602],[-0.087987,51.6199509],[-0.08804,51.6199452],[-0.0883287,51.6199689],[-0.0886631,51.6200159],[-0.0888524,51.6200495],[-0.0890592,51.6201384],[-0.0890914,51.6201983],[-0.08907,51.6202297]]]}},
{"type":"Feature","properties":{"highway":"path","name":null,"category":"Shared path"},"geometry":{"type":"MultiLineString","coordinates":[[[-0.0870851,51.6200168],[-0.0873131,51.6200385],[-0.0874499,51.6200537],[-0.0877476,51.6200868],[-0.0880369,51.6201181],[-0.0885308,51.6201717],[-0.0887347,51.6201933],[-0.08907,51.6202297],[-0.0897325,51.6203016],[-0.0897861,51.6203016],[-0.0898156,51.62026],[-0.0898129,51.6201817],[-0.089762,51.6201301],[-0.0896922,51.6200918],[-0.0895796,51.6200918],[-0.0894964,51.6201484],[-0.0893999,51.6201883],[-0.08907,51.6202297]]]}},
{"type":"Feature","properties":{"highway":"path","name":null,"category":"Shared path"},"geometry":{"type":"MultiLineString","coordinates":[[[-0.087987,51.6199509],[-0.0880293,51.6200485],[-0.0880369,51.6201181]]]}},
{"type":"Feature","properties":{"highway":"path","name":null,"category":"Shared path"},"geometry":{"type":"MultiLineString","coordinates":[[[-0.0863492,51.6178468],[-0.086406,51.617992]]]}},
{"type":"Feature","properties":{"highway":"path","name":null,"category":"Shared path"},"geometry":{"type":"MultiLineString","coordinates":[[[-0.0863612,51.6177638],[-0.0865245,51.6176502]]]}},
{"type":"Feature","properties":{"highway":"path","name":null,"category":"Shared path"},"geometry":{"type":"MultiLineString","coordinates":[[[-0.0863612,51.6177638],[-0.0863805,51.6177748],[-0.0863889,51.6177833],[-0.0863962,51.6178053],[-0.0863906,51.6178212],[-0.0863714,51.6178382],[-0.0863492,51.6178468],[-0.0863363,51.6178493],[-0.0863101,51.6178498],[-0.0862948,51.6178475],[-0.0862638,51.6178343],[-0.0862503,51.6178203],[-0.0862452,51.6178052],[-0.0862516,51.6177845],[-0.0862662,51.617771],[-0.0862858,51.6177619],[-0.0863108,51.6177569],[-0.0863276,51.6177567],[-0.0863612,51.6177638]]]}},
{"type":"Feature","properties":{"highway":"path","name":null,"category":"Shared path"},"geometry":{"type":"MultiLineString","coordinates":[[[-0.0862516,51.6177845],[-0.0862094,51.6177711]]]}},
{"type":"Feature","properties":{"highway":"footway","name":null,"category":"Footpath (pedestrian only)"},"geometry":{"type":"MultiLineString","coordinates":[[[-0.0870881,51.6158546],[-0.0872666,51.615787]]]}},
{"type":"Feature","properties":{"highway":"path","name":null,"category":"Shared path"},"geometry":{"type":"MultiLineString","coordinates":[[[-0.090437,51.6155538],[-0.0904225,51.6155604],[-0.0904052,51.6155636],[-0.0903921,51.6155635],[-0.0903749,51.61556],[-0.0903578,51.6155508],[-0.0903497,51.6155408],[-0.0903477,51.6155287],[-0.0903524,51.6155179],[-0.0903628,51.6155088],[-0.0903755,51.615503],[-0.0903927,51.6154996],[-0.0904181,51.6155015],[-0.0904336,51.6155073],[-0.0904481,51.6155204],[-0.0904513,51.6155315],[-0.0904483,51.6155425],[-0.090437,51.6155538]]]}},
{"type":"Feature","properties":{"highway":"path","name":null,"category":"Shared path"},"geometry":{"type":"MultiLineString","coordinates":[[[-0.0898751,51.6155654],[-0.0898736,51.6155038]]]}},
{"type":"Feature","properties":{"highway":"path","name":null,"category":"Shared path"},"geometry":{"type":"MultiLineString","coordinates":[[[-0.0903927,51.6154996],[-0.0903644,51.6154463]]]}},
{"type":"Feature","properties":{"highway":"path","name":null,"category":"Shared path"},"geometry":{"type":"MultiLineString","coordinates":[[[-0.0898486,51.6155692],[-0.0898613,51.6155658],[-0.0898751,51.6155654],[-0.0898873,51.6155676],[-0.0898985,51.6155725],[-0.0899072,51.6155807],[-0.08991,51.6155891],[-0.0899075,51.6155985],[-0.0899005,51.6156059],[-0.0898899,51.6156113],[-0.0898772,51.6156142],[-0.0898634,51.6156142],[-0.0898454,51.6156091],[-0.0898363,51.6156027],[-0.0898313,51.6155947],[-0.0898305,51.6155888],[-0.0898335,51.6155804],[-0.0898409,51.6155732],[-0.0898486,51.6155692]]]}},
{"type":"Feature","properties":{"highway":"path","name":null,"category":"Shared path"},"geometry":{"type":"MultiLineString","coordinates":[[[-0.0886782,51.6155438],[-0.0887096,51.6157167]]]}},
{"type":"Feature","properties":{"highway":"footway","name":null,"category":"Footpath (pedestrian only)"},"geometry":{"type":"MultiLineString","coordinates":[[[-0.091175,51.6145722],[-0.0910396,51.6146099],[-0.0910201,51.6145753],[-0.0909913,51.6143476],[-0.0909975,51.6140212],[-0.0909584,51.6140175]]]}},
{"type":"Feature","properties":{"highway":"path","name":null,"category":"Shared path"},"geometry":{"type":"MultiLineString","coordinates":[[[-0.0866882,51.6198753],[-0.0866469,51.6199564]]]}},
{"type":"Feature","properties":{"highway":"footway","name":null,"category":"Footpath (pedestrian only)"},"geometry":{"type":"MultiLineString","coordinates":[[[-0.0867277,51.617197],[-0.0867499,51.6172666],[-0.0867043,51.6172722],[-0.0866543,51.6172787],[-0.086631,51.6172093],[-0.086677,51.6172032],[-0.0867277,51.617197]]]}},
{"type":"Feature","properties":{"highway":"path","name":null,"category":"Shared path"},"geometry":{"type":"MultiLineString","coordinates":[[[-0.0875393,51.6167001],[-0.0873528,51.6166684]]]}},
{"type":"Feature","properties":{"highway":"path","name":null,"category":"Shared path"},"geometry":{"type":"MultiLineString","coordinates":[[[-0.087067,51.6183026],[-0.0869803,51.6181027]]]}},
{"type":"Feature","properties":{"highway":"path","name":null,"category":"Shared path"},"geometry":{"type":"MultiLineString","coordinates":[[[-0.087151,51.6176223],[-0.0871235,51.6176961],[-0.0870704,51.6177804],[-0.0870404,51.6178295]]]}},
{"type":"Feature","properties":{"highway":"footway","name":null,"category":"Footpath (pedestrian only)"},"geometry":{"type":"MultiLineString","coordinates":[[[-0.0713876,51.6177857],[-0.0713484,51.6177824],[-0.0712954,51.6177692],[-0.0712225,51.6177582],[-0.0709086,51.6177549],[-0.0707403,51.6177162],[-0.0706061,51.6176529],[-0.0704372,51.6175496],[-0.0703621,51.6174414],[-0.0702977,51.6173315],[-0.0701931,51.6172582],[-0.0700509,51.6172249],[-0.0699642,51.6172189],[-0.0698859,51.617232]]]}},
{"type":"Feature","properties":{"highway":"footway","name":null,"category":"Footpath (pedestrian only)"},"geometry":{"type":"MultiLineString","coordinates":[[[-0.0698354,51.6172391],[-0.06978,51.6172166],[-0.0696379,51.6171783],[-0.0691309,51.6171133],[-0.0686696,51.6170633],[-0.0680044,51.6170001],[-0.0676317,51.6169923],[-0.0674385,51.6170034]]]}},
{"type":"Feature","properties":{"highway":"footway","name":null,"category":"Footpath (pedestrian only)"},"geometry":{"type":"MultiLineString","coordinates":[[[-0.0702717,51.6156235],[-0.0702786,51.6156085],[-0.0703404,51.6154847]]]}},
{"type":"Feature","properties":{"highway":"footway","name":null,"category":"Footpath (pedestrian only)"},"geometry":{"type":"MultiLineString","coordinates":[[[-0.0702786,51.6156085],[-0.0705168,51.6155905],[-0.0703816,51.6154795]]]}},
{"type":"Feature","properties":{"highway":"footway","name":null,"category":"Footpath (pedestrian only)"},"geometry":{"type":"MultiLineString","coordinates":[[[-0.0702786,51.6156085],[-0.0701054,51.6155511],[-0.0703053,51.6154703]]]}},
{"type":"Feature","properties":{"highway":"footway","name":null,"category":"Footpath (pedestrian only)"},"geometry":{"type":"MultiLineString","coordinates":[[[-0.070555,51.6154787],[-0.0704048,51.6154577]]]}},
{"type":"Feature","properties":{"highway":"footway","name":null,"category":"Footpath (pedestrian only)"},"geometry":{"type":"MultiLineString","coordinates":[[[-0.0701233,51.6154226],[-0.0702969,51.6154447]]]}},
{"type":"Feature","properties":{"highway":"footway","name":null,"category":"Footpath (pedestrian only)"},"geometry":{"type":"MultiLineString","coordinates":[[[-0.0704251,51.6152613],[-0.0703613,51.6154177]]]}},
{"type":"Feature","properties":{"highway":"footway","name":null,"category":"Footpath (pedestrian only)"},"geometry":{"type":"MultiLineString","coordinates":[[[-0.0704965,51.61565],[-0.0702717,51.6156235],[-0.0700977,51.6156068],[-0.0701054,51.6155511],[-0.0701233,51.6154226],[-0.0701418,51.6152897],[-0.0701521,51.6152159],[-0.0704251,51.6152613],[-0.0706195,51.6152901],[-0.0705984,51.6153519],[-0.070555,51.6154787],[-0.0705168,51.6155905],[-0.0704965,51.61565]]]}},
{"type":"Feature","properties":{"highway":"footway","name":null,"category":"Footpath (pedestrian only)"},"geometry":{"type":"MultiLineString","coordinates":[[[-0.0703201,51.615423],[-0.070305,51.6154324],[-0.0702969,51.6154447],[-0.070297,51.6154581],[-0.0703053,51.6154703],[-0.0703206,51.6154797],[-0.0703404,51.6154847],[-0.0703619,51.6154847],[-0.0703816,51.6154795],[-0.0703967,51.61547],[-0.0704048,51.6154577],[-0.0704047,51.6154444],[-0.0703964,51.6154321],[-0.0703812,51.6154227],[-0.0703613,51.6154177],[-0.0703399,51.6154178],[-0.0703201,51.615423]]]}},
{"type":"Feature","properties":{"highway":"footway","name":null,"category":"Footpath (pedestrian only)"},"geometry":{"type":"MultiLineString","coordinates":[[[-0.0703201,51.615423],[-0.0701418,51.6152897],[-0.0704251,51.6152613],[-0.0705984,51.6153519],[-0.0703964,51.6154321]]]}},
{"type":"Feature","properties":{"highway":"footway","name":null,"category":"Footpath (pedestrian only)"},"geometry":{"type":"MultiLineString","coordinates":[[[-0.0697047,51.6156685],[-0.0696707,51.6156922],[-0.0696529,51.6157209],[-0.0696571,51.61584],[-0.0696516,51.6160147],[-0.0696419,51.6160398],[-0.0696176,51.6161028],[-0.0695389,51.6161687]]]}},
{"type":"Feature","properties":{"highway":"footway","name":null,"category":"Footpath (pedestrian only)"},"geometry":{"type":"MultiLineString","coordinates":[[[-0.0696582,51.6156764],[-0.0696434,51.6156756],[-0.0696116,51.6156739],[-0.0695708,51.6156623],[-0.0695372,51.6156421],[-0.0695197,51.6156216],[-0.0695173,51.615613],[-0.0695117,51.615593],[-0.069518,51.6155679],[-0.0695504,51.6155344],[-0.069572,51.6155203],[-0.0696032,51.6155139],[-0.0696661,51.6155104],[-0.0697104,51.6155196],[-0.0697433,51.6155351],[-0.0697694,51.6155592],[-0.0697789,51.6155783],[-0.069779,51.6156074],[-0.0697614,51.6156366],[-0.0697305,51.6156584],[-0.0697047,51.6156685],[-0.0696582,51.6156764]]]}},
{"type":"Feature","properties":{"highway":"footway","name":null,"category":"Footpath (pedestrian only)"},"geometry":{"type":"MultiLineString","coordinates":[[[-0.0691631,51.615608],[-0.0695173,51.615613]]]}},
{"type":"Feature","properties":{"highway":"footway","name":null,"category":"Footpath (pedestrian only)"},"geometry":{"type":"MultiLineString","coordinates":[[[-0.0695112,51.6164182],[-0.069318,51.6164192],[-0.0692189,51.6164105],[-0.0692028,51.6164092],[-0.0690927,51.6163955],[-0.0690132,51.6163727],[-0.0688976,51.6163239],[-0.0688191,51.6162793],[-0.0687796,51.6162519],[-0.0687259,51.6161773],[-0.0687045,51.6161007],[-0.0687365,51.6160209]]]}},
{"type":"Feature","properties":{"highway":"footway","name":null,"category":"Footpath (pedestrian only)"},"geometry":{"type":"MultiLineString","coordinates":[[[-0.0716551,51.6161048],[-0.0717659,51.6163426],[-0.0719332,51.6166702]]]}},
{"type":"Feature","properties":{"highway":"footway","name":null,"category":"Footpath (pedestrian only)"},"geometry":{"type":"MultiLineString","coordinates":[[[-0.0743934,51.6158465],[-0.0743907,51.615751]]]}},
{"type":"Feature","properties":{"highway":"footway","name":null,"category":"Footpath (pedestrian only)"},"geometry":{"type":"MultiLineString","coordinates":[[[-0.0709643,51.616237],[-0.0711696,51.61619],[-0.0716551,51.6161048],[-0.0721546,51.6159807],[-0.0725538,51.6158812]]]}},
{"type":"Feature","properties":{"highway":"footway","name":null,"category":"Footpath (pedestrian only)"},"geometry":{"type":"MultiLineString","coordinates":[[[-0.0743934,51.6158465],[-0.0744172,51.6160002],[-0.0744183,51.6160359]]]}},
{"type":"Feature","properties":{"highway":"footway","name":null,"category":"Footpath (pedestrian only)"},"geometry":{"type":"MultiLineString","coordinates":[[[-0.0743907,51.615751],[-0.0743907,51.6157227],[-0.0744283,51.6157243]]]}},
{"type":"Feature","properties":{"highway":"footway","name":null,"category":"Footpath (pedestrian only)"},"geometry":{"type":"MultiLineString","coordinates":[[[-0.0744316,51.615761],[-0.0744337,51.6157842]]]}},
{"type":"Feature","properties":{"highway":"footway","name":null,"category":"Footpath (pedestrian only)"},"geometry":{"type":"MultiLineString","coordinates":[[[-0.0700763,51.6153111],[-0.0700691,51.6153813],[-0.0700648,51.6154435]]]}},
{"type":"Feature","properties":{"highway":"footway","name":null,"category":"Footpath (pedestrian only)"},"geometry":{"type":"MultiLineString","coordinates":[[[-0.0684788,51.6153646],[-0.0685215,51.6153734],[-0.0685742,51.6153931],[-0.0685948,51.6153993],[-0.0686538,51.6154385],[-0.068688,51.6154822],[-0.0686961,51.615533],[-0.0686964,51.6155928],[-0.0687232,51.6157043],[-0.0687554,51.6158676],[-0.0687614,51.6159242],[-0.0687605,51.6159429],[-0.0687541,51.6159625],[-0.0687365,51.6160209]]]}},
{"type":"Feature","properties":{"highway":"footway","name":null,"category":"Footpath (pedestrian only)"},"geometry":{"type":"MultiLineString","coordinates":[[[-0.0699383,51.6150309],[-0.0699323,51.6150404],[-0.0699186,51.6150488],[-0.0698987,51.6150537],[-0.0698602,51.6150553],[-0.0698343,51.615055],[-0.0698138,51.6150527],[-0.0698034,51.6150441],[-0.0698015,51.6150343]]]}},
{"type":"Feature","properties":{"highway":"footway","name":null,"category":"Footpath (pedestrian only)"},"geometry":{"type":"MultiLineString","coordinates":[[[-0.0698212,51.616817],[-0.0695682,51.6167918],[-0.0691266,51.6167174],[-0.0688869,51.6166345],[-0.0687045,51.6165604],[-0.0685784,51.6164687],[-0.0685731,51.6163522],[-0.0685939,51.6163108],[-0.0686562,51.6161873],[-0.0687045,51.6161007]]]}},
{"type":"Feature","properties":{"highway":"footway","name":null,"category":"Footpath (pedestrian only)"},"geometry":{"type":"MultiLineString","coordinates":[[[-0.069748,51.6153848],[-0.0697226,51.6153938]]]}},
{"type":"Feature","properties":{"highway":"footway","name":null,"category":"Footpath (pedestrian only)"},"geometry":{"type":"MultiLineString","coordinates":[[[-0.0697456,51.6153356],[-0.069748,51.6153848],[-0.0697687,51.6153932]]]}},
{"type":"Feature","properties":{"highway":"footway","name":null,"category":"Footpath (pedestrian only)"},"geometry":{"type":"MultiLineString","coordinates":[[[-0.0699417,51.6155567],[-0.069937,51.6154594]]]}},
{"type":"Feature","properties":{"highway":"footway","name":null,"category":"Footpath (pedestrian only)"},"geometry":{"type":"MultiLineString","coordinates":[[[-0.0697694,51.6155592],[-0.0699417,51.6155567],[-0.0700653,51.6155591],[-0.0701054,51.6155511]]]}},
{"type":"Feature","properties":{"highway":"footway","name":null,"category":"Footpath (pedestrian only)"},"geometry":{"type":"MultiLineString","coordinates":[[[-0.0702717,51.6156235],[-0.0702711,51.6156582],[-0.0702521,51.615701],[-0.0701891,51.6157496],[-0.0701493,51.6158692],[-0.0700331,51.6158589],[-0.0697921,51.6158292],[-0.0696571,51.61584]]]}},
{"type":"Feature","properties":{"highway":"footway","name":null,"category":"Footpath (pedestrian only)"},"geometry":{"type":"MultiLineString","coordinates":[[[-0.0701493,51.6158692],[-0.0702353,51.6158815],[-0.0703143,51.6158892]]]}},
{"type":"Feature","properties":{"highway":"footway","name":null,"category":"Footpath (pedestrian only)"},"geometry":{"type":"MultiLineString","coordinates":[[[-0.0698354,51.6172391],[-0.0697539,51.6172388],[-0.0696607,51.6172407]]]}},
{"type":"Feature","properties":{"highway":"footway","name":null,"category":"Footpath (pedestrian only)"},"geometry":{"type":"MultiLineString","coordinates":[[[-0.0715074,51.6155111],[-0.0714055,51.6154928],[-0.0712271,51.6154676]]]}},
{"type":"Feature","properties":{"highway":"footway","name":null,"category":"Footpath (pedestrian only)"},"geometry":{"type":"MultiLineString","coordinates":[[[-0.0717126,51.6152879],[-0.0716201,51.6154041],[-0.0715491,51.6154607],[-0.0715074,51.6155111],[-0.0714806,51.6155394],[-0.0714323,51.615646],[-0.0713223,51.6157326],[-0.0712311,51.6157609],[-0.0711936,51.6157792]]]}},
{"type":"Feature","properties":{"highway":"footway","name":null,"category":"Footpath (pedestrian only)"},"geometry":{"type":"MultiLineString","coordinates":[[[-0.0704756,51.6162605],[-0.0707433,51.6161738],[-0.0708868,51.6161171],[-0.0709927,51.6160563],[-0.0710866,51.6159639],[-0.0711936,51.6157792],[-0.0711668,51.6157493],[-0.0711504,51.6157067]]]}},
{"type":"Feature","properties":{"highway":"footway","name":null,"category":"Footpath (pedestrian only)"},"geometry":{"type":"MultiLineString","coordinates":[[[-0.072727,51.6137271],[-0.0726522,51.6137493],[-0.0724421,51.613916],[-0.0724042,51.6139467]]]}},
{"type":"Feature","properties":{"highway":"footway","name":null,"category":"Footpath (pedestrian only)"},"geometry":{"type":"MultiLineString","coordinates":[[[-0.0716635,51.6142251],[-0.0720548,51.6141973],[-0.0720463,51.6141646]]]}},
{"type":"Feature","properties":{"highway":"footway","name":null,"category":"Footpath (pedestrian only)"},"geometry":{"type":"MultiLineString","coordinates":[[[-0.0719575,51.6133816],[-0.0720547,51.6137983]]]}},
{"type":"Feature","properties":{"highway":"footway","name":null,"category":"Footpath (pedestrian only)"},"geometry":{"type":"MultiLineString","coordinates":[[[-0.0859543,51.6167421],[-0.0859701,51.6167556],[-0.0859817,51.61677]]]}},
{"type":"Feature","properties":{"highway":"footway","name":null,"category":"Footpath (pedestrian only)"},"geometry":{"type":"MultiLineString","coordinates":[[[-0.0694089,51.6153117],[-0.0694072,51.6154521],[-0.0694284,51.6154716],[-0.0694618,51.6154848],[-0.069572,51.6155203]]]}},
{"type":"Feature","properties":{"highway":"footway","name":null,"category":"Footpath (pedestrian only)"},"geometry":{"type":"MultiLineString","coordinates":[[[-0.0714708,51.6154164],[-0.0715491,51.6154607]]]}},
{"type":"Feature","properties":{"highway":"footway","name":null,"category":"Footpath (pedestrian only)"},"geometry":{"type":"MultiLineString","coordinates":[[[-0.0716543,51.6152452],[-0.071783,51.6151742]]]}},
{"type":"Feature","properties":{"highway":"footway","name":null,"category":"Footpath (pedestrian only)"},"geometry":{"type":"MultiLineString","coordinates":[[[-0.0719332,51.6166702],[-0.0712434,51.6169069]]]}},
{"type":"Feature","properties":{"highway":"footway","name":null,"category":"Footpath (pedestrian only)"},"geometry":{"type":"MultiLineString","coordinates":[[[-0.0705196,51.6150855],[-0.0704204,51.6151107],[-0.070349,51.6151235],[-0.0702945,51.6151209],[-0.0701299,51.6150997],[-0.0700308,51.6150973],[-0.0699474,51.6150982],[-0.0698969,51.6151026],[-0.0698564,51.6151064]]]}},
{"type":"Feature","properties":{"highway":"footway","name":null,"category":"Footpath (pedestrian only)"},"geometry":{"type":"MultiLineString","coordinates":[[[-0.0705196,51.6150855],[-0.070523,51.6151169],[-0.0705481,51.6151428],[-0.0705776,51.6151578],[-0.0706286,51.6151728],[-0.0707319,51.6151978],[-0.0708459,51.6152219],[-0.0710765,51.6152586],[-0.0711436,51.6152723],[-0.0712187,51.6152911],[-0.0712643,51.615309],[-0.0713092,51.615336],[-0.0713662,51.6153702],[-0.0714178,51.6153981],[-0.0714708,51.6154164],[-0.0715553,51.6153664],[-0.0715647,51.615336],[-0.0715546,51.6153069],[-0.0715258,51.6152773],[-0.0713759,51.6151847],[-0.0712123,51.6151098],[-0.071098,51.6150679]]]}},
{"type":"Feature","properties":{"highway":"footway","name":null,"category":"Footpath (pedestrian only)"},"geometry":{"type":"MultiLineString","coordinates":[[[-0.0719332,51.6166702],[-0.0721134,51.6168375],[-0.0722661,51.6170188]]]}},
{"type":"Feature","properties":{"highway":"footway","name":null,"category":"Footpath (pedestrian only)"},"geometry":{"type":"MultiLineString","coordinates":[[[-0.0699076,51.6169475],[-0.0698374,51.6168413]]]}},
{"type":"Feature","properties":{"highway":"footway","name":null,"category":"Footpath (pedestrian only)"},"geometry":{"type":"MultiLineString","coordinates":[[[-0.0699805,51.617051],[-0.0699076,51.6169475]]]}},
{"type":"Feature","properties":{"highway":"footway","name":null,"category":"Footpath (pedestrian only)"},"geometry":{"type":"MultiLineString","coordinates":[[[-0.0720651,51.6170673],[-0.0722661,51.6170188]]]}},
{"type":"Feature","properties":{"highway":"footway","name":null,"category":"Footpath (pedestrian only)"},"geometry":{"type":"MultiLineString","coordinates":[[[-0.0720625,51.617099],[-0.0720809,51.6170932],[-0.0720651,51.6170673],[-0.0720501,51.6170426],[-0.0720291,51.6170487]]]}},
{"type":"Feature","properties":{"highway":"footway","name":null,"category":"Footpath (pedestrian only)"},"geometry":{"type":"MultiLineString","coordinates":[[[-0.0751145,51.6160735],[-0.0751125,51.616039],[-0.0751082,51.6159545]]]}},
{"type":"Feature","properties":{"highway":"footway","name":null,"category":"Footpath (pedestrian only)"},"geometry":{"type":"MultiLineString","coordinates":[[[-0.0697285,51.6178291],[-0.0697053,51.6177484],[-0.0697105,51.6176688],[-0.0697566,51.6175684],[-0.0698583,51.6174318],[-0.0699642,51.6172189]]]}},
{"type":"Feature","properties":{"highway":"footway","name":null,"category":"Footpath (pedestrian only)"},"geometry":{"type":"MultiLineString","coordinates":[[[-0.0712561,51.6163448],[-0.0710853,51.6163972],[-0.0713453,51.6167482],[-0.0715357,51.6166866],[-0.0717413,51.6166201],[-0.0714926,51.6162754],[-0.0712561,51.6163448],[-0.0712041,51.6162694],[-0.0711696,51.61619]]]}},
{"type":"Feature","properties":{"highway":"footway","name":null,"category":"Footpath (pedestrian only)"},"geometry":{"type":"MultiLineString","coordinates":[[[-0.0676482,51.6175148],[-0.0676857,51.6174125],[-0.0677125,51.61718],[-0.0676852,51.6171249],[-0.0679378,51.6171121],[-0.0683241,51.6171387],[-0.0683348,51.6171387],[-0.0687318,51.6171987],[-0.0689678,51.6172053],[-0.0696607,51.6172407]]]}},
{"type":"Feature","properties":{"highway":"footway","name":null,"category":"Footpath (pedestrian only)"},"geometry":{"type":"MultiLineString","coordinates":[[[-0.0716551,51.6161048],[-0.0717102,51.6159847],[-0.0716592,51.6158507],[-0.0716152,51.6157423],[-0.0716017,51.6156581],[-0.0715763,51.615584],[-0.0715074,51.6155111]]]}},
{"type":"Feature","properties":{"highway":"footway","name":null,"category":"Footpath (pedestrian only)"},"geometry":{"type":"MultiLineString","coordinates":[[[-0.0712434,51.6169069],[-0.0707575,51.6167835],[-0.0705326,51.6167352],[-0.0703653,51.6167146],[-0.0702071,51.6167109],[-0.0700408,51.6167216],[-0.0699212,51.6167335]]]}},
{"type":"Feature","properties":{"highway":"footway","name":null,"category":"Footpath (pedestrian only)"},"geometry":{"type":"MultiLineString","coordinates":[[[-0.0698564,51.6151064],[-0.0698439,51.6153119],[-0.0697442,51.6153131],[-0.0694089,51.6153117],[-0.0691046,51.6153086]]]}},
{"type":"Feature","properties":{"highway":"footway","name":null,"category":"Footpath (pedestrian only)"},"geometry":{"type":"MultiLineString","coordinates":[[[-0.0717708,51.6171773],[-0.0716809,51.6172152]]]}},
{"type":"Feature","properties":{"highway":"footway","name":null,"category":"Footpath (pedestrian only)"},"geometry":{"type":"MultiLineString","coordinates":[[[-0.0717505,51.6171468],[-0.071663,51.6171828]]]}},
{"type":"Feature","properties":{"highway":"footway","name":null,"category":"Footpath (pedestrian only)"},"geometry":{"type":"MultiLineString","coordinates":[[[-0.0699642,51.6172189],[-0.070025,51.6172892],[-0.0700679,51.6173358],[-0.0701162,51.6174124],[-0.0701568,51.6174676],[-0.0702342,51.6175405],[-0.0703062,51.6175985],[-0.0703675,51.6176475],[-0.070402,51.6176676],[-0.0704986,51.6177128],[-0.0706315,51.6177788],[-0.070693,51.6178171],[-0.0707184,51.6178523]]]}},
{"type":"Feature","properties":{"highway":"footway","name":null,"category":"Footpath (pedestrian only)"},"geometry":{"type":"MultiLineString","coordinates":[[[-0.0721134,51.6168375],[-0.0714469,51.6170203]]]}},
{"type":"Feature","properties":{"highway":"footway","name":null,"category":"Footpath (pedestrian only)"},"geometry":{"type":"MultiLineString","coordinates":[[[-0.0710866,51.6159639],[-0.0711193,51.616007],[-0.0711442,51.6160419],[-0.0711625,51.6160815],[-0.0711731,51.6161264],[-0.0711696,51.61619]]]}},
{"type":"Feature","properties":{"highway":"footway","name":null,"category":"Footpath (pedestrian only)"},"geometry":{"type":"MultiLineString","coordinates":[[[-0.0721601,51.6172429],[-0.0720854,51.6172606],[-0.0720103,51.6172789],[-0.0719325,51.6172922],[-0.0718681,51.6173022],[-0.0718118,51.6173189],[-0.0717459,51.6173331]]]}},
{"type":"Feature","properties":{"highway":"footway","name":null,"category":"Footpath (pedestrian only)"},"geometry":{"type":"MultiLineString","coordinates":[[[-0.082545,51.6222998],[-0.082611,51.6223035]]]}},
{"type":"Feature","properties":{"highway":"footway","name":null,"category":"Footpath (pedestrian only)"},"geometry":{"type":"MultiLineString","coordinates":[[[-0.0811482,51.6243617],[-0.0812705,51.6240728],[-0.0812838,51.6240412]]]}},
{"type":"Feature","properties":{"highway":"footway","name":null,"category":"Footpath (pedestrian only)"},"geometry":{"type":"MultiLineString","coordinates":[[[-0.0926349,51.6164519],[-0.0926214,51.6163596]]]}},
{"type":"Feature","properties":{"highway":"footway","name":null,"category":"Footpath (pedestrian only)"},"geometry":{"type":"MultiLineString","coordinates":[[[-0.0916987,51.6160668],[-0.0917332,51.6160669],[-0.0918028,51.6160733],[-0.0918271,51.6160819],[-0.0918438,51.6160999]]]}},
{"type":"Feature","properties":{"highway":"footway","name":null,"category":"Footpath (pedestrian only)"},"geometry":{"type":"MultiLineString","coordinates":[[[-0.0917332,51.6160669],[-0.0917037,51.6160516],[-0.0916473,51.6160466],[-0.0916629,51.6159985]]]}},
{"type":"Feature","properties":{"highway":"footway","name":null,"category":"Footpath (pedestrian only)"},"geometry":{"type":"MultiLineString","coordinates":[[[-0.091733,51.616444],[-0.0917745,51.6164411],[-0.0918443,51.616513]]]}},
{"type":"Feature","properties":{"highway":"footway","name":null,"category":"Footpath (pedestrian only)"},"geometry":{"type":"MultiLineString","coordinates":[[[-0.0948256,51.6159688],[-0.0948231,51.6159383]]]}},
{"type":"Feature","properties":{"highway":"footway","name":null,"category":"Footpath (pedestrian only)"},"geometry":{"type":"MultiLineString","coordinates":[[[-0.0956943,51.6158237],[-0.095665,51.6158299]]]}},
{"type":"Feature","properties":{"highway":"footway","name":null,"category":"Footpath (pedestrian only)"},"geometry":{"type":"MultiLineString","coordinates":[[[-0.0958882,51.6157848],[-0.0958481,51.6157927]]]}},
{"type":"Feature","properties":{"highway":"footway","name":null,"category":"Footpath (pedestrian only)"},"geometry":{"type":"MultiLineString","coordinates":[[[-0.0677485,51.6152007],[-0.0676886,51.6151875],[-0.0677066,51.6151484],[-0.0677623,51.6150991]]]}},
{"type":"Feature","properties":{"highway":"footway","name":null,"category":"Footpath (pedestrian only)"},"geometry":{"type":"MultiLineString","coordinates":[[[-0.0684176,51.6147352],[-0.0684149,51.6147065],[-0.0684129,51.614686]]]}},
{"type":"Feature","properties":{"highway":"footway","name":null,"category":"Footpath (pedestrian only)"},"geometry":{"type":"MultiLineString","coordinates":[[[-0.068167,51.6148033],[-0.0681261,51.614803],[-0.0680682,51.6148024]]]}},
{"type":"Feature","properties":{"highway":"footway","name":null,"category":"Footpath (pedestrian only)"},"geometry":{"type":"MultiLineString","coordinates":[[[-0.0680682,51.6148024],[-0.0680441,51.6148009],[-0.0680433,51.6147939],[-0.0680429,51.6147869],[-0.0680189,51.6147873]]]}},
{"type":"Feature","properties":{"highway":"footway","name":null,"category":"Footpath (pedestrian only)"},"geometry":{"type":"MultiLineString","coordinates":[[[-0.0684129,51.614686],[-0.0684105,51.6146777],[-0.0684677,51.6146773],[-0.068519,51.6146766],[-0.0685184,51.6146673]]]}},
{"type":"Feature","properties":{"highway":"footway","name":null,"category":"Footpath (pedestrian only)"},"geometry":{"type":"MultiLineString","coordinates":[[[-0.0678816,51.6147844],[-0.0678633,51.6147884],[-0.0676698,51.6148974],[-0.0676072,51.6149343],[-0.0675255,51.614955]]]}},
{"type":"Feature","properties":{"highway":"footway","name":null,"category":"Footpath (pedestrian only)"},"geometry":{"type":"MultiLineString","coordinates":[[[-0.0680189,51.6147873],[-0.0679687,51.6147864],[-0.0678816,51.6147844]]]}},
{"type":"Feature","properties":{"highway":"footway","name":null,"category":"Footpath (pedestrian only)"},"geometry":{"type":"MultiLineString","coordinates":[[[-0.0685184,51.6146673],[-0.0685159,51.614631],[-0.0685144,51.6145968]]]}},
{"type":"Feature","properties":{"highway":"footway","name":null,"category":"Footpath (pedestrian only)"},"geometry":{"type":"MultiLineString","coordinates":[[[-0.0842456,51.6130766],[-0.0842885,51.6127563],[-0.0844435,51.6126144],[-0.0844777,51.6125829],[-0.0846946,51.6125901],[-0.0847724,51.6125655],[-0.0848094,51.6125164],[-0.0847967,51.6124007],[-0.0847354,51.6123722],[-0.0846602,51.6123556],[-0.0847661,51.6122613],[-0.0848643,51.6122169],[-0.0850225,51.6121781],[-0.0851093,51.6121702],[-0.0852139,51.6121765],[-0.0852879,51.612182],[-0.0853734,51.6121717],[-0.0854959,51.6121836],[-0.0856796,51.6122383],[-0.0857702,51.6122882],[-0.0858378,51.6123667],[-0.085899,51.6124213],[-0.0859539,51.6124514],[-0.0860598,51.6124657],[-0.0861657,51.6124609],[-0.086294,51.6124902],[-0.0863545,51.6124981]]]}},
{"type":"Feature","properties":{"highway":"footway","name":null,"category":"Footpath (pedestrian only)"},"geometry":{"type":"MultiLineString","coordinates":[[[-0.0675119,51.6145452],[-0.0682853,51.614577],[-0.0685143,51.6145828],[-0.0685144,51.6145968]]]}},
{"type":"Feature","properties":{"highway":"footway","name":null,"category":"Footpath (pedestrian only)"},"geometry":{"type":"MultiLineString","coordinates":[[[-0.0733649,51.6155768],[-0.07338,51.6155912],[-0.0735107,51.6156437],[-0.0737783,51.6156628],[-0.0740611,51.6157105],[-0.0743423,51.6157843],[-0.0744337,51.6157842],[-0.0746016,51.6157839],[-0.0746698,51.6157838],[-0.0750343,51.6157124],[-0.0751174,51.6156905],[-0.0752964,51.6156458],[-0.0754381,51.6156326],[-0.0757069,51.615654],[-0.0760426,51.6156968],[-0.0761591,51.6156934],[-0.0762299,51.6156914]]]}},
{"type":"Feature","properties":{"highway":"footway","name":null,"category":"Footpath (pedestrian only)"},"geometry":{"type":"MultiLineString","coordinates":[[[-0.0716632,51.6150001],[-0.071688,51.6149871],[-0.0717228,51.614969]]]}},
{"type":"Feature","properties":{"highway":"footway","name":"Sterling Way","category":"Footpath (pedestrian only)"},"geometry":{"type":"MultiLineString","coordinates":[[[-0.0718407,51.614526],[-0.0718722,51.614526],[-0.0718718,51.6145376],[-0.0718783,51.6145483],[-0.0719119,51.6145606],[-0.0720965,51.614555],[-0.0722576,51.6145406],[-0.0724781,51.6145224],[-0.0727422,51.6144904],[-0.0731737,51.6144264],[-0.0735474,51.6143524],[-0.0748964,51.6141214],[-0.0759253,51.6140495],[-0.0759876,51.6140328],[-0.0760401,51.614015],[-0.0760625,51.6140138]]]}},
{"type":"Feature","properties":{"highway":"footway","name":null,"category":"Footpath (pedestrian only)"},"geometry":{"type":"MultiLineString","coordinates":[[[-0.0709288,51.614509],[-0.0708819,51.6145094],[-0.0708293,51.6145077]]]}},
{"type":"Feature","properties":{"highway":"footway","name":"Sterling Way","category":"Footpath (pedestrian only)"},"geometry":{"type":"MultiLineString","coordinates":[[[-0.0708293,51.6145077],[-0.0708238,51.6145349],[-0.070798,51.6145546],[-0.0707701,51.6145637],[-0.0703967,51.6145605],[-0.0703706,51.6145525],[-0.0703529,51.6145418],[-0.0703402,51.6145068]]]}},
{"type":"Feature","properties":{"highway":"footway","name":null,"category":"Footpath (pedestrian only)"},"geometry":{"type":"MultiLineString","coordinates":[[[-0.0726181,51.6157847],[-0.0726558,51.6157579],[-0.072688,51.6157351]]]}},
{"type":"Feature","properties":{"highway":"footway","name":null,"category":"Footpath (pedestrian only)"},"geometry":{"type":"MultiLineString","coordinates":[[[-0.0718351,51.6149437],[-0.0718983,51.6149386]]]}},
{"type":"Feature","properties":{"highway":"footway","name":null,"category":"Footpath (pedestrian only)"},"geometry":{"type":"MultiLineString","coordinates":[[[-0.0720815,51.6149477],[-0.0726262,51.6148504],[-0.0726395,51.6148792],[-0.0721019,51.6149752]]]}},
{"type":"Feature","properties":{"highway":"footway","name":null,"category":"Footpath (pedestrian only)"},"geometry":{"type":"MultiLineString","coordinates":[[[-0.0716276,51.6145321],[-0.0716892,51.614401],[-0.0716728,51.6143511]]]}},
{"type":"Feature","properties":{"highway":"footway","name":null,"category":"Footpath (pedestrian only)"},"geometry":{"type":"MultiLineString","coordinates":[[[-0.0717383,51.6145318],[-0.0717468,51.6145316],[-0.0718407,51.614526]]]}},
{"type":"Feature","properties":{"highway":"footway","name":null,"category":"Footpath (pedestrian only)"},"geometry":{"type":"MultiLineString","coordinates":[[[-0.0718983,51.6149386],[-0.0719417,51.6149531],[-0.0719653,51.614961]]]}},
{"type":"Feature","properties":{"highway":"footway","name":null,"category":"Footpath (pedestrian only)"},"geometry":{"type":"MultiLineString","coordinates":[[[-0.0718722,51.614526],[-0.0721144,51.6145159]]]}},
{"type":"Feature","properties":{"highway":"footway","name":null,"category":"Footpath (pedestrian only)"},"geometry":{"type":"MultiLineString","coordinates":[[[-0.0709288,51.614509],[-0.0709315,51.6144525],[-0.0708798,51.6144529],[-0.0708308,51.6144537],[-0.0708128,51.6144528],[-0.0703402,51.6145068]]]}},
{"type":"Feature","properties":{"highway":"footway","name":"Sterling Way","category":"Footpath (pedestrian only)"},"geometry":{"type":"MultiLineString","coordinates":[[[-0.0709288,51.614509],[-0.0709268,51.6145242],[-0.0709345,51.6145482],[-0.070962,51.6145615],[-0.071393,51.6145666],[-0.0715393,51.6145652],[-0.0715769,51.6145586],[-0.0716025,51.6145485],[-0.0716171,51.6145407],[-0.0716276,51.6145321],[-0.0716541,51.6145339]]]}},
{"type":"Feature","properties":{"highway":"footway","name":null,"category":"Footpath (pedestrian only)"},"geometry":{"type":"MultiLineString","coordinates":[[[-0.0720203,51.614947],[-0.0720473,51.6149629],[-0.0720815,51.6149477]]]}},
{"type":"Feature","properties":{"highway":"footway","name":null,"category":"Footpath (pedestrian only)"},"geometry":{"type":"MultiLineString","coordinates":[[[-0.0762528,51.61369],[-0.0762883,51.6139707],[-0.0763123,51.6140124]]]}},
{"type":"Feature","properties":{"highway":"track","name":null,"category":"Track"},"geometry":{"type":"MultiLineString","coordinates":[[[-0.0882846,51.6108699],[-0.0882245,51.6108299],[-0.0881964,51.6108193],[-0.0881742,51.6108115],[-0.0881393,51.6108064],[-0.0881193,51.6108055],[-0.0880989,51.6108075],[-0.087956,51.6108316],[-0.0878173,51.6108533],[-0.0876705,51.6108763],[-0.0875252,51.610899],[-0.087374,51.6109227],[-0.0872354,51.6109445],[-0.0871028,51.6109652],[-0.086956,51.6109882],[-0.0868086,51.6110113],[-0.0866663,51.6110336],[-0.0865381,51.6110535],[-0.0862909,51.6110927],[-0.0862738,51.6110954]]]}},
{"type":"Feature","properties":{"highway":"footway","name":null,"category":"Footpath (pedestrian only)"},"geometry":{"type":"MultiLineString","coordinates":[[[-0.087298,51.617406],[-0.0873202,51.6173628]]]}},
{"type":"Feature","properties":{"highway":"footway","name":null,"category":"Footpath (pedestrian only)"},"geometry":{"type":"MultiLineString","coordinates":[[[-0.0874622,51.6172575],[-0.0875087,51.6173039],[-0.0875377,51.6173306]]]}},
{"type":"Feature","properties":{"highway":"footway","name":null,"category":"Footpath (pedestrian only)"},"geometry":{"type":"MultiLineString","coordinates":[[[-0.087356,51.6172611],[-0.0872148,51.6172205],[-0.0871262,51.6171703]]]}},
{"type":"Feature","properties":{"highway":"path","name":null,"category":"Shared path"},"geometry":{"type":"MultiLineString","coordinates":[[[-0.0878171,51.6166784],[-0.0875393,51.6167001]]]}},
{"type":"Feature","properties":{"highway":"footway","name":null,"category":"Footpath (pedestrian only)"},"geometry":{"type":"MultiLineString","coordinates":[[[-0.0879434,51.6166513],[-0.0878935,51.616663],[-0.0878562,51.6166718]]]}},
{"type":"Feature","properties":{"highway":"footway","name":null,"category":"Footpath (pedestrian only)"},"geometry":{"type":"MultiLineString","coordinates":[[[-0.087356,51.6172611],[-0.0874034,51.6172566],[-0.0874499,51.6172452],[-0.0875787,51.617199],[-0.0877542,51.6171118],[-0.0878299,51.6170271],[-0.0878595,51.6169604],[-0.0878654,51.616861],[-0.0878517,51.6167484],[-0.0878171,51.6166784]]]}},
{"type":"Feature","properties":{"highway":"footway","name":null,"category":"Footpath (pedestrian only)"},"geometry":{"type":"MultiLineString","coordinates":[[[-0.0873202,51.6173628],[-0.0873324,51.6173251],[-0.0873527,51.6172769]]]}},
{"type":"Feature","properties":{"highway":"footway","name":null,"category":"Footpath (pedestrian only)"},"geometry":{"type":"MultiLineString","coordinates":[[[-0.0857444,51.6160055],[-0.0857413,51.6159856],[-0.0857398,51.6159761]]]}},
{"type":"Feature","properties":{"highway":"footway","name":null,"category":"Footpath (pedestrian only)"},"geometry":{"type":"MultiLineString","coordinates":[[[-0.0865609,51.6155405],[-0.0865791,51.6153432]]]}},
{"type":"Feature","properties":{"highway":"footway","name":null,"category":"Footpath (pedestrian only)"},"geometry":{"type":"MultiLineString","coordinates":[[[-0.0761571,51.6140146],[-0.0761183,51.6140143],[-0.0760625,51.6140138]]]}},
{"type":"Feature","properties":{"highway":"footway","name":null,"category":"Footpath (pedestrian only)"},"geometry":{"type":"MultiLineString","coordinates":[[[-0.0762948,51.6140157],[-0.0762471,51.6140153],[-0.076204,51.614015]]]}},
{"type":"Feature","properties":{"highway":"footway","name":null,"category":"Footpath (pedestrian only)"},"geometry":{"type":"MultiLineString","coordinates":[[[-0.076204,51.614015],[-0.0761571,51.6140146]]]}},
{"type":"Feature","properties":{"highway":"footway","name":null,"category":"Footpath (pedestrian only)"},"geometry":{"type":"MultiLineString","coordinates":[[[-0.0808024,51.6173422],[-0.0808723,51.6173456],[-0.0809159,51.6173477],[-0.0811271,51.6173552]]]}},
{"type":"Feature","properties":{"highway":"footway","name":null,"category":"Footpath (pedestrian only)"},"geometry":{"type":"MultiLineString","coordinates":[[[-0.0811271,51.6173552],[-0.0817883,51.6173722],[-0.0818078,51.6171528]]]}},
{"type":"Feature","properties":{"highway":"footway","name":null,"category":"Footpath (pedestrian only)"},"geometry":{"type":"MultiLineString","coordinates":[[[-0.0809269,51.617046],[-0.0809456,51.6170474],[-0.0809727,51.617081],[-0.0810155,51.6170827],[-0.0811418,51.6170879],[-0.081367,51.6170972],[-0.0816064,51.617107],[-0.0818106,51.6171154],[-0.0818078,51.6171528],[-0.0818514,51.6171537]]]}},
{"type":"Feature","properties":{"highway":"footway","name":null,"category":"Footpath (pedestrian only)"},"geometry":{"type":"MultiLineString","coordinates":[[[-0.0757813,51.6216846],[-0.0757033,51.621595],[-0.0756605,51.6215024],[-0.0756839,51.621407],[-0.0757382,51.6210799],[-0.0757435,51.6210427],[-0.0758292,51.6210578],[-0.0758403,51.6210145]]]}},
{"type":"Feature","properties":{"highway":"footway","name":null,"category":"Footpath (pedestrian only)"},"geometry":{"type":"MultiLineString","coordinates":[[[-0.0797836,51.6141427],[-0.0795436,51.6140111],[-0.0792888,51.613912],[-0.0790219,51.6138354],[-0.0787765,51.6137696],[-0.0785002,51.613713],[-0.0783969,51.6136997]]]}},
{"type":"Feature","properties":{"highway":"footway","name":null,"category":"Footpath (pedestrian only)"},"geometry":{"type":"MultiLineString","coordinates":[[[-0.0872851,51.6156625],[-0.0872135,51.6156695],[-0.0870782,51.6156746],[-0.0869879,51.6156889],[-0.0869934,51.6157032]]]}},
{"type":"Feature","properties":{"highway":"footway","name":null,"category":"Footpath (pedestrian only)"},"geometry":{"type":"MultiLineString","coordinates":[[[-0.0811718,51.6166836],[-0.0811762,51.6167171]]]}},
{"type":"Feature","properties":{"highway":"footway","name":null,"category":"Footpath (pedestrian only)"},"geometry":{"type":"MultiLineString","coordinates":[[[-0.080744,51.6166364],[-0.0807909,51.6166413],[-0.0808318,51.6166455]]]}},
{"type":"Feature","properties":{"highway":"footway","name":null,"category":"Footpath (pedestrian only)"},"geometry":{"type":"MultiLineString","coordinates":[[[-0.0698212,51.616817],[-0.0699212,51.6167335],[-0.0703725,51.6165336],[-0.0705645,51.6164511],[-0.0708568,51.616306],[-0.0709643,51.616237]]]}},
{"type":"Feature","properties":{"highway":"footway","name":null,"category":"Footpath (pedestrian only)"},"geometry":{"type":"MultiLineString","coordinates":[[[-0.0677623,51.6150991],[-0.0678669,51.615008],[-0.0678897,51.6149776],[-0.0679043,51.6149359],[-0.0679055,51.6148615],[-0.0678948,51.6148207],[-0.0678633,51.6147884],[-0.0678057,51.6147447],[-0.0677602,51.6147273],[-0.0677052,51.6147132],[-0.0674956,51.6146886]]]}},
{"type":"Feature","properties":{"highway":"footway","name":null,"category":"Footpath (pedestrian only)"},"geometry":{"type":"MultiLineString","coordinates":[[[-0.0691046,51.6153086],[-0.0691631,51.615608],[-0.0691767,51.6156579],[-0.0692307,51.615909],[-0.0692723,51.6160402],[-0.0692777,51.6161141],[-0.0692786,51.6161262]]]}},
{"type":"Feature","properties":{"highway":"footway","name":null,"category":"Footpath (pedestrian only)"},"geometry":{"type":"MultiLineString","coordinates":[[[-0.0691046,51.6153086],[-0.0688425,51.615316],[-0.0686346,51.6153342],[-0.0685958,51.6153418],[-0.0684788,51.6153646]]]}},
{"type":"Feature","properties":{"highway":"footway","name":null,"category":"Footpath (pedestrian only)"},"geometry":{"type":"MultiLineString","coordinates":[[[-0.071098,51.6150679],[-0.0710557,51.6150608],[-0.0709605,51.6150491],[-0.0708284,51.6150362],[-0.0706856,51.6150346],[-0.0706112,51.6150405],[-0.0705656,51.6150496],[-0.0705367,51.6150666],[-0.0705196,51.6150855]]]}},
{"type":"Feature","properties":{"highway":"footway","name":null,"category":"Footpath (pedestrian only)"},"geometry":{"type":"MultiLineString","coordinates":[[[-0.0725538,51.6158812],[-0.0722951,51.615683],[-0.0720578,51.6155265],[-0.071811,51.6153304],[-0.0717126,51.6152879],[-0.0716543,51.6152452],[-0.0715486,51.6151645],[-0.0714473,51.6151141],[-0.0713161,51.6150777],[-0.0711845,51.6150621],[-0.071098,51.6150679]]]}},
{"type":"Feature","properties":{"highway":"footway","name":null,"category":"Footpath (pedestrian only)"},"geometry":{"type":"MultiLineString","coordinates":[[[-0.0725538,51.6158812],[-0.0726522,51.6158449]]]}},
{"type":"Feature","properties":{"highway":"footway","name":null,"category":"Footpath (pedestrian only)"},"geometry":{"type":"MultiLineString","coordinates":[[[-0.0846602,51.6123556],[-0.0846678,51.6124007],[-0.084627,51.6124182],[-0.0845504,51.6124324],[-0.0845058,51.6124522],[-0.0844777,51.6125829]]]}},
{"type":"Feature","properties":{"highway":"footway","name":null,"category":"Footpath (pedestrian only)"},"geometry":{"type":"MultiLineString","coordinates":[[[-0.0846602,51.6123556],[-0.0846219,51.6123128],[-0.0845211,51.6122724],[-0.0842669,51.6122263]]]}},
{"type":"Feature","properties":{"highway":"footway","name":null,"category":"Footpath (pedestrian only)"},"geometry":{"type":"MultiLineString","coordinates":[[[-0.0841768,51.616454],[-0.0841774,51.6164195],[-0.0842543,51.6164201],[-0.0842554,51.6164047]]]}},
{"type":"Feature","properties":{"highway":"footway","name":null,"category":"Footpath (pedestrian only)"},"geometry":{"type":"MultiLineString","coordinates":[[[-0.0725944,51.6158016],[-0.0726181,51.6157847]]]}},
{"type":"Feature","properties":{"highway":"footway","name":null,"category":"Footpath (pedestrian only)"},"geometry":{"type":"MultiLineString","coordinates":[[[-0.073508,51.6156555],[-0.0735107,51.6156437]]]}},
{"type":"Feature","properties":{"highway":"footway","name":null,"category":"Footpath (pedestrian only)"},"geometry":{"type":"MultiLineString","coordinates":[[[-0.0873547,51.6157539],[-0.0873039,51.6157105],[-0.0872902,51.6156842],[-0.0872851,51.6156625]]]}},
{"type":"Feature","properties":{"highway":"footway","name":null,"category":"Footpath (pedestrian only)"},"geometry":{"type":"MultiLineString","coordinates":[[[-0.0876828,51.6156375],[-0.0875573,51.6156412],[-0.0874573,51.6156502],[-0.0872851,51.6156625]]]}},
{"type":"Feature","properties":{"highway":"footway","name":null,"category":"Footpath (pedestrian only)"},"geometry":{"type":"MultiLineString","coordinates":[[[-0.0801508,51.6156996],[-0.0801168,51.6157951],[-0.0802921,51.615795]]]}},
{"type":"Feature","properties":{"highway":"footway","name":null,"category":"Footpath (pedestrian only)"},"geometry":{"type":"MultiLineString","coordinates":[[[-0.0878562,51.6166718],[-0.0878171,51.6166784]]]}},
{"type":"Feature","properties":{"highway":"footway","name":null,"category":"Footpath (pedestrian only)"},"geometry":{"type":"MultiLineString","coordinates":[[[-0.0853635,51.6166437],[-0.0853716,51.6165813]]]}},
{"type":"Feature","properties":{"highway":"footway","name":null,"category":"Footpath (pedestrian only)"},"geometry":{"type":"MultiLineString","coordinates":[[[-0.0676379,51.6149853],[-0.0676072,51.6149343],[-0.0675819,51.6148821]]]}},
{"type":"Feature","properties":{"highway":"footway","name":null,"category":"Footpath (pedestrian only)"},"geometry":{"type":"MultiLineString","coordinates":[[[-0.0697104,51.6155196],[-0.0697498,51.6154724]]]}},
{"type":"Feature","properties":{"highway":"footway","name":null,"category":"Footpath (pedestrian only)"},"geometry":{"type":"MultiLineString","coordinates":[[[-0.0699397,51.6150009],[-0.0699383,51.6150309]]]}},
{"type":"Feature","properties":{"highway":"footway","name":null,"category":"Footpath (pedestrian only)"},"geometry":{"type":"MultiLineString","coordinates":[[[-0.0698015,51.6150343],[-0.0697976,51.6150058]]]}},
{"type":"Feature","properties":{"highway":"footway","name":null,"category":"Footpath (pedestrian only)"},"geometry":{"type":"MultiLineString","coordinates":[[[-0.0726522,51.6158449],[-0.0726704,51.6158351]]]}},
{"type":"Feature","properties":{"highway":"footway","name":"Silver Street","category":"Footpath (pedestrian only)"},"geometry":{"type":"MultiLineString","coordinates":[[[-0.0717987,51.6151692],[-0.0716417,51.6150134]]]}},
{"type":"Feature","properties":{"highway":"footway","name":null,"category":"Footpath (pedestrian only)"},"geometry":{"type":"MultiLineString","coordinates":[[[-0.0717228,51.614969],[-0.071753,51.6149559]]]}},
{"type":"Feature","properties":{"highway":"footway","name":null,"category":"Footpath (pedestrian only)"},"geometry":{"type":"MultiLineString","coordinates":[[[-0.071753,51.6149559],[-0.0717852,51.6149511],[-0.0718351,51.6149437]]]}},
{"type":"Feature","properties":{"highway":"footway","name":null,"category":"Footpath (pedestrian only)"},"geometry":{"type":"MultiLineString","coordinates":[[[-0.0720643,51.6138503],[-0.0720991,51.6139981],[-0.0721328,51.6141581],[-0.0721391,51.6141878]]]}},
{"type":"Feature","properties":{"highway":"footway","name":null,"category":"Footpath (pedestrian only)"},"geometry":{"type":"MultiLineString","coordinates":[[[-0.0720547,51.6137983],[-0.0720591,51.6138221],[-0.0720643,51.6138503]]]}},
{"type":"Feature","properties":{"highway":"footway","name":null,"category":"Footpath (pedestrian only)"},"geometry":{"type":"MultiLineString","coordinates":[[[-0.0721786,51.6144376],[-0.0721669,51.6144515],[-0.072135,51.6144893]]]}},
{"type":"Feature","properties":{"highway":"footway","name":null,"category":"Footpath (pedestrian only)"},"geometry":{"type":"MultiLineString","coordinates":[[[-0.0716011,51.6142318],[-0.071632,51.6142285],[-0.0716635,51.6142251]]]}},
{"type":"Feature","properties":{"highway":"footway","name":null,"category":"Footpath (pedestrian only)"},"geometry":{"type":"MultiLineString","coordinates":[[[-0.0724042,51.6139467],[-0.0723186,51.614016]]]}},
{"type":"Feature","properties":{"highway":"footway","name":null,"category":"Footpath (pedestrian only)"},"geometry":{"type":"MultiLineString","coordinates":[[[-0.0721328,51.6141581],[-0.0721509,51.6141552],[-0.072205,51.6141103],[-0.0723186,51.614016]]]}},
{"type":"Feature","properties":{"highway":"footway","name":null,"category":"Footpath (pedestrian only)"},"geometry":{"type":"MultiLineString","coordinates":[[[-0.0800636,51.6125258],[-0.0800344,51.612493],[-0.0793156,51.6124888],[-0.0792365,51.6124889]]]}},
{"type":"Feature","properties":{"highway":"path","name":null,"category":"Shared path"},"geometry":{"type":"MultiLineString","coordinates":[[[-0.0822602,51.6221091],[-0.0822545,51.6220858],[-0.0821064,51.6220497]]]}},
{"type":"Feature","properties":{"highway":"footway","name":null,"category":"Footpath (pedestrian only)"},"geometry":{"type":"MultiLineString","coordinates":[[[-0.0840012,51.6140372],[-0.0839702,51.6140379],[-0.0839201,51.614039],[-0.0839196,51.6140715]]]}},
{"type":"Feature","properties":{"highway":"footway","name":null,"category":"Footpath (pedestrian only)"},"geometry":{"type":"MultiLineString","coordinates":[[[-0.0839679,51.6136688],[-0.0839415,51.6136709],[-0.0839272,51.6136728],[-0.0839008,51.6137362]]]}},
{"type":"Feature","properties":{"highway":"footway","name":null,"category":"Footpath (pedestrian only)"},"geometry":{"type":"MultiLineString","coordinates":[[[-0.0850129,51.6157834],[-0.0851074,51.6158072],[-0.0851683,51.6157956]]]}},
{"type":"Feature","properties":{"highway":"footway","name":"Silver Street","category":"Footpath (pedestrian only)"},"geometry":{"type":"MultiLineString","coordinates":[[[-0.0716417,51.6150134],[-0.0715747,51.6149725],[-0.0715292,51.6149546],[-0.0714353,51.6149509],[-0.0711219,51.6149575],[-0.0699397,51.6150009],[-0.0697976,51.6150058],[-0.0688545,51.6150505],[-0.0686515,51.6150652],[-0.0685339,51.6150776],[-0.0684131,51.6150845],[-0.0682341,51.6150912],[-0.0681422,51.6150999],[-0.0680798,51.6151099],[-0.0680183,51.6151249],[-0.0680072,51.6151151]]]}},
{"type":"Feature","properties":{"highway":"footway","name":null,"category":"Footpath (pedestrian only)"},"geometry":{"type":"MultiLineString","coordinates":[[[-0.0718254,51.6177645],[-0.0718146,51.617724],[-0.0718074,51.6177007],[-0.0718112,51.6175958],[-0.0717676,51.6173723],[-0.0717459,51.6173331],[-0.0716809,51.6172152],[-0.071663,51.6171828],[-0.0715711,51.617103],[-0.0714469,51.6170203],[-0.0712434,51.6169069],[-0.0703725,51.6165336],[-0.0695692,51.616182],[-0.0695389,51.6161687]]]}},
{"type":"Feature","properties":{"highway":"footway","name":null,"category":"Footpath (pedestrian only)"},"geometry":{"type":"MultiLineString","coordinates":[[[-0.0696529,51.6157209],[-0.0696383,51.6156949],[-0.0696116,51.6156739]]]}},
{"type":"Feature","properties":{"highway":"footway","name":null,"category":"Footpath (pedestrian only)"},"geometry":{"type":"MultiLineString","coordinates":[[[-0.0700763,51.6153111],[-0.0698439,51.6153119]]]}},
{"type":"Feature","properties":{"highway":"track","name":null,"category":"Track"},"geometry":{"type":"MultiLineString","coordinates":[[[-0.0691046,51.6153086],[-0.0690989,51.6152726],[-0.0690938,51.6152418],[-0.0690877,51.6152154],[-0.0690735,51.615194],[-0.0690563,51.615177],[-0.0690249,51.6151537],[-0.0689955,51.6151354],[-0.068959,51.6151197],[-0.0689184,51.6151071],[-0.068863,51.6151006]]]}},
{"type":"Feature","properties":{"highway":"footway","name":null,"category":"Footpath (pedestrian only)"},"geometry":{"type":"MultiLineString","coordinates":[[[-0.0700459,51.6153813],[-0.0700454,51.6154014]]]}},
{"type":"Feature","properties":{"highway":"footway","name":null,"category":"Footpath (pedestrian only)"},"geometry":{"type":"MultiLineString","coordinates":[[[-0.0700691,51.6153813],[-0.0700459,51.6153813]]]}},
{"type":"Feature","properties":{"highway":"footway","name":null,"category":"Footpath (pedestrian only)"},"geometry":{"type":"MultiLineString","coordinates":[[[-0.0685958,51.6153418],[-0.0685564,51.6153603],[-0.0685514,51.6153688],[-0.0685564,51.6153766],[-0.0685742,51.6153931]]]}},
{"type":"Feature","properties":{"highway":"footway","name":null,"category":"Footpath (pedestrian only)"},"geometry":{"type":"MultiLineString","coordinates":[[[-0.0718784,51.616365],[-0.0717659,51.6163426]]]}},
{"type":"Feature","properties":{"highway":"footway","name":null,"category":"Footpath (pedestrian only)"},"geometry":{"type":"MultiLineString","coordinates":[[[-0.0698602,51.6150553],[-0.0698564,51.6151064]]]}},
{"type":"Feature","properties":{"highway":"footway","name":null,"category":"Footpath (pedestrian only)"},"geometry":{"type":"MultiLineString","coordinates":[[[-0.0715498,51.6167016],[-0.0715357,51.6166866]]]}},
{"type":"Feature","properties":{"highway":"footway","name":null,"category":"Footpath (pedestrian only)"},"geometry":{"type":"MultiLineString","coordinates":[[[-0.0761155,51.6134111],[-0.0761154,51.6133844]]]}},
{"type":"Feature","properties":{"highway":"footway","name":null,"category":"Footpath (pedestrian only)"},"geometry":{"type":"MultiLineString","coordinates":[[[-0.0761153,51.6133637],[-0.0761152,51.6133435],[-0.0761136,51.6133123]]]}},
{"type":"Feature","properties":{"highway":"footway","name":null,"category":"Footpath (pedestrian only)"},"geometry":{"type":"MultiLineString","coordinates":[[[-0.0761154,51.6133808],[-0.0761154,51.6133759],[-0.0761153,51.6133637]]]}},
{"type":"Feature","properties":{"highway":"footway","name":null,"category":"Footpath (pedestrian only)"},"geometry":{"type":"MultiLineString","coordinates":[[[-0.0761154,51.6133844],[-0.0761154,51.6133808]]]}},
{"type":"Feature","properties":{"highway":"footway","name":null,"category":"Footpath (pedestrian only)"},"geometry":{"type":"MultiLineString","coordinates":[[[-0.0762206,51.6133112],[-0.0761608,51.6133119],[-0.0761276,51.6133121]]]}},
{"type":"Feature","properties":{"highway":"footway","name":null,"category":"Footpath (pedestrian only)"},"geometry":{"type":"MultiLineString","coordinates":[[[-0.076229,51.6133111],[-0.0762206,51.6133112]]]}},
{"type":"Feature","properties":{"highway":"footway","name":null,"category":"Footpath (pedestrian only)"},"geometry":{"type":"MultiLineString","coordinates":[[[-0.0761276,51.6133121],[-0.0761136,51.6133123]]]}},
{"type":"Feature","properties":{"highway":"footway","name":null,"category":"Footpath (pedestrian only)"},"geometry":{"type":"MultiLineString","coordinates":[[[-0.0867086,51.6127944],[-0.0867568,51.6127728],[-0.0868263,51.6127418]]]}},
{"type":"Feature","properties":{"highway":"footway","name":null,"category":"Footpath (pedestrian only)"},"geometry":{"type":"MultiLineString","coordinates":[[[-0.0864922,51.6129432],[-0.0865294,51.6129265],[-0.0865787,51.6128984],[-0.0866307,51.6128749]]]}},
{"type":"Feature","properties":{"highway":"footway","name":null,"category":"Footpath (pedestrian only)"},"geometry":{"type":"MultiLineString","coordinates":[[[-0.0762502,51.6136732],[-0.0762528,51.61369]]]}},
{"type":"Feature","properties":{"highway":"footway","name":null,"category":"Footpath (pedestrian only)"},"geometry":{"type":"MultiLineString","coordinates":[[[-0.0774009,51.6119483],[-0.0773214,51.6119491],[-0.0772731,51.611945],[-0.0764847,51.611969]]]}},
{"type":"Feature","properties":{"highway":"footway","name":"Hermitage Lane","category":"Footpath (pedestrian only)"},"geometry":{"type":"MultiLineString","coordinates":[[[-0.0843943,51.6150447],[-0.0844069,51.615106],[-0.0844477,51.6152179],[-0.0845896,51.6154697],[-0.0846099,51.6155019],[-0.0846891,51.6155885],[-0.0847553,51.6156464],[-0.0847964,51.6156761],[-0.0848432,51.6157059],[-0.0849106,51.6157359]]]}},
{"type":"Feature","properties":{"highway":"footway","name":null,"category":"Footpath (pedestrian only)"},"geometry":{"type":"MultiLineString","coordinates":[[[-0.0865791,51.6153432],[-0.0866101,51.615121]]]}},
{"type":"Feature","properties":{"highway":"footway","name":null,"category":"Footpath (pedestrian only)"},"geometry":{"type":"MultiLineString","coordinates":[[[-0.0817214,51.6145498],[-0.081737,51.6145684]]]}},
{"type":"Feature","properties":{"highway":"footway","name":null,"category":"Footpath (pedestrian only)"},"geometry":{"type":"MultiLineString","coordinates":[[[-0.0859743,51.6158392],[-0.085986,51.6158216]]]}},
{"type":"Feature","properties":{"highway":"footway","name":"Hermitage Lane","category":"Footpath (pedestrian only)"},"geometry":{"type":"MultiLineString","coordinates":[[[-0.0849106,51.6157359],[-0.0850348,51.615773],[-0.0851683,51.6157956],[-0.0852536,51.6158012],[-0.0854379,51.6158094]]]}},
{"type":"Feature","properties":{"highway":"footway","name":null,"category":"Footpath (pedestrian only)"},"geometry":{"type":"MultiLineString","coordinates":[[[-0.0863568,51.6158409],[-0.0863721,51.6158506]]]}},
{"type":"Feature","properties":{"highway":"footway","name":null,"category":"Footpath (pedestrian only)"},"geometry":{"type":"MultiLineString","coordinates":[[[-0.0863074,51.6158887],[-0.0863451,51.6158594]]]}},
{"type":"Feature","properties":{"highway":"footway","name":null,"category":"Footpath (pedestrian only)"},"geometry":{"type":"MultiLineString","coordinates":[[[-0.0839129,51.6131137],[-0.0838904,51.6130936],[-0.0839247,51.613011]]]}},
{"type":"Feature","properties":{"highway":"footway","name":null,"category":"Footpath (pedestrian only)"},"geometry":{"type":"MultiLineString","coordinates":[[[-0.0839829,51.6130273],[-0.0839411,51.6131055],[-0.0839129,51.6131137]]]}},
{"type":"Feature","properties":{"highway":"footway","name":null,"category":"Footpath (pedestrian only)"},"geometry":{"type":"MultiLineString","coordinates":[[[-0.072688,51.6157351],[-0.0727406,51.6156977]]]}},
{"type":"Feature","properties":{"highway":"footway","name":null,"category":"Footpath (pedestrian only)"},"geometry":{"type":"MultiLineString","coordinates":[[[-0.072205,51.6141103],[-0.0733395,51.6140043],[-0.0733598,51.6140024]]]}},
{"type":"Feature","properties":{"highway":"footway","name":null,"category":"Footpath (pedestrian only)"},"geometry":{"type":"MultiLineString","coordinates":[[[-0.0721727,51.6143341],[-0.0721391,51.6141878]]]}},
{"type":"Feature","properties":{"highway":"footway","name":null,"category":"Footpath (pedestrian only)"},"geometry":{"type":"MultiLineString","coordinates":[[[-0.072135,51.6144893],[-0.0721144,51.6145159]]]}},
{"type":"Feature","properties":{"highway":"footway","name":null,"category":"Footpath (pedestrian only)"},"geometry":{"type":"MultiLineString","coordinates":[[[-0.0720928,51.6141609],[-0.0720987,51.6141605],[-0.0721328,51.6141581]]]}},
{"type":"Feature","properties":{"highway":"footway","name":null,"category":"Footpath (pedestrian only)"},"geometry":{"type":"MultiLineString","coordinates":[[[-0.0720658,51.6141628],[-0.0720776,51.614162],[-0.0720928,51.6141609]]]}},
{"type":"Feature","properties":{"highway":"footway","name":null,"category":"Footpath (pedestrian only)"},"geometry":{"type":"MultiLineString","coordinates":[[[-0.0716728,51.6143511],[-0.0716449,51.6143042],[-0.071588,51.614248],[-0.0715857,51.6142324],[-0.0716011,51.6142318]]]}},
{"type":"Feature","properties":{"highway":"footway","name":null,"category":"Footpath (pedestrian only)"},"geometry":{"type":"MultiLineString","coordinates":[[[-0.0721786,51.6144376],[-0.0721859,51.6144238],[-0.0721791,51.6143608]]]}},
{"type":"Feature","properties":{"highway":"footway","name":null,"category":"Footpath (pedestrian only)"},"geometry":{"type":"MultiLineString","coordinates":[[[-0.0721791,51.6143608],[-0.0721755,51.6143462],[-0.0721727,51.6143341]]]}},
{"type":"Feature","properties":{"highway":"footway","name":null,"category":"Footpath (pedestrian only)"},"geometry":{"type":"MultiLineString","coordinates":[[[-0.0713573,51.6145372],[-0.0713928,51.6145407],[-0.071393,51.6145666]]]}},
{"type":"Feature","properties":{"highway":"footway","name":null,"category":"Footpath (pedestrian only)"},"geometry":{"type":"MultiLineString","coordinates":[[[-0.071783,51.6151742],[-0.0717987,51.6151692]]]}},
{"type":"Feature","properties":{"highway":"footway","name":null,"category":"Footpath (pedestrian only)"},"geometry":{"type":"MultiLineString","coordinates":[[[-0.0716417,51.6150134],[-0.0716632,51.6150001]]]}},
{"type":"Feature","properties":{"highway":"footway","name":null,"category":"Footpath (pedestrian only)"},"geometry":{"type":"MultiLineString","coordinates":[[[-0.0730009,51.6159129],[-0.0729376,51.6159002]]]}},
{"type":"Feature","properties":{"highway":"footway","name":null,"category":"Footpath (pedestrian only)"},"geometry":{"type":"MultiLineString","coordinates":[[[-0.0951518,51.6158681],[-0.095185,51.6158653]]]}},
{"type":"Feature","properties":{"highway":"footway","name":null,"category":"Footpath (pedestrian only)"},"geometry":{"type":"MultiLineString","coordinates":[[[-0.0762992,51.6147492],[-0.076288,51.6143689],[-0.0762859,51.6143382],[-0.0761213,51.6143341],[-0.0759125,51.614334],[-0.0756721,51.6143371],[-0.0754632,51.6143446],[-0.0751787,51.6143645],[-0.0748851,51.6143933],[-0.0746298,51.6144275],[-0.0743266,51.6144809],[-0.0737712,51.6146008],[-0.0730909,51.6147396],[-0.0729593,51.6147634],[-0.0727356,51.6148044],[-0.0722457,51.614891],[-0.0720974,51.6149199],[-0.0720565,51.6149311],[-0.0720203,51.614947]]]}},
{"type":"Feature","properties":{"highway":"footway","name":null,"category":"Footpath (pedestrian only)"},"geometry":{"type":"MultiLineString","coordinates":[[[-0.0719653,51.614961],[-0.0719864,51.6149675],[-0.0720203,51.614947]]]}},
{"type":"Feature","properties":{"highway":"footway","name":null,"category":"Footpath (pedestrian only)"},"geometry":{"type":"MultiLineString","coordinates":[[[-0.0845697,51.6162373],[-0.0845392,51.6162489],[-0.0844962,51.6162491],[-0.0841883,51.6162017],[-0.0838783,51.6161491],[-0.0831259,51.6160037],[-0.0830369,51.6159994],[-0.0829422,51.6160138],[-0.0828563,51.6160344],[-0.0827878,51.6160684],[-0.0827667,51.6160885]]]}},
{"type":"Feature","properties":{"highway":"footway","name":null,"category":"Footpath (pedestrian only)"},"geometry":{"type":"MultiLineString","coordinates":[[[-0.084778,51.6160807],[-0.0845697,51.6162373]]]}},
{"type":"Feature","properties":{"highway":"footway","name":null,"category":"Footpath (pedestrian only)"},"geometry":{"type":"MultiLineString","coordinates":[[[-0.0848539,51.6160136],[-0.0848253,51.6160389],[-0.0847925,51.6160679]]]}},
{"type":"Feature","properties":{"highway":"footway","name":null,"category":"Footpath (pedestrian only)"},"geometry":{"type":"MultiLineString","coordinates":[[[-0.0826903,51.6161611],[-0.0825859,51.6161134],[-0.082439,51.6160361],[-0.0821291,51.6158795],[-0.0818271,51.6157526],[-0.0815816,51.6156719],[-0.0813362,51.6155836],[-0.0807958,51.6154071],[-0.0800809,51.6151622],[-0.0793058,51.6148841],[-0.0788914,51.6147559],[-0.0785011,51.6146568],[-0.0779653,51.6145356],[-0.0777952,51.6145033],[-0.0771874,51.614407],[-0.0769527,51.6143772],[-0.076643,51.6143502],[-0.0762859,51.6143382]]]}},
{"type":"Feature","properties":{"highway":"footway","name":null,"category":"Footpath (pedestrian only)"},"geometry":{"type":"MultiLineString","coordinates":[[[-0.0849867,51.6160126],[-0.0851888,51.6160138]]]}},
{"type":"Feature","properties":{"highway":"footway","name":null,"category":"Footpath (pedestrian only)"},"geometry":{"type":"MultiLineString","coordinates":[[[-0.0830269,51.6163386],[-0.0831121,51.6163445],[-0.0831569,51.6163857],[-0.08315,51.616428],[-0.0831277,51.6164407],[-0.0830783,51.6164619],[-0.0830046,51.6164569],[-0.0829582,51.6164239],[-0.0829649,51.6163681],[-0.0830269,51.6163386]]]}},
{"type":"Feature","properties":{"highway":"footway","name":null,"category":"Footpath (pedestrian only)"},"geometry":{"type":"MultiLineString","coordinates":[[[-0.0871368,51.6170032],[-0.0871844,51.6169783]]]}},
{"type":"Feature","properties":{"highway":"footway","name":null,"category":"Footpath (pedestrian only)"},"geometry":{"type":"MultiLineString","coordinates":[[[-0.0958338,51.616251],[-0.0957629,51.6162602],[-0.0956675,51.6162651],[-0.0952312,51.6163046],[-0.0947932,51.6163396],[-0.0935952,51.6164356],[-0.0924994,51.6165083]]]}},
{"type":"Feature","properties":{"highway":"footway","name":null,"category":"Footpath (pedestrian only)"},"geometry":{"type":"MultiLineString","coordinates":[[[-0.0924994,51.6165083],[-0.0924823,51.6165595],[-0.0924785,51.6166953],[-0.0924589,51.6168236],[-0.0924394,51.6168775],[-0.0924119,51.6169851],[-0.0923507,51.6172511],[-0.0925173,51.6172414],[-0.09323,51.6171864],[-0.094196,51.6171123],[-0.0950356,51.6170377],[-0.0952419,51.6170238],[-0.0952965,51.6169963],[-0.0956173,51.6167101]]]}},
{"type":"Feature","properties":{"highway":"footway","name":null,"category":"Footpath (pedestrian only)"},"geometry":{"type":"MultiLineString","coordinates":[[[-0.0864555,51.6171968],[-0.0864577,51.6172239],[-0.0864195,51.6173221],[-0.0863795,51.6174098],[-0.0863356,51.6174921],[-0.0862355,51.6176315],[-0.0860787,51.6178729],[-0.0858717,51.6181641],[-0.0856813,51.6184447],[-0.085409,51.6188156]]]}},
{"type":"Feature","properties":{"highway":"footway","name":null,"category":"Footpath (pedestrian only)"},"geometry":{"type":"MultiLineString","coordinates":[[[-0.085409,51.6188156],[-0.0853434,51.6188978],[-0.0850187,51.6193046],[-0.0849848,51.6193505]]]}},
{"type":"Feature","properties":{"highway":"footway","name":null,"category":"Footpath (pedestrian only)"},"geometry":{"type":"MultiLineString","coordinates":[[[-0.0888874,51.6166697],[-0.0888631,51.6167014],[-0.0888682,51.6167538],[-0.0888711,51.616843],[-0.0888472,51.6169061],[-0.0888307,51.6169565],[-0.0888295,51.6169653],[-0.0887989,51.6170429],[-0.088729,51.6171956],[-0.0891061,51.617318],[-0.0893876,51.6174229],[-0.089775,51.6176149],[-0.0900746,51.6177713]]]}},
{"type":"Feature","properties":{"highway":"footway","name":null,"category":"Footpath (pedestrian only)"},"geometry":{"type":"MultiLineString","coordinates":[[[-0.0900746,51.6177713],[-0.0901606,51.6178193],[-0.090448,51.6179794],[-0.0906022,51.6180702],[-0.0906391,51.6180876],[-0.0906757,51.6180885],[-0.0906899,51.6180587],[-0.0907464,51.6178595],[-0.090862,51.6174641],[-0.0909953,51.6169961]]]}},
{"type":"Feature","properties":{"highway":"footway","name":null,"category":"Footpath (pedestrian only)"},"geometry":{"type":"MultiLineString","coordinates":[[[-0.0909953,51.6169961],[-0.0910031,51.6169776],[-0.0910166,51.6169458],[-0.0910684,51.616787],[-0.0910461,51.6166071],[-0.0910269,51.6165957],[-0.090845,51.616608],[-0.0905551,51.616617],[-0.0900178,51.6166338],[-0.08941,51.6166518],[-0.0891,51.6166571],[-0.0889284,51.6166627],[-0.0888874,51.6166697]]]}},
{"type":"Feature","properties":{"highway":"footway","name":null,"category":"Footpath (pedestrian only)"},"geometry":{"type":"MultiLineString","coordinates":[[[-0.0888874,51.6166697],[-0.0888659,51.6166626],[-0.0887963,51.6166395]]]}},
{"type":"Feature","properties":{"highway":"track","name":null,"category":"Track"},"geometry":{"type":"MultiLineString","coordinates":[[[-0.0865381,51.6110535],[-0.086501,51.6109504],[-0.0864813,51.6109073],[-0.0864599,51.6108826],[-0.0864073,51.6108522],[-0.0863363,51.6108059],[-0.0862771,51.6107447],[-0.0862474,51.6106898],[-0.0862033,51.6106424],[-0.0861467,51.6106138],[-0.0861188,51.6105847],[-0.0860938,51.6105525],[-0.0860667,51.6104786],[-0.0860291,51.6103681],[-0.0860214,51.6102955],[-0.0860124,51.6102572],[-0.0860024,51.6102372],[-0.085994,51.6102114],[-0.0859967,51.6101772],[-0.0859868,51.6101579],[-0.0859683,51.6101407],[-0.0859621,51.610113],[-0.0859393,51.6100296],[-0.0859273,51.6099853],[-0.0859093,51.6099286],[-0.0858984,51.6098574],[-0.0859103,51.6097693],[-0.0859313,51.6097492],[-0.0859696,51.6097357]]]}},
{"type":"Feature","properties":{"highway":"path","name":null,"category":"Shared path"},"geometry":{"type":"MultiLineString","coordinates":[[[-0.0859967,51.6101772],[-0.0863262,51.6101278],[-0.0864664,51.6101068],[-0.0866111,51.6100851],[-0.086753,51.6100638],[-0.0868896,51.6100434],[-0.0870297,51.6100224]]]}},
{"type":"Feature","properties":{"highway":"path","name":null,"category":"Shared path"},"geometry":{"type":"MultiLineString","coordinates":[[[-0.0875004,51.610418],[-0.087352,51.6104394],[-0.0871977,51.6104616],[-0.0870578,51.6104817],[-0.0869227,51.6105012],[-0.086778,51.610522],[-0.0866315,51.6105431],[-0.0864898,51.6105635],[-0.0861467,51.6106138]]]}},
{"type":"Feature","properties":{"highway":"path","name":null,"category":"Shared path"},"geometry":{"type":"MultiLineString","coordinates":[[[-0.0865381,51.6110535],[-0.0867053,51.6115006],[-0.0868689,51.6119427],[-0.0870348,51.6123915]]]}},
{"type":"Feature","properties":{"highway":"path","name":null,"category":"Shared path"},"geometry":{"type":"MultiLineString","coordinates":[[[-0.0871696,51.6123741],[-0.087,51.6119225],[-0.0868343,51.6114811],[-0.0866663,51.6110336],[-0.0864898,51.6105635],[-0.0863262,51.6101278],[-0.0861671,51.6097041],[-0.0860983,51.6095208]]]}},
{"type":"Feature","properties":{"highway":"track","name":null,"category":"Track"},"geometry":{"type":"MultiLineString","coordinates":[[[-0.0867906,51.6124253],[-0.0870348,51.6123915],[-0.0871696,51.6123741],[-0.0873167,51.612354],[-0.0874697,51.6123331],[-0.0876253,51.6123118],[-0.0877535,51.6122943],[-0.0878914,51.6122755],[-0.0880365,51.6122556],[-0.0881752,51.6122367],[-0.0883355,51.6122148],[-0.0884715,51.6121962],[-0.0886228,51.6121755],[-0.0887714,51.6121552],[-0.0889009,51.6121375],[-0.0890404,51.612117],[-0.089199,51.6120952],[-0.0893387,51.6120759],[-0.0894921,51.6120548]]]}},
{"type":"Feature","properties":{"highway":"path","name":null,"category":"Shared path"},"geometry":{"type":"MultiLineString","coordinates":[[[-0.0873167,51.612354],[-0.087145,51.6119001],[-0.0869781,51.611459],[-0.0868086,51.6110113],[-0.0866315,51.6105431],[-0.0864664,51.6101068],[-0.0863056,51.6096819],[-0.0862368,51.6095001]]]}},
{"type":"Feature","properties":{"highway":"path","name":null,"category":"Shared path"},"geometry":{"type":"MultiLineString","coordinates":[[[-0.0874697,51.6123331],[-0.0872954,51.6118769],[-0.087127,51.611436],[-0.086956,51.6109882],[-0.086778,51.610522],[-0.0866111,51.6100851],[-0.0864484,51.609659]]]}},
{"type":"Feature","properties":{"highway":"path","name":null,"category":"Shared path"},"geometry":{"type":"MultiLineString","coordinates":[[[-0.0876253,51.6123118],[-0.0874474,51.6118534],[-0.0872765,51.6114129],[-0.0871028,51.6109652],[-0.0869227,51.6105012],[-0.086753,51.6100638],[-0.0865873,51.6096368]]]}},
{"type":"Feature","properties":{"highway":"path","name":null,"category":"Shared path"},"geometry":{"type":"MultiLineString","coordinates":[[[-0.0877535,51.6122943],[-0.0875766,51.6118335],[-0.0874075,51.6113927],[-0.0872354,51.6109445],[-0.0870578,51.6104817],[-0.0868896,51.6100434],[-0.086794,51.6097944]]]}},
{"type":"Feature","properties":{"highway":"path","name":null,"category":"Shared path"},"geometry":{"type":"MultiLineString","coordinates":[[[-0.0878914,51.6122755],[-0.0877142,51.6118122],[-0.0875456,51.6113714],[-0.087374,51.6109227],[-0.0871977,51.6104616],[-0.0870297,51.6100224],[-0.0869346,51.6097737]]]}},
{"type":"Feature","properties":{"highway":"path","name":null,"category":"Shared path"},"geometry":{"type":"MultiLineString","coordinates":[[[-0.0880365,51.6122556],[-0.0878609,51.6117896],[-0.0876946,51.6113485],[-0.0875252,51.610899],[-0.087352,51.6104394],[-0.0871994,51.6100326],[-0.0871734,51.6100175],[-0.0871422,51.6100143],[-0.0870972,51.6100154],[-0.0870297,51.6100224]]]}},
{"type":"Feature","properties":{"highway":"path","name":null,"category":"Shared path"},"geometry":{"type":"MultiLineString","coordinates":[[[-0.0881752,51.6122367],[-0.0880013,51.6117679],[-0.0878375,51.6113264],[-0.0876705,51.6108763],[-0.0875004,51.610418]]]}},
{"type":"Feature","properties":{"highway":"path","name":null,"category":"Shared path"},"geometry":{"type":"MultiLineString","coordinates":[[[-0.0883355,51.6122148],[-0.0881563,51.611744],[-0.0879885,51.6113031],[-0.0878173,51.6108533]]]}},
{"type":"Feature","properties":{"highway":"path","name":null,"category":"Shared path"},"geometry":{"type":"MultiLineString","coordinates":[[[-0.0884715,51.6121962],[-0.0882928,51.6117229],[-0.0881262,51.6112819],[-0.087956,51.6108316]]]}},
{"type":"Feature","properties":{"highway":"path","name":null,"category":"Shared path"},"geometry":{"type":"MultiLineString","coordinates":[[[-0.0886228,51.6121755],[-0.0884407,51.6117001],[-0.0882719,51.6112594],[-0.0880989,51.6108075]]]}},
{"type":"Feature","properties":{"highway":"path","name":null,"category":"Shared path"},"geometry":{"type":"MultiLineString","coordinates":[[[-0.0887714,51.6121552],[-0.0885894,51.6116772],[-0.0884215,51.6112363]]]}},
{"type":"Feature","properties":{"highway":"path","name":null,"category":"Shared path"},"geometry":{"type":"MultiLineString","coordinates":[[[-0.0889009,51.6121375],[-0.0887268,51.611656],[-0.088567,51.6112139]]]}},
{"type":"Feature","properties":{"highway":"path","name":null,"category":"Shared path"},"geometry":{"type":"MultiLineString","coordinates":[[[-0.0890404,51.612117],[-0.0888691,51.611634],[-0.0887947,51.6114241],[-0.088689,51.6112396],[-0.0886691,51.6112111],[-0.0886412,51.6112025]]]}},
{"type":"Feature","properties":{"highway":"path","name":null,"category":"Shared path"},"geometry":{"type":"MultiLineString","coordinates":[[[-0.089199,51.6120952],[-0.0891057,51.6118379],[-0.0890259,51.6116098]]]}},
{"type":"Feature","properties":{"highway":"path","name":null,"category":"Shared path"},"geometry":{"type":"MultiLineString","coordinates":[[[-0.0894921,51.6120548],[-0.0893928,51.6118153],[-0.0893768,51.6118005],[-0.0893688,51.6117893],[-0.0893708,51.611767],[-0.0893649,51.6117336],[-0.0893449,51.611663],[-0.089329,51.6116222],[-0.089305,51.6116086],[-0.0892731,51.6115999],[-0.0892373,51.6115925],[-0.0891894,51.6115875],[-0.0891555,51.61159]]]}},
{"type":"Feature","properties":{"highway":"path","name":null,"category":"Shared path"},"geometry":{"type":"MultiLineString","coordinates":[[[-0.0893387,51.6120759],[-0.0892455,51.6118286],[-0.0891555,51.61159]]]}},
{"type":"Feature","properties":{"highway":"path","name":null,"category":"Shared path"},"geometry":{"type":"MultiLineString","coordinates":[[[-0.0894944,51.6117745],[-0.0894466,51.6117806],[-0.0894147,51.6117881],[-0.0893768,51.6118005],[-0.0893509,51.6118042],[-0.089307,51.6118079],[-0.0892791,51.6118104],[-0.0892592,51.611824],[-0.0892455,51.6118286],[-0.0892133,51.6118339],[-0.0891914,51.6118326],[-0.0891715,51.6118314],[-0.0891515,51.6118364],[-0.0891276,51.6118376],[-0.0891057,51.6118379]]]}},
{"type":"Feature","properties":{"highway":"path","name":null,"category":"Shared path"},"geometry":{"type":"MultiLineString","coordinates":[[[-0.0866674,51.6119738],[-0.0868689,51.6119427],[-0.087,51.6119225],[-0.087145,51.6119001],[-0.0872954,51.6118769],[-0.0874474,51.6118534],[-0.0875766,51.6118335],[-0.0877142,51.6118122],[-0.0878609,51.6117896],[-0.0880013,51.6117679],[-0.0881563,51.611744],[-0.0882928,51.6117229],[-0.0884407,51.6117001],[-0.0885894,51.6116772],[-0.0887268,51.611656],[-0.0888691,51.611634],[-0.0890259,51.6116098],[-0.0891555,51.61159]]]}},
{"type":"Feature","properties":{"highway":"path","name":null,"category":"Shared path"},"geometry":{"type":"MultiLineString","coordinates":[[[-0.0886412,51.6112025],[-0.088567,51.6112139],[-0.0884215,51.6112363],[-0.0882719,51.6112594],[-0.0881262,51.6112819],[-0.0879885,51.6113031],[-0.0878375,51.6113264],[-0.0876946,51.6113485],[-0.0875456,51.6113714],[-0.0874075,51.6113927],[-0.0872765,51.6114129],[-0.087127,51.611436],[-0.0869781,51.611459],[-0.0868343,51.6114811],[-0.0867053,51.6115006]]]}},
{"type":"Feature","properties":{"highway":"footway","name":null,"category":"Footpath (pedestrian only)"},"geometry":{"type":"MultiLineString","coordinates":[[[-0.0869879,51.6156889],[-0.0869425,51.6156958],[-0.0869093,51.615608],[-0.0869146,51.6154892],[-0.0869446,51.6153288],[-0.0869937,51.6149264],[-0.0870119,51.6145069],[-0.0870119,51.6139245],[-0.0870096,51.6138721],[-0.087003,51.6138245],[-0.0869659,51.6135201],[-0.0869057,51.6130619],[-0.0868507,51.6128247],[-0.0868263,51.6127418],[-0.0867366,51.6124373],[-0.0867347,51.6124324],[-0.0864465,51.6117033],[-0.0862289,51.6111018],[-0.0860937,51.610728],[-0.0859075,51.6101559],[-0.0858047,51.6096693],[-0.0857938,51.6095167],[-0.0857613,51.6089896]]]}},
{"type":"Feature","properties":{"highway":"footway","name":null,"category":"Footpath (pedestrian only)"},"geometry":{"type":"MultiLineString","coordinates":[[[-0.0863861,51.6128008],[-0.0864254,51.612794],[-0.0864383,51.6127801],[-0.0863545,51.6124981],[-0.0863493,51.6124809],[-0.0862671,51.6122513],[-0.0860844,51.6117988],[-0.0858911,51.6112798],[-0.0857792,51.6109684],[-0.0856645,51.6106558],[-0.0855823,51.6103919],[-0.0854912,51.6100524],[-0.0853993,51.6095911],[-0.0853844,51.6094859],[-0.0853625,51.6089652],[-0.0854458,51.6072688],[-0.0854625,51.607033],[-0.0854634,51.6070199]]]}},
{"type":"Feature","properties":{"highway":"footway","name":null,"category":"Footpath (pedestrian only)"},"geometry":{"type":"MultiLineString","coordinates":[[[-0.0863861,51.6128008],[-0.0864031,51.6128699],[-0.0864117,51.6129049]]]}},
{"type":"Feature","properties":{"highway":"footway","name":null,"category":"Footpath (pedestrian only)"},"geometry":{"type":"MultiLineString","coordinates":[[[-0.0864117,51.6129049],[-0.0864678,51.6129007],[-0.0864867,51.6129106],[-0.0864922,51.6129432],[-0.0865867,51.6135049],[-0.0866277,51.6138628],[-0.0866356,51.614397],[-0.0866153,51.614895],[-0.0865911,51.6150502],[-0.0866101,51.615121]]]}},
{"type":"Feature","properties":{"highway":"footway","name":null,"category":"Footpath (pedestrian only)"},"geometry":{"type":"MultiLineString","coordinates":[[[-0.0851888,51.6160138],[-0.0853095,51.6160139],[-0.0854352,51.6159869],[-0.0857413,51.6159856],[-0.0858893,51.6159661],[-0.0860229,51.6159464],[-0.0861113,51.6159531],[-0.0861822,51.6159825],[-0.0862258,51.6160112]]]}},
{"type":"Feature","properties":{"highway":"footway","name":null,"category":"Footpath (pedestrian only)"},"geometry":{"type":"MultiLineString","coordinates":[[[-0.0862258,51.6160112],[-0.0864322,51.6161471]]]}},
{"type":"Feature","properties":{"highway":"footway","name":null,"category":"Footpath (pedestrian only)"},"geometry":{"type":"MultiLineString","coordinates":[[[-0.0865737,51.6164403],[-0.0865662,51.6164581],[-0.0865301,51.6164771],[-0.0864998,51.6164933],[-0.0863822,51.6164856],[-0.0863257,51.6164882],[-0.0862701,51.6164999]]]}},
{"type":"Feature","properties":{"highway":"footway","name":null,"category":"Footpath (pedestrian only)"},"geometry":{"type":"MultiLineString","coordinates":[[[-0.0751489,51.6130409],[-0.0750184,51.6131349],[-0.0742,51.6131969]]]}},
{"type":"Feature","properties":{"highway":"footway","name":null,"category":"Footpath (pedestrian only)"},"geometry":{"type":"MultiLineString","coordinates":[[[-0.0741617,51.6131999],[-0.0741234,51.6132028],[-0.0741003,51.6132046],[-0.074088,51.613146]]]}},
{"type":"Feature","properties":{"highway":"footway","name":null,"category":"Footpath (pedestrian only)"},"geometry":{"type":"MultiLineString","coordinates":[[[-0.0740121,51.6131999],[-0.0733997,51.6132535],[-0.0734234,51.6133575]]]}},
{"type":"Feature","properties":{"highway":"footway","name":null,"category":"Footpath (pedestrian only)"},"geometry":{"type":"MultiLineString","coordinates":[[[-0.0732086,51.6135737],[-0.073029,51.6135864],[-0.072727,51.6137271]]]}},
{"type":"Feature","properties":{"highway":"footway","name":null,"category":"Footpath (pedestrian only)"},"geometry":{"type":"MultiLineString","coordinates":[[[-0.0733245,51.6136194],[-0.0732457,51.6135724]]]}},
{"type":"Feature","properties":{"highway":"footway","name":null,"category":"Footpath (pedestrian only)"},"geometry":{"type":"MultiLineString","coordinates":[[[-0.0732457,51.6135724],[-0.0732086,51.6135737]]]}},
{"type":"Feature","properties":{"highway":"footway","name":null,"category":"Footpath (pedestrian only)"},"geometry":{"type":"MultiLineString","coordinates":[[[-0.0701964,51.6145144],[-0.0701709,51.6145155],[-0.0685143,51.6145828]]]}},
{"type":"Feature","properties":{"highway":"footway","name":null,"category":"Footpath (pedestrian only)"},"geometry":{"type":"MultiLineString","coordinates":[[[-0.0716892,51.614401],[-0.072076,51.6142112],[-0.0720658,51.6141628]]]}},
{"type":"Feature","properties":{"highway":"footway","name":null,"category":"Footpath (pedestrian only)"},"geometry":{"type":"MultiLineString","coordinates":[[[-0.0721859,51.6144238],[-0.0722641,51.6144213]]]}},
{"type":"Feature","properties":{"highway":"footway","name":null,"category":"Footpath (pedestrian only)"},"geometry":{"type":"MultiLineString","coordinates":[[[-0.0750184,51.6131349],[-0.0749845,51.6133],[-0.0749823,51.6133892],[-0.0749934,51.6134335],[-0.0753666,51.6133993]]]}},
{"type":"Feature","properties":{"highway":"footway","name":null,"category":"Footpath (pedestrian only)"},"geometry":{"type":"MultiLineString","coordinates":[[[-0.0749934,51.6134335],[-0.0746739,51.6134627],[-0.0740142,51.6135232]]]}},
{"type":"Feature","properties":{"highway":"footway","name":null,"category":"Footpath (pedestrian only)"},"geometry":{"type":"MultiLineString","coordinates":[[[-0.0734798,51.6136058],[-0.0733245,51.6136194]]]}},
{"type":"Feature","properties":{"highway":"footway","name":null,"category":"Footpath (pedestrian only)"},"geometry":{"type":"MultiLineString","coordinates":[[[-0.0746739,51.6134627],[-0.0747094,51.6136228],[-0.0746285,51.6136297],[-0.0742132,51.6136653]]]}},
{"type":"Feature","properties":{"highway":"footway","name":null,"category":"Footpath (pedestrian only)"},"geometry":{"type":"MultiLineString","coordinates":[[[-0.0742,51.6131969],[-0.0742025,51.6132079],[-0.0740428,51.6132219],[-0.0740373,51.6131975],[-0.0740121,51.6131999]]]}},
{"type":"Feature","properties":{"highway":"footway","name":null,"category":"Footpath (pedestrian only)"},"geometry":{"type":"MultiLineString","coordinates":[[[-0.0734234,51.6133575],[-0.0734798,51.6136058],[-0.0735227,51.6137943]]]}},
{"type":"Feature","properties":{"highway":"footway","name":null,"category":"Footpath (pedestrian only)"},"geometry":{"type":"MultiLineString","coordinates":[[[-0.0740028,51.6131551],[-0.0733646,51.6132056],[-0.0733962,51.6133597]]]}},
{"type":"Feature","properties":{"highway":"footway","name":null,"category":"Footpath (pedestrian only)"},"geometry":{"type":"MultiLineString","coordinates":[[[-0.0733395,51.6140043],[-0.0733499,51.6140456],[-0.0733312,51.6140474]]]}},
{"type":"Feature","properties":{"highway":"footway","name":null,"category":"Footpath (pedestrian only)"},"geometry":{"type":"MultiLineString","coordinates":[[[-0.0760811,51.6128359],[-0.0760822,51.6128966],[-0.0753919,51.6129289],[-0.075326,51.6129327],[-0.0752335,51.612951]]]}},
{"type":"Feature","properties":{"highway":"footway","name":null,"category":"Footpath (pedestrian only)"},"geometry":{"type":"MultiLineString","coordinates":[[[-0.0751489,51.6130409],[-0.075177,51.6130142]]]}},
{"type":"Feature","properties":{"highway":"footway","name":null,"category":"Footpath (pedestrian only)"},"geometry":{"type":"MultiLineString","coordinates":[[[-0.0859123,51.6166343],[-0.0858692,51.6166484],[-0.0858121,51.6166571],[-0.0857456,51.6166533],[-0.085584,51.6166104],[-0.0854854,51.6165807]]]}},
{"type":"Feature","properties":{"highway":"footway","name":null,"category":"Footpath (pedestrian only)"},"geometry":{"type":"MultiLineString","coordinates":[[[-0.0862701,51.6164999],[-0.0859123,51.6166343]]]}},
{"type":"Feature","properties":{"highway":"footway","name":null,"category":"Footpath (pedestrian only)"},"geometry":{"type":"MultiLineString","coordinates":[[[-0.0868392,51.6167966],[-0.0867329,51.6166077]]]}},
{"type":"Feature","properties":{"highway":"footway","name":null,"category":"Footpath (pedestrian only)"},"geometry":{"type":"MultiLineString","coordinates":[[[-0.0870125,51.6170683],[-0.0869108,51.6170505],[-0.0868315,51.6170037],[-0.0867799,51.6169444],[-0.0867783,51.6168913],[-0.0868493,51.6168178],[-0.0868392,51.6167966]]]}},
{"type":"Feature","properties":{"highway":"footway","name":null,"category":"Footpath (pedestrian only)"},"geometry":{"type":"MultiLineString","coordinates":[[[-0.0867329,51.6166077],[-0.0867104,51.6165813],[-0.0866836,51.6165498],[-0.0866381,51.6165096],[-0.0865888,51.6164819],[-0.0865662,51.6164581]]]}},
{"type":"Feature","properties":{"highway":"footway","name":null,"category":"Footpath (pedestrian only)"},"geometry":{"type":"MultiLineString","coordinates":[[[-0.0869446,51.616139],[-0.0871921,51.6160008]]]}},
{"type":"Feature","properties":{"highway":"footway","name":null,"category":"Footpath (pedestrian only)"},"geometry":{"type":"MultiLineString","coordinates":[[[-0.0871414,51.6159044],[-0.0871874,51.6159298]]]}},
{"type":"Feature","properties":{"highway":"footway","name":null,"category":"Footpath (pedestrian only)"},"geometry":{"type":"MultiLineString","coordinates":[[[-0.0871921,51.6160008],[-0.0871492,51.6159404],[-0.0871414,51.6159044]]]}},
{"type":"Feature","properties":{"highway":"footway","name":null,"category":"Footpath (pedestrian only)"},"geometry":{"type":"MultiLineString","coordinates":[[[-0.0866469,51.616219],[-0.086771,51.6161989],[-0.0868626,51.616183],[-0.0869446,51.616139]]]}},
{"type":"Feature","properties":{"highway":"footway","name":null,"category":"Footpath (pedestrian only)"},"geometry":{"type":"MultiLineString","coordinates":[[[-0.0864322,51.6161471],[-0.0864554,51.6161624],[-0.0865224,51.6161886],[-0.0865757,51.6161922],[-0.0866243,51.6161985],[-0.0866469,51.616219],[-0.0866539,51.6162389],[-0.0866476,51.6162551]]]}},
{"type":"Feature","properties":{"highway":"footway","name":null,"category":"Footpath (pedestrian only)"},"geometry":{"type":"MultiLineString","coordinates":[[[-0.0866476,51.6162551],[-0.0866078,51.6163592],[-0.0865737,51.6164403]]]}},
{"type":"Feature","properties":{"highway":"footway","name":null,"category":"Footpath (pedestrian only)"},"geometry":{"type":"MultiLineString","coordinates":[[[-0.087576,51.6160897],[-0.0874818,51.61605],[-0.0873901,51.6159916],[-0.0873125,51.6159293],[-0.0872681,51.6158916],[-0.0872127,51.615888],[-0.0871683,51.6158952],[-0.0871414,51.6159044]]]}},
{"type":"Feature","properties":{"highway":"footway","name":"Lambs Terrace","category":"Footpath (pedestrian only)"},"geometry":{"type":"MultiLineString","coordinates":[[[-0.0812838,51.6240412],[-0.0812133,51.6240307],[-0.0810903,51.6243517],[-0.0810206,51.6245195]]]}},
{"type":"Feature","properties":{"highway":"footway","name":null,"category":"Footpath (pedestrian only)"},"geometry":{"type":"MultiLineString","coordinates":[[[-0.0831277,51.6164407],[-0.0831508,51.6164567]]]}},
{"type":"Feature","properties":{"highway":"footway","name":null,"category":"Footpath (pedestrian only)"},"geometry":{"type":"MultiLineString","coordinates":[[[-0.0676072,51.6149343],[-0.0675409,51.6148976],[-0.0674135,51.6148298],[-0.0673216,51.6148036]]]}},
{"type":"Feature","properties":{"highway":"footway","name":null,"category":"Footpath (pedestrian only)"},"geometry":{"type":"MultiLineString","coordinates":[[[-0.0680183,51.6151249],[-0.0678963,51.6151712],[-0.067799,51.615238],[-0.0677235,51.6153327],[-0.0677072,51.6153841]]]}},
{"type":"Feature","properties":{"highway":"footway","name":null,"category":"Footpath (pedestrian only)"},"geometry":{"type":"MultiLineString","coordinates":[[[-0.0676886,51.6151875],[-0.0676419,51.6152345],[-0.0676025,51.6153165],[-0.0675862,51.6153815]]]}},
{"type":"Feature","properties":{"highway":"footway","name":null,"category":"Footpath (pedestrian only)"},"geometry":{"type":"MultiLineString","coordinates":[[[-0.0719864,51.6149675],[-0.0719683,51.6150024],[-0.0719647,51.6150407],[-0.0719704,51.6150813],[-0.0720059,51.6151233],[-0.0721069,51.6152139],[-0.0722383,51.6153136],[-0.0727132,51.6156758]]]}},
{"type":"Feature","properties":{"highway":"footway","name":null,"category":"Footpath (pedestrian only)"},"geometry":{"type":"MultiLineString","coordinates":[[[-0.0725713,51.615785],[-0.0723913,51.6156631],[-0.072154,51.6154807],[-0.0717987,51.6151692]]]}},
{"type":"Feature","properties":{"highway":"footway","name":null,"category":"Footpath (pedestrian only)"},"geometry":{"type":"MultiLineString","coordinates":[[[-0.0702808,51.614511],[-0.0701964,51.6145144]]]}},
{"type":"Feature","properties":{"highway":"footway","name":null,"category":"Footpath (pedestrian only)"},"geometry":{"type":"MultiLineString","coordinates":[[[-0.0702993,51.6145097],[-0.0702808,51.614511]]]}},
{"type":"Feature","properties":{"highway":"footway","name":null,"category":"Footpath (pedestrian only)"},"geometry":{"type":"MultiLineString","coordinates":[[[-0.0701709,51.6145155],[-0.0701283,51.6143084],[-0.0699551,51.6137199]]]}},
{"type":"Feature","properties":{"highway":"footway","name":null,"category":"Footpath (pedestrian only)"},"geometry":{"type":"MultiLineString","coordinates":[[[-0.0703402,51.6145068],[-0.0703193,51.6144864],[-0.0702987,51.6144355],[-0.0702634,51.6142748],[-0.0702079,51.6139942]]]}},
{"type":"Feature","properties":{"highway":"footway","name":null,"category":"Footpath (pedestrian only)"},"geometry":{"type":"MultiLineString","coordinates":[[[-0.0716541,51.6145339],[-0.0717166,51.6145323]]]}},
{"type":"Feature","properties":{"highway":"footway","name":null,"category":"Footpath (pedestrian only)"},"geometry":{"type":"MultiLineString","coordinates":[[[-0.0717166,51.6145323],[-0.0717383,51.6145318]]]}},
{"type":"Feature","properties":{"highway":"footway","name":null,"category":"Footpath (pedestrian only)"},"geometry":{"type":"MultiLineString","coordinates":[[[-0.0869934,51.6157032],[-0.0870064,51.6157368],[-0.0870194,51.6157692]]]}},
{"type":"Feature","properties":{"highway":"footway","name":null,"category":"Footpath (pedestrian only)"},"geometry":{"type":"MultiLineString","coordinates":[[[-0.0870194,51.6157692],[-0.0870323,51.6158016]]]}},
{"type":"Feature","properties":{"highway":"footway","name":null,"category":"Footpath (pedestrian only)"},"geometry":{"type":"MultiLineString","coordinates":[[[-0.0872666,51.615787],[-0.0873035,51.615773],[-0.0873352,51.615761]]]}},
{"type":"Feature","properties":{"highway":"footway","name":null,"category":"Footpath (pedestrian only)"},"geometry":{"type":"MultiLineString","coordinates":[[[-0.0873352,51.615761],[-0.0873547,51.6157539]]]}},
{"type":"Feature","properties":{"highway":"footway","name":null,"category":"Footpath (pedestrian only)"},"geometry":{"type":"MultiLineString","coordinates":[[[-0.0873527,51.6172769],[-0.087356,51.6172611]]]}},
{"type":"Feature","properties":{"highway":"footway","name":null,"category":"Footpath (pedestrian only)"},"geometry":{"type":"MultiLineString","coordinates":[[[-0.0870969,51.6170241],[-0.0871368,51.6170032]]]}},
{"type":"Feature","properties":{"highway":"footway","name":null,"category":"Footpath (pedestrian only)"},"geometry":{"type":"MultiLineString","coordinates":[[[-0.0874499,51.6172452],[-0.0874622,51.6172575]]]}},
{"type":"Feature","properties":{"highway":"footway","name":null,"category":"Footpath (pedestrian only)"},"geometry":{"type":"MultiLineString","coordinates":[[[-0.0875377,51.6173306],[-0.087558,51.6173447]]]}},
{"type":"Feature","properties":{"highway":"footway","name":null,"category":"Footpath (pedestrian only)"},"geometry":{"type":"MultiLineString","coordinates":[[[-0.0880351,51.6166366],[-0.0880317,51.6167573],[-0.0879971,51.6169742],[-0.0878857,51.6171292],[-0.0876976,51.6172615],[-0.0876055,51.6173229],[-0.087558,51.6173447],[-0.0875546,51.6173646],[-0.0875843,51.6174039],[-0.0877475,51.6175428],[-0.0879181,51.6176694],[-0.0879904,51.6177192]]]}},
{"type":"Feature","properties":{"highway":"footway","name":null,"category":"Footpath (pedestrian only)"},"geometry":{"type":"MultiLineString","coordinates":[[[-0.0881923,51.6180438],[-0.0879327,51.6178675],[-0.0877606,51.617747],[-0.0873962,51.6175039],[-0.0873955,51.6174569]]]}},
{"type":"Feature","properties":{"highway":"footway","name":null,"category":"Footpath (pedestrian only)"},"geometry":{"type":"MultiLineString","coordinates":[[[-0.0878991,51.6176787],[-0.0878679,51.6176941]]]}},
{"type":"Feature","properties":{"highway":"footway","name":null,"category":"Footpath (pedestrian only)"},"geometry":{"type":"MultiLineString","coordinates":[[[-0.0877808,51.6177371],[-0.0877606,51.617747]]]}},
{"type":"Feature","properties":{"highway":"footway","name":null,"category":"Footpath (pedestrian only)"},"geometry":{"type":"MultiLineString","coordinates":[[[-0.0878406,51.6177076],[-0.0877808,51.6177371]]]}},
{"type":"Feature","properties":{"highway":"footway","name":null,"category":"Footpath (pedestrian only)"},"geometry":{"type":"MultiLineString","coordinates":[[[-0.0878679,51.6176941],[-0.087857,51.6176995],[-0.0878406,51.6177076]]]}},
{"type":"Feature","properties":{"highway":"footway","name":null,"category":"Footpath (pedestrian only)"},"geometry":{"type":"MultiLineString","coordinates":[[[-0.0879181,51.6176694],[-0.0878991,51.6176787]]]}},
{"type":"Feature","properties":{"highway":"footway","name":null,"category":"Footpath (pedestrian only)"},"geometry":{"type":"MultiLineString","coordinates":[[[-0.0730009,51.6159129],[-0.0733951,51.6159724]]]}},
{"type":"Feature","properties":{"highway":"footway","name":null,"category":"Footpath (pedestrian only)"},"geometry":{"type":"MultiLineString","coordinates":[[[-0.0735093,51.6159878],[-0.0738186,51.6160291],[-0.0741465,51.6160599]]]}},
{"type":"Feature","properties":{"highway":"footway","name":null,"category":"Footpath (pedestrian only)"},"geometry":{"type":"MultiLineString","coordinates":[[[-0.0727406,51.6156977],[-0.072767,51.6157183],[-0.0727957,51.6157357],[-0.0729204,51.6157887],[-0.0729643,51.6158049],[-0.0730878,51.6158381],[-0.0731367,51.6158484],[-0.0733308,51.615884],[-0.0734461,51.6158995],[-0.0736435,51.6159259],[-0.0740268,51.6159645],[-0.0741608,51.6159777],[-0.0744172,51.6160002]]]}},
{"type":"Feature","properties":{"highway":"footway","name":null,"category":"Footpath (pedestrian only)"},"geometry":{"type":"MultiLineString","coordinates":[[[-0.0741465,51.6160599],[-0.0741496,51.6160424]]]}},
{"type":"Feature","properties":{"highway":"footway","name":null,"category":"Footpath (pedestrian only)"},"geometry":{"type":"MultiLineString","coordinates":[[[-0.0741608,51.6159777],[-0.0741591,51.6159873]]]}},
{"type":"Feature","properties":{"highway":"footway","name":null,"category":"Footpath (pedestrian only)"},"geometry":{"type":"MultiLineString","coordinates":[[[-0.0741496,51.6160424],[-0.0741543,51.616015],[-0.0741591,51.6159873]]]}},
{"type":"Feature","properties":{"highway":"footway","name":null,"category":"Footpath (pedestrian only)"},"geometry":{"type":"MultiLineString","coordinates":[[[-0.0735093,51.6159878],[-0.0734533,51.6159802],[-0.0733951,51.6159724]]]}},
{"type":"Feature","properties":{"highway":"footway","name":null,"category":"Footpath (pedestrian only)"},"geometry":{"type":"MultiLineString","coordinates":[[[-0.0741465,51.6160599],[-0.0743593,51.6160753]]]}},
{"type":"Feature","properties":{"highway":"footway","name":null,"category":"Footpath (pedestrian only)"},"geometry":{"type":"MultiLineString","coordinates":[[[-0.0743593,51.6160753],[-0.074411,51.6160797],[-0.0744726,51.6160836]]]}},
{"type":"Feature","properties":{"highway":"footway","name":null,"category":"Footpath (pedestrian only)"},"geometry":{"type":"MultiLineString","coordinates":[[[-0.0727406,51.6156977],[-0.0727132,51.6156758]]]}},
{"type":"Feature","properties":{"highway":"footway","name":null,"category":"Footpath (pedestrian only)"},"geometry":{"type":"MultiLineString","coordinates":[[[-0.0708293,51.6145077],[-0.0708308,51.6144537]]]}},
{"type":"Feature","properties":{"highway":"footway","name":null,"category":"Footpath (pedestrian only)"},"geometry":{"type":"MultiLineString","coordinates":[[[-0.0703402,51.6145068],[-0.0702993,51.6145097]]]}},
{"type":"Feature","properties":{"highway":"footway","name":null,"category":"Footpath (pedestrian only)"},"geometry":{"type":"MultiLineString","coordinates":[[[-0.0847925,51.6160679],[-0.084778,51.6160807]]]}},
{"type":"Feature","properties":{"highway":"footway","name":null,"category":"Footpath (pedestrian only)"},"geometry":{"type":"MultiLineString","coordinates":[[[-0.0879904,51.6177192],[-0.0880507,51.6177578],[-0.0880906,51.6177842]]]}},
{"type":"Feature","properties":{"highway":"footway","name":null,"category":"Footpath (pedestrian only)"},"geometry":{"type":"MultiLineString","coordinates":[[[-0.0880906,51.6177842],[-0.0883955,51.6179938],[-0.0888075,51.6182375],[-0.0890596,51.6183596],[-0.0894231,51.6185309],[-0.089505,51.6185752]]]}},
{"type":"Feature","properties":{"highway":"footway","name":null,"category":"Footpath (pedestrian only)"},"geometry":{"type":"MultiLineString","coordinates":[[[-0.089505,51.6185752],[-0.0895562,51.618603]]]}},
{"type":"Feature","properties":{"highway":"footway","name":null,"category":"Footpath (pedestrian only)"},"geometry":{"type":"MultiLineString","coordinates":[[[-0.091154,51.6159094],[-0.0910353,51.615904],[-0.0908546,51.6159178],[-0.0906616,51.61596],[-0.0903801,51.6160436],[-0.0901448,51.6160819],[-0.0898285,51.6161079],[-0.0894165,51.6161103],[-0.0889824,51.6161144],[-0.0884916,51.6161026],[-0.0879987,51.6160873],[-0.0877839,51.616068],[-0.0876426,51.6160186],[-0.0875302,51.6159654],[-0.0874461,51.6158941],[-0.0873924,51.6158143],[-0.0873686,51.6157658],[-0.0873547,51.6157539]]]}},
{"type":"Feature","properties":{"highway":"footway","name":null,"category":"Footpath (pedestrian only)"},"geometry":{"type":"MultiLineString","coordinates":[[[-0.0793663,51.616492],[-0.0792776,51.6164929],[-0.0787092,51.6164313],[-0.0786787,51.616424],[-0.0785687,51.6163875],[-0.0785273,51.6163786],[-0.0782821,51.616339],[-0.0780647,51.6163094],[-0.0777455,51.6162721],[-0.0775257,51.616248],[-0.0771277,51.6162091],[-0.0768453,51.6161759],[-0.0766893,51.6161527],[-0.0764896,51.6161222],[-0.0764225,51.6160993],[-0.0763893,51.6161072]]]}},
{"type":"Feature","properties":{"highway":"footway","name":null,"category":"Footpath (pedestrian only)"},"geometry":{"type":"MultiLineString","coordinates":[[[-0.0762299,51.6156914],[-0.0762831,51.6156897]]]}},
{"type":"Feature","properties":{"highway":"footway","name":null,"category":"Footpath (pedestrian only)"},"geometry":{"type":"MultiLineString","coordinates":[[[-0.0763405,51.6156882],[-0.0762831,51.6156897]]]}},
{"type":"Feature","properties":{"highway":"footway","name":null,"category":"Footpath (pedestrian only)"},"geometry":{"type":"MultiLineString","coordinates":[[[-0.0766814,51.6161722],[-0.0766636,51.6162158],[-0.0766463,51.6162583]]]}},
{"type":"Feature","properties":{"highway":"footway","name":null,"category":"Footpath (pedestrian only)"},"geometry":{"type":"MultiLineString","coordinates":[[[-0.0763571,51.6157283],[-0.0763571,51.6156877],[-0.0763405,51.6156882]]]}},
{"type":"Feature","properties":{"highway":"footway","name":null,"category":"Footpath (pedestrian only)"},"geometry":{"type":"MultiLineString","coordinates":[[[-0.076354,51.6158369],[-0.0763571,51.6157283]]]}},
{"type":"Feature","properties":{"highway":"footway","name":null,"category":"Footpath (pedestrian only)"},"geometry":{"type":"MultiLineString","coordinates":[[[-0.0761869,51.6128327],[-0.0761405,51.6128341],[-0.0760811,51.6128359]]]}},
{"type":"Feature","properties":{"highway":"footway","name":null,"category":"Footpath (pedestrian only)"},"geometry":{"type":"MultiLineString","coordinates":[[[-0.0762246,51.6128316],[-0.0761869,51.6128327]]]}},
{"type":"Feature","properties":{"highway":"footway","name":null,"category":"Footpath (pedestrian only)"},"geometry":{"type":"MultiLineString","coordinates":[[[-0.0767418,51.6127901],[-0.0762245,51.6127944]]]}},
{"type":"Feature","properties":{"highway":"footway","name":null,"category":"Footpath (pedestrian only)"},"geometry":{"type":"MultiLineString","coordinates":[[[-0.0841727,51.6162575],[-0.0841883,51.6162017]]]}},
{"type":"Feature","properties":{"highway":"footway","name":null,"category":"Footpath (pedestrian only)"},"geometry":{"type":"MultiLineString","coordinates":[[[-0.084159,51.6163067],[-0.0841662,51.616281],[-0.0841727,51.6162575]]]}},
{"type":"Feature","properties":{"highway":"footway","name":null,"category":"Footpath (pedestrian only)"},"geometry":{"type":"MultiLineString","coordinates":[[[-0.0842597,51.6163441],[-0.0842608,51.6163299],[-0.0841542,51.6163237],[-0.084159,51.6163067]]]}},
{"type":"Feature","properties":{"highway":"footway","name":null,"category":"Footpath (pedestrian only)"},"geometry":{"type":"MultiLineString","coordinates":[[[-0.0842554,51.6164047],[-0.0842574,51.6163769],[-0.0842597,51.6163441]]]}},
{"type":"Feature","properties":{"highway":"footway","name":null,"category":"Footpath (pedestrian only)"},"geometry":{"type":"MultiLineString","coordinates":[[[-0.0841762,51.6164861],[-0.0841765,51.6164695],[-0.0841768,51.616454]]]}},
{"type":"Feature","properties":{"highway":"footway","name":null,"category":"Footpath (pedestrian only)"},"geometry":{"type":"MultiLineString","coordinates":[[[-0.084176,51.6164996],[-0.0841762,51.6164861]]]}},
{"type":"Feature","properties":{"highway":"footway","name":null,"category":"Footpath (pedestrian only)"},"geometry":{"type":"MultiLineString","coordinates":[[[-0.082908,51.6163125],[-0.0829152,51.6163251],[-0.0829649,51.6163681]]]}},
{"type":"Feature","properties":{"highway":"footway","name":null,"category":"Footpath (pedestrian only)"},"geometry":{"type":"MultiLineString","coordinates":[[[-0.0827667,51.6160885],[-0.0827385,51.6161152],[-0.0827093,51.616143]]]}},
{"type":"Feature","properties":{"highway":"footway","name":null,"category":"Footpath (pedestrian only)"},"geometry":{"type":"MultiLineString","coordinates":[[[-0.0827093,51.616143],[-0.0826903,51.6161611],[-0.0827607,51.6161874],[-0.0827873,51.6161974]]]}},
{"type":"Feature","properties":{"highway":"footway","name":null,"category":"Footpath (pedestrian only)"},"geometry":{"type":"MultiLineString","coordinates":[[[-0.0827873,51.6161974],[-0.0828292,51.6162128],[-0.0828692,51.6162276]]]}},
{"type":"Feature","properties":{"highway":"footway","name":null,"category":"Footpath (pedestrian only)"},"geometry":{"type":"MultiLineString","coordinates":[[[-0.0828692,51.6162276],[-0.0828805,51.6162317],[-0.0828692,51.6162444],[-0.0828757,51.6162559]]]}},
{"type":"Feature","properties":{"highway":"footway","name":null,"category":"Footpath (pedestrian only)"},"geometry":{"type":"MultiLineString","coordinates":[[[-0.0828757,51.6162559],[-0.0828905,51.6162818],[-0.082908,51.6163125]]]}},
{"type":"Feature","properties":{"highway":"footway","name":null,"category":"Footpath (pedestrian only)"},"geometry":{"type":"MultiLineString","coordinates":[[[-0.0827607,51.6161874],[-0.0825804,51.6163846],[-0.082508,51.6164452],[-0.0824342,51.6164917],[-0.082335,51.6165404],[-0.0822184,51.6165833],[-0.0820593,51.6166156],[-0.0819277,51.6166262],[-0.0813831,51.6166662],[-0.0811706,51.6166743]]]}},
{"type":"Feature","properties":{"highway":"footway","name":null,"category":"Footpath (pedestrian only)"},"geometry":{"type":"MultiLineString","coordinates":[[[-0.0811706,51.6166743],[-0.0811718,51.6166836]]]}},
{"type":"Feature","properties":{"highway":"footway","name":null,"category":"Footpath (pedestrian only)"},"geometry":{"type":"MultiLineString","coordinates":[[[-0.0811805,51.6167501],[-0.0811762,51.6167171]]]}},
{"type":"Feature","properties":{"highway":"footway","name":null,"category":"Footpath (pedestrian only)"},"geometry":{"type":"MultiLineString","coordinates":[[[-0.0848316,51.6165254],[-0.0845109,51.6165227],[-0.0843923,51.6165005],[-0.084176,51.6164996],[-0.0840704,51.616501],[-0.0839756,51.6165038],[-0.0837714,51.6165202],[-0.0833594,51.6165419],[-0.083306,51.6165478],[-0.0832281,51.6165601],[-0.0829471,51.6166101],[-0.0827243,51.6166438],[-0.0824857,51.6166722],[-0.0821179,51.6167035],[-0.0813627,51.616755],[-0.0811826,51.6167654],[-0.0811169,51.6167666],[-0.0809802,51.6167638],[-0.0809715,51.6167637]]]}},
{"type":"Feature","properties":{"highway":"footway","name":null,"category":"Footpath (pedestrian only)"},"geometry":{"type":"MultiLineString","coordinates":[[[-0.0811826,51.6167654],[-0.0811805,51.6167501]]]}},
{"type":"Feature","properties":{"highway":"footway","name":null,"category":"Footpath (pedestrian only)"},"geometry":{"type":"MultiLineString","coordinates":[[[-0.0808318,51.6166455],[-0.0808581,51.6166483],[-0.0809186,51.6166579],[-0.0809684,51.6166673],[-0.0810623,51.6166744],[-0.0811706,51.6166743]]]}},
{"type":"Feature","properties":{"highway":"footway","name":null,"category":"Footpath (pedestrian only)"},"geometry":{"type":"MultiLineString","coordinates":[[[-0.08085,51.6167595],[-0.0808304,51.6167577],[-0.0806208,51.6167422],[-0.0802769,51.6167123],[-0.0797027,51.616654],[-0.0786872,51.6165507],[-0.0786244,51.6165418],[-0.0781744,51.6164646],[-0.0780944,51.6164546],[-0.0774631,51.616388]]]}},
{"type":"Feature","properties":{"highway":"footway","name":null,"category":"Footpath (pedestrian only)"},"geometry":{"type":"MultiLineString","coordinates":[[[-0.0809715,51.6167637],[-0.0809058,51.6167614],[-0.08085,51.6167595]]]}},
{"type":"Feature","properties":{"highway":"footway","name":null,"category":"Footpath (pedestrian only)"},"geometry":{"type":"MultiLineString","coordinates":[[[-0.0806423,51.6166438],[-0.0806327,51.6166875],[-0.0806233,51.6167305]]]}},
{"type":"Feature","properties":{"highway":"footway","name":null,"category":"Footpath (pedestrian only)"},"geometry":{"type":"MultiLineString","coordinates":[[[-0.0809802,51.6167638],[-0.0809269,51.617046],[-0.0809143,51.6171195],[-0.0808723,51.6173456]]]}},
{"type":"Feature","properties":{"highway":"footway","name":null,"category":"Footpath (pedestrian only)"},"geometry":{"type":"MultiLineString","coordinates":[[[-0.0808042,51.6170371],[-0.0808565,51.6170409],[-0.0809105,51.6170448]]]}},
{"type":"Feature","properties":{"highway":"footway","name":null,"category":"Footpath (pedestrian only)"},"geometry":{"type":"MultiLineString","coordinates":[[[-0.0808042,51.6170371],[-0.0807809,51.6170355],[-0.0808304,51.6167577]]]}},
{"type":"Feature","properties":{"highway":"footway","name":null,"category":"Footpath (pedestrian only)"},"geometry":{"type":"MultiLineString","coordinates":[[[-0.0809105,51.6170448],[-0.0809269,51.617046]]]}},
{"type":"Feature","properties":{"highway":"footway","name":null,"category":"Footpath (pedestrian only)"},"geometry":{"type":"MultiLineString","coordinates":[[[-0.0806461,51.6166267],[-0.0806423,51.6166438]]]}},
{"type":"Feature","properties":{"highway":"footway","name":null,"category":"Footpath (pedestrian only)"},"geometry":{"type":"MultiLineString","coordinates":[[[-0.0806208,51.6167422],[-0.0806233,51.6167305]]]}},
{"type":"Feature","properties":{"highway":"footway","name":null,"category":"Footpath (pedestrian only)"},"geometry":{"type":"MultiLineString","coordinates":[[[-0.0797066,51.6166401],[-0.0797178,51.6166],[-0.0797219,51.6165852],[-0.0797297,51.6165571]]]}},
{"type":"Feature","properties":{"highway":"footway","name":null,"category":"Footpath (pedestrian only)"},"geometry":{"type":"MultiLineString","coordinates":[[[-0.0797354,51.6165366],[-0.0797297,51.6165571]]]}},
{"type":"Feature","properties":{"highway":"footway","name":null,"category":"Footpath (pedestrian only)"},"geometry":{"type":"MultiLineString","coordinates":[[[-0.0797027,51.616654],[-0.0797066,51.6166401]]]}},
{"type":"Feature","properties":{"highway":"footway","name":null,"category":"Footpath (pedestrian only)"},"geometry":{"type":"MultiLineString","coordinates":[[[-0.0766893,51.6161527],[-0.0766814,51.6161722]]]}},
{"type":"Feature","properties":{"highway":"footway","name":null,"category":"Footpath (pedestrian only)"},"geometry":{"type":"MultiLineString","coordinates":[[[-0.0753434,51.6161359],[-0.0744726,51.6160836]]]}},
{"type":"Feature","properties":{"highway":"footway","name":null,"category":"Footpath (pedestrian only)"},"geometry":{"type":"MultiLineString","coordinates":[[[-0.0774631,51.616388],[-0.0774094,51.6163809],[-0.0773616,51.6163746]]]}},
{"type":"Feature","properties":{"highway":"footway","name":null,"category":"Footpath (pedestrian only)"},"geometry":{"type":"MultiLineString","coordinates":[[[-0.080744,51.6166364],[-0.0806461,51.6166267],[-0.0797354,51.6165366],[-0.0795609,51.6165126]]]}},
{"type":"Feature","properties":{"highway":"footway","name":null,"category":"Footpath (pedestrian only)"},"geometry":{"type":"MultiLineString","coordinates":[[[-0.0795609,51.6165126],[-0.0794669,51.6165026],[-0.0793663,51.616492]]]}},
{"type":"Feature","properties":{"highway":"footway","name":null,"category":"Footpath (pedestrian only)"},"geometry":{"type":"MultiLineString","coordinates":[[[-0.0766396,51.6162745],[-0.0766463,51.6162583]]]}},
{"type":"Feature","properties":{"highway":"footway","name":null,"category":"Footpath (pedestrian only)"},"geometry":{"type":"MultiLineString","coordinates":[[[-0.0773616,51.6163746],[-0.0766396,51.6162745],[-0.0764415,51.6162454]]]}},
{"type":"Feature","properties":{"highway":"footway","name":null,"category":"Footpath (pedestrian only)"},"geometry":{"type":"MultiLineString","coordinates":[[[-0.0764415,51.6162454],[-0.0763903,51.6162381],[-0.0763344,51.6162302]]]}},
{"type":"Feature","properties":{"highway":"footway","name":null,"category":"Footpath (pedestrian only)"},"geometry":{"type":"MultiLineString","coordinates":[[[-0.0763344,51.6162302],[-0.0761331,51.6161998],[-0.075941,51.6161736],[-0.0758094,51.6161648],[-0.0754444,51.6161438]]]}},
{"type":"Feature","properties":{"highway":"footway","name":null,"category":"Footpath (pedestrian only)"},"geometry":{"type":"MultiLineString","coordinates":[[[-0.0754444,51.6161438],[-0.0753987,51.6161402],[-0.0753434,51.6161359]]]}},
{"type":"Feature","properties":{"highway":"footway","name":null,"category":"Footpath (pedestrian only)"},"geometry":{"type":"MultiLineString","coordinates":[[[-0.0764225,51.6160993],[-0.0763907,51.6160657],[-0.0763565,51.6160198],[-0.0763491,51.6159795],[-0.076354,51.6158369]]]}},
{"type":"Feature","properties":{"highway":"footway","name":null,"category":"Footpath (pedestrian only)"},"geometry":{"type":"MultiLineString","coordinates":[[[-0.076195,51.6160878],[-0.0761596,51.6160843],[-0.0760094,51.6160852],[-0.0751125,51.616039],[-0.0745634,51.6160103],[-0.0744172,51.6160002]]]}},
{"type":"Feature","properties":{"highway":"footway","name":null,"category":"Footpath (pedestrian only)"},"geometry":{"type":"MultiLineString","coordinates":[[[-0.0763893,51.6161072],[-0.0762821,51.6160965],[-0.076195,51.6160878]]]}},
{"type":"Feature","properties":{"highway":"footway","name":null,"category":"Footpath (pedestrian only)"},"geometry":{"type":"MultiLineString","coordinates":[[[-0.0848539,51.6160136],[-0.0848636,51.616005]]]}},
{"type":"Feature","properties":{"highway":"footway","name":null,"category":"Footpath (pedestrian only)"},"geometry":{"type":"MultiLineString","coordinates":[[[-0.0763123,51.6140124],[-0.0762948,51.6140157]]]}},
{"type":"Feature","properties":{"highway":"footway","name":null,"category":"Footpath (pedestrian only)"},"geometry":{"type":"MultiLineString","coordinates":[[[-0.0718831,51.617868],[-0.0718326,51.6178338],[-0.0717892,51.6178055]]]}},
{"type":"Feature","properties":{"highway":"footway","name":null,"category":"Footpath (pedestrian only)"},"geometry":{"type":"MultiLineString","coordinates":[[[-0.0716435,51.6179267],[-0.0716585,51.6178871],[-0.0717892,51.6178055]]]}},
{"type":"Feature","properties":{"highway":"footway","name":null,"category":"Footpath (pedestrian only)"},"geometry":{"type":"MultiLineString","coordinates":[[[-0.0717892,51.6178055],[-0.07182,51.6177848]]]}},
{"type":"Feature","properties":{"highway":"footway","name":null,"category":"Footpath (pedestrian only)"},"geometry":{"type":"MultiLineString","coordinates":[[[-0.07182,51.6177848],[-0.0718383,51.6177725],[-0.0718254,51.6177645]]]}},
{"type":"Feature","properties":{"highway":"footway","name":null,"category":"Footpath (pedestrian only)"},"geometry":{"type":"MultiLineString","coordinates":[[[-0.0759566,51.6131818],[-0.0761546,51.6131675]]]}}
]
}
