{
"type": "FeatureCollection",
"name": "893a679be23f_foliage",
"crs": { "type": "name", "properties": { "name": "urn:ogc:def:crs:OGC:1.3:CRS84" } },
"features": [
{ "type": "Feature", "properties": { "max_height": 14.902252197265625, "mean_height": 2.564333438873291, "std_height": 4.1728630065917969, "count_pixels": 42, "percent_cover": 0.23065517052007251, "percent_above_0.1m": 52.380952380952387, "low_level_<0.5": 9.5238095238095237, "mid_level_0.5-2": 9.5238095238095237, "tall_2+": 33.333333333333329 }, "geometry": { "type": "Point", "coordinates": [ 0.012266414913624, 51.522853793907124 ] } },
{ "type": "Feature", "properties": { "max_height": 17.84425163269043, "mean_height": 7.7057204246520996, "std_height": 4.7876996994018555, "count_pixels": 42, "percent_cover": 0.23065517052007251, "percent_above_0.1m": 97.61904761904762, "low_level_<0.5": 0.0, "mid_level_0.5-2": 11.904761904761903, "tall_2+": 85.714285714285708 }, "geometry": { "type": "Point", "coordinates": [ 0.012466007082888, 51.522850366199087 ] } },
{ "type": "Feature", "properties": { "max_height": 3.6035003662109375, "mean_height": 0.38755366206169128, "std_height": 0.83756589889526367, "count_pixels": 42, "percent_cover": 0.23065517052007251, "percent_above_0.1m": 30.952380952380953, "low_level_<0.5": 7.1428571428571423, "mid_level_0.5-2": 14.285714285714285, "tall_2+": 9.5238095238095237 }, "geometry": { "type": "Point", "coordinates": [ 0.012665599213531, 51.522846938151595 ] } },
{ "type": "Feature", "properties": { "max_height": 3.261500358581543, "mean_height": 0.33207151293754578, "std_height": 0.86931782960891724, "count_pixels": 42, "percent_cover": 0.23065517052007251, "percent_above_0.1m": 14.285714285714285, "low_level_<0.5": 0.0, "mid_level_0.5-2": 2.3809523809523809, "tall_2+": 11.904761904761903 }, "geometry": { "type": "Point", "coordinates": [ 0.01286519130554, 51.522843509764634 ] } },
{ "type": "Feature", "properties": { "max_height": 9.0280008316040039, "mean_height": 1.5581668615341187, "std_height": 2.4069263935089111, "count_pixels": 42, "percent_cover": 0.23065517052007251, "percent_above_0.1m": 42.857142857142854, "low_level_<0.5": 2.3809523809523809, "mid_level_0.5-2": 7.1428571428571423, "tall_2+": 30.952380952380953 }, "geometry": { "type": "Point", "coordinates": [ 0.013064783358915, 51.52284008103819 ] } },
{ "type": "Feature", "properties": { "max_height": 7.6005010604858398, "mean_height": 1.2209070920944214, "std_height": 2.014214038848877, "count_pixels": 43, "percent_cover": 0.23614696029435994, "percent_above_0.1m": 39.534883720930232, "low_level_<0.5": 0.0, "mid_level_0.5-2": 11.627906976744185, "tall_2+": 25.581395348837212 }, "geometry": { "type": "Point", "coordinates": [ 0.013264375373658, 51.522836651972305 ] } },
{ "type": "Feature", "properties": { "max_height": 2.9800000190734863, "mean_height": 0.33750003576278687, "std_height": 0.80553317070007324, "count_pixels": 42, "percent_cover": 0.23065517052007251, "percent_above_0.1m": 19.047619047619047, "low_level_<0.5": 0.0, "mid_level_0.5-2": 11.904761904761903, "tall_2+": 7.1428571428571423 }, "geometry": { "type": "Point", "coordinates": [ 0.013463967349756, 51.522833222566916 ] } },
{ "type": "Feature", "properties": { "max_height": 4.2425003051757812, "mean_height": 0.44163697957992554, "std_height": 0.95175129175186157, "count_pixels": 42, "percent_cover": 0.23065517052007251, "percent_above_0.1m": 35.714285714285715, "low_level_<0.5": 9.5238095238095237, "mid_level_0.5-2": 16.666666666666664, "tall_2+": 7.1428571428571423 }, "geometry": { "type": "Point", "coordinates": [ 0.013663559287215, 51.522829792822073 ] } },
{ "type": "Feature", "properties": { "max_height": 16.678251266479492, "mean_height": 7.2600531578063965, "std_height": 5.3354744911193848, "count_pixels": 42, "percent_cover": 0.23065517052007251, "percent_above_0.1m": 80.952380952380949, "low_level_<0.5": 0.0, "mid_level_0.5-2": 4.7619047619047619, "tall_2+": 76.19047619047619 }, "geometry": { "type": "Point", "coordinates": [ 0.012370965311312, 51.522959913294152 ] } },
{ "type": "Feature", "properties": { "max_height": 12.520000457763672, "mean_height": 2.5298051834106445, "std_height": 3.8861432075500488, "count_pixels": 41, "percent_cover": 0.22516338074578504, "percent_above_0.1m": 51.219512195121951, "low_level_<0.5": 9.7560975609756095, "mid_level_0.5-2": 9.7560975609756095, "tall_2+": 31.707317073170731 }, "geometry": { "type": "Point", "coordinates": [ 0.012570557919128, 51.522956485403611 ] } },
{ "type": "Feature", "properties": { "max_height": 6.136500358581543, "mean_height": 0.67952984571456909, "std_height": 1.6541574001312256, "count_pixels": 42, "percent_cover": 0.23065517052007251, "percent_above_0.1m": 19.047619047619047, "low_level_<0.5": 0.0, "mid_level_0.5-2": 4.7619047619047619, "tall_2+": 14.285714285714285 }, "geometry": { "type": "Point", "coordinates": [ 0.012770150488319, 51.522953057173602 ] } },
{ "type": "Feature", "properties": { "max_height": 0.57500016689300537, "mean_height": 0.015046154148876667, "std_height": 0.092056907713413239, "count_pixels": 38, "percent_cover": 0.20868801142292273, "percent_above_0.1m": 2.6315789473684208, "low_level_<0.5": 0.0, "mid_level_0.5-2": 2.6315789473684208, "tall_2+": 0.0 }, "geometry": { "type": "Point", "coordinates": [ 0.012969743018881, 51.522949628604138 ] } },
{ "type": "Feature", "properties": { "max_height": 9.5677499771118164, "mean_height": 1.8549573421478271, "std_height": 3.1166727542877197, "count_pixels": 41, "percent_cover": 0.22516338074578504, "percent_above_0.1m": 39.024390243902438, "low_level_<0.5": 4.8780487804878048, "mid_level_0.5-2": 2.4390243902439024, "tall_2+": 29.268292682926827 }, "geometry": { "type": "Point", "coordinates": [ 0.013169335510803, 51.522946199695184 ] } },
{ "type": "Feature", "properties": { "max_height": 5.6147499084472656, "mean_height": 0.89082318544387817, "std_height": 1.5155872106552124, "count_pixels": 41, "percent_cover": 0.22516338074578504, "percent_above_0.1m": 36.585365853658537, "low_level_<0.5": 2.4390243902439024, "mid_level_0.5-2": 9.7560975609756095, "tall_2+": 21.951219512195124 }, "geometry": { "type": "Point", "coordinates": [ 0.013368927964091, 51.522942770446768 ] } },
{ "type": "Feature", "properties": { "max_height": 5.196500301361084, "mean_height": 0.96080958843231201, "std_height": 1.4692193269729614, "count_pixels": 42, "percent_cover": 0.23065517052007251, "percent_above_0.1m": 42.857142857142854, "low_level_<0.5": 4.7619047619047619, "mid_level_0.5-2": 14.285714285714285, "tall_2+": 21.428571428571427 }, "geometry": { "type": "Point", "coordinates": [ 0.013568520378733, 51.522939340858862 ] } },
{ "type": "Feature", "properties": { "max_height": 5.1455001831054688, "mean_height": 0.76877987384796143, "std_height": 1.4236176013946533, "count_pixels": 42, "percent_cover": 0.23065517052007251, "percent_above_0.1m": 30.952380952380953, "low_level_<0.5": 2.3809523809523809, "mid_level_0.5-2": 14.285714285714285, "tall_2+": 14.285714285714285 }, "geometry": { "type": "Point", "coordinates": [ 0.013768112754728, 51.522935910931515 ] } },
{ "type": "Feature", "properties": { "max_height": 0.0012500286102294922, "mean_height": -0.00011304162762826309, "std_height": 0.00064596539596095681, "count_pixels": 42, "percent_cover": 0.23065517052007251, "percent_above_0.1m": 0.0, "low_level_<0.5": 0.0, "mid_level_0.5-2": 0.0, "tall_2+": 0.0 }, "geometry": { "type": "Point", "coordinates": [ 0.013967705092076, 51.522932480664679 ] } },
{ "type": "Feature", "properties": { "max_height": 0.0010000467300415039, "mean_height": 1.7915454009198584e-05, "std_height": 0.00046416433178819716, "count_pixels": 42, "percent_cover": 0.23065517052007251, "percent_above_0.1m": 0.0, "low_level_<0.5": 0.0, "mid_level_0.5-2": 0.0, "tall_2+": 0.0 }, "geometry": { "type": "Point", "coordinates": [ 0.01416729739077, 51.522929050058387 ] } },
{ "type": "Feature", "properties": { "max_height": 0.85425019264221191, "mean_height": 0.021148871630430222, "std_height": 0.13016562163829803, "count_pixels": 42, "percent_cover": 0.23065517052007251, "percent_above_0.1m": 2.3809523809523809, "low_level_<0.5": 0.0, "mid_level_0.5-2": 2.3809523809523809, "tall_2+": 0.0 }, "geometry": { "type": "Point", "coordinates": [ 0.014366889650802, 51.522925619112613 ] } },
{ "type": "Feature", "properties": { "max_height": 1.6040000915527344, "mean_height": 0.12008935213088989, "std_height": 0.30010589957237244, "count_pixels": 42, "percent_cover": 0.23065517052007251, "percent_above_0.1m": 21.428571428571427, "low_level_<0.5": 7.1428571428571423, "mid_level_0.5-2": 9.5238095238095237, "tall_2+": 0.0 }, "geometry": { "type": "Point", "coordinates": [ 0.014566481872174, 51.522922187827362 ] } },
{ "type": "Feature", "properties": { "max_height": 3.5052504539489746, "mean_height": 0.14284528791904449, "std_height": 0.59375238418579102, "count_pixels": 42, "percent_cover": 0.23065517052007251, "percent_above_0.1m": 7.1428571428571423, "low_level_<0.5": 0.0, "mid_level_0.5-2": 4.7619047619047619, "tall_2+": 2.3809523809523809 }, "geometry": { "type": "Point", "coordinates": [ 0.014766074054884, 51.522918756202657 ] } },
{ "type": "Feature", "properties": { "max_height": 4.8237504959106445, "mean_height": 0.45419648289680481, "std_height": 1.1610802412033081, "count_pixels": 42, "percent_cover": 0.23065517052007251, "percent_above_0.1m": 23.809523809523807, "low_level_<0.5": 7.1428571428571423, "mid_level_0.5-2": 4.7619047619047619, "tall_2+": 11.904761904761903 }, "geometry": { "type": "Point", "coordinates": [ 0.014965666198919, 51.522915324238468 ] } },
{ "type": "Feature", "properties": { "max_height": 17.743001937866211, "mean_height": 4.3295235633850098, "std_height": 5.8887553215026855, "count_pixels": 42, "percent_cover": 0.23065517052007251, "percent_above_0.1m": 61.904761904761905, "low_level_<0.5": 11.904761904761903, "mid_level_0.5-2": 9.5238095238095237, "tall_2+": 38.095238095238095 }, "geometry": { "type": "Point", "coordinates": [ 0.012275923101182, 51.523069460314801 ] } },
{ "type": "Feature", "properties": { "max_height": 18.729499816894531, "mean_height": 7.3981790542602539, "std_height": 5.2347602844238281, "count_pixels": 42, "percent_cover": 0.23065517052007251, "percent_above_0.1m": 90.476190476190482, "low_level_<0.5": 2.3809523809523809, "mid_level_0.5-2": 4.7619047619047619, "tall_2+": 83.333333333333343 }, "geometry": { "type": "Point", "coordinates": [ 0.012475516186185, 51.523066032581234 ] } },
{ "type": "Feature", "properties": { "max_height": 8.082000732421875, "mean_height": 1.4020121097564697, "std_height": 2.2355949878692627, "count_pixels": 42, "percent_cover": 0.23065517052007251, "percent_above_0.1m": 38.095238095238095, "low_level_<0.5": 0.0, "mid_level_0.5-2": 11.904761904761903, "tall_2+": 26.190476190476193 }, "geometry": { "type": "Point", "coordinates": [ 0.01267510923256, 51.523062604508205 ] } },
{ "type": "Feature", "properties": { "max_height": 0.00050020217895507812, "mean_height": 1.1989048289251514e-05, "std_height": 0.00029857814661227167, "count_pixels": 42, "percent_cover": 0.23065517052007251, "percent_above_0.1m": 0.0, "low_level_<0.5": 0.0, "mid_level_0.5-2": 0.0, "tall_2+": 0.0 }, "geometry": { "type": "Point", "coordinates": [ 0.012874702240303, 51.523059176095678 ] } },
{ "type": "Feature", "properties": { "max_height": 0.74750018119812012, "mean_height": 0.017720319330692291, "std_height": 0.11397293955087662, "count_pixels": 42, "percent_cover": 0.23065517052007251, "percent_above_0.1m": 2.3809523809523809, "low_level_<0.5": 0.0, "mid_level_0.5-2": 2.3809523809523809, "tall_2+": 0.0 }, "geometry": { "type": "Point", "coordinates": [ 0.013074295209414, 51.52305574734369 ] } },
{ "type": "Feature", "properties": { "max_height": 1.3647501468658447, "mean_height": 0.031848933547735214, "std_height": 0.20567144453525543, "count_pixels": 43, "percent_cover": 0.23614696029435994, "percent_above_0.1m": 2.3255813953488373, "low_level_<0.5": 0.0, "mid_level_0.5-2": 2.3255813953488373, "tall_2+": 0.0 }, "geometry": { "type": "Point", "coordinates": [ 0.013273888139889, 51.523052318252219 ] } },
{ "type": "Feature", "properties": { "max_height": 0.0035001039505004883, "mean_height": 4.7689391067251563e-05, "std_height": 0.00062972429441288114, "count_pixels": 42, "percent_cover": 0.23065517052007251, "percent_above_0.1m": 0.0, "low_level_<0.5": 0.0, "mid_level_0.5-2": 0.0, "tall_2+": 0.0 }, "geometry": { "type": "Point", "coordinates": [ 0.013473481031719, 51.523048888821286 ] } },
{ "type": "Feature", "properties": { "max_height": 0.00099992752075195312, "mean_height": -5.8696382438938599e-06, "std_height": 0.00035974540514871478, "count_pixels": 42, "percent_cover": 0.23065517052007251, "percent_above_0.1m": 0.0, "low_level_<0.5": 0.0, "mid_level_0.5-2": 0.0, "tall_2+": 0.0 }, "geometry": { "type": "Point", "coordinates": [ 0.013673073884908, 51.523045459050891 ] } },
{ "type": "Feature", "properties": { "max_height": 0.0020000934600830078, "mean_height": -3.6504210584098473e-05, "std_height": 0.00047035049647092819, "count_pixels": 41, "percent_cover": 0.22516338074578504, "percent_above_0.1m": 0.0, "low_level_<0.5": 0.0, "mid_level_0.5-2": 0.0, "tall_2+": 0.0 }, "geometry": { "type": "Point", "coordinates": [ 0.013872666699447, 51.523042028940992 ] } },
{ "type": "Feature", "properties": { "max_height": 0.00075006484985351562, "mean_height": 5.9607482398860157e-05, "std_height": 0.00037324870936572552, "count_pixels": 42, "percent_cover": 0.23065517052007251, "percent_above_0.1m": 0.0, "low_level_<0.5": 0.0, "mid_level_0.5-2": 0.0, "tall_2+": 0.0 }, "geometry": { "type": "Point", "coordinates": [ 0.014072259475335, 51.523038598491667 ] } },
{ "type": "Feature", "properties": { "max_height": 0.00050008296966552734, "mean_height": -0.00038807329838164151, "std_height": 0.0012548614758998156, "count_pixels": 38, "percent_cover": 0.20868801142292273, "percent_above_0.1m": 0.0, "low_level_<0.5": 0.0, "mid_level_0.5-2": 0.0, "tall_2+": 0.0 }, "geometry": { "type": "Point", "coordinates": [ 0.01427185221256, 51.52303516770283 ] } },
{ "type": "Feature", "properties": { "max_height": 0.0042500495910644531, "mean_height": 0.00017864647088572383, "std_height": 0.00086306635057553649, "count_pixels": 42, "percent_cover": 0.23065517052007251, "percent_above_0.1m": 0.0, "low_level_<0.5": 0.0, "mid_level_0.5-2": 0.0, "tall_2+": 0.0 }, "geometry": { "type": "Point", "coordinates": [ 0.014471444911135, 51.523031736574545 ] } },
{ "type": "Feature", "properties": { "max_height": 7.414250373840332, "mean_height": 0.75713419914245605, "std_height": 1.9331793785095215, "count_pixels": 41, "percent_cover": 0.22516338074578504, "percent_above_0.1m": 21.951219512195124, "low_level_<0.5": 4.8780487804878048, "mid_level_0.5-2": 4.8780487804878048, "tall_2+": 12.195121951219512 }, "geometry": { "type": "Point", "coordinates": [ 0.014671037571041, 51.52302830510677 ] } },
{ "type": "Feature", "properties": { "max_height": 3.4157500267028809, "mean_height": 0.16742269694805145, "std_height": 0.56303870677947998, "count_pixels": 42, "percent_cover": 0.23065517052007251, "percent_above_0.1m": 14.285714285714285, "low_level_<0.5": 2.3809523809523809, "mid_level_0.5-2": 9.5238095238095237, "tall_2+": 2.3809523809523809 }, "geometry": { "type": "Point", "coordinates": [ 0.01487063019228, 51.523024873299541 ] } },
{ "type": "Feature", "properties": { "max_height": 5.6900005340576172, "mean_height": 1.2871310710906982, "std_height": 1.6617491245269775, "count_pixels": 42, "percent_cover": 0.23065517052007251, "percent_above_0.1m": 52.380952380952387, "low_level_<0.5": 9.5238095238095237, "mid_level_0.5-2": 9.5238095238095237, "tall_2+": 33.333333333333329 }, "geometry": { "type": "Point", "coordinates": [ 0.015070222614218, 51.523021441011579 ] } },
{ "type": "Feature", "properties": { "max_height": 16.746002197265625, "mean_height": 7.8722324371337891, "std_height": 4.4970316886901855, "count_pixels": 42, "percent_cover": 0.23065517052007251, "percent_above_0.1m": 92.857142857142861, "low_level_<0.5": 0.0, "mid_level_0.5-2": 7.1428571428571423, "tall_2+": 85.714285714285708 }, "geometry": { "type": "Point", "coordinates": [ 0.012380474014693, 51.523175579684498 ] } },
{ "type": "Feature", "properties": { "max_height": 12.447501182556152, "mean_height": 4.1759090423583984, "std_height": 3.374028205871582, "count_pixels": 41, "percent_cover": 0.22516338074578504, "percent_above_0.1m": 90.243902439024396, "low_level_<0.5": 2.4390243902439024, "mid_level_0.5-2": 17.073170731707318, "tall_2+": 70.731707317073173 }, "geometry": { "type": "Point", "coordinates": [ 0.012580067538252, 51.523172151768406 ] } },
{ "type": "Feature", "properties": { "max_height": 4.1952500343322754, "mean_height": 0.23125603795051575, "std_height": 0.79250448942184448, "count_pixels": 42, "percent_cover": 0.23065517052007251, "percent_above_0.1m": 9.5238095238095237, "low_level_<0.5": 0.0, "mid_level_0.5-2": 2.3809523809523809, "tall_2+": 7.1428571428571423 }, "geometry": { "type": "Point", "coordinates": [ 0.012779661023182, 51.523168723512853 ] } },
{ "type": "Feature", "properties": { "max_height": 0.0025000572204589844, "mean_height": 5.2731287723872811e-05, "std_height": 0.00065683078719303012, "count_pixels": 38, "percent_cover": 0.20868801142292273, "percent_above_0.1m": 0.0, "low_level_<0.5": 0.0, "mid_level_0.5-2": 0.0, "tall_2+": 0.0 }, "geometry": { "type": "Point", "coordinates": [ 0.012979254469487, 51.523165294917817 ] } },
{ "type": "Feature", "properties": { "max_height": 0.0022500753402709961, "mean_height": 3.0572820833185688e-05, "std_height": 0.00047560333041474223, "count_pixels": 41, "percent_cover": 0.22516338074578504, "percent_above_0.1m": 0.0, "low_level_<0.5": 0.0, "mid_level_0.5-2": 0.0, "tall_2+": 0.0 }, "geometry": { "type": "Point", "coordinates": [ 0.013178847877145, 51.523161865983326 ] } },
{ "type": "Feature", "properties": { "max_height": 0.00050020217895507812, "mean_height": -5.9953549680358265e-06, "std_height": 0.00024373781343456358, "count_pixels": 41, "percent_cover": 0.22516338074578504, "percent_above_0.1m": 0.0, "low_level_<0.5": 0.0, "mid_level_0.5-2": 0.0, "tall_2+": 0.0 }, "geometry": { "type": "Point", "coordinates": [ 0.013378441246173, 51.52315843670933 ] } },
{ "type": "Feature", "properties": { "max_height": 0.0015000104904174805, "mean_height": -3.5626548196887597e-05, "std_height": 0.00039929253398440778, "count_pixels": 42, "percent_cover": 0.23065517052007251, "percent_above_0.1m": 0.0, "low_level_<0.5": 0.0, "mid_level_0.5-2": 0.0, "tall_2+": 0.0 }, "geometry": { "type": "Point", "coordinates": [ 0.013578034576551, 51.52315500709588 ] } },
{ "type": "Feature", "properties": { "max_height": 0.00050020217895507812, "mean_height": -1.7793405277188867e-05, "std_height": 0.00029577198438346386, "count_pixels": 42, "percent_cover": 0.23065517052007251, "percent_above_0.1m": 0.0, "low_level_<0.5": 0.0, "mid_level_0.5-2": 0.0, "tall_2+": 0.0 }, "geometry": { "type": "Point", "coordinates": [ 0.013777627868287, 51.523151577142961 ] } },
{ "type": "Feature", "properties": { "max_height": 0.0020000934600830078, "mean_height": 0.00010126545384991914, "std_height": 0.00046312029007822275, "count_pixels": 42, "percent_cover": 0.23065517052007251, "percent_above_0.1m": 0.0, "low_level_<0.5": 0.0, "mid_level_0.5-2": 0.0, "tall_2+": 0.0 }, "geometry": { "type": "Point", "coordinates": [ 0.013977221121367, 51.523148146850573 ] } },
{ "type": "Feature", "properties": { "max_height": 0.0017501115798950195, "mean_height": -5.8809914662560914e-06, "std_height": 0.00037596278707496822, "count_pixels": 42, "percent_cover": 0.23065517052007251, "percent_above_0.1m": 0.0, "low_level_<0.5": 0.0, "mid_level_0.5-2": 0.0, "tall_2+": 0.0 }, "geometry": { "type": "Point", "coordinates": [ 0.014176814335797, 51.523144716218695 ] } },
{ "type": "Feature", "properties": { "max_height": 0.0022500753402709961, "mean_height": 5.3655534429708496e-05, "std_height": 0.00051332364091649652, "count_pixels": 42, "percent_cover": 0.23065517052007251, "percent_above_0.1m": 0.0, "low_level_<0.5": 0.0, "mid_level_0.5-2": 0.0, "tall_2+": 0.0 }, "geometry": { "type": "Point", "coordinates": [ 0.014376407511567, 51.523141285247355 ] } },
{ "type": "Feature", "properties": { "max_height": 6.1232504844665527, "mean_height": 0.49403581023216248, "std_height": 1.3691939115524292, "count_pixels": 42, "percent_cover": 0.23065517052007251, "percent_above_0.1m": 21.428571428571427, "low_level_<0.5": 4.7619047619047619, "mid_level_0.5-2": 7.1428571428571423, "tall_2+": 9.5238095238095237 }, "geometry": { "type": "Point", "coordinates": [ 0.014576000648675, 51.523137853936532 ] } },
{ "type": "Feature", "properties": { "max_height": 9.7709999084472656, "mean_height": 3.8155183792114258, "std_height": 3.4618391990661621, "count_pixels": 42, "percent_cover": 0.23065517052007251, "percent_above_0.1m": 85.714285714285708, "low_level_<0.5": 7.1428571428571423, "mid_level_0.5-2": 16.666666666666664, "tall_2+": 61.904761904761905 }, "geometry": { "type": "Point", "coordinates": [ 0.014775593747114, 51.523134422286248 ] } },
{ "type": "Feature", "properties": { "max_height": 1.8120002746582031, "mean_height": 0.26717272400856018, "std_height": 0.46695676445960999, "count_pixels": 42, "percent_cover": 0.23065517052007251, "percent_above_0.1m": 47.619047619047613, "low_level_<0.5": 19.047619047619047, "mid_level_0.5-2": 16.666666666666664, "tall_2+": 0.0 }, "geometry": { "type": "Point", "coordinates": [ 0.014975186796979, 51.523130990289928 ] } },
{ "type": "Feature", "properties": { "max_height": 6.8002500534057617, "mean_height": 1.7611098289489746, "std_height": 1.9799591302871704, "count_pixels": 41, "percent_cover": 0.22516338074578504, "percent_above_0.1m": 78.048780487804876, "low_level_<0.5": 17.073170731707318, "mid_level_0.5-2": 24.390243902439025, "tall_2+": 34.146341463414636 }, "geometry": { "type": "Point", "coordinates": [ 0.015174779446098, 51.523127557315838 ] } },
{ "type": "Feature", "properties": { "max_height": 0.0010000467300415039, "mean_height": -0.00010970016592182219, "std_height": 0.0010535098845139146, "count_pixels": 41, "percent_cover": 0.22516338074578504, "percent_above_0.1m": 0.0, "low_level_<0.5": 0.0, "mid_level_0.5-2": 0.0, "tall_2+": 0.0 }, "geometry": { "type": "Point", "coordinates": [ 0.015374371697948, 51.523124123398581 ] } },
{ "type": "Feature", "properties": { "max_height": 17.729751586914062, "mean_height": 5.1786904335021973, "std_height": 5.6379318237304688, "count_pixels": 42, "percent_cover": 0.23065517052007251, "percent_above_0.1m": 73.80952380952381, "low_level_<0.5": 16.666666666666664, "mid_level_0.5-2": 9.5238095238095237, "tall_2+": 47.619047619047613 }, "geometry": { "type": "Point", "coordinates": [ 0.012285431404649, 51.523285126713368 ] } },
{ "type": "Feature", "properties": { "max_height": 15.494251251220703, "mean_height": 5.2938637733459473, "std_height": 4.3196039199829102, "count_pixels": 42, "percent_cover": 0.23065517052007251, "percent_above_0.1m": 69.047619047619051, "low_level_<0.5": 2.3809523809523809, "mid_level_0.5-2": 0.0, "tall_2+": 66.666666666666657 }, "geometry": { "type": "Point", "coordinates": [ 0.012485025405397, 51.523281698954264 ] } },
{ "type": "Feature", "properties": { "max_height": 7.0645003318786621, "mean_height": 0.98016685247421265, "std_height": 1.6768680810928345, "count_pixels": 42, "percent_cover": 0.23065517052007251, "percent_above_0.1m": 40.476190476190474, "low_level_<0.5": 0.0, "mid_level_0.5-2": 14.285714285714285, "tall_2+": 21.428571428571427 }, "geometry": { "type": "Point", "coordinates": [ 0.012684619367515, 51.523278270855663 ] } },
{ "type": "Feature", "properties": { "max_height": 0.00025010108947753906, "mean_height": -7.7304386650212109e-05, "std_height": 0.0002147054037777707, "count_pixels": 42, "percent_cover": 0.23065517052007251, "percent_above_0.1m": 0.0, "low_level_<0.5": 0.0, "mid_level_0.5-2": 0.0, "tall_2+": 0.0 }, "geometry": { "type": "Point", "coordinates": [ 0.012884213291007, 51.523274842417578 ] } },
{ "type": "Feature", "properties": { "max_height": 0.00075006484985351562, "mean_height": -1.774515476427041e-05, "std_height": 0.00025815493427217007, "count_pixels": 42, "percent_cover": 0.23065517052007251, "percent_above_0.1m": 0.0, "low_level_<0.5": 0.0, "mid_level_0.5-2": 0.0, "tall_2+": 0.0 }, "geometry": { "type": "Point", "coordinates": [ 0.013083807175863, 51.523271413640046 ] } },
{ "type": "Feature", "properties": { "max_height": 0.00075006484985351562, "mean_height": 3.4975451853824779e-05, "std_height": 0.00023858272470533848, "count_pixels": 43, "percent_cover": 0.23614696029435994, "percent_above_0.1m": 0.0, "low_level_<0.5": 0.0, "mid_level_0.5-2": 0.0, "tall_2+": 0.0 }, "geometry": { "type": "Point", "coordinates": [ 0.013283401022081, 51.523267984523031 ] } },
{ "type": "Feature", "properties": { "max_height": 0.0010001659393310547, "mean_height": 0.0001013137080008164, "std_height": 0.00033654659637250006, "count_pixels": 42, "percent_cover": 0.23065517052007251, "percent_above_0.1m": 0.0, "low_level_<0.5": 0.0, "mid_level_0.5-2": 0.0, "tall_2+": 0.0 }, "geometry": { "type": "Point", "coordinates": [ 0.01348299482966, 51.523264555066532 ] } },
{ "type": "Feature", "properties": { "max_height": 0.0017502307891845703, "mean_height": 4.1771501855691895e-05, "std_height": 0.00036153121618553996, "count_pixels": 42, "percent_cover": 0.23065517052007251, "percent_above_0.1m": 0.0, "low_level_<0.5": 0.0, "mid_level_0.5-2": 0.0, "tall_2+": 0.0 }, "geometry": { "type": "Point", "coordinates": [ 0.013682588598589, 51.523261125270558 ] } },
{ "type": "Feature", "properties": { "max_height": 0.0020000934600830078, "mean_height": 7.938757335068658e-05, "std_height": 0.00042569247307255864, "count_pixels": 41, "percent_cover": 0.22516338074578504, "percent_above_0.1m": 0.0, "low_level_<0.5": 0.0, "mid_level_0.5-2": 0.0, "tall_2+": 0.0 }, "geometry": { "type": "Point", "coordinates": [ 0.013882182328869, 51.523257695135115 ] } },
{ "type": "Feature", "properties": { "max_height": 0.001250147819519043, "mean_height": -2.3711294488748536e-05, "std_height": 0.00054503133287653327, "count_pixels": 42, "percent_cover": 0.23065517052007251, "percent_above_0.1m": 0.0, "low_level_<0.5": 0.0, "mid_level_0.5-2": 0.0, "tall_2+": 0.0 }, "geometry": { "type": "Point", "coordinates": [ 0.0140817760205, 51.523254264660196 ] } },
{ "type": "Feature", "properties": { "max_height": 0.0034999847412109375, "mean_height": 3.9564936741953716e-05, "std_height": 0.00066768086981028318, "count_pixels": 38, "percent_cover": 0.20868801142292273, "percent_above_0.1m": 0.0, "low_level_<0.5": 0.0, "mid_level_0.5-2": 0.0, "tall_2+": 0.0 }, "geometry": { "type": "Point", "coordinates": [ 0.014281369673472, 51.5232508338458 ] } },
{ "type": "Feature", "properties": { "max_height": 0.00050020217895507812, "mean_height": -1.179888113256311e-05, "std_height": 0.00026136520318686962, "count_pixels": 42, "percent_cover": 0.23065517052007251, "percent_above_0.1m": 0.0, "low_level_<0.5": 0.0, "mid_level_0.5-2": 0.0, "tall_2+": 0.0 }, "geometry": { "type": "Point", "coordinates": [ 0.014480963287781, 51.523247402691929 ] } },
{ "type": "Feature", "properties": { "max_height": 9.587000846862793, "mean_height": 2.7040855884552002, "std_height": 2.3076400756835938, "count_pixels": 41, "percent_cover": 0.22516338074578504, "percent_above_0.1m": 85.365853658536579, "low_level_<0.5": 2.4390243902439024, "mid_level_0.5-2": 26.829268292682929, "tall_2+": 56.09756097560976 }, "geometry": { "type": "Point", "coordinates": [ 0.014680556863428, 51.523243971198582 ] } },
{ "type": "Feature", "properties": { "max_height": 2.2795000076293945, "mean_height": 0.14408938586711884, "std_height": 0.41908517479896545, "count_pixels": 42, "percent_cover": 0.23065517052007251, "percent_above_0.1m": 19.047619047619047, "low_level_<0.5": 7.1428571428571423, "mid_level_0.5-2": 7.1428571428571423, "tall_2+": 2.3809523809523809 }, "geometry": { "type": "Point", "coordinates": [ 0.014880150400405, 51.523240539365773 ] } },
{ "type": "Feature", "properties": { "max_height": 2.1685001850128174, "mean_height": 0.43201795220375061, "std_height": 0.63244706392288208, "count_pixels": 42, "percent_cover": 0.23065517052007251, "percent_above_0.1m": 54.761904761904766, "low_level_<0.5": 21.428571428571427, "mid_level_0.5-2": 21.428571428571427, "tall_2+": 4.7619047619047619 }, "geometry": { "type": "Point", "coordinates": [ 0.015079743720986, 51.523237107009834 ] } },
{ "type": "Feature", "properties": { "max_height": 3.9690001010894775, "mean_height": 0.77143025398254395, "std_height": 1.0534402132034302, "count_pixels": 43, "percent_cover": 0.23614696029435994, "percent_above_0.1m": 67.441860465116278, "low_level_<0.5": 30.232558139534881, "mid_level_0.5-2": 20.930232558139537, "tall_2+": 13.953488372093023 }, "geometry": { "type": "Point", "coordinates": [ 0.015279336598022, 51.523233673367422 ] } },
{ "type": "Feature", "properties": { "max_height": 6.5307502746582031, "mean_height": 0.73549413681030273, "std_height": 1.3720200061798096, "count_pixels": 42, "percent_cover": 0.23065517052007251, "percent_above_0.1m": 35.714285714285715, "low_level_<0.5": 4.7619047619047619, "mid_level_0.5-2": 16.666666666666664, "tall_2+": 14.285714285714285 }, "geometry": { "type": "Point", "coordinates": [ 0.015478929292341, 51.523230239259568 ] } },
{ "type": "Feature", "properties": { "max_height": 1.1390001773834229, "mean_height": 0.032952427864074707, "std_height": 0.17517636716365814, "count_pixels": 42, "percent_cover": 0.23065517052007251, "percent_above_0.1m": 4.7619047619047619, "low_level_<0.5": 2.3809523809523809, "mid_level_0.5-2": 2.3809523809523809, "tall_2+": 0.0 }, "geometry": { "type": "Point", "coordinates": [ 0.015678521947729, 51.523226804812758 ] } },
{ "type": "Feature", "properties": { "max_height": 17.539751052856445, "mean_height": 6.3780951499938965, "std_height": 4.5778579711914062, "count_pixels": 42, "percent_cover": 0.23065517052007251, "percent_above_0.1m": 95.238095238095227, "low_level_<0.5": 2.3809523809523809, "mid_level_0.5-2": 19.047619047619047, "tall_2+": 73.80952380952381 }, "geometry": { "type": "Point", "coordinates": [ 0.012389982833987, 51.523391246065728 ] } },
{ "type": "Feature", "properties": { "max_height": 8.7652511596679688, "mean_height": 2.441091775894165, "std_height": 2.793576717376709, "count_pixels": 41, "percent_cover": 0.22516338074578504, "percent_above_0.1m": 56.09756097560976, "low_level_<0.5": 2.4390243902439024, "mid_level_0.5-2": 7.3170731707317067, "tall_2+": 46.341463414634148 }, "geometry": { "type": "Point", "coordinates": [ 0.012589577273297, 51.523387818124093 ] } },
{ "type": "Feature", "properties": { "max_height": 0.00050020217895507812, "mean_height": -8.3230792370159179e-05, "std_height": 0.00031655278871767223, "count_pixels": 42, "percent_cover": 0.23065517052007251, "percent_above_0.1m": 0.0, "low_level_<0.5": 0.0, "mid_level_0.5-2": 0.0, "tall_2+": 0.0 }, "geometry": { "type": "Point", "coordinates": [ 0.012789171673983, 51.523384389842974 ] } },
{ "type": "Feature", "properties": { "max_height": 0.00075006484985351562, "mean_height": -6.5703141444828361e-05, "std_height": 0.00025445190840400755, "count_pixels": 38, "percent_cover": 0.20868801142292273, "percent_above_0.1m": 0.0, "low_level_<0.5": 0.0, "mid_level_0.5-2": 0.0, "tall_2+": 0.0 }, "geometry": { "type": "Point", "coordinates": [ 0.012988766036034, 51.523380961222401 ] } },
{ "type": "Feature", "properties": { "max_height": 0.00075006484985351562, "mean_height": 6.1046783230267465e-05, "std_height": 0.00034381222212687135, "count_pixels": 41, "percent_cover": 0.22516338074578504, "percent_above_0.1m": 0.0, "low_level_<0.5": 0.0, "mid_level_0.5-2": 0.0, "tall_2+": 0.0 }, "geometry": { "type": "Point", "coordinates": [ 0.013188360359446, 51.52337753226233 ] } },
{ "type": "Feature", "properties": { "max_height": 0.0010001659393310547, "mean_height": 6.1930677475174889e-06, "std_height": 0.0003098626621067524, "count_pixels": 41, "percent_cover": 0.22516338074578504, "percent_above_0.1m": 0.0, "low_level_<0.5": 0.0, "mid_level_0.5-2": 0.0, "tall_2+": 0.0 }, "geometry": { "type": "Point", "coordinates": [ 0.013387954644225, 51.523374102962791 ] } },
{ "type": "Feature", "properties": { "max_height": 0.0010001659393310547, "mean_height": -4.7502064262516797e-05, "std_height": 0.00041990514728240669, "count_pixels": 42, "percent_cover": 0.23065517052007251, "percent_above_0.1m": 0.0, "low_level_<0.5": 0.0, "mid_level_0.5-2": 0.0, "tall_2+": 0.0 }, "geometry": { "type": "Point", "coordinates": [ 0.013587548890353, 51.523370673323775 ] } },
{ "type": "Feature", "properties": { "max_height": 0.0030002593994140625, "mean_height": 0.00017272291006520391, "std_height": 0.00060378445778042078, "count_pixels": 42, "percent_cover": 0.23065517052007251, "percent_above_0.1m": 0.0, "low_level_<0.5": 0.0, "mid_level_0.5-2": 0.0, "tall_2+": 0.0 }, "geometry": { "type": "Point", "coordinates": [ 0.013787143097836, 51.523367243345284 ] } },
{ "type": "Feature", "properties": { "max_height": 0.88525009155273438, "mean_height": 0.024226302281022072, "std_height": 0.1358828991651535, "count_pixels": 42, "percent_cover": 0.23065517052007251, "percent_above_0.1m": 4.7619047619047619, "low_level_<0.5": 0.0, "mid_level_0.5-2": 2.3809523809523809, "tall_2+": 0.0 }, "geometry": { "type": "Point", "coordinates": [ 0.013986737266666, 51.523363813027331 ] } },
{ "type": "Feature", "properties": { "max_height": 3.1522502899169922, "mean_height": 0.26110729575157166, "std_height": 0.77729392051696777, "count_pixels": 42, "percent_cover": 0.23065517052007251, "percent_above_0.1m": 14.285714285714285, "low_level_<0.5": 4.7619047619047619, "mid_level_0.5-2": 2.3809523809523809, "tall_2+": 7.1428571428571423 }, "geometry": { "type": "Point", "coordinates": [ 0.01418633139684, 51.52336038236988 ] } },
{ "type": "Feature", "properties": { "max_height": 7.1575007438659668, "mean_height": 0.8051488995552063, "std_height": 1.7709319591522217, "count_pixels": 42, "percent_cover": 0.23065517052007251, "percent_above_0.1m": 28.571428571428569, "low_level_<0.5": 0.0, "mid_level_0.5-2": 11.904761904761903, "tall_2+": 14.285714285714285 }, "geometry": { "type": "Point", "coordinates": [ 0.014385925488359, 51.523356951372968 ] } },
{ "type": "Feature", "properties": { "max_height": 14.247751235961914, "mean_height": 2.5123274326324463, "std_height": 3.1218419075012207, "count_pixels": 42, "percent_cover": 0.23065517052007251, "percent_above_0.1m": 80.952380952380949, "low_level_<0.5": 9.5238095238095237, "mid_level_0.5-2": 30.952380952380953, "tall_2+": 40.476190476190474 }, "geometry": { "type": "Point", "coordinates": [ 0.014585519541213, 51.523353520036565 ] } },
{ "type": "Feature", "properties": { "max_height": 2.5875003337860107, "mean_height": 0.26491081714630127, "std_height": 0.57354718446731567, "count_pixels": 42, "percent_cover": 0.23065517052007251, "percent_above_0.1m": 23.809523809523807, "low_level_<0.5": 4.7619047619047619, "mid_level_0.5-2": 16.666666666666664, "tall_2+": 2.3809523809523809 }, "geometry": { "type": "Point", "coordinates": [ 0.014785113555398, 51.523350088360722 ] } },
{ "type": "Feature", "properties": { "max_height": 5.9922504425048828, "mean_height": 1.7167798280715942, "std_height": 1.4792659282684326, "count_pixels": 42, "percent_cover": 0.23065517052007251, "percent_above_0.1m": 83.333333333333343, "low_level_<0.5": 2.3809523809523809, "mid_level_0.5-2": 42.857142857142854, "tall_2+": 35.714285714285715 }, "geometry": { "type": "Point", "coordinates": [ 0.014984707506279, 51.52334665632543 ] } },
{ "type": "Feature", "properties": { "max_height": 1.2410000562667847, "mean_height": 0.16792690753936768, "std_height": 0.29686322808265686, "count_pixels": 41, "percent_cover": 0.22516338074578504, "percent_above_0.1m": 36.585365853658537, "low_level_<0.5": 12.195121951219512, "mid_level_0.5-2": 14.634146341463413, "tall_2+": 0.0 }, "geometry": { "type": "Point", "coordinates": [ 0.015184301055631, 51.52334322326999 ] } },
{ "type": "Feature", "properties": { "max_height": 2.5077502727508545, "mean_height": 0.15950007736682892, "std_height": 0.43591892719268799, "count_pixels": 41, "percent_cover": 0.22516338074578504, "percent_above_0.1m": 24.390243902439025, "low_level_<0.5": 9.7560975609756095, "mid_level_0.5-2": 4.8780487804878048, "tall_2+": 2.4390243902439024 }, "geometry": { "type": "Point", "coordinates": [ 0.015383894231363, 51.523339789310462 ] } },
{ "type": "Feature", "properties": { "max_height": 5.2920007705688477, "mean_height": 1.5431489944458008, "std_height": 1.8474076986312866, "count_pixels": 42, "percent_cover": 0.23065517052007251, "percent_above_0.1m": 50.0, "low_level_<0.5": 2.3809523809523809, "mid_level_0.5-2": 7.1428571428571423, "tall_2+": 40.476190476190474 }, "geometry": { "type": "Point", "coordinates": [ 0.015583487368152, 51.523336355011992 ] } },
{ "type": "Feature", "properties": { "max_height": 1.9462500810623169, "mean_height": 0.129796102643013, "std_height": 0.3902164101600647, "count_pixels": 38, "percent_cover": 0.20868801142292273, "percent_above_0.1m": 13.157894736842104, "low_level_<0.5": 2.6315789473684208, "mid_level_0.5-2": 10.526315789473683, "tall_2+": 0.0 }, "geometry": { "type": "Point", "coordinates": [ 0.015783080466, 51.523332920374571 ] } },
{ "type": "Feature", "properties": { "max_height": 17.631500244140625, "mean_height": 5.435945987701416, "std_height": 5.1205244064331055, "count_pixels": 42, "percent_cover": 0.23065517052007251, "percent_above_0.1m": 80.952380952380949, "low_level_<0.5": 4.7619047619047619, "mid_level_0.5-2": 14.285714285714285, "tall_2+": 61.904761904761905 }, "geometry": { "type": "Point", "coordinates": [ 0.012294939824022, 51.523500793102805 ] } },
{ "type": "Feature", "properties": { "max_height": 16.916250228881836, "mean_height": 6.3095302581787109, "std_height": 4.9937686920166016, "count_pixels": 42, "percent_cover": 0.23065517052007251, "percent_above_0.1m": 80.952380952380949, "low_level_<0.5": 2.3809523809523809, "mid_level_0.5-2": 4.7619047619047619, "tall_2+": 73.80952380952381 }, "geometry": { "type": "Point", "coordinates": [ 0.012494534740526, 51.523497365318129 ] } },
{ "type": "Feature", "properties": { "max_height": 6.7455000877380371, "mean_height": 0.72825610637664795, "std_height": 1.5434744358062744, "count_pixels": 42, "percent_cover": 0.23065517052007251, "percent_above_0.1m": 35.714285714285715, "low_level_<0.5": 4.7619047619047619, "mid_level_0.5-2": 16.666666666666664, "tall_2+": 11.904761904761903 }, "geometry": { "type": "Point", "coordinates": [ 0.012694129618409, 51.52349393719399 ] } },
{ "type": "Feature", "properties": { "max_height": 0.00050020217895507812, "mean_height": -3.5615194065030664e-05, "std_height": 0.00025919597828760743, "count_pixels": 42, "percent_cover": 0.23065517052007251, "percent_above_0.1m": 0.0, "low_level_<0.5": 0.0, "mid_level_0.5-2": 0.0, "tall_2+": 0.0 }, "geometry": { "type": "Point", "coordinates": [ 0.012893724457651, 51.523490508730369 ] } },
{ "type": "Feature", "properties": { "max_height": 0.0020000934600830078, "mean_height": 1.7955189832719043e-05, "std_height": 0.00053835572907701135, "count_pixels": 42, "percent_cover": 0.23065517052007251, "percent_above_0.1m": 0.0, "low_level_<0.5": 0.0, "mid_level_0.5-2": 0.0, "tall_2+": 0.0 }, "geometry": { "type": "Point", "coordinates": [ 0.013093319258268, 51.523487079927264 ] } },
{ "type": "Feature", "properties": { "max_height": 0.00075006484985351562, "mean_height": 5.2468720241449773e-05, "std_height": 0.00028813595417886972, "count_pixels": 43, "percent_cover": 0.23614696029435994, "percent_above_0.1m": 0.0, "low_level_<0.5": 0.0, "mid_level_0.5-2": 0.0, "tall_2+": 0.0 }, "geometry": { "type": "Point", "coordinates": [ 0.013292914020238, 51.523483650784677 ] } },
{ "type": "Feature", "properties": { "max_height": 0.0014998912811279297, "mean_height": 4.178569361101836e-05, "std_height": 0.00037363235605880618, "count_pixels": 42, "percent_cover": 0.23065517052007251, "percent_above_0.1m": 0.0, "low_level_<0.5": 0.0, "mid_level_0.5-2": 0.0, "tall_2+": 0.0 }, "geometry": { "type": "Point", "coordinates": [ 0.013492508743576, 51.523480221302641 ] } },
{ "type": "Feature", "properties": { "max_height": 8.0384998321533203, "mean_height": 2.5246729850769043, "std_height": 3.1199660301208496, "count_pixels": 42, "percent_cover": 0.23065517052007251, "percent_above_0.1m": 47.619047619047613, "low_level_<0.5": 2.3809523809523809, "mid_level_0.5-2": 2.3809523809523809, "tall_2+": 42.857142857142854 }, "geometry": { "type": "Point", "coordinates": [ 0.013692103428256, 51.523476791481102 ] } },
{ "type": "Feature", "properties": { "max_height": 7.3627505302429199, "mean_height": 3.0142748355865479, "std_height": 2.3483185768127441, "count_pixels": 41, "percent_cover": 0.22516338074578504, "percent_above_0.1m": 87.804878048780495, "low_level_<0.5": 7.3170731707317067, "mid_level_0.5-2": 14.634146341463413, "tall_2+": 63.414634146341463 }, "geometry": { "type": "Point", "coordinates": [ 0.013891698074294, 51.523473361320086 ] } },
{ "type": "Feature", "properties": { "max_height": 5.0717506408691406, "mean_height": 1.4698216915130615, "std_height": 1.3992900848388672, "count_pixels": 42, "percent_cover": 0.23065517052007251, "percent_above_0.1m": 78.571428571428569, "low_level_<0.5": 14.285714285714285, "mid_level_0.5-2": 28.571428571428569, "tall_2+": 35.714285714285715 }, "geometry": { "type": "Point", "coordinates": [ 0.014091292681676, 51.523469930819601 ] } },
{ "type": "Feature", "properties": { "max_height": 7.7662501335144043, "mean_height": 2.5221123695373535, "std_height": 2.6350843906402588, "count_pixels": 38, "percent_cover": 0.20868801142292273, "percent_above_0.1m": 71.05263157894737, "low_level_<0.5": 5.2631578947368416, "mid_level_0.5-2": 18.421052631578945, "tall_2+": 44.736842105263158 }, "geometry": { "type": "Point", "coordinates": [ 0.014290887250401, 51.523466499979648 ] } },
{ "type": "Feature", "properties": { "max_height": 9.6145000457763672, "mean_height": 2.2508633136749268, "std_height": 2.5768733024597168, "count_pixels": 42, "percent_cover": 0.23065517052007251, "percent_above_0.1m": 73.80952380952381, "low_level_<0.5": 7.1428571428571423, "mid_level_0.5-2": 30.952380952380953, "tall_2+": 35.714285714285715 }, "geometry": { "type": "Point", "coordinates": [ 0.01449048178046, 51.52346306880019 ] } },
{ "type": "Feature", "properties": { "max_height": 1.9855000972747803, "mean_height": 0.18695738911628723, "std_height": 0.49335664510726929, "count_pixels": 41, "percent_cover": 0.22516338074578504, "percent_above_0.1m": 17.073170731707318, "low_level_<0.5": 4.8780487804878048, "mid_level_0.5-2": 12.195121951219512, "tall_2+": 0.0 }, "geometry": { "type": "Point", "coordinates": [ 0.014690076271861, 51.523459637281277 ] } },
{ "type": "Feature", "properties": { "max_height": 2.1442503929138184, "mean_height": 0.35572037100791931, "std_height": 0.5860908031463623, "count_pixels": 42, "percent_cover": 0.23065517052007251, "percent_above_0.1m": 40.476190476190474, "low_level_<0.5": 7.1428571428571423, "mid_level_0.5-2": 23.809523809523807, "tall_2+": 4.7619047619047619 }, "geometry": { "type": "Point", "coordinates": [ 0.014889670724593, 51.523456205422889 ] } },
{ "type": "Feature", "properties": { "max_height": 4.3060007095336914, "mean_height": 0.49241679906845093, "std_height": 0.90637016296386719, "count_pixels": 42, "percent_cover": 0.23065517052007251, "percent_above_0.1m": 47.619047619047613, "low_level_<0.5": 9.5238095238095237, "mid_level_0.5-2": 23.809523809523807, "tall_2+": 9.5238095238095237 }, "geometry": { "type": "Point", "coordinates": [ 0.015089264943278, 51.52345277299149 ] } },
{ "type": "Feature", "properties": { "max_height": 0.85650002956390381, "mean_height": 0.02923845499753952, "std_height": 0.13549911975860596, "count_pixels": 43, "percent_cover": 0.23614696029435994, "percent_above_0.1m": 6.9767441860465116, "low_level_<0.5": 2.3255813953488373, "mid_level_0.5-2": 2.3255813953488373, "tall_2+": 0.0 }, "geometry": { "type": "Point", "coordinates": [ 0.015288858727923, 51.523449339295077 ] } },
{ "type": "Feature", "properties": { "max_height": 5.0597505569458008, "mean_height": 0.28718462586402893, "std_height": 0.8527715802192688, "count_pixels": 42, "percent_cover": 0.23065517052007251, "percent_above_0.1m": 26.190476190476193, "low_level_<0.5": 11.904761904761903, "mid_level_0.5-2": 7.1428571428571423, "tall_2+": 4.7619047619047619 }, "geometry": { "type": "Point", "coordinates": [ 0.015488452346123, 51.523445905144939 ] } },
{ "type": "Feature", "properties": { "max_height": 6.8935003280639648, "mean_height": 1.0580060482025146, "std_height": 1.7473932504653931, "count_pixels": 42, "percent_cover": 0.23065517052007251, "percent_above_0.1m": 42.857142857142854, "low_level_<0.5": 4.7619047619047619, "mid_level_0.5-2": 21.428571428571427, "tall_2+": 16.666666666666664 }, "geometry": { "type": "Point", "coordinates": [ 0.015688045925387, 51.523442470655844 ] } },
{ "type": "Feature", "properties": { "max_height": 20.734500885009766, "mean_height": 10.868614196777344, "std_height": 5.2973742485046387, "count_pixels": 42, "percent_cover": 0.23065517052007251, "percent_above_0.1m": 97.61904761904762, "low_level_<0.5": 2.3809523809523809, "mid_level_0.5-2": 2.3809523809523809, "tall_2+": 92.857142857142861 }, "geometry": { "type": "Point", "coordinates": [ 0.012399491769196, 51.523606912437813 ] } },
{ "type": "Feature", "properties": { "max_height": 20.738502502441406, "mean_height": 3.3646345138549805, "std_height": 5.6010041236877441, "count_pixels": 41, "percent_cover": 0.22516338074578504, "percent_above_0.1m": 51.219512195121951, "low_level_<0.5": 2.4390243902439024, "mid_level_0.5-2": 12.195121951219512, "tall_2+": 36.585365853658537 }, "geometry": { "type": "Point", "coordinates": [ 0.012599087124273, 51.523603484470627 ] } },
{ "type": "Feature", "properties": { "max_height": 0.67800021171569824, "mean_height": 0.029125083237886429, "std_height": 0.13112848997116089, "count_pixels": 42, "percent_cover": 0.23065517052007251, "percent_above_0.1m": 4.7619047619047619, "low_level_<0.5": 0.0, "mid_level_0.5-2": 4.7619047619047619, "tall_2+": 0.0 }, "geometry": { "type": "Point", "coordinates": [ 0.012798682440719, 51.523600056163971 ] } },
{ "type": "Feature", "properties": { "max_height": 0.00075006484985351562, "mean_height": 3.9558661228511482e-05, "std_height": 0.00019467913080006838, "count_pixels": 38, "percent_cover": 0.20868801142292273, "percent_above_0.1m": 0.0, "low_level_<0.5": 0.0, "mid_level_0.5-2": 0.0, "tall_2+": 0.0 }, "geometry": { "type": "Point", "coordinates": [ 0.012998277718533, 51.523596627517833 ] } },
{ "type": "Feature", "properties": { "max_height": 0.00050020217895507812, "mean_height": -4.8678095481591299e-05, "std_height": 0.0002984637685585767, "count_pixels": 41, "percent_cover": 0.22516338074578504, "percent_above_0.1m": 0.0, "low_level_<0.5": 0.0, "mid_level_0.5-2": 0.0, "tall_2+": 0.0 }, "geometry": { "type": "Point", "coordinates": [ 0.01319787295771, 51.523593198532211 ] } },
{ "type": "Feature", "properties": { "max_height": 0.00075006484985351562, "mean_height": 9.8856482111386867e-08, "std_height": 0.00028155167819932103, "count_pixels": 41, "percent_cover": 0.22516338074578504, "percent_above_0.1m": 0.0, "low_level_<0.5": 0.0, "mid_level_0.5-2": 0.0, "tall_2+": 0.0 }, "geometry": { "type": "Point", "coordinates": [ 0.013397468158246, 51.523589769207113 ] } },
{ "type": "Feature", "properties": { "max_height": 7.8597507476806641, "mean_height": 1.8865300416946411, "std_height": 2.708446741104126, "count_pixels": 42, "percent_cover": 0.23065517052007251, "percent_above_0.1m": 40.476190476190474, "low_level_<0.5": 2.3809523809523809, "mid_level_0.5-2": 2.3809523809523809, "tall_2+": 35.714285714285715 }, "geometry": { "type": "Point", "coordinates": [ 0.013597063320134, 51.523586339542526 ] } },
{ "type": "Feature", "properties": { "max_height": 9.2945003509521484, "mean_height": 5.5225958824157715, "std_height": 3.2612566947937012, "count_pixels": 42, "percent_cover": 0.23065517052007251, "percent_above_0.1m": 88.095238095238088, "low_level_<0.5": 2.3809523809523809, "mid_level_0.5-2": 11.904761904761903, "tall_2+": 73.80952380952381 }, "geometry": { "type": "Point", "coordinates": [ 0.01379665844338, 51.523582909538483 ] } },
{ "type": "Feature", "properties": { "max_height": 5.6205005645751953, "mean_height": 0.63541674613952637, "std_height": 1.3634916543960571, "count_pixels": 42, "percent_cover": 0.23065517052007251, "percent_above_0.1m": 23.809523809523807, "low_level_<0.5": 2.3809523809523809, "mid_level_0.5-2": 9.5238095238095237, "tall_2+": 11.904761904761903 }, "geometry": { "type": "Point", "coordinates": [ 0.013996253527968, 51.523579479194936 ] } },
{ "type": "Feature", "properties": { "max_height": 0.00075030326843261719, "mean_height": 1.0217939205858784e-07, "std_height": 0.00039344694232568145, "count_pixels": 42, "percent_cover": 0.23065517052007251, "percent_above_0.1m": 0.0, "low_level_<0.5": 0.0, "mid_level_0.5-2": 0.0, "tall_2+": 0.0 }, "geometry": { "type": "Point", "coordinates": [ 0.014195848573904, 51.523576048511934 ] } },
{ "type": "Feature", "properties": { "max_height": 7.82550048828125, "mean_height": 1.1378275156021118, "std_height": 2.2735753059387207, "count_pixels": 42, "percent_cover": 0.23065517052007251, "percent_above_0.1m": 30.952380952380953, "low_level_<0.5": 2.3809523809523809, "mid_level_0.5-2": 11.904761904761903, "tall_2+": 16.666666666666664 }, "geometry": { "type": "Point", "coordinates": [ 0.014395443581176, 51.523572617489435 ] } },
{ "type": "Feature", "properties": { "max_height": 16.673000335693359, "mean_height": 3.8717622756958008, "std_height": 4.4418330192565918, "count_pixels": 42, "percent_cover": 0.23065517052007251, "percent_above_0.1m": 92.857142857142861, "low_level_<0.5": 11.904761904761903, "mid_level_0.5-2": 19.047619047619047, "tall_2+": 59.523809523809526 }, "geometry": { "type": "Point", "coordinates": [ 0.014595038549793, 51.523569186127474 ] } },
{ "type": "Feature", "properties": { "max_height": 5.7477507591247559, "mean_height": 2.1152682304382324, "std_height": 2.3400626182556152, "count_pixels": 42, "percent_cover": 0.23065517052007251, "percent_above_0.1m": 61.904761904761905, "low_level_<0.5": 7.1428571428571423, "mid_level_0.5-2": 7.1428571428571423, "tall_2+": 42.857142857142854 }, "geometry": { "type": "Point", "coordinates": [ 0.014794633479732, 51.523565754426038 ] } },
{ "type": "Feature", "properties": { "max_height": 5.5642509460449219, "mean_height": 1.0516607761383057, "std_height": 1.8460693359375, "count_pixels": 42, "percent_cover": 0.23065517052007251, "percent_above_0.1m": 40.476190476190474, "low_level_<0.5": 11.904761904761903, "mid_level_0.5-2": 9.5238095238095237, "tall_2+": 19.047619047619047 }, "geometry": { "type": "Point", "coordinates": [ 0.014994228332009, 51.523562322351452 ] } },
{ "type": "Feature", "properties": { "max_height": 3.4675002098083496, "mean_height": 0.32656106352806091, "std_height": 0.73350483179092407, "count_pixels": 41, "percent_cover": 0.22516338074578504, "percent_above_0.1m": 26.829268292682929, "low_level_<0.5": 7.3170731707317067, "mid_level_0.5-2": 12.195121951219512, "tall_2+": 4.8780487804878048 }, "geometry": { "type": "Point", "coordinates": [ 0.015193822782014, 51.523558889213419 ] } },
{ "type": "Feature", "properties": { "max_height": 0.78400015830993652, "mean_height": 0.11493909358978271, "std_height": 0.19291971623897552, "count_pixels": 41, "percent_cover": 0.22516338074578504, "percent_above_0.1m": 31.707317073170731, "low_level_<0.5": 17.073170731707318, "mid_level_0.5-2": 7.3170731707317067, "tall_2+": 0.0 }, "geometry": { "type": "Point", "coordinates": [ 0.015393416881636, 51.523555455211593 ] } },
{ "type": "Feature", "properties": { "max_height": 6.2592506408691406, "mean_height": 0.34697034955024719, "std_height": 1.3357282876968384, "count_pixels": 42, "percent_cover": 0.23065517052007251, "percent_above_0.1m": 11.904761904761903, "low_level_<0.5": 2.3809523809523809, "mid_level_0.5-2": 4.7619047619047619, "tall_2+": 4.7619047619047619 }, "geometry": { "type": "Point", "coordinates": [ 0.015593010942314, 51.523552020870831 ] } },
{ "type": "Feature", "properties": { "max_height": 6.5260000228881836, "mean_height": 0.62190794944763184, "std_height": 1.7232763767242432, "count_pixels": 38, "percent_cover": 0.20868801142292273, "percent_above_0.1m": 15.789473684210526, "low_level_<0.5": 2.6315789473684208, "mid_level_0.5-2": 2.6315789473684208, "tall_2+": 10.526315789473683 }, "geometry": { "type": "Point", "coordinates": [ 0.015792604964047, 51.523548586191126 ] } },
{ "type": "Feature", "properties": { "max_height": 21.742250442504883, "mean_height": 14.95703125, "std_height": 4.5775866508483887, "count_pixels": 42, "percent_cover": 0.23065517052007251, "percent_above_0.1m": 100.0, "low_level_<0.5": 0.0, "mid_level_0.5-2": 0.0, "tall_2+": 100.0 }, "geometry": { "type": "Point", "coordinates": [ 0.012504044191579, 51.523713031672877 ] } },
{ "type": "Feature", "properties": { "max_height": 15.074250221252441, "mean_height": 4.0862026214599609, "std_height": 3.7401905059814453, "count_pixels": 42, "percent_cover": 0.23065517052007251, "percent_above_0.1m": 83.333333333333343, "low_level_<0.5": 14.285714285714285, "mid_level_0.5-2": 4.7619047619047619, "tall_2+": 64.285714285714292 }, "geometry": { "type": "Point", "coordinates": [ 0.012703639985227, 51.523709603523187 ] } },
{ "type": "Feature", "properties": { "max_height": 0.67425012588500977, "mean_height": 0.031696535646915436, "std_height": 0.14170823991298676, "count_pixels": 42, "percent_cover": 0.23065517052007251, "percent_above_0.1m": 4.7619047619047619, "low_level_<0.5": 0.0, "mid_level_0.5-2": 4.7619047619047619, "tall_2+": 0.0 }, "geometry": { "type": "Point", "coordinates": [ 0.012903235740243, 51.523706175034008 ] } },
{ "type": "Feature", "properties": { "max_height": 0.29350018501281738, "mean_height": 0.018119188025593758, "std_height": 0.066101618111133575, "count_pixels": 42, "percent_cover": 0.23065517052007251, "percent_above_0.1m": 7.1428571428571423, "low_level_<0.5": 7.1428571428571423, "mid_level_0.5-2": 0.0, "tall_2+": 0.0 }, "geometry": { "type": "Point", "coordinates": [ 0.013102831456624, 51.523702746205352 ] } },
{ "type": "Feature", "properties": { "max_height": 0.00050020217895507812, "mean_height": 7.5700671004597098e-05, "std_height": 0.00029795675072818995, "count_pixels": 43, "percent_cover": 0.23614696029435994, "percent_above_0.1m": 0.0, "low_level_<0.5": 0.0, "mid_level_0.5-2": 0.0, "tall_2+": 0.0 }, "geometry": { "type": "Point", "coordinates": [ 0.013302427134367, 51.52369931703722 ] } },
{ "type": "Feature", "properties": { "max_height": 6.3352508544921875, "mean_height": 0.89288103580474854, "std_height": 1.7876228094100952, "count_pixels": 42, "percent_cover": 0.23065517052007251, "percent_above_0.1m": 23.809523809523807, "low_level_<0.5": 0.0, "mid_level_0.5-2": 4.7619047619047619, "tall_2+": 19.047619047619047 }, "geometry": { "type": "Point", "coordinates": [ 0.013502022773465, 51.523695887529605 ] } },
{ "type": "Feature", "properties": { "max_height": 6.6975002288818359, "mean_height": 1.5633156299591064, "std_height": 2.2285103797912598, "count_pixels": 42, "percent_cover": 0.23065517052007251, "percent_above_0.1m": 47.619047619047613, "low_level_<0.5": 4.7619047619047619, "mid_level_0.5-2": 9.5238095238095237, "tall_2+": 30.952380952380953 }, "geometry": { "type": "Point", "coordinates": [ 0.013701618373916, 51.5236924576825 ] } },
{ "type": "Feature", "properties": { "max_height": 7.0422511100769043, "mean_height": 0.35260987281799316, "std_height": 1.2536702156066895, "count_pixels": 41, "percent_cover": 0.22516338074578504, "percent_above_0.1m": 14.634146341463413, "low_level_<0.5": 4.8780487804878048, "mid_level_0.5-2": 2.4390243902439024, "tall_2+": 7.3170731707317067 }, "geometry": { "type": "Point", "coordinates": [ 0.013901213935718, 51.523689027495926 ] } },
{ "type": "Feature", "properties": { "max_height": 6.880000114440918, "mean_height": 0.44341081380844116, "std_height": 1.337903618812561, "count_pixels": 42, "percent_cover": 0.23065517052007251, "percent_above_0.1m": 16.666666666666664, "low_level_<0.5": 0.0, "mid_level_0.5-2": 7.1428571428571423, "tall_2+": 9.5238095238095237 }, "geometry": { "type": "Point", "coordinates": [ 0.014100809458863, 51.523685596969877 ] } },
{ "type": "Feature", "properties": { "max_height": 0.017750024795532227, "mean_height": 0.00094089069170877337, "std_height": 0.0032385378144681454, "count_pixels": 38, "percent_cover": 0.20868801142292273, "percent_above_0.1m": 0.0, "low_level_<0.5": 0.0, "mid_level_0.5-2": 0.0, "tall_2+": 0.0 }, "geometry": { "type": "Point", "coordinates": [ 0.014300404943354, 51.523682166104336 ] } },
{ "type": "Feature", "properties": { "max_height": 6.7707500457763672, "mean_height": 0.34727391600608826, "std_height": 1.312218189239502, "count_pixels": 42, "percent_cover": 0.23065517052007251, "percent_above_0.1m": 9.5238095238095237, "low_level_<0.5": 2.3809523809523809, "mid_level_0.5-2": 0.0, "tall_2+": 7.1428571428571423 }, "geometry": { "type": "Point", "coordinates": [ 0.014500000389181, 51.523678734899313 ] } },
{ "type": "Feature", "properties": { "max_height": 14.668501853942871, "mean_height": 2.1136283874511719, "std_height": 3.2484626770019531, "count_pixels": 41, "percent_cover": 0.22516338074578504, "percent_above_0.1m": 75.609756097560975, "low_level_<0.5": 19.512195121951219, "mid_level_0.5-2": 19.512195121951219, "tall_2+": 31.707317073170731 }, "geometry": { "type": "Point", "coordinates": [ 0.014699595796342, 51.523675303354821 ] } },
{ "type": "Feature", "properties": { "max_height": 5.6782503128051758, "mean_height": 2.1138334274291992, "std_height": 2.2222166061401367, "count_pixels": 42, "percent_cover": 0.23065517052007251, "percent_above_0.1m": 69.047619047619051, "low_level_<0.5": 9.5238095238095237, "mid_level_0.5-2": 19.047619047619047, "tall_2+": 40.476190476190474 }, "geometry": { "type": "Point", "coordinates": [ 0.014899191164832, 51.523671871470846 ] } },
{ "type": "Feature", "properties": { "max_height": 5.7207503318786621, "mean_height": 3.941166877746582, "std_height": 1.9818234443664551, "count_pixels": 42, "percent_cover": 0.23065517052007251, "percent_above_0.1m": 92.857142857142861, "low_level_<0.5": 4.7619047619047619, "mid_level_0.5-2": 9.5238095238095237, "tall_2+": 78.571428571428569 }, "geometry": { "type": "Point", "coordinates": [ 0.015098786282057, 51.523668438962758 ] } },
{ "type": "Feature", "properties": { "max_height": 4.9092502593994141, "mean_height": 0.3821570873260498, "std_height": 1.0184859037399292, "count_pixels": 43, "percent_cover": 0.23614696029435994, "percent_above_0.1m": 30.232558139534881, "low_level_<0.5": 11.627906976744185, "mid_level_0.5-2": 13.953488372093023, "tall_2+": 4.6511627906976747 }, "geometry": { "type": "Point", "coordinates": [ 0.015298380974682, 51.523665005211981 ] } },
{ "type": "Feature", "properties": { "max_height": 5.9375009536743164, "mean_height": 0.47138109803199768, "std_height": 1.3191801309585571, "count_pixels": 42, "percent_cover": 0.23065517052007251, "percent_above_0.1m": 23.809523809523807, "low_level_<0.5": 7.1428571428571423, "mid_level_0.5-2": 7.1428571428571423, "tall_2+": 7.1428571428571423 }, "geometry": { "type": "Point", "coordinates": [ 0.015497975516775, 51.523661571019566 ] } },
{ "type": "Feature", "properties": { "max_height": 9.1220016479492188, "mean_height": 1.2375119924545288, "std_height": 2.2093651294708252, "count_pixels": 42, "percent_cover": 0.23065517052007251, "percent_above_0.1m": 38.095238095238095, "low_level_<0.5": 2.3809523809523809, "mid_level_0.5-2": 14.285714285714285, "tall_2+": 21.428571428571427 }, "geometry": { "type": "Point", "coordinates": [ 0.015697570019935, 51.523658136488187 ] } },
{ "type": "Feature", "properties": { "max_height": 17.18549919128418, "mean_height": 6.9382143020629883, "std_height": 5.7116031646728516, "count_pixels": 42, "percent_cover": 0.23065517052007251, "percent_above_0.1m": 85.714285714285708, "low_level_<0.5": 4.7619047619047619, "mid_level_0.5-2": 9.5238095238095237, "tall_2+": 69.047619047619051 }, "geometry": { "type": "Point", "coordinates": [ 0.01240900082032, 51.523822578800768 ] } },
{ "type": "Feature", "properties": { "max_height": 13.28225040435791, "mean_height": 6.5329089164733887, "std_height": 3.6026163101196289, "count_pixels": 41, "percent_cover": 0.22516338074578504, "percent_above_0.1m": 87.804878048780495, "low_level_<0.5": 2.4390243902439024, "mid_level_0.5-2": 0.0, "tall_2+": 85.365853658536579 }, "geometry": { "type": "Point", "coordinates": [ 0.012608597091174, 51.523819150808038 ] } },
{ "type": "Feature", "properties": { "max_height": 8.6567497253417969, "mean_height": 1.8376728296279907, "std_height": 2.3851709365844727, "count_pixels": 42, "percent_cover": 0.23065517052007251, "percent_above_0.1m": 57.142857142857139, "low_level_<0.5": 4.7619047619047619, "mid_level_0.5-2": 16.666666666666664, "tall_2+": 35.714285714285715 }, "geometry": { "type": "Point", "coordinates": [ 0.012808193323394, 51.523815722475831 ] } },
{ "type": "Feature", "properties": { "max_height": 0.00075006484985351562, "mean_height": -7.8853809100110084e-05, "std_height": 0.00026966864243149757, "count_pixels": 38, "percent_cover": 0.20868801142292273, "percent_above_0.1m": 0.0, "low_level_<0.5": 0.0, "mid_level_0.5-2": 0.0, "tall_2+": 0.0 }, "geometry": { "type": "Point", "coordinates": [ 0.013007789516984, 51.523812293804127 ] } },
{ "type": "Feature", "properties": { "max_height": 0.0022501945495605469, "mean_height": 3.0607712687924504e-05, "std_height": 0.00042841059621423483, "count_pixels": 41, "percent_cover": 0.22516338074578504, "percent_above_0.1m": 0.0, "low_level_<0.5": 0.0, "mid_level_0.5-2": 0.0, "tall_2+": 0.0 }, "geometry": { "type": "Point", "coordinates": [ 0.013207385671933, 51.523808864792962 ] } },
{ "type": "Feature", "properties": { "max_height": 0.00050020217895507812, "mean_height": 5.4970019846223295e-05, "std_height": 0.00024393174680881202, "count_pixels": 41, "percent_cover": 0.22516338074578504, "percent_above_0.1m": 0.0, "low_level_<0.5": 0.0, "mid_level_0.5-2": 0.0, "tall_2+": 0.0 }, "geometry": { "type": "Point", "coordinates": [ 0.013406981788241, 51.523805435442291 ] } },
{ "type": "Feature", "properties": { "max_height": 9.6822500228881836, "mean_height": 5.2797861099243164, "std_height": 3.0266211032867432, "count_pixels": 42, "percent_cover": 0.23065517052007251, "percent_above_0.1m": 88.095238095238088, "low_level_<0.5": 2.3809523809523809, "mid_level_0.5-2": 4.7619047619047619, "tall_2+": 80.952380952380949 }, "geometry": { "type": "Point", "coordinates": [ 0.013606577865905, 51.523802005752167 ] } },
{ "type": "Feature", "properties": { "max_height": 0.0010004043579101562, "mean_height": 2.3935523131513037e-05, "std_height": 0.00037727624294348061, "count_pixels": 42, "percent_cover": 0.23065517052007251, "percent_above_0.1m": 0.0, "low_level_<0.5": 0.0, "mid_level_0.5-2": 0.0, "tall_2+": 0.0 }, "geometry": { "type": "Point", "coordinates": [ 0.013806173904917, 51.523798575722545 ] } },
{ "type": "Feature", "properties": { "max_height": 7.1719999313354492, "mean_height": 1.2215836048126221, "std_height": 2.1187334060668945, "count_pixels": 42, "percent_cover": 0.23065517052007251, "percent_above_0.1m": 35.714285714285715, "low_level_<0.5": 2.3809523809523809, "mid_level_0.5-2": 9.5238095238095237, "tall_2+": 23.809523809523807 }, "geometry": { "type": "Point", "coordinates": [ 0.014005769905283, 51.523795145353439 ] } },
{ "type": "Feature", "properties": { "max_height": 3.6337504386901855, "mean_height": 0.36489292979240417, "std_height": 0.94783282279968262, "count_pixels": 42, "percent_cover": 0.23065517052007251, "percent_above_0.1m": 21.428571428571427, "low_level_<0.5": 0.0, "mid_level_0.5-2": 7.1428571428571423, "tall_2+": 9.5238095238095237 }, "geometry": { "type": "Point", "coordinates": [ 0.014205365866984, 51.523791714644865 ] } },
{ "type": "Feature", "properties": { "max_height": 5.1572504043579102, "mean_height": 0.29645246267318726, "std_height": 1.0644348859786987, "count_pixels": 42, "percent_cover": 0.23065517052007251, "percent_above_0.1m": 11.904761904761903, "low_level_<0.5": 4.7619047619047619, "mid_level_0.5-2": 0.0, "tall_2+": 7.1428571428571423 }, "geometry": { "type": "Point", "coordinates": [ 0.014404961790028, 51.523788283596794 ] } },
{ "type": "Feature", "properties": { "max_height": 9.1765003204345703, "mean_height": 1.9541311264038086, "std_height": 2.7642719745635986, "count_pixels": 42, "percent_cover": 0.23065517052007251, "percent_above_0.1m": 50.0, "low_level_<0.5": 2.3809523809523809, "mid_level_0.5-2": 9.5238095238095237, "tall_2+": 35.714285714285715 }, "geometry": { "type": "Point", "coordinates": [ 0.014604557674411, 51.523784852209246 ] } },
{ "type": "Feature", "properties": { "max_height": 0.00075018405914306641, "mean_height": 6.5570784499868751e-05, "std_height": 0.00029409825219772756, "count_pixels": 42, "percent_cover": 0.23065517052007251, "percent_above_0.1m": 0.0, "low_level_<0.5": 0.0, "mid_level_0.5-2": 0.0, "tall_2+": 0.0 }, "geometry": { "type": "Point", "coordinates": [ 0.01480415352012, 51.523781420482223 ] } },
{ "type": "Feature", "properties": { "max_height": 1.0437501668930054, "mean_height": 0.057309620082378387, "std_height": 0.2105952650308609, "count_pixels": 42, "percent_cover": 0.23065517052007251, "percent_above_0.1m": 7.1428571428571423, "low_level_<0.5": 0.0, "mid_level_0.5-2": 7.1428571428571423, "tall_2+": 0.0 }, "geometry": { "type": "Point", "coordinates": [ 0.01500374927416, 51.523777988367968 ] } },
{ "type": "Feature", "properties": { "max_height": 3.5057501792907715, "mean_height": 0.67957937717437744, "std_height": 0.98355752229690552, "count_pixels": 41, "percent_cover": 0.22516338074578504, "percent_above_0.1m": 51.219512195121951, "low_level_<0.5": 9.7560975609756095, "mid_level_0.5-2": 21.951219512195124, "tall_2+": 14.634146341463413 }, "geometry": { "type": "Point", "coordinates": [ 0.015203344625257, 51.523774555146105 ] } },
{ "type": "Feature", "properties": { "max_height": 16.170501708984375, "mean_height": 3.2920002937316895, "std_height": 4.072845458984375, "count_pixels": 41, "percent_cover": 0.22516338074578504, "percent_above_0.1m": 85.365853658536579, "low_level_<0.5": 4.8780487804878048, "mid_level_0.5-2": 21.951219512195124, "tall_2+": 51.219512195121951 }, "geometry": { "type": "Point", "coordinates": [ 0.015402939648777, 51.523771121102001 ] } },
{ "type": "Feature", "properties": { "max_height": 17.890501022338867, "mean_height": 1.8468691110610962, "std_height": 4.6713376045227051, "count_pixels": 42, "percent_cover": 0.23065517052007251, "percent_above_0.1m": 47.619047619047613, "low_level_<0.5": 16.666666666666664, "mid_level_0.5-2": 9.5238095238095237, "tall_2+": 16.666666666666664 }, "geometry": { "type": "Point", "coordinates": [ 0.015602534633348, 51.523767686718955 ] } },
{ "type": "Feature", "properties": { "max_height": 5.0032505989074707, "mean_height": 0.34432905912399292, "std_height": 0.9223097562789917, "count_pixels": 38, "percent_cover": 0.20868801142292273, "percent_above_0.1m": 21.052631578947366, "low_level_<0.5": 5.2631578947368416, "mid_level_0.5-2": 10.526315789473683, "tall_2+": 5.2631578947368416 }, "geometry": { "type": "Point", "coordinates": [ 0.015802129578982, 51.523764251996965 ] } },
{ "type": "Feature", "properties": { "max_height": 15.854001998901367, "mean_height": 7.244809627532959, "std_height": 5.5698451995849609, "count_pixels": 42, "percent_cover": 0.23065517052007251, "percent_above_0.1m": 90.476190476190482, "low_level_<0.5": 4.7619047619047619, "mid_level_0.5-2": 14.285714285714285, "tall_2+": 71.428571428571431 }, "geometry": { "type": "Point", "coordinates": [ 0.012513553758554, 51.523928698018494 ] } },
{ "type": "Feature", "properties": { "max_height": 18.297500610351562, "mean_height": 6.7239823341369629, "std_height": 5.4521198272705078, "count_pixels": 42, "percent_cover": 0.23065517052007251, "percent_above_0.1m": 78.571428571428569, "low_level_<0.5": 2.3809523809523809, "mid_level_0.5-2": 9.5238095238095237, "tall_2+": 66.666666666666657 }, "geometry": { "type": "Point", "coordinates": [ 0.012713150467984, 51.523925269843275 ] } },
{ "type": "Feature", "properties": { "max_height": 1.3447501659393311, "mean_height": 0.089392930269241333, "std_height": 0.28046983480453491, "count_pixels": 42, "percent_cover": 0.23065517052007251, "percent_above_0.1m": 9.5238095238095237, "low_level_<0.5": 0.0, "mid_level_0.5-2": 9.5238095238095237, "tall_2+": 0.0 }, "geometry": { "type": "Point", "coordinates": [ 0.012912747138779, 51.52392184132853 ] } },
{ "type": "Feature", "properties": { "max_height": 6.8537502288818359, "mean_height": 1.0056430101394653, "std_height": 2.0898981094360352, "count_pixels": 42, "percent_cover": 0.23065517052007251, "percent_above_0.1m": 23.809523809523807, "low_level_<0.5": 2.3809523809523809, "mid_level_0.5-2": 2.3809523809523809, "tall_2+": 19.047619047619047 }, "geometry": { "type": "Point", "coordinates": [ 0.013112343770939, 51.523918412474323 ] } },
{ "type": "Feature", "properties": { "max_height": 7.4417505264282227, "mean_height": 3.1109657287597656, "std_height": 3.034571647644043, "count_pixels": 43, "percent_cover": 0.23614696029435994, "percent_above_0.1m": 58.139534883720934, "low_level_<0.5": 2.3255813953488373, "mid_level_0.5-2": 0.0, "tall_2+": 53.488372093023251 }, "geometry": { "type": "Point", "coordinates": [ 0.013311940364463, 51.523914983280612 ] } },
{ "type": "Feature", "properties": { "max_height": 9.2940006256103516, "mean_height": 4.2520003318786621, "std_height": 2.9076471328735352, "count_pixels": 42, "percent_cover": 0.23065517052007251, "percent_above_0.1m": 83.333333333333343, "low_level_<0.5": 2.3809523809523809, "mid_level_0.5-2": 9.5238095238095237, "tall_2+": 71.428571428571431 }, "geometry": { "type": "Point", "coordinates": [ 0.013511536919337, 51.523911553747439 ] } },
{ "type": "Feature", "properties": { "max_height": 9.6212501525878906, "mean_height": 4.1816129684448242, "std_height": 3.1759145259857178, "count_pixels": 42, "percent_cover": 0.23065517052007251, "percent_above_0.1m": 76.19047619047619, "low_level_<0.5": 0.0, "mid_level_0.5-2": 11.904761904761903, "tall_2+": 64.285714285714292 }, "geometry": { "type": "Point", "coordinates": [ 0.013711133435568, 51.523908123874783 ] } },
{ "type": "Feature", "properties": { "max_height": 12.297750473022461, "mean_height": 3.6680183410644531, "std_height": 4.1052999496459961, "count_pixels": 41, "percent_cover": 0.22516338074578504, "percent_above_0.1m": 58.536585365853654, "low_level_<0.5": 0.0, "mid_level_0.5-2": 9.7560975609756095, "tall_2+": 48.780487804878049 }, "geometry": { "type": "Point", "coordinates": [ 0.013910729913143, 51.523904693662637 ] } },
{ "type": "Feature", "properties": { "max_height": 11.829001426696777, "mean_height": 2.8543097972869873, "std_height": 3.8457474708557129, "count_pixels": 42, "percent_cover": 0.23065517052007251, "percent_above_0.1m": 54.761904761904766, "low_level_<0.5": 7.1428571428571423, "mid_level_0.5-2": 11.904761904761903, "tall_2+": 35.714285714285715 }, "geometry": { "type": "Point", "coordinates": [ 0.014110326352066, 51.523901263111021 ] } },
{ "type": "Feature", "properties": { "max_height": 4.3307504653930664, "mean_height": 0.28651326894760132, "std_height": 0.88689219951629639, "count_pixels": 38, "percent_cover": 0.20868801142292273, "percent_above_0.1m": 15.789473684210526, "low_level_<0.5": 2.6315789473684208, "mid_level_0.5-2": 7.8947368421052628, "tall_2+": 5.2631578947368416 }, "geometry": { "type": "Point", "coordinates": [ 0.014309922752335, 51.523897832219916 ] } },
{ "type": "Feature", "properties": { "max_height": 11.919751167297363, "mean_height": 5.8171911239624023, "std_height": 3.5803751945495605, "count_pixels": 42, "percent_cover": 0.23065517052007251, "percent_above_0.1m": 95.238095238095227, "low_level_<0.5": 2.3809523809523809, "mid_level_0.5-2": 11.904761904761903, "tall_2+": 80.952380952380949 }, "geometry": { "type": "Point", "coordinates": [ 0.014509519113935, 51.523894400989313 ] } },
{ "type": "Feature", "properties": { "max_height": 2.7240002155303955, "mean_height": 0.33937203884124756, "std_height": 0.5973016619682312, "count_pixels": 41, "percent_cover": 0.22516338074578504, "percent_above_0.1m": 34.146341463414636, "low_level_<0.5": 7.3170731707317067, "mid_level_0.5-2": 24.390243902439025, "tall_2+": 2.4390243902439024 }, "geometry": { "type": "Point", "coordinates": [ 0.014709115436874, 51.523890969419242 ] } },
{ "type": "Feature", "properties": { "max_height": 1.1354999542236328, "mean_height": 0.068845316767692566, "std_height": 0.2551790177822113, "count_pixels": 42, "percent_cover": 0.23065517052007251, "percent_above_0.1m": 7.1428571428571423, "low_level_<0.5": 0.0, "mid_level_0.5-2": 7.1428571428571423, "tall_2+": 0.0 }, "geometry": { "type": "Point", "coordinates": [ 0.014908711721134, 51.523887537509687 ] } },
{ "type": "Feature", "properties": { "max_height": 0.00075006484985351562, "mean_height": 6.0257457334955689e-06, "std_height": 0.00030612098635174334, "count_pixels": 42, "percent_cover": 0.23065517052007251, "percent_above_0.1m": 0.0, "low_level_<0.5": 0.0, "mid_level_0.5-2": 0.0, "tall_2+": 0.0 }, "geometry": { "type": "Point", "coordinates": [ 0.01510830773732, 51.523884104923653 ] } },
{ "type": "Feature", "properties": { "max_height": 6.4587502479553223, "mean_height": 0.42497682571411133, "std_height": 1.2585223913192749, "count_pixels": 43, "percent_cover": 0.23614696029435994, "percent_above_0.1m": 27.906976744186046, "low_level_<0.5": 9.3023255813953494, "mid_level_0.5-2": 6.9767441860465116, "tall_2+": 6.9767441860465116 }, "geometry": { "type": "Point", "coordinates": [ 0.015307903338302, 51.523880671118171 ] } },
{ "type": "Feature", "properties": { "max_height": 4.9025001525878906, "mean_height": 0.81912505626678467, "std_height": 1.0539684295654297, "count_pixels": 42, "percent_cover": 0.23065517052007251, "percent_above_0.1m": 66.666666666666657, "low_level_<0.5": 11.904761904761903, "mid_level_0.5-2": 33.333333333333329, "tall_2+": 14.285714285714285 }, "geometry": { "type": "Point", "coordinates": [ 0.015507498804301, 51.52387723688345 ] } },
{ "type": "Feature", "properties": { "max_height": 0.61450004577636719, "mean_height": 0.058773893862962723, "std_height": 0.13262589275836945, "count_pixels": 42, "percent_cover": 0.23065517052007251, "percent_above_0.1m": 16.666666666666664, "low_level_<0.5": 11.904761904761903, "mid_level_0.5-2": 2.3809523809523809, "tall_2+": 0.0 }, "geometry": { "type": "Point", "coordinates": [ 0.015707094231359, 51.523873802309794 ] } },
{ "type": "Feature", "properties": { "max_height": 20.114252090454102, "mean_height": 10.281403541564941, "std_height": 4.7059741020202637, "count_pixels": 41, "percent_cover": 0.22516338074578504, "percent_above_0.1m": 100.0, "low_level_<0.5": 0.0, "mid_level_0.5-2": 4.8780487804878048, "tall_2+": 95.121951219512198 }, "geometry": { "type": "Point", "coordinates": [ 0.012618107174003, 51.524034817136318 ] } },
{ "type": "Feature", "properties": { "max_height": 15.034250259399414, "mean_height": 3.1312618255615234, "std_height": 3.9825756549835205, "count_pixels": 42, "percent_cover": 0.23065517052007251, "percent_above_0.1m": 57.142857142857139, "low_level_<0.5": 2.3809523809523809, "mid_level_0.5-2": 9.5238095238095237, "tall_2+": 45.238095238095241 }, "geometry": { "type": "Point", "coordinates": [ 0.012817704322008, 51.52403138877856 ] } },
{ "type": "Feature", "properties": { "max_height": 7.9180002212524414, "mean_height": 3.1513752937316895, "std_height": 2.6965904235839844, "count_pixels": 38, "percent_cover": 0.20868801142292273, "percent_above_0.1m": 89.473684210526315, "low_level_<0.5": 15.789473684210526, "mid_level_0.5-2": 15.789473684210526, "tall_2+": 57.894736842105267 }, "geometry": { "type": "Point", "coordinates": [ 0.013017301431387, 51.524027960081305 ] } },
{ "type": "Feature", "properties": { "max_height": 7.6582508087158203, "mean_height": 4.1358108520507812, "std_height": 2.6919319629669189, "count_pixels": 41, "percent_cover": 0.22516338074578504, "percent_above_0.1m": 90.243902439024396, "low_level_<0.5": 4.8780487804878048, "mid_level_0.5-2": 17.073170731707318, "tall_2+": 68.292682926829272 }, "geometry": { "type": "Point", "coordinates": [ 0.013216898502121, 51.524024531044567 ] } },
{ "type": "Feature", "properties": { "max_height": 8.5595006942749023, "mean_height": 3.9476344585418701, "std_height": 2.0886402130126953, "count_pixels": 41, "percent_cover": 0.22516338074578504, "percent_above_0.1m": 90.243902439024396, "low_level_<0.5": 0.0, "mid_level_0.5-2": 9.7560975609756095, "tall_2+": 80.487804878048792 }, "geometry": { "type": "Point", "coordinates": [ 0.013416495534213, 51.52402110166836 ] } },
{ "type": "Feature", "properties": { "max_height": 8.906001091003418, "mean_height": 6.0151314735412598, "std_height": 2.4861266613006592, "count_pixels": 42, "percent_cover": 0.23065517052007251, "percent_above_0.1m": 97.61904761904762, "low_level_<0.5": 0.0, "mid_level_0.5-2": 7.1428571428571423, "tall_2+": 90.476190476190482 }, "geometry": { "type": "Point", "coordinates": [ 0.013616092527659, 51.524017671952656 ] } },
{ "type": "Feature", "properties": { "max_height": 11.037250518798828, "mean_height": 2.6856131553649902, "std_height": 2.9924221038818359, "count_pixels": 42, "percent_cover": 0.23065517052007251, "percent_above_0.1m": 80.952380952380949, "low_level_<0.5": 16.666666666666664, "mid_level_0.5-2": 23.809523809523807, "tall_2+": 40.476190476190474 }, "geometry": { "type": "Point", "coordinates": [ 0.013815689482456, 51.524014241897461 ] } },
{ "type": "Feature", "properties": { "max_height": 8.8915004730224609, "mean_height": 2.4302859306335449, "std_height": 2.7071993350982666, "count_pixels": 42, "percent_cover": 0.23065517052007251, "percent_above_0.1m": 57.142857142857139, "low_level_<0.5": 4.7619047619047619, "mid_level_0.5-2": 7.1428571428571423, "tall_2+": 45.238095238095241 }, "geometry": { "type": "Point", "coordinates": [ 0.0140152863986, 51.524010811502784 ] } },
{ "type": "Feature", "properties": { "max_height": 6.9400005340576172, "mean_height": 1.0306966304779053, "std_height": 1.9726150035858154, "count_pixels": 42, "percent_cover": 0.23065517052007251, "percent_above_0.1m": 35.714285714285715, "low_level_<0.5": 4.7619047619047619, "mid_level_0.5-2": 11.904761904761903, "tall_2+": 19.047619047619047 }, "geometry": { "type": "Point", "coordinates": [ 0.014214883276087, 51.524007380768644 ] } },
{ "type": "Feature", "properties": { "max_height": 6.4430007934570312, "mean_height": 2.280226469039917, "std_height": 2.0607447624206543, "count_pixels": 42, "percent_cover": 0.23065517052007251, "percent_above_0.1m": 78.571428571428569, "low_level_<0.5": 9.5238095238095237, "mid_level_0.5-2": 14.285714285714285, "tall_2+": 52.380952380952387 }, "geometry": { "type": "Point", "coordinates": [ 0.014414480114913, 51.524003949695015 ] } },
{ "type": "Feature", "properties": { "max_height": 6.1964998245239258, "mean_height": 1.975994348526001, "std_height": 2.0844488143920898, "count_pixels": 42, "percent_cover": 0.23065517052007251, "percent_above_0.1m": 59.523809523809526, "low_level_<0.5": 2.3809523809523809, "mid_level_0.5-2": 16.666666666666664, "tall_2+": 40.476190476190474 }, "geometry": { "type": "Point", "coordinates": [ 0.014614076915077, 51.524000518281895 ] } },
{ "type": "Feature", "properties": { "max_height": 7.1472501754760742, "mean_height": 0.46195843815803528, "std_height": 1.2844216823577881, "count_pixels": 42, "percent_cover": 0.23065517052007251, "percent_above_0.1m": 19.047619047619047, "low_level_<0.5": 2.3809523809523809, "mid_level_0.5-2": 9.5238095238095237, "tall_2+": 7.1428571428571423 }, "geometry": { "type": "Point", "coordinates": [ 0.014813673676566, 51.523997086529292 ] } },
{ "type": "Feature", "properties": { "max_height": 12.829250335693359, "mean_height": 3.478363037109375, "std_height": 3.9464747905731201, "count_pixels": 42, "percent_cover": 0.23065517052007251, "percent_above_0.1m": 54.761904761904766, "low_level_<0.5": 0.0, "mid_level_0.5-2": 4.7619047619047619, "tall_2+": 50.0 }, "geometry": { "type": "Point", "coordinates": [ 0.015013270332741, 51.523993654375019 ] } },
{ "type": "Feature", "properties": { "max_height": 0.42000007629394531, "mean_height": 0.028993973508477211, "std_height": 0.082061409950256348, "count_pixels": 41, "percent_cover": 0.22516338074578504, "percent_above_0.1m": 9.7560975609756095, "low_level_<0.5": 9.7560975609756095, "mid_level_0.5-2": 0.0, "tall_2+": 0.0 }, "geometry": { "type": "Point", "coordinates": [ 0.015212866585354, 51.523990221068068 ] } },
{ "type": "Feature", "properties": { "max_height": 2.7670001983642578, "mean_height": 0.16931714117527008, "std_height": 0.5305715799331665, "count_pixels": 41, "percent_cover": 0.22516338074578504, "percent_above_0.1m": 12.195121951219512, "low_level_<0.5": 0.0, "mid_level_0.5-2": 9.7560975609756095, "tall_2+": 2.4390243902439024 }, "geometry": { "type": "Point", "coordinates": [ 0.01541246253278, 51.523986786981673 ] } },
{ "type": "Feature", "properties": { "max_height": 1.9230000972747803, "mean_height": 0.34800606966018677, "std_height": 0.5240854024887085, "count_pixels": 42, "percent_cover": 0.23065517052007251, "percent_above_0.1m": 42.857142857142854, "low_level_<0.5": 14.285714285714285, "mid_level_0.5-2": 28.571428571428569, "tall_2+": 0.0 }, "geometry": { "type": "Point", "coordinates": [ 0.015612058441264, 51.52398335255635 ] } },
{ "type": "Feature", "properties": { "max_height": 13.269499778747559, "mean_height": 4.8106012344360352, "std_height": 4.3033785820007324, "count_pixels": 42, "percent_cover": 0.23065517052007251, "percent_above_0.1m": 76.19047619047619, "low_level_<0.5": 2.3809523809523809, "mid_level_0.5-2": 4.7619047619047619, "tall_2+": 64.285714285714292 }, "geometry": { "type": "Point", "coordinates": [ 0.012722661066675, 51.524140936154211 ] } },
{ "type": "Feature", "properties": { "max_height": 12.576499938964844, "mean_height": 4.1506967544555664, "std_height": 3.8699545860290527, "count_pixels": 42, "percent_cover": 0.23065517052007251, "percent_above_0.1m": 73.80952380952381, "low_level_<0.5": 4.7619047619047619, "mid_level_0.5-2": 7.1428571428571423, "tall_2+": 61.904761904761905 }, "geometry": { "type": "Point", "coordinates": [ 0.012922258653266, 51.524137507613908 ] } },
{ "type": "Feature", "properties": { "max_height": 6.7102499008178711, "mean_height": 2.1814167499542236, "std_height": 2.1031558513641357, "count_pixels": 42, "percent_cover": 0.23065517052007251, "percent_above_0.1m": 76.19047619047619, "low_level_<0.5": 4.7619047619047619, "mid_level_0.5-2": 33.333333333333329, "tall_2+": 38.095238095238095 }, "geometry": { "type": "Point", "coordinates": [ 0.013121856201215, 51.52413407873415 ] } },
{ "type": "Feature", "properties": { "max_height": 2.9712502956390381, "mean_height": 0.075314044952392578, "std_height": 0.44867154955863953, "count_pixels": 43, "percent_cover": 0.23614696029435994, "percent_above_0.1m": 4.6511627906976747, "low_level_<0.5": 2.3255813953488373, "mid_level_0.5-2": 0.0, "tall_2+": 2.3255813953488373 }, "geometry": { "type": "Point", "coordinates": [ 0.013321453710527, 51.524130649514888 ] } },
{ "type": "Feature", "properties": { "max_height": 3.4870004653930664, "mean_height": 0.092351265251636505, "std_height": 0.53342044353485107, "count_pixels": 42, "percent_cover": 0.23065517052007251, "percent_above_0.1m": 4.7619047619047619, "low_level_<0.5": 2.3809523809523809, "mid_level_0.5-2": 0.0, "tall_2+": 2.3809523809523809 }, "geometry": { "type": "Point", "coordinates": [ 0.013521051181191, 51.524127219956156 ] } },
{ "type": "Feature", "properties": { "max_height": 4.4252500534057617, "mean_height": 0.48564893007278442, "std_height": 1.0206111669540405, "count_pixels": 42, "percent_cover": 0.23065517052007251, "percent_above_0.1m": 33.333333333333329, "low_level_<0.5": 9.5238095238095237, "mid_level_0.5-2": 11.904761904761903, "tall_2+": 9.5238095238095237 }, "geometry": { "type": "Point", "coordinates": [ 0.013720648613213, 51.524123790057921 ] } },
{ "type": "Feature", "properties": { "max_height": 6.0792498588562012, "mean_height": 0.86677449941635132, "std_height": 1.7041302919387817, "count_pixels": 41, "percent_cover": 0.22516338074578504, "percent_above_0.1m": 46.341463414634148, "low_level_<0.5": 19.512195121951219, "mid_level_0.5-2": 9.7560975609756095, "tall_2+": 14.634146341463413 }, "geometry": { "type": "Point", "coordinates": [ 0.013920246006573, 51.524120359820202 ] } },
{ "type": "Feature", "properties": { "max_height": 13.76975154876709, "mean_height": 8.4755239486694336, "std_height": 3.2646706104278564, "count_pixels": 42, "percent_cover": 0.23065517052007251, "percent_above_0.1m": 97.61904761904762, "low_level_<0.5": 0.0, "mid_level_0.5-2": 2.3809523809523809, "tall_2+": 95.238095238095227 }, "geometry": { "type": "Point", "coordinates": [ 0.014119843361293, 51.524116929243021 ] } },
{ "type": "Feature", "properties": { "max_height": 7.5007505416870117, "mean_height": 2.537783145904541, "std_height": 2.4940049648284912, "count_pixels": 38, "percent_cover": 0.20868801142292273, "percent_above_0.1m": 65.789473684210535, "low_level_<0.5": 5.2631578947368416, "mid_level_0.5-2": 13.157894736842104, "tall_2+": 47.368421052631575 }, "geometry": { "type": "Point", "coordinates": [ 0.014319440677341, 51.524113498326329 ] } },
{ "type": "Feature", "properties": { "max_height": 5.2840003967285156, "mean_height": 0.73362511396408081, "std_height": 1.4796608686447144, "count_pixels": 42, "percent_cover": 0.23065517052007251, "percent_above_0.1m": 28.571428571428569, "low_level_<0.5": 2.3809523809523809, "mid_level_0.5-2": 11.904761904761903, "tall_2+": 14.285714285714285 }, "geometry": { "type": "Point", "coordinates": [ 0.014519037954728, 51.524110067070183 ] } },
{ "type": "Feature", "properties": { "max_height": 2.6397500038146973, "mean_height": 0.21168912947177887, "std_height": 0.57741361856460571, "count_pixels": 41, "percent_cover": 0.22516338074578504, "percent_above_0.1m": 19.512195121951219, "low_level_<0.5": 7.3170731707317067, "mid_level_0.5-2": 7.3170731707317067, "tall_2+": 4.8780487804878048 }, "geometry": { "type": "Point", "coordinates": [ 0.01471863519345, 51.524106635474524 ] } },
{ "type": "Feature", "properties": { "max_height": 0.46475017070770264, "mean_height": 0.014113184995949268, "std_height": 0.071792140603065491, "count_pixels": 42, "percent_cover": 0.23065517052007251, "percent_above_0.1m": 2.3809523809523809, "low_level_<0.5": 2.3809523809523809, "mid_level_0.5-2": 0.0, "tall_2+": 0.0 }, "geometry": { "type": "Point", "coordinates": [ 0.014918232393504, 51.524103203539404 ] } },
{ "type": "Feature", "properties": { "max_height": 2.9845001697540283, "mean_height": 0.21048815548419952, "std_height": 0.60586714744567871, "count_pixels": 42, "percent_cover": 0.23065517052007251, "percent_above_0.1m": 16.666666666666664, "low_level_<0.5": 2.3809523809523809, "mid_level_0.5-2": 9.5238095238095237, "tall_2+": 4.7619047619047619 }, "geometry": { "type": "Point", "coordinates": [ 0.015117829309075, 51.52409977087418 ] } },
{ "type": "Feature", "properties": { "max_height": 3.4185001850128174, "mean_height": 0.39616867899894714, "std_height": 0.81227433681488037, "count_pixels": 43, "percent_cover": 0.23614696029435994, "percent_above_0.1m": 34.883720930232556, "low_level_<0.5": 9.3023255813953494, "mid_level_0.5-2": 16.279069767441861, "tall_2+": 6.9767441860465116 }, "geometry": { "type": "Point", "coordinates": [ 0.015317425818784, 51.524096337013624 ] } },
{ "type": "Feature", "properties": { "max_height": 0.99800014495849609, "mean_height": 0.16048815846443176, "std_height": 0.29682564735412598, "count_pixels": 42, "percent_cover": 0.23065517052007251, "percent_above_0.1m": 26.190476190476193, "low_level_<0.5": 11.904761904761903, "mid_level_0.5-2": 14.285714285714285, "tall_2+": 0.0 }, "geometry": { "type": "Point", "coordinates": [ 0.015517022208699, 51.524092902736626 ] } },
{ "type": "Feature", "properties": { "max_height": 17.107751846313477, "mean_height": 9.0793170928955078, "std_height": 4.2706780433654785, "count_pixels": 42, "percent_cover": 0.23065517052007251, "percent_above_0.1m": 92.857142857142861, "low_level_<0.5": 0.0, "mid_level_0.5-2": 2.3809523809523809, "tall_2+": 90.476190476190482 }, "geometry": { "type": "Point", "coordinates": [ 0.012827215436575, 51.524247055072159 ] } },
{ "type": "Feature", "properties": { "max_height": 17.184000015258789, "mean_height": 3.411954402923584, "std_height": 4.3863034248352051, "count_pixels": 38, "percent_cover": 0.20868801142292273, "percent_above_0.1m": 60.526315789473685, "low_level_<0.5": 2.6315789473684208, "mid_level_0.5-2": 13.157894736842104, "tall_2+": 44.736842105263158 }, "geometry": { "type": "Point", "coordinates": [ 0.013026813461739, 51.524243626349339 ] } },
{ "type": "Feature", "properties": { "max_height": 10.134750366210938, "mean_height": 1.2163112163543701, "std_height": 2.2872467041015625, "count_pixels": 41, "percent_cover": 0.22516338074578504, "percent_above_0.1m": 39.024390243902438, "low_level_<0.5": 7.3170731707317067, "mid_level_0.5-2": 12.195121951219512, "tall_2+": 19.512195121951219 }, "geometry": { "type": "Point", "coordinates": [ 0.013226411448274, 51.524240197287064 ] } },
{ "type": "Feature", "properties": { "max_height": 0.016250133514404297, "mean_height": 0.0007866591913625598, "std_height": 0.0030933516100049019, "count_pixels": 41, "percent_cover": 0.22516338074578504, "percent_above_0.1m": 0.0, "low_level_<0.5": 0.0, "mid_level_0.5-2": 0.0, "tall_2+": 0.0 }, "geometry": { "type": "Point", "coordinates": [ 0.013426009396161, 51.524236767885277 ] } },
{ "type": "Feature", "properties": { "max_height": 1.8987500667572021, "mean_height": 0.050386983901262283, "std_height": 0.29058995842933655, "count_pixels": 42, "percent_cover": 0.23065517052007251, "percent_above_0.1m": 4.7619047619047619, "low_level_<0.5": 2.3809523809523809, "mid_level_0.5-2": 2.3809523809523809, "tall_2+": 0.0 }, "geometry": { "type": "Point", "coordinates": [ 0.013625607305407, 51.524233338144008 ] } },
{ "type": "Feature", "properties": { "max_height": 0.0057500600814819336, "mean_height": -0.00064275378827005625, "std_height": 0.003319381270557642, "count_pixels": 42, "percent_cover": 0.23065517052007251, "percent_above_0.1m": 0.0, "low_level_<0.5": 0.0, "mid_level_0.5-2": 0.0, "tall_2+": 0.0 }, "geometry": { "type": "Point", "coordinates": [ 0.013825205175993, 51.524229908063269 ] } },
{ "type": "Feature", "properties": { "max_height": 1.783250093460083, "mean_height": 0.042517926543951035, "std_height": 0.27185782790184021, "count_pixels": 42, "percent_cover": 0.23065517052007251, "percent_above_0.1m": 2.3809523809523809, "low_level_<0.5": 0.0, "mid_level_0.5-2": 2.3809523809523809, "tall_2+": 0.0 }, "geometry": { "type": "Point", "coordinates": [ 0.014024803007935, 51.524226477643012 ] } },
{ "type": "Feature", "properties": { "max_height": 7.280250072479248, "mean_height": 0.47998219728469849, "std_height": 1.541032075881958, "count_pixels": 42, "percent_cover": 0.23065517052007251, "percent_above_0.1m": 19.047619047619047, "low_level_<0.5": 2.3809523809523809, "mid_level_0.5-2": 11.904761904761903, "tall_2+": 4.7619047619047619 }, "geometry": { "type": "Point", "coordinates": [ 0.014224400801213, 51.524223046883293 ] } },
{ "type": "Feature", "properties": { "max_height": 6.5777502059936523, "mean_height": 0.36709532141685486, "std_height": 1.2608822584152222, "count_pixels": 42, "percent_cover": 0.23065517052007251, "percent_above_0.1m": 19.047619047619047, "low_level_<0.5": 4.7619047619047619, "mid_level_0.5-2": 2.3809523809523809, "tall_2+": 7.1428571428571423 }, "geometry": { "type": "Point", "coordinates": [ 0.014423998555832, 51.524219615784084 ] } },
{ "type": "Feature", "properties": { "max_height": 2.7212502956390381, "mean_height": 0.20396436750888824, "std_height": 0.61966276168823242, "count_pixels": 42, "percent_cover": 0.23065517052007251, "percent_above_0.1m": 11.904761904761903, "low_level_<0.5": 0.0, "mid_level_0.5-2": 4.7619047619047619, "tall_2+": 4.7619047619047619 }, "geometry": { "type": "Point", "coordinates": [ 0.014623596271785, 51.524216184345399 ] } },
{ "type": "Feature", "properties": { "max_height": 0.00075018405914306641, "mean_height": -1.7787728211260401e-05, "std_height": 0.00047370456741191447, "count_pixels": 42, "percent_cover": 0.23065517052007251, "percent_above_0.1m": 0.0, "low_level_<0.5": 0.0, "mid_level_0.5-2": 0.0, "tall_2+": 0.0 }, "geometry": { "type": "Point", "coordinates": [ 0.014823193949069, 51.524212752567216 ] } },
{ "type": "Feature", "properties": { "max_height": 0.0012500286102294922, "mean_height": 7.1494352596346289e-05, "std_height": 0.00036305113462731242, "count_pixels": 42, "percent_cover": 0.23065517052007251, "percent_above_0.1m": 0.0, "low_level_<0.5": 0.0, "mid_level_0.5-2": 0.0, "tall_2+": 0.0 }, "geometry": { "type": "Point", "coordinates": [ 0.015022791507755, 51.524209320372556 ] } },
{ "type": "Feature", "properties": { "max_height": 10.031000137329102, "mean_height": 0.73240858316421509, "std_height": 2.0353083610534668, "count_pixels": 41, "percent_cover": 0.22516338074578504, "percent_above_0.1m": 17.073170731707318, "low_level_<0.5": 0.0, "mid_level_0.5-2": 2.4390243902439024, "tall_2+": 14.634146341463413 }, "geometry": { "type": "Point", "coordinates": [ 0.015222388662304, 51.524205886979296 ] } },
{ "type": "Feature", "properties": { "max_height": 10.985250473022461, "mean_height": 2.1167504787445068, "std_height": 3.4335300922393799, "count_pixels": 41, "percent_cover": 0.22516338074578504, "percent_above_0.1m": 51.219512195121951, "low_level_<0.5": 9.7560975609756095, "mid_level_0.5-2": 12.195121951219512, "tall_2+": 26.829268292682929 }, "geometry": { "type": "Point", "coordinates": [ 0.015421985533655, 51.524202452850638 ] } },
{ "type": "Feature", "properties": { "max_height": 17.661998748779297, "mean_height": 9.0419111251831055, "std_height": 5.0905389785766602, "count_pixels": 42, "percent_cover": 0.23065517052007251, "percent_above_0.1m": 97.61904761904762, "low_level_<0.5": 0.0, "mid_level_0.5-2": 9.5238095238095237, "tall_2+": 88.095238095238088 }, "geometry": { "type": "Point", "coordinates": [ 0.012931770283695, 51.524353173890162 ] } },
{ "type": "Feature", "properties": { "max_height": 18.189750671386719, "mean_height": 6.3383274078369141, "std_height": 4.8041515350341797, "count_pixels": 42, "percent_cover": 0.23065517052007251, "percent_above_0.1m": 90.476190476190482, "low_level_<0.5": 4.7619047619047619, "mid_level_0.5-2": 9.5238095238095237, "tall_2+": 76.19047619047619 }, "geometry": { "type": "Point", "coordinates": [ 0.013131368747451, 51.524349744984825 ] } },
{ "type": "Feature", "properties": { "max_height": 5.8432502746582031, "mean_height": 0.28004658222198486, "std_height": 0.99331796169281006, "count_pixels": 43, "percent_cover": 0.23614696029435994, "percent_above_0.1m": 11.627906976744185, "low_level_<0.5": 0.0, "mid_level_0.5-2": 6.9767441860465116, "tall_2+": 4.6511627906976747 }, "geometry": { "type": "Point", "coordinates": [ 0.013330967172565, 51.52434631574004 ] } },
{ "type": "Feature", "properties": { "max_height": 0.018250107765197754, "mean_height": 0.00064889306668192148, "std_height": 0.0030005297157913446, "count_pixels": 42, "percent_cover": 0.23065517052007251, "percent_above_0.1m": 0.0, "low_level_<0.5": 0.0, "mid_level_0.5-2": 0.0, "tall_2+": 0.0 }, "geometry": { "type": "Point", "coordinates": [ 0.013530565559031, 51.524342886155729 ] } },
{ "type": "Feature", "properties": { "max_height": 1.6362501382827759, "mean_height": 0.061506010591983795, "std_height": 0.25162783265113831, "count_pixels": 42, "percent_cover": 0.23065517052007251, "percent_above_0.1m": 14.285714285714285, "low_level_<0.5": 9.5238095238095237, "mid_level_0.5-2": 2.3809523809523809, "tall_2+": 0.0 }, "geometry": { "type": "Point", "coordinates": [ 0.013730163906853, 51.524339456231949 ] } },
{ "type": "Feature", "properties": { "max_height": 5.5967502593994141, "mean_height": 0.73950618505477905, "std_height": 1.325819730758667, "count_pixels": 41, "percent_cover": 0.22516338074578504, "percent_above_0.1m": 34.146341463414636, "low_level_<0.5": 4.8780487804878048, "mid_level_0.5-2": 12.195121951219512, "tall_2+": 17.073170731707318 }, "geometry": { "type": "Point", "coordinates": [ 0.013929762216018, 51.524336025968651 ] } },
{ "type": "Feature", "properties": { "max_height": 0.00025022029876708984, "mean_height": -5.3513616876443848e-05, "std_height": 0.00021503624157048762, "count_pixels": 42, "percent_cover": 0.23065517052007251, "percent_above_0.1m": 0.0, "low_level_<0.5": 0.0, "mid_level_0.5-2": 0.0, "tall_2+": 0.0 }, "geometry": { "type": "Point", "coordinates": [ 0.014129360486527, 51.524332595365884 ] } },
{ "type": "Feature", "properties": { "max_height": 9.5760002136230469, "mean_height": 1.1420460939407349, "std_height": 2.3999547958374023, "count_pixels": 38, "percent_cover": 0.20868801142292273, "percent_above_0.1m": 28.947368421052634, "low_level_<0.5": 0.0, "mid_level_0.5-2": 7.8947368421052628, "tall_2+": 18.421052631578945 }, "geometry": { "type": "Point", "coordinates": [ 0.014328958718379, 51.524329164423634 ] } },
{ "type": "Feature", "properties": { "max_height": 9.1802501678466797, "mean_height": 1.1872084140777588, "std_height": 2.4255378246307373, "count_pixels": 42, "percent_cover": 0.23065517052007251, "percent_above_0.1m": 38.095238095238095, "low_level_<0.5": 7.1428571428571423, "mid_level_0.5-2": 14.285714285714285, "tall_2+": 16.666666666666664 }, "geometry": { "type": "Point", "coordinates": [ 0.014528556911564, 51.524325733141893 ] } },
{ "type": "Feature", "properties": { "max_height": 0.0012500286102294922, "mean_height": -2.4315788323292509e-05, "std_height": 0.00063150323694571853, "count_pixels": 41, "percent_cover": 0.22516338074578504, "percent_above_0.1m": 0.0, "low_level_<0.5": 0.0, "mid_level_0.5-2": 0.0, "tall_2+": 0.0 }, "geometry": { "type": "Point", "coordinates": [ 0.014728155066085, 51.524322301520669 ] } },
{ "type": "Feature", "properties": { "max_height": 0.001250147819519043, "mean_height": -0.00012492282257881016, "std_height": 0.0013309987261891365, "count_pixels": 42, "percent_cover": 0.23065517052007251, "percent_above_0.1m": 0.0, "low_level_<0.5": 0.0, "mid_level_0.5-2": 0.0, "tall_2+": 0.0 }, "geometry": { "type": "Point", "coordinates": [ 0.014927753181931, 51.524318869559963 ] } },
{ "type": "Feature", "properties": { "max_height": 14.551750183105469, "mean_height": 2.1054525375366211, "std_height": 3.8235468864440918, "count_pixels": 42, "percent_cover": 0.23065517052007251, "percent_above_0.1m": 35.714285714285715, "low_level_<0.5": 0.0, "mid_level_0.5-2": 4.7619047619047619, "tall_2+": 28.571428571428569 }, "geometry": { "type": "Point", "coordinates": [ 0.015127350997322, 51.524315436814341 ] } },
{ "type": "Feature", "properties": { "max_height": 17.547000885009766, "mean_height": 7.9027509689331055, "std_height": 4.7269606590270996, "count_pixels": 43, "percent_cover": 0.23614696029435994, "percent_above_0.1m": 95.348837209302332, "low_level_<0.5": 0.0, "mid_level_0.5-2": 9.3023255813953494, "tall_2+": 86.04651162790698 }, "geometry": { "type": "Point", "coordinates": [ 0.015326948416132, 51.524312002898355 ] } },
{ "type": "Feature", "properties": { "max_height": 20.84950065612793, "mean_height": 7.5574541091918945, "std_height": 6.033024787902832, "count_pixels": 38, "percent_cover": 0.20868801142292273, "percent_above_0.1m": 89.473684210526315, "low_level_<0.5": 2.6315789473684208, "mid_level_0.5-2": 10.526315789473683, "tall_2+": 73.68421052631578 }, "geometry": { "type": "Point", "coordinates": [ 0.013036325608055, 51.524459292608249 ] } },
{ "type": "Feature", "properties": { "max_height": 15.54625129699707, "mean_height": 9.649348258972168, "std_height": 4.4473400115966797, "count_pixels": 41, "percent_cover": 0.22516338074578504, "percent_above_0.1m": 97.560975609756099, "low_level_<0.5": 0.0, "mid_level_0.5-2": 4.8780487804878048, "tall_2+": 92.682926829268297 }, "geometry": { "type": "Point", "coordinates": [ 0.013235924510392, 51.524455863520394 ] } },
{ "type": "Feature", "properties": { "max_height": 11.179500579833984, "mean_height": 0.67669522762298584, "std_height": 2.2886588573455811, "count_pixels": 41, "percent_cover": 0.22516338074578504, "percent_above_0.1m": 17.073170731707318, "low_level_<0.5": 2.4390243902439024, "mid_level_0.5-2": 4.8780487804878048, "tall_2+": 7.3170731707317067 }, "geometry": { "type": "Point", "coordinates": [ 0.013435523374094, 51.524452434093057 ] } },
{ "type": "Feature", "properties": { "max_height": 0.3040001392364502, "mean_height": 0.034791748970746994, "std_height": 0.073641538619995117, "count_pixels": 42, "percent_cover": 0.23065517052007251, "percent_above_0.1m": 11.904761904761903, "low_level_<0.5": 9.5238095238095237, "mid_level_0.5-2": 0.0, "tall_2+": 0.0 }, "geometry": { "type": "Point", "coordinates": [ 0.013635122199136, 51.524449004326222 ] } },
{ "type": "Feature", "properties": { "max_height": 3.7377505302429199, "mean_height": 0.11904770880937576, "std_height": 0.59243512153625488, "count_pixels": 42, "percent_cover": 0.23065517052007251, "percent_above_0.1m": 4.7619047619047619, "low_level_<0.5": 0.0, "mid_level_0.5-2": 2.3809523809523809, "tall_2+": 2.3809523809523809 }, "geometry": { "type": "Point", "coordinates": [ 0.013834720985538, 51.524445574219918 ] } },
{ "type": "Feature", "properties": { "max_height": 0.00050008296966552734, "mean_height": 5.6766328526691723e-08, "std_height": 0.00023780408082529902, "count_pixels": 42, "percent_cover": 0.23065517052007251, "percent_above_0.1m": 0.0, "low_level_<0.5": 0.0, "mid_level_0.5-2": 0.0, "tall_2+": 0.0 }, "geometry": { "type": "Point", "coordinates": [ 0.01403431973328, 51.524442143774117 ] } },
{ "type": "Feature", "properties": { "max_height": 17.493749618530273, "mean_height": 3.2543752193450928, "std_height": 5.4289207458496094, "count_pixels": 42, "percent_cover": 0.23065517052007251, "percent_above_0.1m": 40.476190476190474, "low_level_<0.5": 0.0, "mid_level_0.5-2": 9.5238095238095237, "tall_2+": 30.952380952380953 }, "geometry": { "type": "Point", "coordinates": [ 0.014233918442365, 51.524438712988811 ] } },
{ "type": "Feature", "properties": { "max_height": 3.3350000381469727, "mean_height": 0.14754174649715424, "std_height": 0.55498051643371582, "count_pixels": 42, "percent_cover": 0.23065517052007251, "percent_above_0.1m": 19.047619047619047, "low_level_<0.5": 9.5238095238095237, "mid_level_0.5-2": 2.3809523809523809, "tall_2+": 2.3809523809523809 }, "geometry": { "type": "Point", "coordinates": [ 0.014433517112788, 51.524435281864029 ] } },
{ "type": "Feature", "properties": { "max_height": 0.19350004196166992, "mean_height": 0.01959531381726265, "std_height": 0.048881091177463531, "count_pixels": 42, "percent_cover": 0.23065517052007251, "percent_above_0.1m": 9.5238095238095237, "low_level_<0.5": 4.7619047619047619, "mid_level_0.5-2": 0.0, "tall_2+": 0.0 }, "geometry": { "type": "Point", "coordinates": [ 0.014633115744542, 51.524431850399772 ] } },
{ "type": "Feature", "properties": { "max_height": 0.12150013446807861, "mean_height": 0.0036548234056681395, "std_height": 0.018715053796768188, "count_pixels": 42, "percent_cover": 0.23065517052007251, "percent_above_0.1m": 2.3809523809523809, "low_level_<0.5": 0.0, "mid_level_0.5-2": 0.0, "tall_2+": 0.0 }, "geometry": { "type": "Point", "coordinates": [ 0.01483271433763, 51.524428418595996 ] } },
{ "type": "Feature", "properties": { "max_height": 6.4217500686645508, "mean_height": 0.35337510704994202, "std_height": 1.173792839050293, "count_pixels": 42, "percent_cover": 0.23065517052007251, "percent_above_0.1m": 14.285714285714285, "low_level_<0.5": 2.3809523809523809, "mid_level_0.5-2": 0.0, "tall_2+": 9.5238095238095237 }, "geometry": { "type": "Point", "coordinates": [ 0.015032312799196, 51.5244249863606 ] } },
{ "type": "Feature", "properties": { "max_height": 17.828001022338867, "mean_height": 8.4448118209838867, "std_height": 4.2030620574951172, "count_pixels": 41, "percent_cover": 0.22516338074578504, "percent_above_0.1m": 97.560975609756099, "low_level_<0.5": 0.0, "mid_level_0.5-2": 4.8780487804878048, "tall_2+": 92.682926829268297 }, "geometry": { "type": "Point", "coordinates": [ 0.015231910856121, 51.524421552879794 ] } },
{ "type": "Feature", "properties": { "max_height": 20.442750930786133, "mean_height": 8.1477079391479492, "std_height": 6.5187077522277832, "count_pixels": 42, "percent_cover": 0.23065517052007251, "percent_above_0.1m": 76.19047619047619, "low_level_<0.5": 2.3809523809523809, "mid_level_0.5-2": 4.7619047619047619, "tall_2+": 66.666666666666657 }, "geometry": { "type": "Point", "coordinates": [ 0.013140881409652, 51.524565411226405 ] } },
{ "type": "Feature", "properties": { "max_height": 16.340250015258789, "mean_height": 7.1691808700561523, "std_height": 3.6887741088867188, "count_pixels": 43, "percent_cover": 0.23614696029435994, "percent_above_0.1m": 93.023255813953483, "low_level_<0.5": 2.3255813953488373, "mid_level_0.5-2": 0.0, "tall_2+": 90.697674418604649 }, "geometry": { "type": "Point", "coordinates": [ 0.013340480750575, 51.524561981956019 ] } },
{ "type": "Feature", "properties": { "max_height": 14.367500305175781, "mean_height": 2.0691547393798828, "std_height": 3.3040204048156738, "count_pixels": 42, "percent_cover": 0.23065517052007251, "percent_above_0.1m": 50.0, "low_level_<0.5": 2.3809523809523809, "mid_level_0.5-2": 11.904761904761903, "tall_2+": 35.714285714285715 }, "geometry": { "type": "Point", "coordinates": [ 0.013540080052858, 51.524558552346164 ] } },
{ "type": "Feature", "properties": { "max_height": 2.1345000267028809, "mean_height": 0.10032149404287338, "std_height": 0.36816695332527161, "count_pixels": 42, "percent_cover": 0.23065517052007251, "percent_above_0.1m": 9.5238095238095237, "low_level_<0.5": 0.0, "mid_level_0.5-2": 7.1428571428571423, "tall_2+": 2.3809523809523809 }, "geometry": { "type": "Point", "coordinates": [ 0.013739679316488, 51.524555122396812 ] } },
{ "type": "Feature", "properties": { "max_height": 0.0012500286102294922, "mean_height": -1.8230299247079529e-05, "std_height": 0.00040720411925576627, "count_pixels": 41, "percent_cover": 0.22516338074578504, "percent_above_0.1m": 0.0, "low_level_<0.5": 0.0, "mid_level_0.5-2": 0.0, "tall_2+": 0.0 }, "geometry": { "type": "Point", "coordinates": [ 0.013939278541465, 51.52455169210797 ] } },
{ "type": "Feature", "properties": { "max_height": 0.16000008583068848, "mean_height": 0.014910779893398285, "std_height": 0.034201350063085556, "count_pixels": 42, "percent_cover": 0.23065517052007251, "percent_above_0.1m": 2.3809523809523809, "low_level_<0.5": 2.3809523809523809, "mid_level_0.5-2": 0.0, "tall_2+": 0.0 }, "geometry": { "type": "Point", "coordinates": [ 0.014138877727786, 51.524548261479637 ] } },
{ "type": "Feature", "properties": { "max_height": 1.0915000438690186, "mean_height": 0.090414583683013916, "std_height": 0.20063282549381256, "count_pixels": 38, "percent_cover": 0.20868801142292273, "percent_above_0.1m": 26.315789473684209, "low_level_<0.5": 21.052631578947366, "mid_level_0.5-2": 2.6315789473684208, "tall_2+": 0.0 }, "geometry": { "type": "Point", "coordinates": [ 0.014338476875447, 51.524544830511815 ] } },
{ "type": "Feature", "properties": { "max_height": 0.38275015354156494, "mean_height": 0.034267924726009369, "std_height": 0.079009339213371277, "count_pixels": 42, "percent_cover": 0.23065517052007251, "percent_above_0.1m": 9.5238095238095237, "low_level_<0.5": 7.1428571428571423, "mid_level_0.5-2": 0.0, "tall_2+": 0.0 }, "geometry": { "type": "Point", "coordinates": [ 0.014538075984446, 51.524541399204494 ] } },
{ "type": "Feature", "properties": { "max_height": 0.32250010967254639, "mean_height": 0.019286653026938438, "std_height": 0.054241947829723358, "count_pixels": 41, "percent_cover": 0.22516338074578504, "percent_above_0.1m": 4.8780487804878048, "low_level_<0.5": 2.4390243902439024, "mid_level_0.5-2": 0.0, "tall_2+": 0.0 }, "geometry": { "type": "Point", "coordinates": [ 0.014737675054769, 51.524537967557706 ] } },
{ "type": "Feature", "properties": { "max_height": 0.62224996089935303, "mean_height": 0.032327432185411453, "std_height": 0.11268370598554611, "count_pixels": 42, "percent_cover": 0.23065517052007251, "percent_above_0.1m": 7.1428571428571423, "low_level_<0.5": 2.3809523809523809, "mid_level_0.5-2": 2.3809523809523809, "tall_2+": 0.0 }, "geometry": { "type": "Point", "coordinates": [ 0.014937274086427, 51.524534535571398 ] } },
{ "type": "Feature", "properties": { "max_height": 5.2342500686645508, "mean_height": 0.81269055604934692, "std_height": 1.3866806030273438, "count_pixels": 42, "percent_cover": 0.23065517052007251, "percent_above_0.1m": 45.238095238095241, "low_level_<0.5": 14.285714285714285, "mid_level_0.5-2": 11.904761904761903, "tall_2+": 19.047619047619047 }, "geometry": { "type": "Point", "coordinates": [ 0.015136872802063, 51.524531102744106 ] } },
{ "type": "Feature", "properties": { "max_height": 16.024751663208008, "mean_height": 3.7955307960510254, "std_height": 4.7910928726196289, "count_pixels": 41, "percent_cover": 0.22516338074578504, "percent_above_0.1m": 63.414634146341463, "low_level_<0.5": 7.3170731707317067, "mid_level_0.5-2": 12.195121951219512, "tall_2+": 43.902439024390247 }, "geometry": { "type": "Point", "coordinates": [ 0.013245437688485, 51.524671529744609 ] } },
{ "type": "Feature", "properties": { "max_height": 21.055500030517578, "mean_height": 13.039291381835938, "std_height": 4.5288300514221191, "count_pixels": 41, "percent_cover": 0.22516338074578504, "percent_above_0.1m": 100.0, "low_level_<0.5": 0.0, "mid_level_0.5-2": 0.0, "tall_2+": 100.0 }, "geometry": { "type": "Point", "coordinates": [ 0.013445037467998, 51.52466810029172 ] } },
{ "type": "Feature", "properties": { "max_height": 18.565752029418945, "mean_height": 6.1977090835571289, "std_height": 5.2276935577392578, "count_pixels": 42, "percent_cover": 0.23065517052007251, "percent_above_0.1m": 92.857142857142861, "low_level_<0.5": 2.3809523809523809, "mid_level_0.5-2": 14.285714285714285, "tall_2+": 73.80952380952381 }, "geometry": { "type": "Point", "coordinates": [ 0.013644637208868, 51.524664670499327 ] } },
{ "type": "Feature", "properties": { "max_height": 4.9377503395080566, "mean_height": 0.35457149147987366, "std_height": 1.0762600898742676, "count_pixels": 42, "percent_cover": 0.23065517052007251, "percent_above_0.1m": 11.904761904761903, "low_level_<0.5": 0.0, "mid_level_0.5-2": 4.7619047619047619, "tall_2+": 7.1428571428571423 }, "geometry": { "type": "Point", "coordinates": [ 0.01384423691108, 51.524661240367458 ] } },
{ "type": "Feature", "properties": { "max_height": 4.7995004653930664, "mean_height": 0.82076799869537354, "std_height": 1.3872476816177368, "count_pixels": 42, "percent_cover": 0.23065517052007251, "percent_above_0.1m": 35.714285714285715, "low_level_<0.5": 2.3809523809523809, "mid_level_0.5-2": 14.285714285714285, "tall_2+": 19.047619047619047 }, "geometry": { "type": "Point", "coordinates": [ 0.014043836574641, 51.524657809896077 ] } },
{ "type": "Feature", "properties": { "max_height": 2.5425002574920654, "mean_height": 0.11064888536930084, "std_height": 0.43114170432090759, "count_pixels": 42, "percent_cover": 0.23065517052007251, "percent_above_0.1m": 9.5238095238095237, "low_level_<0.5": 2.3809523809523809, "mid_level_0.5-2": 4.7619047619047619, "tall_2+": 2.3809523809523809 }, "geometry": { "type": "Point", "coordinates": [ 0.014243436199542, 51.524654379085206 ] } },
{ "type": "Feature", "properties": { "max_height": 7.6180000305175781, "mean_height": 0.8935357928276062, "std_height": 2.1256287097930908, "count_pixels": 42, "percent_cover": 0.23065517052007251, "percent_above_0.1m": 19.047619047619047, "low_level_<0.5": 2.3809523809523809, "mid_level_0.5-2": 2.3809523809523809, "tall_2+": 14.285714285714285 }, "geometry": { "type": "Point", "coordinates": [ 0.014443035785781, 51.524650947934859 ] } },
{ "type": "Feature", "properties": { "max_height": 1.5995000600814819, "mean_height": 0.21353578567504883, "std_height": 0.46695852279663086, "count_pixels": 42, "percent_cover": 0.23065517052007251, "percent_above_0.1m": 23.809523809523807, "low_level_<0.5": 11.904761904761903, "mid_level_0.5-2": 11.904761904761903, "tall_2+": 0.0 }, "geometry": { "type": "Point", "coordinates": [ 0.014642635333354, 51.524647516445008 ] } },
{ "type": "Feature", "properties": { "max_height": 4.3947501182556152, "mean_height": 0.97619646787643433, "std_height": 1.383134126663208, "count_pixels": 42, "percent_cover": 0.23065517052007251, "percent_above_0.1m": 47.619047619047613, "low_level_<0.5": 4.7619047619047619, "mid_level_0.5-2": 14.285714285714285, "tall_2+": 23.809523809523807 }, "geometry": { "type": "Point", "coordinates": [ 0.014842234842254, 51.524644084615673 ] } },
{ "type": "Feature", "properties": { "max_height": 4.3700003623962402, "mean_height": 0.66761916875839233, "std_height": 1.1998170614242554, "count_pixels": 42, "percent_cover": 0.23065517052007251, "percent_above_0.1m": 42.857142857142854, "low_level_<0.5": 9.5238095238095237, "mid_level_0.5-2": 19.047619047619047, "tall_2+": 11.904761904761903 }, "geometry": { "type": "Point", "coordinates": [ 0.015041834207072, 51.524640652339158 ] } },
{ "type": "Feature", "properties": { "max_height": 18.60150146484375, "mean_height": 11.821388244628906, "std_height": 4.2925806045532227, "count_pixels": 42, "percent_cover": 0.23065517052007251, "percent_above_0.1m": 100.0, "low_level_<0.5": 0.0, "mid_level_0.5-2": 2.3809523809523809, "tall_2+": 97.61904761904762 }, "geometry": { "type": "Point", "coordinates": [ 0.013549594662668, 51.524774218527476 ] } },
{ "type": "Feature", "properties": { "max_height": 16.485000610351562, "mean_height": 3.8084647655487061, "std_height": 5.2560672760009766, "count_pixels": 42, "percent_cover": 0.23065517052007251, "percent_above_0.1m": 71.428571428571431, "low_level_<0.5": 9.5238095238095237, "mid_level_0.5-2": 19.047619047619047, "tall_2+": 40.476190476190474 }, "geometry": { "type": "Point", "coordinates": [ 0.013749194842123, 51.524770788552559 ] } },
{ "type": "Feature", "properties": { "max_height": 14.312251091003418, "mean_height": 4.9154453277587891, "std_height": 5.7296080589294434, "count_pixels": 41, "percent_cover": 0.22516338074578504, "percent_above_0.1m": 75.609756097560975, "low_level_<0.5": 7.3170731707317067, "mid_level_0.5-2": 19.512195121951219, "tall_2+": 48.780487804878049 }, "geometry": { "type": "Point", "coordinates": [ 0.013948794982927, 51.524767358238144 ] } },
{ "type": "Feature", "properties": { "max_height": 16.562501907348633, "mean_height": 9.5796728134155273, "std_height": 6.9186053276062012, "count_pixels": 42, "percent_cover": 0.23065517052007251, "percent_above_0.1m": 78.571428571428569, "low_level_<0.5": 2.3809523809523809, "mid_level_0.5-2": 2.3809523809523809, "tall_2+": 73.80952380952381 }, "geometry": { "type": "Point", "coordinates": [ 0.014148395085068, 51.524763927584246 ] } },
{ "type": "Feature", "properties": { "max_height": 16.411251068115234, "mean_height": 8.4149074554443359, "std_height": 5.3235130310058594, "count_pixels": 38, "percent_cover": 0.20868801142292273, "percent_above_0.1m": 89.473684210526315, "low_level_<0.5": 2.6315789473684208, "mid_level_0.5-2": 7.8947368421052628, "tall_2+": 78.94736842105263 }, "geometry": { "type": "Point", "coordinates": [ 0.014347995148552, 51.524760496590851 ] } },
{ "type": "Feature", "properties": { "max_height": 6.658750057220459, "mean_height": 0.91052389144897461, "std_height": 1.7371805906295776, "count_pixels": 42, "percent_cover": 0.23065517052007251, "percent_above_0.1m": 38.095238095238095, "low_level_<0.5": 9.5238095238095237, "mid_level_0.5-2": 11.904761904761903, "tall_2+": 16.666666666666664 }, "geometry": { "type": "Point", "coordinates": [ 0.014547595173366, 51.524757065257958 ] } },
{ "type": "Feature", "properties": { "max_height": 4.0657501220703125, "mean_height": 0.5981220006942749, "std_height": 1.0896515846252441, "count_pixels": 41, "percent_cover": 0.22516338074578504, "percent_above_0.1m": 31.707317073170731, "low_level_<0.5": 0.0, "mid_level_0.5-2": 19.512195121951219, "tall_2+": 12.195121951219512 }, "geometry": { "type": "Point", "coordinates": [ 0.014747195159516, 51.524753633585576 ] } },
{ "type": "Feature", "properties": { "max_height": 14.216750144958496, "mean_height": 3.4209587574005127, "std_height": 4.4052958488464355, "count_pixels": 42, "percent_cover": 0.23065517052007251, "percent_above_0.1m": 69.047619047619051, "low_level_<0.5": 9.5238095238095237, "mid_level_0.5-2": 19.047619047619047, "tall_2+": 40.476190476190474 }, "geometry": { "type": "Point", "coordinates": [ 0.014946795106991, 51.524750201573703 ] } }
]
}
