{
"type": "FeatureCollection",
"name": "HILLI_6_walking",
"crs": { "type": "name", "properties": { "name": "urn:ogc:def:crs:OGC:1.3:CRS84" } },
"features": [
{"type":"Feature","properties":{"highway":"track","name":"Nursery Lane","category":"Track"},"geometry":{"type":"MultiLineString","coordinates":[[[-0.4659788,51.5312745],[-0.4661379,51.5312509],[-0.4661829,51.5312447],[-0.4717928,51.5307177]]]}},
{"type":"Feature","properties":{"highway":"footway","name":null,"category":"Footpath (pedestrian only)"},"geometry":{"type":"MultiLineString","coordinates":[[[-0.455768,51.5292447],[-0.4564744,51.5292614],[-0.4577205,51.5292874],[-0.4578115,51.5292517]]]}},
{"type":"Feature","properties":{"highway":"footway","name":null,"category":"Footpath (pedestrian only)"},"geometry":{"type":"MultiLineString","coordinates":[[[-0.4786019,51.5233142],[-0.4784065,51.5239223],[-0.4782861,51.524297],[-0.4782565,51.5243956],[-0.4782127,51.5245363]]]}},
{"type":"Feature","properties":{"highway":"footway","name":null,"category":"Footpath (pedestrian only)"},"geometry":{"type":"MultiLineString","coordinates":[[[-0.476091,51.5245686],[-0.4761862,51.5240435]]]}},
{"type":"Feature","properties":{"highway":"footway","name":null,"category":"Footpath (pedestrian only)"},"geometry":{"type":"MultiLineString","coordinates":[[[-0.4748106,51.5234833],[-0.4744251,51.5229992],[-0.474528,51.5227636]]]}},
{"type":"Feature","properties":{"highway":"footway","name":null,"category":"Footpath (pedestrian only)"},"geometry":{"type":"MultiLineString","coordinates":[[[-0.4730076,51.511083],[-0.4729667,51.5110503],[-0.4729368,51.5110294],[-0.4729082,51.5110085],[-0.472847,51.5109607],[-0.4725758,51.5107511],[-0.4722925,51.5105614],[-0.4720631,51.5104522],[-0.4718325,51.5103765],[-0.4715309,51.5103086],[-0.4710034,51.5102399],[-0.4708691,51.5102188],[-0.4705298,51.5101733],[-0.4699996,51.51009],[-0.4696851,51.510052],[-0.4691238,51.5099996],[-0.4673397,51.5098494],[-0.4649484,51.509632],[-0.4648772,51.5096113],[-0.4648269,51.5095982]]]}},
{"type":"Feature","properties":{"highway":"footway","name":null,"category":"Footpath (pedestrian only)"},"geometry":{"type":"MultiLineString","coordinates":[[[-0.4769319,51.5134888],[-0.4769549,51.5135007],[-0.4770124,51.5135426],[-0.4770645,51.5135857],[-0.477089,51.5136229]]]}},
{"type":"Feature","properties":{"highway":"footway","name":null,"category":"Footpath (pedestrian only)"},"geometry":{"type":"MultiLineString","coordinates":[[[-0.4734033,51.5114573],[-0.4736939,51.5116983],[-0.4737513,51.5117413],[-0.4740046,51.5119224],[-0.4741316,51.5120054],[-0.4742472,51.5121009],[-0.4744118,51.5121885],[-0.4745825,51.5122743],[-0.4749446,51.512442],[-0.4753041,51.5125989],[-0.4756631,51.5127587],[-0.4758282,51.5128363],[-0.4759988,51.5129231],[-0.4762881,51.5131081],[-0.4769319,51.5134888]]]}},
{"type":"Feature","properties":{"highway":"track","name":"Nursery Lane","category":"Track"},"geometry":{"type":"MultiLineString","coordinates":[[[-0.4720282,51.5306974],[-0.4735107,51.5305526],[-0.4746409,51.5304482],[-0.4749832,51.5304121]]]}},
{"type":"Feature","properties":{"highway":"footway","name":null,"category":"Footpath (pedestrian only)"},"geometry":{"type":"MultiLineString","coordinates":[[[-0.4796637,51.517612],[-0.4801637,51.5175334]]]}},
{"type":"Feature","properties":{"highway":"footway","name":"Canal Way - London Loop","category":"Footpath (pedestrian only)"},"geometry":{"type":"MultiLineString","coordinates":[[[-0.4801637,51.5175334],[-0.4802881,51.5175123],[-0.4818287,51.5172407],[-0.4823115,51.5171667],[-0.4826802,51.5170926],[-0.4829906,51.5170415],[-0.4833123,51.5169869],[-0.4835138,51.5169556],[-0.4835959,51.5169511],[-0.4837355,51.5169645],[-0.4837678,51.5169629]]]}},
{"type":"Feature","properties":{"highway":"footway","name":null,"category":"Footpath (pedestrian only)"},"geometry":{"type":"MultiLineString","coordinates":[[[-0.4791576,51.5171477],[-0.4794725,51.5174223],[-0.4795571,51.5174872]]]}},
{"type":"Feature","properties":{"highway":"footway","name":null,"category":"Footpath (pedestrian only)"},"geometry":{"type":"MultiLineString","coordinates":[[[-0.4837678,51.5169629],[-0.4839102,51.5169373]]]}},
{"type":"Feature","properties":{"highway":"footway","name":null,"category":"Footpath (pedestrian only)"},"geometry":{"type":"MultiLineString","coordinates":[[[-0.4857343,51.5295923],[-0.4857314,51.5295723],[-0.4856869,51.5292666],[-0.4856858,51.5291556],[-0.4856728,51.5290545],[-0.4855726,51.528734],[-0.4855138,51.5286569],[-0.4854762,51.5285943],[-0.4854291,51.5284739],[-0.4854377,51.5284282],[-0.4854698,51.5282914],[-0.4855275,51.5281006],[-0.4858041,51.5272175],[-0.4859728,51.5265322],[-0.4859904,51.5263979],[-0.4859804,51.5262338],[-0.485964,51.5261099],[-0.4859402,51.5259308],[-0.4858862,51.5256133],[-0.4858827,51.525593],[-0.4858793,51.5255728],[-0.4858539,51.5252457],[-0.4858558,51.5252162],[-0.4858595,51.5251341],[-0.4858482,51.5250703],[-0.4857867,51.5249356],[-0.4857327,51.5247986],[-0.4856674,51.5246075],[-0.4855788,51.5244043],[-0.4853148,51.5240004],[-0.4850996,51.5236837],[-0.4850193,51.5235314],[-0.4849582,51.5234055],[-0.484596,51.5224045],[-0.4844484,51.5220223],[-0.4843546,51.5217928],[-0.4842483,51.5215878],[-0.4841608,51.5214803],[-0.4841021,51.5214046],[-0.4834363,51.5208203],[-0.4831092,51.5205245],[-0.4829095,51.5203433],[-0.4828897,51.5202693],[-0.4828774,51.5202418],[-0.4828508,51.5202158],[-0.4828057,51.5201763],[-0.4827926,51.5201721],[-0.4827165,51.5201259],[-0.4826389,51.5200883],[-0.4825536,51.5200474],[-0.4824682,51.5200064]]]}},
{"type":"Feature","properties":{"highway":"footway","name":null,"category":"Footpath (pedestrian only)"},"geometry":{"type":"MultiLineString","coordinates":[[[-0.4693719,51.533118],[-0.4694044,51.5331132],[-0.4698654,51.5331111],[-0.4703002,51.5331191],[-0.4707135,51.5331183],[-0.4708515,51.5331221],[-0.4708934,51.5331233]]]}},
{"type":"Feature","properties":{"highway":"footway","name":null,"category":"Footpath (pedestrian only)"},"geometry":{"type":"MultiLineString","coordinates":[[[-0.4708934,51.5331233],[-0.4710141,51.5331235],[-0.4711335,51.5331237]]]}},
{"type":"Feature","properties":{"highway":"footway","name":null,"category":"Footpath (pedestrian only)"},"geometry":{"type":"MultiLineString","coordinates":[[[-0.4660423,51.5313515],[-0.4658916,51.53139],[-0.4657994,51.5314139],[-0.4638395,51.5321302],[-0.460936,51.5333121]]]}},
{"type":"Feature","properties":{"highway":"footway","name":null,"category":"Footpath (pedestrian only)"},"geometry":{"type":"MultiLineString","coordinates":[[[-0.4536447,51.51604],[-0.4538832,51.5160762],[-0.4540764,51.5161591],[-0.4552399,51.5169398],[-0.4553533,51.5170049],[-0.4558044,51.51714],[-0.4559501,51.5171817],[-0.4561359,51.5172348],[-0.4570493,51.5175208],[-0.457489,51.5176442]]]}},
{"type":"Feature","properties":{"highway":"footway","name":null,"category":"Footpath (pedestrian only)"},"geometry":{"type":"MultiLineString","coordinates":[[[-0.4603953,51.5183291],[-0.460491,51.5184378],[-0.4606341,51.5185966]]]}},
{"type":"Feature","properties":{"highway":"footway","name":null,"category":"Footpath (pedestrian only)"},"geometry":{"type":"MultiLineString","coordinates":[[[-0.4702526,51.5172926],[-0.4702162,51.517271],[-0.4700918,51.5171994]]]}},
{"type":"Feature","properties":{"highway":"footway","name":null,"category":"Footpath (pedestrian only)"},"geometry":{"type":"MultiLineString","coordinates":[[[-0.4728301,51.5122804],[-0.4730227,51.512296],[-0.4730901,51.512303],[-0.4731469,51.5123086],[-0.4732456,51.5123208],[-0.4732903,51.5123151],[-0.4733339,51.5122969],[-0.4733621,51.512264],[-0.4734713,51.5122247]]]}},
{"type":"Feature","properties":{"highway":"footway","name":null,"category":"Footpath (pedestrian only)"},"geometry":{"type":"MultiLineString","coordinates":[[[-0.472792,51.5132895],[-0.4729785,51.513253],[-0.4731766,51.5132079]]]}},
{"type":"Feature","properties":{"highway":"path","name":null,"category":"Shared path"},"geometry":{"type":"MultiLineString","coordinates":[[[-0.483338,51.5184072],[-0.483346,51.5184024],[-0.4833519,51.5183976],[-0.4833548,51.5183906],[-0.4833548,51.5183854],[-0.4833545,51.5183814],[-0.4833535,51.5183762],[-0.4833494,51.5183702],[-0.4833431,51.5183639],[-0.4832219,51.5182545],[-0.482475,51.5174671],[-0.4824156,51.5173344]]]}},
{"type":"Feature","properties":{"highway":"footway","name":null,"category":"Footpath (pedestrian only)"},"geometry":{"type":"MultiLineString","coordinates":[[[-0.4824156,51.5173344],[-0.4823574,51.5171736],[-0.4823345,51.5171071],[-0.4819628,51.5171675]]]}},
{"type":"Feature","properties":{"highway":"footway","name":null,"category":"Footpath (pedestrian only)"},"geometry":{"type":"MultiLineString","coordinates":[[[-0.4634587,51.5229309],[-0.4635503,51.5229414],[-0.4636158,51.5229527],[-0.4640409,51.5230689],[-0.4642743,51.5232117],[-0.4643507,51.5232213],[-0.4644882,51.5232326]]]}},
{"type":"Feature","properties":{"highway":"footway","name":null,"category":"Footpath (pedestrian only)"},"geometry":{"type":"MultiLineString","coordinates":[[[-0.4834473,51.5190353],[-0.4833846,51.519289]]]}},
{"type":"Feature","properties":{"highway":"footway","name":null,"category":"Footpath (pedestrian only)"},"geometry":{"type":"MultiLineString","coordinates":[[[-0.4822848,51.5198461],[-0.481995,51.5195799],[-0.4815736,51.5192168],[-0.481322,51.519001],[-0.4810733,51.5187895],[-0.480823,51.5185742],[-0.4805452,51.5183328],[-0.4800019,51.5178485],[-0.4798336,51.5177078],[-0.4797095,51.5176041]]]}},
{"type":"Feature","properties":{"highway":"footway","name":null,"category":"Footpath (pedestrian only)"},"geometry":{"type":"MultiLineString","coordinates":[[[-0.4824682,51.5200064],[-0.4824351,51.5199818],[-0.4823584,51.5199139],[-0.4822848,51.5198461]]]}},
{"type":"Feature","properties":{"highway":"footway","name":"Chantry Close","category":"Footpath (pedestrian only)"},"geometry":{"type":"MultiLineString","coordinates":[[[-0.4767666,51.5151394],[-0.4766914,51.5151245],[-0.4766634,51.5148851],[-0.4766155,51.5148387],[-0.4765565,51.5147958],[-0.4760946,51.5145028]]]}},
{"type":"Feature","properties":{"highway":"footway","name":null,"category":"Footpath (pedestrian only)"},"geometry":{"type":"MultiLineString","coordinates":[[[-0.4570815,51.5178725],[-0.4571077,51.5178624],[-0.457489,51.5176442],[-0.4576761,51.5176134],[-0.4579484,51.5175977],[-0.4583118,51.5175643],[-0.4586942,51.5174569],[-0.4588459,51.5173741],[-0.4590041,51.5172258],[-0.4590565,51.5171172],[-0.4590901,51.5170231],[-0.459097,51.5169224],[-0.4589806,51.5164824],[-0.4589795,51.5163734],[-0.4590135,51.5162405],[-0.4590801,51.5160386],[-0.4590855,51.516018],[-0.4591021,51.5158754],[-0.458992,51.5153782],[-0.4589786,51.5153107],[-0.4589204,51.515121],[-0.4588582,51.5149764],[-0.4587764,51.5148957]]]}},
{"type":"Feature","properties":{"highway":"path","name":null,"category":"Shared path"},"geometry":{"type":"MultiLineString","coordinates":[[[-0.4673397,51.5098494],[-0.467441,51.5099281],[-0.4676774,51.5099663],[-0.4679617,51.5100064],[-0.4682782,51.5100514],[-0.4684848,51.5100915],[-0.4686765,51.5101871]]]}},
{"type":"Feature","properties":{"highway":"footway","name":null,"category":"Footpath (pedestrian only)"},"geometry":{"type":"MultiLineString","coordinates":[[[-0.4725791,51.5102208],[-0.4724651,51.5101418]]]}},
{"type":"Feature","properties":{"highway":"footway","name":null,"category":"Footpath (pedestrian only)"},"geometry":{"type":"MultiLineString","coordinates":[[[-0.4770543,51.515206],[-0.477029,51.5151323],[-0.4769153,51.5147942]]]}},
{"type":"Feature","properties":{"highway":"footway","name":null,"category":"Footpath (pedestrian only)"},"geometry":{"type":"MultiLineString","coordinates":[[[-0.477089,51.5136229],[-0.4770206,51.5136375],[-0.476918,51.5136615],[-0.4768316,51.5136676]]]}},
{"type":"Feature","properties":{"highway":"footway","name":null,"category":"Footpath (pedestrian only)"},"geometry":{"type":"MultiLineString","coordinates":[[[-0.4779566,51.5157555],[-0.4780602,51.5157419],[-0.4780561,51.5157298],[-0.4779873,51.5157388],[-0.4779843,51.5157299],[-0.4780776,51.5157177]]]}},
{"type":"Feature","properties":{"highway":"footway","name":null,"category":"Footpath (pedestrian only)"},"geometry":{"type":"MultiLineString","coordinates":[[[-0.4777806,51.5152344],[-0.4778779,51.5152197],[-0.4778732,51.5152077],[-0.4778107,51.5152171],[-0.4778059,51.5152047],[-0.4778916,51.5151917]]]}},
{"type":"Feature","properties":{"highway":"footway","name":null,"category":"Footpath (pedestrian only)"},"geometry":{"type":"MultiLineString","coordinates":[[[-0.4775129,51.5150669],[-0.4773886,51.5150833],[-0.4771551,51.5151149],[-0.477029,51.5151323],[-0.4769046,51.5151491],[-0.4768444,51.5151554],[-0.4767666,51.5151394]]]}},
{"type":"Feature","properties":{"highway":"footway","name":null,"category":"Footpath (pedestrian only)"},"geometry":{"type":"MultiLineString","coordinates":[[[-0.4777106,51.5146875],[-0.4776065,51.5147007],[-0.4774912,51.514715],[-0.4772736,51.5147452],[-0.4770474,51.5147758],[-0.4769153,51.5147942],[-0.4767931,51.5148123],[-0.4766155,51.5148387]]]}},
{"type":"Feature","properties":{"highway":"footway","name":"Y2","category":"Footpath (pedestrian only)"},"geometry":{"type":"MultiLineString","coordinates":[[[-0.4663211,51.5207439],[-0.4663166,51.5206588],[-0.4672474,51.5206326],[-0.4672645,51.5206289],[-0.4672775,51.5206241],[-0.467473,51.5205036],[-0.4694459,51.5205251],[-0.4695194,51.5202256],[-0.46953,51.520188],[-0.4695977,51.5199846],[-0.4697191,51.5196773],[-0.4698503,51.5193093],[-0.4700966,51.5186313],[-0.4701391,51.5185233],[-0.470208,51.518156],[-0.4702204,51.5180822],[-0.4702389,51.518022],[-0.4702789,51.5172827]]]}},
{"type":"Feature","properties":{"highway":"footway","name":null,"category":"Footpath (pedestrian only)"},"geometry":{"type":"MultiLineString","coordinates":[[[-0.4629765,51.5263519],[-0.4627417,51.526299],[-0.4627023,51.5262985],[-0.4626644,51.5262906],[-0.462205,51.5261265],[-0.4620962,51.5261264]]]}},
{"type":"Feature","properties":{"highway":"footway","name":null,"category":"Footpath (pedestrian only)"},"geometry":{"type":"MultiLineString","coordinates":[[[-0.4627023,51.5262985],[-0.4626028,51.5264376],[-0.4624939,51.5265636]]]}},
{"type":"Feature","properties":{"highway":"footway","name":null,"category":"Footpath (pedestrian only)"},"geometry":{"type":"MultiLineString","coordinates":[[[-0.4627023,51.5262985],[-0.4627696,51.5262617],[-0.4628122,51.5262221],[-0.4628249,51.5260659],[-0.4628405,51.5260174],[-0.4630122,51.5259618],[-0.4630135,51.5259129]]]}},
{"type":"Feature","properties":{"highway":"footway","name":null,"category":"Footpath (pedestrian only)"},"geometry":{"type":"MultiLineString","coordinates":[[[-0.4619027,51.5263934],[-0.4617777,51.5263491],[-0.4617158,51.5263272],[-0.4618621,51.5261771]]]}},
{"type":"Feature","properties":{"highway":"footway","name":null,"category":"Footpath (pedestrian only)"},"geometry":{"type":"MultiLineString","coordinates":[[[-0.4606291,51.525503],[-0.4606388,51.5254931],[-0.4605836,51.5254718]]]}},
{"type":"Feature","properties":{"highway":"footway","name":null,"category":"Footpath (pedestrian only)"},"geometry":{"type":"MultiLineString","coordinates":[[[-0.4605836,51.5254718],[-0.4603725,51.5253943],[-0.4603506,51.5254157],[-0.4602611,51.5253853],[-0.4599844,51.5252914],[-0.4599513,51.5252737]]]}},
{"type":"Feature","properties":{"highway":"footway","name":null,"category":"Footpath (pedestrian only)"},"geometry":{"type":"MultiLineString","coordinates":[[[-0.4798534,51.5153989],[-0.4797075,51.5153993]]]}},
{"type":"Feature","properties":{"highway":"footway","name":null,"category":"Footpath (pedestrian only)"},"geometry":{"type":"MultiLineString","coordinates":[[[-0.4797075,51.5153993],[-0.4796761,51.5153994],[-0.4796337,51.5153995]]]}},
{"type":"Feature","properties":{"highway":"footway","name":null,"category":"Footpath (pedestrian only)"},"geometry":{"type":"MultiLineString","coordinates":[[[-0.4774985,51.5137261],[-0.4776504,51.5139121],[-0.4777885,51.5140928],[-0.4778409,51.5141783],[-0.4779616,51.5145002],[-0.4780988,51.5149082],[-0.4783312,51.5156218],[-0.478442,51.5159229],[-0.4785248,51.5161012],[-0.4786179,51.5162569],[-0.4787136,51.516399],[-0.4787833,51.5164961],[-0.478926,51.5166382],[-0.4791061,51.5167887],[-0.4792424,51.5168851],[-0.4792575,51.5168942],[-0.4792778,51.5168989]]]}},
{"type":"Feature","properties":{"highway":"footway","name":null,"category":"Footpath (pedestrian only)"},"geometry":{"type":"MultiLineString","coordinates":[[[-0.4804366,51.515275],[-0.4804244,51.5153201],[-0.4804085,51.5153772],[-0.4803965,51.5154031],[-0.4803907,51.5154135],[-0.4803791,51.5154231],[-0.4803628,51.5154306],[-0.480343,51.5154359],[-0.4803326,51.5154732],[-0.4803169,51.5155464],[-0.4803134,51.5156301],[-0.4803321,51.5157086],[-0.4803585,51.5157871],[-0.4803965,51.5158523],[-0.4804445,51.5159127],[-0.480519,51.5159828],[-0.4810536,51.5162719],[-0.4811126,51.5163078],[-0.4811636,51.5163487],[-0.4812575,51.5164572],[-0.4813527,51.5165164],[-0.4814036,51.5165385],[-0.4814707,51.5165547],[-0.4815619,51.5165531],[-0.4816276,51.5165398],[-0.4816833,51.516526],[-0.4817362,51.5165055],[-0.481807,51.5164304],[-0.4818181,51.516416],[-0.4818248,51.5164016],[-0.4818301,51.5163811],[-0.4818306,51.5163706],[-0.4818284,51.5163606],[-0.4817845,51.5163053],[-0.4815354,51.5160159],[-0.4814523,51.5158761],[-0.4814329,51.515813],[-0.4814286,51.5157703],[-0.4814347,51.5156894],[-0.4814603,51.5156413],[-0.4814913,51.5155965],[-0.4815116,51.5155615],[-0.4815166,51.5155436],[-0.481519,51.5155257],[-0.4815147,51.5155093],[-0.4815089,51.5154932],[-0.48149,51.5154621],[-0.481297,51.5152813],[-0.4811247,51.5151318],[-0.4810851,51.5151114],[-0.481044,51.5150958],[-0.4809905,51.515085],[-0.4809463,51.5150818],[-0.4808192,51.5151017],[-0.4807245,51.5151245],[-0.480626,51.5151547],[-0.4804971,51.5152025],[-0.4804756,51.5152171],[-0.4804572,51.5152354],[-0.4804366,51.515275]]]}},
{"type":"Feature","properties":{"highway":"footway","name":null,"category":"Footpath (pedestrian only)"},"geometry":{"type":"MultiLineString","coordinates":[[[-0.4795571,51.5174872],[-0.4795459,51.5175143],[-0.4796637,51.517612]]]}},
{"type":"Feature","properties":{"highway":"footway","name":null,"category":"Footpath (pedestrian only)"},"geometry":{"type":"MultiLineString","coordinates":[[[-0.4817362,51.5165055],[-0.4818169,51.516572],[-0.4818644,51.5165864]]]}},
{"type":"Feature","properties":{"highway":"footway","name":null,"category":"Footpath (pedestrian only)"},"geometry":{"type":"MultiLineString","coordinates":[[[-0.4794751,51.5164081],[-0.4796361,51.5164012],[-0.4796562,51.5164026],[-0.479674,51.5164076],[-0.4797078,51.5164361],[-0.4797329,51.5164682],[-0.4797603,51.5165039],[-0.4798226,51.5165529],[-0.4798728,51.5165777],[-0.4799653,51.5166203],[-0.4800113,51.516636],[-0.4800478,51.5166429],[-0.480078,51.5166421],[-0.4801068,51.5166389],[-0.4801333,51.5166321],[-0.4801605,51.5166228],[-0.480202,51.5165976],[-0.4802322,51.5165736],[-0.4803415,51.5164935],[-0.4804059,51.5164394],[-0.4804595,51.5163829],[-0.480487,51.5163432],[-0.4804877,51.5163194],[-0.4804867,51.5163071],[-0.4804837,51.5162938],[-0.4804746,51.5162678],[-0.4804698,51.5162556],[-0.4804609,51.5162443],[-0.4804485,51.5162257],[-0.480422,51.5162076],[-0.4803928,51.5161957],[-0.4803482,51.5161819],[-0.4803016,51.5161744],[-0.4801859,51.5161651],[-0.4800582,51.5161619],[-0.4800396,51.5161605],[-0.4800243,51.5161571],[-0.4800079,51.516151],[-0.479976,51.5161406],[-0.4799204,51.51612],[-0.4797326,51.5160198],[-0.4796164,51.5159591],[-0.4795703,51.5159224],[-0.4795395,51.5158754],[-0.4795036,51.5157983],[-0.479495,51.515758],[-0.4794899,51.5157169],[-0.4795073,51.5156552],[-0.4795677,51.5155191],[-0.4795773,51.5154764],[-0.4795873,51.5154438]]]}},
{"type":"Feature","properties":{"highway":"footway","name":null,"category":"Footpath (pedestrian only)"},"geometry":{"type":"MultiLineString","coordinates":[[[-0.480343,51.5154359],[-0.4802882,51.5154159],[-0.4802602,51.5154069],[-0.4802275,51.5154031],[-0.4801095,51.515399],[-0.4798534,51.5153989]]]}},
{"type":"Feature","properties":{"highway":"footway","name":null,"category":"Footpath (pedestrian only)"},"geometry":{"type":"MultiLineString","coordinates":[[[-0.4798336,51.5177078],[-0.4797749,51.5177048],[-0.4797001,51.5176407],[-0.4796637,51.517612]]]}},
{"type":"Feature","properties":{"highway":"footway","name":null,"category":"Footpath (pedestrian only)"},"geometry":{"type":"MultiLineString","coordinates":[[[-0.4589928,51.5260332],[-0.4589945,51.525988],[-0.4590246,51.5259247],[-0.4590553,51.5258693]]]}},
{"type":"Feature","properties":{"highway":"footway","name":null,"category":"Footpath (pedestrian only)"},"geometry":{"type":"MultiLineString","coordinates":[[[-0.4658916,51.53139],[-0.4658811,51.5313736],[-0.465352,51.5305133],[-0.4652287,51.5305233]]]}},
{"type":"Feature","properties":{"highway":"footway","name":null,"category":"Footpath (pedestrian only)"},"geometry":{"type":"MultiLineString","coordinates":[[[-0.465352,51.5305133],[-0.4652394,51.530253],[-0.4651871,51.5301996],[-0.4651348,51.5301529],[-0.464998,51.5300895],[-0.4649162,51.5300628],[-0.4648371,51.5300461],[-0.4646185,51.5300452],[-0.4644304,51.5300588],[-0.4639454,51.5291659],[-0.4631331,51.5293348],[-0.4630618,51.5293487]]]}},
{"type":"Feature","properties":{"highway":"footway","name":null,"category":"Footpath (pedestrian only)"},"geometry":{"type":"MultiLineString","coordinates":[[[-0.4646416,51.5288461],[-0.4647267,51.5289984],[-0.4639454,51.5291659]]]}},
{"type":"Feature","properties":{"highway":"footway","name":null,"category":"Footpath (pedestrian only)"},"geometry":{"type":"MultiLineString","coordinates":[[[-0.4639454,51.5291659],[-0.4635879,51.5284995]]]}},
{"type":"Feature","properties":{"highway":"footway","name":null,"category":"Footpath (pedestrian only)"},"geometry":{"type":"MultiLineString","coordinates":[[[-0.4667901,51.532325],[-0.4666558,51.5323587],[-0.4664658,51.5321748],[-0.4664448,51.5321572],[-0.4663243,51.532026],[-0.4661775,51.5318035],[-0.4659695,51.5314758],[-0.4658916,51.53139]]]}},
{"type":"Feature","properties":{"highway":"footway","name":null,"category":"Footpath (pedestrian only)"},"geometry":{"type":"MultiLineString","coordinates":[[[-0.4731917,51.5332275],[-0.4724403,51.5332229],[-0.4724356,51.5331368],[-0.4724378,51.5328232],[-0.4724395,51.5325748],[-0.4724403,51.5324593],[-0.472442,51.5322133]]]}},
{"type":"Feature","properties":{"highway":"footway","name":null,"category":"Footpath (pedestrian only)"},"geometry":{"type":"MultiLineString","coordinates":[[[-0.4716716,51.5331291],[-0.4716648,51.5328231],[-0.47219,51.5328214],[-0.4724378,51.5328232]]]}},
{"type":"Feature","properties":{"highway":"footway","name":null,"category":"Footpath (pedestrian only)"},"geometry":{"type":"MultiLineString","coordinates":[[[-0.4724395,51.5325748],[-0.4721905,51.5327776]]]}},
{"type":"Feature","properties":{"highway":"footway","name":null,"category":"Footpath (pedestrian only)"},"geometry":{"type":"MultiLineString","coordinates":[[[-0.47219,51.5328214],[-0.4721905,51.5327776],[-0.4721927,51.5325805],[-0.4721969,51.532209],[-0.472442,51.5322133],[-0.472442,51.5320304],[-0.4728551,51.5317342]]]}},
{"type":"Feature","properties":{"highway":"footway","name":null,"category":"Footpath (pedestrian only)"},"geometry":{"type":"MultiLineString","coordinates":[[[-0.4728551,51.5317342],[-0.4728341,51.5322133],[-0.4729473,51.5322127],[-0.4731969,51.5322114],[-0.4734095,51.5322102],[-0.4736464,51.532209],[-0.4736394,51.5317298],[-0.473462,51.5317308],[-0.4731959,51.5317323],[-0.4728551,51.5317342]]]}},
{"type":"Feature","properties":{"highway":"footway","name":null,"category":"Footpath (pedestrian only)"},"geometry":{"type":"MultiLineString","coordinates":[[[-0.4728341,51.5322133],[-0.472442,51.5322133]]]}},
{"type":"Feature","properties":{"highway":"footway","name":null,"category":"Footpath (pedestrian only)"},"geometry":{"type":"MultiLineString","coordinates":[[[-0.472442,51.5320304],[-0.4724436,51.5319696],[-0.4724592,51.5317308]]]}},
{"type":"Feature","properties":{"highway":"footway","name":null,"category":"Footpath (pedestrian only)"},"geometry":{"type":"MultiLineString","coordinates":[[[-0.4721969,51.532209],[-0.472442,51.5320304]]]}},
{"type":"Feature","properties":{"highway":"footway","name":null,"category":"Footpath (pedestrian only)"},"geometry":{"type":"MultiLineString","coordinates":[[[-0.4721969,51.532209],[-0.4721922,51.5319684],[-0.4724436,51.5319696]]]}},
{"type":"Feature","properties":{"highway":"footway","name":null,"category":"Footpath (pedestrian only)"},"geometry":{"type":"MultiLineString","coordinates":[[[-0.4721922,51.5319684],[-0.4721829,51.5317168]]]}},
{"type":"Feature","properties":{"highway":"footway","name":null,"category":"Footpath (pedestrian only)"},"geometry":{"type":"MultiLineString","coordinates":[[[-0.4716648,51.5328231],[-0.4711335,51.5331237]]]}},
{"type":"Feature","properties":{"highway":"footway","name":null,"category":"Footpath (pedestrian only)"},"geometry":{"type":"MultiLineString","coordinates":[[[-0.4738644,51.5320622],[-0.4736464,51.532209]]]}},
{"type":"Feature","properties":{"highway":"footway","name":null,"category":"Footpath (pedestrian only)"},"geometry":{"type":"MultiLineString","coordinates":[[[-0.4731895,51.5324627],[-0.473024,51.5324619],[-0.4724403,51.5324593]]]}},
{"type":"Feature","properties":{"highway":"footway","name":null,"category":"Footpath (pedestrian only)"},"geometry":{"type":"MultiLineString","coordinates":[[[-0.4731895,51.5324627],[-0.4731969,51.5322114]]]}},
{"type":"Feature","properties":{"highway":"footway","name":null,"category":"Footpath (pedestrian only)"},"geometry":{"type":"MultiLineString","coordinates":[[[-0.4736617,51.5322891],[-0.4736464,51.532209]]]}},
{"type":"Feature","properties":{"highway":"footway","name":null,"category":"Footpath (pedestrian only)"},"geometry":{"type":"MultiLineString","coordinates":[[[-0.4728551,51.5317342],[-0.4724592,51.5317308]]]}},
{"type":"Feature","properties":{"highway":"footway","name":null,"category":"Footpath (pedestrian only)"},"geometry":{"type":"MultiLineString","coordinates":[[[-0.4724395,51.5325748],[-0.4721927,51.5325805]]]}},
{"type":"Feature","properties":{"highway":"footway","name":null,"category":"Footpath (pedestrian only)"},"geometry":{"type":"MultiLineString","coordinates":[[[-0.4721823,51.5308955],[-0.4721839,51.5310057],[-0.4721893,51.5314008],[-0.4719793,51.5314095],[-0.4719653,51.5316709],[-0.4721893,51.5316709],[-0.4721829,51.5317168]]]}},
{"type":"Feature","properties":{"highway":"footway","name":null,"category":"Footpath (pedestrian only)"},"geometry":{"type":"MultiLineString","coordinates":[[[-0.4721823,51.5308955],[-0.4720415,51.5309012]]]}},
{"type":"Feature","properties":{"highway":"footway","name":null,"category":"Footpath (pedestrian only)"},"geometry":{"type":"MultiLineString","coordinates":[[[-0.4721839,51.5310057],[-0.4720415,51.5309012]]]}},
{"type":"Feature","properties":{"highway":"footway","name":null,"category":"Footpath (pedestrian only)"},"geometry":{"type":"MultiLineString","coordinates":[[[-0.4720415,51.5309012],[-0.4717685,51.5309274]]]}},
{"type":"Feature","properties":{"highway":"footway","name":null,"category":"Footpath (pedestrian only)"},"geometry":{"type":"MultiLineString","coordinates":[[[-0.4717685,51.5309274],[-0.4716704,51.5309797],[-0.4714534,51.5309971],[-0.4710543,51.5311757],[-0.4710192,51.5316113],[-0.4710823,51.531633],[-0.4711033,51.5319728],[-0.4709562,51.5319989],[-0.4709772,51.5322951],[-0.4710753,51.5323038],[-0.4710304,51.5327022],[-0.4710262,51.5327394],[-0.4710074,51.5327807],[-0.4708515,51.5331221]]]}},
{"type":"Feature","properties":{"highway":"footway","name":null,"category":"Footpath (pedestrian only)"},"geometry":{"type":"MultiLineString","coordinates":[[[-0.4710543,51.5311757],[-0.4710613,51.5309971]]]}},
{"type":"Feature","properties":{"highway":"footway","name":null,"category":"Footpath (pedestrian only)"},"geometry":{"type":"MultiLineString","coordinates":[[[-0.4709562,51.5319989],[-0.4709632,51.5319031]]]}},
{"type":"Feature","properties":{"highway":"footway","name":null,"category":"Footpath (pedestrian only)"},"geometry":{"type":"MultiLineString","coordinates":[[[-0.4708877,51.5313714],[-0.4708862,51.5310145],[-0.4704661,51.5310537],[-0.47034,51.5310929],[-0.4701577,51.5311118],[-0.4701683,51.5312252],[-0.4701858,51.5312716],[-0.4703199,51.5313225],[-0.4703572,51.5313211],[-0.4704399,51.5313257],[-0.4705257,51.5313299],[-0.4706156,51.5313634],[-0.4707415,51.5313725],[-0.4708877,51.5313714]]]}},
{"type":"Feature","properties":{"highway":"footway","name":null,"category":"Footpath (pedestrian only)"},"geometry":{"type":"MultiLineString","coordinates":[[[-0.4703572,51.5313211],[-0.4703492,51.5314693],[-0.4703,51.5315352],[-0.4702674,51.5317049],[-0.4702684,51.5318899],[-0.4703849,51.5319348],[-0.4705282,51.531919],[-0.4705885,51.5318209],[-0.4708498,51.5317516]]]}},
{"type":"Feature","properties":{"highway":"footway","name":null,"category":"Footpath (pedestrian only)"},"geometry":{"type":"MultiLineString","coordinates":[[[-0.4705885,51.5318209],[-0.4705934,51.5317486]]]}},
{"type":"Feature","properties":{"highway":"footway","name":null,"category":"Footpath (pedestrian only)"},"geometry":{"type":"MultiLineString","coordinates":[[[-0.4701683,51.5312252],[-0.4697805,51.5312147],[-0.4695483,51.5312099]]]}},
{"type":"Feature","properties":{"highway":"footway","name":null,"category":"Footpath (pedestrian only)"},"geometry":{"type":"MultiLineString","coordinates":[[[-0.4697805,51.5312147],[-0.4697854,51.5311196]]]}},
{"type":"Feature","properties":{"highway":"footway","name":null,"category":"Footpath (pedestrian only)"},"geometry":{"type":"MultiLineString","coordinates":[[[-0.4695483,51.5312099],[-0.4695145,51.5312249],[-0.469408,51.5312249],[-0.4692145,51.5312219]]]}},
{"type":"Feature","properties":{"highway":"footway","name":null,"category":"Footpath (pedestrian only)"},"geometry":{"type":"MultiLineString","coordinates":[[[-0.469408,51.5312249],[-0.4694177,51.5311587]]]}},
{"type":"Feature","properties":{"highway":"path","name":null,"category":"Shared path"},"geometry":{"type":"MultiLineString","coordinates":[[[-0.4716704,51.5309797],[-0.4715726,51.5312226],[-0.4715625,51.5318593],[-0.4714819,51.5320371],[-0.4714551,51.5320961],[-0.4711825,51.5325817],[-0.4711271,51.5326521],[-0.4710304,51.5327022]]]}},
{"type":"Feature","properties":{"highway":"footway","name":null,"category":"Footpath (pedestrian only)"},"geometry":{"type":"MultiLineString","coordinates":[[[-0.4691912,51.5317384],[-0.4691821,51.5318877],[-0.469182,51.531896],[-0.4691771,51.532356],[-0.4691864,51.5323687],[-0.4692388,51.5323954],[-0.4692839,51.5324348],[-0.4692841,51.5324941],[-0.4692559,51.532536],[-0.4692096,51.5325681],[-0.4691999,51.5327777],[-0.4691456,51.532813],[-0.4692904,51.5328883],[-0.4693561,51.5329939],[-0.4693719,51.533118],[-0.4693177,51.5332499],[-0.4692324,51.5333246],[-0.4691372,51.5333522],[-0.4691315,51.5334838],[-0.4693556,51.5336058]]]}},
{"type":"Feature","properties":{"highway":"footway","name":null,"category":"Footpath (pedestrian only)"},"geometry":{"type":"MultiLineString","coordinates":[[[-0.4708541,51.5331397],[-0.4709171,51.5336537],[-0.4709661,51.5340065],[-0.4709101,51.5343855]]]}},
{"type":"Feature","properties":{"highway":"footway","name":null,"category":"Footpath (pedestrian only)"},"geometry":{"type":"MultiLineString","coordinates":[[[-0.4736394,51.5317298],[-0.4736311,51.5314957]]]}},
{"type":"Feature","properties":{"highway":"footway","name":null,"category":"Footpath (pedestrian only)"},"geometry":{"type":"MultiLineString","coordinates":[[[-0.473462,51.5317308],[-0.473469,51.5314816]]]}},
{"type":"Feature","properties":{"highway":"footway","name":null,"category":"Footpath (pedestrian only)"},"geometry":{"type":"MultiLineString","coordinates":[[[-0.4731959,51.5317323],[-0.4731959,51.5314772],[-0.473469,51.5314816]]]}},
{"type":"Feature","properties":{"highway":"footway","name":null,"category":"Footpath (pedestrian only)"},"geometry":{"type":"MultiLineString","coordinates":[[[-0.4728551,51.5317342],[-0.4728516,51.5315072]]]}},
{"type":"Feature","properties":{"highway":"footway","name":null,"category":"Footpath (pedestrian only)"},"geometry":{"type":"MultiLineString","coordinates":[[[-0.4690149,51.5328106],[-0.469032,51.5329748],[-0.4688616,51.5330384],[-0.4684687,51.5330326],[-0.4681211,51.532982],[-0.46776,51.5327565],[-0.4676114,51.5326582],[-0.4673629,51.5325563],[-0.4670067,51.5324796],[-0.4669712,51.532472]]]}},
{"type":"Feature","properties":{"highway":"footway","name":null,"category":"Footpath (pedestrian only)"},"geometry":{"type":"MultiLineString","coordinates":[[[-0.4670067,51.5324796],[-0.4674821,51.5328954],[-0.4675843,51.5329007],[-0.46776,51.5327565]]]}},
{"type":"Feature","properties":{"highway":"footway","name":null,"category":"Footpath (pedestrian only)"},"geometry":{"type":"MultiLineString","coordinates":[[[-0.4690149,51.5328106],[-0.4689894,51.5327629],[-0.4689922,51.5326997],[-0.4689979,51.5325722],[-0.4689383,51.5324981],[-0.4684956,51.5324961],[-0.4677631,51.5324928]]]}},
{"type":"Feature","properties":{"highway":"footway","name":null,"category":"Footpath (pedestrian only)"},"geometry":{"type":"MultiLineString","coordinates":[[[-0.4682826,51.5326676],[-0.4684956,51.5324961]]]}},
{"type":"Feature","properties":{"highway":"footway","name":null,"category":"Footpath (pedestrian only)"},"geometry":{"type":"MultiLineString","coordinates":[[[-0.4689922,51.5326997],[-0.468785,51.5326835],[-0.4684956,51.5324961]]]}},
{"type":"Feature","properties":{"highway":"footway","name":null,"category":"Footpath (pedestrian only)"},"geometry":{"type":"MultiLineString","coordinates":[[[-0.4688276,51.5339018],[-0.4688106,51.5338171],[-0.4689809,51.5335575],[-0.4689638,51.5333403],[-0.4687595,51.5332079],[-0.4684119,51.533191],[-0.4681186,51.5332291],[-0.4680721,51.5333335],[-0.468128,51.5334238],[-0.4681208,51.5335416],[-0.4680782,51.533674],[-0.4681513,51.5339276]]]}},
{"type":"Feature","properties":{"highway":"footway","name":null,"category":"Footpath (pedestrian only)"},"geometry":{"type":"MultiLineString","coordinates":[[[-0.4680721,51.5333335],[-0.4679972,51.5333127],[-0.4678739,51.5333456],[-0.4678313,51.533388],[-0.4678443,51.5334795],[-0.4678909,51.5335681],[-0.4680527,51.5337747],[-0.4681513,51.5339276]]]}},
{"type":"Feature","properties":{"highway":"footway","name":null,"category":"Footpath (pedestrian only)"},"geometry":{"type":"MultiLineString","coordinates":[[[-0.473024,51.5324619],[-0.473024,51.5322964],[-0.4729473,51.5322127]]]}},
{"type":"Feature","properties":{"highway":"footway","name":null,"category":"Footpath (pedestrian only)"},"geometry":{"type":"MultiLineString","coordinates":[[[-0.4725354,51.520199],[-0.4734252,51.5194681],[-0.4733308,51.5194474],[-0.4732566,51.5194127],[-0.4731878,51.5193593],[-0.4732131,51.5194097],[-0.473197,51.5194453],[-0.4726147,51.5199429],[-0.4724104,51.5202501]]]}},
{"type":"Feature","properties":{"highway":"footway","name":null,"category":"Footpath (pedestrian only)"},"geometry":{"type":"MultiLineString","coordinates":[[[-0.4731878,51.5193593],[-0.47315,51.5193457],[-0.4731135,51.5193366],[-0.4730946,51.5193357],[-0.4730756,51.5193381],[-0.4730405,51.5193438],[-0.4730074,51.5193524],[-0.4729798,51.5193644],[-0.4728491,51.5194613],[-0.4727153,51.5195601],[-0.4726836,51.5195736],[-0.4726426,51.5195833],[-0.4725313,51.5196013],[-0.4724465,51.5196126],[-0.4723513,51.5196248],[-0.4722886,51.5196337],[-0.4722207,51.5196391],[-0.4721861,51.5196363],[-0.4721542,51.5196252],[-0.4720552,51.5195718],[-0.4719778,51.5195051],[-0.4717611,51.5193115],[-0.4714579,51.5190202],[-0.4714739,51.518675],[-0.4716086,51.5187853],[-0.4717557,51.518886],[-0.4719096,51.5189571],[-0.4719949,51.5189951],[-0.4720988,51.5190302],[-0.4721538,51.5190385],[-0.4722088,51.5190381],[-0.4722765,51.5190369],[-0.4723443,51.519032],[-0.4726697,51.5189894],[-0.472846,51.5189559],[-0.4730311,51.5189127],[-0.4730315,51.5190344],[-0.4730381,51.5190648],[-0.4730779,51.5191668],[-0.4731211,51.519257],[-0.4731878,51.5193593]]]}},
{"type":"Feature","properties":{"highway":"footway","name":null,"category":"Footpath (pedestrian only)"},"geometry":{"type":"MultiLineString","coordinates":[[[-0.4730311,51.5189127],[-0.4733132,51.5188267],[-0.473492,51.5188414],[-0.473545,51.5188464],[-0.4736007,51.5188489],[-0.4737211,51.518848],[-0.4738641,51.5187857],[-0.4738591,51.5188633],[-0.4738531,51.5189329],[-0.4738267,51.5190265],[-0.473714,51.5192408],[-0.4734252,51.5194681]]]}},
{"type":"Feature","properties":{"highway":"footway","name":null,"category":"Footpath (pedestrian only)"},"geometry":{"type":"MultiLineString","coordinates":[[[-0.4714739,51.518675],[-0.4712891,51.5186614]]]}},
{"type":"Feature","properties":{"highway":"footway","name":null,"category":"Footpath (pedestrian only)"},"geometry":{"type":"MultiLineString","coordinates":[[[-0.4738641,51.5187857],[-0.4746892,51.5182543]]]}},
{"type":"Feature","properties":{"highway":"footway","name":null,"category":"Footpath (pedestrian only)"},"geometry":{"type":"MultiLineString","coordinates":[[[-0.4738641,51.5187857],[-0.4739726,51.518548],[-0.474153,51.5179489],[-0.4739627,51.518136],[-0.4739082,51.5182246],[-0.4738998,51.5182594],[-0.4738873,51.5182929],[-0.4738705,51.5183186],[-0.4738477,51.5183444],[-0.4738071,51.5183892],[-0.4737817,51.5184179],[-0.4737522,51.5184466],[-0.4736324,51.518545],[-0.4735256,51.5186299],[-0.4734249,51.5187369],[-0.4733132,51.5188267]]]}},
{"type":"Feature","properties":{"highway":"footway","name":null,"category":"Footpath (pedestrian only)"},"geometry":{"type":"MultiLineString","coordinates":[[[-0.474153,51.5179489],[-0.4744189,51.5175074]]]}},
{"type":"Feature","properties":{"highway":"footway","name":null,"category":"Footpath (pedestrian only)"},"geometry":{"type":"MultiLineString","coordinates":[[[-0.4744189,51.5175074],[-0.4746442,51.5168875],[-0.4747809,51.5162808]]]}},
{"type":"Feature","properties":{"highway":"footway","name":null,"category":"Footpath (pedestrian only)"},"geometry":{"type":"MultiLineString","coordinates":[[[-0.4711664,51.5267723],[-0.4711731,51.5267091],[-0.4712046,51.5264129],[-0.4713736,51.524819],[-0.4714547,51.5240543]]]}},
{"type":"Feature","properties":{"highway":"footway","name":null,"category":"Footpath (pedestrian only)"},"geometry":{"type":"MultiLineString","coordinates":[[[-0.4713736,51.524819],[-0.4714436,51.5247579],[-0.4716321,51.5247442],[-0.4735879,51.5249186],[-0.473877,51.5249101]]]}},
{"type":"Feature","properties":{"highway":"footway","name":null,"category":"Footpath (pedestrian only)"},"geometry":{"type":"MultiLineString","coordinates":[[[-0.4735879,51.5249186],[-0.4735171,51.5249856]]]}},
{"type":"Feature","properties":{"highway":"footway","name":null,"category":"Footpath (pedestrian only)"},"geometry":{"type":"MultiLineString","coordinates":[[[-0.4735171,51.5249856],[-0.4712046,51.5264129],[-0.4708005,51.5266205],[-0.4707102,51.5266823],[-0.4705788,51.5267723],[-0.4707895,51.5267723],[-0.4711664,51.5267723]]]}},
{"type":"Feature","properties":{"highway":"footway","name":null,"category":"Footpath (pedestrian only)"},"geometry":{"type":"MultiLineString","coordinates":[[[-0.4707895,51.5267723],[-0.4707102,51.5266823]]]}},
{"type":"Feature","properties":{"highway":"footway","name":null,"category":"Footpath (pedestrian only)"},"geometry":{"type":"MultiLineString","coordinates":[[[-0.4705788,51.5267723],[-0.4703238,51.5269585],[-0.4702563,51.5270857]]]}},
{"type":"Feature","properties":{"highway":"footway","name":null,"category":"Footpath (pedestrian only)"},"geometry":{"type":"MultiLineString","coordinates":[[[-0.4711731,51.5267091],[-0.4713328,51.5267792],[-0.4719648,51.5267792],[-0.4726079,51.526655],[-0.4732399,51.5263446],[-0.4733951,51.5260066],[-0.4735171,51.5249856]]]}},
{"type":"Feature","properties":{"highway":"footway","name":null,"category":"Footpath (pedestrian only)"},"geometry":{"type":"MultiLineString","coordinates":[[[-0.4735879,51.5249186],[-0.4736279,51.523868],[-0.4735614,51.5237094],[-0.4734616,51.5236335],[-0.4733286,51.5236059],[-0.4718317,51.5235507],[-0.4715878,51.5236335],[-0.4714769,51.5237714],[-0.4714547,51.5240543]]]}},
{"type":"Feature","properties":{"highway":"footway","name":null,"category":"Footpath (pedestrian only)"},"geometry":{"type":"MultiLineString","coordinates":[[[-0.4565598,51.5234886],[-0.4564603,51.5236051],[-0.4562597,51.523841],[-0.4560136,51.5239324],[-0.4555707,51.5241738],[-0.4553657,51.5242867],[-0.4549267,51.5243464],[-0.4549097,51.5242841],[-0.4549126,51.524232],[-0.454922,51.5241768],[-0.4549383,51.5241232],[-0.4549696,51.5240632],[-0.4553765,51.5241343]]]}},
{"type":"Feature","properties":{"highway":"footway","name":null,"category":"Footpath (pedestrian only)"},"geometry":{"type":"MultiLineString","coordinates":[[[-0.4564603,51.5236051],[-0.4565483,51.5236492],[-0.4569675,51.5241175],[-0.457001,51.5242014],[-0.4569447,51.5243358],[-0.4568613,51.524447],[-0.4568784,51.524524],[-0.4569605,51.5246427],[-0.4569838,51.5247019],[-0.4569814,51.5247558],[-0.4569026,51.5248536],[-0.4567702,51.5249139],[-0.4559656,51.5251763],[-0.4557658,51.5252195],[-0.4557766,51.5250931],[-0.4560219,51.5244028],[-0.4561471,51.5241123]]]}},
{"type":"Feature","properties":{"highway":"footway","name":null,"category":"Footpath (pedestrian only)"},"geometry":{"type":"MultiLineString","coordinates":[[[-0.4565598,51.5234886],[-0.4566887,51.5234735]]]}},
{"type":"Feature","properties":{"highway":"footway","name":null,"category":"Footpath (pedestrian only)"},"geometry":{"type":"MultiLineString","coordinates":[[[-0.4555707,51.5241738],[-0.4553765,51.5241343]]]}},
{"type":"Feature","properties":{"highway":"footway","name":null,"category":"Footpath (pedestrian only)"},"geometry":{"type":"MultiLineString","coordinates":[[[-0.4555707,51.5241738],[-0.4556559,51.523968],[-0.4556647,51.523884],[-0.4556437,51.52382],[-0.4554002,51.5235583],[-0.4553727,51.5235214],[-0.4553235,51.5234505],[-0.455291,51.5233502],[-0.455361,51.5232198],[-0.4554234,51.523192],[-0.4554869,51.5231837],[-0.4556402,51.5231963],[-0.4559681,51.5231907],[-0.4560865,51.5231898],[-0.4562959,51.5232016],[-0.456395,51.5232146],[-0.4564349,51.5232418],[-0.4564931,51.5234205],[-0.4565275,51.5234612],[-0.4565598,51.5234886]]]}},
{"type":"Feature","properties":{"highway":"footway","name":null,"category":"Footpath (pedestrian only)"},"geometry":{"type":"MultiLineString","coordinates":[[[-0.4708541,51.5331397],[-0.4708515,51.5331221]]]}},
{"type":"Feature","properties":{"highway":"footway","name":null,"category":"Footpath (pedestrian only)"},"geometry":{"type":"MultiLineString","coordinates":[[[-0.470715,51.533251],[-0.4707135,51.5331183]]]}},
{"type":"Feature","properties":{"highway":"footway","name":null,"category":"Footpath (pedestrian only)"},"geometry":{"type":"MultiLineString","coordinates":[[[-0.4698657,51.5329538],[-0.4698646,51.5330253]]]}},
{"type":"Feature","properties":{"highway":"footway","name":null,"category":"Footpath (pedestrian only)"},"geometry":{"type":"MultiLineString","coordinates":[[[-0.4698661,51.533056],[-0.4698654,51.5331111]]]}},
{"type":"Feature","properties":{"highway":"footway","name":null,"category":"Footpath (pedestrian only)"},"geometry":{"type":"MultiLineString","coordinates":[[[-0.4691214,51.5328128],[-0.469102,51.5328145],[-0.469032,51.5328133]]]}},
{"type":"Feature","properties":{"highway":"footway","name":null,"category":"Footpath (pedestrian only)"},"geometry":{"type":"MultiLineString","coordinates":[[[-0.4691214,51.5328128],[-0.4691456,51.532813]]]}},
{"type":"Feature","properties":{"highway":"footway","name":null,"category":"Footpath (pedestrian only)"},"geometry":{"type":"MultiLineString","coordinates":[[[-0.469032,51.5328133],[-0.4690149,51.5328106]]]}},
{"type":"Feature","properties":{"highway":"footway","name":null,"category":"Footpath (pedestrian only)"},"geometry":{"type":"MultiLineString","coordinates":[[[-0.469109,51.5333535],[-0.4690938,51.5333542],[-0.4690302,51.5333505]]]}},
{"type":"Feature","properties":{"highway":"footway","name":null,"category":"Footpath (pedestrian only)"},"geometry":{"type":"MultiLineString","coordinates":[[[-0.4691372,51.5333522],[-0.469109,51.5333535]]]}},
{"type":"Feature","properties":{"highway":"footway","name":null,"category":"Footpath (pedestrian only)"},"geometry":{"type":"MultiLineString","coordinates":[[[-0.4690302,51.5333505],[-0.4689638,51.5333403]]]}},
{"type":"Feature","properties":{"highway":"footway","name":null,"category":"Footpath (pedestrian only)"},"geometry":{"type":"MultiLineString","coordinates":[[[-0.4703199,51.5313225],[-0.4697741,51.5314394],[-0.4696815,51.5314732],[-0.4695968,51.531534],[-0.4695758,51.5315685],[-0.4695684,51.5316999],[-0.4695672,51.5317335]]]}},
{"type":"Feature","properties":{"highway":"footway","name":null,"category":"Footpath (pedestrian only)"},"geometry":{"type":"MultiLineString","coordinates":[[[-0.469182,51.531896],[-0.4691346,51.5318955],[-0.4691039,51.5318958]]]}},
{"type":"Feature","properties":{"highway":"footway","name":null,"category":"Footpath (pedestrian only)"},"geometry":{"type":"MultiLineString","coordinates":[[[-0.4731618,51.5112345],[-0.4732781,51.5113534],[-0.4734033,51.5114573]]]}},
{"type":"Feature","properties":{"highway":"footway","name":null,"category":"Footpath (pedestrian only)"},"geometry":{"type":"MultiLineString","coordinates":[[[-0.4723514,51.5099718],[-0.4723553,51.5099391],[-0.4723699,51.509817],[-0.4724044,51.5096141]]]}},
{"type":"Feature","properties":{"highway":"footway","name":null,"category":"Footpath (pedestrian only)"},"geometry":{"type":"MultiLineString","coordinates":[[[-0.4693556,51.5336058],[-0.4694177,51.5336359],[-0.4697651,51.5338043]]]}},
{"type":"Feature","properties":{"highway":"footway","name":"U70","category":"Footpath (pedestrian only)"},"geometry":{"type":"MultiLineString","coordinates":[[[-0.4787005,51.5216015],[-0.478756,51.5215833],[-0.4788732,51.5212546],[-0.4790496,51.5208869],[-0.4792261,51.5205415],[-0.4793395,51.5204441]]]}},
{"type":"Feature","properties":{"highway":"footway","name":null,"category":"Footpath (pedestrian only)"},"geometry":{"type":"MultiLineString","coordinates":[[[-0.4797897,51.5228482],[-0.4798196,51.5227411],[-0.4800321,51.5227638],[-0.4799763,51.522912],[-0.4798994,51.52292]]]}},
{"type":"Feature","properties":{"highway":"footway","name":null,"category":"Footpath (pedestrian only)"},"geometry":{"type":"MultiLineString","coordinates":[[[-0.4800321,51.5227638],[-0.4801844,51.5226983]]]}},
{"type":"Feature","properties":{"highway":"footway","name":null,"category":"Footpath (pedestrian only)"},"geometry":{"type":"MultiLineString","coordinates":[[[-0.4557658,51.5252195],[-0.4557916,51.5253442],[-0.4558073,51.5255353],[-0.4557625,51.5255441],[-0.4557236,51.5255682],[-0.4557137,51.5255974],[-0.4557124,51.5256082]]]}},
{"type":"Feature","properties":{"highway":"footway","name":null,"category":"Footpath (pedestrian only)"},"geometry":{"type":"MultiLineString","coordinates":[[[-0.4558073,51.5255353],[-0.4558601,51.5255414],[-0.4558979,51.5255553],[-0.4559156,51.5255704],[-0.4559204,51.5255844],[-0.4559171,51.5256215]]]}},
{"type":"Feature","properties":{"highway":"footway","name":null,"category":"Footpath (pedestrian only)"},"geometry":{"type":"MultiLineString","coordinates":[[[-0.4658745,51.5295657],[-0.4658763,51.5294943],[-0.4658748,51.5294574],[-0.465849,51.5294061],[-0.465816,51.5293832],[-0.4657814,51.5293631],[-0.4657574,51.5293396],[-0.4657392,51.5293134],[-0.4657223,51.5292898],[-0.4657113,51.5292557],[-0.4657162,51.5292284],[-0.465724,51.5292088],[-0.4657397,51.5291826],[-0.4657498,51.5291443],[-0.4657284,51.5290553]]]}},
{"type":"Feature","properties":{"highway":"footway","name":null,"category":"Footpath (pedestrian only)"},"geometry":{"type":"MultiLineString","coordinates":[[[-0.465724,51.5292088],[-0.4656073,51.5292149],[-0.4655713,51.5292211],[-0.4655242,51.5292447],[-0.4654492,51.5292645],[-0.4654253,51.5292748],[-0.4654311,51.5292928],[-0.4654334,51.529309]]]}},
{"type":"Feature","properties":{"highway":"footway","name":null,"category":"Footpath (pedestrian only)"},"geometry":{"type":"MultiLineString","coordinates":[[[-0.4654492,51.5292645],[-0.4654195,51.5292208],[-0.4654105,51.5291916],[-0.4654107,51.5291581],[-0.4654092,51.5291373],[-0.4653755,51.529027]]]}},
{"type":"Feature","properties":{"highway":"footway","name":null,"category":"Footpath (pedestrian only)"},"geometry":{"type":"MultiLineString","coordinates":[[[-0.4658763,51.5294943],[-0.4657585,51.5295139],[-0.465689,51.5295213],[-0.4656216,51.5295254],[-0.4655613,51.5295215],[-0.4655736,51.5295486],[-0.4655816,51.5295701]]]}},
{"type":"Feature","properties":{"highway":"footway","name":null,"category":"Footpath (pedestrian only)"},"geometry":{"type":"MultiLineString","coordinates":[[[-0.4655613,51.5295215],[-0.4655498,51.5294783],[-0.4655353,51.5294495],[-0.4655098,51.5294236],[-0.4654639,51.5293973],[-0.4654557,51.5293674],[-0.4654311,51.529339],[-0.4654334,51.529309]]]}},
{"type":"Feature","properties":{"highway":"footway","name":null,"category":"Footpath (pedestrian only)"},"geometry":{"type":"MultiLineString","coordinates":[[[-0.477089,51.5136229],[-0.477202,51.5137774],[-0.4773746,51.5139597],[-0.4774425,51.5140391],[-0.4774789,51.5141257],[-0.4775539,51.5143062],[-0.4776289,51.5144657],[-0.4776831,51.5146099],[-0.4777106,51.5146875],[-0.4778028,51.5149472],[-0.4778916,51.5151917],[-0.4779012,51.515218],[-0.4779049,51.5152293],[-0.4779873,51.5154791],[-0.4779946,51.5155014],[-0.4780776,51.5157177],[-0.4780824,51.5157303],[-0.4780893,51.5157494],[-0.478139,51.5158878],[-0.4782324,51.5161176],[-0.4783427,51.516327],[-0.4784748,51.5165049],[-0.478629,51.516673],[-0.4787833,51.5168213],[-0.4789002,51.5169187],[-0.4790535,51.5170583],[-0.4790727,51.5170757]]]}},
{"type":"Feature","properties":{"highway":"path","name":null,"category":"Shared path"},"geometry":{"type":"MultiLineString","coordinates":[[[-0.4699707,51.5269176],[-0.4687744,51.5269786],[-0.4679908,51.527109],[-0.4677813,51.5271279],[-0.4675717,51.5271619],[-0.4674078,51.5272827],[-0.4673984,51.527294],[-0.4674141,51.5273495]]]}},
{"type":"Feature","properties":{"highway":"footway","name":null,"category":"Footpath (pedestrian only)"},"geometry":{"type":"MultiLineString","coordinates":[[[-0.4782861,51.524297],[-0.4781442,51.5241832],[-0.4780652,51.5240889],[-0.4780289,51.5240415],[-0.4779943,51.5240003],[-0.4779655,51.5239465],[-0.4779194,51.5238389],[-0.4779338,51.5237726],[-0.477902,51.5237245],[-0.4775292,51.5236799],[-0.4773127,51.5236559]]]}},
{"type":"Feature","properties":{"highway":"footway","name":null,"category":"Footpath (pedestrian only)"},"geometry":{"type":"MultiLineString","coordinates":[[[-0.4782594,51.5239824],[-0.4784065,51.5239223]]]}},
{"type":"Feature","properties":{"highway":"footway","name":null,"category":"Footpath (pedestrian only)"},"geometry":{"type":"MultiLineString","coordinates":[[[-0.4791384,51.5252456],[-0.479252,51.5252591],[-0.47973,51.5253244]]]}},
{"type":"Feature","properties":{"highway":"track","name":null,"category":"Track"},"geometry":{"type":"MultiLineString","coordinates":[[[-0.4746472,51.525192],[-0.4746932,51.5251933],[-0.4747273,51.5252059],[-0.4747876,51.5252357],[-0.4748264,51.5252521],[-0.4748805,51.5252598],[-0.4752815,51.5252877],[-0.4757274,51.5253253],[-0.4757646,51.5253446],[-0.4757801,51.5253744],[-0.4757553,51.5256808],[-0.475729,51.5257068],[-0.4756825,51.5257145],[-0.475633,51.5257019],[-0.4748635,51.5254361],[-0.4748124,51.5254081],[-0.4748,51.5253821],[-0.4748264,51.5252521]]]}},
{"type":"Feature","properties":{"highway":"footway","name":null,"category":"Footpath (pedestrian only)"},"geometry":{"type":"MultiLineString","coordinates":[[[-0.4608122,51.5270834],[-0.4608819,51.52701],[-0.4608912,51.5269824],[-0.4608819,51.5269483],[-0.4608609,51.5269192],[-0.4608399,51.5268967],[-0.4608083,51.5268742],[-0.460771,51.5268597],[-0.4607219,51.5268408],[-0.4606682,51.5268183],[-0.460548,51.52679]]]}},
{"type":"Feature","properties":{"highway":"footway","name":null,"category":"Footpath (pedestrian only)"},"geometry":{"type":"MultiLineString","coordinates":[[[-0.4681157,51.5331695],[-0.4681162,51.5331372],[-0.468117,51.5330724],[-0.4681175,51.5330379]]]}},
{"type":"Feature","properties":{"highway":"path","name":null,"category":"Shared path"},"geometry":{"type":"MultiLineString","coordinates":[[[-0.4758064,51.5304388],[-0.4757259,51.5305702],[-0.4757019,51.5306664]]]}},
{"type":"Feature","properties":{"highway":"footway","name":null,"category":"Footpath (pedestrian only)"},"geometry":{"type":"MultiLineString","coordinates":[[[-0.4757019,51.5306664],[-0.4755846,51.5307069],[-0.4755125,51.5307382]]]}},
{"type":"Feature","properties":{"highway":"footway","name":null,"category":"Footpath (pedestrian only)"},"geometry":{"type":"MultiLineString","coordinates":[[[-0.4605376,51.5181919],[-0.4604664,51.51812],[-0.4604278,51.5180895],[-0.460408,51.5180836],[-0.4603846,51.5180764],[-0.4603449,51.5180735],[-0.4602107,51.5180604],[-0.4601465,51.5180517],[-0.4600706,51.5180357],[-0.459997,51.5180161],[-0.4599398,51.5180008],[-0.4598663,51.517987],[-0.4598149,51.5179768],[-0.4597659,51.5179681],[-0.459711,51.5179616],[-0.4596585,51.5179601],[-0.4596083,51.5179616],[-0.4595487,51.5179638],[-0.4594436,51.5179739],[-0.4593537,51.5179827],[-0.4592708,51.5179877],[-0.4592113,51.5179936],[-0.4591097,51.5179979],[-0.4590233,51.5179979],[-0.4589031,51.5179979],[-0.4588214,51.5179928],[-0.4587571,51.5179863],[-0.4586754,51.5179725],[-0.4585785,51.5179572],[-0.4584875,51.5179413],[-0.4583999,51.5179165],[-0.4583193,51.5178977],[-0.4582189,51.5178722],[-0.4581232,51.517841],[-0.4580438,51.5178192],[-0.4579539,51.5177909],[-0.457871,51.5177647],[-0.4577729,51.5177313],[-0.4576877,51.5177066],[-0.4576282,51.5176862],[-0.4575721,51.5176703],[-0.457489,51.5176442]]]}},
{"type":"Feature","properties":{"highway":"footway","name":null,"category":"Footpath (pedestrian only)"},"geometry":{"type":"MultiLineString","coordinates":[[[-0.4833123,51.5169869],[-0.48328,51.516919],[-0.4832576,51.5168816],[-0.4832305,51.5168132],[-0.483225,51.5167649],[-0.4832278,51.5167375],[-0.483233,51.5167174],[-0.4832383,51.5166963],[-0.483257,51.5166454],[-0.4832592,51.5166188],[-0.4832585,51.5165984],[-0.4832517,51.5165785],[-0.4832322,51.5165606],[-0.4832003,51.5165432],[-0.4831483,51.516523],[-0.4831081,51.5165149],[-0.4830484,51.5165045],[-0.4829765,51.516508],[-0.4829277,51.5165135],[-0.4828817,51.5165182],[-0.4827878,51.5165153],[-0.4827248,51.516509],[-0.4826389,51.5165048],[-0.4825565,51.5165169],[-0.4824894,51.516532],[-0.482419,51.5165562],[-0.4823439,51.5165728],[-0.4822796,51.5165837],[-0.4821951,51.516597],[-0.4821186,51.5166079],[-0.482065,51.5166129],[-0.4820113,51.5166129],[-0.4819657,51.5166068],[-0.4819261,51.5165993],[-0.4818644,51.5165864]]]}},
{"type":"Feature","properties":{"highway":"footway","name":null,"category":"Footpath (pedestrian only)"},"geometry":{"type":"MultiLineString","coordinates":[[[-0.4833243,51.5188777],[-0.4833731,51.5189047],[-0.4834562,51.5189302],[-0.483457,51.5190065]]]}},
{"type":"Feature","properties":{"highway":"footway","name":null,"category":"Footpath (pedestrian only)"},"geometry":{"type":"MultiLineString","coordinates":[[[-0.4833578,51.5193933],[-0.4833322,51.5195079]]]}},
{"type":"Feature","properties":{"highway":"footway","name":null,"category":"Footpath (pedestrian only)"},"geometry":{"type":"MultiLineString","coordinates":[[[-0.4834562,51.5189302],[-0.4836035,51.5189677]]]}},
{"type":"Feature","properties":{"highway":"footway","name":null,"category":"Footpath (pedestrian only)"},"geometry":{"type":"MultiLineString","coordinates":[[[-0.4818287,51.5172407],[-0.4818602,51.5172033],[-0.4818802,51.5171891],[-0.4819055,51.5171781],[-0.4819628,51.5171675]]]}},
{"type":"Feature","properties":{"highway":"footway","name":null,"category":"Footpath (pedestrian only)"},"geometry":{"type":"MultiLineString","coordinates":[[[-0.4604799,51.5161736],[-0.4604986,51.5162119],[-0.4604175,51.5162306],[-0.4601583,51.5162325],[-0.4599751,51.5162184],[-0.4598303,51.5161861],[-0.4597378,51.516151],[-0.4595299,51.5160492],[-0.4594678,51.5160416],[-0.4590801,51.5160386],[-0.458729,51.5160162],[-0.458599,51.5160217],[-0.4584825,51.5160405],[-0.4580026,51.5161366],[-0.4577694,51.5161771],[-0.4575442,51.5162026]]]}},
{"type":"Feature","properties":{"highway":"footway","name":null,"category":"Footpath (pedestrian only)"},"geometry":{"type":"MultiLineString","coordinates":[[[-0.4712891,51.5186614],[-0.4711032,51.5187193]]]}},
{"type":"Feature","properties":{"highway":"footway","name":null,"category":"Footpath (pedestrian only)"},"geometry":{"type":"MultiLineString","coordinates":[[[-0.4738038,51.5195856],[-0.4736783,51.5195366],[-0.4734252,51.5194681]]]}},
{"type":"Feature","properties":{"highway":"footway","name":null,"category":"Footpath (pedestrian only)"},"geometry":{"type":"MultiLineString","coordinates":[[[-0.4737211,51.518848],[-0.4736167,51.5189046],[-0.4735429,51.5189622],[-0.4734611,51.5190214],[-0.4733914,51.5190548],[-0.4733324,51.5190815],[-0.4732707,51.5190949],[-0.4732144,51.5190999],[-0.4731553,51.5190949],[-0.4731178,51.5190849],[-0.4730381,51.5190648]]]}},
{"type":"Feature","properties":{"highway":"footway","name":null,"category":"Footpath (pedestrian only)"},"geometry":{"type":"MultiLineString","coordinates":[[[-0.4769491,51.5173988],[-0.4769885,51.5174488],[-0.477026,51.5174961],[-0.4770582,51.5175403]]]}},
{"type":"Feature","properties":{"highway":"footway","name":"Celandine Route","category":"Footpath (pedestrian only)"},"geometry":{"type":"MultiLineString","coordinates":[[[-0.4790727,51.5170757],[-0.4790158,51.5171129],[-0.4790095,51.5171394]]]}},
{"type":"Feature","properties":{"highway":"footway","name":"Celandine Route","category":"Footpath (pedestrian only)"},"geometry":{"type":"MultiLineString","coordinates":[[[-0.4790095,51.5171394],[-0.4790386,51.5172391]]]}},
{"type":"Feature","properties":{"highway":"footway","name":"Celandine Route","category":"Footpath (pedestrian only)"},"geometry":{"type":"MultiLineString","coordinates":[[[-0.4759851,51.516002],[-0.4760843,51.5160931],[-0.4761127,51.5161248],[-0.4761299,51.516144],[-0.4761629,51.5161814],[-0.4762067,51.5162308],[-0.4762889,51.5163433],[-0.476471,51.5166155],[-0.476504,51.5166659],[-0.4765318,51.5167193],[-0.4765758,51.5168041],[-0.4766536,51.5169414],[-0.4768282,51.517215],[-0.4769072,51.517337],[-0.4769491,51.5173988]]]}},
{"type":"Feature","properties":{"highway":"path","name":null,"category":"Shared path"},"geometry":{"type":"MultiLineString","coordinates":[[[-0.4793495,51.513],[-0.4792678,51.5127984],[-0.479116,51.5126488],[-0.4790222,51.5125399],[-0.4789884,51.512461],[-0.4789835,51.5123878],[-0.4790093,51.5123085],[-0.4789741,51.5122275],[-0.4788493,51.5120938],[-0.4787568,51.5119361],[-0.4787334,51.5118843],[-0.4787194,51.5118683],[-0.478703,51.511853],[-0.4786838,51.5118402],[-0.4786668,51.5118268],[-0.4786583,51.5118172],[-0.4786533,51.5118068],[-0.4786479,51.5117855],[-0.4786475,51.5117303],[-0.4786422,51.5116583],[-0.4786329,51.5116275],[-0.4786045,51.5115677],[-0.4785973,51.5115567],[-0.4785924,51.5115529],[-0.4785863,51.5115501],[-0.4785809,51.5115481],[-0.4785748,51.5115466],[-0.4785624,51.511545],[-0.4785252,51.5115435],[-0.4784564,51.5115569],[-0.4784479,51.5115593],[-0.4784395,51.511561],[-0.4784284,51.5115609],[-0.4784197,51.511559],[-0.4783815,51.5115465],[-0.4783345,51.5115328],[-0.4782875,51.5115221],[-0.478271,51.5115199],[-0.4782622,51.5115201],[-0.4782576,51.5115205],[-0.4782533,51.5115214],[-0.4780474,51.5116308]]]}},
{"type":"Feature","properties":{"highway":"footway","name":null,"category":"Footpath (pedestrian only)"},"geometry":{"type":"MultiLineString","coordinates":[[[-0.4724651,51.5101418],[-0.4724651,51.5101371]]]}},
{"type":"Feature","properties":{"highway":"footway","name":null,"category":"Footpath (pedestrian only)"},"geometry":{"type":"MultiLineString","coordinates":[[[-0.4726292,51.5102519],[-0.4725791,51.5102208]]]}},
{"type":"Feature","properties":{"highway":"track","name":"U69","category":"Track"},"geometry":{"type":"MultiLineString","coordinates":[[[-0.4740322,51.5218395],[-0.4742628,51.5212189]]]}},
{"type":"Feature","properties":{"highway":"footway","name":"U69","category":"Footpath (pedestrian only)"},"geometry":{"type":"MultiLineString","coordinates":[[[-0.4742628,51.5212189],[-0.47459,51.5207114],[-0.476307,51.5188503],[-0.4771555,51.5179819],[-0.4771782,51.5179599]]]}},
{"type":"Feature","properties":{"highway":"footway","name":"U69","category":"Footpath (pedestrian only)"},"geometry":{"type":"MultiLineString","coordinates":[[[-0.4736519,51.5264848],[-0.4736139,51.5263804],[-0.4735947,51.52633],[-0.4735993,51.5262753],[-0.4736911,51.525806],[-0.473787,51.5249788],[-0.473877,51.5249101]]]}},
{"type":"Feature","properties":{"highway":"footway","name":null,"category":"Footpath (pedestrian only)"},"geometry":{"type":"MultiLineString","coordinates":[[[-0.4725535,51.5136704],[-0.472657,51.5137039]]]}},
{"type":"Feature","properties":{"highway":"footway","name":null,"category":"Footpath (pedestrian only)"},"geometry":{"type":"MultiLineString","coordinates":[[[-0.4712434,51.5170076],[-0.4712502,51.5166789],[-0.4713112,51.5161119],[-0.4713488,51.5157556],[-0.4713582,51.5157264],[-0.4713729,51.515708],[-0.4715902,51.5154259],[-0.47179,51.5151547],[-0.4719521,51.5149625],[-0.4721061,51.5147252],[-0.4721995,51.5144748],[-0.4721988,51.5144696],[-0.4721969,51.5144644],[-0.4721947,51.5144607],[-0.4721919,51.5144573],[-0.4721904,51.5144561],[-0.4721889,51.5144555],[-0.4721846,51.5144538]]]}},
{"type":"Feature","properties":{"highway":"footway","name":null,"category":"Footpath (pedestrian only)"},"geometry":{"type":"MultiLineString","coordinates":[[[-0.4724651,51.5101371],[-0.4724653,51.5101219]]]}},
{"type":"Feature","properties":{"highway":"footway","name":null,"category":"Footpath (pedestrian only)"},"geometry":{"type":"MultiLineString","coordinates":[[[-0.4724653,51.5101219],[-0.4722923,51.5101197]]]}},
{"type":"Feature","properties":{"highway":"footway","name":null,"category":"Footpath (pedestrian only)"},"geometry":{"type":"MultiLineString","coordinates":[[[-0.4722923,51.5101197],[-0.4722938,51.5100939]]]}},
{"type":"Feature","properties":{"highway":"footway","name":null,"category":"Footpath (pedestrian only)"},"geometry":{"type":"MultiLineString","coordinates":[[[-0.4723426,51.5100455],[-0.4723514,51.5099718]]]}},
{"type":"Feature","properties":{"highway":"path","name":null,"category":"Shared path"},"geometry":{"type":"MultiLineString","coordinates":[[[-0.4728551,51.5111095],[-0.4729653,51.511078],[-0.4729829,51.5110919]]]}},
{"type":"Feature","properties":{"highway":"footway","name":null,"category":"Footpath (pedestrian only)"},"geometry":{"type":"MultiLineString","coordinates":[[[-0.4772622,51.5213596],[-0.4769287,51.5221945]]]}},
{"type":"Feature","properties":{"highway":"footway","name":null,"category":"Footpath (pedestrian only)"},"geometry":{"type":"MultiLineString","coordinates":[[[-0.477121,51.5212201],[-0.4771545,51.5212595],[-0.4772957,51.5212857],[-0.4772622,51.5213596]]]}},
{"type":"Feature","properties":{"highway":"footway","name":null,"category":"Footpath (pedestrian only)"},"geometry":{"type":"MultiLineString","coordinates":[[[-0.4772622,51.5213596],[-0.4768516,51.52129]]]}},
{"type":"Feature","properties":{"highway":"footway","name":null,"category":"Footpath (pedestrian only)"},"geometry":{"type":"MultiLineString","coordinates":[[[-0.476683,51.5208805],[-0.4765721,51.5208619],[-0.4762423,51.5209729],[-0.4761714,51.5210429]]]}},
{"type":"Feature","properties":{"highway":"footway","name":null,"category":"Footpath (pedestrian only)"},"geometry":{"type":"MultiLineString","coordinates":[[[-0.4762269,51.5206495],[-0.475752,51.5205354],[-0.4757235,51.5205671]]]}},
{"type":"Feature","properties":{"highway":"footway","name":null,"category":"Footpath (pedestrian only)"},"geometry":{"type":"MultiLineString","coordinates":[[[-0.4783093,51.5190306],[-0.4780379,51.5196398],[-0.4779771,51.5196682]]]}},
{"type":"Feature","properties":{"highway":"footway","name":null,"category":"Footpath (pedestrian only)"},"geometry":{"type":"MultiLineString","coordinates":[[[-0.4764426,51.5288868],[-0.4763542,51.5288876]]]}},
{"type":"Feature","properties":{"highway":"footway","name":null,"category":"Footpath (pedestrian only)"},"geometry":{"type":"MultiLineString","coordinates":[[[-0.4807323,51.5210709],[-0.4806293,51.5211066],[-0.4805271,51.5211477]]]}},
{"type":"Feature","properties":{"highway":"footway","name":null,"category":"Footpath (pedestrian only)"},"geometry":{"type":"MultiLineString","coordinates":[[[-0.4795253,51.5205561],[-0.4796098,51.520504],[-0.4797225,51.5204484]]]}},
{"type":"Feature","properties":{"highway":"footway","name":null,"category":"Footpath (pedestrian only)"},"geometry":{"type":"MultiLineString","coordinates":[[[-0.4808619,51.5217153],[-0.4808436,51.5216868],[-0.4808745,51.5216334],[-0.4805271,51.5211477],[-0.4803018,51.5209583],[-0.4800873,51.5208239],[-0.4795253,51.5205561],[-0.4793395,51.5204441],[-0.4791471,51.5203291],[-0.4789708,51.5201568],[-0.4788598,51.5200483],[-0.4787575,51.5199253],[-0.478689,51.5197982],[-0.4786481,51.5196647],[-0.4786111,51.5195616],[-0.4783813,51.5191215],[-0.4783093,51.5190306],[-0.477857,51.5185942],[-0.4777711,51.5185707]]]}},
{"type":"Feature","properties":{"highway":"footway","name":null,"category":"Footpath (pedestrian only)"},"geometry":{"type":"MultiLineString","coordinates":[[[-0.4784356,51.5199103],[-0.4786111,51.5195616]]]}},
{"type":"Feature","properties":{"highway":"footway","name":null,"category":"Footpath (pedestrian only)"},"geometry":{"type":"MultiLineString","coordinates":[[[-0.4788579,51.5204945],[-0.4792261,51.5205415]]]}},
{"type":"Feature","properties":{"highway":"footway","name":null,"category":"Footpath (pedestrian only)"},"geometry":{"type":"MultiLineString","coordinates":[[[-0.4764377,51.5269354],[-0.4763673,51.5269361]]]}},
{"type":"Feature","properties":{"highway":"footway","name":null,"category":"Footpath (pedestrian only)"},"geometry":{"type":"MultiLineString","coordinates":[[[-0.4712508,51.5170924],[-0.4712489,51.5170519],[-0.4712434,51.5170076],[-0.4712736,51.5169726],[-0.4715612,51.5167823],[-0.471616,51.5167484],[-0.4717758,51.5166496],[-0.4719401,51.516514],[-0.4720011,51.5164527],[-0.4721594,51.5162607],[-0.4722579,51.5161468],[-0.4723035,51.5161093],[-0.4723532,51.5160767],[-0.4726609,51.5159156],[-0.4730183,51.5157245],[-0.4730223,51.515713],[-0.4730237,51.5157024],[-0.4730234,51.5156905],[-0.473019,51.5156778],[-0.4730098,51.5156681],[-0.4729978,51.5156585],[-0.4729915,51.5156527],[-0.4726067,51.5154082],[-0.472331,51.5152004],[-0.4719521,51.5149625]]]}},
{"type":"Feature","properties":{"highway":"footway","name":null,"category":"Footpath (pedestrian only)"},"geometry":{"type":"MultiLineString","coordinates":[[[-0.471616,51.5167484],[-0.4715438,51.5167435],[-0.4714606,51.5167327],[-0.4713936,51.5167185],[-0.4713279,51.5167018],[-0.4712702,51.5166868],[-0.4712502,51.5166789]]]}},
{"type":"Feature","properties":{"highway":"footway","name":null,"category":"Footpath (pedestrian only)"},"geometry":{"type":"MultiLineString","coordinates":[[[-0.4738466,51.5151989],[-0.4734354,51.514839],[-0.4733918,51.5147881],[-0.4733268,51.5147163],[-0.4733151,51.5147047],[-0.4733006,51.5146963],[-0.4732658,51.5146855],[-0.4732188,51.5146763],[-0.4731706,51.5146729],[-0.4730525,51.5146679],[-0.4729718,51.5146648],[-0.4729545,51.5146646],[-0.4727253,51.5146621],[-0.4726837,51.5146583],[-0.4726489,51.5146504],[-0.4725892,51.514625],[-0.4725639,51.5146078],[-0.4725547,51.5146022],[-0.4725308,51.5145795],[-0.4724839,51.5145102],[-0.4724477,51.5144543],[-0.472441,51.5144468],[-0.4724303,51.5144409],[-0.4724061,51.5144334],[-0.4723659,51.5144255],[-0.472327,51.5144226],[-0.47229,51.514424],[-0.4722708,51.514426],[-0.4722529,51.5144304],[-0.4722309,51.5144412],[-0.4722192,51.5144478],[-0.4721969,51.5144644]]]}},
{"type":"Feature","properties":{"highway":"footway","name":null,"category":"Footpath (pedestrian only)"},"geometry":{"type":"MultiLineString","coordinates":[[[-0.4730964,51.5149048],[-0.4730957,51.5148988],[-0.4730982,51.514893],[-0.4731036,51.5148881],[-0.4731112,51.5148844],[-0.4731203,51.5148825],[-0.4731299,51.5148826],[-0.473139,51.5148845],[-0.4731467,51.5148883],[-0.4731519,51.5148934],[-0.4731543,51.5148993],[-0.4731533,51.5149053],[-0.4731493,51.5149108],[-0.4731426,51.5149152],[-0.473134,51.514918],[-0.4731244,51.5149189],[-0.4731148,51.5149177],[-0.4731064,51.5149148],[-0.4731001,51.5149103],[-0.4730964,51.5149048]]]}},
{"type":"Feature","properties":{"highway":"footway","name":null,"category":"Footpath (pedestrian only)"},"geometry":{"type":"MultiLineString","coordinates":[[[-0.4731112,51.5148844],[-0.4730616,51.5148314],[-0.473026,51.5147634],[-0.4729718,51.5146648]]]}},
{"type":"Feature","properties":{"highway":"footway","name":null,"category":"Footpath (pedestrian only)"},"geometry":{"type":"MultiLineString","coordinates":[[[-0.4730957,51.5148988],[-0.4730428,51.514904],[-0.4729945,51.5149157],[-0.4729664,51.5149266],[-0.472945,51.5149389],[-0.4729357,51.5149447]]]}},
{"type":"Feature","properties":{"highway":"footway","name":null,"category":"Footpath (pedestrian only)"},"geometry":{"type":"MultiLineString","coordinates":[[[-0.4730183,51.5157245],[-0.4731069,51.5156795],[-0.473249,51.5157187],[-0.4733626,51.515751],[-0.4734229,51.5158135]]]}},
{"type":"Feature","properties":{"highway":"footway","name":null,"category":"Footpath (pedestrian only)"},"geometry":{"type":"MultiLineString","coordinates":[[[-0.4731069,51.5156795],[-0.4729978,51.5156585]]]}},
{"type":"Feature","properties":{"highway":"footway","name":null,"category":"Footpath (pedestrian only)"},"geometry":{"type":"MultiLineString","coordinates":[[[-0.4733626,51.515751],[-0.473366,51.5157352],[-0.4732839,51.5156419],[-0.4732329,51.5155718],[-0.4730063,51.5154424],[-0.4728386,51.5153423],[-0.4728138,51.5153206],[-0.4728038,51.5153022],[-0.4728587,51.5151745],[-0.4728735,51.5151412],[-0.473135,51.5150026],[-0.4731244,51.5149189]]]}},
{"type":"Feature","properties":{"highway":"footway","name":null,"category":"Footpath (pedestrian only)"},"geometry":{"type":"MultiLineString","coordinates":[[[-0.4726067,51.5154082],[-0.4722472,51.5156127]]]}},
{"type":"Feature","properties":{"highway":"footway","name":null,"category":"Footpath (pedestrian only)"},"geometry":{"type":"MultiLineString","coordinates":[[[-0.4725639,51.5146078],[-0.4725624,51.5146767],[-0.4725711,51.5146884],[-0.4725825,51.5147001],[-0.472945,51.5149389]]]}},
{"type":"Feature","properties":{"highway":"footway","name":"Y29","category":"Footpath (pedestrian only)"},"geometry":{"type":"MultiLineString","coordinates":[[[-0.4712093,51.5171049],[-0.4712034,51.5170172],[-0.4712063,51.5166205],[-0.4711972,51.5163242],[-0.4712837,51.5157098],[-0.4713364,51.5155898],[-0.4715362,51.5154012],[-0.4718876,51.5149364],[-0.4721308,51.5145424],[-0.4721749,51.5144697],[-0.4721812,51.5144595],[-0.4721846,51.5144538],[-0.4722041,51.5144215],[-0.4723382,51.514192],[-0.4725689,51.5137964],[-0.4725579,51.5136892],[-0.4725535,51.5136704],[-0.4724804,51.5133845]]]}},
{"type":"Feature","properties":{"highway":"footway","name":null,"category":"Footpath (pedestrian only)"},"geometry":{"type":"MultiLineString","coordinates":[[[-0.4721749,51.5144697],[-0.4721683,51.5144686],[-0.4721558,51.5144654],[-0.4722417,51.5143242]]]}},
{"type":"Feature","properties":{"highway":"footway","name":null,"category":"Footpath (pedestrian only)"},"geometry":{"type":"MultiLineString","coordinates":[[[-0.4720522,51.5142322],[-0.472071,51.514236],[-0.4720864,51.5142412],[-0.4721012,51.5142481],[-0.4721106,51.5142531],[-0.4721193,51.5142594],[-0.472124,51.5142661],[-0.472126,51.5142744],[-0.4721243,51.5142905],[-0.4721213,51.5143003],[-0.4721765,51.5143113],[-0.4722417,51.5143242]]]}},
{"type":"Feature","properties":{"highway":"footway","name":null,"category":"Footpath (pedestrian only)"},"geometry":{"type":"MultiLineString","coordinates":[[[-0.4722417,51.5143242],[-0.4723404,51.5141574],[-0.4723359,51.514104]]]}},
{"type":"Feature","properties":{"highway":"footway","name":null,"category":"Footpath (pedestrian only)"},"geometry":{"type":"MultiLineString","coordinates":[[[-0.4726844,51.5139928],[-0.4726677,51.5139932],[-0.4726503,51.5139919],[-0.4726339,51.513989],[-0.4726187,51.513984],[-0.472605,51.5139775],[-0.4725934,51.5139698],[-0.4725836,51.5139605],[-0.4725772,51.5139511],[-0.4725736,51.5139406],[-0.4725721,51.5139301],[-0.4725731,51.5139197],[-0.4725788,51.5139093],[-0.4725866,51.5139003],[-0.4725964,51.5138912],[-0.4726096,51.5138836],[-0.4726228,51.5138778],[-0.4726379,51.5138737],[-0.472655,51.5138708],[-0.4726724,51.5138705],[-0.4726891,51.513871],[-0.4727015,51.5138725],[-0.4727133,51.5138758],[-0.4727347,51.5138843],[-0.472744,51.5138895],[-0.472752,51.5138959],[-0.4727586,51.5139026],[-0.4727639,51.5139098],[-0.4727682,51.5139171],[-0.4727698,51.5139252],[-0.4727705,51.5139329],[-0.4727692,51.513941],[-0.472766,51.5139488],[-0.4727621,51.5139562],[-0.4727563,51.5139634],[-0.4727491,51.5139698],[-0.4727404,51.5139757],[-0.472731,51.5139808],[-0.4727206,51.513985],[-0.4727089,51.5139887],[-0.472697,51.5139915],[-0.4726844,51.5139928]]]}},
{"type":"Feature","properties":{"highway":"footway","name":null,"category":"Footpath (pedestrian only)"},"geometry":{"type":"MultiLineString","coordinates":[[[-0.472605,51.5139775],[-0.4724744,51.5140861],[-0.4725009,51.5141055],[-0.4725341,51.5141249],[-0.4725596,51.5141742],[-0.4725824,51.514213],[-0.4726018,51.5142338],[-0.4726769,51.5142806],[-0.4727192,51.5143223],[-0.4727835,51.51444],[-0.4729545,51.5146646]]]}},
{"type":"Feature","properties":{"highway":"footway","name":null,"category":"Footpath (pedestrian only)"},"geometry":{"type":"MultiLineString","coordinates":[[[-0.4731544,51.510982],[-0.4731822,51.5109512],[-0.4737316,51.5104039],[-0.4737362,51.5103958],[-0.4737377,51.5103874],[-0.4737378,51.5103796],[-0.4737364,51.5103755],[-0.4737334,51.5103695],[-0.4737247,51.5103605],[-0.4737007,51.5103433],[-0.4736792,51.5103312],[-0.4736445,51.5103203],[-0.4735971,51.5103126],[-0.4734556,51.5102925],[-0.4734185,51.5102913],[-0.4733814,51.5102931],[-0.4731371,51.5103218],[-0.4729642,51.5103435]]]}},
{"type":"Feature","properties":{"highway":"footway","name":null,"category":"Footpath (pedestrian only)"},"geometry":{"type":"MultiLineString","coordinates":[[[-0.4729499,51.5101832],[-0.4726947,51.5101502],[-0.4726223,51.510149],[-0.4724651,51.5101418]]]}},
{"type":"Feature","properties":{"highway":"footway","name":null,"category":"Footpath (pedestrian only)"},"geometry":{"type":"MultiLineString","coordinates":[[[-0.4729642,51.5103435],[-0.4729598,51.5103187],[-0.4729542,51.5102332],[-0.4729499,51.5101832]]]}},
{"type":"Feature","properties":{"highway":"path","name":null,"category":"Shared path"},"geometry":{"type":"MultiLineString","coordinates":[[[-0.4729829,51.5110919],[-0.4730076,51.511083]]]}},
{"type":"Feature","properties":{"highway":"bridleway","name":"Trout Lane---Colne Valley Trail---Beeches Way---Shakespeare's Way","category":"Bridleway"},"geometry":{"type":"MultiLineString","coordinates":[[[-0.4828473,51.5134411],[-0.48285,51.5134413],[-0.4828972,51.5134468],[-0.4829613,51.5134491],[-0.4833526,51.5134539]]]}},
{"type":"Feature","properties":{"highway":"footway","name":null,"category":"Footpath (pedestrian only)"},"geometry":{"type":"MultiLineString","coordinates":[[[-0.4832608,51.518482],[-0.4831358,51.5186478],[-0.4828375,51.5190378],[-0.48285,51.519048]]]}},
{"type":"Feature","properties":{"highway":"footway","name":null,"category":"Footpath (pedestrian only)"},"geometry":{"type":"MultiLineString","coordinates":[[[-0.4832549,51.5187609],[-0.4831358,51.5186478]]]}},
{"type":"Feature","properties":{"highway":"path","name":null,"category":"Shared path"},"geometry":{"type":"MultiLineString","coordinates":[[[-0.4836035,51.5189677],[-0.483612,51.5188911],[-0.4835986,51.518816],[-0.4834629,51.5185656],[-0.483338,51.5184072]]]}},
{"type":"Feature","properties":{"highway":"footway","name":null,"category":"Footpath (pedestrian only)"},"geometry":{"type":"MultiLineString","coordinates":[[[-0.483338,51.5184072],[-0.4832608,51.518482]]]}},
{"type":"Feature","properties":{"highway":"path","name":null,"category":"Shared path"},"geometry":{"type":"MultiLineString","coordinates":[[[-0.4751009,51.5102786],[-0.475043,51.510321],[-0.4749776,51.510398],[-0.4747978,51.5105782],[-0.4746764,51.5106785],[-0.4744966,51.5108005],[-0.4743728,51.5108819],[-0.4743285,51.5109008],[-0.4742841,51.5109052],[-0.4742332,51.5109092]]]}},
{"type":"Feature","properties":{"highway":"footway","name":null,"category":"Footpath (pedestrian only)"},"geometry":{"type":"MultiLineString","coordinates":[[[-0.4723426,51.5100455],[-0.4723382,51.5100944]]]}},
{"type":"Feature","properties":{"highway":"track","name":null,"category":"Track"},"geometry":{"type":"MultiLineString","coordinates":[[[-0.4686056,51.5106632],[-0.4686496,51.5105728],[-0.4686765,51.5101871]]]}},
{"type":"Feature","properties":{"highway":"path","name":null,"category":"Shared path"},"geometry":{"type":"MultiLineString","coordinates":[[[-0.4690911,51.5100405],[-0.4686765,51.5101871]]]}},
{"type":"Feature","properties":{"highway":"footway","name":null,"category":"Footpath (pedestrian only)"},"geometry":{"type":"MultiLineString","coordinates":[[[-0.4757463,51.5158657],[-0.475796,51.5158612],[-0.4758573,51.515855],[-0.4759102,51.5158379]]]}},
{"type":"Feature","properties":{"highway":"footway","name":null,"category":"Footpath (pedestrian only)"},"geometry":{"type":"MultiLineString","coordinates":[[[-0.4759354,51.5159594],[-0.4759617,51.5159818],[-0.4759851,51.516002]]]}},
{"type":"Feature","properties":{"highway":"footway","name":null,"category":"Footpath (pedestrian only)"},"geometry":{"type":"MultiLineString","coordinates":[[[-0.4759882,51.5159042],[-0.4760003,51.5159138],[-0.4759211,51.5159476],[-0.4759354,51.5159594]]]}},
{"type":"Feature","properties":{"highway":"footway","name":null,"category":"Footpath (pedestrian only)"},"geometry":{"type":"MultiLineString","coordinates":[[[-0.4759102,51.5158379],[-0.4759606,51.515882],[-0.4759882,51.5159042]]]}},
{"type":"Feature","properties":{"highway":"footway","name":null,"category":"Footpath (pedestrian only)"},"geometry":{"type":"MultiLineString","coordinates":[[[-0.4754762,51.5159789],[-0.4755393,51.5159299],[-0.475579,51.5158946]]]}},
{"type":"Feature","properties":{"highway":"footway","name":null,"category":"Footpath (pedestrian only)"},"geometry":{"type":"MultiLineString","coordinates":[[[-0.475579,51.5158946],[-0.4756454,51.5159309]]]}},
{"type":"Feature","properties":{"highway":"footway","name":null,"category":"Footpath (pedestrian only)"},"geometry":{"type":"MultiLineString","coordinates":[[[-0.475523,51.5160282],[-0.4755405,51.5160167],[-0.4754762,51.5159789]]]}},
{"type":"Feature","properties":{"highway":"footway","name":null,"category":"Footpath (pedestrian only)"},"geometry":{"type":"MultiLineString","coordinates":[[[-0.4756454,51.5159309],[-0.4756802,51.5159126],[-0.4757463,51.5158657]]]}},
{"type":"Feature","properties":{"highway":"footway","name":null,"category":"Footpath (pedestrian only)"},"geometry":{"type":"MultiLineString","coordinates":[[[-0.4771262,51.5175245],[-0.4771421,51.5175422]]]}},
{"type":"Feature","properties":{"highway":"footway","name":null,"category":"Footpath (pedestrian only)"},"geometry":{"type":"MultiLineString","coordinates":[[[-0.4769762,51.5175681],[-0.4770582,51.5175403],[-0.4771262,51.5175245]]]}},
{"type":"Feature","properties":{"highway":"track","name":"Nursery Lane","category":"Track"},"geometry":{"type":"MultiLineString","coordinates":[[[-0.4717928,51.5307177],[-0.4720282,51.5306974]]]}},
{"type":"Feature","properties":{"highway":"track","name":null,"category":"Track"},"geometry":{"type":"MultiLineString","coordinates":[[[-0.4685071,51.529636],[-0.4684514,51.5296413],[-0.4683931,51.5296417],[-0.4683575,51.529637],[-0.4683219,51.5296273],[-0.4682667,51.5295995],[-0.468211,51.5295422],[-0.468099,51.5293646],[-0.4680179,51.5292481],[-0.4679584,51.5291383],[-0.4678564,51.5289924],[-0.4678494,51.5289662],[-0.4678493,51.5289527],[-0.4678518,51.5289392],[-0.4678592,51.5289225],[-0.4678693,51.5289057],[-0.467884,51.5288877],[-0.4679018,51.5288717],[-0.4679168,51.5288572],[-0.4679371,51.5288443],[-0.4679771,51.5288303],[-0.4680172,51.528818],[-0.4680381,51.5288148],[-0.468059,51.5288124],[-0.4680805,51.5288108],[-0.4681034,51.5288117],[-0.4681323,51.5288142],[-0.4681585,51.52882],[-0.4681847,51.5288258],[-0.4682122,51.5288337],[-0.4682402,51.5288469],[-0.4682667,51.5288654],[-0.4683684,51.5289881],[-0.4683955,51.5290308],[-0.468527,51.529238],[-0.4685533,51.5292794],[-0.4686637,51.5294683],[-0.4686704,51.5294901],[-0.4686692,51.5295152],[-0.4686613,51.5295412],[-0.4686523,51.5295574],[-0.468638,51.529577],[-0.4686216,51.5295936],[-0.4686026,51.5296053],[-0.4685588,51.5296231],[-0.4685071,51.529636]]]}},
{"type":"Feature","properties":{"highway":"track","name":null,"category":"Track"},"geometry":{"type":"MultiLineString","coordinates":[[[-0.468527,51.529238],[-0.4685231,51.5292576],[-0.4685166,51.5292755],[-0.4685018,51.529301],[-0.468479,51.5293247],[-0.4684636,51.5293402],[-0.4684428,51.5293556],[-0.468416,51.529371],[-0.4683811,51.5293831],[-0.4683496,51.5293919],[-0.46831,51.5293973],[-0.4682671,51.529399],[-0.4682242,51.5293957],[-0.4681585,51.5293815],[-0.468099,51.5293646]]]}},
{"type":"Feature","properties":{"highway":"track","name":null,"category":"Track"},"geometry":{"type":"MultiLineString","coordinates":[[[-0.4683955,51.5290308],[-0.4679584,51.5291383]]]}},
{"type":"Feature","properties":{"highway":"track","name":null,"category":"Track"},"geometry":{"type":"MultiLineString","coordinates":[[[-0.4682122,51.5288337],[-0.4682241,51.528806],[-0.4682279,51.5287783],[-0.4682213,51.5287459],[-0.4682067,51.5287152],[-0.4680222,51.5283753],[-0.4679433,51.5282331],[-0.4677509,51.527886]]]}},
{"type":"Feature","properties":{"highway":"track","name":null,"category":"Track"},"geometry":{"type":"MultiLineString","coordinates":[[[-0.4679433,51.5282331],[-0.4677253,51.5282786]]]}},
{"type":"Feature","properties":{"highway":"track","name":null,"category":"Track"},"geometry":{"type":"MultiLineString","coordinates":[[[-0.4661379,51.5312509],[-0.4661328,51.5312071],[-0.4661462,51.5311336],[-0.4661918,51.5310853],[-0.466283,51.5310435],[-0.4664198,51.5310168],[-0.4665593,51.5309968],[-0.4666934,51.5309751],[-0.4668033,51.5309534],[-0.4668811,51.5309134],[-0.466924,51.5308617],[-0.4669294,51.5308049],[-0.4668999,51.5307415],[-0.4667631,51.5305563],[-0.4667323,51.5304962],[-0.4667363,51.5304395],[-0.4667537,51.5303778],[-0.466735,51.5302985],[-0.4667175,51.5302409]]]}},
{"type":"Feature","properties":{"highway":"footway","name":null,"category":"Footpath (pedestrian only)"},"geometry":{"type":"MultiLineString","coordinates":[[[-0.4749832,51.5304121],[-0.4749565,51.5303762],[-0.474884,51.5303431],[-0.4747831,51.5303398],[-0.4747477,51.5302738],[-0.4746876,51.5302297],[-0.4745354,51.5301846],[-0.4744097,51.5301637],[-0.4742699,51.5301593],[-0.4741638,51.5301615],[-0.4740346,51.5301791],[-0.4739373,51.5301934],[-0.4738629,51.5301912],[-0.4738063,51.5301681],[-0.4737461,51.5300899],[-0.4736966,51.5300283],[-0.4736647,51.5300019],[-0.4737621,51.5299876],[-0.4738877,51.5299589],[-0.4739992,51.5299226],[-0.4740594,51.5298929],[-0.4741107,51.5298444],[-0.4741638,51.5297696],[-0.4742328,51.5296782],[-0.4742558,51.5296342],[-0.4741921,51.5295087],[-0.4741443,51.5294041],[-0.4740771,51.5293072],[-0.4739815,51.5291773],[-0.4739231,51.5291223],[-0.4739355,51.5290628],[-0.4739266,51.5290122],[-0.4739001,51.5289913],[-0.4738594,51.5289846],[-0.4738045,51.5289857],[-0.4737338,51.5290012],[-0.4736329,51.529043],[-0.4735373,51.5290859],[-0.4733674,51.5291333],[-0.4732666,51.5291586],[-0.4730578,51.5292687],[-0.4729994,51.5292687],[-0.4728826,51.5292434],[-0.4727339,51.5291993],[-0.4725817,51.5291355],[-0.4724473,51.5290705],[-0.4723393,51.5289979],[-0.4722915,51.5289571],[-0.4722207,51.5289362],[-0.4721464,51.5289428],[-0.4721093,51.5289527],[-0.472088,51.5289857],[-0.4720898,51.5290353],[-0.4721199,51.5291168],[-0.4722455,51.5292786],[-0.4723092,51.5293325],[-0.4723977,51.5293799],[-0.4724759,51.5294074],[-0.4725322,51.5294272],[-0.4727215,51.5294966],[-0.4728419,51.5295461],[-0.4729339,51.5295967],[-0.4730047,51.5296573],[-0.4730879,51.5297377],[-0.4731763,51.529807],[-0.4731923,51.5298268],[-0.473194,51.5298995],[-0.4731869,51.5300206],[-0.4733816,51.5300129],[-0.4735055,51.5300096],[-0.4735337,51.5300082],[-0.4736647,51.5300019]]]}},
{"type":"Feature","properties":{"highway":"footway","name":null,"category":"Footpath (pedestrian only)"},"geometry":{"type":"MultiLineString","coordinates":[[[-0.4724759,51.5294074],[-0.4725076,51.5294625],[-0.4725532,51.529536],[-0.4726122,51.5297078],[-0.4726364,51.5298413],[-0.472682,51.5299414],[-0.472713,51.5299639],[-0.4727785,51.5300115],[-0.4728697,51.5300249],[-0.4730602,51.5300249],[-0.4731869,51.5300206]]]}},
{"type":"Feature","properties":{"highway":"footway","name":null,"category":"Footpath (pedestrian only)"},"geometry":{"type":"MultiLineString","coordinates":[[[-0.4747831,51.5303398],[-0.474672,51.530349],[-0.4745534,51.5303589],[-0.4742825,51.5303756],[-0.4740813,51.5303672],[-0.4738667,51.5303305],[-0.4735958,51.5302454],[-0.4735154,51.5301703],[-0.473502,51.5300903],[-0.4735337,51.5300082],[-0.4736248,51.5298006],[-0.4736476,51.5297578],[-0.4737669,51.5295336],[-0.4738447,51.5293868],[-0.4738796,51.5292767],[-0.4739231,51.5291223]]]}},
{"type":"Feature","properties":{"highway":"footway","name":null,"category":"Footpath (pedestrian only)"},"geometry":{"type":"MultiLineString","coordinates":[[[-0.472713,51.5299639],[-0.4727434,51.5298195],[-0.4727568,51.5297294],[-0.4727568,51.529681],[-0.4727809,51.5296293],[-0.4728419,51.5295461],[-0.4729204,51.5294574],[-0.4730008,51.5293589],[-0.4730578,51.5292687],[-0.4731028,51.5292939],[-0.4731806,51.5293372],[-0.4732369,51.5293756],[-0.4733254,51.5294908],[-0.4734354,51.5296009],[-0.473548,51.5296927],[-0.4736476,51.5297578]]]}},
{"type":"Feature","properties":{"highway":"footway","name":null,"category":"Footpath (pedestrian only)"},"geometry":{"type":"MultiLineString","coordinates":[[[-0.4730602,51.5300249],[-0.4728877,51.5300452],[-0.472767,51.5301053],[-0.4727187,51.5301703],[-0.4727161,51.5303072],[-0.4726973,51.5303622],[-0.4726892,51.5303906],[-0.4727161,51.5304373],[-0.4728046,51.530454],[-0.4729119,51.5304423],[-0.4730782,51.5304457],[-0.4732042,51.5304757],[-0.4733088,51.5304907],[-0.4733839,51.530484],[-0.4734537,51.530444],[-0.4734993,51.5303672],[-0.4735422,51.5303322],[-0.4735717,51.5303022],[-0.4735958,51.5302454]]]}},
{"type":"Feature","properties":{"highway":"footway","name":null,"category":"Footpath (pedestrian only)"},"geometry":{"type":"MultiLineString","coordinates":[[[-0.4631331,51.5293348],[-0.4631169,51.5293058]]]}},
{"type":"Feature","properties":{"highway":"footway","name":null,"category":"Footpath (pedestrian only)"},"geometry":{"type":"MultiLineString","coordinates":[[[-0.4727825,51.5111798],[-0.4728088,51.5111867],[-0.4728381,51.5111925],[-0.4728671,51.5111955],[-0.4728959,51.5111962],[-0.4729192,51.5111954],[-0.4729273,51.5111935],[-0.4729354,51.5111915],[-0.472958,51.5111841],[-0.4729893,51.5111658]]]}},
{"type":"Feature","properties":{"highway":"footway","name":null,"category":"Footpath (pedestrian only)"},"geometry":{"type":"MultiLineString","coordinates":[[[-0.4729893,51.5111658],[-0.4731544,51.510982]]]}},
{"type":"Feature","properties":{"highway":"footway","name":null,"category":"Footpath (pedestrian only)"},"geometry":{"type":"MultiLineString","coordinates":[[[-0.4796077,51.5153882],[-0.4796158,51.5153597],[-0.4796193,51.5153421],[-0.4796284,51.5153137],[-0.4796401,51.5152854],[-0.4797031,51.5151886],[-0.4797306,51.5151214],[-0.4797447,51.5150542],[-0.4797241,51.5149103],[-0.4797338,51.5148781],[-0.4797475,51.5148285],[-0.4797442,51.5148014],[-0.4797329,51.5147727],[-0.4796865,51.5147171],[-0.479624,51.5146631],[-0.4796006,51.5146348],[-0.4795853,51.5146031],[-0.4795449,51.5144283],[-0.4794992,51.514346],[-0.4794414,51.51429]]]}},
{"type":"Feature","properties":{"highway":"footway","name":null,"category":"Footpath (pedestrian only)"},"geometry":{"type":"MultiLineString","coordinates":[[[-0.4796136,51.5153894],[-0.4796077,51.5153882],[-0.4796012,51.5153874],[-0.4795948,51.5153873],[-0.4795885,51.5153876],[-0.4795822,51.5153887],[-0.4795763,51.51539],[-0.4795708,51.515392],[-0.4795657,51.5153943],[-0.4795612,51.5153969],[-0.4795574,51.5154004],[-0.4795543,51.5154038],[-0.479552,51.5154076],[-0.4795507,51.5154115],[-0.4795501,51.5154154],[-0.4795506,51.5154194],[-0.4795517,51.5154233],[-0.4795539,51.515427],[-0.4795551,51.5154288],[-0.4795567,51.5154306],[-0.4795604,51.5154336],[-0.4795648,51.5154367],[-0.4795697,51.5154391],[-0.4795753,51.5154412],[-0.4795813,51.5154427],[-0.4795873,51.5154438],[-0.4795937,51.5154443],[-0.4796,51.5154442],[-0.4796045,51.5154438],[-0.4796086,51.5154432],[-0.4796128,51.5154424],[-0.4796167,51.5154413],[-0.4796207,51.51544],[-0.479624,51.5154384],[-0.4796278,51.5154365],[-0.4796304,51.5154347],[-0.4796333,51.5154325],[-0.4796355,51.5154303],[-0.4796375,51.515428],[-0.4796392,51.5154254],[-0.4796404,51.5154229],[-0.4796413,51.5154201],[-0.4796418,51.5154174],[-0.4796418,51.5154147],[-0.4796414,51.515412],[-0.4796407,51.5154094],[-0.4796397,51.5154068],[-0.4796379,51.5154042],[-0.479636,51.5154018],[-0.4796337,51.5153995],[-0.479631,51.5153972],[-0.479628,51.5153954],[-0.4796248,51.5153935],[-0.4796213,51.515392],[-0.4796174,51.5153906],[-0.4796136,51.5153894]]]}},
{"type":"Feature","properties":{"highway":"footway","name":null,"category":"Footpath (pedestrian only)"},"geometry":{"type":"MultiLineString","coordinates":[[[-0.4794858,51.515366],[-0.4795574,51.5154004]]]}},
{"type":"Feature","properties":{"highway":"footway","name":null,"category":"Footpath (pedestrian only)"},"geometry":{"type":"MultiLineString","coordinates":[[[-0.4717138,51.5101019],[-0.4717146,51.5100755],[-0.471715,51.5100613],[-0.4717375,51.5099296],[-0.4717648,51.5097741]]]}},
{"type":"Feature","properties":{"highway":"footway","name":null,"category":"Footpath (pedestrian only)"},"geometry":{"type":"MultiLineString","coordinates":[[[-0.472093,51.5100913],[-0.4722938,51.5100939]]]}},
{"type":"Feature","properties":{"highway":"footway","name":null,"category":"Footpath (pedestrian only)"},"geometry":{"type":"MultiLineString","coordinates":[[[-0.4717284,51.5100755],[-0.4717146,51.5100755]]]}},
{"type":"Feature","properties":{"highway":"footway","name":null,"category":"Footpath (pedestrian only)"},"geometry":{"type":"MultiLineString","coordinates":[[[-0.4717375,51.5099296],[-0.471778,51.5099315],[-0.4717998,51.5099328]]]}},
{"type":"Feature","properties":{"highway":"bridleway","name":null,"category":"Bridleway"},"geometry":{"type":"MultiLineString","coordinates":[[[-0.4725812,51.5228961],[-0.4730365,51.5223468],[-0.473052,51.5223195],[-0.4730672,51.5222927],[-0.4730789,51.5222817],[-0.4730934,51.5222716],[-0.4731349,51.5222531],[-0.4731816,51.5222331],[-0.4732008,51.5222234],[-0.4732177,51.5222118],[-0.4732247,51.5222038],[-0.4732285,51.5221959],[-0.4732297,51.5221868],[-0.473227,51.5221735],[-0.473218,51.5221574],[-0.4731975,51.5221393],[-0.4731756,51.5221269]]]}},
{"type":"Feature","properties":{"highway":"bridleway","name":null,"category":"Bridleway"},"geometry":{"type":"MultiLineString","coordinates":[[[-0.4729823,51.522332],[-0.4730365,51.5223468],[-0.473091,51.5223606]]]}},
{"type":"Feature","properties":{"highway":"footway","name":null,"category":"Footpath (pedestrian only)"},"geometry":{"type":"MultiLineString","coordinates":[[[-0.471767,51.5101027],[-0.4717434,51.5101023],[-0.4717138,51.5101019]]]}},
{"type":"Feature","properties":{"highway":"footway","name":null,"category":"Footpath (pedestrian only)"},"geometry":{"type":"MultiLineString","coordinates":[[[-0.4722252,51.5098093],[-0.4721018,51.509803]]]}},
{"type":"Feature","properties":{"highway":"footway","name":null,"category":"Footpath (pedestrian only)"},"geometry":{"type":"MultiLineString","coordinates":[[[-0.4718271,51.5097782],[-0.471804,51.5097766],[-0.4717648,51.5097741]]]}},
{"type":"Feature","properties":{"highway":"footway","name":null,"category":"Footpath (pedestrian only)"},"geometry":{"type":"MultiLineString","coordinates":[[[-0.4637667,51.5173442],[-0.4637508,51.5173187],[-0.4638805,51.5172946]]]}},
{"type":"Feature","properties":{"highway":"footway","name":null,"category":"Footpath (pedestrian only)"},"geometry":{"type":"MultiLineString","coordinates":[[[-0.4638805,51.5172946],[-0.4638959,51.5172917]]]}},
{"type":"Feature","properties":{"highway":"footway","name":null,"category":"Footpath (pedestrian only)"},"geometry":{"type":"MultiLineString","coordinates":[[[-0.4638088,51.5174227],[-0.4638009,51.5174065]]]}},
{"type":"Feature","properties":{"highway":"footway","name":null,"category":"Footpath (pedestrian only)"},"geometry":{"type":"MultiLineString","coordinates":[[[-0.4638009,51.5174065],[-0.4637841,51.5173758],[-0.4637667,51.5173442]]]}},
{"type":"Feature","properties":{"highway":"footway","name":null,"category":"Footpath (pedestrian only)"},"geometry":{"type":"MultiLineString","coordinates":[[[-0.4640654,51.5173976],[-0.4639494,51.5174063]]]}},
{"type":"Feature","properties":{"highway":"footway","name":null,"category":"Footpath (pedestrian only)"},"geometry":{"type":"MultiLineString","coordinates":[[[-0.4639494,51.5174063],[-0.4638088,51.5174227]]]}},
{"type":"Feature","properties":{"highway":"path","name":null,"category":"Shared path"},"geometry":{"type":"MultiLineString","coordinates":[[[-0.4827948,51.5202089],[-0.4828508,51.5202158]]]}},
{"type":"Feature","properties":{"highway":"path","name":null,"category":"Shared path"},"geometry":{"type":"MultiLineString","coordinates":[[[-0.4617721,51.5302115],[-0.4617876,51.5301347],[-0.4619857,51.529965],[-0.4619831,51.5298386],[-0.4620937,51.529797],[-0.4621426,51.5297137],[-0.4620603,51.5296481],[-0.4618879,51.5296209],[-0.4618004,51.5295088],[-0.4617927,51.529424],[-0.4618776,51.5293424],[-0.462068,51.5292447],[-0.4621298,51.5291887],[-0.4623433,51.5290943],[-0.4623895,51.5290921]]]}},
{"type":"Feature","properties":{"highway":"path","name":null,"category":"Shared path"},"geometry":{"type":"MultiLineString","coordinates":[[[-0.4621426,51.5297137],[-0.4621856,51.5295967],[-0.4621174,51.5294587],[-0.4622505,51.5293716],[-0.4622949,51.5292017],[-0.4623433,51.5290943]]]}},
{"type":"Feature","properties":{"highway":"path","name":null,"category":"Shared path"},"geometry":{"type":"MultiLineString","coordinates":[[[-0.4625379,51.5290853],[-0.462626,51.5291295],[-0.4626499,51.5293015],[-0.4625987,51.5294396],[-0.4624826,51.5296095],[-0.4624514,51.5297121]]]}},
{"type":"Feature","properties":{"highway":"path","name":null,"category":"Shared path"},"geometry":{"type":"MultiLineString","coordinates":[[[-0.4618879,51.5296209],[-0.4617418,51.5296902],[-0.4617487,51.5297815],[-0.4616531,51.5298473],[-0.4614517,51.529807],[-0.4614073,51.5298388],[-0.4614687,51.5299259],[-0.46138,51.5299684],[-0.4613868,51.5300257]]]}},
{"type":"Feature","properties":{"highway":"path","name":null,"category":"Shared path"},"geometry":{"type":"MultiLineString","coordinates":[[[-0.4622687,51.5298306],[-0.4623359,51.5298919],[-0.4623529,51.5299726]]]}},
{"type":"Feature","properties":{"highway":"path","name":null,"category":"Shared path"},"geometry":{"type":"MultiLineString","coordinates":[[[-0.4629737,51.5299714],[-0.4631142,51.53003],[-0.4631723,51.5301086],[-0.4632098,51.530185]]]}},
{"type":"Feature","properties":{"highway":"path","name":null,"category":"Shared path"},"geometry":{"type":"MultiLineString","coordinates":[[[-0.4631152,51.5299298],[-0.4631142,51.53003]]]}},
{"type":"Feature","properties":{"highway":"path","name":null,"category":"Shared path"},"geometry":{"type":"MultiLineString","coordinates":[[[-0.4619042,51.5307714],[-0.461776,51.5307245],[-0.4617043,51.5306225],[-0.4615541,51.5305652],[-0.4614278,51.5305907],[-0.4613049,51.5306714]]]}},
{"type":"Feature","properties":{"highway":"path","name":null,"category":"Shared path"},"geometry":{"type":"MultiLineString","coordinates":[[[-0.4624885,51.5290876],[-0.4625379,51.5290853],[-0.4626006,51.5290446],[-0.4627653,51.5290094],[-0.4628991,51.5293552],[-0.4630637,51.5297874],[-0.4631152,51.5299298],[-0.4630612,51.5299618],[-0.4629737,51.5299714],[-0.4628862,51.529925],[-0.4627215,51.5297569],[-0.4625775,51.5297393],[-0.4624514,51.5297121],[-0.4623253,51.5297906],[-0.4622687,51.5298306],[-0.4622611,51.5298291]]]}},
{"type":"Feature","properties":{"highway":"path","name":null,"category":"Shared path"},"geometry":{"type":"MultiLineString","coordinates":[[[-0.4623895,51.5290921],[-0.4624885,51.5290876]]]}},
{"type":"Feature","properties":{"highway":"path","name":null,"category":"Shared path"},"geometry":{"type":"MultiLineString","coordinates":[[[-0.4621931,51.529816],[-0.4620937,51.529797]]]}},
{"type":"Feature","properties":{"highway":"path","name":null,"category":"Shared path"},"geometry":{"type":"MultiLineString","coordinates":[[[-0.4622611,51.5298291],[-0.4621931,51.529816]]]}},
{"type":"Feature","properties":{"highway":"path","name":null,"category":"Shared path"},"geometry":{"type":"MultiLineString","coordinates":[[[-0.4619704,51.5308592],[-0.4619188,51.5308022],[-0.4619042,51.5307714],[-0.4619265,51.5307029],[-0.4620371,51.5305813],[-0.4620423,51.5304836],[-0.4619342,51.530378]]]}},
{"type":"Feature","properties":{"highway":"path","name":null,"category":"Shared path"},"geometry":{"type":"MultiLineString","coordinates":[[[-0.4619342,51.530378],[-0.4617721,51.5302115]]]}},
{"type":"Feature","properties":{"highway":"footway","name":null,"category":"Footpath (pedestrian only)"},"geometry":{"type":"MultiLineString","coordinates":[[[-0.4792778,51.5168989],[-0.4793272,51.5168961],[-0.4793766,51.5168898],[-0.4794573,51.5168678],[-0.4795134,51.516834],[-0.4795566,51.5167937],[-0.4796397,51.5166696],[-0.4796536,51.5166496],[-0.4797115,51.5166076],[-0.4798226,51.5165529]]]}},
{"type":"Feature","properties":{"highway":"footway","name":null,"category":"Footpath (pedestrian only)"},"geometry":{"type":"MultiLineString","coordinates":[[[-0.459156,51.518481],[-0.4591693,51.5185444],[-0.4591478,51.518582],[-0.4591075,51.5186157]]]}},
{"type":"Feature","properties":{"highway":"footway","name":null,"category":"Footpath (pedestrian only)"},"geometry":{"type":"MultiLineString","coordinates":[[[-0.4589725,51.5185952],[-0.4588133,51.5185238]]]}},
{"type":"Feature","properties":{"highway":"footway","name":null,"category":"Footpath (pedestrian only)"},"geometry":{"type":"MultiLineString","coordinates":[[[-0.4584418,51.5186365],[-0.4585523,51.5185446]]]}},
{"type":"Feature","properties":{"highway":"footway","name":null,"category":"Footpath (pedestrian only)"},"geometry":{"type":"MultiLineString","coordinates":[[[-0.4583606,51.5185593],[-0.4568455,51.518822]]]}},
{"type":"Feature","properties":{"highway":"footway","name":null,"category":"Footpath (pedestrian only)"},"geometry":{"type":"MultiLineString","coordinates":[[[-0.4779873,51.5154791],[-0.4778213,51.5154993],[-0.4777335,51.515511]]]}},
{"type":"Feature","properties":{"highway":"footway","name":null,"category":"Footpath (pedestrian only)"},"geometry":{"type":"MultiLineString","coordinates":[[[-0.4668257,51.5178997],[-0.4665216,51.5180815],[-0.4662933,51.518218]]]}},
{"type":"Feature","properties":{"highway":"footway","name":null,"category":"Footpath (pedestrian only)"},"geometry":{"type":"MultiLineString","coordinates":[[[-0.4662808,51.5180943],[-0.4665216,51.5180815],[-0.4668417,51.5180646]]]}},
{"type":"Feature","properties":{"highway":"footway","name":null,"category":"Footpath (pedestrian only)"},"geometry":{"type":"MultiLineString","coordinates":[[[-0.4665216,51.5180815],[-0.4665063,51.5179131]]]}},
{"type":"Feature","properties":{"highway":"footway","name":null,"category":"Footpath (pedestrian only)"},"geometry":{"type":"MultiLineString","coordinates":[[[-0.4728301,51.5122804],[-0.4725556,51.5122575]]]}},
{"type":"Feature","properties":{"highway":"footway","name":null,"category":"Footpath (pedestrian only)"},"geometry":{"type":"MultiLineString","coordinates":[[[-0.4575442,51.5162026],[-0.4575415,51.5173227],[-0.457489,51.5176442]]]}},
{"type":"Feature","properties":{"highway":"footway","name":null,"category":"Footpath (pedestrian only)"},"geometry":{"type":"MultiLineString","coordinates":[[[-0.4605363,51.5154023],[-0.460519,51.5153888],[-0.4599247,51.5153429],[-0.4599127,51.5151844]]]}},
{"type":"Feature","properties":{"highway":"footway","name":null,"category":"Footpath (pedestrian only)"},"geometry":{"type":"MultiLineString","coordinates":[[[-0.4605363,51.5154023],[-0.4605398,51.5154179],[-0.4606895,51.5154147]]]}},
{"type":"Feature","properties":{"highway":"footway","name":null,"category":"Footpath (pedestrian only)"},"geometry":{"type":"MultiLineString","coordinates":[[[-0.4567504,51.5235928],[-0.4566887,51.5234735],[-0.4566635,51.5234039],[-0.4566383,51.5233661],[-0.456632,51.5232806],[-0.4566035,51.5231471],[-0.456545,51.5229599],[-0.4565382,51.5229363],[-0.4564152,51.522513],[-0.4563474,51.522303],[-0.4563327,51.5222571],[-0.4563057,51.5222218]]]}},
{"type":"Feature","properties":{"highway":"footway","name":null,"category":"Footpath (pedestrian only)"},"geometry":{"type":"MultiLineString","coordinates":[[[-0.4563474,51.522303],[-0.4564,51.5222984],[-0.4564549,51.5222935]]]}},
{"type":"Feature","properties":{"highway":"footway","name":null,"category":"Footpath (pedestrian only)"},"geometry":{"type":"MultiLineString","coordinates":[[[-0.4564549,51.5222935],[-0.4564783,51.5222921],[-0.4564969,51.5223825],[-0.456536,51.522524],[-0.4565762,51.522655],[-0.4566098,51.5227431],[-0.4566316,51.5227568],[-0.4566772,51.5228459],[-0.4567229,51.5229944],[-0.4567695,51.5231595],[-0.4567935,51.5232398],[-0.4568335,51.5232601],[-0.4568683,51.5232696],[-0.4568903,51.5232718],[-0.4569188,51.5232673],[-0.4569373,51.5232643],[-0.457321,51.5231902],[-0.4576517,51.5231066],[-0.4577627,51.5230632],[-0.4577508,51.5230308],[-0.4576494,51.5228935],[-0.457594,51.5227974],[-0.4575725,51.5227656],[-0.4575021,51.5227382]]]}},
{"type":"Feature","properties":{"highway":"footway","name":null,"category":"Footpath (pedestrian only)"},"geometry":{"type":"MultiLineString","coordinates":[[[-0.4569714,51.5233633],[-0.4569134,51.5233859],[-0.4568563,51.5234433],[-0.4568525,51.5234966],[-0.4568972,51.5235656],[-0.4569032,51.5235747],[-0.4569614,51.5236549],[-0.4570384,51.5237469],[-0.4571726,51.5238988]]]}},
{"type":"Feature","properties":{"highway":"footway","name":null,"category":"Footpath (pedestrian only)"},"geometry":{"type":"MultiLineString","coordinates":[[[-0.4571726,51.5238988],[-0.4572209,51.523972],[-0.4572547,51.5240171],[-0.4573679,51.5241037],[-0.4575107,51.5241971],[-0.457632,51.524274],[-0.4577866,51.5243612],[-0.4579347,51.5244467],[-0.4580713,51.5245391],[-0.4581812,51.5246103],[-0.4582285,51.5246513],[-0.4582891,51.524709],[-0.4583283,51.524742],[-0.4583899,51.5247532],[-0.458473,51.5247396],[-0.4585472,51.5247043],[-0.4585881,51.5246578],[-0.4586071,51.5246157],[-0.4586068,51.5245996]]]}},
{"type":"Feature","properties":{"highway":"footway","name":null,"category":"Footpath (pedestrian only)"},"geometry":{"type":"MultiLineString","coordinates":[[[-0.4569714,51.5233633],[-0.4569438,51.5233174],[-0.4569188,51.5232673]]]}},
{"type":"Feature","properties":{"highway":"footway","name":null,"category":"Footpath (pedestrian only)"},"geometry":{"type":"MultiLineString","coordinates":[[[-0.4561471,51.5241123],[-0.4560136,51.5239324]]]}},
{"type":"Feature","properties":{"highway":"footway","name":null,"category":"Footpath (pedestrian only)"},"geometry":{"type":"MultiLineString","coordinates":[[[-0.4555609,51.5256732],[-0.4555691,51.5256301],[-0.4555748,51.5255977]]]}},
{"type":"Feature","properties":{"highway":"footway","name":null,"category":"Footpath (pedestrian only)"},"geometry":{"type":"MultiLineString","coordinates":[[[-0.454827,51.5255234],[-0.4548747,51.5255425],[-0.4549687,51.5255536],[-0.4551713,51.5255688],[-0.4555748,51.5255977],[-0.4557124,51.5256082],[-0.4559171,51.5256215],[-0.4562424,51.5256443],[-0.4563134,51.5256491],[-0.4568846,51.5256875],[-0.4572807,51.5257155],[-0.4574863,51.525728],[-0.4576975,51.5257428],[-0.4577371,51.5257356],[-0.4577678,51.5257082],[-0.457776,51.5256511],[-0.4577757,51.5255726],[-0.4577709,51.5255349],[-0.457753,51.5254907],[-0.4577476,51.5254501],[-0.4577467,51.5254085],[-0.4577466,51.5253568],[-0.4577467,51.5253307],[-0.4577287,51.5253139],[-0.4576832,51.5253003],[-0.4576276,51.5252997]]]}},
{"type":"Feature","properties":{"highway":"footway","name":null,"category":"Footpath (pedestrian only)"},"geometry":{"type":"MultiLineString","coordinates":[[[-0.4555609,51.5256732],[-0.4556147,51.5256769],[-0.4556944,51.525682],[-0.4557295,51.5256834],[-0.4557306,51.5257334],[-0.4557307,51.5258013],[-0.4557281,51.526026],[-0.4557262,51.5262104],[-0.4557255,51.5263399],[-0.4557242,51.5265512],[-0.4557259,51.5268755],[-0.4557221,51.5272023],[-0.4557225,51.5278288],[-0.4557162,51.5280231],[-0.4557154,51.5281038],[-0.4550604,51.5281308],[-0.454546,51.5281525],[-0.4545358,51.5281449],[-0.4544831,51.5278288],[-0.4544515,51.5276652],[-0.4544323,51.5275555],[-0.4544223,51.5275057],[-0.4544062,51.5274588],[-0.4542956,51.5273244],[-0.454059,51.5270446],[-0.4538522,51.5268063],[-0.4536793,51.5265988],[-0.4535846,51.5264833],[-0.453529,51.5264201],[-0.4534611,51.5263411],[-0.4533791,51.5262539],[-0.4532614,51.5261114],[-0.4529653,51.5257813],[-0.4529374,51.5257465],[-0.4529379,51.5257297],[-0.452999,51.5257007],[-0.4531254,51.525665],[-0.4533476,51.5256104],[-0.4535752,51.5255771],[-0.4536566,51.5255681],[-0.4537379,51.5255619],[-0.453822,51.5255599],[-0.453905,51.5255592],[-0.4539869,51.525562],[-0.4540562,51.5255707]]]}},
{"type":"Feature","properties":{"highway":"footway","name":null,"category":"Footpath (pedestrian only)"},"geometry":{"type":"MultiLineString","coordinates":[[[-0.4567504,51.5235928],[-0.4568142,51.523582],[-0.4568972,51.5235656]]]}},
{"type":"Feature","properties":{"highway":"footway","name":null,"category":"Footpath (pedestrian only)"},"geometry":{"type":"MultiLineString","coordinates":[[[-0.4542355,51.5255757],[-0.4543459,51.525581],[-0.4545632,51.5255947],[-0.4549453,51.5256201],[-0.4555609,51.5256732]]]}},
{"type":"Feature","properties":{"highway":"footway","name":null,"category":"Footpath (pedestrian only)"},"geometry":{"type":"MultiLineString","coordinates":[[[-0.4540562,51.5255707],[-0.4541403,51.5255729],[-0.4542355,51.5255757]]]}},
{"type":"Feature","properties":{"highway":"footway","name":null,"category":"Footpath (pedestrian only)"},"geometry":{"type":"MultiLineString","coordinates":[[[-0.4559156,51.5255704],[-0.4562497,51.5256034],[-0.4562424,51.5256443]]]}},
{"type":"Feature","properties":{"highway":"footway","name":null,"category":"Footpath (pedestrian only)"},"geometry":{"type":"MultiLineString","coordinates":[[[-0.4564783,51.5222921],[-0.4564005,51.5220773],[-0.4563214,51.5218965],[-0.4562585,51.5217688],[-0.4561424,51.5215511],[-0.4560635,51.5214285],[-0.4559281,51.5212437],[-0.4558804,51.5211855],[-0.4558811,51.5211615],[-0.4559009,51.5211433],[-0.4559544,51.5211229],[-0.4563832,51.5210062],[-0.4567091,51.520894],[-0.4568628,51.5208422],[-0.4570113,51.5207894],[-0.4571087,51.5207614],[-0.4572512,51.5207401],[-0.4574514,51.5207239],[-0.4577364,51.5207002],[-0.4579286,51.5206863],[-0.4581638,51.5206651],[-0.4583894,51.5206507],[-0.4585812,51.5206166],[-0.4588564,51.5205466],[-0.4591676,51.520465],[-0.4595075,51.5203804],[-0.4595982,51.520356],[-0.4596196,51.5203524],[-0.4596861,51.5203605],[-0.4597696,51.5203443],[-0.4598321,51.520303],[-0.4598525,51.5202574],[-0.4598385,51.5202089],[-0.4598143,51.5201849],[-0.4597648,51.5201586],[-0.4596467,51.5198931],[-0.4595663,51.5197055],[-0.459504,51.5195756],[-0.4593271,51.5191855],[-0.4592363,51.5189722],[-0.4591227,51.5187179],[-0.4590825,51.518643],[-0.4591075,51.5186157]]]}},
{"type":"Feature","properties":{"highway":"footway","name":null,"category":"Footpath (pedestrian only)"},"geometry":{"type":"MultiLineString","coordinates":[[[-0.4638088,51.5174227],[-0.4636976,51.5174453],[-0.4636238,51.5174725],[-0.463473,51.5175069],[-0.4633657,51.5175323],[-0.4632597,51.5175622],[-0.4631853,51.5175926],[-0.4630221,51.5176349],[-0.4629119,51.517658],[-0.4628062,51.5176777],[-0.4626636,51.5177128],[-0.4625182,51.5177456],[-0.4624237,51.5177762],[-0.4623499,51.5177994],[-0.4622456,51.5178477],[-0.462132,51.517904],[-0.4620683,51.5179513],[-0.4620583,51.5180023],[-0.4620679,51.5180303]]]}},
{"type":"Feature","properties":{"highway":"footway","name":null,"category":"Footpath (pedestrian only)"},"geometry":{"type":"MultiLineString","coordinates":[[[-0.4620679,51.5180303],[-0.461956,51.5180462],[-0.4618654,51.5180686]]]}},
{"type":"Feature","properties":{"highway":"footway","name":null,"category":"Footpath (pedestrian only)"},"geometry":{"type":"MultiLineString","coordinates":[[[-0.4618654,51.5180686],[-0.4618334,51.5180432],[-0.461796,51.5180207],[-0.4617379,51.5180027],[-0.4616738,51.5179994],[-0.4616087,51.5180045],[-0.4613491,51.5180609],[-0.4612388,51.5180898],[-0.4610444,51.5181463],[-0.4608178,51.5182156],[-0.4606449,51.5182644]]]}},
{"type":"Feature","properties":{"highway":"footway","name":null,"category":"Footpath (pedestrian only)"},"geometry":{"type":"MultiLineString","coordinates":[[[-0.4606449,51.5182644],[-0.4606151,51.5182532],[-0.4605808,51.5182391]]]}},
{"type":"Feature","properties":{"highway":"footway","name":null,"category":"Footpath (pedestrian only)"},"geometry":{"type":"MultiLineString","coordinates":[[[-0.4605808,51.5182391],[-0.4604447,51.5182658]]]}},
{"type":"Feature","properties":{"highway":"footway","name":null,"category":"Footpath (pedestrian only)"},"geometry":{"type":"MultiLineString","coordinates":[[[-0.4604447,51.5182658],[-0.4604232,51.5182885],[-0.4603953,51.5183291]]]}},
{"type":"Feature","properties":{"highway":"footway","name":null,"category":"Footpath (pedestrian only)"},"geometry":{"type":"MultiLineString","coordinates":[[[-0.4603953,51.5183291],[-0.4603586,51.5182976],[-0.4603209,51.5182875],[-0.4602834,51.5182818],[-0.4601745,51.5182965],[-0.4599054,51.5183454],[-0.45968,51.5183902],[-0.459545,51.5184127],[-0.4594014,51.5184366],[-0.4592513,51.5184642],[-0.459156,51.518481],[-0.459009,51.5185037],[-0.4588601,51.5185205],[-0.4588133,51.5185238],[-0.4586467,51.5185411],[-0.4585523,51.5185446],[-0.4584615,51.5185474],[-0.4583606,51.5185593]]]}},
{"type":"Feature","properties":{"highway":"footway","name":null,"category":"Footpath (pedestrian only)"},"geometry":{"type":"MultiLineString","coordinates":[[[-0.4620679,51.5180303],[-0.4620941,51.5180805],[-0.4621303,51.5181048],[-0.4621786,51.518204],[-0.462253,51.51837]]]}},
{"type":"Feature","properties":{"highway":"footway","name":null,"category":"Footpath (pedestrian only)"},"geometry":{"type":"MultiLineString","coordinates":[[[-0.462253,51.51837],[-0.462268,51.5183995],[-0.4622812,51.5184292]]]}},
{"type":"Feature","properties":{"highway":"footway","name":null,"category":"Footpath (pedestrian only)"},"geometry":{"type":"MultiLineString","coordinates":[[[-0.4622812,51.5184292],[-0.4623042,51.518488],[-0.4623598,51.5186192],[-0.4624111,51.5187316],[-0.4624748,51.5188736],[-0.462519,51.5189735],[-0.4625854,51.5191171],[-0.4626271,51.5192101],[-0.4627029,51.5193767],[-0.4627466,51.5194749],[-0.4628159,51.5196259],[-0.4628675,51.5197468],[-0.462942,51.5199102],[-0.4629778,51.5199806],[-0.4630464,51.5201354],[-0.4631158,51.5202862],[-0.4631683,51.5203962],[-0.4631833,51.5204466],[-0.4631809,51.5204834],[-0.4631396,51.5204745]]]}},
{"type":"Feature","properties":{"highway":"footway","name":null,"category":"Footpath (pedestrian only)"},"geometry":{"type":"MultiLineString","coordinates":[[[-0.4631809,51.5204834],[-0.4632088,51.5204997]]]}},
{"type":"Feature","properties":{"highway":"footway","name":null,"category":"Footpath (pedestrian only)"},"geometry":{"type":"MultiLineString","coordinates":[[[-0.4632088,51.5204997],[-0.4632295,51.5205395],[-0.4632316,51.5205436],[-0.4632489,51.5205778]]]}},
{"type":"Feature","properties":{"highway":"footway","name":null,"category":"Footpath (pedestrian only)"},"geometry":{"type":"MultiLineString","coordinates":[[[-0.4632489,51.5205778],[-0.4632805,51.5206569],[-0.4633419,51.5207912],[-0.4634106,51.5209394],[-0.4634846,51.5211007],[-0.4635633,51.5212812],[-0.4636002,51.5213976],[-0.4636469,51.5215523],[-0.4636913,51.5217059],[-0.4637274,51.5218604],[-0.4637474,51.5219582],[-0.463704,51.5219607],[-0.4637093,51.5219819]]]}},
{"type":"Feature","properties":{"highway":"footway","name":null,"category":"Footpath (pedestrian only)"},"geometry":{"type":"MultiLineString","coordinates":[[[-0.4637093,51.5219819],[-0.4637138,51.5220038],[-0.4637199,51.5220291]]]}},
{"type":"Feature","properties":{"highway":"footway","name":null,"category":"Footpath (pedestrian only)"},"geometry":{"type":"MultiLineString","coordinates":[[[-0.4637199,51.5220291],[-0.4637304,51.5220634],[-0.4637475,51.5221391],[-0.463748,51.522242],[-0.4637368,51.5223424],[-0.4637191,51.522407],[-0.463708,51.522434],[-0.4636955,51.5224641]]]}},
{"type":"Feature","properties":{"highway":"footway","name":null,"category":"Footpath (pedestrian only)"},"geometry":{"type":"MultiLineString","coordinates":[[[-0.463708,51.522434],[-0.4637398,51.5224661],[-0.4638073,51.5225019],[-0.4638806,51.522521],[-0.4639173,51.5225223]]]}},
{"type":"Feature","properties":{"highway":"footway","name":null,"category":"Footpath (pedestrian only)"},"geometry":{"type":"MultiLineString","coordinates":[[[-0.4636955,51.5224641],[-0.4636009,51.5224526],[-0.4635358,51.5224464]]]}},
{"type":"Feature","properties":{"highway":"footway","name":null,"category":"Footpath (pedestrian only)"},"geometry":{"type":"MultiLineString","coordinates":[[[-0.4639173,51.5225223],[-0.4639308,51.5225748],[-0.4639406,51.5226225]]]}},
{"type":"Feature","properties":{"highway":"footway","name":null,"category":"Footpath (pedestrian only)"},"geometry":{"type":"MultiLineString","coordinates":[[[-0.4635358,51.5224464],[-0.463518,51.5224435],[-0.4634866,51.5225385],[-0.4634741,51.5226094],[-0.4634567,51.5226683],[-0.4634317,51.5226992],[-0.463397,51.5227141],[-0.4633369,51.5227143],[-0.4632964,51.5227117],[-0.4631642,51.5226959],[-0.462943,51.5226822],[-0.4627683,51.522676],[-0.4625421,51.5226764],[-0.4623892,51.5226741],[-0.462361,51.5226725],[-0.4623327,51.5226657],[-0.4623108,51.5226483],[-0.4623085,51.5226276],[-0.4623213,51.5225255],[-0.4623328,51.5224129],[-0.4623327,51.5223253],[-0.4623329,51.5222568],[-0.4623168,51.5221692],[-0.4622836,51.5220836],[-0.4622702,51.5220365],[-0.4622883,51.5219901],[-0.4623022,51.5219591],[-0.4622731,51.521892],[-0.4622206,51.5218006],[-0.4621908,51.5217478],[-0.4621296,51.5217178],[-0.4620777,51.5216873],[-0.4620586,51.5216445]]]}},
{"type":"Feature","properties":{"highway":"footway","name":null,"category":"Footpath (pedestrian only)"},"geometry":{"type":"MultiLineString","coordinates":[[[-0.4623327,51.5226657],[-0.4622724,51.5226658],[-0.4621782,51.5226664]]]}},
{"type":"Feature","properties":{"highway":"footway","name":null,"category":"Footpath (pedestrian only)"},"geometry":{"type":"MultiLineString","coordinates":[[[-0.4621782,51.5226664],[-0.4621519,51.5226752],[-0.4621124,51.5226826],[-0.4619874,51.522685],[-0.4619038,51.5226839],[-0.4616391,51.5226877],[-0.461451,51.5226929],[-0.4614266,51.5226936],[-0.4613182,51.5226969],[-0.4611692,51.5227057],[-0.4610562,51.5227115],[-0.4608933,51.5227187],[-0.4608174,51.5227213],[-0.460784,51.5227221],[-0.4607576,51.5227144],[-0.4607314,51.5226977],[-0.4607111,51.5226499],[-0.4607072,51.5226037]]]}},
{"type":"Feature","properties":{"highway":"footway","name":null,"category":"Footpath (pedestrian only)"},"geometry":{"type":"MultiLineString","coordinates":[[[-0.4608174,51.5227213],[-0.4608243,51.5227738],[-0.4608311,51.5228124]]]}},
{"type":"Feature","properties":{"highway":"footway","name":null,"category":"Footpath (pedestrian only)"},"geometry":{"type":"MultiLineString","coordinates":[[[-0.4614266,51.5226936],[-0.4614319,51.5227476],[-0.4614356,51.5227891]]]}},
{"type":"Feature","properties":{"highway":"footway","name":null,"category":"Footpath (pedestrian only)"},"geometry":{"type":"MultiLineString","coordinates":[[[-0.4619038,51.5226839],[-0.4619065,51.5227313],[-0.4619101,51.5227774]]]}},
{"type":"Feature","properties":{"highway":"footway","name":null,"category":"Footpath (pedestrian only)"},"geometry":{"type":"MultiLineString","coordinates":[[[-0.4607576,51.5227144],[-0.4606666,51.5227195],[-0.4606091,51.5227223]]]}},
{"type":"Feature","properties":{"highway":"footway","name":null,"category":"Footpath (pedestrian only)"},"geometry":{"type":"MultiLineString","coordinates":[[[-0.4603217,51.5223127],[-0.4603834,51.5223093],[-0.4604491,51.5223064],[-0.4604808,51.5223092],[-0.4605712,51.5223282],[-0.4605898,51.5223444],[-0.4606097,51.5225031],[-0.4606329,51.5226762],[-0.4606312,51.5226994],[-0.4606091,51.5227223],[-0.4605867,51.5227323],[-0.4605508,51.5227389],[-0.4603066,51.522749],[-0.4600159,51.5227649],[-0.4597072,51.522786],[-0.4595745,51.5227964],[-0.4594701,51.5228043],[-0.4594427,51.5228056],[-0.4594163,51.5228017],[-0.4594006,51.522795],[-0.4593873,51.5227797],[-0.459375,51.522738],[-0.4593649,51.5226505],[-0.4593386,51.5224441],[-0.4593441,51.5224287],[-0.4593657,51.5224168],[-0.4593966,51.5224078],[-0.4594428,51.5223944],[-0.4594823,51.5223881],[-0.4595435,51.5223848],[-0.4596036,51.5223805]]]}},
{"type":"Feature","properties":{"highway":"footway","name":null,"category":"Footpath (pedestrian only)"},"geometry":{"type":"MultiLineString","coordinates":[[[-0.4594006,51.522795],[-0.4593385,51.5228017],[-0.4592787,51.5228078]]]}},
{"type":"Feature","properties":{"highway":"footway","name":null,"category":"Footpath (pedestrian only)"},"geometry":{"type":"MultiLineString","coordinates":[[[-0.4592405,51.5223089],[-0.4592803,51.5226468],[-0.4592937,51.5227732],[-0.4592915,51.5227873],[-0.4592851,51.5227987],[-0.4592787,51.5228078],[-0.4592598,51.5228187],[-0.4591893,51.5228278],[-0.4590427,51.5228387],[-0.4589318,51.5228483],[-0.4587529,51.5228683],[-0.458715,51.5228727]]]}},
{"type":"Feature","properties":{"highway":"footway","name":null,"category":"Footpath (pedestrian only)"},"geometry":{"type":"MultiLineString","coordinates":[[[-0.458715,51.5228727],[-0.4586373,51.5228825]]]}},
{"type":"Feature","properties":{"highway":"footway","name":null,"category":"Footpath (pedestrian only)"},"geometry":{"type":"MultiLineString","coordinates":[[[-0.4586373,51.5228825],[-0.4586077,51.5228864],[-0.4585756,51.5228888],[-0.4585498,51.5228788]]]}},
{"type":"Feature","properties":{"highway":"footway","name":null,"category":"Footpath (pedestrian only)"},"geometry":{"type":"MultiLineString","coordinates":[[[-0.4585498,51.5228788],[-0.4584748,51.5228921],[-0.4583791,51.5229081]]]}},
{"type":"Feature","properties":{"highway":"footway","name":null,"category":"Footpath (pedestrian only)"},"geometry":{"type":"MultiLineString","coordinates":[[[-0.4583791,51.5229081],[-0.4582943,51.5229294],[-0.4581402,51.5229652],[-0.458019,51.5229994],[-0.457932,51.5230251],[-0.4578773,51.5230299]]]}},
{"type":"Feature","properties":{"highway":"footway","name":null,"category":"Footpath (pedestrian only)"},"geometry":{"type":"MultiLineString","coordinates":[[[-0.4578773,51.5230299],[-0.4578177,51.523051],[-0.4577627,51.5230632]]]}},
{"type":"Feature","properties":{"highway":"footway","name":null,"category":"Footpath (pedestrian only)"},"geometry":{"type":"MultiLineString","coordinates":[[[-0.4578773,51.5230299],[-0.4578409,51.5230022],[-0.4577719,51.5229154],[-0.457694,51.5227943],[-0.457668,51.5227431],[-0.4576949,51.5227061],[-0.4576893,51.5226683],[-0.4576208,51.5225505],[-0.4575989,51.5225318],[-0.457499,51.5225218],[-0.4574777,51.5225279],[-0.4574062,51.5225819],[-0.4575021,51.5227382]]]}},
{"type":"Feature","properties":{"highway":"footway","name":null,"category":"Footpath (pedestrian only)"},"geometry":{"type":"MultiLineString","coordinates":[[[-0.4722905,51.5101548],[-0.4722923,51.5101197]]]}},
{"type":"Feature","properties":{"highway":"footway","name":null,"category":"Footpath (pedestrian only)"},"geometry":{"type":"MultiLineString","coordinates":[[[-0.471767,51.5101027],[-0.4720048,51.5101067]]]}},
{"type":"Feature","properties":{"highway":"footway","name":null,"category":"Footpath (pedestrian only)"},"geometry":{"type":"MultiLineString","coordinates":[[[-0.4549267,51.5243464],[-0.4549565,51.5244107],[-0.4550407,51.524525],[-0.4551146,51.5246213],[-0.4551556,51.5246749],[-0.4551942,51.5247382],[-0.4552271,51.5248756],[-0.4552811,51.5250843],[-0.4553063,51.525184],[-0.4553114,51.5252324],[-0.4552864,51.525271],[-0.455247,51.5253059],[-0.4551435,51.5253293],[-0.4549106,51.5253532],[-0.4548635,51.5253692],[-0.4548324,51.5253948],[-0.454825,51.5254234],[-0.4548215,51.5254718],[-0.454827,51.5255234]]]}},
{"type":"Feature","properties":{"highway":"footway","name":null,"category":"Footpath (pedestrian only)"},"geometry":{"type":"MultiLineString","coordinates":[[[-0.4543554,51.5253795],[-0.4544726,51.5253823],[-0.4545893,51.5253923],[-0.4546764,51.5254098],[-0.4546972,51.5254531],[-0.4546983,51.5254921],[-0.4546583,51.525519],[-0.454579,51.5255255],[-0.4543002,51.5255093],[-0.4541457,51.5255017],[-0.4540636,51.5254976],[-0.453744,51.5254927],[-0.4536651,51.5254971],[-0.453625,51.5254993],[-0.4534562,51.5255194],[-0.4533231,51.5255403],[-0.4532644,51.5255504],[-0.4532024,51.5255475]]]}},
{"type":"Feature","properties":{"highway":"footway","name":null,"category":"Footpath (pedestrian only)"},"geometry":{"type":"MultiLineString","coordinates":[[[-0.454827,51.5255234],[-0.4547479,51.525521],[-0.4546583,51.525519]]]}},
{"type":"Feature","properties":{"highway":"footway","name":null,"category":"Footpath (pedestrian only)"},"geometry":{"type":"MultiLineString","coordinates":[[[-0.4695419,51.5172014],[-0.4694791,51.5171034],[-0.4692703,51.5170879],[-0.4692485,51.5170666],[-0.4691848,51.5170666],[-0.4687017,51.5170655],[-0.4683548,51.5170843],[-0.4681071,51.5171261],[-0.467808,51.5171911],[-0.4672984,51.5172979],[-0.4669852,51.5173419],[-0.4668096,51.516664]]]}},
{"type":"Feature","properties":{"highway":"footway","name":null,"category":"Footpath (pedestrian only)"},"geometry":{"type":"MultiLineString","coordinates":[[[-0.4669852,51.5173419],[-0.4669162,51.5173575],[-0.4667807,51.51736],[-0.46655,51.5173517],[-0.46631,51.5173074],[-0.4661048,51.5172791],[-0.4655549,51.5172248],[-0.4652156,51.5172098]]]}},
{"type":"Feature","properties":{"highway":"footway","name":null,"category":"Footpath (pedestrian only)"},"geometry":{"type":"MultiLineString","coordinates":[[[-0.4655549,51.5172248],[-0.4656408,51.5172582],[-0.4659144,51.5173108],[-0.4659814,51.517325],[-0.4660006,51.5174388]]]}},
{"type":"Feature","properties":{"highway":"footway","name":null,"category":"Footpath (pedestrian only)"},"geometry":{"type":"MultiLineString","coordinates":[[[-0.4735894,51.5138223],[-0.4734773,51.5138497],[-0.47335,51.5138809]]]}},
{"type":"Feature","properties":{"highway":"footway","name":null,"category":"Footpath (pedestrian only)"},"geometry":{"type":"MultiLineString","coordinates":[[[-0.4749568,51.5166474],[-0.474822,51.5167624],[-0.4746442,51.5168875]]]}},
{"type":"Feature","properties":{"highway":"footway","name":null,"category":"Footpath (pedestrian only)"},"geometry":{"type":"MultiLineString","coordinates":[[[-0.472093,51.5100913],[-0.4720039,51.5100902]]]}},
{"type":"Feature","properties":{"highway":"footway","name":null,"category":"Footpath (pedestrian only)"},"geometry":{"type":"MultiLineString","coordinates":[[[-0.4720048,51.5101067],[-0.4720039,51.5100902]]]}},
{"type":"Feature","properties":{"highway":"footway","name":null,"category":"Footpath (pedestrian only)"},"geometry":{"type":"MultiLineString","coordinates":[[[-0.4720039,51.5100902],[-0.4720036,51.5100789]]]}},
{"type":"Feature","properties":{"highway":"footway","name":null,"category":"Footpath (pedestrian only)"},"geometry":{"type":"MultiLineString","coordinates":[[[-0.4695144,51.5135963],[-0.4694595,51.5135973],[-0.4693613,51.513515],[-0.4692623,51.5134241],[-0.4692134,51.5134245]]]}},
{"type":"Feature","properties":{"highway":"footway","name":"Royal Avenue","category":"Footpath (pedestrian only)"},"geometry":{"type":"MultiLineString","coordinates":[[[-0.4693613,51.513515],[-0.4693513,51.5126373],[-0.4693447,51.5120095],[-0.469332,51.5118039],[-0.4692642,51.511757]]]}},
{"type":"Feature","properties":{"highway":"footway","name":null,"category":"Footpath (pedestrian only)"},"geometry":{"type":"MultiLineString","coordinates":[[[-0.4694117,51.5114703],[-0.4694138,51.5114666],[-0.469417,51.5114634],[-0.4694224,51.5114594],[-0.4694259,51.5114576],[-0.4694293,51.5114563],[-0.4694327,51.5114553],[-0.469437,51.5114546],[-0.4694708,51.5114546]]]}},
{"type":"Feature","properties":{"highway":"footway","name":null,"category":"Footpath (pedestrian only)"},"geometry":{"type":"MultiLineString","coordinates":[[[-0.4691738,51.5117662],[-0.4692359,51.5117662],[-0.4692535,51.5117638],[-0.4692642,51.511757],[-0.4694117,51.5114703]]]}},
{"type":"Feature","properties":{"highway":"footway","name":null,"category":"Footpath (pedestrian only)"},"geometry":{"type":"MultiLineString","coordinates":[[[-0.4694981,51.5126363],[-0.4694487,51.5126366],[-0.4693513,51.5126373],[-0.4692517,51.5126373],[-0.4691948,51.5126376]]]}},
{"type":"Feature","properties":{"highway":"footway","name":null,"category":"Footpath (pedestrian only)"},"geometry":{"type":"MultiLineString","coordinates":[[[-0.4691832,51.5119653],[-0.4692395,51.5119651],[-0.4693447,51.5120095],[-0.4694429,51.512048],[-0.4694763,51.5120504]]]}},
{"type":"Feature","properties":{"highway":"track","name":null,"category":"Track"},"geometry":{"type":"MultiLineString","coordinates":[[[-0.4818623,51.5135537],[-0.4811874,51.5139033]]]}},
{"type":"Feature","properties":{"highway":"track","name":null,"category":"Track"},"geometry":{"type":"MultiLineString","coordinates":[[[-0.4810569,51.5139771],[-0.4804381,51.5143282],[-0.4803804,51.514344],[-0.4803281,51.5143495],[-0.4802651,51.5143478],[-0.4802161,51.5143373],[-0.4801819,51.5143211],[-0.4796587,51.513969]]]}},
{"type":"Feature","properties":{"highway":"footway","name":null,"category":"Footpath (pedestrian only)"},"geometry":{"type":"MultiLineString","coordinates":[[[-0.4765318,51.5167193],[-0.4767009,51.5166588]]]}},
{"type":"Feature","properties":{"highway":"footway","name":null,"category":"Footpath (pedestrian only)"},"geometry":{"type":"MultiLineString","coordinates":[[[-0.4790727,51.5170757],[-0.4791576,51.5171477]]]}},
{"type":"Feature","properties":{"highway":"path","name":null,"category":"Shared path"},"geometry":{"type":"MultiLineString","coordinates":[[[-0.4828057,51.5201763],[-0.4827948,51.5202089]]]}},
{"type":"Feature","properties":{"highway":"footway","name":null,"category":"Footpath (pedestrian only)"},"geometry":{"type":"MultiLineString","coordinates":[[[-0.4693396,51.5209622],[-0.4694459,51.5205251]]]}},
{"type":"Feature","properties":{"highway":"footway","name":"U69","category":"Footpath (pedestrian only)"},"geometry":{"type":"MultiLineString","coordinates":[[[-0.4735205,51.527014],[-0.4735168,51.5267609],[-0.4735413,51.5265458],[-0.4735629,51.5265387]]]}},
{"type":"Feature","properties":{"highway":"footway","name":"U69","category":"Footpath (pedestrian only)"},"geometry":{"type":"MultiLineString","coordinates":[[[-0.4735629,51.5265387],[-0.4736621,51.5265104],[-0.4736519,51.5264848]]]}},
{"type":"Feature","properties":{"highway":"footway","name":null,"category":"Footpath (pedestrian only)"},"geometry":{"type":"MultiLineString","coordinates":[[[-0.4767419,51.5155367],[-0.4765897,51.5155564],[-0.4765307,51.5155452]]]}},
{"type":"Feature","properties":{"highway":"footway","name":null,"category":"Footpath (pedestrian only)"},"geometry":{"type":"MultiLineString","coordinates":[[[-0.4765307,51.5155452],[-0.4764676,51.5155302],[-0.4764066,51.5155769],[-0.4763411,51.5156369],[-0.4762747,51.5156831],[-0.4762084,51.515725],[-0.4761217,51.5157619],[-0.4759827,51.5158103],[-0.4759102,51.5158379]]]}},
{"type":"Feature","properties":{"highway":"footway","name":null,"category":"Footpath (pedestrian only)"},"geometry":{"type":"MultiLineString","coordinates":[[[-0.4768444,51.5151554],[-0.4768231,51.5152371]]]}},
{"type":"Feature","properties":{"highway":"footway","name":null,"category":"Footpath (pedestrian only)"},"geometry":{"type":"MultiLineString","coordinates":[[[-0.4759369,51.5145957],[-0.4758839,51.5145589]]]}},
{"type":"Feature","properties":{"highway":"footway","name":null,"category":"Footpath (pedestrian only)"},"geometry":{"type":"MultiLineString","coordinates":[[[-0.4778959,51.5131717],[-0.4779046,51.513035],[-0.4776562,51.5127108]]]}},
{"type":"Feature","properties":{"highway":"footway","name":null,"category":"Footpath (pedestrian only)"},"geometry":{"type":"MultiLineString","coordinates":[[[-0.4795571,51.5174872],[-0.4797095,51.5176041]]]}},
{"type":"Feature","properties":{"highway":"footway","name":null,"category":"Footpath (pedestrian only)"},"geometry":{"type":"MultiLineString","coordinates":[[[-0.4589518,51.5293955],[-0.4589045,51.5293623],[-0.458765,51.5293615],[-0.4586853,51.5293735]]]}},
{"type":"Feature","properties":{"highway":"footway","name":"Celandine Route","category":"Footpath (pedestrian only)"},"geometry":{"type":"MultiLineString","coordinates":[[[-0.4777574,51.5173201],[-0.477592,51.5173822],[-0.4774375,51.5173974],[-0.4773909,51.5174053],[-0.477347,51.5174182],[-0.4773137,51.5174288],[-0.4772845,51.5174444],[-0.4772382,51.5174808],[-0.4771999,51.5175239],[-0.4771421,51.5175422]]]}},
{"type":"Feature","properties":{"highway":"path","name":null,"category":"Shared path"},"geometry":{"type":"MultiLineString","coordinates":[[[-0.4772382,51.5174808],[-0.4773897,51.5175361]]]}},
{"type":"Feature","properties":{"highway":"footway","name":null,"category":"Footpath (pedestrian only)"},"geometry":{"type":"MultiLineString","coordinates":[[[-0.4790386,51.5172391],[-0.4790485,51.517267]]]}},
{"type":"Feature","properties":{"highway":"footway","name":null,"category":"Footpath (pedestrian only)"},"geometry":{"type":"MultiLineString","coordinates":[[[-0.4634736,51.5246659],[-0.4633614,51.5246279],[-0.4633339,51.5246183],[-0.4632561,51.524591],[-0.4631614,51.5245588]]]}},
{"type":"Feature","properties":{"highway":"footway","name":null,"category":"Footpath (pedestrian only)"},"geometry":{"type":"MultiLineString","coordinates":[[[-0.4638374,51.5246958],[-0.4637165,51.5247944],[-0.4638634,51.5250441]]]}},
{"type":"Feature","properties":{"highway":"footway","name":null,"category":"Footpath (pedestrian only)"},"geometry":{"type":"MultiLineString","coordinates":[[[-0.464481,51.525016],[-0.4643269,51.5251955]]]}},
{"type":"Feature","properties":{"highway":"footway","name":null,"category":"Footpath (pedestrian only)"},"geometry":{"type":"MultiLineString","coordinates":[[[-0.4583838,51.5248395],[-0.4585548,51.5250901],[-0.4587699,51.5255096],[-0.4588471,51.5256549],[-0.4589174,51.5257512],[-0.458949,51.5258177],[-0.4590553,51.5258693],[-0.4597621,51.5261448],[-0.4598994,51.5261949],[-0.4599445,51.5262113]]]}},
{"type":"Feature","properties":{"highway":"footway","name":null,"category":"Footpath (pedestrian only)"},"geometry":{"type":"MultiLineString","coordinates":[[[-0.4613063,51.5267409],[-0.4600463,51.5262527],[-0.4600227,51.5262431],[-0.4600025,51.5262349],[-0.4599445,51.5262113]]]}},
{"type":"Feature","properties":{"highway":"footway","name":null,"category":"Footpath (pedestrian only)"},"geometry":{"type":"MultiLineString","coordinates":[[[-0.4617158,51.5263272],[-0.4616953,51.5263485],[-0.4613063,51.5267409],[-0.4613819,51.5267707]]]}},
{"type":"Feature","properties":{"highway":"footway","name":null,"category":"Footpath (pedestrian only)"},"geometry":{"type":"MultiLineString","coordinates":[[[-0.4642282,51.525159],[-0.4641341,51.525265]]]}},
{"type":"Feature","properties":{"highway":"footway","name":null,"category":"Footpath (pedestrian only)"},"geometry":{"type":"MultiLineString","coordinates":[[[-0.4600595,51.5262054],[-0.4600393,51.5261978],[-0.4599797,51.5261755]]]}},
{"type":"Feature","properties":{"highway":"footway","name":null,"category":"Footpath (pedestrian only)"},"geometry":{"type":"MultiLineString","coordinates":[[[-0.4600025,51.5262349],[-0.4600393,51.5261978],[-0.4600567,51.5261802]]]}},
{"type":"Feature","properties":{"highway":"footway","name":null,"category":"Footpath (pedestrian only)"},"geometry":{"type":"MultiLineString","coordinates":[[[-0.4600227,51.5262431],[-0.4600595,51.5262054],[-0.4600767,51.5261879]]]}},
{"type":"Feature","properties":{"highway":"footway","name":null,"category":"Footpath (pedestrian only)"},"geometry":{"type":"MultiLineString","coordinates":[[[-0.4599445,51.5262113],[-0.4599797,51.5261755],[-0.459991,51.5261641],[-0.4601049,51.5260468]]]}},
{"type":"Feature","properties":{"highway":"footway","name":null,"category":"Footpath (pedestrian only)"},"geometry":{"type":"MultiLineString","coordinates":[[[-0.4616446,51.5246453],[-0.4615617,51.5247386],[-0.4614942,51.5247157],[-0.4614702,51.5247416],[-0.461349,51.5247],[-0.4613296,51.5247207]]]}},
{"type":"Feature","properties":{"highway":"footway","name":null,"category":"Footpath (pedestrian only)"},"geometry":{"type":"MultiLineString","coordinates":[[[-0.4613412,51.5250928],[-0.4614864,51.5250955],[-0.4615086,51.5251005],[-0.4615034,51.5251114]]]}},
{"type":"Feature","properties":{"highway":"footway","name":null,"category":"Footpath (pedestrian only)"},"geometry":{"type":"MultiLineString","coordinates":[[[-0.4613308,51.5250193],[-0.4614029,51.525021],[-0.4614032,51.5249976]]]}},
{"type":"Feature","properties":{"highway":"footway","name":null,"category":"Footpath (pedestrian only)"},"geometry":{"type":"MultiLineString","coordinates":[[[-0.4600834,51.5245667],[-0.4600853,51.5245086],[-0.4600855,51.5244963]]]}},
{"type":"Feature","properties":{"highway":"footway","name":null,"category":"Footpath (pedestrian only)"},"geometry":{"type":"MultiLineString","coordinates":[[[-0.4585369,51.5244103],[-0.4583657,51.5244943]]]}},
{"type":"Feature","properties":{"highway":"footway","name":null,"category":"Footpath (pedestrian only)"},"geometry":{"type":"MultiLineString","coordinates":[[[-0.4600479,51.5253566],[-0.4599844,51.5252914],[-0.4599002,51.525342]]]}},
{"type":"Feature","properties":{"highway":"footway","name":null,"category":"Footpath (pedestrian only)"},"geometry":{"type":"MultiLineString","coordinates":[[[-0.4602427,51.5254087],[-0.4602611,51.5253853],[-0.4602689,51.5253773]]]}},
{"type":"Feature","properties":{"highway":"footway","name":null,"category":"Footpath (pedestrian only)"},"geometry":{"type":"MultiLineString","coordinates":[[[-0.4595027,51.5253658],[-0.4594612,51.525296]]]}},
{"type":"Feature","properties":{"highway":"footway","name":null,"category":"Footpath (pedestrian only)"},"geometry":{"type":"MultiLineString","coordinates":[[[-0.4598759,51.5255624],[-0.4598565,51.5257356],[-0.4597595,51.5257493]]]}},
{"type":"Feature","properties":{"highway":"footway","name":null,"category":"Footpath (pedestrian only)"},"geometry":{"type":"MultiLineString","coordinates":[[[-0.458983,51.5243269],[-0.4589823,51.5243153]]]}},
{"type":"Feature","properties":{"highway":"footway","name":null,"category":"Footpath (pedestrian only)"},"geometry":{"type":"MultiLineString","coordinates":[[[-0.4602087,51.5245084],[-0.4600853,51.5245086],[-0.4599512,51.5245088],[-0.4599492,51.5244746],[-0.4597756,51.5244763],[-0.4597702,51.5243853],[-0.459736,51.5243841],[-0.4597333,51.5243682],[-0.4594778,51.5243816],[-0.4593062,51.5243924],[-0.4592874,51.5243056],[-0.458983,51.5243269],[-0.4585183,51.524357],[-0.4585746,51.5244087],[-0.4586497,51.5244792],[-0.4587022,51.5245411],[-0.4587141,51.5245551],[-0.4587389,51.524576],[-0.4587778,51.5245848],[-0.4588133,51.5245843],[-0.4588455,51.5245835],[-0.458877,51.5245818],[-0.4589065,51.5245777],[-0.458932,51.5245706],[-0.4589628,51.5245564],[-0.4589883,51.524538],[-0.4589997,51.5245163]]]}},
{"type":"Feature","properties":{"highway":"footway","name":null,"category":"Footpath (pedestrian only)"},"geometry":{"type":"MultiLineString","coordinates":[[[-0.4616732,51.5239728],[-0.4616343,51.5239227],[-0.4615613,51.5239445]]]}},
{"type":"Feature","properties":{"highway":"footway","name":null,"category":"Footpath (pedestrian only)"},"geometry":{"type":"MultiLineString","coordinates":[[[-0.4626059,51.5249336],[-0.4626062,51.5249207],[-0.4626392,51.5249216],[-0.4626096,51.5248705]]]}},
{"type":"Feature","properties":{"highway":"footway","name":null,"category":"Footpath (pedestrian only)"},"geometry":{"type":"MultiLineString","coordinates":[[[-0.4620362,51.525067],[-0.4620393,51.5249936],[-0.4620417,51.524938],[-0.4621104,51.5249394]]]}},
{"type":"Feature","properties":{"highway":"footway","name":null,"category":"Footpath (pedestrian only)"},"geometry":{"type":"MultiLineString","coordinates":[[[-0.4598163,51.5260999],[-0.4599447,51.5261471],[-0.459991,51.5261641]]]}},
{"type":"Feature","properties":{"highway":"footway","name":null,"category":"Footpath (pedestrian only)"},"geometry":{"type":"MultiLineString","coordinates":[[[-0.4632555,51.5247686],[-0.4632417,51.5247638],[-0.4633614,51.5246279],[-0.4634482,51.5245293]]]}},
{"type":"Feature","properties":{"highway":"footway","name":null,"category":"Footpath (pedestrian only)"},"geometry":{"type":"MultiLineString","coordinates":[[[-0.4633301,51.5245037],[-0.4632344,51.5244713]]]}},
{"type":"Feature","properties":{"highway":"footway","name":null,"category":"Footpath (pedestrian only)"},"geometry":{"type":"MultiLineString","coordinates":[[[-0.4633723,51.5244539],[-0.4633301,51.5245037],[-0.4632561,51.524591],[-0.4631377,51.5247279],[-0.4630207,51.5248633],[-0.4629942,51.5248543],[-0.4629803,51.5248496]]]}},
{"type":"Feature","properties":{"highway":"footway","name":null,"category":"Footpath (pedestrian only)"},"geometry":{"type":"MultiLineString","coordinates":[[[-0.4609043,51.5241931],[-0.4608486,51.5241556],[-0.4608749,51.5241381]]]}},
{"type":"Feature","properties":{"highway":"footway","name":null,"category":"Footpath (pedestrian only)"},"geometry":{"type":"MultiLineString","coordinates":[[[-0.4616087,51.5180045],[-0.4615777,51.5179454]]]}},
{"type":"Feature","properties":{"highway":"footway","name":null,"category":"Footpath (pedestrian only)"},"geometry":{"type":"MultiLineString","coordinates":[[[-0.463518,51.5224435],[-0.4635488,51.5222667],[-0.4635447,51.5221048],[-0.463534,51.5220175],[-0.4634696,51.521958],[-0.4633784,51.5216125],[-0.4632658,51.5212645],[-0.4631732,51.5210401],[-0.4630311,51.5207079],[-0.4630029,51.5206203],[-0.4630016,51.5205823],[-0.4629238,51.5204818],[-0.462677,51.5199461],[-0.4623592,51.5192609],[-0.4621661,51.5188345],[-0.4618737,51.5181786],[-0.4618482,51.5181043],[-0.4618654,51.5180686]]]}},
{"type":"Feature","properties":{"highway":"footway","name":null,"category":"Footpath (pedestrian only)"},"geometry":{"type":"MultiLineString","coordinates":[[[-0.463397,51.5227141],[-0.4633857,51.5227655],[-0.4633717,51.5228408],[-0.4633892,51.5229259],[-0.4634587,51.5229309]]]}},
{"type":"Feature","properties":{"highway":"footway","name":null,"category":"Footpath (pedestrian only)"},"geometry":{"type":"MultiLineString","coordinates":[[[-0.4635503,51.5229414],[-0.4635662,51.5228283],[-0.4639406,51.5226225]]]}},
{"type":"Feature","properties":{"highway":"footway","name":null,"category":"Footpath (pedestrian only)"},"geometry":{"type":"MultiLineString","coordinates":[[[-0.4642247,51.523712],[-0.4643442,51.5237197]]]}},
{"type":"Feature","properties":{"highway":"footway","name":null,"category":"Footpath (pedestrian only)"},"geometry":{"type":"MultiLineString","coordinates":[[[-0.4644882,51.5232326],[-0.4646257,51.5232464],[-0.4644961,51.5237368],[-0.4643655,51.5241842],[-0.4643105,51.5242159],[-0.4642255,51.5242085],[-0.4641482,51.5242018],[-0.4640959,51.5241634],[-0.4642247,51.523712],[-0.4643507,51.5232213]]]}},
{"type":"Feature","properties":{"highway":"footway","name":null,"category":"Footpath (pedestrian only)"},"geometry":{"type":"MultiLineString","coordinates":[[[-0.4654142,51.5240741],[-0.4653458,51.5240599],[-0.4653619,51.5239982],[-0.4652183,51.5238183]]]}},
{"type":"Feature","properties":{"highway":"footway","name":null,"category":"Footpath (pedestrian only)"},"geometry":{"type":"MultiLineString","coordinates":[[[-0.4636307,51.5276253],[-0.4633798,51.5274717],[-0.4632188,51.5273232],[-0.4631169,51.5271363],[-0.4630941,51.5270162],[-0.4630512,51.5268743]]]}},
{"type":"Feature","properties":{"highway":"path","name":null,"category":"Shared path"},"geometry":{"type":"MultiLineString","coordinates":[[[-0.4776558,51.5214191],[-0.4777362,51.5211881],[-0.4772616,51.5211232]]]}},
{"type":"Feature","properties":{"highway":"path","name":null,"category":"Shared path"},"geometry":{"type":"MultiLineString","coordinates":[[[-0.4778506,51.5209434],[-0.4777761,51.5211374],[-0.4777555,51.521191],[-0.4777362,51.5211881]]]}},
{"type":"Feature","properties":{"highway":"path","name":null,"category":"Shared path"},"geometry":{"type":"MultiLineString","coordinates":[[[-0.4781883,51.5214997],[-0.4782996,51.5212168],[-0.4777761,51.5211374]]]}},
{"type":"Feature","properties":{"highway":"footway","name":null,"category":"Footpath (pedestrian only)"},"geometry":{"type":"MultiLineString","coordinates":[[[-0.4764836,51.5303425],[-0.4764842,51.5303207],[-0.4764863,51.5302998],[-0.4764881,51.5302775],[-0.4764881,51.5302494],[-0.476488,51.530232]]]}},
{"type":"Feature","properties":{"highway":"footway","name":null,"category":"Footpath (pedestrian only)"},"geometry":{"type":"MultiLineString","coordinates":[[[-0.477504,51.5182677],[-0.4775487,51.5182479],[-0.4775858,51.5182358],[-0.4776024,51.5182298],[-0.4776443,51.5182687],[-0.477663,51.5182615],[-0.4777039,51.5182442],[-0.4777488,51.5182281]]]}},
{"type":"Feature","properties":{"highway":"footway","name":null,"category":"Footpath (pedestrian only)"},"geometry":{"type":"MultiLineString","coordinates":[[[-0.4771782,51.5179599],[-0.477301,51.5180839],[-0.477504,51.5182677]]]}},
{"type":"Feature","properties":{"highway":"footway","name":null,"category":"Footpath (pedestrian only)"},"geometry":{"type":"MultiLineString","coordinates":[[[-0.4777711,51.5185707],[-0.4776897,51.518497],[-0.4776214,51.5184302]]]}},
{"type":"Feature","properties":{"highway":"footway","name":null,"category":"Footpath (pedestrian only)"},"geometry":{"type":"MultiLineString","coordinates":[[[-0.4776214,51.5184302],[-0.477597,51.5183579],[-0.477504,51.5182677]]]}},
{"type":"Feature","properties":{"highway":"footway","name":null,"category":"Footpath (pedestrian only)"},"geometry":{"type":"MultiLineString","coordinates":[[[-0.4833425,51.5226182],[-0.4833307,51.5225812],[-0.4839245,51.5224984],[-0.4839879,51.5225331],[-0.484224,51.5224992],[-0.4842558,51.5224538],[-0.4845488,51.5224118]]]}}
]
}
