{
"type": "FeatureCollection",
"name": "KINU5_15_NACH",
"crs": { "type": "name", "properties": { "name": "urn:ogc:def:crs:OGC:1.3:CRS84" } },
"features": [
{"type":"Feature","properties":{"id":3935,"nach":0.58138993830255259},"geometry":{"type":"LineString","coordinates":[[-0.3007622,51.382947],[-0.3005723,51.3828974]]}},
{"type":"Feature","properties":{"id":4008,"nach":0.64800747836654937},"geometry":{"type":"LineString","coordinates":[[-0.3006486,51.382736100000017],[-0.3005723,51.3828974]]}},
{"type":"Feature","properties":{"id":14719,"nach":0.65730430188291233},"geometry":{"type":"LineString","coordinates":[[-0.3005078,51.3830806],[-0.3005723,51.3828974]]}},
{"type":"Feature","properties":{"id":3929,"nach":0.35663390397892791},"geometry":{"type":"LineString","coordinates":[[-0.3008689,51.382772099999983],[-0.3007683,51.3828616],[-0.3007622,51.382947]]}},
{"type":"Feature","properties":{"id":10602,"nach":0.56891139380801414},"geometry":{"type":"LineString","coordinates":[[-0.3022754,51.383398],[-0.300906,51.3829908],[-0.3007622,51.382947]]}},
{"type":"Feature","properties":{"id":4010,"nach":0.52498511456999308},"geometry":{"type":"LineString","coordinates":[[-0.3006486,51.382736100000017],[-0.3007062,51.3827499],[-0.3007688,51.382762700000015],[-0.3008689,51.382772099999983]]}},
{"type":"Feature","properties":{"id":18921,"nach":0.63948426538732206},"geometry":{"type":"LineString","coordinates":[[-0.3007526,51.3824927],[-0.3007115,51.3825961],[-0.3006914,51.382644199999987],[-0.3006706,51.3826923],[-0.3006486,51.382736100000017]]}},
{"type":"Feature","properties":{"id":18911,"nach":0.61169942304994651},"geometry":{"type":"LineString","coordinates":[[-0.3001375,51.3830821],[-0.3001791,51.3830706],[-0.3002283,51.3830638],[-0.3003781,51.3830651],[-0.3005078,51.3830806]]}},
{"type":"Feature","properties":{"id":32876,"nach":0.64703166258515665},"geometry":{"type":"LineString","coordinates":[[-0.3003249,51.3840336],[-0.300372,51.3837222],[-0.3004132,51.383471],[-0.3004197,51.3834307],[-0.3004276,51.3833925],[-0.3004578,51.383257600000015],[-0.300482,51.3831656],[-0.3005078,51.3830806]]}},
{"type":"Feature","properties":{"id":32875,"nach":0.63060252201548406},"geometry":{"type":"LineString","coordinates":[[-0.3003249,51.3840336],[-0.3003239,51.38409020000001]]}},
{"type":"Feature","properties":{"id":16308,"nach":0.62656457534951904},"geometry":{"type":"LineString","coordinates":[[-0.3003328,51.3846355],[-0.3003225,51.3843333],[-0.3003239,51.38409020000001]]}},
{"type":"Feature","properties":{"id":17229,"nach":0.47246925204395773},"geometry":{"type":"LineString","coordinates":[[-0.3015779,51.3842324],[-0.3012989,51.3840851],[-0.3003239,51.38409020000001]]}},
{"type":"Feature","properties":{"id":32874,"nach":0.59952175159228172},"geometry":{"type":"LineString","coordinates":[[-0.3003249,51.3840336],[-0.2988937,51.3845823]]}},
{"type":"Feature","properties":{"id":36900,"nach":0.62789499616197175},"geometry":{"type":"LineString","coordinates":[[-0.3007539,51.386349],[-0.3006374,51.3860156],[-0.3005345,51.3856534],[-0.3004498,51.3853256],[-0.3003844,51.385020200000014],[-0.3003328,51.3846355]]}},
{"type":"Feature","properties":{"id":16310,"nach":0.4784276689540628},"geometry":{"type":"LineString","coordinates":[[-0.3013374,51.3844975],[-0.3009109,51.3846097],[-0.3003328,51.3846355]]}},
{"type":"Feature","properties":{"id":355,"nach":0.54886137882768327},"geometry":{"type":"LineString","coordinates":[[-0.3008888,51.3866926],[-0.3009438,51.3866909],[-0.3009741,51.3866969],[-0.3010057,51.386711],[-0.3010243,51.386726500000016]]}},
{"type":"Feature","properties":{"id":26304,"nach":0.63075708219980453},"geometry":{"type":"LineString","coordinates":[[-0.3007842,51.3864359],[-0.3007965,51.386471],[-0.3008888,51.3866926]]}},
{"type":"Feature","properties":{"id":18897,"nach":0.62846308564495812},"geometry":{"type":"LineString","coordinates":[[-0.3008119,51.3867659],[-0.3008155,51.3867422],[-0.3008344,51.38671810000001],[-0.3008643,51.3867009],[-0.3008888,51.3866926]]}},
{"type":"Feature","properties":{"id":26317,"nach":0.65801599052656556},"geometry":{"type":"LineString","coordinates":[[-0.3010243,51.386726500000016],[-0.3011076,51.3866674],[-0.3013346,51.3865187]]}},
{"type":"Feature","properties":{"id":26316,"nach":0.67065487367118248},"geometry":{"type":"LineString","coordinates":[[-0.3010243,51.386726500000016],[-0.301036,51.3867462],[-0.3010369,51.3867722],[-0.3010232,51.3867961],[-0.3009942,51.3868167]]}},
{"type":"Feature","properties":{"id":26312,"nach":0.61610296201155368},"geometry":{"type":"LineString","coordinates":[[-0.3007415,51.3864395],[-0.3007842,51.3864359]]}},
{"type":"Feature","properties":{"id":36905,"nach":0.61138202877020331},"geometry":{"type":"LineString","coordinates":[[-0.3008728,51.3864194],[-0.3008438,51.386422],[-0.3007842,51.3864359]]}},
{"type":"Feature","properties":{"id":36902,"nach":0.6039759128383978},"geometry":{"type":"LineString","coordinates":[[-0.3007539,51.386349],[-0.3007604,51.386363],[-0.3007842,51.3864359]]}},
{"type":"Feature","properties":{"id":7791,"nach":0.59103083803993728},"geometry":{"type":"LineString","coordinates":[[-0.3055467,51.3907381],[-0.3066204,51.3911532],[-0.3066963,51.391177399999989],[-0.3067599,51.3911823],[-0.3068253,51.3911722],[-0.3069278,51.3911338],[-0.3074966,51.3908788]]}},
{"type":"Feature","properties":{"id":16365,"nach":0.63990609893636086},"geometry":{"type":"LineString","coordinates":[[-0.3069801,51.3901428],[-0.3062484,51.3896738],[-0.3058905,51.389461],[-0.3057232,51.3893736],[-0.3055368,51.3892964]]}},
{"type":"Feature","properties":{"id":394,"nach":0.67405843716786529},"geometry":{"type":"LineString","coordinates":[[-0.2955969,51.385394],[-0.2954317,51.385393]]}},
{"type":"Feature","properties":{"id":395,"nach":0.6546945941067871},"geometry":{"type":"LineString","coordinates":[[-0.2955969,51.385394],[-0.2957002,51.3854905],[-0.2957199,51.3855095]]}},
{"type":"Feature","properties":{"id":29123,"nach":0.67143755921670389},"geometry":{"type":"LineString","coordinates":[[-0.2958024,51.3854003],[-0.2957211,51.3853961],[-0.2956573,51.3853951],[-0.2955969,51.385394]]}},
{"type":"Feature","properties":{"id":40865,"nach":0.64892744838368444},"geometry":{"type":"LineString","coordinates":[[-0.2955522,51.3853596],[-0.2955969,51.385394]]}},
{"type":"Feature","properties":{"id":4011,"nach":0.73647745827807665},"geometry":{"type":"LineString","coordinates":[[-0.2954317,51.385393],[-0.2952633,51.3852785],[-0.2950948,51.385187899999984],[-0.2950063,51.3851589]]}},
{"type":"Feature","properties":{"id":29120,"nach":0.69819000411985344},"geometry":{"type":"LineString","coordinates":[[-0.2955522,51.3854827],[-0.2954317,51.385393]]}},
{"type":"Feature","properties":{"id":29150,"nach":0.39460180495888064},"geometry":{"type":"LineString","coordinates":[[-0.2957199,51.3855095],[-0.2956761,51.3855285],[-0.2955989,51.3854563],[-0.2955522,51.3854827]]}},
{"type":"Feature","properties":{"id":33093,"nach":0.63389156018157511},"geometry":{"type":"LineString","coordinates":[[-0.2957734,51.3854813],[-0.295759,51.3854925],[-0.2957199,51.3855095]]}},
{"type":"Feature","properties":{"id":29152,"nach":0.68161130127141001},"geometry":{"type":"LineString","coordinates":[[-0.2957199,51.3855095],[-0.295739,51.385533200000012],[-0.2957432,51.38558470000001]]}},
{"type":"Feature","properties":{"id":399,"nach":0.74960439191730144},"geometry":{"type":"LineString","coordinates":[[-0.2938141,51.3847833],[-0.2945233,51.3849962]]}},
{"type":"Feature","properties":{"id":1441,"nach":0.61435601712156274},"geometry":{"type":"LineString","coordinates":[[-0.293496,51.3856307],[-0.2936804,51.3855546],[-0.2941577,51.3853122],[-0.2942997,51.3852284],[-0.2944395,51.3851157],[-0.2944876,51.3850487],[-0.2945233,51.3849962]]}},
{"type":"Feature","properties":{"id":4014,"nach":0.75714806724684403},"geometry":{"type":"LineString","coordinates":[[-0.294629,51.38502470000001],[-0.2945771,51.3850103],[-0.2945233,51.3849962]]}},
{"type":"Feature","properties":{"id":29508,"nach":0.58250849709712804},"geometry":{"type":"LineString","coordinates":[[-0.294125,51.3843532],[-0.2938488,51.3847356],[-0.2938141,51.3847833]]}},
{"type":"Feature","properties":{"id":44667,"nach":0.74738349624035205},"geometry":{"type":"LineString","coordinates":[[-0.2929014,51.38451220000001],[-0.2929999,51.3845417],[-0.2930092,51.384544499999983],[-0.2932599,51.3846197],[-0.2938141,51.3847833]]}},
{"type":"Feature","properties":{"id":3991,"nach":0.59645691430630698},"geometry":{"type":"LineString","coordinates":[[-0.2918978,51.3860617],[-0.293496,51.3856307]]}},
{"type":"Feature","properties":{"id":3994,"nach":0.48562272957773422},"geometry":{"type":"LineString","coordinates":[[-0.2925019,51.385190600000016],[-0.293496,51.3856307]]}},
{"type":"Feature","properties":{"id":4013,"nach":0.66893447012357066},"geometry":{"type":"LineString","coordinates":[[-0.294629,51.38502470000001],[-0.2947261,51.38500650000001],[-0.2948158,51.3850268],[-0.2948593,51.385037]]}},
{"type":"Feature","properties":{"id":29119,"nach":0.73122207094436853},"geometry":{"type":"LineString","coordinates":[[-0.2947138,51.3850823],[-0.2946684,51.3850657],[-0.294629,51.38502470000001]]}},
{"type":"Feature","properties":{"id":29507,"nach":0.437076260733472},"geometry":{"type":"LineString","coordinates":[[-0.294125,51.3843532],[-0.2941437,51.3843274],[-0.2943993,51.3838072],[-0.2947861,51.3830202],[-0.2951242,51.3823322],[-0.2952131,51.38215120000001]]}},
{"type":"Feature","properties":{"id":39860,"nach":0.50054119924623885},"geometry":{"type":"LineString","coordinates":[[-0.2935664,51.384252600000011],[-0.294125,51.3843532]]}},
{"type":"Feature","properties":{"id":29510,"nach":0.49502894974787243},"geometry":{"type":"LineString","coordinates":[[-0.2945824,51.384649],[-0.2946592,51.3844688],[-0.294125,51.3843532]]}},
{"type":"Feature","properties":{"id":44666,"nach":0.71980279605975483},"geometry":{"type":"LineString","coordinates":[[-0.2929014,51.38451220000001],[-0.2928554,51.3844984]]}},
{"type":"Feature","properties":{"id":44668,"nach":0.66142346435538413},"geometry":{"type":"LineString","coordinates":[[-0.2929014,51.38451220000001],[-0.2927739,51.3845442],[-0.292726,51.3845302],[-0.2926918,51.3845327],[-0.2926787,51.384530900000016],[-0.2926202,51.3845163]]}},
{"type":"Feature","properties":{"id":44670,"nach":0.52774125025973284},"geometry":{"type":"LineString","coordinates":[[-0.2926202,51.3845163],[-0.2926802,51.384445799999988]]}},
{"type":"Feature","properties":{"id":18890,"nach":0.70764011541469485},"geometry":{"type":"LineString","coordinates":[[-0.2926281,51.3844303],[-0.2926802,51.384445799999988]]}},
{"type":"Feature","properties":{"id":44665,"nach":0.703341708981851},"geometry":{"type":"LineString","coordinates":[[-0.2928554,51.3844984],[-0.2926802,51.384445799999988]]}},
{"type":"Feature","properties":{"id":44671,"nach":0.61034285002353306},"geometry":{"type":"LineString","coordinates":[[-0.2926202,51.3845163],[-0.2926123,51.384525600000018],[-0.292244,51.384719]]}},
{"type":"Feature","properties":{"id":44672,"nach":0.65969051295027492},"geometry":{"type":"LineString","coordinates":[[-0.2926202,51.3845163],[-0.2925531,51.384498],[-0.2925462,51.384491],[-0.2925403,51.3844826],[-0.2925316,51.3844717]]}},
{"type":"Feature","properties":{"id":29051,"nach":0.53069764279199139},"geometry":{"type":"LineString","coordinates":[[-0.2926577,51.3843882],[-0.2926281,51.3844303]]}},
{"type":"Feature","properties":{"id":44696,"nach":0.70235860489898672},"geometry":{"type":"LineString","coordinates":[[-0.2925508,51.3844071],[-0.2926281,51.3844303]]}},
{"type":"Feature","properties":{"id":29053,"nach":0.60225839990341334},"geometry":{"type":"LineString","coordinates":[[-0.2926577,51.3843882],[-0.2928409,51.38444],[-0.2928554,51.3844984]]}},
{"type":"Feature","properties":{"id":29013,"nach":0.52082937981878585},"geometry":{"type":"LineString","coordinates":[[-0.2909613,51.3838878],[-0.2909422,51.383925]]}},
{"type":"Feature","properties":{"id":13598,"nach":0.69738616748446036},"geometry":{"type":"LineString","coordinates":[[-0.2908859,51.383908],[-0.2909422,51.383925]]}},
{"type":"Feature","properties":{"id":44673,"nach":0.6907361574131361},"geometry":{"type":"LineString","coordinates":[[-0.2921069,51.3842758],[-0.2909422,51.383925]]}},
{"type":"Feature","properties":{"id":29014,"nach":0.62656268611980226},"geometry":{"type":"LineString","coordinates":[[-0.2909613,51.3838878],[-0.2909816,51.383850700000011],[-0.291186,51.3834437]]}},
{"type":"Feature","properties":{"id":29015,"nach":0.63041990488831723},"geometry":{"type":"LineString","coordinates":[[-0.2909613,51.3838878],[-0.2920898,51.3842281],[-0.2921069,51.3842758]]}},
{"type":"Feature","properties":{"id":44679,"nach":0.64121251323127981},"geometry":{"type":"LineString","coordinates":[[-0.2895347,51.3834415],[-0.2909613,51.3838878]]}},
{"type":"Feature","properties":{"id":29087,"nach":0.53937065999122813},"geometry":{"type":"LineString","coordinates":[[-0.2908412,51.3839685],[-0.2908859,51.383908]]}},
{"type":"Feature","properties":{"id":29625,"nach":0.68973162997173587},"geometry":{"type":"LineString","coordinates":[[-0.2902678,51.383737],[-0.2908859,51.383908]]}},
{"type":"Feature","properties":{"id":44678,"nach":0.71764958273131652},"geometry":{"type":"LineString","coordinates":[[-0.2922694,51.3843228],[-0.2921069,51.3842758]]}},
{"type":"Feature","properties":{"id":39259,"nach":0.73190438417576698},"geometry":{"type":"LineString","coordinates":[[-0.2874567,51.3829036],[-0.2875149,51.38292]]}},
{"type":"Feature","properties":{"id":38419,"nach":0.72638045641184357},"geometry":{"type":"LineString","coordinates":[[-0.2876321,51.3829567],[-0.2875149,51.38292]]}},
{"type":"Feature","properties":{"id":28995,"nach":0.53866416663442229},"geometry":{"type":"LineString","coordinates":[[-0.2874657,51.3829936],[-0.2874758,51.3829722],[-0.2875149,51.38292]]}},
{"type":"Feature","properties":{"id":39264,"nach":0.73632652115153063},"geometry":{"type":"LineString","coordinates":[[-0.2874085,51.382888800000011],[-0.2874567,51.3829036]]}},
{"type":"Feature","properties":{"id":40176,"nach":0.60779014551379174},"geometry":{"type":"LineString","coordinates":[[-0.2875146,51.382828600000011],[-0.2874972,51.382852600000014],[-0.2874567,51.3829036]]}},
{"type":"Feature","properties":{"id":38465,"nach":0.70715615270327481},"geometry":{"type":"LineString","coordinates":[[-0.2876462,51.3829612],[-0.2876321,51.3829567]]}},
{"type":"Feature","properties":{"id":38421,"nach":0.63059110748422753},"geometry":{"type":"LineString","coordinates":[[-0.2876321,51.3829567],[-0.287701,51.3829348],[-0.2877503,51.38292770000001],[-0.2877808,51.3829351],[-0.287822,51.382947],[-0.2880288,51.3830041]]}},
{"type":"Feature","properties":{"id":40171,"nach":0.51153323772017933},"geometry":{"type":"LineString","coordinates":[[-0.2875808,51.3830169],[-0.2875922,51.383002799999986],[-0.2876321,51.3829567]]}},
{"type":"Feature","properties":{"id":40174,"nach":0.38937994405068788},"geometry":{"type":"LineString","coordinates":[[-0.2877003,51.3828791],[-0.2876708,51.3829124],[-0.2876321,51.3829567]]}},
{"type":"Feature","properties":{"id":37892,"nach":0.73000325682860456},"geometry":{"type":"LineString","coordinates":[[-0.2866341,51.3826845],[-0.2862621,51.382604]]}},
{"type":"Feature","properties":{"id":411,"nach":0.59781408518289736},"geometry":{"type":"LineString","coordinates":[[-0.2862621,51.382604],[-0.2861425,51.3826196],[-0.2860209,51.3825903]]}},
{"type":"Feature","properties":{"id":37496,"nach":0.71794741951644625},"geometry":{"type":"LineString","coordinates":[[-0.2861551,51.382535700000012],[-0.2861873,51.382543700000014],[-0.2862051,51.3825489],[-0.2862172,51.38255980000001],[-0.2862621,51.382604]]}},
{"type":"Feature","properties":{"id":37893,"nach":0.72778582749631293},"geometry":{"type":"LineString","coordinates":[[-0.2866341,51.3826845],[-0.2867925,51.3827262]]}},
{"type":"Feature","properties":{"id":37896,"nach":0.46047597107866112},"geometry":{"type":"LineString","coordinates":[[-0.2865927,51.3827522],[-0.2866341,51.3826845]]}},
{"type":"Feature","properties":{"id":37500,"nach":0.51516496573909731},"geometry":{"type":"LineString","coordinates":[[-0.2860209,51.3825903],[-0.2860023,51.382622],[-0.2859953,51.3826351]]}},
{"type":"Feature","properties":{"id":37501,"nach":0.34995781719569719},"geometry":{"type":"LineString","coordinates":[[-0.2860209,51.3825903],[-0.2860377,51.382561799999984],[-0.2860441,51.382551699999979],[-0.286131,51.3825738],[-0.2861407,51.38255980000001],[-0.2861551,51.382535700000012]]}},
{"type":"Feature","properties":{"id":37499,"nach":0.61367240031208448},"geometry":{"type":"LineString","coordinates":[[-0.2860209,51.3825903],[-0.2859924,51.3825835],[-0.2859263,51.3825666],[-0.2858511,51.3825493],[-0.2858021,51.3825379]]}},
{"type":"Feature","properties":{"id":413,"nach":0.43832488218529242},"geometry":{"type":"LineString","coordinates":[[-0.2838882,51.3818824],[-0.2838442,51.3819104],[-0.2838198,51.3819259],[-0.2836269,51.3820438],[-0.2834847,51.3820525],[-0.28347,51.3819656],[-0.2834333,51.38188920000001],[-0.2835164,51.3817818],[-0.2835213,51.3817581],[-0.283612,51.3816975]]}},
{"type":"Feature","properties":{"id":18955,"nach":0.52037312915103173},"geometry":{"type":"LineString","coordinates":[[-0.2840018,51.3819679],[-0.2838882,51.3818824]]}},
{"type":"Feature","properties":{"id":5845,"nach":0.44543669591364593},"geometry":{"type":"LineString","coordinates":[[-0.283612,51.3816975],[-0.2832365,51.3814498]]}},
{"type":"Feature","properties":{"id":1109,"nach":0.526353626201158},"geometry":{"type":"LineString","coordinates":[[-0.2835117,51.3842499],[-0.2808927,51.385413],[-0.2807027,51.3854974]]}},
{"type":"Feature","properties":{"id":10556,"nach":0.45276404868538911},"geometry":{"type":"LineString","coordinates":[[-0.2830213,51.3837995],[-0.2835117,51.3842499]]}},
{"type":"Feature","properties":{"id":40906,"nach":0.56222774731170433},"geometry":{"type":"LineString","coordinates":[[-0.2856489,51.3827054],[-0.2855098,51.3829153],[-0.2854083,51.3830619],[-0.2850588,51.3834271],[-0.2848366,51.38360260000001],[-0.2835117,51.3842499]]}},
{"type":"Feature","properties":{"id":1084,"nach":0.46048214353551609},"geometry":{"type":"LineString","coordinates":[[-0.2824535,51.3858454],[-0.2823641,51.3858549],[-0.2813685,51.386314900000016],[-0.2812718,51.3863439],[-0.2811626,51.3863618],[-0.2805948,51.3863675]]}},
{"type":"Feature","properties":{"id":1083,"nach":0.33837734461301433},"geometry":{"type":"LineString","coordinates":[[-0.2824535,51.3858454],[-0.2825087,51.3858761],[-0.2831925,51.3864625]]}},
{"type":"Feature","properties":{"id":24544,"nach":0.39317520327219829},"geometry":{"type":"LineString","coordinates":[[-0.282517,51.385692],[-0.2824535,51.3858454]]}},
{"type":"Feature","properties":{"id":38935,"nach":0.64936391684781658},"geometry":{"type":"LineString","coordinates":[[-0.2878893,51.3836291],[-0.287861,51.38359530000001],[-0.2877856,51.3834947],[-0.2877646,51.3834674],[-0.2877495,51.3834484]]}},
{"type":"Feature","properties":{"id":29044,"nach":0.66739381750817262},"geometry":{"type":"LineString","coordinates":[[-0.2877107,51.3834002],[-0.2877191,51.3834111],[-0.2877495,51.3834484]]}},
{"type":"Feature","properties":{"id":39231,"nach":0.63506613490832464},"geometry":{"type":"LineString","coordinates":[[-0.2878272,51.3834207],[-0.2878045,51.3834309],[-0.2877495,51.3834484]]}},
{"type":"Feature","properties":{"id":38939,"nach":0.64393353788275831},"geometry":{"type":"LineString","coordinates":[[-0.2879945,51.3837556],[-0.2879264,51.3837115],[-0.287911,51.3836933],[-0.2878962,51.3836751],[-0.2878893,51.3836291]]}},
{"type":"Feature","properties":{"id":29043,"nach":0.66959005318109344},"geometry":{"type":"LineString","coordinates":[[-0.2877107,51.3834002],[-0.2876862,51.3833796]]}},
{"type":"Feature","properties":{"id":29045,"nach":0.486130921202862},"geometry":{"type":"LineString","coordinates":[[-0.2877347,51.3833663],[-0.2877107,51.3834002]]}},
{"type":"Feature","properties":{"id":29088,"nach":0.59632185034009222},"geometry":{"type":"LineString","coordinates":[[-0.2908412,51.3839685],[-0.2908275,51.3839866],[-0.2908212,51.3839949],[-0.2905836,51.3843088],[-0.2905237,51.3843761],[-0.2891271,51.385067100000015]]}},
{"type":"Feature","properties":{"id":18298,"nach":0.65890369164356855},"geometry":{"type":"LineString","coordinates":[[-0.2899524,51.385696899999985],[-0.2895191,51.38538710000001],[-0.2891271,51.385067100000015]]}},
{"type":"Feature","properties":{"id":38915,"nach":0.66131231458381956},"geometry":{"type":"LineString","coordinates":[[-0.2888512,51.3848018],[-0.2889765,51.3849331],[-0.2891271,51.385067100000015]]}},
{"type":"Feature","properties":{"id":29089,"nach":0.63912149194979762},"geometry":{"type":"LineString","coordinates":[[-0.2908412,51.3839685],[-0.2907807,51.3839512],[-0.2904726,51.3838627],[-0.2902274,51.3837924]]}},
{"type":"Feature","properties":{"id":44420,"nach":0.64611518226945863},"geometry":{"type":"LineString","coordinates":[[-0.2922976,51.3843999],[-0.2914349,51.3841351],[-0.2908828,51.383980200000011],[-0.2908412,51.3839685]]}},
{"type":"Feature","properties":{"id":18297,"nach":0.66459162731579324},"geometry":{"type":"LineString","coordinates":[[-0.2899524,51.385696899999985],[-0.290131,51.3858107]]}},
{"type":"Feature","properties":{"id":18299,"nach":0.57381958381513631},"geometry":{"type":"LineString","coordinates":[[-0.2899524,51.385696899999985],[-0.2898698,51.385745600000014],[-0.2898133,51.385773]]}},
{"type":"Feature","properties":{"id":38914,"nach":0.57867122438335761},"geometry":{"type":"LineString","coordinates":[[-0.2888512,51.3848018],[-0.2887703,51.3848256],[-0.2887024,51.384852]]}},
{"type":"Feature","properties":{"id":38938,"nach":0.63839426699893931},"geometry":{"type":"LineString","coordinates":[[-0.2879945,51.3837556],[-0.2882198,51.3840263],[-0.2887692,51.384674099999984],[-0.2888512,51.3848018]]}},
{"type":"Feature","properties":{"id":3993,"nach":0.60412707809048594},"geometry":{"type":"LineString","coordinates":[[-0.2918978,51.3860617],[-0.2910009,51.3863024],[-0.2909416,51.3863376]]}},
{"type":"Feature","properties":{"id":28752,"nach":0.6818856928782816},"geometry":{"type":"LineString","coordinates":[[-0.2913663,51.38674730000001],[-0.2913562,51.3867249],[-0.291237,51.3865526],[-0.2911169,51.386455499999983],[-0.2910866,51.3864336],[-0.2910563,51.3864118],[-0.2909416,51.3863376]]}},
{"type":"Feature","properties":{"id":9095,"nach":0.68708650907458091},"geometry":{"type":"LineString","coordinates":[[-0.290595,51.3861132],[-0.2907715,51.3862316],[-0.2909416,51.3863376]]}},
{"type":"Feature","properties":{"id":3995,"nach":0.49566466091658795},"geometry":{"type":"LineString","coordinates":[[-0.2916146,51.385662],[-0.2918978,51.3860617]]}},
{"type":"Feature","properties":{"id":28750,"nach":0.6839437445090838},"geometry":{"type":"LineString","coordinates":[[-0.2913663,51.38674730000001],[-0.2914359,51.386901]]}},
{"type":"Feature","properties":{"id":28753,"nach":0.50198154415121987},"geometry":{"type":"LineString","coordinates":[[-0.2916795,51.386810100000012],[-0.2918767,51.3867671],[-0.2918633,51.3867241],[-0.2918231,51.3866775],[-0.2917695,51.3866584],[-0.2914804,51.3867217],[-0.2913663,51.38674730000001]]}},
{"type":"Feature","properties":{"id":9093,"nach":0.66405289839303061},"geometry":{"type":"LineString","coordinates":[[-0.290595,51.3861132],[-0.290131,51.3858107]]}},
{"type":"Feature","properties":{"id":9094,"nach":0.58921961097433462},"geometry":{"type":"LineString","coordinates":[[-0.290595,51.3861132],[-0.2904273,51.3861622],[-0.2902348,51.3861735],[-0.2900831,51.3861973]]}},
{"type":"Feature","properties":{"id":9080,"nach":0.59454934427883288},"geometry":{"type":"LineString","coordinates":[[-0.2910757,51.386966],[-0.2914359,51.386901]]}},
{"type":"Feature","properties":{"id":1502,"nach":0.69669316579184171},"geometry":{"type":"LineString","coordinates":[[-0.2914848,51.3870079],[-0.2914359,51.386901]]}},
{"type":"Feature","properties":{"id":9082,"nach":0.079831312433857299},"geometry":{"type":"LineString","coordinates":[[-0.2910757,51.386966],[-0.2910258,51.3869038],[-0.2909257,51.38682270000001],[-0.2908638,51.3866881],[-0.290762,51.3866174],[-0.290033,51.3867309],[-0.2899472,51.3865809],[-0.2898613,51.3865595],[-0.2898098,51.3865274],[-0.2898098,51.3864685],[-0.2898442,51.3864149],[-0.2897755,51.3863185],[-0.2897266,51.3862856]]}},
{"type":"Feature","properties":{"id":9084,"nach":0.56859669421533632},"geometry":{"type":"LineString","coordinates":[[-0.2885358,51.3873754],[-0.2893398,51.3872054],[-0.2898147,51.3871289],[-0.2905018,51.3870345],[-0.2910757,51.386966]]}},
{"type":"Feature","properties":{"id":1501,"nach":0.63983839545295051},"geometry":{"type":"LineString","coordinates":[[-0.2914848,51.3870079],[-0.2918757,51.38787]]}},
{"type":"Feature","properties":{"id":24058,"nach":0.6659716650597991},"geometry":{"type":"LineString","coordinates":[[-0.2918996,51.3869111],[-0.2914848,51.3870079]]}},
{"type":"Feature","properties":{"id":7734,"nach":0.63432896932921545},"geometry":{"type":"LineString","coordinates":[[-0.2919845,51.38812],[-0.2918757,51.38787]]}},
{"type":"Feature","properties":{"id":917,"nach":0.55761813353086676},"geometry":{"type":"LineString","coordinates":[[-0.2901872,51.3883547],[-0.2912276,51.3880477],[-0.2918757,51.38787]]}},
{"type":"Feature","properties":{"id":7735,"nach":0.64640114920790059},"geometry":{"type":"LineString","coordinates":[[-0.2919845,51.38812],[-0.2920554,51.388268699999983],[-0.2921194,51.3883925]]}},
{"type":"Feature","properties":{"id":32302,"nach":0.61126687313617833},"geometry":{"type":"LineString","coordinates":[[-0.2922225,51.3880459],[-0.2921483,51.3880724],[-0.2920822,51.3880918],[-0.2919845,51.38812]]}},
{"type":"Feature","properties":{"id":918,"nach":0.5243778302071993},"geometry":{"type":"LineString","coordinates":[[-0.2901872,51.3883547],[-0.2892544,51.3886384],[-0.288722,51.3888003]]}},
{"type":"Feature","properties":{"id":35058,"nach":0.55852550137864576},"geometry":{"type":"LineString","coordinates":[[-0.2905908,51.3889241],[-0.2901872,51.3883547]]}},
{"type":"Feature","properties":{"id":910,"nach":0.50264150969068233},"geometry":{"type":"LineString","coordinates":[[-0.288722,51.3888003],[-0.2884012,51.3884903],[-0.2882681,51.3883343],[-0.288159,51.3881589],[-0.2877942,51.3875469]]}},
{"type":"Feature","properties":{"id":447,"nach":0.49608108332178286},"geometry":{"type":"LineString","coordinates":[[-0.286504,51.3879364],[-0.2871535,51.3877325],[-0.2877942,51.3875469]]}},
{"type":"Feature","properties":{"id":18088,"nach":0.55897666491686238},"geometry":{"type":"LineString","coordinates":[[-0.2884939,51.3873843],[-0.2882545,51.3874399],[-0.2877942,51.3875469]]}},
{"type":"Feature","properties":{"id":912,"nach":0.32263565527382188},"geometry":{"type":"LineString","coordinates":[[-0.288722,51.3888003],[-0.2884423,51.388898300000015],[-0.2881918,51.3890185],[-0.2871765,51.3897574],[-0.2866904,51.3901335],[-0.2859149,51.3907358],[-0.2854197,51.391108500000016],[-0.2848305,51.3915519],[-0.2845207,51.39178780000001],[-0.2843123,51.391996]]}},
{"type":"Feature","properties":{"id":909,"nach":0.48069066420492457},"geometry":{"type":"LineString","coordinates":[[-0.288722,51.3888003],[-0.2896288,51.3900068]]}},
{"type":"Feature","properties":{"id":898,"nach":0.24556934164110658},"geometry":{"type":"LineString","coordinates":[[-0.2832511,51.391748500000013],[-0.2832511,51.3916968],[-0.2837525,51.3910123],[-0.2839871,51.3907357],[-0.284129,51.3905868],[-0.2842747,51.3904734],[-0.2861497,51.3892456],[-0.2870618,51.3886458],[-0.28711,51.388604800000017],[-0.2871127,51.3885638],[-0.287046,51.3884807],[-0.2865855,51.3880217],[-0.286504,51.3879364]]}},
{"type":"Feature","properties":{"id":449,"nach":0.45266923959665406},"geometry":{"type":"LineString","coordinates":[[-0.2828939,51.3902233],[-0.2835321,51.389807500000011],[-0.2839212,51.3895629],[-0.2844561,51.3892106],[-0.2847635,51.3890027],[-0.2849391,51.3888813],[-0.285281,51.388645],[-0.2857985,51.3883108],[-0.2860447,51.3881686],[-0.2862559,51.3880618],[-0.286504,51.3879364]]}},
{"type":"Feature","properties":{"id":18086,"nach":0.59054576538542214},"geometry":{"type":"LineString","coordinates":[[-0.2884939,51.3873843],[-0.2885358,51.3873754]]}},
{"type":"Feature","properties":{"id":18087,"nach":0.48863210566353643},"geometry":{"type":"LineString","coordinates":[[-0.2884939,51.3873843],[-0.2883412,51.3872441]]}},
{"type":"Feature","properties":{"id":896,"nach":0.44634206880905392},"geometry":{"type":"LineString","coordinates":[[-0.2832511,51.391748500000013],[-0.2827689,51.3917703],[-0.2819736,51.3917324]]}},
{"type":"Feature","properties":{"id":899,"nach":0.43686014809201834},"geometry":{"type":"LineString","coordinates":[[-0.2843123,51.391996],[-0.2838002,51.3918348],[-0.283517,51.3917696],[-0.2833853,51.3917545],[-0.2832511,51.391748500000013]]}},
{"type":"Feature","properties":{"id":454,"nach":0.37414239934675003},"geometry":{"type":"LineString","coordinates":[[-0.2821712,51.3907165],[-0.282202,51.39068],[-0.2826,51.3904195],[-0.2828939,51.3902233]]}},
{"type":"Feature","properties":{"id":452,"nach":0.43858609191819387},"geometry":{"type":"LineString","coordinates":[[-0.2819047,51.3900418],[-0.2819467,51.3900301],[-0.2820581,51.3900794],[-0.2822567,51.390166100000016],[-0.2823687,51.390200900000011],[-0.2824797,51.3902177],[-0.2826365,51.3902217],[-0.2828414,51.3902153],[-0.2828939,51.3902233]]}},
{"type":"Feature","properties":{"id":455,"nach":0.45377643830504577},"geometry":{"type":"LineString","coordinates":[[-0.2821712,51.3907165],[-0.2820647,51.390450300000012],[-0.2819047,51.3900418]]}},
{"type":"Feature","properties":{"id":459,"nach":0.47346805826166283},"geometry":{"type":"LineString","coordinates":[[-0.2819736,51.3917324],[-0.2821681,51.3908307],[-0.2821712,51.3907165]]}},
{"type":"Feature","properties":{"id":27902,"nach":0.50144038376948274},"geometry":{"type":"LineString","coordinates":[[-0.2818436,51.3898758],[-0.2819047,51.3900418]]}},
{"type":"Feature","properties":{"id":27903,"nach":0.50977433795596072},"geometry":{"type":"LineString","coordinates":[[-0.2818436,51.3898758],[-0.2817948,51.3897658]]}},
{"type":"Feature","properties":{"id":27905,"nach":0.37218232931426681},"geometry":{"type":"LineString","coordinates":[[-0.2826675,51.389838],[-0.2825011,51.3896976],[-0.2824117,51.3897072],[-0.2821683,51.3897803],[-0.2818436,51.3898758]]}},
{"type":"Feature","properties":{"id":13119,"nach":0.4925077631361357},"geometry":{"type":"LineString","coordinates":[[-0.2819675,51.3917713],[-0.2819736,51.3917324]]}},
{"type":"Feature","properties":{"id":13121,"nach":0.47807854930854587},"geometry":{"type":"LineString","coordinates":[[-0.2819675,51.3917713],[-0.2819479,51.3918787],[-0.2817922,51.3925168],[-0.2817107,51.3929075]]}},
{"type":"Feature","properties":{"id":13120,"nach":0.48946552189720088},"geometry":{"type":"LineString","coordinates":[[-0.2819675,51.3917713],[-0.2818644,51.391762099999987],[-0.2812841,51.3917226],[-0.2810736,51.3917224],[-0.2800851,51.3917058]]}},
{"type":"Feature","properties":{"id":28991,"nach":0.68607141099930935},"geometry":{"type":"LineString","coordinates":[[-0.2976326,51.3885985],[-0.2975132,51.3886178]]}},
{"type":"Feature","properties":{"id":7754,"nach":0.64456584772199432},"geometry":{"type":"LineString","coordinates":[[-0.2974505,51.388466],[-0.2974708,51.3885124],[-0.2974916,51.3885638],[-0.2975132,51.3886178]]}},
{"type":"Feature","properties":{"id":37547,"nach":0.71826943804738208},"geometry":{"type":"LineString","coordinates":[[-0.2975777,51.3887895],[-0.2975626,51.3887509],[-0.2975132,51.3886178]]}},
{"type":"Feature","properties":{"id":41294,"nach":0.68536074966110927},"geometry":{"type":"LineString","coordinates":[[-0.29766,51.3885937],[-0.2976326,51.3885985]]}},
{"type":"Feature","properties":{"id":28992,"nach":0.67034369320185805},"geometry":{"type":"LineString","coordinates":[[-0.2976326,51.3885985],[-0.2976473,51.38863],[-0.2976495,51.38863460000001]]}},
{"type":"Feature","properties":{"id":41303,"nach":0.66652526602045992},"geometry":{"type":"LineString","coordinates":[[-0.2975736,51.3884894],[-0.297608,51.3885497],[-0.2976202,51.38857380000001],[-0.2976326,51.3885985]]}},
{"type":"Feature","properties":{"id":33786,"nach":0.65676093387100642},"geometry":{"type":"LineString","coordinates":[[-0.2974135,51.3883828],[-0.297434,51.3884256],[-0.2974505,51.388466]]}},
{"type":"Feature","properties":{"id":29067,"nach":0.65746798912047366},"geometry":{"type":"LineString","coordinates":[[-0.2973966,51.3884762],[-0.297431,51.3884706],[-0.2974505,51.388466]]}},
{"type":"Feature","properties":{"id":29029,"nach":0.51311762592959997},"geometry":{"type":"LineString","coordinates":[[-0.2975509,51.3884495],[-0.2975294,51.3884527],[-0.2974505,51.388466]]}},
{"type":"Feature","properties":{"id":37546,"nach":0.71626579250680933},"geometry":{"type":"LineString","coordinates":[[-0.2975777,51.3887895],[-0.2976337,51.388939],[-0.2976529,51.3889857],[-0.2976779,51.3890574]]}},
{"type":"Feature","properties":{"id":37548,"nach":0.47781688493235031},"geometry":{"type":"LineString","coordinates":[[-0.2975039,51.3888011],[-0.2975777,51.3887895]]}},
{"type":"Feature","properties":{"id":5645,"nach":0.50539295335824108},"geometry":{"type":"LineString","coordinates":[[-0.2963183,51.3785781],[-0.2952753,51.3784392]]}},
{"type":"Feature","properties":{"id":3970,"nach":0.49813220139509162},"geometry":{"type":"LineString","coordinates":[[-0.2950307,51.379174500000012],[-0.2951603,51.378785],[-0.2952753,51.3784392]]}},
{"type":"Feature","properties":{"id":3986,"nach":0.38117750766758618},"geometry":{"type":"LineString","coordinates":[[-0.2913855,51.3786871],[-0.2914958,51.378704],[-0.2919734,51.3787675],[-0.2926654,51.3788596],[-0.2932104,51.378932200000015],[-0.2939088,51.3790252],[-0.294615,51.3791192],[-0.2950307,51.379174500000012]]}},
{"type":"Feature","properties":{"id":1458,"nach":0.46195325286527267},"geometry":{"type":"LineString","coordinates":[[-0.2944253,51.3806375],[-0.2939688,51.3805785],[-0.2931591,51.3804738],[-0.2923996,51.3803755],[-0.2916985,51.3802849],[-0.2908288,51.3801724],[-0.2905007,51.38013],[-0.2903874,51.3801153]]}},
{"type":"Feature","properties":{"id":3954,"nach":0.63588683526878598},"geometry":{"type":"LineString","coordinates":[[-0.2902243,51.3805723],[-0.2902908,51.3803531],[-0.2903874,51.3801153]]}},
{"type":"Feature","properties":{"id":21265,"nach":0.63313063490923349},"geometry":{"type":"LineString","coordinates":[[-0.2907021,51.3796395],[-0.2905674,51.3798245],[-0.2904779,51.3799608],[-0.2903874,51.3801153]]}},
{"type":"Feature","properties":{"id":1460,"nach":0.55146644997290073},"geometry":{"type":"LineString","coordinates":[[-0.2944253,51.3806375],[-0.2942964,51.3809071],[-0.2939961,51.3815349],[-0.2938243,51.381894]]}},
{"type":"Feature","properties":{"id":3968,"nach":0.52917477290713377},"geometry":{"type":"LineString","coordinates":[[-0.2947642,51.3799006],[-0.2945796,51.380302],[-0.2944253,51.3806375]]}},
{"type":"Feature","properties":{"id":5822,"nach":0.64182594018842165},"geometry":{"type":"LineString","coordinates":[[-0.2901634,51.3807693],[-0.2902243,51.3805723]]}},
{"type":"Feature","properties":{"id":3958,"nach":0.50470958284712497},"geometry":{"type":"LineString","coordinates":[[-0.2910069,51.380675],[-0.2907004,51.3806362],[-0.2903222,51.3805883],[-0.2902243,51.3805723]]}},
{"type":"Feature","properties":{"id":5818,"nach":0.64451528129260338},"geometry":{"type":"LineString","coordinates":[[-0.2900109,51.381239],[-0.2897894,51.3819109]]}},
{"type":"Feature","properties":{"id":34862,"nach":0.65534366766209617},"geometry":{"type":"LineString","coordinates":[[-0.2891937,51.3829139],[-0.289403,51.3826728],[-0.2894855,51.38256650000001],[-0.2895812,51.3824353],[-0.2897403,51.3820774],[-0.2897894,51.3819109]]}},
{"type":"Feature","properties":{"id":3960,"nach":0.50879669653643722},"geometry":{"type":"LineString","coordinates":[[-0.2914331,51.3821403],[-0.2909481,51.3820717],[-0.2906585,51.3820307],[-0.2904096,51.3819963],[-0.2898963,51.3819253],[-0.2897894,51.3819109]]}},
{"type":"Feature","properties":{"id":5821,"nach":0.63840494430156036},"geometry":{"type":"LineString","coordinates":[[-0.2901634,51.3807693],[-0.2900109,51.381239]]}},
{"type":"Feature","properties":{"id":17222,"nach":0.49547590137069453},"geometry":{"type":"LineString","coordinates":[[-0.2890334,51.381084799999982],[-0.2898852,51.3812208],[-0.2900109,51.381239]]}},
{"type":"Feature","properties":{"id":34861,"nach":0.66511700199116486},"geometry":{"type":"LineString","coordinates":[[-0.2891937,51.3829139],[-0.2891635,51.3829487],[-0.2889277,51.3832201]]}},
{"type":"Feature","properties":{"id":34863,"nach":0.47973048983909078},"geometry":{"type":"LineString","coordinates":[[-0.2891937,51.3829139],[-0.288676,51.3827465],[-0.2882716,51.382625]]}},
{"type":"Feature","properties":{"id":40874,"nach":0.72052192469647225},"geometry":{"type":"LineString","coordinates":[[-0.2886039,51.3832428],[-0.2888487,51.3833142]]}},
{"type":"Feature","properties":{"id":44683,"nach":0.70855582714046073},"geometry":{"type":"LineString","coordinates":[[-0.288943,51.383344500000014],[-0.2888487,51.3833142]]}},
{"type":"Feature","properties":{"id":29040,"nach":0.58725401661113885},"geometry":{"type":"LineString","coordinates":[[-0.2889277,51.3832201],[-0.2888907,51.383266399999989],[-0.2888487,51.3833142]]}},
{"type":"Feature","properties":{"id":40875,"nach":0.72724205642538153},"geometry":{"type":"LineString","coordinates":[[-0.2886039,51.3832428],[-0.2885688,51.3832326]]}},
{"type":"Feature","properties":{"id":40872,"nach":0.56104329412526599},"geometry":{"type":"LineString","coordinates":[[-0.2886138,51.3833134],[-0.2886039,51.3832428]]}},
{"type":"Feature","properties":{"id":44684,"nach":0.6885962295557807},"geometry":{"type":"LineString","coordinates":[[-0.288943,51.383344500000014],[-0.2892342,51.383435900000016],[-0.2892891,51.3834528]]}},
{"type":"Feature","properties":{"id":44685,"nach":0.59949613772935084},"geometry":{"type":"LineString","coordinates":[[-0.288943,51.383344500000014],[-0.2890523,51.3833248],[-0.2890725,51.383330100000023],[-0.2891186,51.3833271]]}},
{"type":"Feature","properties":{"id":44413,"nach":0.63109698208088227},"geometry":{"type":"LineString","coordinates":[[-0.2880468,51.3829801],[-0.2882431,51.3830441],[-0.2883472,51.3830958],[-0.2888006,51.3832248],[-0.2888638,51.3832],[-0.2889277,51.3832201]]}},
{"type":"Feature","properties":{"id":44682,"nach":0.6121266503200814},"geometry":{"type":"LineString","coordinates":[[-0.2891186,51.3833271],[-0.2890895,51.3833065],[-0.2890269,51.383284699999983],[-0.2890222,51.38324990000001],[-0.2889277,51.3832201]]}},
{"type":"Feature","properties":{"id":29071,"nach":0.65763947490690788},"geometry":{"type":"LineString","coordinates":[[-0.2981245,51.390206499999984],[-0.2980185,51.39021420000001]]}},
{"type":"Feature","properties":{"id":6452,"nach":0.67876402675481329},"geometry":{"type":"LineString","coordinates":[[-0.298062,51.3904119],[-0.2980185,51.39021420000001]]}},
{"type":"Feature","properties":{"id":7645,"nach":0.71848676274892442},"geometry":{"type":"LineString","coordinates":[[-0.2979986,51.3901233],[-0.2980079,51.3901693],[-0.2980185,51.39021420000001]]}},
{"type":"Feature","properties":{"id":29073,"nach":0.61208889947236567},"geometry":{"type":"LineString","coordinates":[[-0.2981245,51.390206499999984],[-0.2987233,51.3901596],[-0.2992152,51.3901208],[-0.2993287,51.3900879],[-0.299439,51.3900157],[-0.2995534,51.3896723],[-0.2995716,51.389617499999986]]}},
{"type":"Feature","properties":{"id":29072,"nach":0.75751723428249185},"geometry":{"type":"LineString","coordinates":[[-0.2981245,51.390206499999984],[-0.2981317,51.3902419]]}},
{"type":"Feature","properties":{"id":33112,"nach":0.74586175768063123},"geometry":{"type":"LineString","coordinates":[[-0.2981173,51.39017350000001],[-0.2981245,51.390206499999984]]}},
{"type":"Feature","properties":{"id":32798,"nach":0.53088964857758236},"geometry":{"type":"LineString","coordinates":[[-0.2981693,51.390405199999982],[-0.298062,51.3904119]]}},
{"type":"Feature","properties":{"id":40059,"nach":0.66907371145210015},"geometry":{"type":"LineString","coordinates":[[-0.2982763,51.3913818],[-0.2981765,51.3909395],[-0.2981245,51.3906877],[-0.298062,51.3904119]]}},
{"type":"Feature","properties":{"id":19055,"nach":0.67087781941306379},"geometry":{"type":"LineString","coordinates":[[-0.2979416,51.3898909],[-0.2979866,51.3900769],[-0.2979986,51.3901233]]}},
{"type":"Feature","properties":{"id":29103,"nach":0.69090218320671315},"geometry":{"type":"LineString","coordinates":[[-0.2979064,51.39013210000001],[-0.2979352,51.3901293],[-0.2979986,51.3901233]]}},
{"type":"Feature","properties":{"id":29003,"nach":0.60110844950486142},"geometry":{"type":"LineString","coordinates":[[-0.298101,51.3901135],[-0.298078,51.390115700000017],[-0.2979986,51.3901233]]}},
{"type":"Feature","properties":{"id":29016,"nach":0.61654660660475047},"geometry":{"type":"LineString","coordinates":[[-0.2985251,51.3920538],[-0.2984329,51.3920614]]}},
{"type":"Feature","properties":{"id":37540,"nach":0.70801106772811473},"geometry":{"type":"LineString","coordinates":[[-0.2984224,51.392020799999983],[-0.2984329,51.3920614]]}},
{"type":"Feature","properties":{"id":30659,"nach":0.70657748755243888},"geometry":{"type":"LineString","coordinates":[[-0.2984714,51.3922059],[-0.2984455,51.3921082],[-0.2984329,51.3920614]]}},
{"type":"Feature","properties":{"id":35693,"nach":0.74669036597226013},"geometry":{"type":"LineString","coordinates":[[-0.2988974,51.3920175],[-0.2987502,51.392027],[-0.2985251,51.3920538]]}},
{"type":"Feature","properties":{"id":29018,"nach":0.72667280156220904},"geometry":{"type":"LineString","coordinates":[[-0.2985251,51.3920538],[-0.2985419,51.392108],[-0.2985383,51.3921239],[-0.2985381,51.3921376],[-0.2986077,51.3923988],[-0.298658,51.3926081],[-0.2986648,51.3926156],[-0.2986715,51.3926249],[-0.298675,51.3926352],[-0.2986779,51.392653],[-0.2986769,51.392663],[-0.2986732,51.3926703],[-0.2986824,51.3927194],[-0.2986896,51.3927314],[-0.2987002,51.3927744],[-0.2987054,51.392830700000019]]}},
{"type":"Feature","properties":{"id":37525,"nach":0.75853461120477395},"geometry":{"type":"LineString","coordinates":[[-0.2985018,51.3919644],[-0.2985251,51.3920538]]}},
{"type":"Feature","properties":{"id":37541,"nach":0.69383687761220258},"geometry":{"type":"LineString","coordinates":[[-0.2984224,51.392020799999983],[-0.2984028,51.39192760000001]]}},
{"type":"Feature","properties":{"id":37539,"nach":0.65623021847587326},"geometry":{"type":"LineString","coordinates":[[-0.2984224,51.392020799999983],[-0.2983477,51.392026799999989]]}},
{"type":"Feature","properties":{"id":30660,"nach":0.70187291245688155},"geometry":{"type":"LineString","coordinates":[[-0.2984714,51.3922059],[-0.2985649,51.39258980000001],[-0.2986047,51.3927766],[-0.2986175,51.3928342]]}},
{"type":"Feature","properties":{"id":30658,"nach":0.58082101624708993},"geometry":{"type":"LineString","coordinates":[[-0.2984714,51.3922059],[-0.2983876,51.3922145]]}},
{"type":"Feature","properties":{"id":37472,"nach":0.75675691815321022},"geometry":{"type":"LineString","coordinates":[[-0.2987009,51.393532],[-0.2986748,51.3932693]]}},
{"type":"Feature","properties":{"id":37464,"nach":0.71261125576949247},"geometry":{"type":"LineString","coordinates":[[-0.2986662,51.3932067],[-0.2986748,51.3932693]]}},
{"type":"Feature","properties":{"id":29131,"nach":0.73276389428607291},"geometry":{"type":"LineString","coordinates":[[-0.2985382,51.3932703],[-0.2986018,51.3932701],[-0.2986748,51.3932693]]}},
{"type":"Feature","properties":{"id":37474,"nach":0.7128644165290603},"geometry":{"type":"LineString","coordinates":[[-0.2987009,51.393532],[-0.2987034,51.3935812],[-0.2987164,51.3937132],[-0.2987221,51.3937691],[-0.2987454,51.3940113]]}},
{"type":"Feature","properties":{"id":37476,"nach":0.71877815572006876},"geometry":{"type":"LineString","coordinates":[[-0.2987671,51.3935288],[-0.2987009,51.393532]]}},
{"type":"Feature","properties":{"id":37468,"nach":0.58484381040831368},"geometry":{"type":"LineString","coordinates":[[-0.2987468,51.3932027],[-0.2986662,51.3932067]]}},
{"type":"Feature","properties":{"id":37506,"nach":0.69901885043778988},"geometry":{"type":"LineString","coordinates":[[-0.2986535,51.3931045],[-0.2986662,51.3932067]]}},
{"type":"Feature","properties":{"id":29136,"nach":0.73170451508787593},"geometry":{"type":"LineString","coordinates":[[-0.2983185,51.3932731],[-0.2985382,51.3932703]]}},
{"type":"Feature","properties":{"id":29132,"nach":0.50984178780211575},"geometry":{"type":"LineString","coordinates":[[-0.2985304,51.3932018],[-0.2985382,51.3932703]]}},
{"type":"Feature","properties":{"id":34524,"nach":0.7068434366280345},"geometry":{"type":"LineString","coordinates":[[-0.2992214,51.3956493],[-0.2995491,51.3962162]]}},
{"type":"Feature","properties":{"id":35425,"nach":0.59470648413713068},"geometry":{"type":"LineString","coordinates":[[-0.2992785,51.3966016],[-0.299295,51.396511800000013],[-0.2993256,51.3964753],[-0.299343,51.3964525],[-0.2993459,51.3963706],[-0.2993673,51.3962955],[-0.2994312,51.3962388],[-0.2995491,51.3962162]]}},
{"type":"Feature","properties":{"id":3360,"nach":0.69659226840465405},"geometry":{"type":"LineString","coordinates":[[-0.2998711,51.3974478],[-0.2998602,51.3970152],[-0.2995491,51.3962162]]}},
{"type":"Feature","properties":{"id":34525,"nach":0.71194264389371409},"geometry":{"type":"LineString","coordinates":[[-0.2992214,51.3956493],[-0.299132,51.3955023]]}},
{"type":"Feature","properties":{"id":34526,"nach":0.53277176581564101},"geometry":{"type":"LineString","coordinates":[[-0.2992214,51.3956493],[-0.2991136,51.3956778]]}},
{"type":"Feature","properties":{"id":1535,"nach":0.69569777785352449},"geometry":{"type":"LineString","coordinates":[[-0.2953173,51.396548600000017],[-0.2956578,51.3963898],[-0.295861,51.3963487],[-0.2962884,51.396261399999986],[-0.2963735,51.3962583],[-0.2964775,51.396277500000011]]}},
{"type":"Feature","properties":{"id":506,"nach":0.71380154730102063},"geometry":{"type":"LineString","coordinates":[[-0.2966372,51.395915],[-0.296576,51.3960509],[-0.2964775,51.396277500000011]]}},
{"type":"Feature","properties":{"id":13288,"nach":0.53880149004008393},"geometry":{"type":"LineString","coordinates":[[-0.2976456,51.3975439],[-0.2975506,51.3974053],[-0.2974315,51.3972177],[-0.2972224,51.3968263],[-0.2971564,51.3966952],[-0.2970865,51.396556200000013],[-0.2970352,51.3964325],[-0.2969663,51.3962572],[-0.296878,51.3960323],[-0.2968596,51.3959956],[-0.2968075,51.3959576],[-0.2967527,51.3959414],[-0.2967328,51.395935],[-0.2966372,51.395915]]}},
{"type":"Feature","properties":{"id":508,"nach":0.72236377506494365},"geometry":{"type":"LineString","coordinates":[[-0.296809,51.3957137],[-0.2967714,51.3957343],[-0.2967278,51.39578010000001],[-0.2966949,51.3958251],[-0.2966372,51.395915]]}},
{"type":"Feature","properties":{"id":3388,"nach":0.73811017604262563},"geometry":{"type":"LineString","coordinates":[[-0.2969323,51.3956712],[-0.296809,51.3957137]]}},
{"type":"Feature","properties":{"id":3333,"nach":0.69992991132952409},"geometry":{"type":"LineString","coordinates":[[-0.2959284,51.3947187],[-0.2960489,51.3948722],[-0.2961723,51.3950026],[-0.2963882,51.3951958],[-0.2965073,51.3953347],[-0.296739,51.3956397],[-0.296775,51.3956792],[-0.2967861,51.3956913],[-0.296809,51.3957137]]}},
{"type":"Feature","properties":{"id":3393,"nach":0.58094888794471389},"geometry":{"type":"LineString","coordinates":[[-0.2998747,51.3976099],[-0.2995439,51.3975324],[-0.2993443,51.3974919],[-0.2991899,51.3974425],[-0.2990348,51.3973675],[-0.2988439,51.3972547],[-0.2986033,51.3971417],[-0.2984043,51.3970088],[-0.2981801,51.39685260000001],[-0.2979917,51.39673410000001],[-0.297827,51.3965849],[-0.2971815,51.395929],[-0.2969323,51.3956712]]}},
{"type":"Feature","properties":{"id":21230,"nach":0.73009034544959228},"geometry":{"type":"LineString","coordinates":[[-0.2975571,51.3954913],[-0.2974739,51.395502],[-0.297279,51.3955579],[-0.2970956,51.3956148],[-0.2970051,51.3956453],[-0.2969323,51.3956712]]}},
{"type":"Feature","properties":{"id":7413,"nach":0.70397000622508366},"geometry":{"type":"LineString","coordinates":[[-0.2943812,51.3922419],[-0.2945242,51.39248],[-0.2948039,51.3929015],[-0.2949882,51.3931951]]}},
{"type":"Feature","properties":{"id":30344,"nach":0.67501480647241641},"geometry":{"type":"LineString","coordinates":[[-0.2951684,51.3934965],[-0.2950867,51.3933624],[-0.2949882,51.3931951]]}},
{"type":"Feature","properties":{"id":915,"nach":0.68845368165820797},"geometry":{"type":"LineString","coordinates":[[-0.293825,51.3933882],[-0.2939225,51.3934077],[-0.2940086,51.3934041],[-0.2941957,51.3933809],[-0.2944105,51.393326299999984],[-0.2948114,51.3932323],[-0.2949882,51.3931951]]}},
{"type":"Feature","properties":{"id":7473,"nach":0.71395232468304637},"geometry":{"type":"LineString","coordinates":[[-0.2954651,51.3931366],[-0.2951535,51.3931663],[-0.2949882,51.3931951]]}},
{"type":"Feature","properties":{"id":7414,"nach":0.64711864361730931},"geometry":{"type":"LineString","coordinates":[[-0.2943812,51.3922419],[-0.2945556,51.392201800000016],[-0.2946673,51.3921808]]}},
{"type":"Feature","properties":{"id":29702,"nach":0.69038932233752381},"geometry":{"type":"LineString","coordinates":[[-0.2942993,51.392096],[-0.2943812,51.3922419]]}},
{"type":"Feature","properties":{"id":30345,"nach":0.50875131734372614},"geometry":{"type":"LineString","coordinates":[[-0.2951684,51.3934965],[-0.2949778,51.3935424],[-0.294795,51.3935935],[-0.2947521,51.3936219],[-0.2947092,51.3936604],[-0.2946609,51.3937223]]}},
{"type":"Feature","properties":{"id":40509,"nach":0.66860698119782369},"geometry":{"type":"LineString","coordinates":[[-0.2958453,51.3945895],[-0.2958252,51.3945583],[-0.2955541,51.3941443],[-0.2954881,51.3940122],[-0.295412,51.393906300000012],[-0.2951684,51.3934965]]}},
{"type":"Feature","properties":{"id":7810,"nach":0.63408273862714104},"geometry":{"type":"LineString","coordinates":[[-0.2936206,51.3932917],[-0.293825,51.3933882]]}},
{"type":"Feature","properties":{"id":27921,"nach":0.67063694378924088},"geometry":{"type":"LineString","coordinates":[[-0.2936666,51.39368060000001],[-0.2936812,51.3936178],[-0.293753,51.3934958],[-0.2937967,51.3934305],[-0.2938039,51.3934197],[-0.293825,51.3933882]]}},
{"type":"Feature","properties":{"id":12694,"nach":0.7156563242920948},"geometry":{"type":"LineString","coordinates":[[-0.295576,51.3931387],[-0.2954651,51.3931366]]}},
{"type":"Feature","properties":{"id":12693,"nach":0.508519225727735},"geometry":{"type":"LineString","coordinates":[[-0.2952286,51.3925772],[-0.295406,51.3929292],[-0.2954468,51.3930412],[-0.2954651,51.3931366]]}},
{"type":"Feature","properties":{"id":944,"nach":0.36774641366289174},"geometry":{"type":"LineString","coordinates":[[-0.2836766,51.3931276],[-0.2839194,51.3925723],[-0.2840689,51.3923197],[-0.2843123,51.391996]]}},
{"type":"Feature","properties":{"id":903,"nach":0.41723071706395748},"geometry":{"type":"LineString","coordinates":[[-0.2855398,51.3923635],[-0.285405,51.3923192],[-0.2843123,51.391996]]}},
{"type":"Feature","properties":{"id":941,"nach":0.43372932507843664},"geometry":{"type":"LineString","coordinates":[[-0.2836766,51.3931276],[-0.2817107,51.3929075]]}},
{"type":"Feature","properties":{"id":976,"nach":0.41781346599805719},"geometry":{"type":"LineString","coordinates":[[-0.2832748,51.3940475],[-0.2836766,51.3931276]]}},
{"type":"Feature","properties":{"id":965,"nach":0.38088063575788444},"geometry":{"type":"LineString","coordinates":[[-0.2875981,51.3941578],[-0.2871128,51.3938084],[-0.286234,51.3935196],[-0.2852243,51.393307],[-0.2836766,51.3931276]]}},
{"type":"Feature","properties":{"id":19661,"nach":0.37069466030086173},"geometry":{"type":"LineString","coordinates":[[-0.2888782,51.3938281],[-0.288287,51.3930627],[-0.2880402,51.3931464],[-0.2879812,51.3930125],[-0.2879521,51.3929997],[-0.2878874,51.3930194],[-0.2878574,51.3930372],[-0.2878066,51.3930468],[-0.2877696,51.3930367],[-0.2877442,51.3930011],[-0.2877411,51.3929396],[-0.2876232,51.3929064],[-0.2876409,51.3928766],[-0.2876409,51.3928555],[-0.2876009,51.392843],[-0.2874654,51.392813200000013],[-0.2873903,51.3928199],[-0.2872991,51.3927864],[-0.2872669,51.3927429],[-0.2871811,51.3927295],[-0.2869343,51.3926458],[-0.2869022,51.3926157],[-0.2867689,51.3925951],[-0.2867516,51.3925924],[-0.2865422,51.3925601],[-0.285948,51.39245],[-0.2855398,51.3923635]]}},
{"type":"Feature","properties":{"id":3541,"nach":0.37752868024719494},"geometry":{"type":"LineString","coordinates":[[-0.2868774,51.3913911],[-0.2864439,51.391661],[-0.2855989,51.3922845],[-0.2855398,51.3923635]]}},
{"type":"Feature","properties":{"id":19659,"nach":0.57401993277328422},"geometry":{"type":"LineString","coordinates":[[-0.2888782,51.3938281],[-0.2883261,51.393977]]}},
{"type":"Feature","properties":{"id":28222,"nach":0.58391342606625785},"geometry":{"type":"LineString","coordinates":[[-0.2908803,51.3930716],[-0.2906218,51.3932158],[-0.2898925,51.39351],[-0.2895009,51.3936506],[-0.2890813,51.3937769],[-0.2888782,51.3938281]]}},
{"type":"Feature","properties":{"id":3540,"nach":0.3458256814652016},"geometry":{"type":"LineString","coordinates":[[-0.2868774,51.3913911],[-0.2877747,51.3908221],[-0.2883483,51.3904771],[-0.2887393,51.39027080000001],[-0.2889652,51.3901933],[-0.2891148,51.3901483],[-0.2896288,51.3900068]]}},
{"type":"Feature","properties":{"id":3539,"nach":0.3810766728362352},"geometry":{"type":"LineString","coordinates":[[-0.2868774,51.3913911],[-0.288224,51.391951400000011],[-0.2883585,51.3919558],[-0.2884476,51.3919208],[-0.2897179,51.391182],[-0.2903372,51.3909926]]}},
{"type":"Feature","properties":{"id":925,"nach":0.48666407142740759},"geometry":{"type":"LineString","coordinates":[[-0.2903372,51.3909926],[-0.2896288,51.3900068]]}},
{"type":"Feature","properties":{"id":21855,"nach":0.52652881226590198},"geometry":{"type":"LineString","coordinates":[[-0.2909301,51.39174040000001],[-0.2903372,51.3909926]]}},
{"type":"Feature","properties":{"id":7812,"nach":0.61606302843828642},"geometry":{"type":"LineString","coordinates":[[-0.2936206,51.3932917],[-0.2934377,51.39318810000001],[-0.2932576,51.393114499999989],[-0.2928494,51.3930015],[-0.2923048,51.3928345],[-0.2920405,51.392725100000014],[-0.2919345,51.3926723],[-0.2917559,51.3925834]]}},
{"type":"Feature","properties":{"id":27925,"nach":0.49287575400421452},"geometry":{"type":"LineString","coordinates":[[-0.2938185,51.39303060000001],[-0.2936206,51.3932917]]}},
{"type":"Feature","properties":{"id":27922,"nach":0.66509475560619213},"geometry":{"type":"LineString","coordinates":[[-0.2936666,51.39368060000001],[-0.2936491,51.3937561],[-0.2936156,51.3939877]]}},
{"type":"Feature","properties":{"id":27924,"nach":0.4939862127028562},"geometry":{"type":"LineString","coordinates":[[-0.2940427,51.3938432],[-0.2938115,51.3937223],[-0.2936666,51.39368060000001]]}},
{"type":"Feature","properties":{"id":35060,"nach":0.41973783713322932},"geometry":{"type":"LineString","coordinates":[[-0.2905908,51.3889241],[-0.2907115,51.3888922],[-0.2907528,51.3888828],[-0.2907749,51.3888884],[-0.290788,51.3888972],[-0.2908505,51.3889835]]}},
{"type":"Feature","properties":{"id":35059,"nach":0.55224100746530491},"geometry":{"type":"LineString","coordinates":[[-0.2905908,51.3889241],[-0.2906688,51.3890341]]}},
{"type":"Feature","properties":{"id":35050,"nach":0.58029987039447517},"geometry":{"type":"LineString","coordinates":[[-0.2907468,51.3891442],[-0.2912964,51.3899195]]}},
{"type":"Feature","properties":{"id":35690,"nach":0.62332358133238885},"geometry":{"type":"LineString","coordinates":[[-0.2916897,51.3904904],[-0.2912964,51.3899195]]}},
{"type":"Feature","properties":{"id":922,"nach":0.63132131027824834},"geometry":{"type":"LineString","coordinates":[[-0.2927785,51.3895127],[-0.2912964,51.3899195]]}},
{"type":"Feature","properties":{"id":35056,"nach":0.55866775035700644},"geometry":{"type":"LineString","coordinates":[[-0.2906688,51.3890341],[-0.2907468,51.3891442]]}},
{"type":"Feature","properties":{"id":35053,"nach":0.45490211369351302},"geometry":{"type":"LineString","coordinates":[[-0.2908505,51.3889835],[-0.2908664,51.389002500000011],[-0.2909155,51.389072099999986],[-0.2909129,51.3890887],[-0.2908897,51.3891024],[-0.2908638,51.3891115],[-0.2907468,51.3891442]]}},
{"type":"Feature","properties":{"id":35691,"nach":0.62353831231048717},"geometry":{"type":"LineString","coordinates":[[-0.2916897,51.3904904],[-0.2920735,51.3910381]]}},
{"type":"Feature","properties":{"id":35692,"nach":0.48335085106877074},"geometry":{"type":"LineString","coordinates":[[-0.2916897,51.3904904],[-0.29213,51.3903643],[-0.2923592,51.3902969]]}},
{"type":"Feature","properties":{"id":1503,"nach":0.66747132666625131},"geometry":{"type":"LineString","coordinates":[[-0.2926228,51.3892296],[-0.2927785,51.3895127]]}},
{"type":"Feature","properties":{"id":4619,"nach":0.6703506552552253},"geometry":{"type":"LineString","coordinates":[[-0.2929206,51.3897573],[-0.29284,51.3896242],[-0.2927785,51.3895127]]}},
{"type":"Feature","properties":{"id":4629,"nach":0.64376109119819114},"geometry":{"type":"LineString","coordinates":[[-0.2921194,51.3883925],[-0.2926228,51.3892296]]}},
{"type":"Feature","properties":{"id":4628,"nach":0.57823169009634157},"geometry":{"type":"LineString","coordinates":[[-0.2935714,51.388870600000011],[-0.2936437,51.3890298],[-0.2926228,51.3892296]]}},
{"type":"Feature","properties":{"id":7679,"nach":0.62052038592647996},"geometry":{"type":"LineString","coordinates":[[-0.2934505,51.3896679],[-0.2929206,51.3897573]]}},
{"type":"Feature","properties":{"id":7677,"nach":0.64840043074224474},"geometry":{"type":"LineString","coordinates":[[-0.2932176,51.3902931],[-0.2929533,51.3898497],[-0.2929206,51.3897573]]}},
{"type":"Feature","properties":{"id":21857,"nach":0.43785240048224761},"geometry":{"type":"LineString","coordinates":[[-0.2909301,51.39174040000001],[-0.2908055,51.3917959],[-0.2906908,51.3918618],[-0.290472,51.3919757],[-0.2903317,51.3920563],[-0.2900319,51.3922232],[-0.2897903,51.3923347],[-0.2897676,51.3923726],[-0.2897499,51.3924094],[-0.2897267,51.39245780000001],[-0.2897111,51.3924903],[-0.2897003,51.3925085],[-0.28969,51.3925222],[-0.2896694,51.392553],[-0.2896299,51.3925928],[-0.2896018,51.3926107],[-0.2895732,51.3926289],[-0.2895248,51.39265420000001],[-0.2894901,51.3926716],[-0.2894644,51.3926845],[-0.2893973,51.3926979],[-0.2893436,51.3927029],[-0.2893006,51.3926995],[-0.2890705,51.392679],[-0.2889731,51.3926715]]}},
{"type":"Feature","properties":{"id":29716,"nach":0.5626090650016935},"geometry":{"type":"LineString","coordinates":[[-0.2914225,51.3923476],[-0.2914166,51.3923427],[-0.2912931,51.3922227],[-0.2909301,51.39174040000001]]}},
{"type":"Feature","properties":{"id":29717,"nach":0.59759792320140614},"geometry":{"type":"LineString","coordinates":[[-0.2914225,51.3923476],[-0.2915251,51.3924346],[-0.2916195,51.39249550000001],[-0.2917559,51.3925834]]}},
{"type":"Feature","properties":{"id":28223,"nach":0.60723105315825354},"geometry":{"type":"LineString","coordinates":[[-0.2908803,51.3930716],[-0.2916804,51.3926255],[-0.2916973,51.3926161],[-0.2917559,51.3925834]]}},
{"type":"Feature","properties":{"id":27952,"nach":0.65286852202616585},"geometry":{"type":"LineString","coordinates":[[-0.2923198,51.3923381],[-0.2920999,51.3924126],[-0.2918222,51.392537],[-0.2918057,51.3925492],[-0.2917559,51.3925834]]}},
{"type":"Feature","properties":{"id":29718,"nach":0.48243248648446824},"geometry":{"type":"LineString","coordinates":[[-0.2910961,51.392482],[-0.2914225,51.3923476]]}},
{"type":"Feature","properties":{"id":29714,"nach":0.46991479406047887},"geometry":{"type":"LineString","coordinates":[[-0.2900691,51.392564699999987],[-0.2901755,51.3925972],[-0.2902593,51.39261170000001],[-0.2908803,51.3930716]]}},
{"type":"Feature","properties":{"id":29694,"nach":0.6610364585183448},"geometry":{"type":"LineString","coordinates":[[-0.2927729,51.3921422],[-0.2923198,51.3923381]]}},
{"type":"Feature","properties":{"id":27956,"nach":0.56472468517290242},"geometry":{"type":"LineString","coordinates":[[-0.2920761,51.3920966],[-0.2921359,51.39216],[-0.2923198,51.3923381]]}},
{"type":"Feature","properties":{"id":27935,"nach":0.66501403176838558},"geometry":{"type":"LineString","coordinates":[[-0.2924524,51.391561200000012],[-0.2928524,51.3921078]]}},
{"type":"Feature","properties":{"id":29695,"nach":0.67820304710488988},"geometry":{"type":"LineString","coordinates":[[-0.2927729,51.3921422],[-0.2928524,51.3921078]]}},
{"type":"Feature","properties":{"id":27926,"nach":0.70976378329332179},"geometry":{"type":"LineString","coordinates":[[-0.2934374,51.3918741],[-0.2928524,51.3921078]]}},
{"type":"Feature","properties":{"id":27938,"nach":0.65829618270336177},"geometry":{"type":"LineString","coordinates":[[-0.2922665,51.3913072],[-0.2924524,51.391561200000012]]}},
{"type":"Feature","properties":{"id":27949,"nach":0.48400289303085448},"geometry":{"type":"LineString","coordinates":[[-0.2918989,51.3918416],[-0.2918288,51.3917309],[-0.2924524,51.391561200000012]]}},
{"type":"Feature","properties":{"id":29700,"nach":0.56523885579196809},"geometry":{"type":"LineString","coordinates":[[-0.2931597,51.3924874],[-0.2931191,51.3924587],[-0.2927729,51.3921422]]}},
{"type":"Feature","properties":{"id":27927,"nach":0.71968275929035463},"geometry":{"type":"LineString","coordinates":[[-0.2934374,51.3918741],[-0.2940379,51.391641]]}},
{"type":"Feature","properties":{"id":27931,"nach":0.57734163318359277},"geometry":{"type":"LineString","coordinates":[[-0.2937388,51.3921738],[-0.2936334,51.3920663],[-0.2935579,51.3919942],[-0.2934374,51.3918741]]}},
{"type":"Feature","properties":{"id":7370,"nach":0.71226613689119633},"geometry":{"type":"LineString","coordinates":[[-0.2941292,51.3917931],[-0.2940379,51.391641]]}},
{"type":"Feature","properties":{"id":7415,"nach":0.69685329362959691},"geometry":{"type":"LineString","coordinates":[[-0.2939634,51.3915131],[-0.2940379,51.391641]]}},
{"type":"Feature","properties":{"id":29704,"nach":0.68850425626600797},"geometry":{"type":"LineString","coordinates":[[-0.2942993,51.392096],[-0.2942528,51.392013199999987],[-0.2942095,51.3919361],[-0.2941292,51.3917931]]}},
{"type":"Feature","properties":{"id":7375,"nach":0.67692675954908887},"geometry":{"type":"LineString","coordinates":[[-0.2945741,51.391705],[-0.294479,51.3917159],[-0.2941292,51.3917931]]}},
{"type":"Feature","properties":{"id":7417,"nach":0.65727302440197433},"geometry":{"type":"LineString","coordinates":[[-0.2939634,51.3915131],[-0.2940649,51.3914936],[-0.2942411,51.3914546]]}},
{"type":"Feature","properties":{"id":7560,"nach":0.64397379226928309},"geometry":{"type":"LineString","coordinates":[[-0.2937607,51.3911525],[-0.2939634,51.3915131]]}},
{"type":"Feature","properties":{"id":978,"nach":0.35962248234546534},"geometry":{"type":"LineString","coordinates":[[-0.2832748,51.3940475],[-0.2842723,51.3941546],[-0.2851899,51.3943036]]}},
{"type":"Feature","properties":{"id":984,"nach":0.40179359432769779},"geometry":{"type":"LineString","coordinates":[[-0.281999,51.3962962],[-0.2820459,51.3962212],[-0.2823232,51.3957794],[-0.2827828,51.3949834],[-0.2830069,51.3945705],[-0.2832748,51.3940475]]}},
{"type":"Feature","properties":{"id":964,"nach":0.54662393683231125},"geometry":{"type":"LineString","coordinates":[[-0.2875981,51.3941578],[-0.2883261,51.393977]]}},
{"type":"Feature","properties":{"id":968,"nach":0.53253108406781213},"geometry":{"type":"LineString","coordinates":[[-0.2869207,51.3944363],[-0.2872332,51.3942763],[-0.2875981,51.3941578]]}},
{"type":"Feature","properties":{"id":7318,"nach":0.52649737941947683},"geometry":{"type":"LineString","coordinates":[[-0.281749,51.3896301],[-0.2816962,51.3895]]}},
{"type":"Feature","properties":{"id":948,"nach":0.51514788093837893},"geometry":{"type":"LineString","coordinates":[[-0.2814387,51.3888876],[-0.2816962,51.3895]]}},
{"type":"Feature","properties":{"id":29721,"nach":0.44565441599113464},"geometry":{"type":"LineString","coordinates":[[-0.2826314,51.3891725],[-0.2824619,51.3892099],[-0.2821147,51.3893609],[-0.2818603,51.3894612],[-0.2816962,51.3895]]}},
{"type":"Feature","properties":{"id":13114,"nach":0.52159625234089313},"geometry":{"type":"LineString","coordinates":[[-0.2817948,51.3897658],[-0.281749,51.3896301]]}},
{"type":"Feature","properties":{"id":27907,"nach":0.36109578382412516},"geometry":{"type":"LineString","coordinates":[[-0.2814771,51.3896758],[-0.2816212,51.3896441],[-0.281749,51.3896301]]}},
{"type":"Feature","properties":{"id":954,"nach":0.36370046024684188},"geometry":{"type":"LineString","coordinates":[[-0.2845508,51.3876854],[-0.2844949,51.3877169],[-0.2824798,51.3885462],[-0.2818044,51.38880120000001],[-0.2814387,51.3888876]]}},
{"type":"Feature","properties":{"id":1070,"nach":0.40539301402685468},"geometry":{"type":"LineString","coordinates":[[-0.2776559,51.3906662],[-0.2783825,51.3902722],[-0.2791516,51.3897263],[-0.2795766,51.38946],[-0.2799093,51.3892589],[-0.2802026,51.3891528],[-0.2807422,51.3890336],[-0.2814387,51.3888876]]}},
{"type":"Feature","properties":{"id":13620,"nach":0.49768653847482597},"geometry":{"type":"LineString","coordinates":[[-0.2811267,51.3880309],[-0.2813761,51.3887158],[-0.2814387,51.3888876]]}},
{"type":"Feature","properties":{"id":29719,"nach":0.36559095464860009},"geometry":{"type":"LineString","coordinates":[[-0.2826314,51.3891725],[-0.2827899,51.389137500000011]]}},
{"type":"Feature","properties":{"id":29722,"nach":0.36559095464860009},"geometry":{"type":"LineString","coordinates":[[-0.2826886,51.3892865],[-0.2826314,51.3891725]]}},
{"type":"Feature","properties":{"id":24545,"nach":0.34109436507652346},"geometry":{"type":"LineString","coordinates":[[-0.2847451,51.3876927],[-0.2845508,51.3876854]]}},
{"type":"Feature","properties":{"id":957,"nach":0.3092108415656814},"geometry":{"type":"LineString","coordinates":[[-0.2838834,51.3870681],[-0.2845466,51.3876361],[-0.2845508,51.3876854]]}},
{"type":"Feature","properties":{"id":13619,"nach":0.33256341519440541},"geometry":{"type":"LineString","coordinates":[[-0.2811267,51.3880309],[-0.2817403,51.3879343],[-0.2821346,51.387799],[-0.2838834,51.3870681]]}},
{"type":"Feature","properties":{"id":1079,"nach":0.32082256516591173},"geometry":{"type":"LineString","coordinates":[[-0.2831925,51.3864625],[-0.2838834,51.3870681]]}},
{"type":"Feature","properties":{"id":1080,"nach":0.32605373600692139},"geometry":{"type":"LineString","coordinates":[[-0.2831925,51.3864625],[-0.2818777,51.3869914],[-0.2815474,51.3871137],[-0.2813244,51.3871692],[-0.2807946,51.3872404]]}},
{"type":"Feature","properties":{"id":29710,"nach":0.49177871416234908},"geometry":{"type":"LineString","coordinates":[[-0.2886066,51.3941397],[-0.2883533,51.3940067],[-0.2883261,51.393977]]}},
{"type":"Feature","properties":{"id":45218,"nach":0.37989545741229386},"geometry":{"type":"LineString","coordinates":[[-0.2919437,51.3958907],[-0.2916663,51.3957025],[-0.2911338,51.3953669],[-0.2910011,51.3953013],[-0.2907823,51.3952036],[-0.289762,51.3948318],[-0.2896448,51.394760499999983],[-0.2890643,51.394389100000012],[-0.2886066,51.3941397]]}},
{"type":"Feature","properties":{"id":29713,"nach":0.43158461767258266},"geometry":{"type":"LineString","coordinates":[[-0.2884196,51.3946856],[-0.2882026,51.3945559],[-0.2886066,51.3941397]]}},
{"type":"Feature","properties":{"id":970,"nach":0.48684785839592121},"geometry":{"type":"LineString","coordinates":[[-0.2864839,51.3946729],[-0.2869207,51.3944363]]}},
{"type":"Feature","properties":{"id":45235,"nach":0.49244681874836488},"geometry":{"type":"LineString","coordinates":[[-0.2869881,51.39447590000001],[-0.2869599,51.3944593],[-0.2869207,51.3944363]]}},
{"type":"Feature","properties":{"id":974,"nach":0.44108375353837143},"geometry":{"type":"LineString","coordinates":[[-0.2851899,51.3943036],[-0.2859764,51.3944963],[-0.2864195,51.3946505],[-0.2864839,51.3946729]]}},
{"type":"Feature","properties":{"id":45234,"nach":0.39163448103884391},"geometry":{"type":"LineString","coordinates":[[-0.2869881,51.39447590000001],[-0.2877601,51.3949301],[-0.2884058,51.395317],[-0.288718,51.3955099],[-0.2894289,51.3958539],[-0.2903151,51.3962601],[-0.290484,51.3963384]]}},
{"type":"Feature","properties":{"id":45529,"nach":0.4349987424370042},"geometry":{"type":"LineString","coordinates":[[-0.2869337,51.3945046],[-0.2869881,51.39447590000001]]}},
{"type":"Feature","properties":{"id":986,"nach":0.41693512714173625},"geometry":{"type":"LineString","coordinates":[[-0.281999,51.3962962],[-0.2821473,51.396289],[-0.2835676,51.395356500000013],[-0.2851594,51.3943523],[-0.2851899,51.3943036]]}},
{"type":"Feature","properties":{"id":45223,"nach":0.51282489386802244},"geometry":{"type":"LineString","coordinates":[[-0.2926828,51.3956698],[-0.2926792,51.3956971],[-0.2927033,51.395731499999982]]}},
{"type":"Feature","properties":{"id":1000,"nach":0.51183565160420275},"geometry":{"type":"LineString","coordinates":[[-0.295122,51.394985699999978],[-0.2947521,51.3951139],[-0.2944349,51.3952269],[-0.2940827,51.3953416],[-0.2933132,51.3955552],[-0.2927033,51.395731499999982]]}},
{"type":"Feature","properties":{"id":45225,"nach":0.48653695503768418},"geometry":{"type":"LineString","coordinates":[[-0.2926828,51.3956698],[-0.2926073,51.3956823],[-0.2925865,51.3956837],[-0.2925095,51.3957318],[-0.2923562,51.3957822],[-0.2920234,51.3958652],[-0.292001,51.3958757],[-0.2919437,51.3958907]]}},
{"type":"Feature","properties":{"id":45222,"nach":0.56373843780193855},"geometry":{"type":"LineString","coordinates":[[-0.2926828,51.3956698],[-0.2927243,51.3955971],[-0.2932213,51.3948017]]}},
{"type":"Feature","properties":{"id":45228,"nach":0.41849513269279726},"geometry":{"type":"LineString","coordinates":[[-0.2950684,51.3949373],[-0.2950083,51.3949587],[-0.294722,51.3950606],[-0.2940013,51.3953163],[-0.2935073,51.3954604],[-0.29287,51.3956417],[-0.2928359,51.3956511],[-0.2928126,51.3956553],[-0.2927863,51.3956498],[-0.2927718,51.395655],[-0.2926828,51.3956698]]}},
{"type":"Feature","properties":{"id":45227,"nach":0.61899756383420457},"geometry":{"type":"LineString","coordinates":[[-0.2950684,51.3949373],[-0.2950887,51.3949516],[-0.295122,51.394985699999978]]}},
{"type":"Feature","properties":{"id":40514,"nach":0.64304049293429988},"geometry":{"type":"LineString","coordinates":[[-0.2958171,51.3947506],[-0.295789,51.3947594],[-0.2957336,51.3947766],[-0.2956716,51.3947959],[-0.2955988,51.3948186],[-0.295122,51.394985699999978]]}},
{"type":"Feature","properties":{"id":45226,"nach":0.60046655898142542},"geometry":{"type":"LineString","coordinates":[[-0.2950684,51.3949373],[-0.2941127,51.394309199999988]]}},
{"type":"Feature","properties":{"id":40517,"nach":0.63674811492438854},"geometry":{"type":"LineString","coordinates":[[-0.2958171,51.3947506],[-0.2958994,51.3947266],[-0.2959284,51.3947187]]}},
{"type":"Feature","properties":{"id":40515,"nach":0.54086123956199594},"geometry":{"type":"LineString","coordinates":[[-0.2958171,51.3947506],[-0.2958279,51.39471360000001],[-0.2958318,51.394705800000011],[-0.2958416,51.394686200000017],[-0.2958472,51.3946663],[-0.2958533,51.39464670000001]]}},
{"type":"Feature","properties":{"id":45213,"nach":0.0},"geometry":{"type":"LineString","coordinates":[[-0.2838932,51.397846],[-0.2852753,51.39761690000001],[-0.2857654,51.3975334],[-0.2863998,51.3974233],[-0.2875281,51.3971927],[-0.2882722,51.3970283],[-0.2891024,51.3968288],[-0.2896962,51.396676],[-0.2901382,51.3965587],[-0.2903224,51.3965141],[-0.2905531,51.3964416],[-0.2906514,51.396407],[-0.2907462,51.3963635],[-0.2909036,51.3962976],[-0.2911628,51.3962123],[-0.291864,51.39601780000001],[-0.2925639,51.39583],[-0.2932896,51.3956247],[-0.2940102,51.395427300000016],[-0.2957809,51.3948226],[-0.29587,51.3948165],[-0.2958502,51.39479510000001],[-0.2958171,51.3947506]]}},
{"type":"Feature","properties":{"id":1006,"nach":0.59423729121949531},"geometry":{"type":"LineString","coordinates":[[-0.2932213,51.3948017],[-0.2936156,51.3939877]]}},
{"type":"Feature","properties":{"id":27918,"nach":0.62527276899806905},"geometry":{"type":"LineString","coordinates":[[-0.2940694,51.394281099999986],[-0.2936619,51.3940287],[-0.2936156,51.3939877]]}},
{"type":"Feature","properties":{"id":6859,"nach":0.56515526465950416},"geometry":{"type":"LineString","coordinates":[[-0.2924927,51.3937466],[-0.2926856,51.393799],[-0.2935626,51.3939642],[-0.2936156,51.3939877]]}},
{"type":"Feature","properties":{"id":1009,"nach":0.46540352511891153},"geometry":{"type":"LineString","coordinates":[[-0.2915893,51.3942678],[-0.2917083,51.3943279],[-0.2918314,51.3943928],[-0.2920594,51.3944954],[-0.2923013,51.3945815],[-0.2925235,51.3946508],[-0.2928825,51.3947286],[-0.2932213,51.3948017]]}},
{"type":"Feature","properties":{"id":32415,"nach":0.61752022919109251},"geometry":{"type":"LineString","coordinates":[[-0.2940888,51.3942937],[-0.2940694,51.394281099999986]]}},
{"type":"Feature","properties":{"id":27920,"nach":0.49194328178377794},"geometry":{"type":"LineString","coordinates":[[-0.2943649,51.3939321],[-0.2945073,51.394025300000017],[-0.2944273,51.394069],[-0.294258,51.39416940000001],[-0.2940694,51.394281099999986]]}},
{"type":"Feature","properties":{"id":7814,"nach":0.48473085148943479},"geometry":{"type":"LineString","coordinates":[[-0.2924615,51.3938165],[-0.2924927,51.3937466]]}},
{"type":"Feature","properties":{"id":7813,"nach":0.48473085148943479},"geometry":{"type":"LineString","coordinates":[[-0.2925198,51.3936859],[-0.2924927,51.3937466]]}},
{"type":"Feature","properties":{"id":1010,"nach":0.0},"geometry":{"type":"LineString","coordinates":[[-0.2915893,51.3942678],[-0.2915413,51.3942871],[-0.2914865,51.394297],[-0.2914294,51.3942965],[-0.291375,51.3942857],[-0.2913279,51.394265600000011],[-0.2912922,51.3942378],[-0.2912709,51.3942048],[-0.2912658,51.3941693],[-0.2912774,51.3941345],[-0.2913046,51.3941032],[-0.2913429,51.3940792],[-0.2913903,51.3940628],[-0.2914432,51.39405510000001],[-0.2914973,51.3940568],[-0.2915486,51.3940677],[-0.2915932,51.3940871],[-0.2916274,51.3941133],[-0.2916488,51.3941444],[-0.2916556,51.394178],[-0.2916473,51.3942114],[-0.2916247,51.3942421],[-0.2915893,51.3942678]]}},
{"type":"Feature","properties":{"id":40897,"nach":0.54824034873151906},"geometry":{"type":"LineString","coordinates":[[-0.2857187,51.382651],[-0.2856962,51.3826807],[-0.2856489,51.3827054]]}},
{"type":"Feature","properties":{"id":40907,"nach":0.52054593080405231},"geometry":{"type":"LineString","coordinates":[[-0.2856489,51.3827054],[-0.2856506,51.3826692],[-0.2856566,51.3826512],[-0.2856638,51.3826376]]}},
{"type":"Feature","properties":{"id":1472,"nach":0.54082757291030825},"geometry":{"type":"LineString","coordinates":[[-0.284821,51.3808879],[-0.2848663,51.3809873],[-0.2849221,51.3811133],[-0.2850002,51.3811378],[-0.2855446,51.3810547],[-0.2859369,51.38103550000001],[-0.2861932,51.3810212]]}},
{"type":"Feature","properties":{"id":1479,"nach":0.60353610962528015},"geometry":{"type":"LineString","coordinates":[[-0.2860971,51.3805837],[-0.2861652,51.380868],[-0.2861932,51.3810212]]}},
{"type":"Feature","properties":{"id":35720,"nach":0.60994232077289012},"geometry":{"type":"LineString","coordinates":[[-0.2860696,51.3821009],[-0.2862748,51.3817798],[-0.2863116,51.381669],[-0.2863238,51.3815955],[-0.2863251,51.3815108],[-0.2863014,51.381407],[-0.2861932,51.3810212]]}},
{"type":"Feature","properties":{"id":35718,"nach":0.63043550815143767},"geometry":{"type":"LineString","coordinates":[[-0.2860696,51.3821009],[-0.2860574,51.382121]]}},
{"type":"Feature","properties":{"id":35721,"nach":0.48402673312083894},"geometry":{"type":"LineString","coordinates":[[-0.2853707,51.381919199999984],[-0.2860696,51.3821009]]}},
{"type":"Feature","properties":{"id":3940,"nach":0.47133544151299922},"geometry":{"type":"LineString","coordinates":[[-0.2914759,51.3828635],[-0.2916631,51.3824945]]}},
{"type":"Feature","properties":{"id":3941,"nach":0.57030689289501646},"geometry":{"type":"LineString","coordinates":[[-0.2914759,51.3828635],[-0.2912354,51.3833604]]}},
{"type":"Feature","properties":{"id":3944,"nach":0.46780660696610987},"geometry":{"type":"LineString","coordinates":[[-0.2924282,51.3830481],[-0.2914759,51.3828635]]}},
{"type":"Feature","properties":{"id":3945,"nach":0.4684420775834835},"geometry":{"type":"LineString","coordinates":[[-0.2905854,51.3827192],[-0.2913763,51.3828765],[-0.2914759,51.3828635]]}},
{"type":"Feature","properties":{"id":39866,"nach":0.5786795892867943},"geometry":{"type":"LineString","coordinates":[[-0.2937758,51.3819982],[-0.2938243,51.381894]]}},
{"type":"Feature","properties":{"id":1456,"nach":0.50712799635009931},"geometry":{"type":"LineString","coordinates":[[-0.2952131,51.38215120000001],[-0.2943436,51.3819902],[-0.2938243,51.381894]]}},
{"type":"Feature","properties":{"id":39868,"nach":0.58731582366834134},"geometry":{"type":"LineString","coordinates":[[-0.2937758,51.3819982],[-0.293737,51.3820815],[-0.2936921,51.3821779]]}},
{"type":"Feature","properties":{"id":39867,"nach":0.46561667534279655},"geometry":{"type":"LineString","coordinates":[[-0.2937758,51.3819982],[-0.2931494,51.3818843]]}},
{"type":"Feature","properties":{"id":1457,"nach":0.51150227536280435},"geometry":{"type":"LineString","coordinates":[[-0.2952131,51.38215120000001],[-0.2959038,51.3822778],[-0.2964622,51.382380199999986]]}},
{"type":"Feature","properties":{"id":35220,"nach":0.5824913275909902},"geometry":{"type":"LineString","coordinates":[[-0.292244,51.384719],[-0.2913699,51.385171],[-0.290131,51.3858107]]}},
{"type":"Feature","properties":{"id":35222,"nach":0.4988603237447628},"geometry":{"type":"LineString","coordinates":[[-0.292244,51.384719],[-0.292406,51.3848274],[-0.2924972,51.3848701],[-0.2926289,51.3849602]]}},
{"type":"Feature","properties":{"id":17236,"nach":0.55358383058826188},"geometry":{"type":"LineString","coordinates":[[-0.2956553,51.3840147],[-0.2959179,51.3834789],[-0.296088,51.3831319],[-0.2962911,51.382724],[-0.2964622,51.382380199999986]]}},
{"type":"Feature","properties":{"id":3962,"nach":0.55561034396892317},"geometry":{"type":"LineString","coordinates":[[-0.2968787,51.3815094],[-0.2967017,51.3819042],[-0.2966161,51.3820952],[-0.2964622,51.382380199999986]]}},
{"type":"Feature","properties":{"id":1470,"nach":0.5090067464630198},"geometry":{"type":"LineString","coordinates":[[-0.2978169,51.3826178],[-0.2972659,51.3825305],[-0.2970028,51.3824842],[-0.2964622,51.382380199999986]]}},
{"type":"Feature","properties":{"id":17235,"nach":0.59334040048685233},"geometry":{"type":"LineString","coordinates":[[-0.2956553,51.3840147],[-0.2955351,51.3842453],[-0.2954844,51.3843425]]}},
{"type":"Feature","properties":{"id":17237,"nach":0.4893434326808615},"geometry":{"type":"LineString","coordinates":[[-0.2956553,51.3840147],[-0.2951656,51.3839213],[-0.29508,51.3840951]]}},
{"type":"Feature","properties":{"id":3983,"nach":0.51925860611153885},"geometry":{"type":"LineString","coordinates":[[-0.2971785,51.38044450000001],[-0.2971361,51.3806219],[-0.2970935,51.3807999],[-0.2969951,51.3811986],[-0.2969673,51.3813112],[-0.2968787,51.3815094]]}},
{"type":"Feature","properties":{"id":34835,"nach":0.47254414022222652},"geometry":{"type":"LineString","coordinates":[[-0.2957638,51.380682],[-0.2955672,51.3813125],[-0.2955962,51.381346100000016],[-0.2956513,51.3813617],[-0.2964003,51.3814518],[-0.2968787,51.3815094]]}},
{"type":"Feature","properties":{"id":1469,"nach":0.52822583009382285},"geometry":{"type":"LineString","coordinates":[[-0.2978169,51.3826178],[-0.2977473,51.3827645],[-0.2974079,51.3834803],[-0.2974139,51.383534],[-0.2975886,51.383702],[-0.2978555,51.3839685]]}},
{"type":"Feature","properties":{"id":14716,"nach":0.52942782691942103},"geometry":{"type":"LineString","coordinates":[[-0.2982672,51.3814858],[-0.2978169,51.3826178]]}},
{"type":"Feature","properties":{"id":1454,"nach":0.58494406609644933},"geometry":{"type":"LineString","coordinates":[[-0.2877874,51.3816595],[-0.2878429,51.3816376],[-0.2880637,51.3816341],[-0.288505,51.381725],[-0.2885499,51.3817546],[-0.288567,51.3817969],[-0.2884435,51.3821113],[-0.288364,51.3821666],[-0.2881778,51.3821935],[-0.2880541,51.38220170000001]]}},
{"type":"Feature","properties":{"id":40175,"nach":0.59887066173951464},"geometry":{"type":"LineString","coordinates":[[-0.2875146,51.382828600000011],[-0.287539,51.382795],[-0.287957,51.3822995],[-0.2880541,51.38220170000001]]}},
{"type":"Feature","properties":{"id":13605,"nach":0.57446545436513874},"geometry":{"type":"LineString","coordinates":[[-0.2877233,51.381316],[-0.2876657,51.3814461],[-0.2876656,51.3814825],[-0.2876884,51.3815252],[-0.2877874,51.3816595]]}},
{"type":"Feature","properties":{"id":40177,"nach":0.51411602202232531},"geometry":{"type":"LineString","coordinates":[[-0.2875146,51.382828600000011],[-0.2875548,51.382839600000011],[-0.2877003,51.3828791]]}},
{"type":"Feature","properties":{"id":13604,"nach":0.51806381226857134},"geometry":{"type":"LineString","coordinates":[[-0.2877233,51.381316],[-0.2878843,51.3809794],[-0.2879392,51.380939],[-0.2880464,51.3809262],[-0.2884069,51.3809833]]}},
{"type":"Feature","properties":{"id":13603,"nach":0.53456529266553887},"geometry":{"type":"LineString","coordinates":[[-0.2877233,51.381316],[-0.2871503,51.3812987]]}},
{"type":"Feature","properties":{"id":3974,"nach":0.51985063443199719},"geometry":{"type":"LineString","coordinates":[[-0.2959238,51.380160600000018],[-0.2947642,51.3799006]]}},
{"type":"Feature","properties":{"id":3980,"nach":0.47119255017043671},"geometry":{"type":"LineString","coordinates":[[-0.2908734,51.3793965],[-0.2915188,51.3794822],[-0.2921246,51.3795627],[-0.2928199,51.3796551],[-0.293586,51.379757],[-0.2942819,51.379849499999985],[-0.294697,51.3799037],[-0.2947642,51.3799006]]}},
{"type":"Feature","properties":{"id":3971,"nach":0.49921252285374168},"geometry":{"type":"LineString","coordinates":[[-0.2950307,51.379174500000012],[-0.2948975,51.3795548],[-0.2947642,51.3799006]]}},
{"type":"Feature","properties":{"id":1461,"nach":0.49971654057821507},"geometry":{"type":"LineString","coordinates":[[-0.2950877,51.3850938],[-0.2950063,51.3851589]]}},
{"type":"Feature","properties":{"id":1462,"nach":0.65588913062177956},"geometry":{"type":"LineString","coordinates":[[-0.2950877,51.3850938],[-0.295198,51.38513240000001],[-0.2954936,51.38530930000001],[-0.2955522,51.3853596]]}},
{"type":"Feature","properties":{"id":29115,"nach":0.62648770297385903},"geometry":{"type":"LineString","coordinates":[[-0.2951857,51.3849932],[-0.2951464,51.3850396],[-0.2951074,51.3850767],[-0.2950877,51.3850938]]}},
{"type":"Feature","properties":{"id":40861,"nach":0.63134592506287424},"geometry":{"type":"LineString","coordinates":[[-0.2949916,51.3850696],[-0.2950877,51.3850938]]}},
{"type":"Feature","properties":{"id":4012,"nach":0.7333914166525175},"geometry":{"type":"LineString","coordinates":[[-0.2950063,51.3851589],[-0.2949526,51.3851435]]}},
{"type":"Feature","properties":{"id":40866,"nach":0.50701913250833441},"geometry":{"type":"LineString","coordinates":[[-0.2955522,51.3853596],[-0.2956023,51.3853414],[-0.2956737,51.3853298],[-0.2956984,51.3853283]]}},
{"type":"Feature","properties":{"id":4020,"nach":0.61859805309737614},"geometry":{"type":"LineString","coordinates":[[-0.2953001,51.3848669],[-0.2953568,51.3848495],[-0.2954223,51.3848297],[-0.2959046,51.3846848]]}},
{"type":"Feature","properties":{"id":1466,"nach":0.60839547689541829},"geometry":{"type":"LineString","coordinates":[[-0.2978555,51.3839685],[-0.2977411,51.3840114],[-0.2970794,51.3842683],[-0.2963284,51.3845436],[-0.2959046,51.3846848]]}},
{"type":"Feature","properties":{"id":3951,"nach":0.39498513543584524},"geometry":{"type":"LineString","coordinates":[[-0.2954844,51.3843425],[-0.2959046,51.3846848]]}},
{"type":"Feature","properties":{"id":4017,"nach":0.65397413710491548},"geometry":{"type":"LineString","coordinates":[[-0.2953001,51.3848669],[-0.295298,51.3848051]]}},
{"type":"Feature","properties":{"id":29147,"nach":0.60886540045817883},"geometry":{"type":"LineString","coordinates":[[-0.2953394,51.3849262],[-0.2953001,51.3848669]]}},
{"type":"Feature","properties":{"id":26322,"nach":0.66192311143378701},"geometry":{"type":"LineString","coordinates":[[-0.295242,51.3848898],[-0.2953001,51.3848669]]}},
{"type":"Feature","properties":{"id":16315,"nach":0.5939256648932405},"geometry":{"type":"LineString","coordinates":[[-0.2997744,51.38322],[-0.2992323,51.383431],[-0.2984839,51.3837224],[-0.2978555,51.3839685]]}},
{"type":"Feature","properties":{"id":16314,"nach":0.53665823745432317},"geometry":{"type":"LineString","coordinates":[[-0.2997744,51.38322],[-0.2995874,51.3830293],[-0.2992754,51.3827495],[-0.2990709,51.3827113]]}},
{"type":"Feature","properties":{"id":18913,"nach":0.603135373444592},"geometry":{"type":"LineString","coordinates":[[-0.3001375,51.3830821],[-0.2999849,51.38314],[-0.2997744,51.38322]]}},
{"type":"Feature","properties":{"id":18882,"nach":0.51672812006050928},"geometry":{"type":"LineString","coordinates":[[-0.2984847,51.380915500000015],[-0.2983228,51.38134010000001],[-0.2982672,51.3814858]]}},
{"type":"Feature","properties":{"id":16319,"nach":0.53998892446066005},"geometry":{"type":"LineString","coordinates":[[-0.2994785,51.3816776],[-0.2986375,51.3815444],[-0.2982672,51.3814858]]}},
{"type":"Feature","properties":{"id":10563,"nach":0.47535757270112633},"geometry":{"type":"LineString","coordinates":[[-0.2850995,51.3816244],[-0.284225,51.38123610000001],[-0.2841073,51.3810358]]}},
{"type":"Feature","properties":{"id":18891,"nach":0.59493513218349403},"geometry":{"type":"LineString","coordinates":[[-0.2967778,51.3853832],[-0.2988937,51.3845823]]}},
{"type":"Feature","properties":{"id":33231,"nach":0.52177851907769046},"geometry":{"type":"LineString","coordinates":[[-0.298903,51.3846365],[-0.2988937,51.3845823]]}},
{"type":"Feature","properties":{"id":18892,"nach":0.56150527575612641},"geometry":{"type":"LineString","coordinates":[[-0.2967778,51.3853832],[-0.2966798,51.3854582],[-0.2966521,51.3855138]]}},
{"type":"Feature","properties":{"id":32870,"nach":0.5626389420640141},"geometry":{"type":"LineString","coordinates":[[-0.2965551,51.3854888],[-0.2966584,51.3854164],[-0.2967778,51.3853832]]}},
{"type":"Feature","properties":{"id":33234,"nach":0.45902271798592814},"geometry":{"type":"LineString","coordinates":[[-0.298903,51.3846365],[-0.2988343,51.384661],[-0.2968682,51.3854156],[-0.2968307,51.3854457],[-0.2968092,51.3854993],[-0.2968064,51.3855646]]}},
{"type":"Feature","properties":{"id":33232,"nach":0.49352070404467252},"geometry":{"type":"LineString","coordinates":[[-0.298903,51.3846365],[-0.2991043,51.3858047],[-0.2988507,51.3861195],[-0.2988383,51.3861349],[-0.2988305,51.3861452]]}},
{"type":"Feature","properties":{"id":36898,"nach":0.0},"geometry":{"type":"LineString","coordinates":[[-0.3007179,51.3863785],[-0.3006795,51.3862772],[-0.3005878,51.3860006],[-0.3004329,51.3854369],[-0.3003652,51.3851373],[-0.3003216,51.3848987],[-0.300286,51.3845405],[-0.3002746,51.3841877],[-0.3002297,51.3841563],[-0.3001647,51.3841522],[-0.2989469,51.3846209],[-0.298903,51.3846365]]}},
{"type":"Feature","properties":{"id":24059,"nach":0.61543265569510164},"geometry":{"type":"LineString","coordinates":[[-0.2918996,51.3869111],[-0.2931119,51.3866281]]}},
{"type":"Feature","properties":{"id":32266,"nach":0.64208497965181843},"geometry":{"type":"LineString","coordinates":[[-0.2921048,51.3870977],[-0.2919652,51.3869706],[-0.2918996,51.3869111]]}},
{"type":"Feature","properties":{"id":4630,"nach":0.43720459112033849},"geometry":{"type":"LineString","coordinates":[[-0.2921194,51.3883925],[-0.2932526,51.3882171],[-0.2935714,51.388870600000011]]}},
{"type":"Feature","properties":{"id":4632,"nach":0.59697088004097298},"geometry":{"type":"LineString","coordinates":[[-0.2944825,51.3887108],[-0.2935714,51.388870600000011]]}},
{"type":"Feature","properties":{"id":34723,"nach":0.45698132915037654},"geometry":{"type":"LineString","coordinates":[[-0.3074698,51.3908646],[-0.305433,51.3897859]]}},
{"type":"Feature","properties":{"id":34727,"nach":0.51209547042469106},"geometry":{"type":"LineString","coordinates":[[-0.304436,51.3907278],[-0.3045568,51.3906505],[-0.3046373,51.3906194],[-0.3047244,51.3906002],[-0.3049846,51.3905508],[-0.3050852,51.3905454],[-0.3051858,51.3905709],[-0.3054862,51.3906596],[-0.3057624,51.3907684],[-0.3061259,51.3909174],[-0.3065094,51.391073],[-0.3067334,51.3911442],[-0.3068212,51.3911387],[-0.3070002,51.39107],[-0.3074698,51.3908646]]}},
{"type":"Feature","properties":{"id":7790,"nach":0.58013783190899915},"geometry":{"type":"LineString","coordinates":[[-0.3055467,51.3907381],[-0.3051617,51.390605],[-0.3050575,51.3905846],[-0.3049583,51.3905878],[-0.3048349,51.3906073],[-0.3047253,51.3906365],[-0.3045876,51.39068910000001],[-0.3044891,51.3907655]]}},
{"type":"Feature","properties":{"id":7793,"nach":0.51046340379768196},"geometry":{"type":"LineString","coordinates":[[-0.3053114,51.3909772],[-0.3055467,51.3907381]]}},
{"type":"Feature","properties":{"id":7785,"nach":0.65144927139965292},"geometry":{"type":"LineString","coordinates":[[-0.3044891,51.3907655],[-0.3043797,51.3908355]]}},
{"type":"Feature","properties":{"id":1514,"nach":0.66661381038549972},"geometry":{"type":"LineString","coordinates":[[-0.3039328,51.3907374],[-0.304083,51.3907628],[-0.3042911,51.3908362],[-0.3043797,51.3908355]]}},
{"type":"Feature","properties":{"id":27532,"nach":0.51613938933331927},"geometry":{"type":"LineString","coordinates":[[-0.3043126,51.3911836],[-0.304414,51.391057],[-0.3043734,51.3909938],[-0.3043531,51.390943100000015],[-0.3043797,51.3908355]]}},
{"type":"Feature","properties":{"id":34726,"nach":0.56347602802438301},"geometry":{"type":"LineString","coordinates":[[-0.304436,51.3907278],[-0.3044891,51.3907655]]}},
{"type":"Feature","properties":{"id":7799,"nach":0.61901909732718874},"geometry":{"type":"LineString","coordinates":[[-0.304947,51.3909472],[-0.3045577,51.39079370000001],[-0.3044891,51.3907655]]}},
{"type":"Feature","properties":{"id":7749,"nach":0.73329295292765995},"geometry":{"type":"LineString","coordinates":[[-0.303376,51.3914643],[-0.3039373,51.3908201],[-0.3039328,51.3907374]]}},
{"type":"Feature","properties":{"id":1527,"nach":0.72227484970680667},"geometry":{"type":"LineString","coordinates":[[-0.3037573,51.3906299],[-0.3038966,51.3907018],[-0.3039328,51.3907374]]}},
{"type":"Feature","properties":{"id":34343,"nach":0.7060708487377535},"geometry":{"type":"LineString","coordinates":[[-0.3033504,51.3914549],[-0.303376,51.3914643]]}},
{"type":"Feature","properties":{"id":28098,"nach":0.76176970579528436},"geometry":{"type":"LineString","coordinates":[[-0.3031917,51.3917219],[-0.3032891,51.3915821],[-0.303376,51.3914643]]}},
{"type":"Feature","properties":{"id":34717,"nach":0.64563963696223337},"geometry":{"type":"LineString","coordinates":[[-0.3038554,51.3905295],[-0.3037573,51.3906299]]}},
{"type":"Feature","properties":{"id":18239,"nach":0.69043199811348999},"geometry":{"type":"LineString","coordinates":[[-0.3033985,51.3903865],[-0.3035823,51.3905286],[-0.3037573,51.3906299]]}},
{"type":"Feature","properties":{"id":8022,"nach":0.66548583949484397},"geometry":{"type":"LineString","coordinates":[[-0.3030127,51.3921156],[-0.3030137,51.3920214]]}},
{"type":"Feature","properties":{"id":28020,"nach":0.76286824529162967},"geometry":{"type":"LineString","coordinates":[[-0.303036,51.3919767],[-0.3030137,51.3920214]]}},
{"type":"Feature","properties":{"id":38429,"nach":0.74303346874599585},"geometry":{"type":"LineString","coordinates":[[-0.3032536,51.3921993],[-0.3030137,51.3920214]]}},
{"type":"Feature","properties":{"id":8021,"nach":0.66564830587707957},"geometry":{"type":"LineString","coordinates":[[-0.3030127,51.3921156],[-0.3030228,51.3922097]]}},
{"type":"Feature","properties":{"id":8023,"nach":0.53009311533041414},"geometry":{"type":"LineString","coordinates":[[-0.3030127,51.3921156],[-0.3031143,51.3921516],[-0.3031924,51.3922259]]}},
{"type":"Feature","properties":{"id":28097,"nach":0.76192332326007395},"geometry":{"type":"LineString","coordinates":[[-0.3031917,51.3917219],[-0.3031327,51.3917085],[-0.303085,51.3917041],[-0.3030427,51.3917194],[-0.3029403,51.39184430000001],[-0.3029216,51.391938],[-0.303036,51.3919767]]}},
{"type":"Feature","properties":{"id":38430,"nach":0.65319495624119972},"geometry":{"type":"LineString","coordinates":[[-0.3032536,51.3921993],[-0.3033342,51.3921676],[-0.3035032,51.3921013],[-0.3037008,51.3920238]]}},
{"type":"Feature","properties":{"id":38431,"nach":0.75274908184476697},"geometry":{"type":"LineString","coordinates":[[-0.3032536,51.3921993],[-0.3033059,51.3922485],[-0.3034382,51.392374]]}},
{"type":"Feature","properties":{"id":38432,"nach":0.586192001233801},"geometry":{"type":"LineString","coordinates":[[-0.3031924,51.3922259],[-0.3032536,51.3921993]]}},
{"type":"Feature","properties":{"id":1522,"nach":0.73657291740138564},"geometry":{"type":"LineString","coordinates":[[-0.3006041,51.39213130000001],[-0.3011023,51.3922297]]}},
{"type":"Feature","properties":{"id":35615,"nach":0.73183883393356919},"geometry":{"type":"LineString","coordinates":[[-0.3012301,51.392257400000013],[-0.3011023,51.3922297]]}},
{"type":"Feature","properties":{"id":7638,"nach":0.59383626456558514},"geometry":{"type":"LineString","coordinates":[[-0.3005009,51.3926066],[-0.3005906,51.3926143],[-0.3007749,51.3926456],[-0.3009236,51.3926838],[-0.300979,51.3926695],[-0.3010062,51.3926472],[-0.3011023,51.3922297]]}},
{"type":"Feature","properties":{"id":18240,"nach":0.65640311486785452},"geometry":{"type":"LineString","coordinates":[[-0.3007331,51.3917454],[-0.3006041,51.39213130000001]]}},
{"type":"Feature","properties":{"id":35694,"nach":0.74295709175972713},"geometry":{"type":"LineString","coordinates":[[-0.2988974,51.3920175],[-0.299061,51.3920069],[-0.2993299,51.39201820000001],[-0.2996012,51.3920385],[-0.2998015,51.3920564],[-0.3000374,51.3920746],[-0.3003274,51.3921088],[-0.3006041,51.39213130000001]]}},
{"type":"Feature","properties":{"id":35616,"nach":0.73034050329370559},"geometry":{"type":"LineString","coordinates":[[-0.3012301,51.392257400000013],[-0.3013705,51.3922878],[-0.3016749,51.3923483],[-0.3016945,51.3923522]]}},
{"type":"Feature","properties":{"id":37448,"nach":0.0},"geometry":{"type":"LineString","coordinates":[[-0.3018106,51.3923768],[-0.3022402,51.3919466],[-0.3022723,51.3918884],[-0.3022875,51.3918303],[-0.3022875,51.3917723],[-0.3022605,51.3917312],[-0.3021945,51.3916932],[-0.3020575,51.3916552],[-0.3019257,51.3916436],[-0.3018124,51.3916541],[-0.3017295,51.391676300000015],[-0.3016433,51.3917143],[-0.3015481,51.3917726],[-0.301501,51.3919889],[-0.3014792,51.3920248],[-0.3014381,51.39207110000001],[-0.3014163,51.3920967],[-0.3013613,51.3921201],[-0.3013194,51.392155599999988],[-0.3012301,51.392257400000013]]}},
{"type":"Feature","properties":{"id":7639,"nach":0.51263460783099812},"geometry":{"type":"LineString","coordinates":[[-0.3001429,51.3925496],[-0.3005009,51.3926066]]}},
{"type":"Feature","properties":{"id":7640,"nach":0.51545574032742081},"geometry":{"type":"LineString","coordinates":[[-0.3004686,51.3926845],[-0.3005009,51.3926066]]}},
{"type":"Feature","properties":{"id":25014,"nach":0.6365111262449723},"geometry":{"type":"LineString","coordinates":[[-0.3002975,51.3912539],[-0.3007018,51.3912924],[-0.3008467,51.3913694],[-0.3008157,51.39149840000001],[-0.3007331,51.3917454]]}},
{"type":"Feature","properties":{"id":18245,"nach":0.60054332439653635},"geometry":{"type":"LineString","coordinates":[[-0.3008422,51.3917577],[-0.3007992,51.391751],[-0.3007331,51.3917454]]}},
{"type":"Feature","properties":{"id":35696,"nach":0.52617711782851651},"geometry":{"type":"LineString","coordinates":[[-0.2994719,51.392322],[-0.2991111,51.3922907],[-0.2990658,51.3922822],[-0.298952,51.3922474],[-0.2989336,51.39223710000001],[-0.2989217,51.3922182],[-0.2989134,51.3921849],[-0.2989088,51.3921322],[-0.2988974,51.3920175]]}},
{"type":"Feature","properties":{"id":34716,"nach":0.65224195529560225},"geometry":{"type":"LineString","coordinates":[[-0.3038554,51.3905295],[-0.3050408,51.3891381]]}},
{"type":"Feature","properties":{"id":34720,"nach":0.65655986182873272},"geometry":{"type":"LineString","coordinates":[[-0.3038165,51.3905148],[-0.3038554,51.3905295]]}},
{"type":"Feature","properties":{"id":34728,"nach":0.58432124338386437},"geometry":{"type":"LineString","coordinates":[[-0.304436,51.3907278],[-0.3043811,51.3907776],[-0.3043275,51.390783499999984],[-0.3039211,51.390637],[-0.3038929,51.3906094],[-0.3038862,51.3905784],[-0.3039131,51.3905466],[-0.3038554,51.3905295]]}},
{"type":"Feature","properties":{"id":18238,"nach":0.69424510532085326},"geometry":{"type":"LineString","coordinates":[[-0.3033985,51.3903865],[-0.3030362,51.3901105],[-0.3028499,51.3899752]]}},
{"type":"Feature","properties":{"id":34346,"nach":0.53371422298821947},"geometry":{"type":"LineString","coordinates":[[-0.303361,51.3904104],[-0.3033985,51.3903865]]}},
{"type":"Feature","properties":{"id":41704,"nach":0.61843522315293709},"geometry":{"type":"LineString","coordinates":[[-0.3034549,51.3903561],[-0.3033985,51.3903865]]}},
{"type":"Feature","properties":{"id":33140,"nach":0.65287458189173675},"geometry":{"type":"LineString","coordinates":[[-0.3016104,51.389515200000012],[-0.3017135,51.3895381]]}},
{"type":"Feature","properties":{"id":34334,"nach":0.59715585462680321},"geometry":{"type":"LineString","coordinates":[[-0.3017425,51.3894476],[-0.3017135,51.3895381]]}},
{"type":"Feature","properties":{"id":33164,"nach":0.68197938178861006},"geometry":{"type":"LineString","coordinates":[[-0.3016913,51.3896043],[-0.3017135,51.3895381]]}},
{"type":"Feature","properties":{"id":33143,"nach":0.6534931384909366},"geometry":{"type":"LineString","coordinates":[[-0.3016104,51.389515200000012],[-0.3011683,51.3894172],[-0.3009274,51.3893019]]}},
{"type":"Feature","properties":{"id":33141,"nach":0.56731775435448084},"geometry":{"type":"LineString","coordinates":[[-0.3016104,51.389515200000012],[-0.3016047,51.38955880000001]]}},
{"type":"Feature","properties":{"id":33144,"nach":0.55888700364280119},"geometry":{"type":"LineString","coordinates":[[-0.3016158,51.3894726],[-0.3016104,51.389515200000012]]}},
{"type":"Feature","properties":{"id":34336,"nach":0.60003946753152604},"geometry":{"type":"LineString","coordinates":[[-0.3017425,51.3894476],[-0.3018564,51.3890919],[-0.3018273,51.3890408]]}},
{"type":"Feature","properties":{"id":34337,"nach":0.64900529285678932},"geometry":{"type":"LineString","coordinates":[[-0.3017425,51.3894476],[-0.3017753,51.3894526],[-0.3017512,51.38953990000001],[-0.3021081,51.389607]]}},
{"type":"Feature","properties":{"id":34335,"nach":0.64449589262998508},"geometry":{"type":"LineString","coordinates":[[-0.3017425,51.3894476],[-0.3016955,51.3894409]]}},
{"type":"Feature","properties":{"id":33165,"nach":0.65136225031823869},"geometry":{"type":"LineString","coordinates":[[-0.3016913,51.3896043],[-0.301448,51.3903306]]}},
{"type":"Feature","properties":{"id":33163,"nach":0.681775943374613},"geometry":{"type":"LineString","coordinates":[[-0.3016913,51.3896043],[-0.302083,51.3896566]]}},
{"type":"Feature","properties":{"id":1531,"nach":0.59164420076626867},"geometry":{"type":"LineString","coordinates":[[-0.2989523,51.3953132],[-0.2989174,51.395245]]}},
{"type":"Feature","properties":{"id":1532,"nach":0.64219165222280217},"geometry":{"type":"LineString","coordinates":[[-0.2989523,51.3953132],[-0.2986773,51.3953737],[-0.2986316,51.3953821]]}},
{"type":"Feature","properties":{"id":40944,"nach":0.64365312861472557},"geometry":{"type":"LineString","coordinates":[[-0.299078,51.3952841],[-0.2989523,51.3953132]]}},
{"type":"Feature","properties":{"id":40946,"nach":0.5817285936089408},"geometry":{"type":"LineString","coordinates":[[-0.2989798,51.3953602],[-0.2989523,51.3953132]]}},
{"type":"Feature","properties":{"id":34515,"nach":0.65763852291547853},"geometry":{"type":"LineString","coordinates":[[-0.2988157,51.3952718],[-0.2989174,51.395245]]}},
{"type":"Feature","properties":{"id":34530,"nach":0.5936842942718199},"geometry":{"type":"LineString","coordinates":[[-0.2989174,51.395245],[-0.2988563,51.3950803]]}},
{"type":"Feature","properties":{"id":34531,"nach":0.65567880796991029},"geometry":{"type":"LineString","coordinates":[[-0.2989174,51.395245],[-0.2990451,51.3952163]]}},
{"type":"Feature","properties":{"id":34500,"nach":0.66826782734139145},"geometry":{"type":"LineString","coordinates":[[-0.2986316,51.3953821],[-0.2985598,51.3953938],[-0.2984636,51.395373899999989]]}},
{"type":"Feature","properties":{"id":34517,"nach":0.46359513382893175},"geometry":{"type":"LineString","coordinates":[[-0.2988157,51.3952718],[-0.2988335,51.3952965],[-0.2988394,51.3953053],[-0.298621,51.3953619],[-0.2986236,51.395368499999989],[-0.2986316,51.3953821]]}},
{"type":"Feature","properties":{"id":34506,"nach":0.58698754551170729},"geometry":{"type":"LineString","coordinates":[[-0.2989129,51.3953782],[-0.2988864,51.3953734],[-0.2988498,51.3953749],[-0.2986494,51.395413499999989],[-0.2986412,51.395401699999987],[-0.2986316,51.3953821]]}},
{"type":"Feature","properties":{"id":19138,"nach":0.71229858251780287},"geometry":{"type":"LineString","coordinates":[[-0.296732,51.3926494],[-0.2969412,51.3931825]]}},
{"type":"Feature","properties":{"id":1555,"nach":0.70754968037860266},"geometry":{"type":"LineString","coordinates":[[-0.2967251,51.3931657],[-0.2969412,51.3931825]]}},
{"type":"Feature","properties":{"id":6848,"nach":0.75429030648709772},"geometry":{"type":"LineString","coordinates":[[-0.2971731,51.3932192],[-0.2970169,51.393188399999985],[-0.2969412,51.3931825]]}},
{"type":"Feature","properties":{"id":19137,"nach":0.71398934681439108},"geometry":{"type":"LineString","coordinates":[[-0.296732,51.3926494],[-0.2966934,51.3925579]]}},
{"type":"Feature","properties":{"id":19142,"nach":0.51703554793010198},"geometry":{"type":"LineString","coordinates":[[-0.2972001,51.3926815],[-0.296732,51.3926494]]}},
{"type":"Feature","properties":{"id":7407,"nach":0.70240161171616688},"geometry":{"type":"LineString","coordinates":[[-0.2965316,51.393159499999989],[-0.2967251,51.3931657]]}},
{"type":"Feature","properties":{"id":1560,"nach":0.50520922799729973},"geometry":{"type":"LineString","coordinates":[[-0.2965292,51.394243],[-0.2965049,51.3940065],[-0.2965305,51.3937927],[-0.2967251,51.3931657]]}},
{"type":"Feature","properties":{"id":6847,"nach":0.61965917910979507},"geometry":{"type":"LineString","coordinates":[[-0.2971731,51.3932192],[-0.2971927,51.3934707],[-0.2971274,51.3935],[-0.297146,51.3938328],[-0.2970839,51.3939255],[-0.2970867,51.3940636]]}},
{"type":"Feature","properties":{"id":19027,"nach":0.75542037305018417},"geometry":{"type":"LineString","coordinates":[[-0.2979075,51.3932791],[-0.2975888,51.3932831],[-0.2974461,51.3932717],[-0.2971731,51.3932192]]}},
{"type":"Feature","properties":{"id":7406,"nach":0.72833347738373344},"geometry":{"type":"LineString","coordinates":[[-0.2965316,51.393159499999989],[-0.2961957,51.39315]]}},
{"type":"Feature","properties":{"id":7411,"nach":0.64637048006169473},"geometry":{"type":"LineString","coordinates":[[-0.2966934,51.3925579],[-0.2963319,51.3926231],[-0.2965316,51.393159499999989]]}},
{"type":"Feature","properties":{"id":12695,"nach":0.71757787256486394},"geometry":{"type":"LineString","coordinates":[[-0.295576,51.3931387],[-0.2961957,51.39315]]}},
{"type":"Feature","properties":{"id":7403,"nach":0.62573322864890102},"geometry":{"type":"LineString","coordinates":[[-0.2962703,51.393675],[-0.2961912,51.39352980000001],[-0.2961633,51.3933334],[-0.2961957,51.39315]]}},
{"type":"Feature","properties":{"id":12697,"nach":0.50789321732458326},"geometry":{"type":"LineString","coordinates":[[-0.2960481,51.3935476],[-0.2958019,51.393560399999984],[-0.2956786,51.3933303],[-0.2956454,51.3933173],[-0.295596,51.3932149],[-0.2956063,51.3931952],[-0.295576,51.3931387]]}},
{"type":"Feature","properties":{"id":12791,"nach":0.5881562991789997},"geometry":{"type":"LineString","coordinates":[[-0.2963134,51.3936734],[-0.2962703,51.393675]]}},
{"type":"Feature","properties":{"id":12692,"nach":0.50779562781823173},"geometry":{"type":"LineString","coordinates":[[-0.2959478,51.39375159999998],[-0.2961397,51.39374440000001],[-0.2961368,51.39369],[-0.2961745,51.3936811],[-0.2962703,51.393675]]}},
{"type":"Feature","properties":{"id":14707,"nach":0.5408795655668811},"geometry":{"type":"LineString","coordinates":[[-0.2985812,51.37933420000001],[-0.2988804,51.3785786]]}},
{"type":"Feature","properties":{"id":42375,"nach":0.60876164464434357},"geometry":{"type":"LineString","coordinates":[[-0.301767,51.3800981],[-0.3018749,51.379844]]}},
{"type":"Feature","properties":{"id":42377,"nach":0.62587540863322122},"geometry":{"type":"LineString","coordinates":[[-0.301894,51.379797600000011],[-0.3018749,51.379844]]}},
{"type":"Feature","properties":{"id":14715,"nach":0.5621825160708912},"geometry":{"type":"LineString","coordinates":[[-0.3003111,51.3796035],[-0.3008481,51.3796861],[-0.30157,51.3797971],[-0.3018749,51.379844]]}},
{"type":"Feature","properties":{"id":42374,"nach":0.60334162546829673},"geometry":{"type":"LineString","coordinates":[[-0.301767,51.3800981],[-0.3017486,51.3801416]]}},
{"type":"Feature","properties":{"id":42376,"nach":0.43769809879502797},"geometry":{"type":"LineString","coordinates":[[-0.301767,51.3800981],[-0.3022775,51.3801777],[-0.3023812,51.3801355],[-0.3025517,51.3801606]]}},
{"type":"Feature","properties":{"id":42378,"nach":0.62615718665716413},"geometry":{"type":"LineString","coordinates":[[-0.301894,51.379797600000011],[-0.3019542,51.3796513]]}},
{"type":"Feature","properties":{"id":42380,"nach":0.43884650200078595},"geometry":{"type":"LineString","coordinates":[[-0.3025024,51.379956899999989],[-0.3023882,51.3799388],[-0.3023501,51.3798544],[-0.3021422,51.3798218],[-0.302071,51.3798311],[-0.301894,51.379797600000011]]}},
{"type":"Feature","properties":{"id":14714,"nach":0.55558378393872443},"geometry":{"type":"LineString","coordinates":[[-0.3003111,51.3796035],[-0.3000199,51.3795577],[-0.2993296,51.379449],[-0.2990558,51.379405900000016]]}},
{"type":"Feature","properties":{"id":16320,"nach":0.40495811280240368},"geometry":{"type":"LineString","coordinates":[[-0.2994785,51.3816776],[-0.2995963,51.381384100000012],[-0.2999004,51.3806266],[-0.3002249,51.3798181],[-0.3003111,51.3796035]]}},
{"type":"Feature","properties":{"id":45024,"nach":0.47221511092334545},"geometry":{"type":"LineString","coordinates":[[-0.3055281,51.380983],[-0.3045699,51.3813636],[-0.3038272,51.3816586]]}},
{"type":"Feature","properties":{"id":10555,"nach":0.34636276275383965},"geometry":{"type":"LineString","coordinates":[[-0.3036863,51.3799722],[-0.3030873,51.3802022],[-0.3030382,51.380250100000012],[-0.3030421,51.3803211],[-0.3030606,51.3803667],[-0.3031279,51.380421499999983],[-0.3034424,51.3807232],[-0.3034577,51.3807859],[-0.3034095,51.3808397],[-0.3031086,51.3809589],[-0.3038272,51.3816586]]}},
{"type":"Feature","properties":{"id":3931,"nach":0.49525281168544594},"geometry":{"type":"LineString","coordinates":[[-0.3008689,51.382772099999983],[-0.30096,51.3827391],[-0.3013305,51.3826119],[-0.3016621,51.382479],[-0.3026014,51.3821125],[-0.3034569,51.3817957],[-0.3038272,51.3816586]]}},
{"type":"Feature","properties":{"id":29512,"nach":0.69405019576961291},"geometry":{"type":"LineString","coordinates":[[-0.3016412,51.394345400000013],[-0.3017636,51.394291500000016]]}},
{"type":"Feature","properties":{"id":29511,"nach":0.66318208972438619},"geometry":{"type":"LineString","coordinates":[[-0.3016412,51.394345400000013],[-0.3013331,51.3944803]]}},
{"type":"Feature","properties":{"id":34980,"nach":0.6225177414804387},"geometry":{"type":"LineString","coordinates":[[-0.3015989,51.3943061],[-0.3016412,51.394345400000013]]}},
{"type":"Feature","properties":{"id":26587,"nach":0.6666547044836495},"geometry":{"type":"LineString","coordinates":[[-0.3018308,51.3943516],[-0.3013967,51.3945424]]}},
{"type":"Feature","properties":{"id":29167,"nach":0.6973893101196007},"geometry":{"type":"LineString","coordinates":[[-0.3000879,51.3950135],[-0.3001473,51.39499210000001],[-0.3002926,51.3949367]]}},
{"type":"Feature","properties":{"id":26576,"nach":0.66825507491240821},"geometry":{"type":"LineString","coordinates":[[-0.3008928,51.3946744],[-0.3005951,51.3948071],[-0.3002926,51.3949367]]}},
{"type":"Feature","properties":{"id":26568,"nach":0.60663775404498144},"geometry":{"type":"LineString","coordinates":[[-0.3004107,51.3949736],[-0.3002926,51.3949367]]}},
{"type":"Feature","properties":{"id":29168,"nach":0.66811297629702526},"geometry":{"type":"LineString","coordinates":[[-0.3000879,51.3950135],[-0.2999105,51.3950652],[-0.2997859,51.3950989]]}},
{"type":"Feature","properties":{"id":29170,"nach":0.57083677139294509},"geometry":{"type":"LineString","coordinates":[[-0.3000879,51.3950135],[-0.3001297,51.3950532],[-0.3001399,51.3950638]]}},
{"type":"Feature","properties":{"id":29169,"nach":0.63011705680449259},"geometry":{"type":"LineString","coordinates":[[-0.3000879,51.3950135],[-0.300067,51.3949877],[-0.3000539,51.3949741]]}},
{"type":"Feature","properties":{"id":26575,"nach":0.17202368894736272},"geometry":{"type":"LineString","coordinates":[[-0.3008928,51.3946744],[-0.3009635,51.3947363]]}},
{"type":"Feature","properties":{"id":26578,"nach":0.66431457833645546},"geometry":{"type":"LineString","coordinates":[[-0.3013331,51.3944803],[-0.3008928,51.3946744]]}},
{"type":"Feature","properties":{"id":19100,"nach":0.73115330877843443},"geometry":{"type":"LineString","coordinates":[[-0.2997035,51.3951195],[-0.2997859,51.3950989]]}},
{"type":"Feature","properties":{"id":23065,"nach":0.6904135168884955},"geometry":{"type":"LineString","coordinates":[[-0.2998382,51.3951766],[-0.299826,51.395158],[-0.2997859,51.3950989]]}},
{"type":"Feature","properties":{"id":23100,"nach":0.69404481605640556},"geometry":{"type":"LineString","coordinates":[[-0.2996796,51.395073100000012],[-0.2997035,51.3951195]]}},
{"type":"Feature","properties":{"id":39792,"nach":0.68042526575453188},"geometry":{"type":"LineString","coordinates":[[-0.2993752,51.3951771],[-0.2994981,51.3951579],[-0.2997035,51.3951195]]}},
{"type":"Feature","properties":{"id":23066,"nach":0.72434210066912008},"geometry":{"type":"LineString","coordinates":[[-0.2998382,51.3951766],[-0.2998505,51.395193100000022],[-0.2998682,51.3952176],[-0.2998942,51.3952396],[-0.29992,51.3952574],[-0.29996,51.3952771],[-0.299994,51.3952999],[-0.3000278,51.3953401]]}},
{"type":"Feature","properties":{"id":30022,"nach":0.64212380762413246},"geometry":{"type":"LineString","coordinates":[[-0.2999415,51.3951586],[-0.2999101,51.3951645],[-0.2998382,51.3951766]]}},
{"type":"Feature","properties":{"id":34496,"nach":0.63283135817589631},"geometry":{"type":"LineString","coordinates":[[-0.2997577,51.3951916],[-0.2997964,51.3951836],[-0.2998382,51.3951766]]}},
{"type":"Feature","properties":{"id":3334,"nach":0.4695754831709566},"geometry":{"type":"LineString","coordinates":[[-0.2959284,51.3947187],[-0.2958703,51.3946808],[-0.2958533,51.39464670000001]]}},
{"type":"Feature","properties":{"id":40512,"nach":0.65480236404085113},"geometry":{"type":"LineString","coordinates":[[-0.2958615,51.3946152],[-0.2958966,51.3946388],[-0.2959322,51.3946898],[-0.2959284,51.3947187]]}},
{"type":"Feature","properties":{"id":40513,"nach":0.55912262692663139},"geometry":{"type":"LineString","coordinates":[[-0.2958533,51.39464670000001],[-0.2958615,51.3946152]]}},
{"type":"Feature","properties":{"id":37560,"nach":0.68002933628712814},"geometry":{"type":"LineString","coordinates":[[-0.3001704,51.3953301],[-0.3002028,51.3953334],[-0.3018487,51.3956893]]}},
{"type":"Feature","properties":{"id":23062,"nach":0.68896973800900296},"geometry":{"type":"LineString","coordinates":[[-0.3000403,51.3953674],[-0.3000278,51.3953401]]}},
{"type":"Feature","properties":{"id":37561,"nach":0.66348641781993722},"geometry":{"type":"LineString","coordinates":[[-0.3001704,51.3953301],[-0.3001453,51.3953275],[-0.3000727,51.3953349],[-0.3000278,51.3953401]]}},
{"type":"Feature","properties":{"id":37580,"nach":0.58205236929477111},"geometry":{"type":"LineString","coordinates":[[-0.2999716,51.395381499999985],[-0.3000403,51.3953674]]}},
{"type":"Feature","properties":{"id":32458,"nach":0.66388671011427747},"geometry":{"type":"LineString","coordinates":[[-0.3001557,51.3956274],[-0.3000403,51.3953674]]}},
{"type":"Feature","properties":{"id":37562,"nach":0.59644161723557576},"geometry":{"type":"LineString","coordinates":[[-0.3001704,51.3953301],[-0.3001811,51.39529490000001],[-0.3000563,51.3952649],[-0.2999951,51.395242200000013],[-0.2999574,51.395201],[-0.2999415,51.3951586]]}},
{"type":"Feature","properties":{"id":37566,"nach":0.5958124577994578},"geometry":{"type":"LineString","coordinates":[[-0.300364,51.3958526],[-0.3003345,51.395798],[-0.3001514,51.3953928],[-0.3001583,51.3953701],[-0.3001704,51.3953301]]}},
{"type":"Feature","properties":{"id":21231,"nach":0.73131326794310703},"geometry":{"type":"LineString","coordinates":[[-0.2975571,51.3954913],[-0.2978344,51.3954555],[-0.2983408,51.395393],[-0.2984636,51.395373899999989]]}},
{"type":"Feature","properties":{"id":34044,"nach":0.52398162940644288},"geometry":{"type":"LineString","coordinates":[[-0.29796,51.3959206],[-0.2977924,51.3957551],[-0.297617,51.395555],[-0.2975571,51.3954913]]}},
{"type":"Feature","properties":{"id":7623,"nach":0.71174336215408707},"geometry":{"type":"LineString","coordinates":[[-0.3036929,51.3923145],[-0.3039697,51.3925722],[-0.3040667,51.3926623],[-0.3041523,51.3927401],[-0.3041895,51.3927757],[-0.3043697,51.3928198]]}},
{"type":"Feature","properties":{"id":44921,"nach":0.74670557271526161},"geometry":{"type":"LineString","coordinates":[[-0.3035757,51.39236480000001],[-0.3036929,51.3923145]]}},
{"type":"Feature","properties":{"id":38537,"nach":0.68098167693178013},"geometry":{"type":"LineString","coordinates":[[-0.3037492,51.3922891],[-0.3037149,51.39230460000001],[-0.3036929,51.3923145]]}},
{"type":"Feature","properties":{"id":4044,"nach":0.56791127567090671},"geometry":{"type":"LineString","coordinates":[[-0.2973466,51.3789758],[-0.2975822,51.37907]]}},
{"type":"Feature","properties":{"id":3984,"nach":0.51435647883331903},"geometry":{"type":"LineString","coordinates":[[-0.2971785,51.38044450000001],[-0.2972853,51.3799723],[-0.2973514,51.3796803],[-0.2974595,51.3793789],[-0.2975163,51.379235799999989],[-0.2975822,51.37907]]}},
{"type":"Feature","properties":{"id":14709,"nach":0.58080603978800527},"geometry":{"type":"LineString","coordinates":[[-0.2985812,51.37933420000001],[-0.29806,51.3792504],[-0.2975822,51.37907]]}},
{"type":"Feature","properties":{"id":4046,"nach":0.54003227197253911},"geometry":{"type":"LineString","coordinates":[[-0.2973466,51.3789758],[-0.2967473,51.3787426],[-0.2964585,51.378630200000011]]}},
{"type":"Feature","properties":{"id":4045,"nach":0.4739410931766711},"geometry":{"type":"LineString","coordinates":[[-0.2973466,51.3789758],[-0.2976747,51.3786414],[-0.2977409,51.378501],[-0.2977549,51.3783682],[-0.2976695,51.3781716],[-0.2975236,51.3780108],[-0.2973183,51.3779079],[-0.2957291,51.3772694]]}},
{"type":"Feature","properties":{"id":3982,"nach":0.51065737014369417},"geometry":{"type":"LineString","coordinates":[[-0.2971785,51.38044450000001],[-0.2959238,51.380160600000018]]}},
{"type":"Feature","properties":{"id":14710,"nach":0.57673159954925401},"geometry":{"type":"LineString","coordinates":[[-0.2990558,51.379405900000016],[-0.2985812,51.37933420000001]]}},
{"type":"Feature","properties":{"id":5646,"nach":0.55091332553309968},"geometry":{"type":"LineString","coordinates":[[-0.2963183,51.3785781],[-0.2964585,51.378630200000011]]}},
{"type":"Feature","properties":{"id":32635,"nach":0.47389083305247293},"geometry":{"type":"LineString","coordinates":[[-0.2960264,51.3798623],[-0.2962513,51.3792451],[-0.2963597,51.3789234],[-0.2964585,51.378630200000011]]}},
{"type":"Feature","properties":{"id":5647,"nach":0.52199203898486157},"geometry":{"type":"LineString","coordinates":[[-0.2965102,51.3782859],[-0.2963183,51.3785781]]}},
{"type":"Feature","properties":{"id":32633,"nach":0.48624860051690466},"geometry":{"type":"LineString","coordinates":[[-0.2960264,51.3798623],[-0.2959238,51.380160600000018]]}},
{"type":"Feature","properties":{"id":32634,"nach":0.43973995711183184},"geometry":{"type":"LineString","coordinates":[[-0.2960264,51.3798623],[-0.2964489,51.3799204]]}},
{"type":"Feature","properties":{"id":5951,"nach":0.50430554006836537},"geometry":{"type":"LineString","coordinates":[[-0.2954742,51.37785920000001],[-0.2958228,51.3779319],[-0.2959204,51.3779816],[-0.2959495,51.378045],[-0.2959591,51.3781363],[-0.2959755,51.3781888],[-0.2960649,51.378227599999988],[-0.2965102,51.3782859]]}},
{"type":"Feature","properties":{"id":10601,"nach":0.52408300825525522},"geometry":{"type":"LineString","coordinates":[[-0.3022754,51.383398],[-0.3045089,51.3840802]]}},
{"type":"Feature","properties":{"id":32793,"nach":0.56303205985670923},"geometry":{"type":"LineString","coordinates":[[-0.3044466,51.3841303],[-0.3045089,51.3840802]]}},
{"type":"Feature","properties":{"id":14686,"nach":0.54091602031324215},"geometry":{"type":"LineString","coordinates":[[-0.304772,51.383901],[-0.3045089,51.3840802]]}},
{"type":"Feature","properties":{"id":10603,"nach":0.48864095883928332},"geometry":{"type":"LineString","coordinates":[[-0.3022754,51.383398],[-0.30236050000001,51.3833603],[-0.3025201,51.3832988],[-0.3032618,51.3830109],[-0.3041268,51.3826799]]}},
{"type":"Feature","properties":{"id":32792,"nach":0.5707808303399744},"geometry":{"type":"LineString","coordinates":[[-0.3044466,51.3841303],[-0.3036382,51.384741700000014]]}},
{"type":"Feature","properties":{"id":32797,"nach":0.47945808767136716},"geometry":{"type":"LineString","coordinates":[[-0.3048153,51.384241],[-0.3047298,51.384199],[-0.3046373,51.3841626],[-0.3045467,51.3841446],[-0.3044466,51.3841303]]}},
{"type":"Feature","properties":{"id":32795,"nach":0.3621010230132044},"geometry":{"type":"LineString","coordinates":[[-0.3048153,51.384241],[-0.304772,51.383901]]}},
{"type":"Feature","properties":{"id":28303,"nach":0.53152319177260343},"geometry":{"type":"LineString","coordinates":[[-0.3051709,51.3836686],[-0.3049605,51.3837877],[-0.304772,51.383901]]}},
{"type":"Feature","properties":{"id":3947,"nach":0.6030256692006859},"geometry":{"type":"LineString","coordinates":[[-0.291186,51.3834437],[-0.2912354,51.3833604]]}},
{"type":"Feature","properties":{"id":3946,"nach":0.47526249415966498},"geometry":{"type":"LineString","coordinates":[[-0.2921018,51.3836101],[-0.2917944,51.3835559],[-0.2915369,51.3834314],[-0.2912354,51.3833604]]}},
{"type":"Feature","properties":{"id":3950,"nach":0.48070589759993815},"geometry":{"type":"LineString","coordinates":[[-0.2906271,51.3832923],[-0.291186,51.3834437]]}},
{"type":"Feature","properties":{"id":24595,"nach":0.60584096767610329},"geometry":{"type":"LineString","coordinates":[[-0.295298,51.3848051],[-0.2953111,51.3847653],[-0.2953184,51.3847474],[-0.2954844,51.3843425]]}},
{"type":"Feature","properties":{"id":5826,"nach":0.45327534526706748},"geometry":{"type":"LineString","coordinates":[[-0.2884069,51.3809833],[-0.2885718,51.380568],[-0.2900445,51.3807536],[-0.2901634,51.3807693]]}},
{"type":"Feature","properties":{"id":3961,"nach":0.44353924643921955},"geometry":{"type":"LineString","coordinates":[[-0.2906786,51.3816493],[-0.2910069,51.380675]]}},
{"type":"Feature","properties":{"id":3957,"nach":0.15900838612809032},"geometry":{"type":"LineString","coordinates":[[-0.2910069,51.380675],[-0.2914805,51.380735400000013],[-0.2918966,51.3807884],[-0.2918166,51.3810218],[-0.2917461,51.3812274],[-0.2915733,51.3817315],[-0.2914331,51.3821403]]}},
{"type":"Feature","properties":{"id":5851,"nach":0.45824536678047595},"geometry":{"type":"LineString","coordinates":[[-0.2916512,51.3821712],[-0.2914331,51.3821403]]}},
{"type":"Feature","properties":{"id":34834,"nach":0.50035318509630822},"geometry":{"type":"LineString","coordinates":[[-0.2957638,51.380682],[-0.2958557,51.3803824],[-0.2959238,51.380160600000018]]}},
{"type":"Feature","properties":{"id":34837,"nach":0.51451657488188063},"geometry":{"type":"LineString","coordinates":[[-0.2962895,51.3807416],[-0.2957638,51.380682]]}},
{"type":"Feature","properties":{"id":38467,"nach":0.71343894895418469},"geometry":{"type":"LineString","coordinates":[[-0.2884808,51.3832096],[-0.2885688,51.3832326]]}},
{"type":"Feature","properties":{"id":3978,"nach":0.60731073545639747},"geometry":{"type":"LineString","coordinates":[[-0.2885688,51.3832326],[-0.2885148,51.3832726],[-0.2885037,51.3832802]]}},
{"type":"Feature","properties":{"id":38469,"nach":0.69665252616565265},"geometry":{"type":"LineString","coordinates":[[-0.2884808,51.3832096],[-0.2883067,51.3831611],[-0.2880479,51.383079200000012],[-0.2879607,51.3830494],[-0.2876462,51.3829612]]}},
{"type":"Feature","properties":{"id":38468,"nach":0.59970171878433298},"geometry":{"type":"LineString","coordinates":[[-0.2884808,51.3832096],[-0.2884277,51.3832247],[-0.2883786,51.3832346]]}},
{"type":"Feature","properties":{"id":38277,"nach":0.57920486042663222},"geometry":{"type":"LineString","coordinates":[[-0.2883786,51.3832346],[-0.2884373,51.3832614],[-0.2885037,51.3832802]]}},
{"type":"Feature","properties":{"id":40873,"nach":0.61620035664293382},"geometry":{"type":"LineString","coordinates":[[-0.2886138,51.3833134],[-0.2885692,51.3832995],[-0.2885037,51.3832802]]}},
{"type":"Feature","properties":{"id":29064,"nach":0.65251294915987357},"geometry":{"type":"LineString","coordinates":[[-0.2885037,51.3832802],[-0.2884444,51.3833157],[-0.2883622,51.3833489]]}},
{"type":"Feature","properties":{"id":13217,"nach":0.47138067260152761},"geometry":{"type":"LineString","coordinates":[[-0.292818,51.3824911],[-0.2934912,51.3826096]]}},
{"type":"Feature","properties":{"id":39862,"nach":0.59757187389072108},"geometry":{"type":"LineString","coordinates":[[-0.2936921,51.3821779],[-0.2934912,51.3826096]]}},
{"type":"Feature","properties":{"id":17231,"nach":0.61089421257580345},"geometry":{"type":"LineString","coordinates":[[-0.2928535,51.383964],[-0.2933327,51.3829463],[-0.2934912,51.3826096]]}},
{"type":"Feature","properties":{"id":39863,"nach":0.46662674199042947},"geometry":{"type":"LineString","coordinates":[[-0.2936921,51.3821779],[-0.2931071,51.3820731]]}},
{"type":"Feature","properties":{"id":17234,"nach":0.49459182726380907},"geometry":{"type":"LineString","coordinates":[[-0.2934814,51.384145],[-0.2928535,51.383964]]}},
{"type":"Feature","properties":{"id":29052,"nach":0.64170310426302202},"geometry":{"type":"LineString","coordinates":[[-0.2926577,51.3843882],[-0.2926675,51.3843742],[-0.2926854,51.384333],[-0.2928535,51.383964]]}},
{"type":"Feature","properties":{"id":32418,"nach":0.49582764947335756},"geometry":{"type":"LineString","coordinates":[[-0.2923862,51.3839507],[-0.2924551,51.3838553],[-0.2928535,51.383964]]}},
{"type":"Feature","properties":{"id":32859,"nach":0.6609914506360951},"geometry":{"type":"LineString","coordinates":[[-0.2965709,51.3856354],[-0.2965179,51.3856926],[-0.2962676,51.3857877]]}},
{"type":"Feature","properties":{"id":33089,"nach":0.66587497330986822},"geometry":{"type":"LineString","coordinates":[[-0.2960734,51.3858105],[-0.2962273,51.3857685],[-0.2962676,51.3857877]]}},
{"type":"Feature","properties":{"id":32856,"nach":0.0},"geometry":{"type":"LineString","coordinates":[[-0.2966383,51.385654500000015],[-0.2965477,51.3857403],[-0.296317,51.385824],[-0.2962676,51.3857877]]}},
{"type":"Feature","properties":{"id":32857,"nach":0.60748329329007167},"geometry":{"type":"LineString","coordinates":[[-0.2965709,51.3856354],[-0.2966153,51.3855876]]}},
{"type":"Feature","properties":{"id":32860,"nach":0.61939605210153381},"geometry":{"type":"LineString","coordinates":[[-0.2965709,51.3856354],[-0.2965308,51.3856241],[-0.2958548,51.3854341],[-0.2957951,51.385437]]}},
{"type":"Feature","properties":{"id":32858,"nach":0.66416761888195275},"geometry":{"type":"LineString","coordinates":[[-0.2965709,51.3856354],[-0.2966383,51.385654500000015]]}},
{"type":"Feature","properties":{"id":33092,"nach":0.60018989365080333},"geometry":{"type":"LineString","coordinates":[[-0.2957734,51.3854813],[-0.2960734,51.3858105]]}},
{"type":"Feature","properties":{"id":44662,"nach":0.68466641547394136},"geometry":{"type":"LineString","coordinates":[[-0.2964804,51.386296],[-0.2962713,51.3860277],[-0.2960734,51.3858105]]}},
{"type":"Feature","properties":{"id":32854,"nach":0.65894904859969794},"geometry":{"type":"LineString","coordinates":[[-0.2966383,51.385654500000015],[-0.2967056,51.3856735]]}},
{"type":"Feature","properties":{"id":27543,"nach":0.63572755993081942},"geometry":{"type":"LineString","coordinates":[[-0.3025716,51.385556],[-0.3026805,51.3854769]]}},
{"type":"Feature","properties":{"id":35746,"nach":0.60176663387093354},"geometry":{"type":"LineString","coordinates":[[-0.3028558,51.3853424],[-0.3026805,51.3854769]]}},
{"type":"Feature","properties":{"id":29365,"nach":0.57099411062277872},"geometry":{"type":"LineString","coordinates":[[-0.3037277,51.3860377],[-0.3026805,51.3854769]]}},
{"type":"Feature","properties":{"id":27542,"nach":0.64593235654892944},"geometry":{"type":"LineString","coordinates":[[-0.3025716,51.385556],[-0.3015027,51.386380500000016]]}},
{"type":"Feature","properties":{"id":27545,"nach":0.4732560732067515},"geometry":{"type":"LineString","coordinates":[[-0.3016088,51.3850896],[-0.3025716,51.385556]]}},
{"type":"Feature","properties":{"id":35750,"nach":0.59049130547779805},"geometry":{"type":"LineString","coordinates":[[-0.3034656,51.3848742],[-0.3032701,51.3847929],[-0.3032415,51.3847867],[-0.3032165,51.3847884],[-0.3031977,51.384794],[-0.3026881,51.3851767],[-0.3026658,51.3852152],[-0.3026658,51.3852359],[-0.3026756,51.3852515],[-0.3027105,51.38527160000001],[-0.3028558,51.3853424]]}},
{"type":"Feature","properties":{"id":29366,"nach":0.54492389850192613},"geometry":{"type":"LineString","coordinates":[[-0.3037277,51.3860377],[-0.3048824,51.3866581]]}},
{"type":"Feature","properties":{"id":29368,"nach":0.45233980409995383},"geometry":{"type":"LineString","coordinates":[[-0.3030394,51.38657280000001],[-0.3032309,51.3864513],[-0.3032969,51.3863544],[-0.3037277,51.3860377]]}},
{"type":"Feature","properties":{"id":35751,"nach":0.58238505855240541},"geometry":{"type":"LineString","coordinates":[[-0.3034656,51.3848742],[-0.3036382,51.384741700000014]]}},
{"type":"Feature","properties":{"id":10548,"nach":0.42116670577735565},"geometry":{"type":"LineString","coordinates":[[-0.3021814,51.3846437],[-0.3025019,51.3843709],[-0.3025796,51.3843256],[-0.3026763,51.384303],[-0.3027647,51.3843089],[-0.3028559,51.3843524],[-0.3036382,51.384741700000014]]}},
{"type":"Feature","properties":{"id":28302,"nach":0.50633487844457148},"geometry":{"type":"LineString","coordinates":[[-0.3051709,51.3836686],[-0.3058301,51.3833304]]}},
{"type":"Feature","properties":{"id":4587,"nach":0.44203803739777431},"geometry":{"type":"LineString","coordinates":[[-0.3047018,51.3824793],[-0.305564,51.3831549],[-0.3058301,51.3833304]]}},
{"type":"Feature","properties":{"id":14683,"nach":0.45470515403257522},"geometry":{"type":"LineString","coordinates":[[-0.3076352,51.3824],[-0.3075984,51.3824292],[-0.3075019,51.3824803],[-0.3058301,51.3833304]]}},
{"type":"Feature","properties":{"id":28305,"nach":0.40970477222258056},"geometry":{"type":"LineString","coordinates":[[-0.3044358,51.3830001],[-0.3048694,51.3833489],[-0.3050421,51.3835455],[-0.3051709,51.3836686]]}},
{"type":"Feature","properties":{"id":4588,"nach":0.4567413785798784},"geometry":{"type":"LineString","coordinates":[[-0.3047018,51.3824793],[-0.305568,51.3821455],[-0.305632,51.382140799999988]]}},
{"type":"Feature","properties":{"id":10549,"nach":0.46823158794816777},"geometry":{"type":"LineString","coordinates":[[-0.3041268,51.3826799],[-0.3047018,51.3824793]]}},
{"type":"Feature","properties":{"id":18922,"nach":0.45556176995752523},"geometry":{"type":"LineString","coordinates":[[-0.3007526,51.3824927],[-0.3006577,51.382481],[-0.3003495,51.3824384],[-0.300093,51.3824008],[-0.3000788,51.3823941],[-0.3000721,51.3823815],[-0.3002004,51.382074899999978]]}},
{"type":"Feature","properties":{"id":37784,"nach":0.63318849854200077},"geometry":{"type":"LineString","coordinates":[[-0.3009759,51.3819646],[-0.3007526,51.3824927]]}},
{"type":"Feature","properties":{"id":40863,"nach":0.42077318141051406},"geometry":{"type":"LineString","coordinates":[[-0.2949526,51.3851435],[-0.2949916,51.3850696]]}},
{"type":"Feature","properties":{"id":40864,"nach":0.73192555441806983},"geometry":{"type":"LineString","coordinates":[[-0.2949526,51.3851435],[-0.2948547,51.385117900000012],[-0.2947575,51.3850932],[-0.2947138,51.3850823]]}},
{"type":"Feature","properties":{"id":35645,"nach":0.51768767191413156},"geometry":{"type":"LineString","coordinates":[[-0.2948593,51.385037],[-0.2948771,51.3850101]]}},
{"type":"Feature","properties":{"id":35646,"nach":0.39743225739877341},"geometry":{"type":"LineString","coordinates":[[-0.2948593,51.385037],[-0.2948295,51.3850819],[-0.2947324,51.3850569],[-0.2947138,51.3850823]]}},
{"type":"Feature","properties":{"id":35644,"nach":0.67443868092569048},"geometry":{"type":"LineString","coordinates":[[-0.2948593,51.385037],[-0.2949916,51.3850696]]}},
{"type":"Feature","properties":{"id":16294,"nach":0.72774629456135487},"geometry":{"type":"LineString","coordinates":[[-0.2957648,51.3856049],[-0.2957432,51.38558470000001]]}},
{"type":"Feature","properties":{"id":4016,"nach":0.67387049083643147},"geometry":{"type":"LineString","coordinates":[[-0.2957432,51.38558470000001],[-0.2956457,51.385553],[-0.2955812,51.3855098],[-0.2955522,51.3854827]]}},
{"type":"Feature","properties":{"id":29143,"nach":0.56000886197243627},"geometry":{"type":"LineString","coordinates":[[-0.2955948,51.3856599],[-0.2956593,51.3856404],[-0.2957648,51.3856049]]}},
{"type":"Feature","properties":{"id":32264,"nach":0.72010432330150187},"geometry":{"type":"LineString","coordinates":[[-0.2959937,51.3858632],[-0.2959639,51.385822400000016],[-0.2959356,51.385783600000011],[-0.2958157,51.3856581],[-0.2957648,51.3856049]]}},
{"type":"Feature","properties":{"id":29144,"nach":0.60861470327778155},"geometry":{"type":"LineString","coordinates":[[-0.2955948,51.3856599],[-0.2955466,51.385616],[-0.2955781,51.3855984],[-0.2955788,51.3855666],[-0.2954972,51.3855086],[-0.2955522,51.3854827]]}},
{"type":"Feature","properties":{"id":32246,"nach":0.58434272150061062},"geometry":{"type":"LineString","coordinates":[[-0.2950332,51.3848302],[-0.2951036,51.3848407],[-0.2952046,51.3847903],[-0.295298,51.3848051]]}},
{"type":"Feature","properties":{"id":29155,"nach":0.62236545220144834},"geometry":{"type":"LineString","coordinates":[[-0.2952578,51.385019200000016],[-0.2952684,51.3849829],[-0.2953394,51.3849262]]}},
{"type":"Feature","properties":{"id":33160,"nach":0.0},"geometry":{"type":"LineString","coordinates":[[-0.2964299,51.3854567],[-0.2975234,51.3850356],[-0.3002223,51.3840187],[-0.3002653,51.383976],[-0.300402,51.3831758],[-0.3003672,51.383149],[-0.3002934,51.383130600000015],[-0.3001593,51.3831457],[-0.2998441,51.383277100000015],[-0.2969018,51.3844288],[-0.2961065,51.3847075],[-0.2956653,51.3848422],[-0.2953394,51.3849262]]}},
{"type":"Feature","properties":{"id":26323,"nach":0.60740421337948669},"geometry":{"type":"LineString","coordinates":[[-0.295242,51.3848898],[-0.295223,51.3849349],[-0.2952065,51.3849626],[-0.2951857,51.3849932]]}},
{"type":"Feature","properties":{"id":29110,"nach":0.62832103724048005},"geometry":{"type":"LineString","coordinates":[[-0.2950557,51.3849947],[-0.2951072,51.3849383],[-0.2951598,51.3849061],[-0.295242,51.3848898]]}},
{"type":"Feature","properties":{"id":10550,"nach":0.42239309445256062},"geometry":{"type":"LineString","coordinates":[[-0.3041268,51.3826799],[-0.3039654,51.3825085]]}},
{"type":"Feature","properties":{"id":29020,"nach":0.68244136856218396},"geometry":{"type":"LineString","coordinates":[[-0.2972874,51.3882441],[-0.2973504,51.3882336]]}},
{"type":"Feature","properties":{"id":33791,"nach":0.70345049237769353},"geometry":{"type":"LineString","coordinates":[[-0.2973708,51.3882794],[-0.2973504,51.3882336]]}},
{"type":"Feature","properties":{"id":33782,"nach":0.62678441095012927},"geometry":{"type":"LineString","coordinates":[[-0.2973458,51.3882232],[-0.2973504,51.3882336]]}},
{"type":"Feature","properties":{"id":29023,"nach":0.70748488253059649},"geometry":{"type":"LineString","coordinates":[[-0.2972874,51.3882441],[-0.2972075,51.3882562],[-0.2971083,51.3882742]]}},
{"type":"Feature","properties":{"id":29065,"nach":0.68299019972128516},"geometry":{"type":"LineString","coordinates":[[-0.2973966,51.3884762],[-0.2972874,51.3882441]]}},
{"type":"Feature","properties":{"id":37406,"nach":0.69545250064748831},"geometry":{"type":"LineString","coordinates":[[-0.2972545,51.3881639],[-0.2972874,51.3882441]]}},
{"type":"Feature","properties":{"id":33790,"nach":0.62263702833063916},"geometry":{"type":"LineString","coordinates":[[-0.2973708,51.3882794],[-0.2973936,51.3883373]]}},
{"type":"Feature","properties":{"id":33792,"nach":0.67788114503570984},"geometry":{"type":"LineString","coordinates":[[-0.2973708,51.3882794],[-0.2974613,51.3882712]]}},
{"type":"Feature","properties":{"id":33783,"nach":0.60494299518773342},"geometry":{"type":"LineString","coordinates":[[-0.2973458,51.3882232],[-0.2972671,51.3880427]]}},
{"type":"Feature","properties":{"id":33787,"nach":0.47143385403672283},"geometry":{"type":"LineString","coordinates":[[-0.2974404,51.3882103],[-0.2973458,51.3882232]]}},
{"type":"Feature","properties":{"id":4622,"nach":0.67752317524218419},"geometry":{"type":"LineString","coordinates":[[-0.2952584,51.3893971],[-0.2949214,51.3886386]]}},
{"type":"Feature","properties":{"id":4633,"nach":0.68441308536192713},"geometry":{"type":"LineString","coordinates":[[-0.2944825,51.3887108],[-0.2949214,51.3886386]]}},
{"type":"Feature","properties":{"id":19048,"nach":0.67597770545392699},"geometry":{"type":"LineString","coordinates":[[-0.2963028,51.3883997],[-0.2949214,51.3886386]]}},
{"type":"Feature","properties":{"id":7728,"nach":0.63047833949683518},"geometry":{"type":"LineString","coordinates":[[-0.2947882,51.387738200000015],[-0.2948069,51.3877873],[-0.2948268,51.3878641],[-0.2948647,51.3879655],[-0.2948785,51.3880137],[-0.2949247,51.388085],[-0.2949292,51.3881088],[-0.2949121,51.388157400000011],[-0.2948753,51.3881968],[-0.2948399,51.3882231],[-0.2948175,51.38825460000001],[-0.2948031,51.3882809],[-0.2947808,51.3882953],[-0.2948451,51.3884306],[-0.2949214,51.38858050000001],[-0.2949214,51.3886386]]}},
{"type":"Feature","properties":{"id":7660,"nach":0.62898884954780343},"geometry":{"type":"LineString","coordinates":[[-0.2941408,51.389565],[-0.2952584,51.3893971]]}},
{"type":"Feature","properties":{"id":7670,"nach":0.70150113847628959},"geometry":{"type":"LineString","coordinates":[[-0.2952868,51.3894575],[-0.2952584,51.3893971]]}},
{"type":"Feature","properties":{"id":7725,"nach":0.65451201404703419},"geometry":{"type":"LineString","coordinates":[[-0.293978,51.3881396],[-0.2940832,51.3881435],[-0.2941656,51.38816820000001],[-0.2942379,51.3882024],[-0.2942739,51.38823150000001],[-0.2944825,51.3887108]]}},
{"type":"Feature","properties":{"id":19049,"nach":0.69401539884066266},"geometry":{"type":"LineString","coordinates":[[-0.2963028,51.3883997],[-0.2963364,51.3883966]]}},
{"type":"Feature","properties":{"id":19047,"nach":0.64543533447146417},"geometry":{"type":"LineString","coordinates":[[-0.2963028,51.3883997],[-0.2962333,51.3882108]]}},
{"type":"Feature","properties":{"id":7729,"nach":0.62460296537162208},"geometry":{"type":"LineString","coordinates":[[-0.2947882,51.387738200000015],[-0.2948339,51.387704],[-0.2948698,51.3876584],[-0.2948595,51.3876191],[-0.2948295,51.3875833],[-0.2947146,51.3874926],[-0.2945535,51.3873706],[-0.2944851,51.38721],[-0.2944283,51.38716],[-0.2943253,51.3871397]]}},
{"type":"Feature","properties":{"id":7730,"nach":0.40842946125333207},"geometry":{"type":"LineString","coordinates":[[-0.2947882,51.387738200000015],[-0.2947608,51.3877535],[-0.2947218,51.3877673],[-0.2946289,51.387788],[-0.2945213,51.3878123],[-0.2944626,51.3878536],[-0.2944325,51.3878954],[-0.294398,51.3879251],[-0.2943424,51.387954200000017],[-0.294217,51.388009],[-0.2941203,51.3880417],[-0.294042,51.3880652],[-0.293978,51.3880848],[-0.293978,51.3881396]]}},
{"type":"Feature","properties":{"id":7654,"nach":0.72303093532097662},"geometry":{"type":"LineString","coordinates":[[-0.2954827,51.3898881],[-0.2955129,51.3899623]]}},
{"type":"Feature","properties":{"id":7494,"nach":0.68895395370860057},"geometry":{"type":"LineString","coordinates":[[-0.2956036,51.3903008],[-0.2955038,51.3900284],[-0.2955129,51.3899623]]}},
{"type":"Feature","properties":{"id":4602,"nach":0.66675526394994145},"geometry":{"type":"LineString","coordinates":[[-0.2957267,51.390035],[-0.2956165,51.390027800000013],[-0.2955129,51.3899623]]}},
{"type":"Feature","properties":{"id":7655,"nach":0.74002833234740917},"geometry":{"type":"LineString","coordinates":[[-0.2954827,51.3898881],[-0.2954385,51.3897786]]}},
{"type":"Feature","properties":{"id":7657,"nach":0.68938685507132336},"geometry":{"type":"LineString","coordinates":[[-0.29511,51.389946],[-0.2954827,51.3898881]]}},
{"type":"Feature","properties":{"id":7493,"nach":0.69119200242150503},"geometry":{"type":"LineString","coordinates":[[-0.2956036,51.3903008],[-0.2956349,51.39039970000001],[-0.2956473,51.3904952]]}},
{"type":"Feature","properties":{"id":13221,"nach":0.52041639122303662},"geometry":{"type":"LineString","coordinates":[[-0.2951442,51.390372],[-0.2956036,51.3903008]]}},
{"type":"Feature","properties":{"id":7649,"nach":0.51962565079197209},"geometry":{"type":"LineString","coordinates":[[-0.2958129,51.3902163],[-0.2957267,51.390035]]}},
{"type":"Feature","properties":{"id":4603,"nach":0.65732498586167698},"geometry":{"type":"LineString","coordinates":[[-0.2958883,51.3900214],[-0.2957267,51.390035]]}},
{"type":"Feature","properties":{"id":18905,"nach":0.65080544628470494},"geometry":{"type":"LineString","coordinates":[[-0.2966565,51.3902976],[-0.2966462,51.3902536],[-0.2966204,51.3902033],[-0.2965501,51.3901625],[-0.2964726,51.3901534],[-0.2961801,51.390180800000017],[-0.2961081,51.3901624],[-0.2960535,51.3901205],[-0.2959667,51.3900385],[-0.2958883,51.3900214]]}},
{"type":"Feature","properties":{"id":35498,"nach":0.51854939310611392},"geometry":{"type":"LineString","coordinates":[[-0.2963275,51.3900152],[-0.2962144,51.3900264],[-0.2961662,51.3899941],[-0.296116,51.3899928],[-0.2958883,51.3900214]]}},
{"type":"Feature","properties":{"id":18904,"nach":0.68042580741892056},"geometry":{"type":"LineString","coordinates":[[-0.2966565,51.3902976],[-0.2966377,51.3903375],[-0.2961701,51.3903968]]}},
{"type":"Feature","properties":{"id":33755,"nach":0.71785245610662518},"geometry":{"type":"LineString","coordinates":[[-0.2979158,51.39016680000001],[-0.2977914,51.3901812],[-0.2966565,51.3902976]]}},
{"type":"Feature","properties":{"id":4609,"nach":0.51361805775099778},"geometry":{"type":"LineString","coordinates":[[-0.2967916,51.3894861],[-0.2971847,51.3894344],[-0.2972993,51.389426],[-0.2973506,51.38958610000001]]}},
{"type":"Feature","properties":{"id":7666,"nach":0.5965293644786398},"geometry":{"type":"LineString","coordinates":[[-0.2966912,51.389222],[-0.2967916,51.3894861]]}},
{"type":"Feature","properties":{"id":7664,"nach":0.51707701263402628},"geometry":{"type":"LineString","coordinates":[[-0.2964672,51.389554],[-0.2967916,51.3894861]]}},
{"type":"Feature","properties":{"id":7665,"nach":0.61112352878032028},"geometry":{"type":"LineString","coordinates":[[-0.2966912,51.389222],[-0.2965086,51.3888219]]}},
{"type":"Feature","properties":{"id":29085,"nach":0.72730136443747428},"geometry":{"type":"LineString","coordinates":[[-0.2976102,51.3890652],[-0.2975411,51.3890777],[-0.2966912,51.389222]]}},
{"type":"Feature","properties":{"id":19963,"nach":0.71967897666929459},"geometry":{"type":"LineString","coordinates":[[-0.2956885,51.3893905],[-0.2960144,51.3893361],[-0.2966912,51.389222]]}},
{"type":"Feature","properties":{"id":4614,"nach":0.61176858212202623},"geometry":{"type":"LineString","coordinates":[[-0.2965086,51.3888219],[-0.2963364,51.3883966]]}},
{"type":"Feature","properties":{"id":19044,"nach":0.69639859416187289},"geometry":{"type":"LineString","coordinates":[[-0.2966727,51.3883433],[-0.2963364,51.3883966]]}},
{"type":"Feature","properties":{"id":4616,"nach":0.51889452471315634},"geometry":{"type":"LineString","coordinates":[[-0.2965086,51.3888219],[-0.2961687,51.3888756],[-0.296156,51.3888453]]}},
{"type":"Feature","properties":{"id":19046,"nach":0.0},"geometry":{"type":"LineString","coordinates":[[-0.2966727,51.3883433],[-0.2966008,51.3881515],[-0.2962333,51.3882108]]}},
{"type":"Feature","properties":{"id":19162,"nach":0.69800531930976395},"geometry":{"type":"LineString","coordinates":[[-0.2968569,51.3883141],[-0.2966727,51.3883433]]}},
{"type":"Feature","properties":{"id":7678,"nach":0.60280277628182677},"geometry":{"type":"LineString","coordinates":[[-0.2934505,51.3896679],[-0.293822,51.3896161]]}},
{"type":"Feature","properties":{"id":13240,"nach":0.55435747396372348},"geometry":{"type":"LineString","coordinates":[[-0.2943634,51.3900503],[-0.2937494,51.39013760000001],[-0.2936847,51.390142700000013],[-0.2936316,51.3901359],[-0.2935549,51.3900125],[-0.2934505,51.3896679]]}},
{"type":"Feature","properties":{"id":7676,"nach":0.64021355229317645},"geometry":{"type":"LineString","coordinates":[[-0.2932176,51.3902931],[-0.2933576,51.3905265],[-0.2934783,51.3906963]]}},
{"type":"Feature","properties":{"id":7675,"nach":0.48996779637104376},"geometry":{"type":"LineString","coordinates":[[-0.2932176,51.3902931],[-0.2933382,51.3902625],[-0.2934529,51.3902335],[-0.2935389,51.3902195],[-0.2936647,51.3902097],[-0.2937438,51.3902267],[-0.2937922,51.3902641],[-0.2939525,51.390598100000012]]}},
{"type":"Feature","properties":{"id":7661,"nach":0.61463416050962283},"geometry":{"type":"LineString","coordinates":[[-0.2941408,51.389565],[-0.293822,51.3896161]]}},
{"type":"Feature","properties":{"id":7663,"nach":0.514984986288895},"geometry":{"type":"LineString","coordinates":[[-0.2942424,51.3898644],[-0.2941408,51.389565]]}},
{"type":"Feature","properties":{"id":7669,"nach":0.67910115993616349},"geometry":{"type":"LineString","coordinates":[[-0.2952868,51.3894575],[-0.2954385,51.3897786]]}},
{"type":"Feature","properties":{"id":19962,"nach":0.61514215577344333},"geometry":{"type":"LineString","coordinates":[[-0.2956885,51.3893905],[-0.2952868,51.3894575]]}},
{"type":"Feature","properties":{"id":38084,"nach":0.50186319712394178},"geometry":{"type":"LineString","coordinates":[[-0.2944055,51.389231400000014],[-0.2943757,51.3891402],[-0.2943559,51.3891077],[-0.2943344,51.389091600000015],[-0.2942989,51.3890814],[-0.2939867,51.3891217],[-0.2939485,51.3891347],[-0.2939272,51.3891557],[-0.2939321,51.3892005],[-0.2939331,51.3892544],[-0.2939115,51.389282],[-0.293887,51.3892976],[-0.293787,51.3893477],[-0.2937442,51.3893856],[-0.293822,51.3896161]]}},
{"type":"Feature","properties":{"id":7726,"nach":0.64951900342039437},"geometry":{"type":"LineString","coordinates":[[-0.293978,51.3881396],[-0.2938913,51.3881501],[-0.2938217,51.3881435],[-0.293714,51.3881317],[-0.2936178,51.388103700000016],[-0.293547,51.3880857],[-0.2934837,51.3880659],[-0.2933706,51.3880505],[-0.2933289,51.3880426],[-0.2932844,51.3880259],[-0.2932466,51.3880039],[-0.2932105,51.3879836],[-0.2931864,51.3879559],[-0.2931705,51.38792560000001],[-0.2931648,51.3878917]]}},
{"type":"Feature","properties":{"id":4639,"nach":0.50398377536643302},"geometry":{"type":"LineString","coordinates":[[-0.2939525,51.390598100000012],[-0.2934783,51.3906963]]}},
{"type":"Feature","properties":{"id":7561,"nach":0.6499312739473867},"geometry":{"type":"LineString","coordinates":[[-0.2937607,51.3911525],[-0.2934783,51.3906963]]}},
{"type":"Feature","properties":{"id":17251,"nach":0.56277872409516627},"geometry":{"type":"LineString","coordinates":[[-0.2943319,51.3905204],[-0.2939525,51.390598100000012]]}},
{"type":"Feature","properties":{"id":17261,"nach":0.54758490654065417},"geometry":{"type":"LineString","coordinates":[[-0.2941828,51.3910539],[-0.2937607,51.3911525]]}},
{"type":"Feature","properties":{"id":7557,"nach":0.51279918982517103},"geometry":{"type":"LineString","coordinates":[[-0.2951436,51.3907008],[-0.2952559,51.3906916]]}},
{"type":"Feature","properties":{"id":7559,"nach":0.57042144218120405},"geometry":{"type":"LineString","coordinates":[[-0.2951436,51.3907008],[-0.2952013,51.3908179],[-0.2952318,51.390902700000012],[-0.2952,51.390933]]}},
{"type":"Feature","properties":{"id":13244,"nach":0.54326163697783036},"geometry":{"type":"LineString","coordinates":[[-0.2945918,51.39046960000001],[-0.2948863,51.39039],[-0.2950073,51.3904142],[-0.2950609,51.3905657],[-0.2951202,51.3906546],[-0.2951436,51.3907008]]}},
{"type":"Feature","properties":{"id":17252,"nach":0.59290841731583299},"geometry":{"type":"LineString","coordinates":[[-0.2943319,51.3905204],[-0.2945374,51.39048050000001]]}},
{"type":"Feature","properties":{"id":17254,"nach":0.51416904093789861},"geometry":{"type":"LineString","coordinates":[[-0.2943903,51.390622100000016],[-0.2943319,51.3905204]]}},
{"type":"Feature","properties":{"id":13225,"nach":0.58939072035088436},"geometry":{"type":"LineString","coordinates":[[-0.2968459,51.390759],[-0.2970242,51.3913915]]}},
{"type":"Feature","properties":{"id":7455,"nach":0.62515924151110636},"geometry":{"type":"LineString","coordinates":[[-0.2970607,51.391709],[-0.2970242,51.3913915]]}},
{"type":"Feature","properties":{"id":7452,"nach":0.61215217824328472},"geometry":{"type":"LineString","coordinates":[[-0.2966935,51.3914529],[-0.2970242,51.3913915]]}},
{"type":"Feature","properties":{"id":13226,"nach":0.50513816625265029},"geometry":{"type":"LineString","coordinates":[[-0.2968459,51.390759],[-0.2967118,51.390783],[-0.2965277,51.3908129],[-0.2964667,51.3906931]]}},
{"type":"Feature","properties":{"id":13224,"nach":0.51204599719785926},"geometry":{"type":"LineString","coordinates":[[-0.2968459,51.390759],[-0.2968514,51.39069270000001]]}},
{"type":"Feature","properties":{"id":13233,"nach":0.74439098623571487},"geometry":{"type":"LineString","coordinates":[[-0.2970619,51.39175860000001],[-0.2970607,51.391709]]}},
{"type":"Feature","properties":{"id":37423,"nach":0.75497307074813735},"geometry":{"type":"LineString","coordinates":[[-0.2982201,51.39159440000001],[-0.2977845,51.3916417],[-0.2974747,51.3916843],[-0.297229,51.39170270000001],[-0.2970607,51.391709]]}},
{"type":"Feature","properties":{"id":13232,"nach":0.54190685661538673},"geometry":{"type":"LineString","coordinates":[[-0.2964837,51.3915268],[-0.2966717,51.3914897],[-0.2966935,51.3914529]]}},
{"type":"Feature","properties":{"id":7537,"nach":0.60848003852039845},"geometry":{"type":"LineString","coordinates":[[-0.2965744,51.3913214],[-0.2966395,51.3914106],[-0.2966935,51.3914529]]}},
{"type":"Feature","properties":{"id":33118,"nach":0.66210155598528087},"geometry":{"type":"LineString","coordinates":[[-0.2996372,51.3896424],[-0.2995716,51.389617499999986]]}},
{"type":"Feature","properties":{"id":33105,"nach":0.66091650368479749},"geometry":{"type":"LineString","coordinates":[[-0.2995257,51.3895721],[-0.2995716,51.389617499999986]]}},
{"type":"Feature","properties":{"id":4650,"nach":0.61176440320180081},"geometry":{"type":"LineString","coordinates":[[-0.2998224,51.3888137],[-0.2998274,51.388849],[-0.2998211,51.3888931],[-0.2998055,51.3889381],[-0.2997725,51.389033],[-0.2997553,51.3890823],[-0.299694,51.3892585],[-0.2996091,51.3895026],[-0.2996021,51.3895228],[-0.2995716,51.389617499999986]]}},
{"type":"Feature","properties":{"id":33128,"nach":0.65970943307951324},"geometry":{"type":"LineString","coordinates":[[-0.3013868,51.390307300000011],[-0.2996372,51.3896424]]}},
{"type":"Feature","properties":{"id":33121,"nach":0.57792024720889557},"geometry":{"type":"LineString","coordinates":[[-0.299653,51.3895955],[-0.2996372,51.3896424]]}},
{"type":"Feature","properties":{"id":33124,"nach":0.57125075508725176},"geometry":{"type":"LineString","coordinates":[[-0.2996217,51.3896884],[-0.2996372,51.3896424]]}},
{"type":"Feature","properties":{"id":33108,"nach":0.66293002843962923},"geometry":{"type":"LineString","coordinates":[[-0.2995257,51.3895721],[-0.2994641,51.3895596],[-0.2992628,51.389518900000013],[-0.2991705,51.3895002]]}},
{"type":"Feature","properties":{"id":33109,"nach":0.62161289973513889},"geometry":{"type":"LineString","coordinates":[[-0.2995476,51.3895089],[-0.2995257,51.3895721]]}},
{"type":"Feature","properties":{"id":33114,"nach":0.64685452949891376},"geometry":{"type":"LineString","coordinates":[[-0.2995037,51.3896307],[-0.2995257,51.3895721]]}},
{"type":"Feature","properties":{"id":33010,"nach":0.67886757702514744},"geometry":{"type":"LineString","coordinates":[[-0.2998808,51.3888137],[-0.2998224,51.3888137]]}},
{"type":"Feature","properties":{"id":5831,"nach":0.67833839199199686},"geometry":{"type":"LineString","coordinates":[[-0.2990898,51.3885223],[-0.2991752,51.3885375],[-0.2995732,51.3886687],[-0.2997091,51.3887285],[-0.2997724,51.3887649],[-0.2998224,51.3888137]]}},
{"type":"Feature","properties":{"id":33018,"nach":0.68239591161890534},"geometry":{"type":"LineString","coordinates":[[-0.3004421,51.3890607],[-0.3004293,51.3890543],[-0.2999407,51.38881],[-0.2998808,51.3888137]]}},
{"type":"Feature","properties":{"id":33043,"nach":0.59066404997660216},"geometry":{"type":"LineString","coordinates":[[-0.2994088,51.388145100000017],[-0.2991682,51.3884708],[-0.2991847,51.3885074],[-0.2992384,51.388526700000014],[-0.2993875,51.3885802],[-0.2997476,51.3887095],[-0.2998808,51.3888137]]}},
{"type":"Feature","properties":{"id":33123,"nach":0.57079805214444712},"geometry":{"type":"LineString","coordinates":[[-0.299653,51.3895955],[-0.2996393,51.3895779],[-0.2998702,51.3889159],[-0.2998808,51.3888137]]}},
{"type":"Feature","properties":{"id":32938,"nach":0.71468350011720083},"geometry":{"type":"LineString","coordinates":[[-0.2991286,51.3884553],[-0.2990898,51.3885223]]}},
{"type":"Feature","properties":{"id":41295,"nach":0.7371877319839738},"geometry":{"type":"LineString","coordinates":[[-0.29766,51.3885937],[-0.2976879,51.3885948],[-0.2978672,51.3885855],[-0.2984574,51.38855],[-0.2985373,51.3885469],[-0.2986876,51.3885427],[-0.2988904,51.3885319],[-0.2990898,51.3885223]]}},
{"type":"Feature","properties":{"id":33127,"nach":0.5918858317076553},"geometry":{"type":"LineString","coordinates":[[-0.3013868,51.390307300000011],[-0.301448,51.3903306]]}},
{"type":"Feature","properties":{"id":7752,"nach":0.62118024516906989},"geometry":{"type":"LineString","coordinates":[[-0.3012733,51.3908528],[-0.3012855,51.3908174],[-0.301448,51.3903306]]}},
{"type":"Feature","properties":{"id":33134,"nach":0.64391227685559949},"geometry":{"type":"LineString","coordinates":[[-0.3013702,51.3903519],[-0.3013868,51.390307300000011]]}},
{"type":"Feature","properties":{"id":33131,"nach":0.59033217314997755},"geometry":{"type":"LineString","coordinates":[[-0.3014045,51.3902596],[-0.3013868,51.390307300000011]]}},
{"type":"Feature","properties":{"id":34360,"nach":0.7005400226596783},"geometry":{"type":"LineString","coordinates":[[-0.302267,51.3910285],[-0.3021901,51.3910046],[-0.3019009,51.3909434],[-0.3015854,51.3908996],[-0.3012733,51.3908528]]}},
{"type":"Feature","properties":{"id":32764,"nach":0.7087085152228062},"geometry":{"type":"LineString","coordinates":[[-0.3004544,51.3906906],[-0.300602,51.3907472],[-0.3011853,51.3909062],[-0.3012262,51.3909013],[-0.3012568,51.3908834],[-0.3012733,51.3908528]]}},
{"type":"Feature","properties":{"id":33135,"nach":0.6453373659033802},"geometry":{"type":"LineString","coordinates":[[-0.3013702,51.3903519],[-0.3013925,51.3903885],[-0.3012483,51.3908496],[-0.3012733,51.3908528]]}},
{"type":"Feature","properties":{"id":19094,"nach":0.6478199117328699},"geometry":{"type":"LineString","coordinates":[[-0.2991477,51.3894554],[-0.2991705,51.3895002]]}},
{"type":"Feature","properties":{"id":33153,"nach":0.50044486895020035},"geometry":{"type":"LineString","coordinates":[[-0.2991077,51.3895199],[-0.2991705,51.3895002]]}},
{"type":"Feature","properties":{"id":33380,"nach":0.64580587768405862},"geometry":{"type":"LineString","coordinates":[[-0.2989851,51.3892839],[-0.2989914,51.389315299999986],[-0.2990579,51.3893682],[-0.2991477,51.3894554]]}},
{"type":"Feature","properties":{"id":33110,"nach":0.25441375379624126},"geometry":{"type":"LineString","coordinates":[[-0.2995476,51.3895089],[-0.2991957,51.389442],[-0.2991477,51.3894554]]}},
{"type":"Feature","properties":{"id":33154,"nach":0.4637092489152419},"geometry":{"type":"LineString","coordinates":[[-0.2991077,51.3895199],[-0.299126,51.3894692],[-0.2991477,51.3894554]]}},
{"type":"Feature","properties":{"id":33155,"nach":0.5044666024501403},"geometry":{"type":"LineString","coordinates":[[-0.2991077,51.3895199],[-0.2991414,51.3895549],[-0.2995037,51.3896307]]}},
{"type":"Feature","properties":{"id":33152,"nach":0.5193254252887084},"geometry":{"type":"LineString","coordinates":[[-0.2991077,51.3895199],[-0.2987557,51.3895409]]}},
{"type":"Feature","properties":{"id":5391,"nach":0.65018882435465286},"geometry":{"type":"LineString","coordinates":[[-0.2840911,51.3820268],[-0.2840362,51.381991]]}},
{"type":"Feature","properties":{"id":5392,"nach":0.48143922905409636},"geometry":{"type":"LineString","coordinates":[[-0.2840911,51.3820268],[-0.2841475,51.3819859],[-0.2841819,51.3819598]]}},
{"type":"Feature","properties":{"id":35630,"nach":0.6526206037927379},"geometry":{"type":"LineString","coordinates":[[-0.2842304,51.3821048],[-0.2840911,51.3820268]]}},
{"type":"Feature","properties":{"id":35635,"nach":0.44043046111181289},"geometry":{"type":"LineString","coordinates":[[-0.283993,51.3821104],[-0.2840911,51.3820268]]}},
{"type":"Feature","properties":{"id":35629,"nach":0.45840145542644717},"geometry":{"type":"LineString","coordinates":[[-0.2840362,51.381991],[-0.2839889,51.3819983],[-0.2839565,51.3819954]]}},
{"type":"Feature","properties":{"id":35628,"nach":0.64474326538091364},"geometry":{"type":"LineString","coordinates":[[-0.2840362,51.381991],[-0.2840018,51.3819679]]}},
{"type":"Feature","properties":{"id":12100,"nach":0.72365184214837663},"geometry":{"type":"LineString","coordinates":[[-0.284094,51.3819069],[-0.284131,51.3819306],[-0.2841819,51.3819598]]}},
{"type":"Feature","properties":{"id":40881,"nach":0.70539283304896172},"geometry":{"type":"LineString","coordinates":[[-0.2841819,51.3819598],[-0.2843374,51.3820443]]}},
{"type":"Feature","properties":{"id":40882,"nach":0.61600327089726736},"geometry":{"type":"LineString","coordinates":[[-0.2841819,51.3819598],[-0.2842263,51.3819325],[-0.2842478,51.3819274],[-0.2842706,51.3819259]]}},
{"type":"Feature","properties":{"id":34327,"nach":0.62975361376917394},"geometry":{"type":"LineString","coordinates":[[-0.3032595,51.3882573],[-0.3032961,51.388238200000011]]}},
{"type":"Feature","properties":{"id":21748,"nach":0.6300726944506776},"geometry":{"type":"LineString","coordinates":[[-0.3040721,51.3887151],[-0.3032961,51.388238200000011]]}},
{"type":"Feature","properties":{"id":16298,"nach":0.62877665671686522},"geometry":{"type":"LineString","coordinates":[[-0.3026677,51.387843100000012],[-0.3032961,51.388238200000011]]}},
{"type":"Feature","properties":{"id":34326,"nach":0.57257217340351341},"geometry":{"type":"LineString","coordinates":[[-0.3032595,51.3882573],[-0.3029022,51.3885132]]}},
{"type":"Feature","properties":{"id":34328,"nach":0.59695624385905843},"geometry":{"type":"LineString","coordinates":[[-0.3032595,51.3882573],[-0.3031332,51.3881757],[-0.3027027,51.3879058],[-0.3023688,51.387715],[-0.3020757,51.3875494],[-0.3017606,51.387384],[-0.3014534,51.3872036],[-0.3013301,51.3871345]]}},
{"type":"Feature","properties":{"id":34721,"nach":0.57990485305158224},"geometry":{"type":"LineString","coordinates":[[-0.3038165,51.3905148],[-0.3038353,51.3904931],[-0.303952,51.3903458],[-0.3042309,51.3900152],[-0.3046145,51.3895926],[-0.3049135,51.3892562],[-0.3049564,51.3891951],[-0.3049437,51.3891444],[-0.3048049,51.389088],[-0.3044911,51.388960800000014],[-0.3042001,51.388828500000017],[-0.3039238,51.3886754],[-0.3033257,51.3882975],[-0.3032595,51.3882573]]}},
{"type":"Feature","properties":{"id":21750,"nach":0.63345295465653839},"geometry":{"type":"LineString","coordinates":[[-0.3040721,51.3887151],[-0.3042347,51.3888005],[-0.3045937,51.3889698]]}},
{"type":"Feature","properties":{"id":28058,"nach":0.49078627435789646},"geometry":{"type":"LineString","coordinates":[[-0.3047472,51.3882272],[-0.3040721,51.3887151]]}},
{"type":"Feature","properties":{"id":16306,"nach":0.56756555742685377},"geometry":{"type":"LineString","coordinates":[[-0.3031057,51.3874187],[-0.3028609,51.3877064],[-0.3026677,51.387843100000012]]}},
{"type":"Feature","properties":{"id":24084,"nach":0.64408836313264828},"geometry":{"type":"LineString","coordinates":[[-0.301385,51.387103599999989],[-0.3014325,51.3871322],[-0.3026677,51.387843100000012]]}},
{"type":"Feature","properties":{"id":19159,"nach":0.48279624031507545},"geometry":{"type":"LineString","coordinates":[[-0.3026971,51.3889194],[-0.3030208,51.3887287],[-0.3030522,51.3887061],[-0.303072,51.388669],[-0.3030704,51.3886267],[-0.3030572,51.3885948],[-0.3030225,51.388565900000017],[-0.3029663,51.388536],[-0.3029022,51.3885132]]}},
{"type":"Feature","properties":{"id":19158,"nach":0.49547455545267066},"geometry":{"type":"LineString","coordinates":[[-0.3026311,51.388534],[-0.3027186,51.3885103],[-0.3028194,51.3884989],[-0.3029022,51.3885132]]}},
{"type":"Feature","properties":{"id":42371,"nach":0.62738639244093497},"geometry":{"type":"LineString","coordinates":[[-0.3019542,51.3796513],[-0.3021455,51.379186599999983]]}},
{"type":"Feature","properties":{"id":5948,"nach":0.42545871162006144},"geometry":{"type":"LineString","coordinates":[[-0.2970804,51.3785008],[-0.2965102,51.3782859]]}},
{"type":"Feature","properties":{"id":17220,"nach":0.47064016195272057},"geometry":{"type":"LineString","coordinates":[[-0.2890334,51.381084799999982],[-0.2884069,51.3809833]]}},
{"type":"Feature","properties":{"id":17227,"nach":0.46235003894520488},"geometry":{"type":"LineString","coordinates":[[-0.28895,51.3813196],[-0.2890334,51.381084799999982]]}},
{"type":"Feature","properties":{"id":32937,"nach":0.71111867356393443},"geometry":{"type":"LineString","coordinates":[[-0.2991286,51.3884553],[-0.2993599,51.3881344]]}},
{"type":"Feature","properties":{"id":33044,"nach":0.48231688868940364},"geometry":{"type":"LineString","coordinates":[[-0.2990553,51.3884205],[-0.2991286,51.3884553]]}},
{"type":"Feature","properties":{"id":41296,"nach":0.72615166842488044},"geometry":{"type":"LineString","coordinates":[[-0.29766,51.3885937],[-0.2976749,51.3886248],[-0.2976791,51.3886339]]}},
{"type":"Feature","properties":{"id":41300,"nach":0.72019446666861786},"geometry":{"type":"LineString","coordinates":[[-0.2976398,51.3885527],[-0.2976505,51.3885739],[-0.29766,51.3885937]]}},
{"type":"Feature","properties":{"id":33014,"nach":0.53146623967128237},"geometry":{"type":"LineString","coordinates":[[-0.2996462,51.387973199999983],[-0.2995322,51.3879209]]}},
{"type":"Feature","properties":{"id":28033,"nach":0.7189394793677899},"geometry":{"type":"LineString","coordinates":[[-0.2998982,51.3876018],[-0.2997944,51.3876947],[-0.2996051,51.3878641],[-0.2995322,51.3879209]]}},
{"type":"Feature","properties":{"id":19133,"nach":0.71517312906891528},"geometry":{"type":"LineString","coordinates":[[-0.2993599,51.3881344],[-0.2993812,51.3881093],[-0.2995322,51.3879209]]}},
{"type":"Feature","properties":{"id":33017,"nach":0.57774326882262395},"geometry":{"type":"LineString","coordinates":[[-0.2996462,51.387973199999983],[-0.299688,51.3879922],[-0.2999179,51.3880965],[-0.3000694,51.3881653],[-0.3003499,51.388292599999986],[-0.300381,51.3883067]]}},
{"type":"Feature","properties":{"id":33035,"nach":0.67188771591629071},"geometry":{"type":"LineString","coordinates":[[-0.2996738,51.3879389],[-0.2996462,51.387973199999983]]}},
{"type":"Feature","properties":{"id":33038,"nach":0.67229313724744511},"geometry":{"type":"LineString","coordinates":[[-0.2996155,51.3880029],[-0.2996462,51.387973199999983]]}},
{"type":"Feature","properties":{"id":33052,"nach":0.5729696249466385},"geometry":{"type":"LineString","coordinates":[[-0.2998544,51.3875788],[-0.2998982,51.3876018]]}},
{"type":"Feature","properties":{"id":28035,"nach":0.70921229671641806},"geometry":{"type":"LineString","coordinates":[[-0.3000417,51.3874768],[-0.2998982,51.3876018]]}},
{"type":"Feature","properties":{"id":33041,"nach":0.68291891096298618},"geometry":{"type":"LineString","coordinates":[[-0.2994088,51.388145100000017],[-0.2993599,51.3881344]]}},
{"type":"Feature","properties":{"id":33048,"nach":0.67604832904025824},"geometry":{"type":"LineString","coordinates":[[-0.2993078,51.3881234],[-0.2993599,51.3881344]]}},
{"type":"Feature","properties":{"id":5843,"nach":0.66744421883822358},"geometry":{"type":"LineString","coordinates":[[-0.2835095,51.3822093],[-0.283712,51.3821998],[-0.2839644,51.3821868]]}},
{"type":"Feature","properties":{"id":5836,"nach":0.49654481455211136},"geometry":{"type":"LineString","coordinates":[[-0.2839644,51.3821868],[-0.2839562,51.3821587],[-0.2839614,51.3821468],[-0.2839782,51.3821257],[-0.283993,51.3821104]]}},
{"type":"Feature","properties":{"id":17627,"nach":0.65235585216138425},"geometry":{"type":"LineString","coordinates":[[-0.2842316,51.3822687],[-0.2842141,51.38224790000001],[-0.2841808,51.3822316],[-0.2840488,51.3822064],[-0.2839644,51.3821868]]}},
{"type":"Feature","properties":{"id":35634,"nach":0.57318071937074722},"geometry":{"type":"LineString","coordinates":[[-0.2841591,51.3821423],[-0.2840584,51.3821783],[-0.2839644,51.3821868]]}},
{"type":"Feature","properties":{"id":5846,"nach":0.491191000521492},"geometry":{"type":"LineString","coordinates":[[-0.283475,51.3821037],[-0.2835095,51.3822093]]}},
{"type":"Feature","properties":{"id":10575,"nach":0.67170397781463709},"geometry":{"type":"LineString","coordinates":[[-0.2828302,51.3822312],[-0.2835095,51.3822093]]}},
{"type":"Feature","properties":{"id":29160,"nach":0.54166140183422729},"geometry":{"type":"LineString","coordinates":[[-0.2839596,51.3820877],[-0.2839287,51.3821139],[-0.2838449,51.3821376],[-0.2836067,51.382153700000011],[-0.2835095,51.3822093]]}},
{"type":"Feature","properties":{"id":35636,"nach":0.55614289648281323},"geometry":{"type":"LineString","coordinates":[[-0.283993,51.3821104],[-0.2839596,51.3820877]]}},
{"type":"Feature","properties":{"id":35637,"nach":0.48566655137644077},"geometry":{"type":"LineString","coordinates":[[-0.283993,51.3821104],[-0.2840322,51.3821399],[-0.2840447,51.3821478],[-0.2841144,51.38211110000001],[-0.2841252,51.3821191],[-0.2841591,51.3821423]]}},
{"type":"Feature","properties":{"id":35620,"nach":0.64762517427077004},"geometry":{"type":"LineString","coordinates":[[-0.2843034,51.382266799999989],[-0.2842316,51.3822687]]}},
{"type":"Feature","properties":{"id":17630,"nach":0.45583817424325934},"geometry":{"type":"LineString","coordinates":[[-0.2842034,51.382331500000014],[-0.2842311,51.3823032],[-0.2842316,51.3822687]]}},
{"type":"Feature","properties":{"id":40892,"nach":0.69455859980079648},"geometry":{"type":"LineString","coordinates":[[-0.2857558,51.382601],[-0.285692,51.3825857]]}},
{"type":"Feature","properties":{"id":5839,"nach":0.45689002662084383},"geometry":{"type":"LineString","coordinates":[[-0.285692,51.3825857],[-0.2857314,51.382519]]}},
{"type":"Feature","properties":{"id":38391,"nach":0.6942441580526727},"geometry":{"type":"LineString","coordinates":[[-0.2856606,51.3825777],[-0.2856695,51.3825807],[-0.285692,51.3825857]]}},
{"type":"Feature","properties":{"id":38389,"nach":0.4348602577133085},"geometry":{"type":"LineString","coordinates":[[-0.2856638,51.3826376],[-0.2856743,51.3826174],[-0.285692,51.3825857]]}},
{"type":"Feature","properties":{"id":22379,"nach":0.4533017979172359},"geometry":{"type":"LineString","coordinates":[[-0.2858021,51.3825379],[-0.2857558,51.382601]]}},
{"type":"Feature","properties":{"id":40894,"nach":0.69514028762411517},"geometry":{"type":"LineString","coordinates":[[-0.2857558,51.382601],[-0.2857949,51.38261030000001],[-0.2858166,51.382615]]}},
{"type":"Feature","properties":{"id":40893,"nach":0.43596039408923104},"geometry":{"type":"LineString","coordinates":[[-0.2857558,51.382601],[-0.2857187,51.382651]]}},
{"type":"Feature","properties":{"id":22376,"nach":0.46880496000732125},"geometry":{"type":"LineString","coordinates":[[-0.2857314,51.382519],[-0.2857763,51.3824453]]}},
{"type":"Feature","properties":{"id":22377,"nach":0.60761199727112236},"geometry":{"type":"LineString","coordinates":[[-0.2857314,51.382519],[-0.2856135,51.3824878],[-0.2855606,51.3824766],[-0.2854992,51.3824609]]}},
{"type":"Feature","properties":{"id":22378,"nach":0.61026286472028812},"geometry":{"type":"LineString","coordinates":[[-0.2858021,51.3825379],[-0.2857314,51.382519]]}},
{"type":"Feature","properties":{"id":38390,"nach":0.7012612901689641},"geometry":{"type":"LineString","coordinates":[[-0.2856606,51.3825777],[-0.2856478,51.382550700000017],[-0.2854754,51.3824995]]}},
{"type":"Feature","properties":{"id":38392,"nach":0.54137935783862245},"geometry":{"type":"LineString","coordinates":[[-0.2856606,51.3825777],[-0.2856359,51.3826164],[-0.2856481,51.38263220000001],[-0.2856638,51.3826376]]}},
{"type":"Feature","properties":{"id":29159,"nach":0.57507854088696841},"geometry":{"type":"LineString","coordinates":[[-0.2839596,51.3820877],[-0.2839795,51.3820454],[-0.2839565,51.3819954]]}},
{"type":"Feature","properties":{"id":38912,"nach":0.62182048224063591},"geometry":{"type":"LineString","coordinates":[[-0.2856304,51.3823422],[-0.2855916,51.3823376],[-0.2855761,51.3823345],[-0.2854301,51.3823043]]}},
{"type":"Feature","properties":{"id":5849,"nach":0.51717686452672673},"geometry":{"type":"LineString","coordinates":[[-0.2854301,51.3823043],[-0.2854354,51.3823194],[-0.2854364,51.3823371],[-0.2854306,51.3823705]]}},
{"type":"Feature","properties":{"id":29156,"nach":0.63508527217490618},"geometry":{"type":"LineString","coordinates":[[-0.2845846,51.3820631],[-0.2846199,51.3820747],[-0.284669,51.3820829],[-0.2850181,51.3821861],[-0.2850949,51.382213],[-0.2854121,51.382296599999989],[-0.2854301,51.3823043]]}},
{"type":"Feature","properties":{"id":38910,"nach":0.62362041605880847},"geometry":{"type":"LineString","coordinates":[[-0.2856304,51.3823422],[-0.2856554,51.3823502]]}},
{"type":"Feature","properties":{"id":5850,"nach":0.70556568390734309},"geometry":{"type":"LineString","coordinates":[[-0.2854306,51.3823705],[-0.2854986,51.3823838],[-0.2855533,51.3823953],[-0.2856186,51.382407]]}},
{"type":"Feature","properties":{"id":40880,"nach":0.69962044597387607},"geometry":{"type":"LineString","coordinates":[[-0.284801,51.3822275],[-0.2849914,51.3822777],[-0.2852292,51.3823318],[-0.2853642,51.3823595],[-0.2854306,51.3823705]]}},
{"type":"Feature","properties":{"id":29092,"nach":0.54827350419886345},"geometry":{"type":"LineString","coordinates":[[-0.2856554,51.3823502],[-0.2856296,51.3823823],[-0.2856186,51.382407]]}},
{"type":"Feature","properties":{"id":29105,"nach":0.44082306664426141},"geometry":{"type":"LineString","coordinates":[[-0.2854992,51.3824609],[-0.2855107,51.3824395],[-0.2855164,51.3824293],[-0.2856004,51.3824441],[-0.285607,51.382433399999989],[-0.2856186,51.382407]]}},
{"type":"Feature","properties":{"id":29038,"nach":0.70803217833934073},"geometry":{"type":"LineString","coordinates":[[-0.2856186,51.382407],[-0.2856521,51.382415299999977],[-0.2857763,51.3824453]]}},
{"type":"Feature","properties":{"id":32800,"nach":0.56119599128101916},"geometry":{"type":"LineString","coordinates":[[-0.2981693,51.390405199999982],[-0.2982075,51.3904029],[-0.2983553,51.3903909],[-0.2985008,51.3903942],[-0.2990217,51.390441],[-0.299082,51.390458]]}},
{"type":"Feature","properties":{"id":32799,"nach":0.74647054438930283},"geometry":{"type":"LineString","coordinates":[[-0.2981693,51.390405199999982],[-0.2981814,51.3904452]]}},
{"type":"Feature","properties":{"id":33086,"nach":0.74833132400736646},"geometry":{"type":"LineString","coordinates":[[-0.2981596,51.3903585],[-0.2981693,51.390405199999982]]}},
{"type":"Feature","properties":{"id":40058,"nach":0.7484210521553305},"geometry":{"type":"LineString","coordinates":[[-0.2982763,51.3913818],[-0.2982832,51.3914124]]}},
{"type":"Feature","properties":{"id":37531,"nach":0.71890431326629523},"geometry":{"type":"LineString","coordinates":[[-0.2983589,51.391335],[-0.2983508,51.3913485],[-0.2982763,51.3913818]]}},
{"type":"Feature","properties":{"id":7320,"nach":0.4885678411809744},"geometry":{"type":"LineString","coordinates":[[-0.2805436,51.3905062],[-0.2803593,51.3906738],[-0.2802159,51.3908634],[-0.2800753,51.39165220000001],[-0.2800851,51.3917058]]}},
{"type":"Feature","properties":{"id":18224,"nach":0.4907901006989458},"geometry":{"type":"LineString","coordinates":[[-0.2812786,51.3899691],[-0.2812239,51.3900421],[-0.2810267,51.3902975],[-0.2808692,51.390418199999985],[-0.2805436,51.3905062]]}},
{"type":"Feature","properties":{"id":24054,"nach":0.31687419158257862},"geometry":{"type":"LineString","coordinates":[[-0.2802392,51.3904023],[-0.2803357,51.3904391],[-0.2805436,51.3905062]]}},
{"type":"Feature","properties":{"id":12706,"nach":0.50009864937484505},"geometry":{"type":"LineString","coordinates":[[-0.2970977,51.3942988],[-0.2970988,51.3944407]]}},
{"type":"Feature","properties":{"id":12705,"nach":0.58134944325325988},"geometry":{"type":"LineString","coordinates":[[-0.2970977,51.3942988],[-0.2970867,51.3940636]]}},
{"type":"Feature","properties":{"id":12707,"nach":0.50210867804621551},"geometry":{"type":"LineString","coordinates":[[-0.2970977,51.3942988],[-0.2971949,51.3942971]]}},
{"type":"Feature","properties":{"id":7369,"nach":0.50069398460683812},"geometry":{"type":"LineString","coordinates":[[-0.2976816,51.3940607],[-0.2970867,51.3940636]]}},
{"type":"Feature","properties":{"id":29135,"nach":0.75916105230236874},"geometry":{"type":"LineString","coordinates":[[-0.2983185,51.3932731],[-0.2979075,51.3932791]]}},
{"type":"Feature","properties":{"id":19148,"nach":0.59670460682673199},"geometry":{"type":"LineString","coordinates":[[-0.2978675,51.3930618],[-0.2979075,51.3932791]]}},
{"type":"Feature","properties":{"id":6855,"nach":0.67734449599609758},"geometry":{"type":"LineString","coordinates":[[-0.2969293,51.3920834],[-0.2968077,51.3921254],[-0.29666,51.3921891],[-0.2965438,51.3922821]]}},
{"type":"Feature","properties":{"id":7410,"nach":0.73822333346270108},"geometry":{"type":"LineString","coordinates":[[-0.2966934,51.3925579],[-0.2965899,51.3923093],[-0.2965438,51.3922821]]}},
{"type":"Feature","properties":{"id":7476,"nach":0.70715313389236589},"geometry":{"type":"LineString","coordinates":[[-0.2963226,51.3920399],[-0.2963853,51.3921517],[-0.296467,51.392261],[-0.2965438,51.3922821]]}},
{"type":"Feature","properties":{"id":7491,"nach":0.5829192782032464},"geometry":{"type":"LineString","coordinates":[[-0.2958926,51.3924137],[-0.2961045,51.3923796],[-0.2962379,51.3923414],[-0.2963988,51.3922978],[-0.2965438,51.3922821]]}},
{"type":"Feature","properties":{"id":13235,"nach":0.67654787537727656},"geometry":{"type":"LineString","coordinates":[[-0.2970619,51.39175860000001],[-0.2970642,51.391851],[-0.2970151,51.3919948],[-0.2969293,51.3920834]]}},
{"type":"Feature","properties":{"id":19136,"nach":0.52372635221703234},"geometry":{"type":"LineString","coordinates":[[-0.297073,51.3921321],[-0.2970212,51.3921267],[-0.2969293,51.3920834]]}},
{"type":"Feature","properties":{"id":8129,"nach":0.71798321148711475},"geometry":{"type":"LineString","coordinates":[[-0.2962975,51.3919297],[-0.2963226,51.3920399]]}},
{"type":"Feature","properties":{"id":7486,"nach":0.64590283213052901},"geometry":{"type":"LineString","coordinates":[[-0.2957647,51.3921406],[-0.2963226,51.3920399]]}},
{"type":"Feature","properties":{"id":7489,"nach":0.5600765318913794},"geometry":{"type":"LineString","coordinates":[[-0.2958926,51.3924137],[-0.2956051,51.392467]]}},
{"type":"Feature","properties":{"id":7490,"nach":0.44090308873711781},"geometry":{"type":"LineString","coordinates":[[-0.2958926,51.3924137],[-0.2957647,51.3921406]]}},
{"type":"Feature","properties":{"id":13237,"nach":0.70700491443244762},"geometry":{"type":"LineString","coordinates":[[-0.2966343,51.3918385],[-0.2970619,51.39175860000001]]}},
{"type":"Feature","properties":{"id":19141,"nach":0.079089585931944803},"geometry":{"type":"LineString","coordinates":[[-0.2972001,51.3926815],[-0.297475,51.3927021],[-0.2976123,51.3926901],[-0.2974835,51.392110099999989],[-0.2971601,51.3921413],[-0.297073,51.3921321]]}},
{"type":"Feature","properties":{"id":27911,"nach":0.50469401310634565},"geometry":{"type":"LineString","coordinates":[[-0.2815436,51.389808600000016],[-0.281658,51.3897849],[-0.2817948,51.3897658]]}},
{"type":"Feature","properties":{"id":27906,"nach":0.34981222811627594},"geometry":{"type":"LineString","coordinates":[[-0.2814771,51.3896758],[-0.2813133,51.389711799999986],[-0.2811916,51.3897401],[-0.2810441,51.3897984],[-0.2807378,51.3899247],[-0.2803603,51.3900933],[-0.2800818,51.3902433],[-0.2799014,51.390327500000019],[-0.2798193,51.3903604]]}},
{"type":"Feature","properties":{"id":27912,"nach":0.36879223243972803},"geometry":{"type":"LineString","coordinates":[[-0.2815436,51.389808600000016],[-0.2815139,51.389747799999988],[-0.2815087,51.3897371],[-0.2814771,51.3896758]]}},
{"type":"Feature","properties":{"id":27910,"nach":0.49596277285110868},"geometry":{"type":"LineString","coordinates":[[-0.2815436,51.389808600000016],[-0.2815246,51.3898509],[-0.2813805,51.3899466],[-0.2812786,51.3899691]]}},
{"type":"Feature","properties":{"id":29705,"nach":0.58694280252499664},"geometry":{"type":"LineString","coordinates":[[-0.2940712,51.3921566],[-0.2942993,51.392096]]}},
{"type":"Feature","properties":{"id":7376,"nach":0.67849392416139531},"geometry":{"type":"LineString","coordinates":[[-0.2947784,51.3917468],[-0.2945741,51.391705]]}},
{"type":"Feature","properties":{"id":7390,"nach":0.63119530892846953},"geometry":{"type":"LineString","coordinates":[[-0.2945413,51.3915074],[-0.2945741,51.391705]]}},
{"type":"Feature","properties":{"id":7385,"nach":0.61053560549679786},"geometry":{"type":"LineString","coordinates":[[-0.2948423,51.3921303],[-0.2948638,51.3920766],[-0.2947839,51.3918263],[-0.2947784,51.3917468]]}},
{"type":"Feature","properties":{"id":7526,"nach":0.70086123193858985},"geometry":{"type":"LineString","coordinates":[[-0.2952128,51.391734],[-0.2949126,51.3917538],[-0.2947784,51.3917468]]}},
{"type":"Feature","properties":{"id":7520,"nach":0.63080243887114618},"geometry":{"type":"LineString","coordinates":[[-0.2948571,51.391446],[-0.2948741,51.3914784],[-0.2945413,51.3915074]]}},
{"type":"Feature","properties":{"id":7517,"nach":0.53178537652308167},"geometry":{"type":"LineString","coordinates":[[-0.2943584,51.3912069],[-0.2945524,51.391454],[-0.2945413,51.3915074]]}},
{"type":"Feature","properties":{"id":18295,"nach":0.63510058046737417},"geometry":{"type":"LineString","coordinates":[[-0.2943785,51.391431300000015],[-0.2944054,51.3914331],[-0.2944709,51.3914474],[-0.2945413,51.3915074]]}},
{"type":"Feature","properties":{"id":7468,"nach":0.61578503636403559},"geometry":{"type":"LineString","coordinates":[[-0.2949334,51.3922886],[-0.2948423,51.3921303]]}},
{"type":"Feature","properties":{"id":7388,"nach":0.65722460900317192},"geometry":{"type":"LineString","coordinates":[[-0.2946673,51.3921808],[-0.2947815,51.392159899999989],[-0.2948423,51.3921303]]}},
{"type":"Feature","properties":{"id":7524,"nach":0.7006612898292246},"geometry":{"type":"LineString","coordinates":[[-0.2952128,51.391734],[-0.2953032,51.3917308]]}},
{"type":"Feature","properties":{"id":7529,"nach":0.51916265437159836},"geometry":{"type":"LineString","coordinates":[[-0.2951818,51.3914813],[-0.2951283,51.3914835],[-0.2952128,51.391734]]}},
{"type":"Feature","properties":{"id":13210,"nach":0.51793528228508834},"geometry":{"type":"LineString","coordinates":[[-0.2956663,51.3917746],[-0.2956274,51.3916924]]}},
{"type":"Feature","properties":{"id":7449,"nach":0.71153061545002505},"geometry":{"type":"LineString","coordinates":[[-0.2960861,51.3915978],[-0.2956274,51.3916924]]}},
{"type":"Feature","properties":{"id":7430,"nach":0.70021707635525821},"geometry":{"type":"LineString","coordinates":[[-0.2953032,51.3917308],[-0.2956274,51.3916924]]}},
{"type":"Feature","properties":{"id":7523,"nach":0.54629463600095662},"geometry":{"type":"LineString","coordinates":[[-0.2954764,51.3914347],[-0.2955671,51.3915824],[-0.2956038,51.3916372],[-0.2956274,51.3916924]]}},
{"type":"Feature","properties":{"id":13227,"nach":0.70703295245025466},"geometry":{"type":"LineString","coordinates":[[-0.2959426,51.3912945],[-0.2960861,51.3915978]]}},
{"type":"Feature","properties":{"id":7533,"nach":0.68851863489419907},"geometry":{"type":"LineString","coordinates":[[-0.2963985,51.3915426],[-0.2960861,51.3915978]]}},
{"type":"Feature","properties":{"id":8130,"nach":0.69107237127721588},"geometry":{"type":"LineString","coordinates":[[-0.2962975,51.3919297],[-0.2962898,51.3918374],[-0.2962096,51.3916877],[-0.2960861,51.3915978]]}},
{"type":"Feature","properties":{"id":7432,"nach":0.55752322820393707},"geometry":{"type":"LineString","coordinates":[[-0.2953032,51.3917308],[-0.2953803,51.3919213],[-0.2954436,51.3919551],[-0.2955299,51.3921613],[-0.2955215,51.392184]]}},
{"type":"Feature","properties":{"id":7522,"nach":0.4575973655770289},"geometry":{"type":"LineString","coordinates":[[-0.2954764,51.3914347],[-0.2953554,51.3912542]]}},
{"type":"Feature","properties":{"id":7527,"nach":0.5351366020717071},"geometry":{"type":"LineString","coordinates":[[-0.2951818,51.3914813],[-0.2954764,51.3914347]]}},
{"type":"Feature","properties":{"id":7470,"nach":0.50686472079588685},"geometry":{"type":"LineString","coordinates":[[-0.2951345,51.3926753],[-0.2949334,51.3922886]]}},
{"type":"Feature","properties":{"id":7495,"nach":0.62607539012830205},"geometry":{"type":"LineString","coordinates":[[-0.2952202,51.392229800000017],[-0.2949334,51.3922886]]}},
{"type":"Feature","properties":{"id":7398,"nach":0.51152840702956515},"geometry":{"type":"LineString","coordinates":[[-0.2947139,51.39222620000001],[-0.2946673,51.3921808]]}},
{"type":"Feature","properties":{"id":7399,"nach":0.5117752849713012},"geometry":{"type":"LineString","coordinates":[[-0.2946518,51.3921366],[-0.2946673,51.3921808]]}},
{"type":"Feature","properties":{"id":7518,"nach":0.2710983198539742},"geometry":{"type":"LineString","coordinates":[[-0.2948571,51.391446],[-0.2946995,51.3911455]]}},
{"type":"Feature","properties":{"id":7532,"nach":0.63603173679015579},"geometry":{"type":"LineString","coordinates":[[-0.2951386,51.3913926],[-0.2948571,51.391446]]}},
{"type":"Feature","properties":{"id":7514,"nach":0.54937525360548645},"geometry":{"type":"LineString","coordinates":[[-0.2943584,51.3912069],[-0.2946995,51.3911455]]}},
{"type":"Feature","properties":{"id":17257,"nach":0.6168715218154035},"geometry":{"type":"LineString","coordinates":[[-0.2942742,51.39103020000001],[-0.2943584,51.3912069]]}},
{"type":"Feature","properties":{"id":17264,"nach":0.61706112201137453},"geometry":{"type":"LineString","coordinates":[[-0.2942756,51.3912285],[-0.2943584,51.3912069]]}},
{"type":"Feature","properties":{"id":18294,"nach":0.66610006273246936},"geometry":{"type":"LineString","coordinates":[[-0.2943785,51.391431300000015],[-0.2943447,51.391434899999986],[-0.2942411,51.3914546]]}},
{"type":"Feature","properties":{"id":18296,"nach":0.62214446997777773},"geometry":{"type":"LineString","coordinates":[[-0.2943785,51.391431300000015],[-0.2943688,51.3914037],[-0.2942756,51.3912285]]}},
{"type":"Feature","properties":{"id":7401,"nach":0.50930033876442415},"geometry":{"type":"LineString","coordinates":[[-0.294228,51.3914275],[-0.2942411,51.3914546]]}},
{"type":"Feature","properties":{"id":7400,"nach":0.50880132798168198},"geometry":{"type":"LineString","coordinates":[[-0.2942765,51.391508800000011],[-0.2942411,51.3914546]]}},
{"type":"Feature","properties":{"id":12790,"nach":0.50941146912292923},"geometry":{"type":"LineString","coordinates":[[-0.2963134,51.3936734],[-0.2963988,51.3936703]]}},
{"type":"Feature","properties":{"id":12792,"nach":0.50612354258325987},"geometry":{"type":"LineString","coordinates":[[-0.2963134,51.3936734],[-0.2963419,51.3939684]]}},
{"type":"Feature","properties":{"id":7422,"nach":0.54866544800878791},"geometry":{"type":"LineString","coordinates":[[-0.2955775,51.392406400000013],[-0.2956051,51.392467]]}},
{"type":"Feature","properties":{"id":7500,"nach":0.0},"geometry":{"type":"LineString","coordinates":[[-0.2953227,51.392451199999989],[-0.295404,51.3926382],[-0.2956662,51.3925894],[-0.2956051,51.392467]]}},
{"type":"Feature","properties":{"id":7425,"nach":0.50534230625336152},"geometry":{"type":"LineString","coordinates":[[-0.2954823,51.39219030000001],[-0.2955775,51.392406400000013]]}},
{"type":"Feature","properties":{"id":7499,"nach":0.49353471926402886},"geometry":{"type":"LineString","coordinates":[[-0.2953227,51.392451199999989],[-0.2955775,51.392406400000013]]}},
{"type":"Feature","properties":{"id":7498,"nach":0.41219443516906601},"geometry":{"type":"LineString","coordinates":[[-0.2953227,51.392451199999989],[-0.2952202,51.392229800000017]]}},
{"type":"Feature","properties":{"id":7427,"nach":0.64600646066055256},"geometry":{"type":"LineString","coordinates":[[-0.2955215,51.392184],[-0.2954823,51.39219030000001]]}},
{"type":"Feature","properties":{"id":7497,"nach":0.62954073060041948},"geometry":{"type":"LineString","coordinates":[[-0.2952202,51.392229800000017],[-0.2953833,51.3922015],[-0.2954823,51.39219030000001]]}},
{"type":"Feature","properties":{"id":7487,"nach":0.64186224910186684},"geometry":{"type":"LineString","coordinates":[[-0.2957647,51.3921406],[-0.2955215,51.392184]]}},
{"type":"Feature","properties":{"id":13228,"nach":0.71790590875467719},"geometry":{"type":"LineString","coordinates":[[-0.2959426,51.3912945],[-0.2958954,51.3912142]]}},
{"type":"Feature","properties":{"id":13229,"nach":0.70377679344447697},"geometry":{"type":"LineString","coordinates":[[-0.2959426,51.3912945],[-0.2958263,51.3912774],[-0.2957132,51.3912617],[-0.2954787,51.3912458],[-0.2953554,51.3912542]]}},
{"type":"Feature","properties":{"id":13230,"nach":0.68177563728993806},"geometry":{"type":"LineString","coordinates":[[-0.2964837,51.3915268],[-0.2963985,51.3915426]]}},
{"type":"Feature","properties":{"id":7539,"nach":0.50819521807576429},"geometry":{"type":"LineString","coordinates":[[-0.29632,51.3913639],[-0.2963985,51.3915426]]}},
{"type":"Feature","properties":{"id":13238,"nach":0.63867883474185405},"geometry":{"type":"LineString","coordinates":[[-0.2966343,51.3918385],[-0.2966481,51.391866700000016],[-0.2962975,51.3919297]]}},
{"type":"Feature","properties":{"id":13236,"nach":0.67880837280170458},"geometry":{"type":"LineString","coordinates":[[-0.2966343,51.3918385],[-0.2964837,51.3915268]]}},
{"type":"Feature","properties":{"id":7540,"nach":0.54222131238766758},"geometry":{"type":"LineString","coordinates":[[-0.29632,51.3913639],[-0.2965744,51.3913214]]}},
{"type":"Feature","properties":{"id":7544,"nach":0.61038986608520196},"geometry":{"type":"LineString","coordinates":[[-0.2964155,51.3908954],[-0.2964964,51.391079299999987],[-0.2964923,51.3911247],[-0.2965744,51.3913214]]}},
{"type":"Feature","properties":{"id":37425,"nach":0.71931805973801299},"geometry":{"type":"LineString","coordinates":[[-0.2982201,51.39159440000001],[-0.2982262,51.3916164],[-0.2982665,51.391783]]}},
{"type":"Feature","properties":{"id":37422,"nach":0.67775288545783152},"geometry":{"type":"LineString","coordinates":[[-0.2982201,51.39159440000001],[-0.298258,51.3915915]]}},
{"type":"Feature","properties":{"id":37427,"nach":0.65221831498130811},"geometry":{"type":"LineString","coordinates":[[-0.2982124,51.391485200000012],[-0.2982137,51.3915576],[-0.2982201,51.39159440000001]]}},
{"type":"Feature","properties":{"id":29011,"nach":0.71273322269550154},"geometry":{"type":"LineString","coordinates":[[-0.298258,51.3915915],[-0.2983264,51.3915862]]}},
{"type":"Feature","properties":{"id":32252,"nach":0.736469681017904},"geometry":{"type":"LineString","coordinates":[[-0.2983706,51.3917739],[-0.2983264,51.3915862]]}},
{"type":"Feature","properties":{"id":7643,"nach":0.75197319317955824},"geometry":{"type":"LineString","coordinates":[[-0.2983176,51.3915503],[-0.2983264,51.3915862]]}},
{"type":"Feature","properties":{"id":29012,"nach":0.63195667632341301},"geometry":{"type":"LineString","coordinates":[[-0.298258,51.3915915],[-0.2982493,51.3915571],[-0.2982359,51.3914999],[-0.2982124,51.391485200000012]]}},
{"type":"Feature","properties":{"id":37429,"nach":0.52030428231948478},"geometry":{"type":"LineString","coordinates":[[-0.2982953,51.3917805],[-0.298258,51.3915915]]}},
{"type":"Feature","properties":{"id":37527,"nach":0.76363039172763469},"geometry":{"type":"LineString","coordinates":[[-0.2984028,51.39192760000001],[-0.2983706,51.3917739]]}},
{"type":"Feature","properties":{"id":37428,"nach":0.68460390008078964},"geometry":{"type":"LineString","coordinates":[[-0.2982953,51.3917805],[-0.2983706,51.3917739]]}},
{"type":"Feature","properties":{"id":40062,"nach":0.43847661088481676},"geometry":{"type":"LineString","coordinates":[[-0.2984695,51.3917654],[-0.298448,51.391767],[-0.2983706,51.3917739]]}},
{"type":"Feature","properties":{"id":29047,"nach":0.4787765009025638},"geometry":{"type":"LineString","coordinates":[[-0.2984156,51.391542],[-0.2983176,51.3915503]]}},
{"type":"Feature","properties":{"id":17730,"nach":0.74911294608048795},"geometry":{"type":"LineString","coordinates":[[-0.2982832,51.3914124],[-0.2983176,51.3915503]]}},
{"type":"Feature","properties":{"id":7702,"nach":0.64882878824332091},"geometry":{"type":"LineString","coordinates":[[-0.3011949,51.393315200000011],[-0.3008648,51.3934736],[-0.3001251,51.39376930000001],[-0.3000295,51.3936961]]}},
{"type":"Feature","properties":{"id":37460,"nach":0.65900297375199879},"geometry":{"type":"LineString","coordinates":[[-0.2988564,51.3941109],[-0.298915,51.3940961],[-0.2990561,51.3940392],[-0.2994354,51.3938965],[-0.3000295,51.3936961]]}},
{"type":"Feature","properties":{"id":7688,"nach":0.51226372059491854},"geometry":{"type":"LineString","coordinates":[[-0.3005626,51.3931964],[-0.3004721,51.393463],[-0.3003244,51.3935869],[-0.3002034,51.3936317],[-0.3000295,51.3936961]]}},
{"type":"Feature","properties":{"id":7703,"nach":0.71485853891101914},"geometry":{"type":"LineString","coordinates":[[-0.3011949,51.393315200000011],[-0.3013304,51.39327],[-0.3014682,51.3932215],[-0.3015819,51.3931929],[-0.3017713,51.3931546],[-0.3019749,51.3931005],[-0.3021383,51.3930354],[-0.3021703,51.3930226],[-0.3024322,51.392918300000012],[-0.3027239,51.3927896],[-0.3030523,51.392629],[-0.3030969,51.3926012]]}},
{"type":"Feature","properties":{"id":7701,"nach":0.68028248902918931},"geometry":{"type":"LineString","coordinates":[[-0.3011949,51.393315200000011],[-0.3008974,51.3931424]]}},
{"type":"Feature","properties":{"id":37459,"nach":0.59586078019008915},"geometry":{"type":"LineString","coordinates":[[-0.2988564,51.3941109],[-0.2988336,51.3941175]]}},
{"type":"Feature","properties":{"id":37461,"nach":0.59254043239916332},"geometry":{"type":"LineString","coordinates":[[-0.2988564,51.3941109],[-0.2988621,51.3941432],[-0.29886,51.3942003],[-0.29886,51.3942422],[-0.2988627,51.3942907],[-0.2988754,51.3943811],[-0.2988847,51.394469],[-0.2988888,51.3945074],[-0.2989136,51.3946187],[-0.2989532,51.3947886],[-0.2989771,51.3948538],[-0.2989711,51.3948708]]}},
{"type":"Feature","properties":{"id":37484,"nach":0.57211612802237077},"geometry":{"type":"LineString","coordinates":[[-0.2988116,51.394003500000011],[-0.2988335,51.3940202],[-0.2988437,51.394051],[-0.298851,51.3940809],[-0.2988564,51.3941109]]}},
{"type":"Feature","properties":{"id":29026,"nach":0.68417903337345798},"geometry":{"type":"LineString","coordinates":[[-0.2987054,51.392830700000019],[-0.2987895,51.39283],[-0.2990292,51.3928279],[-0.2993744,51.3928454],[-0.2995173,51.3928645],[-0.3003703,51.3930714],[-0.3004826,51.3931192],[-0.3005626,51.3931964]]}},
{"type":"Feature","properties":{"id":7699,"nach":0.68464811634134914},"geometry":{"type":"LineString","coordinates":[[-0.3008974,51.3931424],[-0.3006107,51.393183],[-0.3005626,51.3931964]]}},
{"type":"Feature","properties":{"id":23096,"nach":0.62531972434316818},"geometry":{"type":"LineString","coordinates":[[-0.2988336,51.3941175],[-0.298754,51.3941245]]}},
{"type":"Feature","properties":{"id":19608,"nach":0.71383930021739916},"geometry":{"type":"LineString","coordinates":[[-0.2987633,51.394380899999987],[-0.298754,51.3941245]]}},
{"type":"Feature","properties":{"id":19605,"nach":0.71506265738138286},"geometry":{"type":"LineString","coordinates":[[-0.2987507,51.3940753],[-0.298754,51.3941245]]}},
{"type":"Feature","properties":{"id":37457,"nach":0.74808594813566132},"geometry":{"type":"LineString","coordinates":[[-0.2989711,51.3948708],[-0.2989589,51.3948552],[-0.2989428,51.3948166],[-0.2988593,51.394471699999983],[-0.2988379,51.3942741],[-0.2988456,51.3941984],[-0.2988426,51.3941481],[-0.2988336,51.3941175]]}},
{"type":"Feature","properties":{"id":37483,"nach":0.74663124218033405},"geometry":{"type":"LineString","coordinates":[[-0.2988116,51.394003500000011],[-0.2988086,51.3940158],[-0.2988181,51.394055],[-0.2988204,51.3940821],[-0.2988336,51.3941175]]}},
{"type":"Feature","properties":{"id":19609,"nach":0.0},"geometry":{"type":"LineString","coordinates":[[-0.2987633,51.394380899999987],[-0.2984961,51.394396800000017],[-0.2981578,51.3945389],[-0.297884,51.3945882],[-0.2978598,51.3941699],[-0.2987507,51.3940753]]}},
{"type":"Feature","properties":{"id":34519,"nach":0.71359085689380108},"geometry":{"type":"LineString","coordinates":[[-0.2988819,51.3950023],[-0.2988617,51.3949244],[-0.2988473,51.3948751],[-0.2987976,51.3946563],[-0.2987902,51.3946097],[-0.2987699,51.3944811],[-0.2987633,51.394380899999987]]}},
{"type":"Feature","properties":{"id":19606,"nach":0.71422297723899575},"geometry":{"type":"LineString","coordinates":[[-0.2987507,51.3940753],[-0.2987454,51.3940113]]}},
{"type":"Feature","properties":{"id":7481,"nach":0.71791499775676526},"geometry":{"type":"LineString","coordinates":[[-0.29575,51.391027599999987],[-0.2958588,51.3911803],[-0.2958954,51.3912142]]}},
{"type":"Feature","properties":{"id":7541,"nach":0.47154159163262888},"geometry":{"type":"LineString","coordinates":[[-0.29632,51.3913639],[-0.2962017,51.391130299999986],[-0.2959559,51.3911732],[-0.2958954,51.3912142]]}},
{"type":"Feature","properties":{"id":7543,"nach":0.36418008683301983},"geometry":{"type":"LineString","coordinates":[[-0.2964155,51.3908954],[-0.29575,51.391027599999987]]}},
{"type":"Feature","properties":{"id":7484,"nach":0.71728433756630205},"geometry":{"type":"LineString","coordinates":[[-0.2956473,51.3904952],[-0.2956443,51.3907882],[-0.2956558,51.390866400000021],[-0.29575,51.391027599999987]]}},
{"type":"Feature","properties":{"id":7546,"nach":0.61160934872974693},"geometry":{"type":"LineString","coordinates":[[-0.2961701,51.3903968],[-0.2964155,51.3908954]]}},
{"type":"Feature","properties":{"id":7545,"nach":0.66491848350741289},"geometry":{"type":"LineString","coordinates":[[-0.2961701,51.3903968],[-0.2956473,51.3904952]]}},
{"type":"Feature","properties":{"id":7549,"nach":0.64238899081672818},"geometry":{"type":"LineString","coordinates":[[-0.2952,51.390933],[-0.2953554,51.3912542]]}},
{"type":"Feature","properties":{"id":7507,"nach":0.66289258799584394},"geometry":{"type":"LineString","coordinates":[[-0.295103,51.3913216],[-0.2952873,51.391284699999986],[-0.2953554,51.3912542]]}},
{"type":"Feature","properties":{"id":7552,"nach":0.61283534201424827},"geometry":{"type":"LineString","coordinates":[[-0.2948348,51.3910008],[-0.2952,51.390933]]}},
{"type":"Feature","properties":{"id":7530,"nach":0.64888361415489793},"geometry":{"type":"LineString","coordinates":[[-0.2951386,51.3913926],[-0.295103,51.3913216]]}},
{"type":"Feature","properties":{"id":7509,"nach":0.5674723890146941},"geometry":{"type":"LineString","coordinates":[[-0.2948758,51.3911285],[-0.2950029,51.3911357],[-0.295103,51.3913216]]}},
{"type":"Feature","properties":{"id":7531,"nach":0.57263315548564941},"geometry":{"type":"LineString","coordinates":[[-0.2951386,51.3913926],[-0.2951818,51.3914813]]}},
{"type":"Feature","properties":{"id":7551,"nach":0.5557708453798087},"geometry":{"type":"LineString","coordinates":[[-0.2948348,51.3910008],[-0.2948758,51.3911285]]}},
{"type":"Feature","properties":{"id":7513,"nach":0.56691560472069935},"geometry":{"type":"LineString","coordinates":[[-0.2946995,51.3911455],[-0.2948276,51.391129299999989],[-0.2948758,51.3911285]]}},
{"type":"Feature","properties":{"id":17259,"nach":0.62778591113503379},"geometry":{"type":"LineString","coordinates":[[-0.2948248,51.3909764],[-0.2948348,51.3910008]]}},
{"type":"Feature","properties":{"id":17256,"nach":0.64182359243535159},"geometry":{"type":"LineString","coordinates":[[-0.2942742,51.39103020000001],[-0.2947872,51.3909607]]}},
{"type":"Feature","properties":{"id":17262,"nach":0.53994913544843137},"geometry":{"type":"LineString","coordinates":[[-0.2941828,51.3910539],[-0.2942742,51.39103020000001]]}},
{"type":"Feature","properties":{"id":17265,"nach":0.47080563570006595},"geometry":{"type":"LineString","coordinates":[[-0.2942756,51.3912285],[-0.2941828,51.3910539]]}},
{"type":"Feature","properties":{"id":17258,"nach":0.62277768852969173},"geometry":{"type":"LineString","coordinates":[[-0.2948248,51.3909764],[-0.2947872,51.3909607]]}},
{"type":"Feature","properties":{"id":17269,"nach":0.0},"geometry":{"type":"LineString","coordinates":[[-0.2947545,51.3908939],[-0.2951332,51.3908196],[-0.2951735,51.3909117],[-0.2948248,51.3909764]]}},
{"type":"Feature","properties":{"id":17267,"nach":0.65823471169591785},"geometry":{"type":"LineString","coordinates":[[-0.2947545,51.3908939],[-0.2947872,51.3909607]]}},
{"type":"Feature","properties":{"id":17268,"nach":0.65590935554946472},"geometry":{"type":"LineString","coordinates":[[-0.2947545,51.3908939],[-0.2947301,51.3908441],[-0.2945374,51.39048050000001]]}},
{"type":"Feature","properties":{"id":13242,"nach":0.66466173492586189},"geometry":{"type":"LineString","coordinates":[[-0.2945918,51.39046960000001],[-0.2945374,51.39048050000001]]}},
{"type":"Feature","properties":{"id":13243,"nach":0.67446788043403116},"geometry":{"type":"LineString","coordinates":[[-0.2945918,51.39046960000001],[-0.2943634,51.3900503]]}},
{"type":"Feature","properties":{"id":44922,"nach":0.7483023263990124},"geometry":{"type":"LineString","coordinates":[[-0.3035757,51.39236480000001],[-0.3035152,51.3923902],[-0.3033807,51.3924464],[-0.303343,51.3924641]]}},
{"type":"Feature","properties":{"id":44924,"nach":0.52451116240171802},"geometry":{"type":"LineString","coordinates":[[-0.3034708,51.392534],[-0.3036056,51.3924773],[-0.3036673,51.3924515],[-0.3036215,51.3924081],[-0.3035757,51.39236480000001]]}},
{"type":"Feature","properties":{"id":38538,"nach":0.74671473665746269},"geometry":{"type":"LineString","coordinates":[[-0.3037492,51.3922891],[-0.3037184,51.3922612],[-0.3036846,51.3922753],[-0.303577,51.3923191],[-0.3034382,51.392374]]}},
{"type":"Feature","properties":{"id":38539,"nach":0.76839344771185969},"geometry":{"type":"LineString","coordinates":[[-0.3037492,51.3922891],[-0.3037865,51.3923228],[-0.3038438,51.3923747]]}},
{"type":"Feature","properties":{"id":7631,"nach":0.72023689950939351},"geometry":{"type":"LineString","coordinates":[[-0.3025682,51.39253],[-0.3026698,51.392532],[-0.3029424,51.3924754]]}},
{"type":"Feature","properties":{"id":7628,"nach":0.61587456620713177},"geometry":{"type":"LineString","coordinates":[[-0.3030228,51.3922097],[-0.3030347,51.3923415],[-0.3030284,51.3923947],[-0.303005,51.3924404],[-0.3029424,51.3924754]]}},
{"type":"Feature","properties":{"id":7634,"nach":0.73120856752249253},"geometry":{"type":"LineString","coordinates":[[-0.3030969,51.3926012],[-0.3030069,51.3925312],[-0.3029424,51.3924754]]}},
{"type":"Feature","properties":{"id":38433,"nach":0.5397587878201654},"geometry":{"type":"LineString","coordinates":[[-0.3031924,51.3922259],[-0.3033454,51.3923725],[-0.3030519,51.3924969],[-0.3029424,51.3924754]]}},
{"type":"Feature","properties":{"id":7632,"nach":0.60920082924283181},"geometry":{"type":"LineString","coordinates":[[-0.3025682,51.39253],[-0.3026866,51.3924267],[-0.3028413,51.3922015],[-0.3030228,51.3922097]]}},
{"type":"Feature","properties":{"id":35375,"nach":0.73235851162146182},"geometry":{"type":"LineString","coordinates":[[-0.3023146,51.3924834],[-0.3025682,51.39253]]}},
{"type":"Feature","properties":{"id":44919,"nach":0.75193640495071123},"geometry":{"type":"LineString","coordinates":[[-0.303343,51.3924641],[-0.3031071,51.3925685],[-0.3030969,51.3926012]]}},
{"type":"Feature","properties":{"id":35376,"nach":0.52159280672227237},"geometry":{"type":"LineString","coordinates":[[-0.3023146,51.3924834],[-0.3022132,51.3926503],[-0.3022198,51.392708],[-0.3021801,51.3929037]]}},
{"type":"Feature","properties":{"id":37447,"nach":0.72975309193971205},"geometry":{"type":"LineString","coordinates":[[-0.3018106,51.3923768],[-0.3023146,51.3924834]]}},
{"type":"Feature","properties":{"id":44918,"nach":0.58445455484457143},"geometry":{"type":"LineString","coordinates":[[-0.303343,51.3924641],[-0.3033069,51.3924305],[-0.3034382,51.392374]]}},
{"type":"Feature","properties":{"id":29048,"nach":0.52570591050025439},"geometry":{"type":"LineString","coordinates":[[-0.2984156,51.391542],[-0.2995536,51.3914818]]}},
{"type":"Feature","properties":{"id":40060,"nach":0.67662128623682216},"geometry":{"type":"LineString","coordinates":[[-0.2984695,51.3917654],[-0.2984156,51.391542]]}},
{"type":"Feature","properties":{"id":29095,"nach":0.67612514508454957},"geometry":{"type":"LineString","coordinates":[[-0.2983771,51.3914058],[-0.2984156,51.391542]]}},
{"type":"Feature","properties":{"id":29094,"nach":0.52462271521085402},"geometry":{"type":"LineString","coordinates":[[-0.2983771,51.3914058],[-0.2982832,51.3914124]]}},
{"type":"Feature","properties":{"id":29099,"nach":0.62282022599986808},"geometry":{"type":"LineString","coordinates":[[-0.2978673,51.3898962],[-0.2979416,51.3898909]]}},
{"type":"Feature","properties":{"id":19621,"nach":0.68985350219758046},"geometry":{"type":"LineString","coordinates":[[-0.297879,51.389639700000011],[-0.2979416,51.3898909]]}},
{"type":"Feature","properties":{"id":37410,"nach":0.69851399277386417},"geometry":{"type":"LineString","coordinates":[[-0.297896,51.3900692],[-0.2979064,51.39013210000001]]}},
{"type":"Feature","properties":{"id":33754,"nach":0.7396721995129768},"geometry":{"type":"LineString","coordinates":[[-0.2979158,51.39016680000001],[-0.2979064,51.39013210000001]]}},
{"type":"Feature","properties":{"id":37533,"nach":0.73961428623987924},"geometry":{"type":"LineString","coordinates":[[-0.2981136,51.39015890000001],[-0.298101,51.3901135]]}},
{"type":"Feature","properties":{"id":37534,"nach":0.73064977436900036},"geometry":{"type":"LineString","coordinates":[[-0.2980772,51.3900345],[-0.298101,51.3901135]]}},
{"type":"Feature","properties":{"id":19964,"nach":0.69980363462975914},"geometry":{"type":"LineString","coordinates":[[-0.2956885,51.3893905],[-0.2958063,51.3896866],[-0.2957749,51.3897295],[-0.2954385,51.3897786]]}},
{"type":"Feature","properties":{"id":7658,"nach":0.51868946242871616},"geometry":{"type":"LineString","coordinates":[[-0.29511,51.389946],[-0.2950224,51.389738800000018]]}},
{"type":"Feature","properties":{"id":13241,"nach":0.68244966518862005},"geometry":{"type":"LineString","coordinates":[[-0.2943634,51.3900503],[-0.2949872,51.3899612],[-0.29511,51.389946]]}},
{"type":"Feature","properties":{"id":29083,"nach":0.70523755733637139},"geometry":{"type":"LineString","coordinates":[[-0.2976102,51.3890652],[-0.2976779,51.3890574]]}},
{"type":"Feature","properties":{"id":37408,"nach":0.67303136432542443},"geometry":{"type":"LineString","coordinates":[[-0.2976453,51.3891538],[-0.2976102,51.3890652]]}},
{"type":"Feature","properties":{"id":37550,"nach":0.69901204542334483},"geometry":{"type":"LineString","coordinates":[[-0.2975039,51.3888011],[-0.2975651,51.3889709],[-0.2975904,51.3889917],[-0.2976102,51.3890652]]}},
{"type":"Feature","properties":{"id":19622,"nach":0.67951197664277274},"geometry":{"type":"LineString","coordinates":[[-0.297879,51.389639700000011],[-0.2978168,51.3894307],[-0.2976779,51.3890574]]}},
{"type":"Feature","properties":{"id":29068,"nach":0.6537145970439131},"geometry":{"type":"LineString","coordinates":[[-0.2979627,51.3896294],[-0.297879,51.389639700000011]]}},
{"type":"Feature","properties":{"id":29024,"nach":0.46796178739286726},"geometry":{"type":"LineString","coordinates":[[-0.2987054,51.392830700000019],[-0.2986175,51.3928342]]}},
{"type":"Feature","properties":{"id":29025,"nach":0.74874956075189603},"geometry":{"type":"LineString","coordinates":[[-0.2987054,51.392830700000019],[-0.2987135,51.3929141]]}},
{"type":"Feature","properties":{"id":30346,"nach":0.52432352335178189},"geometry":{"type":"LineString","coordinates":[[-0.3011641,51.3929785],[-0.3010125,51.3931166],[-0.3008974,51.3931424]]}},
{"type":"Feature","properties":{"id":7697,"nach":0.70065583351522764},"geometry":{"type":"LineString","coordinates":[[-0.298639,51.3929975],[-0.298634,51.3929518],[-0.2986175,51.3928342]]}},
{"type":"Feature","properties":{"id":37517,"nach":0.70043637774050427},"geometry":{"type":"LineString","coordinates":[[-0.2986432,51.3930404],[-0.298639,51.3929975]]}},
{"type":"Feature","properties":{"id":29128,"nach":0.68791374888462375},"geometry":{"type":"LineString","coordinates":[[-0.2985596,51.3930044],[-0.2985956,51.3930014],[-0.298639,51.3929975]]}},
{"type":"Feature","properties":{"id":23106,"nach":0.66805653645802154},"geometry":{"type":"LineString","coordinates":[[-0.2987227,51.3929896],[-0.2986965,51.39299230000001],[-0.298639,51.3929975]]}},
{"type":"Feature","properties":{"id":37519,"nach":0.69911760589855076},"geometry":{"type":"LineString","coordinates":[[-0.2986432,51.3930404],[-0.2986442,51.3930469],[-0.2986535,51.3931045]]}},
{"type":"Feature","properties":{"id":37523,"nach":0.33657020092836148},"geometry":{"type":"LineString","coordinates":[[-0.2987273,51.3930347],[-0.2986432,51.3930404]]}},
{"type":"Feature","properties":{"id":29171,"nach":0.60417380768112083},"geometry":{"type":"LineString","coordinates":[[-0.2985496,51.3929597],[-0.2985596,51.3930044]]}},
{"type":"Feature","properties":{"id":29133,"nach":0.68592367618521466},"geometry":{"type":"LineString","coordinates":[[-0.2985304,51.3932018],[-0.2985555,51.3931825],[-0.2985723,51.393159899999986],[-0.2985781,51.393138],[-0.2985596,51.3930044]]}},
{"type":"Feature","properties":{"id":37521,"nach":0.71769895362965408},"geometry":{"type":"LineString","coordinates":[[-0.2987273,51.3930347],[-0.2987227,51.3929896]]}},
{"type":"Feature","properties":{"id":29242,"nach":0.74746431222388732},"geometry":{"type":"LineString","coordinates":[[-0.2987135,51.3929141],[-0.2987227,51.3929896]]}},
{"type":"Feature","properties":{"id":27941,"nach":0.63636882968863162},"geometry":{"type":"LineString","coordinates":[[-0.2920735,51.3910381],[-0.2921472,51.3911442]]}},
{"type":"Feature","properties":{"id":27937,"nach":0.65227170655462396},"geometry":{"type":"LineString","coordinates":[[-0.2922665,51.3913072],[-0.2921472,51.3911442]]}},
{"type":"Feature","properties":{"id":30039,"nach":0.59858379185082333},"geometry":{"type":"LineString","coordinates":[[-0.2914959,51.3913524],[-0.2921472,51.3911442]]}},
{"type":"Feature","properties":{"id":27943,"nach":0.56368837343484057},"geometry":{"type":"LineString","coordinates":[[-0.2927441,51.39085080000001],[-0.2920735,51.3910381]]}},
{"type":"Feature","properties":{"id":27948,"nach":0.48472128067032338},"geometry":{"type":"LineString","coordinates":[[-0.2929282,51.3912838],[-0.2928388,51.3911684],[-0.2927929,51.3911664],[-0.2927496,51.3911732],[-0.2925312,51.3912349],[-0.2922665,51.3913072]]}},
{"type":"Feature","properties":{"id":30041,"nach":0.5608135682822547},"geometry":{"type":"LineString","coordinates":[[-0.2914959,51.3913524],[-0.2912958,51.39141630000001],[-0.2911836,51.391475]]}},
{"type":"Feature","properties":{"id":30042,"nach":0.48190267644199219},"geometry":{"type":"LineString","coordinates":[[-0.2912767,51.3910775],[-0.2914959,51.3913524]]}},
{"type":"Feature","properties":{"id":7710,"nach":0.48111766525960759},"geometry":{"type":"LineString","coordinates":[[-0.2910779,51.3915161],[-0.2911836,51.391475]]}},
{"type":"Feature","properties":{"id":7711,"nach":0.48129919851600744},"geometry":{"type":"LineString","coordinates":[[-0.2912592,51.3915254],[-0.2911836,51.391475]]}},
{"type":"Feature","properties":{"id":32263,"nach":0.71720844850859022},"geometry":{"type":"LineString","coordinates":[[-0.2959937,51.3858632],[-0.2962865,51.3861865]]}},
{"type":"Feature","properties":{"id":33071,"nach":0.5710052415507928},"geometry":{"type":"LineString","coordinates":[[-0.2961677,51.386227],[-0.296205,51.3862132],[-0.2962865,51.3861865]]}},
{"type":"Feature","properties":{"id":7714,"nach":0.47675711305564544},"geometry":{"type":"LineString","coordinates":[[-0.2962865,51.3861865],[-0.2961704,51.3861754],[-0.296117,51.3861513],[-0.2960762,51.386102]]}},
{"type":"Feature","properties":{"id":38987,"nach":0.71171616297933871},"geometry":{"type":"LineString","coordinates":[[-0.2963874,51.3863233],[-0.2963068,51.386214],[-0.2962865,51.3861865]]}},
{"type":"Feature","properties":{"id":35647,"nach":0.46054681348228499},"geometry":{"type":"LineString","coordinates":[[-0.2960762,51.386102],[-0.2959709,51.38597870000001],[-0.2959783,51.385951300000016],[-0.2959501,51.3859203],[-0.2959937,51.3858632]]}},
{"type":"Feature","properties":{"id":33070,"nach":0.65612522234358972},"geometry":{"type":"LineString","coordinates":[[-0.2961677,51.386227],[-0.2959781,51.38628760000001],[-0.2954654,51.3864774],[-0.2946047,51.3867507],[-0.294503,51.3867882]]}},
{"type":"Feature","properties":{"id":33068,"nach":0.60188554021540519},"geometry":{"type":"LineString","coordinates":[[-0.2961677,51.386227],[-0.2960644,51.3861057]]}},
{"type":"Feature","properties":{"id":33072,"nach":0.65027243507208377},"geometry":{"type":"LineString","coordinates":[[-0.2961829,51.3862461],[-0.2961677,51.386227]]}},
{"type":"Feature","properties":{"id":38986,"nach":0.72268931127536629},"geometry":{"type":"LineString","coordinates":[[-0.2963874,51.3863233],[-0.2965905,51.3865984],[-0.2966459,51.3866796],[-0.2966784,51.38673450000001]]}},
{"type":"Feature","properties":{"id":44663,"nach":0.63904534300195071},"geometry":{"type":"LineString","coordinates":[[-0.2964804,51.386296],[-0.2964568,51.386303],[-0.2964441,51.3863067],[-0.2963874,51.3863233]]}},
{"type":"Feature","properties":{"id":44660,"nach":0.5927037086392698},"geometry":{"type":"LineString","coordinates":[[-0.2962725,51.3863569],[-0.2962965,51.3863499],[-0.2963069,51.3863468],[-0.2963874,51.3863233]]}},
{"type":"Feature","properties":{"id":7721,"nach":0.63858893031034925},"geometry":{"type":"LineString","coordinates":[[-0.2943253,51.3871397],[-0.2943489,51.387064599999988],[-0.294389,51.3869308],[-0.2944074,51.3868676],[-0.2944589,51.3868193],[-0.294503,51.3867882]]}},
{"type":"Feature","properties":{"id":24056,"nach":0.57957917561532923},"geometry":{"type":"LineString","coordinates":[[-0.2935912,51.386807],[-0.2941867,51.3868237],[-0.294503,51.3867882]]}},
{"type":"Feature","properties":{"id":7724,"nach":0.52418195717070337},"geometry":{"type":"LineString","coordinates":[[-0.2931648,51.3878917],[-0.2931661,51.3878583],[-0.293182,51.3878328],[-0.2932195,51.38779310000001],[-0.2932732,51.387732899999989],[-0.293357,51.3876481],[-0.2934579,51.3876095],[-0.2936559,51.3875356],[-0.2939155,51.3874628],[-0.2940486,51.3874324],[-0.2941285,51.3874089],[-0.2942257,51.3873744],[-0.2942785,51.3873298],[-0.2942875,51.387301399999984],[-0.2942978,51.3872685],[-0.2943253,51.3871397]]}},
{"type":"Feature","properties":{"id":24055,"nach":0.56829434877447582},"geometry":{"type":"LineString","coordinates":[[-0.2935912,51.386807],[-0.2934036,51.38677460000001],[-0.2933231,51.3867687],[-0.2932587,51.3867672],[-0.2931825,51.386735],[-0.2931606,51.386703300000015],[-0.2931119,51.3866281]]}},
{"type":"Feature","properties":{"id":24065,"nach":0.46346161857223023},"geometry":{"type":"LineString","coordinates":[[-0.292749,51.3869744],[-0.2930923,51.3868371],[-0.2935912,51.386807]]}},
{"type":"Feature","properties":{"id":7737,"nach":0.65949677634345116},"geometry":{"type":"LineString","coordinates":[[-0.2930014,51.3878834],[-0.2931648,51.3878917]]}},
{"type":"Feature","properties":{"id":32301,"nach":0.57717965069991017},"geometry":{"type":"LineString","coordinates":[[-0.2922225,51.3880459],[-0.2922838,51.388024],[-0.29236,51.3880028],[-0.2925467,51.3879778],[-0.2928052,51.3879356],[-0.2928718,51.3879212],[-0.2929438,51.387903200000011],[-0.2930014,51.3878834]]}},
{"type":"Feature","properties":{"id":24063,"nach":0.62902811977820139},"geometry":{"type":"LineString","coordinates":[[-0.2924567,51.3874497],[-0.2926169,51.3876552],[-0.2927484,51.3878008],[-0.2928777,51.3878749],[-0.2930014,51.3878834]]}},
{"type":"Feature","properties":{"id":29142,"nach":0.58252681281404817},"geometry":{"type":"LineString","coordinates":[[-0.2955948,51.3856599],[-0.29527,51.3857969],[-0.2940831,51.3863181],[-0.2937616,51.3864407],[-0.2935732,51.3865054],[-0.2931119,51.3866281]]}},
{"type":"Feature","properties":{"id":33067,"nach":0.59334717513547075},"geometry":{"type":"LineString","coordinates":[[-0.2960644,51.3861057],[-0.2958292,51.3858246],[-0.295733,51.3857244],[-0.2956639,51.3857114],[-0.2955948,51.3856599]]}},
{"type":"Feature","properties":{"id":32303,"nach":0.53917062600383481},"geometry":{"type":"LineString","coordinates":[[-0.2922225,51.3880459],[-0.292253,51.3878356],[-0.2923408,51.387562699999989],[-0.2924567,51.3874497]]}},
{"type":"Feature","properties":{"id":32265,"nach":0.63741130712028105},"geometry":{"type":"LineString","coordinates":[[-0.2921048,51.3870977],[-0.2924567,51.3874497]]}},
{"type":"Feature","properties":{"id":24066,"nach":0.4909996321805945},"geometry":{"type":"LineString","coordinates":[[-0.292749,51.3869744],[-0.2925811,51.3871369],[-0.2924567,51.3874497]]}},
{"type":"Feature","properties":{"id":34361,"nach":0.69785575307708669},"geometry":{"type":"LineString","coordinates":[[-0.302267,51.3910285],[-0.302449,51.3910891],[-0.3029119,51.3912811],[-0.3033504,51.3914549]]}},
{"type":"Feature","properties":{"id":34348,"nach":0.51359515579817616},"geometry":{"type":"LineString","coordinates":[[-0.303361,51.3904104],[-0.3034718,51.3904927],[-0.3036569,51.3906031],[-0.3038225,51.3907002],[-0.3038514,51.390736600000011],[-0.3038762,51.3907885],[-0.3038795,51.3908362],[-0.3038634,51.3908722],[-0.3033504,51.3914549]]}},
{"type":"Feature","properties":{"id":34362,"nach":0.54153465536071321},"geometry":{"type":"LineString","coordinates":[[-0.302267,51.3910285],[-0.3022816,51.3910177],[-0.3023299,51.3909953]]}},
{"type":"Feature","properties":{"id":32772,"nach":0.65869119387818076},"geometry":{"type":"LineString","coordinates":[[-0.3004072,51.390790400000014],[-0.3004544,51.3906906]]}},
{"type":"Feature","properties":{"id":32767,"nach":0.68155074758618428},"geometry":{"type":"LineString","coordinates":[[-0.3000547,51.3905596],[-0.3001902,51.3905717],[-0.300339,51.3906178],[-0.3004544,51.3906906]]}},
{"type":"Feature","properties":{"id":33136,"nach":0.46284134527740672},"geometry":{"type":"LineString","coordinates":[[-0.3013702,51.3903519],[-0.2996644,51.3896949],[-0.2996217,51.3896884]]}},
{"type":"Feature","properties":{"id":33784,"nach":0.64942867654050995},"geometry":{"type":"LineString","coordinates":[[-0.2974135,51.3883828],[-0.2973936,51.3883373]]}},
{"type":"Feature","properties":{"id":33794,"nach":0.49750175363568355},"geometry":{"type":"LineString","coordinates":[[-0.2975047,51.388372599999983],[-0.2974135,51.3883828]]}},
{"type":"Feature","properties":{"id":37549,"nach":0.69518630444850915},"geometry":{"type":"LineString","coordinates":[[-0.2975039,51.3888011],[-0.2974962,51.38878],[-0.2974909,51.3887386],[-0.2974732,51.3886877],[-0.2974119,51.3885512],[-0.297415,51.3885253],[-0.2973966,51.3884762]]}},
{"type":"Feature","properties":{"id":41301,"nach":0.76076619622284847},"geometry":{"type":"LineString","coordinates":[[-0.2975736,51.3884894],[-0.2975509,51.3884495]]}},
{"type":"Feature","properties":{"id":33760,"nach":0.75881108643830331},"geometry":{"type":"LineString","coordinates":[[-0.2975204,51.3884046],[-0.2975375,51.388419600000013],[-0.2975509,51.3884495]]}},
{"type":"Feature","properties":{"id":33031,"nach":0.64442161705756118},"geometry":{"type":"LineString","coordinates":[[-0.3003016,51.387317],[-0.3002543,51.3872988]]}},
{"type":"Feature","properties":{"id":26278,"nach":0.67342122599493137},"geometry":{"type":"LineString","coordinates":[[-0.3006542,51.386988],[-0.3006532,51.3869904],[-0.3002543,51.3872988]]}},
{"type":"Feature","properties":{"id":28036,"nach":0.70942740581833641},"geometry":{"type":"LineString","coordinates":[[-0.3000417,51.3874768],[-0.3001151,51.3874165],[-0.3002543,51.3872988]]}},
{"type":"Feature","properties":{"id":33032,"nach":0.63867125235551769},"geometry":{"type":"LineString","coordinates":[[-0.3003016,51.387317],[-0.3005246,51.3874048],[-0.3006255,51.3874475],[-0.3007194,51.3874859],[-0.3007841,51.3874935]]}},
{"type":"Feature","properties":{"id":33033,"nach":0.695795621523005},"geometry":{"type":"LineString","coordinates":[[-0.3003016,51.387317],[-0.3003571,51.3872715],[-0.3006957,51.387011500000014]]}},
{"type":"Feature","properties":{"id":33037,"nach":0.66465073271319286},"geometry":{"type":"LineString","coordinates":[[-0.2996738,51.3879389],[-0.2997208,51.3878155],[-0.3002606,51.3873522],[-0.3003016,51.387317]]}},
{"type":"Feature","properties":{"id":26277,"nach":0.66599900841101556},"geometry":{"type":"LineString","coordinates":[[-0.3006542,51.386988],[-0.3006957,51.387011500000014]]}},
{"type":"Feature","properties":{"id":26284,"nach":0.62539836956507555},"geometry":{"type":"LineString","coordinates":[[-0.3006082,51.386960900000012],[-0.3006542,51.386988]]}},
{"type":"Feature","properties":{"id":26319,"nach":0.6987439768474305},"geometry":{"type":"LineString","coordinates":[[-0.3008637,51.3868202],[-0.3008128,51.3868601],[-0.3006542,51.386988]]}},
{"type":"Feature","properties":{"id":33057,"nach":0.46105483049775636},"geometry":{"type":"LineString","coordinates":[[-0.2999973,51.3874524],[-0.3000417,51.3874768]]}},
{"type":"Feature","properties":{"id":19058,"nach":0.53120572235877683},"geometry":{"type":"LineString","coordinates":[[-0.3019847,51.3881117],[-0.3017375,51.387975],[-0.3016934,51.3879608],[-0.3016579,51.3879565],[-0.3016138,51.3879466]]}},
{"type":"Feature","properties":{"id":19150,"nach":0.59933610417064598},"geometry":{"type":"LineString","coordinates":[[-0.3007841,51.3874935],[-0.3008516,51.3875015],[-0.3009611,51.3875271],[-0.3011261,51.3876011],[-0.3012811,51.3876921],[-0.3014247,51.387797300000017],[-0.3015768,51.3879267],[-0.3016138,51.3879466]]}},
{"type":"Feature","properties":{"id":7764,"nach":0.53258205328096464},"geometry":{"type":"LineString","coordinates":[[-0.3015569,51.38806180000001],[-0.3015598,51.3880248],[-0.3015811,51.388004900000013],[-0.3016038,51.387983600000013],[-0.3016138,51.3879466]]}},
{"type":"Feature","properties":{"id":19057,"nach":0.1574421960932173},"geometry":{"type":"LineString","coordinates":[[-0.3019847,51.3881117],[-0.3019156,51.3881773],[-0.3018385,51.3882068],[-0.3018171,51.3882097],[-0.301783,51.3882054],[-0.3017119,51.3881798],[-0.3015768,51.3880987],[-0.3015569,51.38806180000001]]}},
{"type":"Feature","properties":{"id":32877,"nach":0.48004471281887262},"geometry":{"type":"LineString","coordinates":[[-0.3021877,51.387977],[-0.3019847,51.3881117]]}},
{"type":"Feature","properties":{"id":19153,"nach":0.49561721276340887},"geometry":{"type":"LineString","coordinates":[[-0.3007841,51.3874935],[-0.3008992,51.3873583],[-0.3010462,51.3873985],[-0.3011733,51.3874613]]}},
{"type":"Feature","properties":{"id":19154,"nach":0.49401558289891034},"geometry":{"type":"LineString","coordinates":[[-0.3005283,51.3879278],[-0.3006819,51.387814399999989],[-0.3007416,51.3876158],[-0.3007841,51.3874935]]}},
{"type":"Feature","properties":{"id":19155,"nach":0.48004471281887262},"geometry":{"type":"LineString","coordinates":[[-0.3011261,51.3881844],[-0.3013325,51.3880329],[-0.3014052,51.3880113],[-0.3015569,51.38806180000001]]}},
{"type":"Feature","properties":{"id":7772,"nach":0.5765670830909374},"geometry":{"type":"LineString","coordinates":[[-0.3003161,51.388370400000014],[-0.300381,51.3883067]]}},
{"type":"Feature","properties":{"id":33005,"nach":0.45784789528696074},"geometry":{"type":"LineString","coordinates":[[-0.3004349,51.3882592],[-0.3004004,51.3882896],[-0.300381,51.3883067]]}},
{"type":"Feature","properties":{"id":33006,"nach":0.57409145333574274},"geometry":{"type":"LineString","coordinates":[[-0.3003669,51.3883933],[-0.3003161,51.388370400000014]]}},
{"type":"Feature","properties":{"id":33094,"nach":0.47858578401057406},"geometry":{"type":"LineString","coordinates":[[-0.300307,51.388379],[-0.3003161,51.388370400000014]]}},
{"type":"Feature","properties":{"id":33004,"nach":0.50709180411429045},"geometry":{"type":"LineString","coordinates":[[-0.3004349,51.3882592],[-0.3004702,51.3882282],[-0.3005844,51.38812140000001]]}},
{"type":"Feature","properties":{"id":33009,"nach":0.0},"geometry":{"type":"LineString","coordinates":[[-0.3003669,51.3883933],[-0.3004892,51.388282],[-0.3004349,51.3882592]]}},
{"type":"Feature","properties":{"id":33036,"nach":0.53888518974524491},"geometry":{"type":"LineString","coordinates":[[-0.2996738,51.3879389],[-0.300331,51.3882368],[-0.3003866,51.3882389],[-0.3004349,51.3882592]]}},
{"type":"Feature","properties":{"id":33008,"nach":0.59718765493065118},"geometry":{"type":"LineString","coordinates":[[-0.3003669,51.3883933],[-0.300634,51.38851360000001],[-0.3007172,51.3885539]]}},
{"type":"Feature","properties":{"id":33102,"nach":0.53773762621841648},"geometry":{"type":"LineString","coordinates":[[-0.3003572,51.3884016],[-0.3003669,51.3883933]]}},
{"type":"Feature","properties":{"id":33096,"nach":0.50710552664613351},"geometry":{"type":"LineString","coordinates":[[-0.300307,51.388379],[-0.3002837,51.3884009],[-0.3002485,51.3884341],[-0.3002249,51.38845640000001],[-0.3001459,51.38853060000001]]}},
{"type":"Feature","properties":{"id":33097,"nach":0.68947697553670373},"geometry":{"type":"LineString","coordinates":[[-0.300307,51.388379],[-0.3002807,51.3883679],[-0.3003055,51.38834270000001],[-0.3002907,51.388313800000013],[-0.299668,51.3880271],[-0.2996155,51.3880029]]}},
{"type":"Feature","properties":{"id":33103,"nach":0.68030981598530782},"geometry":{"type":"LineString","coordinates":[[-0.3003572,51.3884016],[-0.300307,51.388379]]}},
{"type":"Feature","properties":{"id":32998,"nach":0.57664450290823988},"geometry":{"type":"LineString","coordinates":[[-0.3010638,51.3886974],[-0.3007172,51.3885539]]}},
{"type":"Feature","properties":{"id":19156,"nach":0.5041214163622868},"geometry":{"type":"LineString","coordinates":[[-0.3009287,51.3883749],[-0.3007172,51.3885539]]}},
{"type":"Feature","properties":{"id":33098,"nach":0.30303358368552491},"geometry":{"type":"LineString","coordinates":[[-0.3007075,51.3885623],[-0.3007172,51.3885539]]}},
{"type":"Feature","properties":{"id":33000,"nach":0.58290682591964005},"geometry":{"type":"LineString","coordinates":[[-0.3010638,51.3886974],[-0.3011369,51.3887276],[-0.3011952,51.38875070000001]]}},
{"type":"Feature","properties":{"id":33001,"nach":0.51128190646165117},"geometry":{"type":"LineString","coordinates":[[-0.3010638,51.3886974],[-0.3011041,51.3886649],[-0.3011511,51.38868],[-0.3012215,51.3886674],[-0.3012503,51.3886457],[-0.3012889,51.3886627]]}},
{"type":"Feature","properties":{"id":33028,"nach":0.53819812824362478},"geometry":{"type":"LineString","coordinates":[[-0.3010537,51.388705499999986],[-0.3010638,51.3886974]]}},
{"type":"Feature","properties":{"id":33099,"nach":0.50520161317636947},"geometry":{"type":"LineString","coordinates":[[-0.3007075,51.3885623],[-0.3005489,51.3886965]]}},
{"type":"Feature","properties":{"id":33100,"nach":0.6595453710614787},"geometry":{"type":"LineString","coordinates":[[-0.3007075,51.3885623],[-0.3010537,51.388705499999986]]}},
{"type":"Feature","properties":{"id":33104,"nach":0.66601670808549007},"geometry":{"type":"LineString","coordinates":[[-0.3003572,51.3884016],[-0.3006241,51.3885219],[-0.3007075,51.3885623]]}},
{"type":"Feature","properties":{"id":32930,"nach":0.49786409934366338},"geometry":{"type":"LineString","coordinates":[[-0.3012889,51.3886627],[-0.3011952,51.38875070000001]]}},
{"type":"Feature","properties":{"id":7782,"nach":0.60049627853344067},"geometry":{"type":"LineString","coordinates":[[-0.3018273,51.3890408],[-0.3017607,51.389005200000014],[-0.3011952,51.38875070000001]]}},
{"type":"Feature","properties":{"id":32931,"nach":0.503212352181027},"geometry":{"type":"LineString","coordinates":[[-0.3012889,51.3886627],[-0.3013851,51.3885724]]}},
{"type":"Feature","properties":{"id":32932,"nach":0.0},"geometry":{"type":"LineString","coordinates":[[-0.3012889,51.3886627],[-0.3013294,51.3886829],[-0.3013019,51.388708],[-0.3013093,51.3887553],[-0.3014334,51.3888072],[-0.3015018,51.3887917],[-0.3017076,51.3888854],[-0.3016895,51.388926],[-0.30188,51.3890126],[-0.3018273,51.3890408]]}},
{"type":"Feature","properties":{"id":33025,"nach":0.44008229991268588},"geometry":{"type":"LineString","coordinates":[[-0.3017901,51.3890616],[-0.3018273,51.3890408]]}},
{"type":"Feature","properties":{"id":33026,"nach":0.65171471047229756},"geometry":{"type":"LineString","coordinates":[[-0.3017901,51.3890616],[-0.3018048,51.3890771],[-0.3018142,51.389106],[-0.3018035,51.3891449],[-0.3016955,51.3894409]]}},
{"type":"Feature","properties":{"id":33030,"nach":0.64383616523542486},"geometry":{"type":"LineString","coordinates":[[-0.3010537,51.388705499999986],[-0.3011437,51.3887766],[-0.3017901,51.3890616]]}},
{"type":"Feature","properties":{"id":7803,"nach":0.6059475311257988},"geometry":{"type":"LineString","coordinates":[[-0.3051284,51.390942200000012],[-0.3049982,51.3908915],[-0.304947,51.3909472]]}},
{"type":"Feature","properties":{"id":7796,"nach":0.57344893433501243},"geometry":{"type":"LineString","coordinates":[[-0.3059216,51.3912316],[-0.3053114,51.3909772]]}},
{"type":"Feature","properties":{"id":7804,"nach":0.59201855129570535},"geometry":{"type":"LineString","coordinates":[[-0.3051284,51.390942200000012],[-0.30515,51.390919100000012],[-0.3053114,51.3909772]]}},
{"type":"Feature","properties":{"id":28019,"nach":0.47607236336188519},"geometry":{"type":"LineString","coordinates":[[-0.3048179,51.3910644],[-0.3049869,51.391134],[-0.3051738,51.3912058],[-0.3054075,51.3912596],[-0.3055909,51.3912888],[-0.3057814,51.3912865],[-0.3058903,51.3912643],[-0.3059216,51.3912316]]}},
{"type":"Feature","properties":{"id":28998,"nach":0.49402568445280887},"geometry":{"type":"LineString","coordinates":[[-0.2892517,51.3835012],[-0.2892573,51.3834927],[-0.2892891,51.3834528]]}},
{"type":"Feature","properties":{"id":29009,"nach":0.48629853491237374},"geometry":{"type":"LineString","coordinates":[[-0.2893464,51.3833826],[-0.2893327,51.3833982],[-0.2892891,51.3834528]]}},
{"type":"Feature","properties":{"id":29626,"nach":0.68904133864733841},"geometry":{"type":"LineString","coordinates":[[-0.2902678,51.383737],[-0.2895603,51.3835333],[-0.2893602,51.3834757],[-0.2892891,51.3834528]]}},
{"type":"Feature","properties":{"id":44421,"nach":0.64125203444095746},"geometry":{"type":"LineString","coordinates":[[-0.2893203,51.38352050000001],[-0.2892517,51.3835012]]}},
{"type":"Feature","properties":{"id":44422,"nach":0.63975839678080049},"geometry":{"type":"LineString","coordinates":[[-0.2892101,51.383489],[-0.2892517,51.3835012]]}},
{"type":"Feature","properties":{"id":44681,"nach":0.65309251274197344},"geometry":{"type":"LineString","coordinates":[[-0.2891186,51.3833271],[-0.2893464,51.3833826]]}},
{"type":"Feature","properties":{"id":44680,"nach":0.64356389856030249},"geometry":{"type":"LineString","coordinates":[[-0.2895347,51.3834415],[-0.2893464,51.3833826]]}},
{"type":"Feature","properties":{"id":44416,"nach":0.4230194644189374},"geometry":{"type":"LineString","coordinates":[[-0.2902274,51.3837924],[-0.2902678,51.383737]]}},
{"type":"Feature","properties":{"id":9030,"nach":0.65693201646727351},"geometry":{"type":"LineString","coordinates":[[-0.288579,51.3847081],[-0.2876121,51.3835439]]}},
{"type":"Feature","properties":{"id":39230,"nach":0.66589462807306798},"geometry":{"type":"LineString","coordinates":[[-0.2876317,51.3833911],[-0.2876448,51.3834349],[-0.2876315,51.3834781],[-0.2876103,51.3835113],[-0.2876121,51.3835439]]}},
{"type":"Feature","properties":{"id":9028,"nach":0.48468539238407377},"geometry":{"type":"LineString","coordinates":[[-0.2867693,51.3837058],[-0.2874144,51.3835373],[-0.2876121,51.3835439]]}},
{"type":"Feature","properties":{"id":9032,"nach":0.56382456118238999},"geometry":{"type":"LineString","coordinates":[[-0.2887024,51.384852],[-0.288579,51.3847081]]}},
{"type":"Feature","properties":{"id":9079,"nach":0.63393245536256582},"geometry":{"type":"LineString","coordinates":[[-0.2884896,51.384817],[-0.28844,51.3847554],[-0.288579,51.3847081]]}},
{"type":"Feature","properties":{"id":39229,"nach":0.69138303723193251},"geometry":{"type":"LineString","coordinates":[[-0.2876317,51.3833911],[-0.2876862,51.3833796]]}},
{"type":"Feature","properties":{"id":39228,"nach":0.60309786371080432},"geometry":{"type":"LineString","coordinates":[[-0.2876317,51.3833911],[-0.2873841,51.383443900000017]]}},
{"type":"Feature","properties":{"id":9037,"nach":0.54037561128921996},"geometry":{"type":"LineString","coordinates":[[-0.2898133,51.385773],[-0.2892965,51.3854014],[-0.2890408,51.3851915],[-0.2887024,51.384852]]}},
{"type":"Feature","properties":{"id":9078,"nach":0.55761908908435254},"geometry":{"type":"LineString","coordinates":[[-0.2884896,51.384817],[-0.2885561,51.3848963],[-0.2887024,51.384852]]}},
{"type":"Feature","properties":{"id":38920,"nach":0.64966198545356413},"geometry":{"type":"LineString","coordinates":[[-0.2875929,51.3850373],[-0.2884896,51.384817]]}},
{"type":"Feature","properties":{"id":38918,"nach":0.59287306210040314},"geometry":{"type":"LineString","coordinates":[[-0.2899638,51.3858826],[-0.2898133,51.385773]]}},
{"type":"Feature","properties":{"id":38917,"nach":0.56354483746625683},"geometry":{"type":"LineString","coordinates":[[-0.2899638,51.3858826],[-0.2900209,51.3859242]]}},
{"type":"Feature","properties":{"id":38919,"nach":0.51822885829703869},"geometry":{"type":"LineString","coordinates":[[-0.2899638,51.3858826],[-0.2899114,51.3859075],[-0.2899622,51.3860058],[-0.2899708,51.3860847],[-0.2897762,51.3861587],[-0.2896256,51.3862154],[-0.2886454,51.3864843],[-0.2879473,51.3866827]]}},
{"type":"Feature","properties":{"id":9043,"nach":0.56362882612674536},"geometry":{"type":"LineString","coordinates":[[-0.2900831,51.3861973],[-0.2900194,51.3860564],[-0.2900209,51.3859242]]}},
{"type":"Feature","properties":{"id":9057,"nach":0.49900630378912081},"geometry":{"type":"LineString","coordinates":[[-0.2901484,51.3860092],[-0.2901016,51.3859596],[-0.2900209,51.3859242]]}},
{"type":"Feature","properties":{"id":9058,"nach":0.54963423121283883},"geometry":{"type":"LineString","coordinates":[[-0.2897266,51.3862856],[-0.2900831,51.3861973]]}},
{"type":"Feature","properties":{"id":9059,"nach":0.50654448834124921},"geometry":{"type":"LineString","coordinates":[[-0.2897266,51.3862856],[-0.2886957,51.3865799],[-0.2881721,51.386719100000015],[-0.2880176,51.38676730000001]]}},
{"type":"Feature","properties":{"id":9087,"nach":0.60711488312573547},"geometry":{"type":"LineString","coordinates":[[-0.2879525,51.38671690000001],[-0.2880176,51.38676730000001]]}},
{"type":"Feature","properties":{"id":9085,"nach":0.58930553763757521},"geometry":{"type":"LineString","coordinates":[[-0.2885358,51.3873754],[-0.2884931,51.3873267],[-0.2884345,51.3872308],[-0.2884278,51.387187],[-0.2882739,51.3869678],[-0.288173,51.3868734],[-0.2880176,51.38676730000001]]}},
{"type":"Feature","properties":{"id":9088,"nach":0.58154207613035291},"geometry":{"type":"LineString","coordinates":[[-0.2879525,51.38671690000001],[-0.2878989,51.3867172]]}},
{"type":"Feature","properties":{"id":9089,"nach":0.61054554865890276},"geometry":{"type":"LineString","coordinates":[[-0.2879473,51.3866827],[-0.2879525,51.38671690000001]]}},
{"type":"Feature","properties":{"id":23321,"nach":0.56130501888227591},"geometry":{"type":"LineString","coordinates":[[-0.2877842,51.3867057],[-0.2878304,51.3867202],[-0.2878989,51.3867172]]}},
{"type":"Feature","properties":{"id":9070,"nach":0.0},"geometry":{"type":"LineString","coordinates":[[-0.2863751,51.3852921],[-0.2862673,51.385356600000016],[-0.2857845,51.3856596],[-0.2854278,51.3858571],[-0.2847894,51.3860781],[-0.2846258,51.386155100000011],[-0.2845856,51.3861936],[-0.284599,51.3862689],[-0.2857014,51.3872381],[-0.2859213,51.3873703],[-0.2860018,51.3873887],[-0.2860715,51.3873737],[-0.2861681,51.3873519],[-0.2862324,51.3873084],[-0.2863665,51.3872749],[-0.2865758,51.3871929],[-0.2867608,51.3870975],[-0.2868708,51.3870623],[-0.2872275,51.3869334],[-0.2878989,51.3867172]]}},
{"type":"Feature","properties":{"id":23322,"nach":0.41704815115798655},"geometry":{"type":"LineString","coordinates":[[-0.2877842,51.3867057],[-0.2877779,51.386642700000017],[-0.2876676,51.386526],[-0.287586,51.3864048],[-0.2873842,51.3860899],[-0.2872173,51.3858573],[-0.2870736,51.3856248],[-0.287062,51.38554],[-0.2869378,51.3853341],[-0.2868011,51.385275]]}},
{"type":"Feature","properties":{"id":23327,"nach":0.52125813442631308},"geometry":{"type":"LineString","coordinates":[[-0.2876892,51.386676],[-0.2877842,51.3867057]]}},
{"type":"Feature","properties":{"id":9069,"nach":0.51436268392907758},"geometry":{"type":"LineString","coordinates":[[-0.2863751,51.3852921],[-0.2864828,51.3852514],[-0.2866283,51.3852296],[-0.2867631,51.3852502]]}},
{"type":"Feature","properties":{"id":9072,"nach":0.46278796443134496},"geometry":{"type":"LineString","coordinates":[[-0.2862848,51.3854578],[-0.2862943,51.3853614],[-0.2863751,51.3852921]]}},
{"type":"Feature","properties":{"id":9056,"nach":0.11612573441371063},"geometry":{"type":"LineString","coordinates":[[-0.2865053,51.3858447],[-0.2863697,51.3858353],[-0.2860607,51.3858514],[-0.2858289,51.385921],[-0.2856679,51.386041400000011],[-0.2855869,51.3861897],[-0.2856001,51.3863337],[-0.2856734,51.386461900000022],[-0.2858431,51.3865791],[-0.2860033,51.3866253],[-0.2861826,51.3866339],[-0.2863618,51.3866007],[-0.2865784,51.3865449],[-0.2867796,51.3864964],[-0.2869969,51.3864373],[-0.2871653,51.3864337]]}},
{"type":"Feature","properties":{"id":23328,"nach":0.46454641709378469},"geometry":{"type":"LineString","coordinates":[[-0.2876892,51.386676],[-0.2875094,51.3866198],[-0.2872988,51.3864733],[-0.2871653,51.3864337]]}},
{"type":"Feature","properties":{"id":9061,"nach":0.4554928465594083},"geometry":{"type":"LineString","coordinates":[[-0.2865435,51.3856116],[-0.2865053,51.3858447]]}},
{"type":"Feature","properties":{"id":23329,"nach":0.0},"geometry":{"type":"LineString","coordinates":[[-0.2876892,51.386676],[-0.2871272,51.3866109],[-0.286847,51.3866692],[-0.2866509,51.3866954],[-0.2864547,51.3867653],[-0.2862492,51.386829500000012],[-0.2861138,51.3868848],[-0.2858149,51.3869898],[-0.2856702,51.3870102],[-0.2855861,51.38700140000001],[-0.2854226,51.3869198],[-0.2852265,51.3867216],[-0.2849556,51.3864856],[-0.2848342,51.3863777],[-0.2848202,51.386284500000016],[-0.2848856,51.3862174],[-0.2854553,51.3859901],[-0.285983,51.3857482],[-0.2862632,51.3856142],[-0.2862773,51.38553550000001],[-0.2862848,51.3854578]]}},
{"type":"Feature","properties":{"id":23318,"nach":0.50778222507149851},"geometry":{"type":"LineString","coordinates":[[-0.2868011,51.385275],[-0.2868513,51.3853078],[-0.2868942,51.3853828],[-0.286859,51.3854679],[-0.2868128,51.3855248],[-0.2867012,51.385588699999985],[-0.2865435,51.3856116]]}},
{"type":"Feature","properties":{"id":9071,"nach":0.15873973638474675},"geometry":{"type":"LineString","coordinates":[[-0.2862848,51.3854578],[-0.2863535,51.3855327],[-0.2864243,51.3855955],[-0.2865435,51.3856116]]}},
{"type":"Feature","properties":{"id":23317,"nach":0.54369668667531768},"geometry":{"type":"LineString","coordinates":[[-0.2868011,51.385275],[-0.2867631,51.3852502]]}},
{"type":"Feature","properties":{"id":9076,"nach":0.45384329589660033},"geometry":{"type":"LineString","coordinates":[[-0.2866752,51.385413500000013],[-0.2866838,51.385365299999989],[-0.2866323,51.3853331],[-0.2865722,51.3853278],[-0.2865035,51.3853385],[-0.2864434,51.385365299999989],[-0.2864091,51.385413499999984],[-0.2864091,51.3854563],[-0.2864348,51.3854938],[-0.2864949,51.3855259],[-0.2865808,51.385542],[-0.286658,51.385542],[-0.2867267,51.3855206],[-0.2867696,51.3854831],[-0.2868125,51.3854295],[-0.2868211,51.3853813],[-0.2867782,51.3853117],[-0.2867631,51.3852502]]}},
{"type":"Feature","properties":{"id":38921,"nach":0.59768695022214513},"geometry":{"type":"LineString","coordinates":[[-0.2875929,51.3850373],[-0.2869075,51.3852057],[-0.2867631,51.3852502]]}},
{"type":"Feature","properties":{"id":9075,"nach":0.0},"geometry":{"type":"LineString","coordinates":[[-0.2866752,51.385413500000013],[-0.2866151,51.385392],[-0.2865722,51.3853974],[-0.2865808,51.3854402],[-0.2866323,51.385440200000012],[-0.2866752,51.385413500000013]]}},
{"type":"Feature","properties":{"id":38922,"nach":0.58888705355814375},"geometry":{"type":"LineString","coordinates":[[-0.2875929,51.3850373],[-0.288342,51.3860683],[-0.2882837,51.3861681],[-0.2879473,51.3866827]]}},
{"type":"Feature","properties":{"id":18235,"nach":0.46907830187026717},"geometry":{"type":"LineString","coordinates":[[-0.287705,51.3862402],[-0.2878242,51.3864322],[-0.2878302,51.3864989],[-0.2879473,51.3866827]]}},
{"type":"Feature","properties":{"id":10559,"nach":0.72308661025361165},"geometry":{"type":"LineString","coordinates":[[-0.2833689,51.3814436],[-0.2834892,51.381524300000017],[-0.2838778,51.3817664],[-0.2839888,51.3818393],[-0.2840292,51.3818652],[-0.284094,51.3819069]]}},
{"type":"Feature","properties":{"id":13592,"nach":0.0},"geometry":{"type":"LineString","coordinates":[[-0.2842706,51.3819259],[-0.284229,51.3818992],[-0.284156,51.3818679],[-0.2841393,51.38187760000001],[-0.284094,51.3819069]]}},
{"type":"Feature","properties":{"id":18978,"nach":0.49710182370863515},"geometry":{"type":"LineString","coordinates":[[-0.2840514,51.381934200000011],[-0.2840653,51.3819253],[-0.284094,51.3819069]]}},
{"type":"Feature","properties":{"id":13591,"nach":0.61525771429653342},"geometry":{"type":"LineString","coordinates":[[-0.2842706,51.3819259],[-0.284379,51.3819737],[-0.2844947,51.3820193],[-0.2845525,51.3820509],[-0.2845846,51.3820631]]}},
{"type":"Feature","properties":{"id":18980,"nach":0.66210374878511491},"geometry":{"type":"LineString","coordinates":[[-0.2840514,51.381934200000011],[-0.2840489,51.3819325],[-0.2839929,51.3818948],[-0.2837809,51.381752],[-0.2831575,51.3813496]]}},
{"type":"Feature","properties":{"id":18979,"nach":0.66483499090736842},"geometry":{"type":"LineString","coordinates":[[-0.2840514,51.381934200000011],[-0.2840287,51.3819489],[-0.2840018,51.3819679]]}},
{"type":"Feature","properties":{"id":19061,"nach":0.5160245845608612},"geometry":{"type":"LineString","coordinates":[[-0.2982163,51.3940845],[-0.2981591,51.3940961],[-0.2978397,51.3941051],[-0.2978253,51.3937558]]}},
{"type":"Feature","properties":{"id":19062,"nach":0.60426430102455841},"geometry":{"type":"LineString","coordinates":[[-0.2982163,51.3940845],[-0.2983027,51.3940771],[-0.2985423,51.394037],[-0.2987454,51.3940113]]}},
{"type":"Feature","properties":{"id":19060,"nach":0.52766292299400464},"geometry":{"type":"LineString","coordinates":[[-0.2982163,51.3940845],[-0.2982076,51.3939863]]}},
{"type":"Feature","properties":{"id":12703,"nach":0.69505405787072483},"geometry":{"type":"LineString","coordinates":[[-0.2984636,51.395373899999989],[-0.298535,51.3953342],[-0.2986963,51.3952994],[-0.2987487,51.3952868],[-0.2988157,51.3952718]]}},
{"type":"Feature","properties":{"id":34522,"nach":0.64541439327172578},"geometry":{"type":"LineString","coordinates":[[-0.2988563,51.3950803],[-0.2988394,51.3950852],[-0.2988195,51.3950898],[-0.2988503,51.3951609],[-0.2988446,51.3951821],[-0.2988218,51.3952021],[-0.2987926,51.3952321],[-0.2988003,51.395245],[-0.2988157,51.3952718]]}},
{"type":"Feature","properties":{"id":12770,"nach":0.54397944632597295},"geometry":{"type":"LineString","coordinates":[[-0.3051728,51.3913755],[-0.3036091,51.391929]]}},
{"type":"Feature","properties":{"id":12767,"nach":0.56299379041212505},"geometry":{"type":"LineString","coordinates":[[-0.3035166,51.391833400000017],[-0.3036091,51.391929]]}},
{"type":"Feature","properties":{"id":12779,"nach":0.62380507593327017},"geometry":{"type":"LineString","coordinates":[[-0.3037008,51.3920238],[-0.3036091,51.391929]]}},
{"type":"Feature","properties":{"id":12772,"nach":0.15735879768502639},"geometry":{"type":"LineString","coordinates":[[-0.3051728,51.3913755],[-0.3048311,51.3913468],[-0.3035166,51.391833400000017]]}},
{"type":"Feature","properties":{"id":19160,"nach":0.50931038673993922},"geometry":{"type":"LineString","coordinates":[[-0.3034348,51.3920304],[-0.3033095,51.3918914],[-0.3034074,51.3918319],[-0.3035166,51.391833400000017]]}},
{"type":"Feature","properties":{"id":12780,"nach":0.52354302956680454},"geometry":{"type":"LineString","coordinates":[[-0.3037008,51.3920238],[-0.3037215,51.3920453]]}},
{"type":"Feature","properties":{"id":12777,"nach":0.0},"geometry":{"type":"LineString","coordinates":[[-0.3037215,51.3920453],[-0.3038303,51.3921578],[-0.3057528,51.3915139],[-0.3056942,51.39141930000001],[-0.3055662,51.3914085]]}},
{"type":"Feature","properties":{"id":19172,"nach":0.72160721114225568},"geometry":{"type":"LineString","coordinates":[[-0.2968265,51.3870046],[-0.2968503,51.3870571]]}},
{"type":"Feature","properties":{"id":33085,"nach":0.44698608533747392},"geometry":{"type":"LineString","coordinates":[[-0.2967692,51.3870718],[-0.2967833,51.3870695],[-0.2968503,51.3870571]]}},
{"type":"Feature","properties":{"id":32248,"nach":0.72150514475272842},"geometry":{"type":"LineString","coordinates":[[-0.2969076,51.3871926],[-0.2968718,51.3871074],[-0.2968503,51.3870571]]}},
{"type":"Feature","properties":{"id":33078,"nach":0.44838245362213958},"geometry":{"type":"LineString","coordinates":[[-0.2967435,51.3870212],[-0.2968265,51.3870046]]}},
{"type":"Feature","properties":{"id":34699,"nach":0.72212212543826149},"geometry":{"type":"LineString","coordinates":[[-0.2966784,51.38673450000001],[-0.2967044,51.3867785],[-0.2968081,51.3869682],[-0.2968265,51.3870046]]}},
{"type":"Feature","properties":{"id":33084,"nach":0.50628301271116294},"geometry":{"type":"LineString","coordinates":[[-0.2967692,51.3870718],[-0.2962783,51.3871534],[-0.2961391,51.3871771],[-0.296026,51.3872121],[-0.29597,51.3872642],[-0.2959649,51.3873348],[-0.2960026,51.3874239]]}},
{"type":"Feature","properties":{"id":33082,"nach":0.63313916492968636},"geometry":{"type":"LineString","coordinates":[[-0.2967692,51.3870718],[-0.2967435,51.3870212]]}},
{"type":"Feature","properties":{"id":37399,"nach":0.64300889734433953},"geometry":{"type":"LineString","coordinates":[[-0.2968327,51.387205600000016],[-0.2967692,51.3870718]]}},
{"type":"Feature","properties":{"id":35654,"nach":0.73529677119838066},"geometry":{"type":"LineString","coordinates":[[-0.2970912,51.3876274],[-0.2970822,51.3876085],[-0.2970683,51.3875798],[-0.2970365,51.3875058],[-0.297024,51.387480900000014],[-0.2969783,51.3873714],[-0.2969681,51.3873375],[-0.2969545,51.3873062],[-0.2969076,51.3871926]]}},
{"type":"Feature","properties":{"id":37404,"nach":0.4373074632476745},"geometry":{"type":"LineString","coordinates":[[-0.2970204,51.3871727],[-0.2969896,51.3871781],[-0.2969076,51.3871926]]}},
{"type":"Feature","properties":{"id":37401,"nach":0.60726518732940771},"geometry":{"type":"LineString","coordinates":[[-0.2968327,51.387205600000016],[-0.2968589,51.387201],[-0.2969076,51.3871926]]}},
{"type":"Feature","properties":{"id":29162,"nach":0.53634113936787708},"geometry":{"type":"LineString","coordinates":[[-0.2845091,51.3821244],[-0.2845394,51.3820983],[-0.284564,51.382078],[-0.2845846,51.3820631]]}},
{"type":"Feature","properties":{"id":13602,"nach":0.45371814506422231},"geometry":{"type":"LineString","coordinates":[[-0.2871503,51.3812987],[-0.2870595,51.3810759],[-0.2871914,51.3810575]]}},
{"type":"Feature","properties":{"id":13606,"nach":0.45424922709513071},"geometry":{"type":"LineString","coordinates":[[-0.2872874,51.381551600000016],[-0.2871503,51.3812987]]}},
{"type":"Feature","properties":{"id":14693,"nach":0.55840831304461114},"geometry":{"type":"LineString","coordinates":[[-0.3063351,51.3874454],[-0.3071926,51.3879056],[-0.3076494,51.3883781]]}},
{"type":"Feature","properties":{"id":14701,"nach":0.54123215323173002},"geometry":{"type":"LineString","coordinates":[[-0.3060774,51.3872988],[-0.3063351,51.3874454]]}},
{"type":"Feature","properties":{"id":14694,"nach":0.48478211336908561},"geometry":{"type":"LineString","coordinates":[[-0.3083203,51.3865598],[-0.3063351,51.3874454]]}},
{"type":"Feature","properties":{"id":15065,"nach":0.67903327769605748},"geometry":{"type":"LineString","coordinates":[[-0.3050408,51.3891381],[-0.3052288,51.389199499999989],[-0.3053045,51.3892264],[-0.3053729,51.3892489],[-0.3055368,51.3892964]]}},
{"type":"Feature","properties":{"id":43530,"nach":0.6561851200309482},"geometry":{"type":"LineString","coordinates":[[-0.306642,51.388804200000017],[-0.3056645,51.3892177],[-0.3055368,51.3892964]]}},
{"type":"Feature","properties":{"id":21745,"nach":0.64239091387544212},"geometry":{"type":"LineString","coordinates":[[-0.3045937,51.3889698],[-0.3048338,51.3890643],[-0.3050408,51.3891381]]}},
{"type":"Feature","properties":{"id":43529,"nach":0.64787164651107243},"geometry":{"type":"LineString","coordinates":[[-0.306642,51.388804200000017],[-0.3067304,51.388766800000013]]}},
{"type":"Feature","properties":{"id":43531,"nach":0.47449851253279046},"geometry":{"type":"LineString","coordinates":[[-0.306642,51.388804200000017],[-0.3070925,51.38925050000001],[-0.30689,51.3893393]]}},
{"type":"Feature","properties":{"id":14699,"nach":0.34272172143392277},"geometry":{"type":"LineString","coordinates":[[-0.3060055,51.3852015],[-0.3060608,51.3851446],[-0.3064806,51.3847445],[-0.3065684,51.384682399999988],[-0.3066737,51.3846332],[-0.3080013,51.3842155],[-0.3089435,51.3839036],[-0.3090941,51.3838534]]}},
{"type":"Feature","properties":{"id":32796,"nach":0.45463277929369894},"geometry":{"type":"LineString","coordinates":[[-0.3048153,51.384241],[-0.3048431,51.3843342],[-0.3048927,51.3844226],[-0.3049752,51.3845342],[-0.3050892,51.3846573],[-0.3052373,51.3847741],[-0.305586,51.3849825],[-0.3060055,51.3852015]]}},
{"type":"Feature","properties":{"id":14698,"nach":0.39838175301781859},"geometry":{"type":"LineString","coordinates":[[-0.3060055,51.3852015],[-0.3061962,51.3852979],[-0.3071015,51.3856983],[-0.3072564,51.3857754],[-0.3081617,51.3864458],[-0.3083203,51.3865598]]}},
{"type":"Feature","properties":{"id":16474,"nach":0.53348500154700729},"geometry":{"type":"LineString","coordinates":[[-0.3048824,51.3866581],[-0.3060774,51.3872988]]}},
{"type":"Feature","properties":{"id":14703,"nach":0.421290709810626},"geometry":{"type":"LineString","coordinates":[[-0.3059468,51.3881006],[-0.3054309,51.3878244],[-0.3054241,51.3877741],[-0.3055291,51.3876625],[-0.3060774,51.3872988]]}},
{"type":"Feature","properties":{"id":24611,"nach":0.4306401057157026},"geometry":{"type":"LineString","coordinates":[[-0.3040251,51.3871077],[-0.3041161,51.3870569],[-0.3043386,51.3870208],[-0.3048824,51.3866581]]}},
{"type":"Feature","properties":{"id":18883,"nach":0.50496799935587988},"geometry":{"type":"LineString","coordinates":[[-0.2984847,51.380915500000015],[-0.2985688,51.3806907],[-0.2987686,51.3801563],[-0.2989765,51.3796132],[-0.2990558,51.379405900000016]]}},
{"type":"Feature","properties":{"id":18885,"nach":0.43322872308316368},"geometry":{"type":"LineString","coordinates":[[-0.2977845,51.38111940000001],[-0.2979063,51.3808378],[-0.2984847,51.380915500000015]]}},
{"type":"Feature","properties":{"id":16322,"nach":0.53801106954263223},"geometry":{"type":"LineString","coordinates":[[-0.2994827,51.3817217],[-0.2994785,51.3816776]]}},
{"type":"Feature","properties":{"id":18912,"nach":0.46284789995290487},"geometry":{"type":"LineString","coordinates":[[-0.3001375,51.3830821],[-0.3001144,51.382957],[-0.299853,51.3826345],[-0.299703,51.382487800000014]]}},
{"type":"Feature","properties":{"id":41707,"nach":0.49954028976473863},"geometry":{"type":"LineString","coordinates":[[-0.3050638,51.3887074],[-0.3048645,51.3888294],[-0.3046802,51.3888981],[-0.3045937,51.3889698]]}},
{"type":"Feature","properties":{"id":16304,"nach":0.48762045566494866},"geometry":{"type":"LineString","coordinates":[[-0.3031057,51.3874187],[-0.3031854,51.3874386],[-0.3033763,51.3874869]]}},
{"type":"Feature","properties":{"id":16305,"nach":0.48498782284703973},"geometry":{"type":"LineString","coordinates":[[-0.3031057,51.3874187],[-0.303054,51.38738],[-0.3029869,51.3873365],[-0.302683,51.3872565]]}},
{"type":"Feature","properties":{"id":26271,"nach":0.56229447848147585},"geometry":{"type":"LineString","coordinates":[[-0.3013301,51.3871345],[-0.301385,51.387103599999989]]}},
{"type":"Feature","properties":{"id":26320,"nach":0.61443981722950003},"geometry":{"type":"LineString","coordinates":[[-0.3009942,51.3868167],[-0.3010725,51.386874600000013],[-0.3011807,51.3869497],[-0.3013049,51.3870476],[-0.3013363,51.3870709],[-0.301385,51.387103599999989]]}},
{"type":"Feature","properties":{"id":26311,"nach":0.535197939550216},"geometry":{"type":"LineString","coordinates":[[-0.3013941,51.3865468],[-0.301413,51.3865663],[-0.3014077,51.3867021],[-0.3014018,51.3867647],[-0.3014193,51.3868124],[-0.3014752,51.3868895],[-0.301481,51.386951299999986],[-0.3014749,51.3870159],[-0.301445,51.3870629],[-0.301385,51.387103599999989]]}},
{"type":"Feature","properties":{"id":32872,"nach":0.66801808870739532},"geometry":{"type":"LineString","coordinates":[[-0.296483,51.385550399999985],[-0.2960024,51.3854184],[-0.2959625,51.385408400000024]]}},
{"type":"Feature","properties":{"id":16302,"nach":0.6550573075859758},"geometry":{"type":"LineString","coordinates":[[-0.2959625,51.385408400000024],[-0.2958734,51.3854056],[-0.2958465,51.3854047],[-0.2958024,51.3854003]]}},
{"type":"Feature","properties":{"id":29111,"nach":0.56349225946076342},"geometry":{"type":"LineString","coordinates":[[-0.2956984,51.3853283],[-0.2958038,51.3853365],[-0.2958941,51.3853646],[-0.2959625,51.385408400000024]]}},
{"type":"Feature","properties":{"id":32871,"nach":0.64464931165614126},"geometry":{"type":"LineString","coordinates":[[-0.296483,51.385550399999985],[-0.2966153,51.3855876]]}},
{"type":"Feature","properties":{"id":32873,"nach":0.58251149148352588},"geometry":{"type":"LineString","coordinates":[[-0.296483,51.385550399999985],[-0.2965283,51.3855076],[-0.2965551,51.3854888]]}},
{"type":"Feature","properties":{"id":29125,"nach":0.59509327214510832},"geometry":{"type":"LineString","coordinates":[[-0.2958024,51.3854003],[-0.2958123,51.3853641],[-0.2957692,51.3853536],[-0.2957028,51.385354],[-0.2956984,51.3853283]]}},
{"type":"Feature","properties":{"id":29140,"nach":0.65978878896264648},"geometry":{"type":"LineString","coordinates":[[-0.2957951,51.385437],[-0.2957929,51.3854149],[-0.2958024,51.3854003]]}},
{"type":"Feature","properties":{"id":36899,"nach":0.53182914316404084},"geometry":{"type":"LineString","coordinates":[[-0.3007539,51.386349],[-0.3007179,51.3863785]]}},
{"type":"Feature","properties":{"id":36904,"nach":0.4983885092494828},"geometry":{"type":"LineString","coordinates":[[-0.3008728,51.3864194],[-0.300843,51.3863462],[-0.3007539,51.386349]]}},
{"type":"Feature","properties":{"id":18886,"nach":0.45985738923761688},"geometry":{"type":"LineString","coordinates":[[-0.2990883,51.3826454],[-0.2990709,51.3827113]]}},
{"type":"Feature","properties":{"id":18887,"nach":0.45054252388632771},"geometry":{"type":"LineString","coordinates":[[-0.2985999,51.3828736],[-0.2988591,51.3829256],[-0.298917,51.382807200000023],[-0.2989425,51.3827884],[-0.2989772,51.3827783],[-0.2990513,51.3827855],[-0.2990709,51.3827113]]}},
{"type":"Feature","properties":{"id":16321,"nach":0.44685671302990404},"geometry":{"type":"LineString","coordinates":[[-0.2994827,51.3817217],[-0.2994819,51.3821277]]}},
{"type":"Feature","properties":{"id":37786,"nach":0.54554376923723702},"geometry":{"type":"LineString","coordinates":[[-0.3009759,51.3819646],[-0.2994827,51.3817217]]}},
{"type":"Feature","properties":{"id":37785,"nach":0.61891198241211431},"geometry":{"type":"LineString","coordinates":[[-0.3009759,51.3819646],[-0.3009901,51.3819306]]}},
{"type":"Feature","properties":{"id":18914,"nach":0.60828385584906208},"geometry":{"type":"LineString","coordinates":[[-0.3012504,51.3813248],[-0.3009901,51.3819306]]}},
{"type":"Feature","properties":{"id":18927,"nach":0.45256875122196127},"geometry":{"type":"LineString","coordinates":[[-0.3003436,51.3816832],[-0.3002874,51.3818218],[-0.3009901,51.3819306]]}},
{"type":"Feature","properties":{"id":18924,"nach":0.60310919926680329},"geometry":{"type":"LineString","coordinates":[[-0.3013391,51.3811141],[-0.3012504,51.3813248]]}},
{"type":"Feature","properties":{"id":18918,"nach":0.44747904731110943},"geometry":{"type":"LineString","coordinates":[[-0.3003975,51.381424],[-0.3004075,51.3813883],[-0.3004419,51.3813739],[-0.3004906,51.3813507],[-0.3005121,51.3813239],[-0.3005207,51.3812854],[-0.3005193,51.3812461],[-0.3007787,51.3812418],[-0.3012504,51.3813248]]}},
{"type":"Feature","properties":{"id":18925,"nach":0.59969831273239294},"geometry":{"type":"LineString","coordinates":[[-0.3013391,51.3811141],[-0.3014159,51.3809316]]}},
{"type":"Feature","properties":{"id":27612,"nach":0.59797640990701328},"geometry":{"type":"LineString","coordinates":[[-0.3017486,51.3801416],[-0.3014159,51.3809316]]}},
{"type":"Feature","properties":{"id":18917,"nach":0.44262731271880695},"geometry":{"type":"LineString","coordinates":[[-0.3019372,51.381397],[-0.3018338,51.38129450000001],[-0.3019412,51.3810099],[-0.3018499,51.380996],[-0.3016824,51.380971099999989],[-0.3014159,51.3809316]]}},
{"type":"Feature","properties":{"id":18926,"nach":0.45362871028659402},"geometry":{"type":"LineString","coordinates":[[-0.3013391,51.3811141],[-0.3005923,51.381008]]}},
{"type":"Feature","properties":{"id":27615,"nach":0.43953098127921142},"geometry":{"type":"LineString","coordinates":[[-0.3024969,51.3802429],[-0.3017486,51.3801416]]}},
{"type":"Feature","properties":{"id":34331,"nach":0.54240470732457469},"geometry":{"type":"LineString","coordinates":[[-0.3029188,51.3899397],[-0.3028499,51.3899752]]}},
{"type":"Feature","properties":{"id":17277,"nach":0.70186557800054095},"geometry":{"type":"LineString","coordinates":[[-0.302083,51.3896566],[-0.3023959,51.389730900000011],[-0.3025974,51.3898291],[-0.3028499,51.3899752]]}},
{"type":"Feature","properties":{"id":34330,"nach":0.58914946330829032},"geometry":{"type":"LineString","coordinates":[[-0.3029188,51.3899397],[-0.3032545,51.3897924]]}},
{"type":"Feature","properties":{"id":34333,"nach":0.57844753363899648},"geometry":{"type":"LineString","coordinates":[[-0.3029188,51.3899397],[-0.302751,51.3898357],[-0.3026108,51.3897629],[-0.3024667,51.3896989],[-0.3022843,51.3896378],[-0.3021081,51.389607]]}},
{"type":"Feature","properties":{"id":41706,"nach":0.61044357612102484},"geometry":{"type":"LineString","coordinates":[[-0.3034549,51.3903561],[-0.3032599,51.390201],[-0.3030809,51.3900613],[-0.3029188,51.3899397]]}},
{"type":"Feature","properties":{"id":17276,"nach":0.63588882522194934},"geometry":{"type":"LineString","coordinates":[[-0.302083,51.3896566],[-0.3021081,51.389607]]}},
{"type":"Feature","properties":{"id":17270,"nach":0.50968360922217293},"geometry":{"type":"LineString","coordinates":[[-0.3034459,51.3897149],[-0.3032545,51.3897924]]}},
{"type":"Feature","properties":{"id":16907,"nach":0.5075455684778839},"geometry":{"type":"LineString","coordinates":[[-0.3030155,51.38962810000001],[-0.3032394,51.3897539],[-0.3032545,51.3897924]]}},
{"type":"Feature","properties":{"id":35648,"nach":0.61317994467361003},"geometry":{"type":"LineString","coordinates":[[-0.2924968,51.3843427],[-0.2926577,51.3843882]]}},
{"type":"Feature","properties":{"id":33407,"nach":0.49866481689500392},"geometry":{"type":"LineString","coordinates":[[-0.3022179,51.3887373],[-0.3022912,51.3888111],[-0.302145,51.3889232],[-0.3020967,51.3890437],[-0.3020887,51.3890839],[-0.3020833,51.3891542],[-0.3020967,51.3892898],[-0.3020967,51.3893684],[-0.3021343,51.3894739],[-0.3021343,51.3895525],[-0.3021081,51.389607]]}},
{"type":"Feature","properties":{"id":42372,"nach":0.43579328863413075},"geometry":{"type":"LineString","coordinates":[[-0.3019542,51.3796513],[-0.302434,51.379722],[-0.3025144,51.3797484],[-0.3025834,51.379783500000016],[-0.3026349,51.3798157],[-0.3027893,51.3798355]]}},
{"type":"Feature","properties":{"id":17596,"nach":0.7000640135872026},"geometry":{"type":"LineString","coordinates":[[-0.2876862,51.3833796],[-0.2876528,51.383345900000016],[-0.2874922,51.3831447],[-0.2874607,51.3830963]]}},
{"type":"Feature","properties":{"id":39261,"nach":0.50387267739650399},"geometry":{"type":"LineString","coordinates":[[-0.287388,51.3831103],[-0.2874607,51.3830963]]}},
{"type":"Feature","properties":{"id":39234,"nach":0.70441034942019987},"geometry":{"type":"LineString","coordinates":[[-0.2874607,51.3830963],[-0.287449,51.383077],[-0.2874448,51.3830535]]}},
{"type":"Feature","properties":{"id":29031,"nach":0.48568481657171758},"geometry":{"type":"LineString","coordinates":[[-0.2873841,51.383443900000017],[-0.2873066,51.3834284],[-0.2867247,51.3835455]]}},
{"type":"Feature","properties":{"id":29032,"nach":0.56554074333145898},"geometry":{"type":"LineString","coordinates":[[-0.2873841,51.383443900000017],[-0.2873503,51.3834735],[-0.2867186,51.3836295],[-0.2859489,51.383884],[-0.2857784,51.3839707]]}},
{"type":"Feature","properties":{"id":17602,"nach":0.50222568970375303},"geometry":{"type":"LineString","coordinates":[[-0.2848774,51.3843081],[-0.285634,51.3840014],[-0.2857784,51.3839707]]}},
{"type":"Feature","properties":{"id":17609,"nach":0.48175150555334145},"geometry":{"type":"LineString","coordinates":[[-0.2859604,51.3853162],[-0.2866595,51.3849944],[-0.2866892,51.38495850000001],[-0.2866799,51.3849227],[-0.2863869,51.3844655],[-0.2861959,51.3843741],[-0.2858348,51.3841123],[-0.2857784,51.3839707]]}},
{"type":"Feature","properties":{"id":17608,"nach":0.14007493683272015},"geometry":{"type":"LineString","coordinates":[[-0.2859604,51.3853162],[-0.2858176,51.3851889],[-0.2856155,51.3850419],[-0.2853744,51.384815],[-0.2851648,51.3846021],[-0.2848922,51.3843718],[-0.2848681,51.3843394],[-0.2848774,51.3843081]]}},
{"type":"Feature","properties":{"id":17606,"nach":0.44548211255761189},"geometry":{"type":"LineString","coordinates":[[-0.2836496,51.3848497],[-0.2840732,51.3846443],[-0.2848774,51.3843081]]}},
{"type":"Feature","properties":{"id":17610,"nach":0.42121723550791151},"geometry":{"type":"LineString","coordinates":[[-0.284794,51.3858323],[-0.2859604,51.3853162]]}},
{"type":"Feature","properties":{"id":17612,"nach":0.07898724464655045},"geometry":{"type":"LineString","coordinates":[[-0.284794,51.3858323],[-0.2844583,51.3860013],[-0.2843776,51.3860326],[-0.2843232,51.3860375],[-0.2842721,51.386033399999988],[-0.2842314,51.386018700000015],[-0.2832195,51.38515],[-0.2832038,51.3851124],[-0.2832261,51.3850674],[-0.2836496,51.3848497]]}},
{"type":"Feature","properties":{"id":17622,"nach":0.47646262864995798},"geometry":{"type":"LineString","coordinates":[[-0.2847174,51.382387],[-0.2844445,51.3828662]]}},
{"type":"Feature","properties":{"id":35622,"nach":0.55236718784289518},"geometry":{"type":"LineString","coordinates":[[-0.2847483,51.3823272],[-0.2847174,51.382387]]}},
{"type":"Feature","properties":{"id":17629,"nach":0.44097354589023907},"geometry":{"type":"LineString","coordinates":[[-0.2842034,51.382331500000014],[-0.2843007,51.3823416],[-0.2844155,51.3823557],[-0.2846505,51.3823832],[-0.2847174,51.382387]]}},
{"type":"Feature","properties":{"id":17628,"nach":0.33130168855610298},"geometry":{"type":"LineString","coordinates":[[-0.2842034,51.382331500000014],[-0.2841837,51.3823576],[-0.283982,51.3827876],[-0.2844445,51.3828662]]}},
{"type":"Feature","properties":{"id":40885,"nach":0.59226155211567677},"geometry":{"type":"LineString","coordinates":[[-0.2847622,51.3822969],[-0.2847483,51.3823272]]}},
{"type":"Feature","properties":{"id":35624,"nach":0.68952706129295105},"geometry":{"type":"LineString","coordinates":[[-0.2847483,51.3823272],[-0.2846919,51.3823145],[-0.2846312,51.3823043],[-0.2845815,51.3822954]]}},
{"type":"Feature","properties":{"id":35651,"nach":0.69778631442361849},"geometry":{"type":"LineString","coordinates":[[-0.2853193,51.3824593],[-0.2850939,51.3824027],[-0.2850433,51.3823905],[-0.2848755,51.382354],[-0.2847483,51.3823272]]}},
{"type":"Feature","properties":{"id":35619,"nach":0.53213532037948175},"geometry":{"type":"LineString","coordinates":[[-0.2843034,51.382266799999989],[-0.284262,51.3822064]]}},
{"type":"Feature","properties":{"id":35621,"nach":0.65955233000629665},"geometry":{"type":"LineString","coordinates":[[-0.2843034,51.382266799999989],[-0.2843554,51.3822718]]}},
{"type":"Feature","properties":{"id":29097,"nach":0.52680007838750453},"geometry":{"type":"LineString","coordinates":[[-0.2983771,51.3914058],[-0.2988763,51.3913631],[-0.298887,51.3912878],[-0.2993103,51.391258]]}},
{"type":"Feature","properties":{"id":37530,"nach":0.6726340149036546},"geometry":{"type":"LineString","coordinates":[[-0.2983589,51.391335],[-0.2983771,51.3914058]]}},
{"type":"Feature","properties":{"id":34347,"nach":0.52401020641920293},"geometry":{"type":"LineString","coordinates":[[-0.303361,51.3904104],[-0.3033469,51.390418],[-0.3032029,51.3905118]]}},
{"type":"Feature","properties":{"id":41705,"nach":0.62916825672648768},"geometry":{"type":"LineString","coordinates":[[-0.3034549,51.3903561],[-0.3036019,51.390473],[-0.3036931,51.390516500000011],[-0.3037696,51.3905249],[-0.3038165,51.3905148]]}},
{"type":"Feature","properties":{"id":32771,"nach":0.63559652839508218},"geometry":{"type":"LineString","coordinates":[[-0.3004072,51.390790400000014],[-0.3002975,51.3912539]]}},
{"type":"Feature","properties":{"id":32770,"nach":0.0},"geometry":{"type":"LineString","coordinates":[[-0.2996253,51.3906525],[-0.2994096,51.3907467],[-0.2994296,51.3908679],[-0.2994445,51.3910437],[-0.2994861,51.3910571],[-0.2994794,51.3911082],[-0.2995263,51.391208600000013],[-0.3002975,51.3912539]]}},
{"type":"Feature","properties":{"id":32784,"nach":0.56929261256763608},"geometry":{"type":"LineString","coordinates":[[-0.3010349,51.3919995],[-0.3010707,51.391836100000013],[-0.300985,51.3918263],[-0.3008842,51.391762300000018],[-0.3008422,51.3917577]]}},
{"type":"Feature","properties":{"id":32785,"nach":0.5189584289178778},"geometry":{"type":"LineString","coordinates":[[-0.3010306,51.3920192],[-0.3010349,51.3919995]]}},
{"type":"Feature","properties":{"id":44695,"nach":0.70228266047485266},"geometry":{"type":"LineString","coordinates":[[-0.2925508,51.3844071],[-0.2922694,51.3843228]]}},
{"type":"Feature","properties":{"id":44700,"nach":0.51102774402502782},"geometry":{"type":"LineString","coordinates":[[-0.2925059,51.3844638],[-0.2925508,51.3844071]]}},
{"type":"Feature","properties":{"id":32868,"nach":0.58115906456808408},"geometry":{"type":"LineString","coordinates":[[-0.2965551,51.3854888],[-0.2966521,51.3855138]]}},
{"type":"Feature","properties":{"id":26332,"nach":0.58870584422613081},"geometry":{"type":"LineString","coordinates":[[-0.2966521,51.3855138],[-0.2966153,51.3855876]]}},
{"type":"Feature","properties":{"id":32852,"nach":0.55555703977158377},"geometry":{"type":"LineString","coordinates":[[-0.2968064,51.3855646],[-0.2967131,51.3855339],[-0.2966521,51.3855138]]}},
{"type":"Feature","properties":{"id":26324,"nach":0.63684432910087807},"geometry":{"type":"LineString","coordinates":[[-0.2967495,51.3856261],[-0.2966153,51.3855876]]}},
{"type":"Feature","properties":{"id":26328,"nach":0.63935303202837612},"geometry":{"type":"LineString","coordinates":[[-0.298791,51.386197],[-0.2967495,51.3856261]]}},
{"type":"Feature","properties":{"id":32847,"nach":0.55206428942266461},"geometry":{"type":"LineString","coordinates":[[-0.2967056,51.3856735],[-0.2967495,51.3856261]]}},
{"type":"Feature","properties":{"id":32850,"nach":0.49555630295112735},"geometry":{"type":"LineString","coordinates":[[-0.2968064,51.3855646],[-0.2967495,51.3856261]]}},
{"type":"Feature","properties":{"id":26266,"nach":0.60686477252849624},"geometry":{"type":"LineString","coordinates":[[-0.3005719,51.38671140000001],[-0.3008119,51.3867659]]}},
{"type":"Feature","properties":{"id":26318,"nach":0.66145896038644525},"geometry":{"type":"LineString","coordinates":[[-0.3008637,51.3868202],[-0.300834,51.3868029],[-0.3008199,51.3867872],[-0.3008119,51.3867659]]}},
{"type":"Feature","properties":{"id":26263,"nach":0.65244940929468398},"geometry":{"type":"LineString","coordinates":[[-0.3005719,51.38671140000001],[-0.3004315,51.386673]]}},
{"type":"Feature","properties":{"id":26264,"nach":0.59654161925146365},"geometry":{"type":"LineString","coordinates":[[-0.3005719,51.38671140000001],[-0.3005906,51.3866764]]}},
{"type":"Feature","properties":{"id":26299,"nach":0.65438977102238716},"geometry":{"type":"LineString","coordinates":[[-0.3005404,51.386753],[-0.3005719,51.38671140000001]]}},
{"type":"Feature","properties":{"id":37413,"nach":0.68851709219731749},"geometry":{"type":"LineString","coordinates":[[-0.2979307,51.3902568],[-0.2979198,51.3902363],[-0.2979226,51.3902237],[-0.2979289,51.3902133],[-0.2979158,51.39016680000001]]}},
{"type":"Feature","properties":{"id":18957,"nach":0.57749631557992653},"geometry":{"type":"LineString","coordinates":[[-0.2840018,51.3819679],[-0.2839702,51.3819866],[-0.2839565,51.3819954]]}},
{"type":"Feature","properties":{"id":33147,"nach":0.52150865621403708},"geometry":{"type":"LineString","coordinates":[[-0.3008863,51.3893267],[-0.3009274,51.3893019]]}},
{"type":"Feature","properties":{"id":33019,"nach":0.64572191551395608},"geometry":{"type":"LineString","coordinates":[[-0.3004421,51.3890607],[-0.3004884,51.3890792],[-0.3009274,51.3893019]]}},
{"type":"Feature","properties":{"id":33148,"nach":0.59073841526641691},"geometry":{"type":"LineString","coordinates":[[-0.3008863,51.3893267],[-0.3007229,51.3894561],[-0.3006798,51.3895]]}},
{"type":"Feature","properties":{"id":33149,"nach":0.58579243832899186},"geometry":{"type":"LineString","coordinates":[[-0.3008863,51.3893267],[-0.3004208,51.38908090000001],[-0.3004421,51.3890607]]}},
{"type":"Feature","properties":{"id":33150,"nach":0.39280517486527011},"geometry":{"type":"LineString","coordinates":[[-0.3008863,51.3893267],[-0.3012576,51.3895002],[-0.3015634,51.3895449],[-0.3016047,51.38955880000001]]}},
{"type":"Feature","properties":{"id":33145,"nach":0.50970418997139821},"geometry":{"type":"LineString","coordinates":[[-0.3016158,51.3894726],[-0.3015725,51.3894813],[-0.3012007,51.3894022],[-0.3007595,51.3891691],[-0.3004859,51.389026],[-0.3004421,51.3890607]]}},
{"type":"Feature","properties":{"id":19018,"nach":0.51039927257109585},"geometry":{"type":"LineString","coordinates":[[-0.3006798,51.3895],[-0.3003333,51.3893664]]}},
{"type":"Feature","properties":{"id":19021,"nach":0.50982906389042981},"geometry":{"type":"LineString","coordinates":[[-0.3011168,51.38964],[-0.3006798,51.3895]]}},
{"type":"Feature","properties":{"id":19023,"nach":0.0},"geometry":{"type":"LineString","coordinates":[[-0.297768,51.3926474],[-0.2979114,51.3926319],[-0.2978443,51.3923605],[-0.297702,51.3923731],[-0.297768,51.3926474]]}},
{"type":"Feature","properties":{"id":19145,"nach":0.51224555676048167},"geometry":{"type":"LineString","coordinates":[[-0.2978306,51.392909],[-0.2977829,51.3927118],[-0.297768,51.3926474]]}},
{"type":"Feature","properties":{"id":19147,"nach":0.56425679682207164},"geometry":{"type":"LineString","coordinates":[[-0.2978675,51.3930618],[-0.2980363,51.3930459],[-0.2980023,51.392893800000017],[-0.2978306,51.392909]]}},
{"type":"Feature","properties":{"id":29137,"nach":0.67989959809985356},"geometry":{"type":"LineString","coordinates":[[-0.2983185,51.3932731],[-0.2983319,51.3932231],[-0.2984695,51.3932131],[-0.2985304,51.3932018]]}},
{"type":"Feature","properties":{"id":19041,"nach":0.51618374614481621},"geometry":{"type":"LineString","coordinates":[[-0.2971083,51.3882742],[-0.2968905,51.3877594]]}},
{"type":"Feature","properties":{"id":19163,"nach":0.70237580897442975},"geometry":{"type":"LineString","coordinates":[[-0.2968569,51.3883141],[-0.2971083,51.3882742]]}},
{"type":"Feature","properties":{"id":19031,"nach":0.51121755835264537},"geometry":{"type":"LineString","coordinates":[[-0.29607,51.3879441],[-0.2965297,51.3878722]]}},
{"type":"Feature","properties":{"id":19033,"nach":0.51274156115122849},"geometry":{"type":"LineString","coordinates":[[-0.29591,51.3879666],[-0.29607,51.3879441]]}},
{"type":"Feature","properties":{"id":19035,"nach":0.59246715518551885},"geometry":{"type":"LineString","coordinates":[[-0.2961096,51.3880501],[-0.29607,51.3879441]]}},
{"type":"Feature","properties":{"id":19037,"nach":0.51577090884884358},"geometry":{"type":"LineString","coordinates":[[-0.2959821,51.3880691],[-0.2961096,51.3880501]]}},
{"type":"Feature","properties":{"id":19040,"nach":0.63079445403295908},"geometry":{"type":"LineString","coordinates":[[-0.2962333,51.3882108],[-0.2961723,51.38821750000001],[-0.2961096,51.3880501]]}},
{"type":"Feature","properties":{"id":19164,"nach":0.51732985890770022},"geometry":{"type":"LineString","coordinates":[[-0.2970004,51.3886561],[-0.2968569,51.3883141]]}},
{"type":"Feature","properties":{"id":33081,"nach":0.50951123420515887},"geometry":{"type":"LineString","coordinates":[[-0.2967435,51.3870212],[-0.2966511,51.3870349],[-0.2966082,51.3870583],[-0.2965867,51.3870818],[-0.2963238,51.3871286],[-0.2961736,51.387145399999987],[-0.2961107,51.3871338],[-0.2960536,51.3871084],[-0.296021,51.3870028]]}},
{"type":"Feature","properties":{"id":33079,"nach":0.62176300728849709},"geometry":{"type":"LineString","coordinates":[[-0.2967435,51.3870212],[-0.2964813,51.38661530000001]]}},
{"type":"Feature","properties":{"id":33063,"nach":0.5189852668390682},"geometry":{"type":"LineString","coordinates":[[-0.2978343,51.3898996],[-0.2968081,51.3900009],[-0.2967418,51.389820100000016]]}},
{"type":"Feature","properties":{"id":33062,"nach":0.27982202378274007},"geometry":{"type":"LineString","coordinates":[[-0.2978343,51.3898996],[-0.2978673,51.3898962]]}},
{"type":"Feature","properties":{"id":37409,"nach":0.66571574815480028},"geometry":{"type":"LineString","coordinates":[[-0.2976453,51.3891538],[-0.2976411,51.3891706],[-0.2976874,51.3893134],[-0.2977451,51.3895521],[-0.2978028,51.3897832],[-0.2978343,51.3898996]]}},
{"type":"Feature","properties":{"id":37412,"nach":0.67018532641897588},"geometry":{"type":"LineString","coordinates":[[-0.297896,51.3900692],[-0.2978787,51.3900604],[-0.2978343,51.3898996]]}},
{"type":"Feature","properties":{"id":29100,"nach":0.47725688900149382},"geometry":{"type":"LineString","coordinates":[[-0.2978673,51.3898962],[-0.2977802,51.3895495],[-0.2977533,51.3894331],[-0.2977425,51.3893796],[-0.2976738,51.3891594],[-0.2976453,51.3891538]]}},
{"type":"Feature","properties":{"id":37411,"nach":0.61085546424018189},"geometry":{"type":"LineString","coordinates":[[-0.297896,51.3900692],[-0.2979047,51.3900565],[-0.2978673,51.3898962]]}},
{"type":"Feature","properties":{"id":19093,"nach":0.51469941037181788},"geometry":{"type":"LineString","coordinates":[[-0.2989765,51.3892406],[-0.2988102,51.389223],[-0.2988368,51.3890621]]}},
{"type":"Feature","properties":{"id":33379,"nach":0.63219832882775295},"geometry":{"type":"LineString","coordinates":[[-0.2989851,51.3892839],[-0.2989765,51.3892406]]}},
{"type":"Feature","properties":{"id":33388,"nach":0.61675657996105071},"geometry":{"type":"LineString","coordinates":[[-0.2990336,51.3891531],[-0.2990263,51.3891607],[-0.2989765,51.3892406]]}},
{"type":"Feature","properties":{"id":33381,"nach":0.51750044101009107},"geometry":{"type":"LineString","coordinates":[[-0.2989851,51.3892839],[-0.299134,51.3893227],[-0.2991459,51.3893032]]}},
{"type":"Feature","properties":{"id":33389,"nach":0.60756943426959586},"geometry":{"type":"LineString","coordinates":[[-0.2990336,51.3891531],[-0.2990662,51.38911920000001],[-0.299129,51.3888855]]}},
{"type":"Feature","properties":{"id":33393,"nach":0.21767677024470761},"geometry":{"type":"LineString","coordinates":[[-0.2995685,51.3891708],[-0.2995548,51.3892208],[-0.2995427,51.3892397],[-0.2995152,51.3892591],[-0.2994881,51.3892648],[-0.2990336,51.3891531]]}},
{"type":"Feature","properties":{"id":33396,"nach":0.60936609627312677},"geometry":{"type":"LineString","coordinates":[[-0.2996651,51.3891824],[-0.2996597,51.3891997],[-0.2995476,51.3895089]]}},
{"type":"Feature","properties":{"id":37453,"nach":0.52053276064046394},"geometry":{"type":"LineString","coordinates":[[-0.2996707,51.395059],[-0.2995716,51.3949006],[-0.2995053,51.3948804],[-0.2994662,51.3947616],[-0.2992792,51.39483160000001]]}},
{"type":"Feature","properties":{"id":37452,"nach":0.4782180163193655},"geometry":{"type":"LineString","coordinates":[[-0.2996707,51.395059],[-0.2996796,51.395073100000012]]}},
{"type":"Feature","properties":{"id":37454,"nach":0.67699535595846616},"geometry":{"type":"LineString","coordinates":[[-0.2996707,51.395059],[-0.2998008,51.3950321],[-0.2998226,51.39503650000001]]}},
{"type":"Feature","properties":{"id":37455,"nach":0.68294507257963066},"geometry":{"type":"LineString","coordinates":[[-0.2996707,51.395059],[-0.2996164,51.3950702],[-0.2994802,51.3950924],[-0.2992717,51.3951237],[-0.2992549,51.395132]]}},
{"type":"Feature","properties":{"id":29244,"nach":0.50958084733355768},"geometry":{"type":"LineString","coordinates":[[-0.2998226,51.39503650000001],[-0.2998115,51.3950449],[-0.2996796,51.395073100000012]]}},
{"type":"Feature","properties":{"id":37449,"nach":0.68835944599875631},"geometry":{"type":"LineString","coordinates":[[-0.2992549,51.395132],[-0.2992727,51.3951368],[-0.2993163,51.3951352],[-0.2993852,51.3951255],[-0.2995226,51.3951051],[-0.2995971,51.3950916],[-0.2996796,51.395073100000012]]}},
{"type":"Feature","properties":{"id":39793,"nach":0.62691567247206548},"geometry":{"type":"LineString","coordinates":[[-0.2993752,51.3951771],[-0.2992945,51.3952288],[-0.2992562,51.39523830000001],[-0.2992066,51.3952498]]}},
{"type":"Feature","properties":{"id":40942,"nach":0.64042885511122893},"geometry":{"type":"LineString","coordinates":[[-0.2991774,51.3951827],[-0.2992186,51.3951729],[-0.2992674,51.3951641],[-0.2993752,51.3951771]]}},
{"type":"Feature","properties":{"id":33042,"nach":0.6793429913356881},"geometry":{"type":"LineString","coordinates":[[-0.2994088,51.388145100000017],[-0.2995159,51.38800710000001],[-0.2995655,51.3879973],[-0.2996155,51.3880029]]}},
{"type":"Feature","properties":{"id":33050,"nach":0.71367758583443164},"geometry":{"type":"LineString","coordinates":[[-0.2993078,51.3881234],[-0.2991213,51.3883736],[-0.2990553,51.3884205]]}},
{"type":"Feature","properties":{"id":33054,"nach":0.64732802838540704},"geometry":{"type":"LineString","coordinates":[[-0.2998544,51.3875788],[-0.2994365,51.387949],[-0.2993078,51.3881234]]}},
{"type":"Feature","properties":{"id":34702,"nach":0.5255287847674186},"geometry":{"type":"LineString","coordinates":[[-0.2967716,51.386712500000016],[-0.2966784,51.38673450000001]]}},
{"type":"Feature","properties":{"id":34518,"nach":0.65210534114905583},"geometry":{"type":"LineString","coordinates":[[-0.2988819,51.3950023],[-0.2989575,51.3950296],[-0.2989686,51.3950539],[-0.2989897,51.3950955],[-0.2990033,51.395125]]}},
{"type":"Feature","properties":{"id":34520,"nach":0.67536435979507159},"geometry":{"type":"LineString","coordinates":[[-0.2988563,51.3950803],[-0.2988437,51.3950503],[-0.2988819,51.3950023]]}},
{"type":"Feature","properties":{"id":29069,"nach":0.52497810161821912},"geometry":{"type":"LineString","coordinates":[[-0.2979627,51.3896294],[-0.2984423,51.3895753]]}},
{"type":"Feature","properties":{"id":29070,"nach":0.72930752075121208},"geometry":{"type":"LineString","coordinates":[[-0.2979627,51.3896294],[-0.2980772,51.3900345]]}},
{"type":"Feature","properties":{"id":37544,"nach":0.73326216267338151},"geometry":{"type":"LineString","coordinates":[[-0.2978919,51.3893843],[-0.2979101,51.3894521],[-0.2979627,51.3896294]]}},
{"type":"Feature","properties":{"id":32221,"nach":0.76726717027262381},"geometry":{"type":"LineString","coordinates":[[-0.3038438,51.3923747],[-0.3040279,51.3925413]]}},
{"type":"Feature","properties":{"id":32222,"nach":0.52485499549056014},"geometry":{"type":"LineString","coordinates":[[-0.3038438,51.3923747],[-0.3039896,51.3923139]]}},
{"type":"Feature","properties":{"id":44653,"nach":0.51937017254385198},"geometry":{"type":"LineString","coordinates":[[-0.3039694,51.392572],[-0.3037944,51.392408],[-0.3037739,51.3924177]]}},
{"type":"Feature","properties":{"id":41360,"nach":0.42115131409081191},"geometry":{"type":"LineString","coordinates":[[-0.2891025,51.3805165],[-0.2892079,51.3801546],[-0.2895902,51.3802024],[-0.2896837,51.379944],[-0.2896783,51.3799047],[-0.2896877,51.379856200000013],[-0.28974,51.3798026],[-0.2898204,51.37970210000001],[-0.2899397,51.3794789]]}},
{"type":"Feature","properties":{"id":34986,"nach":0.51025864788139508},"geometry":{"type":"LineString","coordinates":[[-0.3035616,51.3933685],[-0.3029059,51.3936705],[-0.3029247,51.3937115],[-0.3015989,51.3943061]]}},
{"type":"Feature","properties":{"id":32807,"nach":0.078724011080076234},"geometry":{"type":"LineString","coordinates":[[-0.2991054,51.3905388],[-0.299082,51.390458]]}},
{"type":"Feature","properties":{"id":32806,"nach":0.53296810759752444},"geometry":{"type":"LineString","coordinates":[[-0.2994959,51.3906242],[-0.2995545,51.3905969],[-0.2995775,51.3905574],[-0.299082,51.390458]]}},
{"type":"Feature","properties":{"id":32810,"nach":0.56482199260175026},"geometry":{"type":"LineString","coordinates":[[-0.2991054,51.3905388],[-0.2990361,51.3905236],[-0.2989121,51.3905081],[-0.2985849,51.3904898],[-0.2985272,51.3904463],[-0.2984023,51.390440900000016],[-0.298346,51.3904367],[-0.2982146,51.390443],[-0.2981814,51.3904452]]}},
{"type":"Feature","properties":{"id":32809,"nach":0.53904352446959147},"geometry":{"type":"LineString","coordinates":[[-0.2991054,51.3905388],[-0.2991411,51.3906619],[-0.299174,51.390704300000017],[-0.2992362,51.3907186],[-0.2992974,51.3907169],[-0.2994959,51.3906242]]}},
{"type":"Feature","properties":{"id":32805,"nach":0.57159365225531866},"geometry":{"type":"LineString","coordinates":[[-0.2994959,51.3906242],[-0.2996253,51.3906525]]}},
{"type":"Feature","properties":{"id":40890,"nach":0.70732533128514907},"geometry":{"type":"LineString","coordinates":[[-0.2857763,51.3824453],[-0.2858519,51.3824641]]}},
{"type":"Feature","properties":{"id":40891,"nach":0.42749769401449084},"geometry":{"type":"LineString","coordinates":[[-0.2857763,51.3824453],[-0.2858456,51.3823514]]}},
{"type":"Feature","properties":{"id":29106,"nach":0.37219497959859793},"geometry":{"type":"LineString","coordinates":[[-0.2854992,51.3824609],[-0.2854821,51.3824885],[-0.2854754,51.3824995]]}},
{"type":"Feature","properties":{"id":29104,"nach":0.61147947009535342},"geometry":{"type":"LineString","coordinates":[[-0.2854992,51.3824609],[-0.2853678,51.3824262]]}},
{"type":"Feature","properties":{"id":40888,"nach":0.47894975290154529},"geometry":{"type":"LineString","coordinates":[[-0.2858519,51.3824641],[-0.2858021,51.3825379]]}},
{"type":"Feature","properties":{"id":37581,"nach":0.51682497193232002},"geometry":{"type":"LineString","coordinates":[[-0.2999716,51.395381499999985],[-0.2995997,51.395458],[-0.2996825,51.3956148],[-0.2994906,51.3956543]]}},
{"type":"Feature","properties":{"id":37582,"nach":0.63265203856959373},"geometry":{"type":"LineString","coordinates":[[-0.2999716,51.395381499999985],[-0.2999574,51.3953474],[-0.299934,51.3953173],[-0.299916,51.3953032],[-0.2998734,51.3952942],[-0.2998167,51.395257],[-0.2997577,51.3951916]]}},
{"type":"Feature","properties":{"id":37586,"nach":0.64459280398050733},"geometry":{"type":"LineString","coordinates":[[-0.3000846,51.3956416],[-0.2999957,51.3954399],[-0.2999716,51.395381499999985]]}},
{"type":"Feature","properties":{"id":37584,"nach":0.26000139710182546},"geometry":{"type":"LineString","coordinates":[[-0.3000846,51.3956416],[-0.3001557,51.3956274]]}},
{"type":"Feature","properties":{"id":32462,"nach":0.65796061753976187},"geometry":{"type":"LineString","coordinates":[[-0.3002761,51.3958692],[-0.3001557,51.3956274]]}},
{"type":"Feature","properties":{"id":30020,"nach":0.6669480532864196},"geometry":{"type":"LineString","coordinates":[[-0.2999415,51.3951586],[-0.2999505,51.395146],[-0.2999848,51.3951254],[-0.3001399,51.3950638]]}},
{"type":"Feature","properties":{"id":34503,"nach":0.68504400986954117},"geometry":{"type":"LineString","coordinates":[[-0.2992234,51.3952793],[-0.2996686,51.39517750000001],[-0.2997072,51.3951802],[-0.299733,51.3951815],[-0.2997577,51.3951916]]}},
{"type":"Feature","properties":{"id":23069,"nach":0.67009319305096549},"geometry":{"type":"LineString","coordinates":[[-0.2990451,51.3952163],[-0.299078,51.3952841]]}},
{"type":"Feature","properties":{"id":23070,"nach":0.65026669934383519},"geometry":{"type":"LineString","coordinates":[[-0.2990451,51.3952163],[-0.2991774,51.3951827]]}},
{"type":"Feature","properties":{"id":34512,"nach":0.67718603580411407},"geometry":{"type":"LineString","coordinates":[[-0.2990033,51.395125],[-0.2990451,51.3952163]]}},
{"type":"Feature","properties":{"id":29250,"nach":0.6447644722417073},"geometry":{"type":"LineString","coordinates":[[-0.2992066,51.3952498],[-0.299078,51.3952841]]}},
{"type":"Feature","properties":{"id":40943,"nach":0.66685378203691326},"geometry":{"type":"LineString","coordinates":[[-0.299078,51.3952841],[-0.299103,51.3953339]]}},
{"type":"Feature","properties":{"id":40941,"nach":0.65790037970239967},"geometry":{"type":"LineString","coordinates":[[-0.2991774,51.3951827],[-0.2991582,51.3951457],[-0.2991538,51.3951368]]}},
{"type":"Feature","properties":{"id":40940,"nach":0.62766437009305742},"geometry":{"type":"LineString","coordinates":[[-0.2991774,51.3951827],[-0.2992066,51.3952498]]}},
{"type":"Feature","properties":{"id":26567,"nach":0.65072222963375292},"geometry":{"type":"LineString","coordinates":[[-0.3004107,51.3949736],[-0.3001399,51.3950638]]}},
{"type":"Feature","properties":{"id":26573,"nach":0.6774342841698644},"geometry":{"type":"LineString","coordinates":[[-0.3009635,51.3947363],[-0.3009057,51.3947623],[-0.3006232,51.3948816],[-0.3004107,51.3949736]]}},
{"type":"Feature","properties":{"id":29246,"nach":0.75118786694581319},"geometry":{"type":"LineString","coordinates":[[-0.2991538,51.3951368],[-0.2991104,51.3951263],[-0.2990833,51.3951079]]}},
{"type":"Feature","properties":{"id":37456,"nach":0.75679568778242012},"geometry":{"type":"LineString","coordinates":[[-0.2989711,51.3948708],[-0.2990589,51.3950865],[-0.2990833,51.3951079]]}},
{"type":"Feature","properties":{"id":34513,"nach":0.6317637537693096},"geometry":{"type":"LineString","coordinates":[[-0.2990033,51.395125],[-0.2990655,51.3951118],[-0.2990833,51.3951079]]}},
{"type":"Feature","properties":{"id":37450,"nach":0.73784052490442686},"geometry":{"type":"LineString","coordinates":[[-0.2992549,51.395132],[-0.2991917,51.3951364],[-0.2991538,51.3951368]]}},
{"type":"Feature","properties":{"id":34521,"nach":0.44409108023590349},"geometry":{"type":"LineString","coordinates":[[-0.2988563,51.3950803],[-0.2989141,51.3950673],[-0.2989255,51.3950644],[-0.2989667,51.3951332],[-0.2989811,51.39513010000001],[-0.2990033,51.395125]]}},
{"type":"Feature","properties":{"id":37482,"nach":0.75176527895819223},"geometry":{"type":"LineString","coordinates":[[-0.2988116,51.394003500000011],[-0.2987782,51.393721]]}},
{"type":"Feature","properties":{"id":29243,"nach":0.67867911215508403},"geometry":{"type":"LineString","coordinates":[[-0.2998226,51.39503650000001],[-0.3000539,51.3949741]]}},
{"type":"Feature","properties":{"id":37520,"nach":0.7163437238921283},"geometry":{"type":"LineString","coordinates":[[-0.2987273,51.3930347],[-0.2987299,51.3930508]]}},
{"type":"Feature","properties":{"id":37524,"nach":0.5297791035312005},"geometry":{"type":"LineString","coordinates":[[-0.2988596,51.3930256],[-0.2987273,51.3930347]]}},
{"type":"Feature","properties":{"id":34982,"nach":0.63519421547581445},"geometry":{"type":"LineString","coordinates":[[-0.3015989,51.3943061],[-0.3005633,51.3947721],[-0.3002615,51.3949051],[-0.3000539,51.3949741]]}},
{"type":"Feature","properties":{"id":34981,"nach":0.50649501118568996},"geometry":{"type":"LineString","coordinates":[[-0.3015989,51.3943061],[-0.3015762,51.3942927],[-0.3014258,51.3941865],[-0.3013393,51.3941202],[-0.301213,51.3940175]]}},
{"type":"Feature","properties":{"id":23110,"nach":0.64248956324005091},"geometry":{"type":"LineString","coordinates":[[-0.2883622,51.3833489],[-0.2879863,51.3833927],[-0.2879585,51.383396]]}},
{"type":"Feature","properties":{"id":35643,"nach":0.48937148730056057},"geometry":{"type":"LineString","coordinates":[[-0.2884005,51.3834445],[-0.2884045,51.383419399999987],[-0.2883884,51.3833842],[-0.2883622,51.3833489]]}},
{"type":"Feature","properties":{"id":32272,"nach":0.3876089699064631},"geometry":{"type":"LineString","coordinates":[[-0.2879585,51.383396],[-0.2879519,51.3833706],[-0.2879568,51.38331070000001],[-0.2879735,51.3832564],[-0.2880146,51.38319280000001],[-0.2880337,51.3831588]]}},
{"type":"Feature","properties":{"id":32271,"nach":0.64644075739462425},"geometry":{"type":"LineString","coordinates":[[-0.2879585,51.383396],[-0.2878938,51.3834061],[-0.2878272,51.3834207]]}},
{"type":"Feature","properties":{"id":32267,"nach":0.43869907903200278},"geometry":{"type":"LineString","coordinates":[[-0.2921048,51.3870977],[-0.2924372,51.386999],[-0.2926665,51.3869701],[-0.292749,51.3869744]]}},
{"type":"Feature","properties":{"id":26272,"nach":0.63145103539361302},"geometry":{"type":"LineString","coordinates":[[-0.3013301,51.3871345],[-0.3011989,51.3870708],[-0.3008861,51.387025],[-0.3006957,51.387011500000014]]}},
{"type":"Feature","properties":{"id":26321,"nach":0.6860218595085692},"geometry":{"type":"LineString","coordinates":[[-0.3009942,51.3868167],[-0.3009595,51.3868281],[-0.3009269,51.3868314],[-0.30089,51.386828],[-0.3008637,51.3868202]]}},
{"type":"Feature","properties":{"id":26309,"nach":0.51999626576965297},"geometry":{"type":"LineString","coordinates":[[-0.3013941,51.3865468],[-0.3014777,51.3864728]]}},
{"type":"Feature","properties":{"id":26310,"nach":0.50493340735870562},"geometry":{"type":"LineString","coordinates":[[-0.3013941,51.3865468],[-0.3013346,51.3865187]]}},
{"type":"Feature","properties":{"id":32287,"nach":0.55098177922156766},"geometry":{"type":"LineString","coordinates":[[-0.2946872,51.3848171],[-0.294729,51.3848967],[-0.2948634,51.384919100000012],[-0.2949398,51.384916900000015],[-0.2950221,51.3848462],[-0.2950332,51.3848302]]}},
{"type":"Feature","properties":{"id":26250,"nach":0.59042764566630701},"geometry":{"type":"LineString","coordinates":[[-0.3003848,51.3867129],[-0.3004315,51.386673]]}},
{"type":"Feature","properties":{"id":26261,"nach":0.60659942062509553},"geometry":{"type":"LineString","coordinates":[[-0.3004715,51.3866416],[-0.3004315,51.386673]]}},
{"type":"Feature","properties":{"id":26337,"nach":0.6565339253898389},"geometry":{"type":"LineString","coordinates":[[-0.2993864,51.3863653],[-0.2994688,51.386388499999988],[-0.3004315,51.386673]]}},
{"type":"Feature","properties":{"id":26298,"nach":0.60056984187717688},"geometry":{"type":"LineString","coordinates":[[-0.3005404,51.386753],[-0.3003848,51.3867129]]}},
{"type":"Feature","properties":{"id":32837,"nach":0.63907531810416041},"geometry":{"type":"LineString","coordinates":[[-0.2993404,51.386417800000011],[-0.3003848,51.3867129]]}},
{"type":"Feature","properties":{"id":26260,"nach":0.53337521838566493},"geometry":{"type":"LineString","coordinates":[[-0.3004715,51.3866416],[-0.3005906,51.3866764]]}},
{"type":"Feature","properties":{"id":32862,"nach":0.61476742737163903},"geometry":{"type":"LineString","coordinates":[[-0.3004996,51.3866222],[-0.3004715,51.3866416]]}},
{"type":"Feature","properties":{"id":26336,"nach":0.65327782412815627},"geometry":{"type":"LineString","coordinates":[[-0.2993864,51.3863653],[-0.2993174,51.386346],[-0.298791,51.386197]]}},
{"type":"Feature","properties":{"id":32835,"nach":0.32554670945939557},"geometry":{"type":"LineString","coordinates":[[-0.2993404,51.386417800000011],[-0.2993864,51.3863653]]}},
{"type":"Feature","properties":{"id":32838,"nach":0.48599130432392679},"geometry":{"type":"LineString","coordinates":[[-0.2994292,51.386316800000017],[-0.2993864,51.3863653]]}},
{"type":"Feature","properties":{"id":32773,"nach":0.56040292136164849},"geometry":{"type":"LineString","coordinates":[[-0.3004072,51.390790400000014],[-0.3001754,51.3907492],[-0.3000004,51.3906648]]}},
{"type":"Feature","properties":{"id":32769,"nach":0.55461543343517661},"geometry":{"type":"LineString","coordinates":[[-0.2996253,51.3906525],[-0.2999635,51.3907308],[-0.3000004,51.3906648]]}},
{"type":"Feature","properties":{"id":32765,"nach":0.45368490796196886},"geometry":{"type":"LineString","coordinates":[[-0.3000547,51.3905596],[-0.3000004,51.3906648]]}},
{"type":"Feature","properties":{"id":33087,"nach":0.68622369456672749},"geometry":{"type":"LineString","coordinates":[[-0.2981596,51.3903585],[-0.2983716,51.3903446],[-0.2985486,51.3903525],[-0.2987018,51.3903267],[-0.2989563,51.3903458],[-0.2992074,51.3903756],[-0.2994377,51.390429],[-0.2996779,51.3904713],[-0.2999172,51.390527400000018],[-0.3000547,51.3905596]]}},
{"type":"Feature","properties":{"id":26301,"nach":0.68212805179465597},"geometry":{"type":"LineString","coordinates":[[-0.3005404,51.386753],[-0.3007165,51.3868024],[-0.3007373,51.3868241],[-0.3007434,51.3868547],[-0.3006082,51.386960900000012]]}},
{"type":"Feature","properties":{"id":32849,"nach":0.63597109732927548},"geometry":{"type":"LineString","coordinates":[[-0.2967056,51.3856735],[-0.2993404,51.386417800000011]]}},
{"type":"Feature","properties":{"id":26292,"nach":0.54819514048451234},"geometry":{"type":"LineString","coordinates":[[-0.3006947,51.386485700000023],[-0.300679,51.3865107],[-0.3006619,51.3865917],[-0.3005906,51.3866764]]}},
{"type":"Feature","properties":{"id":26315,"nach":0.0},"geometry":{"type":"LineString","coordinates":[[-0.3007415,51.3864395],[-0.3007914,51.3865548],[-0.3008175,51.3866066],[-0.3008235,51.386632499999983],[-0.3008109,51.3866521],[-0.300772,51.3866793],[-0.3007238,51.38669860000001],[-0.3006834,51.3866988],[-0.3006488,51.3866936],[-0.3006123,51.3866838],[-0.3005906,51.3866764]]}},
{"type":"Feature","properties":{"id":26313,"nach":0.63768073150874438},"geometry":{"type":"LineString","coordinates":[[-0.3007415,51.3864395],[-0.3006947,51.386485700000023]]}},
{"type":"Feature","properties":{"id":32863,"nach":0.61991849310183833},"geometry":{"type":"LineString","coordinates":[[-0.3004996,51.3866222],[-0.3005899,51.3865597],[-0.3006947,51.386485700000023]]}},
{"type":"Feature","properties":{"id":36897,"nach":0.56433088697420408},"geometry":{"type":"LineString","coordinates":[[-0.3007179,51.3863785],[-0.3007415,51.3864395]]}},
{"type":"Feature","properties":{"id":32861,"nach":0.52076872316375666},"geometry":{"type":"LineString","coordinates":[[-0.3004996,51.3866222],[-0.2994292,51.386316800000017]]}},
{"type":"Feature","properties":{"id":26296,"nach":0.60381612518189343},"geometry":{"type":"LineString","coordinates":[[-0.3014252,51.3864466],[-0.3014777,51.3864728]]}},
{"type":"Feature","properties":{"id":26306,"nach":0.54270682305015305},"geometry":{"type":"LineString","coordinates":[[-0.3015616,51.3864173],[-0.3014777,51.3864728]]}},
{"type":"Feature","properties":{"id":26274,"nach":0.49779071178591205},"geometry":{"type":"LineString","coordinates":[[-0.3016647,51.3866473],[-0.301611,51.3866098],[-0.3016003,51.3865816],[-0.3015876,51.3865535],[-0.3015681,51.3865294],[-0.3014777,51.3864728]]}},
{"type":"Feature","properties":{"id":26294,"nach":0.64495539609796837},"geometry":{"type":"LineString","coordinates":[[-0.3014252,51.3864466],[-0.3013346,51.3865187]]}},
{"type":"Feature","properties":{"id":26295,"nach":0.65239983565389581},"geometry":{"type":"LineString","coordinates":[[-0.3014252,51.3864466],[-0.3015027,51.386380500000016]]}},
{"type":"Feature","properties":{"id":32843,"nach":0.59756632969990142},"geometry":{"type":"LineString","coordinates":[[-0.3012054,51.3864442],[-0.3013808,51.3864294],[-0.3014252,51.3864466]]}},
{"type":"Feature","properties":{"id":26308,"nach":0.49792766334659672},"geometry":{"type":"LineString","coordinates":[[-0.3015616,51.3864173],[-0.3016969,51.3864933]]}},
{"type":"Feature","properties":{"id":26307,"nach":0.37324354544060034},"geometry":{"type":"LineString","coordinates":[[-0.3015616,51.3864173],[-0.3015027,51.386380500000016]]}},
{"type":"Feature","properties":{"id":33060,"nach":0.65122643247844547},"geometry":{"type":"LineString","coordinates":[[-0.3001219,51.3873491],[-0.3003558,51.387153],[-0.3006082,51.386960900000012]]}},
{"type":"Feature","properties":{"id":32841,"nach":0.51498369593360838},"geometry":{"type":"LineString","coordinates":[[-0.3012054,51.3864442],[-0.3012646,51.3864857],[-0.3013346,51.3865187]]}},
{"type":"Feature","properties":{"id":36903,"nach":0.61236808781804364},"geometry":{"type":"LineString","coordinates":[[-0.3008728,51.3864194],[-0.3010769,51.386414600000016],[-0.3012054,51.3864442]]}},
{"type":"Feature","properties":{"id":33061,"nach":0.47824020969741748},"geometry":{"type":"LineString","coordinates":[[-0.3001219,51.3873491],[-0.3001081,51.38734010000001],[-0.3000194,51.3872923],[-0.2999359,51.387349]]}},
{"type":"Feature","properties":{"id":33059,"nach":0.64677876234656162},"geometry":{"type":"LineString","coordinates":[[-0.3001219,51.3873491],[-0.2999973,51.3874524]]}},
{"type":"Feature","properties":{"id":29116,"nach":0.37302330806393014},"geometry":{"type":"LineString","coordinates":[[-0.2951857,51.3849932],[-0.295136,51.3849739],[-0.2951033,51.3850107],[-0.2950557,51.3849947]]}},
{"type":"Feature","properties":{"id":29153,"nach":0.52954095170688897},"geometry":{"type":"LineString","coordinates":[[-0.2952578,51.385019200000016],[-0.2951857,51.3849932]]}},
{"type":"Feature","properties":{"id":32864,"nach":0.55612714701753618},"geometry":{"type":"LineString","coordinates":[[-0.2988305,51.3861452],[-0.298791,51.386197]]}},
{"type":"Feature","properties":{"id":32867,"nach":0.54750156390054172},"geometry":{"type":"LineString","coordinates":[[-0.2988305,51.3861452],[-0.2968991,51.38559510000001],[-0.2968064,51.3855646]]}},
{"type":"Feature","properties":{"id":32865,"nach":0.52347429339944984},"geometry":{"type":"LineString","coordinates":[[-0.2988305,51.3861452],[-0.2994292,51.386316800000017]]}},
{"type":"Feature","properties":{"id":33161,"nach":0.55577034295154015},"geometry":{"type":"LineString","coordinates":[[-0.2964299,51.3854567],[-0.2964812,51.3854698],[-0.2965551,51.3854888]]}},
{"type":"Feature","properties":{"id":26577,"nach":0.51771677758198997},"geometry":{"type":"LineString","coordinates":[[-0.3010244,51.3947841],[-0.3009635,51.3947363]]}},
{"type":"Feature","properties":{"id":26591,"nach":0.67084849219170106},"geometry":{"type":"LineString","coordinates":[[-0.3013967,51.3945424],[-0.3009635,51.3947363]]}},
{"type":"Feature","properties":{"id":26590,"nach":0.34949326102923045},"geometry":{"type":"LineString","coordinates":[[-0.3013967,51.3945424],[-0.3013331,51.3944803]]}},
{"type":"Feature","properties":{"id":26592,"nach":0.50494569137311207},"geometry":{"type":"LineString","coordinates":[[-0.3013967,51.3945424],[-0.301455,51.3946022],[-0.3015516,51.3949878]]}},
{"type":"Feature","properties":{"id":40904,"nach":0.64574051604409033},"geometry":{"type":"LineString","coordinates":[[-0.2859496,51.3822624],[-0.2860574,51.382121]]}},
{"type":"Feature","properties":{"id":27364,"nach":0.47748254627814801},"geometry":{"type":"LineString","coordinates":[[-0.2873445,51.3823617],[-0.2870339,51.3822779],[-0.2868109,51.3822142],[-0.2865904,51.3821746],[-0.2860574,51.382121]]}},
{"type":"Feature","properties":{"id":38395,"nach":0.58337018941885277},"geometry":{"type":"LineString","coordinates":[[-0.2858799,51.3823054],[-0.2858933,51.38228860000001],[-0.2859496,51.3822624]]}},
{"type":"Feature","properties":{"id":40905,"nach":0.61873961015982137},"geometry":{"type":"LineString","coordinates":[[-0.2859496,51.3822624],[-0.2859476,51.3822997],[-0.2859397,51.382311799999989],[-0.2859355,51.3823187]]}},
{"type":"Feature","properties":{"id":27531,"nach":0.50271973202172537},"geometry":{"type":"LineString","coordinates":[[-0.302796,51.3933327],[-0.3031896,51.393164900000016],[-0.3033497,51.3931601]]}},
{"type":"Feature","properties":{"id":32414,"nach":0.6096300240041661},"geometry":{"type":"LineString","coordinates":[[-0.2940888,51.3942937],[-0.2941127,51.394309199999988]]}},
{"type":"Feature","properties":{"id":27916,"nach":0.49333808260197914},"geometry":{"type":"LineString","coordinates":[[-0.2947158,51.3940756],[-0.2946224,51.3940377],[-0.2941127,51.394309199999988]]}},
{"type":"Feature","properties":{"id":32417,"nach":0.49332722497401371},"geometry":{"type":"LineString","coordinates":[[-0.2938973,51.3946411],[-0.2937687,51.3945568],[-0.2938656,51.394479],[-0.2940888,51.3942937]]}},
{"type":"Feature","properties":{"id":27933,"nach":0.49627758583624004},"geometry":{"type":"LineString","coordinates":[[-0.2935287,51.392261200000014],[-0.2937388,51.3921738]]}},
{"type":"Feature","properties":{"id":27932,"nach":0.49672840808180097},"geometry":{"type":"LineString","coordinates":[[-0.2938836,51.3921097],[-0.2937388,51.3921738]]}},
{"type":"Feature","properties":{"id":27947,"nach":0.48338171895574961},"geometry":{"type":"LineString","coordinates":[[-0.2928515,51.3910286],[-0.2927441,51.39085080000001]]}},
{"type":"Feature","properties":{"id":27946,"nach":0.48320251665886532},"geometry":{"type":"LineString","coordinates":[[-0.2926414,51.3906673],[-0.2927441,51.39085080000001]]}},
{"type":"Feature","properties":{"id":27954,"nach":0.48428261154214719},"geometry":{"type":"LineString","coordinates":[[-0.2920761,51.3920966],[-0.2919304,51.3919502]]}},
{"type":"Feature","properties":{"id":27957,"nach":0.48149321402165746},"geometry":{"type":"LineString","coordinates":[[-0.2923995,51.3920097],[-0.2920761,51.3920966]]}},
{"type":"Feature","properties":{"id":27986,"nach":0.64634351207894714},"geometry":{"type":"LineString","coordinates":[[-0.2843389,51.3821615],[-0.2843164,51.382149],[-0.2842304,51.3821048]]}},
{"type":"Feature","properties":{"id":29165,"nach":0.40485578815213191},"geometry":{"type":"LineString","coordinates":[[-0.284262,51.3822064],[-0.2843055,51.3821819],[-0.2843389,51.3821615]]}},
{"type":"Feature","properties":{"id":29161,"nach":0.36998910913652272},"geometry":{"type":"LineString","coordinates":[[-0.2845091,51.3821244],[-0.2844788,51.3821506],[-0.2844722,51.3821563],[-0.2844013,51.3821241],[-0.2843799,51.3821364],[-0.2843389,51.3821615]]}},
{"type":"Feature","properties":{"id":35627,"nach":0.64695229486340911},"geometry":{"type":"LineString","coordinates":[[-0.2844855,51.3822218],[-0.2844405,51.3822072],[-0.2843873,51.382183900000015],[-0.2843389,51.3821615]]}},
{"type":"Feature","properties":{"id":35631,"nach":0.60756149500159795},"geometry":{"type":"LineString","coordinates":[[-0.2842304,51.3821048],[-0.2841591,51.3821423]]}},
{"type":"Feature","properties":{"id":40884,"nach":0.56597138440093675},"geometry":{"type":"LineString","coordinates":[[-0.2843374,51.3820443],[-0.2842918,51.3820716],[-0.2842304,51.3821048]]}},
{"type":"Feature","properties":{"id":35633,"nach":0.54016298372000804},"geometry":{"type":"LineString","coordinates":[[-0.2841591,51.3821423],[-0.284191,51.3821595],[-0.284262,51.3822064]]}},
{"type":"Feature","properties":{"id":29163,"nach":0.70854249810665992},"geometry":{"type":"LineString","coordinates":[[-0.2845091,51.3821244],[-0.2845519,51.3821432],[-0.2846024,51.382165],[-0.2846299,51.3821767],[-0.284801,51.3822275]]}},
{"type":"Feature","properties":{"id":40883,"nach":0.7145016592029968},"geometry":{"type":"LineString","coordinates":[[-0.2843374,51.3820443],[-0.2844205,51.3820859],[-0.2844574,51.3821027],[-0.2845091,51.3821244]]}},
{"type":"Feature","properties":{"id":33053,"nach":0.0},"geometry":{"type":"LineString","coordinates":[[-0.2998544,51.3875788],[-0.2998422,51.3875723],[-0.2997487,51.3875276],[-0.2999052,51.3874039]]}},
{"type":"Feature","properties":{"id":33056,"nach":0.66448579313512179},"geometry":{"type":"LineString","coordinates":[[-0.2999973,51.3874524],[-0.2998544,51.3875788]]}},
{"type":"Feature","properties":{"id":33058,"nach":0.56832564503891547},"geometry":{"type":"LineString","coordinates":[[-0.2999973,51.3874524],[-0.2999833,51.3874433],[-0.2999052,51.3874039]]}},
{"type":"Feature","properties":{"id":32759,"nach":0.52556688838176546},"geometry":{"type":"LineString","coordinates":[[-0.2999359,51.387349],[-0.2999052,51.3874039]]}},
{"type":"Feature","properties":{"id":32760,"nach":0.50028821431006809},"geometry":{"type":"LineString","coordinates":[[-0.2999359,51.387349],[-0.2996899,51.3872275],[-0.2997449,51.3871631],[-0.2994445,51.3870158]]}},
{"type":"Feature","properties":{"id":41290,"nach":0.6681725955654948},"geometry":{"type":"LineString","coordinates":[[-0.2976495,51.38863460000001],[-0.2976539,51.388644]]}},
{"type":"Feature","properties":{"id":29074,"nach":0.71474403261319563},"geometry":{"type":"LineString","coordinates":[[-0.2873565,51.3829693],[-0.2874103,51.3829798],[-0.2874657,51.3829936]]}},
{"type":"Feature","properties":{"id":40169,"nach":0.64045026594317744},"geometry":{"type":"LineString","coordinates":[[-0.2875808,51.3830169],[-0.2875539,51.3830126],[-0.2875191,51.3830069],[-0.2874657,51.3829936]]}},
{"type":"Feature","properties":{"id":35641,"nach":0.71327012696241032},"geometry":{"type":"LineString","coordinates":[[-0.2874448,51.3830535],[-0.2874472,51.383038],[-0.2874547,51.3830196],[-0.2874587,51.38301],[-0.2874657,51.3829936]]}},
{"type":"Feature","properties":{"id":39263,"nach":0.48537874636219136},"geometry":{"type":"LineString","coordinates":[[-0.287388,51.3831103],[-0.2873618,51.3830616],[-0.2873519,51.3830096],[-0.2873565,51.3829693]]}},
{"type":"Feature","properties":{"id":38478,"nach":0.7176169831481507},"geometry":{"type":"LineString","coordinates":[[-0.2872741,51.382929],[-0.2873097,51.3829388],[-0.2873333,51.382949299999986],[-0.2873565,51.3829693]]}},
{"type":"Feature","properties":{"id":40170,"nach":0.62503710311636285},"geometry":{"type":"LineString","coordinates":[[-0.2875808,51.3830169],[-0.2876068,51.383023899999984],[-0.287832,51.3830874],[-0.2879559,51.3831217]]}},
{"type":"Feature","properties":{"id":44418,"nach":0.63953535844735543},"geometry":{"type":"LineString","coordinates":[[-0.2902274,51.3837924],[-0.2901901,51.3837817],[-0.290163,51.3837692],[-0.2897061,51.3836348],[-0.2893203,51.38352050000001]]}},
{"type":"Feature","properties":{"id":44423,"nach":0.6399473316331189},"geometry":{"type":"LineString","coordinates":[[-0.2892101,51.383489],[-0.288912,51.3834012],[-0.2886138,51.3833134]]}},
{"type":"Feature","properties":{"id":33775,"nach":0.72126949262346707},"geometry":{"type":"LineString","coordinates":[[-0.2974282,51.388182300000018],[-0.2973818,51.388067599999985]]}},
{"type":"Feature","properties":{"id":37402,"nach":0.64306962470817952},"geometry":{"type":"LineString","coordinates":[[-0.2970204,51.3871727],[-0.2970332,51.3872012],[-0.2973899,51.388049],[-0.2973818,51.388067599999985]]}},
{"type":"Feature","properties":{"id":33758,"nach":0.68784830766548666},"geometry":{"type":"LineString","coordinates":[[-0.2972671,51.3880427],[-0.2973635,51.3880546],[-0.2973818,51.388067599999985]]}},
{"type":"Feature","properties":{"id":33776,"nach":0.72324523067226454},"geometry":{"type":"LineString","coordinates":[[-0.2974282,51.388182300000018],[-0.2974404,51.3882103]]}},
{"type":"Feature","properties":{"id":37403,"nach":0.64136895028535035},"geometry":{"type":"LineString","coordinates":[[-0.2970204,51.3871727],[-0.2968461,51.3868195],[-0.2967716,51.386712500000016]]}},
{"type":"Feature","properties":{"id":37532,"nach":0.73947640340020937},"geometry":{"type":"LineString","coordinates":[[-0.2981136,51.39015890000001],[-0.2981173,51.39017350000001]]}},
{"type":"Feature","properties":{"id":37432,"nach":0.65288466416809521},"geometry":{"type":"LineString","coordinates":[[-0.298309,51.3919742],[-0.298304,51.3919584],[-0.2982665,51.391783]]}},
{"type":"Feature","properties":{"id":37430,"nach":0.68489504226424835},"geometry":{"type":"LineString","coordinates":[[-0.2982953,51.3917805],[-0.2982784,51.3917817],[-0.2982665,51.391783]]}},
{"type":"Feature","properties":{"id":37431,"nach":0.44068841748906984},"geometry":{"type":"LineString","coordinates":[[-0.298309,51.3919742],[-0.2983365,51.3919522],[-0.2982953,51.3917805]]}},
{"type":"Feature","properties":{"id":37538,"nach":0.65607328348661653},"geometry":{"type":"LineString","coordinates":[[-0.2983477,51.392026799999989],[-0.2983155,51.3920115],[-0.298309,51.3919742]]}},
{"type":"Feature","properties":{"id":37426,"nach":0.68921626930514468},"geometry":{"type":"LineString","coordinates":[[-0.2982124,51.391485200000012],[-0.2982008,51.391465],[-0.2981794,51.3913785],[-0.2981766,51.3913519]]}},
{"type":"Feature","properties":{"id":37535,"nach":0.64305657139557715},"geometry":{"type":"LineString","coordinates":[[-0.2983477,51.392026799999989],[-0.298366,51.3920784]]}},
{"type":"Feature","properties":{"id":37434,"nach":0.63520329782651208},"geometry":{"type":"LineString","coordinates":[[-0.2983781,51.392128600000014],[-0.298366,51.3920784]]}},
{"type":"Feature","properties":{"id":37542,"nach":0.53249870893173723},"geometry":{"type":"LineString","coordinates":[[-0.2980701,51.3920508],[-0.2983477,51.392026799999989]]}},
{"type":"Feature","properties":{"id":37405,"nach":0.67034888327685704},"geometry":{"type":"LineString","coordinates":[[-0.2972545,51.3881639],[-0.2972625,51.3881483]]}},
{"type":"Feature","properties":{"id":37407,"nach":0.59222745991243286},"geometry":{"type":"LineString","coordinates":[[-0.2972545,51.3881639],[-0.2972293,51.3881506],[-0.2970817,51.3878026],[-0.2970828,51.3877789],[-0.2970606,51.3877227],[-0.2970409,51.387705],[-0.2970019,51.3876231],[-0.2968968,51.387351],[-0.2968327,51.387205600000016]]}},
{"type":"Feature","properties":{"id":41302,"nach":0.73968818122215785},"geometry":{"type":"LineString","coordinates":[[-0.2975736,51.3884894],[-0.2976071,51.388499400000015],[-0.2976398,51.3885527]]}},
{"type":"Feature","properties":{"id":33795,"nach":0.7573290178654426},"geometry":{"type":"LineString","coordinates":[[-0.2975047,51.388372599999983],[-0.2975134,51.388394],[-0.2975204,51.3884046]]}},
{"type":"Feature","properties":{"id":38397,"nach":0.69965328495535051},"geometry":{"type":"LineString","coordinates":[[-0.2853417,51.3824647],[-0.2854754,51.3824995]]}},
{"type":"Feature","properties":{"id":38396,"nach":0.69883569394831591},"geometry":{"type":"LineString","coordinates":[[-0.2853417,51.3824647],[-0.2853193,51.3824593]]}},
{"type":"Feature","properties":{"id":38398,"nach":0.49474175925213693},"geometry":{"type":"LineString","coordinates":[[-0.2853417,51.3824647],[-0.2853013,51.3825252]]}},
{"type":"Feature","properties":{"id":38399,"nach":0.40157011322223202},"geometry":{"type":"LineString","coordinates":[[-0.2853417,51.3824647],[-0.2853678,51.3824262]]}},
{"type":"Feature","properties":{"id":29091,"nach":0.62505837729206049},"geometry":{"type":"LineString","coordinates":[[-0.2856554,51.3823502],[-0.28572,51.3823659],[-0.2857523,51.3823671],[-0.2857756,51.3823593],[-0.2858014,51.3823377]]}},
{"type":"Feature","properties":{"id":44415,"nach":0.6218850084182046},"geometry":{"type":"LineString","coordinates":[[-0.2880468,51.3829801],[-0.2880335,51.382997799999984],[-0.2880288,51.3830041]]}},
{"type":"Feature","properties":{"id":44414,"nach":0.5052342124475584},"geometry":{"type":"LineString","coordinates":[[-0.2880468,51.3829801],[-0.2879291,51.3829417],[-0.2878127,51.3829074],[-0.2877003,51.3828791]]}},
{"type":"Feature","properties":{"id":39232,"nach":0.5242790649279615},"geometry":{"type":"LineString","coordinates":[[-0.2878272,51.3834207],[-0.2877955,51.3833796],[-0.2877835,51.3833684],[-0.2877347,51.3833663]]}},
{"type":"Feature","properties":{"id":32273,"nach":0.55622083626568875},"geometry":{"type":"LineString","coordinates":[[-0.287714,51.3833364],[-0.2877347,51.3833663]]}},
{"type":"Feature","properties":{"id":40061,"nach":0.67757082526938206},"geometry":{"type":"LineString","coordinates":[[-0.2984695,51.3917654],[-0.2985097,51.3919494],[-0.2985018,51.3919644]]}},
{"type":"Feature","properties":{"id":29054,"nach":0.61211170230579459},"geometry":{"type":"LineString","coordinates":[[-0.2863041,51.382529],[-0.2865702,51.3825997],[-0.2866047,51.3825958],[-0.2871815,51.3827395],[-0.2872056,51.3827624],[-0.2872751,51.3827837],[-0.2872777,51.382851]]}},
{"type":"Feature","properties":{"id":37503,"nach":0.61312801835387609},"geometry":{"type":"LineString","coordinates":[[-0.2861887,51.3824815],[-0.286272,51.3825043],[-0.2863041,51.382529]]}},
{"type":"Feature","properties":{"id":39265,"nach":0.73463503515644446},"geometry":{"type":"LineString","coordinates":[[-0.2874085,51.382888800000011],[-0.2872777,51.382851]]}},
{"type":"Feature","properties":{"id":38475,"nach":0.71985954825803278},"geometry":{"type":"LineString","coordinates":[[-0.2871446,51.3828152],[-0.2872777,51.382851]]}},
{"type":"Feature","properties":{"id":37502,"nach":0.64706834439000438},"geometry":{"type":"LineString","coordinates":[[-0.2861887,51.3824815],[-0.286052,51.3824394],[-0.2859947,51.3823939],[-0.2859582,51.382382]]}},
{"type":"Feature","properties":{"id":37504,"nach":0.59263285144187128},"geometry":{"type":"LineString","coordinates":[[-0.2861887,51.3824815],[-0.2861749,51.3825038],[-0.2861551,51.382535700000012]]}},
{"type":"Feature","properties":{"id":40901,"nach":0.55837796014365015},"geometry":{"type":"LineString","coordinates":[[-0.2859074,51.3823673],[-0.2858456,51.3823514]]}},
{"type":"Feature","properties":{"id":29057,"nach":0.42108747599994462},"geometry":{"type":"LineString","coordinates":[[-0.2858456,51.3823514],[-0.2858799,51.3823054]]}},
{"type":"Feature","properties":{"id":29082,"nach":0.55679745467574282},"geometry":{"type":"LineString","coordinates":[[-0.2858014,51.3823377],[-0.2858277,51.3823443],[-0.2858456,51.3823514]]}},
{"type":"Feature","properties":{"id":40903,"nach":0.5605852947330312},"geometry":{"type":"LineString","coordinates":[[-0.2859074,51.3823673],[-0.2859351,51.3823746],[-0.2859582,51.382382]]}},
{"type":"Feature","properties":{"id":40900,"nach":0.47101863373367847},"geometry":{"type":"LineString","coordinates":[[-0.2859355,51.3823187],[-0.2859275,51.38233180000001],[-0.2859074,51.3823673]]}},
{"type":"Feature","properties":{"id":40902,"nach":0.47845256749195308},"geometry":{"type":"LineString","coordinates":[[-0.2859074,51.3823673],[-0.2858519,51.3824641]]}},
{"type":"Feature","properties":{"id":38394,"nach":0.59294030196167025},"geometry":{"type":"LineString","coordinates":[[-0.2858799,51.3823054],[-0.2858598,51.3823011],[-0.2858388,51.3822983],[-0.2858014,51.3823377]]}},
{"type":"Feature","properties":{"id":40898,"nach":0.49092858630153913},"geometry":{"type":"LineString","coordinates":[[-0.2859355,51.3823187],[-0.2858799,51.3823054]]}},
{"type":"Feature","properties":{"id":37494,"nach":0.70601155694210882},"geometry":{"type":"LineString","coordinates":[[-0.2859953,51.3826351],[-0.2859053,51.3826191],[-0.285861,51.382612],[-0.2858166,51.382615]]}},
{"type":"Feature","properties":{"id":40896,"nach":0.56696849209188238},"geometry":{"type":"LineString","coordinates":[[-0.2857187,51.382651],[-0.2857424,51.3826573],[-0.2857597,51.382647],[-0.2857865,51.382646799999989],[-0.2858166,51.382615]]}},
{"type":"Feature","properties":{"id":37493,"nach":0.70829770004108461},"geometry":{"type":"LineString","coordinates":[[-0.2859953,51.3826351],[-0.2860975,51.38265590000001]]}},
{"type":"Feature","properties":{"id":40895,"nach":0.49369087753405277},"geometry":{"type":"LineString","coordinates":[[-0.2857187,51.382651],[-0.2856638,51.3826376]]}},
{"type":"Feature","properties":{"id":38276,"nach":0.64059246188893393},"geometry":{"type":"LineString","coordinates":[[-0.2883786,51.3832346],[-0.2883607,51.3832294],[-0.2883219,51.383227300000016],[-0.2882595,51.38322],[-0.2882325,51.3832158]]}},
{"type":"Feature","properties":{"id":37552,"nach":0.52280373222225429},"geometry":{"type":"LineString","coordinates":[[-0.2970336,51.38887350000001],[-0.29724,51.3888417],[-0.2974233,51.3888135],[-0.2975039,51.3888011]]}},
{"type":"Feature","properties":{"id":33750,"nach":0.57971482662291163},"geometry":{"type":"LineString","coordinates":[[-0.2981317,51.3902419],[-0.2987295,51.3901922],[-0.2992299,51.39015280000001],[-0.2993599,51.3901151],[-0.2994875,51.3900316],[-0.2996217,51.3896884]]}},
{"type":"Feature","properties":{"id":33749,"nach":0.76114166776667636},"geometry":{"type":"LineString","coordinates":[[-0.2981317,51.3902419],[-0.2981596,51.3903585]]}},
{"type":"Feature","properties":{"id":39262,"nach":0.49495333625203786},"geometry":{"type":"LineString","coordinates":[[-0.287388,51.3831103],[-0.2873304,51.3831197]]}},
{"type":"Feature","properties":{"id":38477,"nach":0.6754900336225772},"geometry":{"type":"LineString","coordinates":[[-0.2872741,51.382929],[-0.2871617,51.3828932],[-0.2871041,51.3828771]]}},
{"type":"Feature","properties":{"id":40168,"nach":0.66464946195890251},"geometry":{"type":"LineString","coordinates":[[-0.2872753,51.3829039],[-0.2872747,51.3829164],[-0.2872741,51.382929]]}},
{"type":"Feature","properties":{"id":40899,"nach":0.62198409675084509},"geometry":{"type":"LineString","coordinates":[[-0.2859355,51.3823187],[-0.2859658,51.3823262],[-0.2859822,51.3823324],[-0.2859582,51.382382]]}},
{"type":"Feature","properties":{"id":44417,"nach":0.48402587890242321},"geometry":{"type":"LineString","coordinates":[[-0.2902274,51.3837924],[-0.2900218,51.3840506],[-0.2898954,51.3841141],[-0.289712,51.38421]]}},
{"type":"Feature","properties":{"id":32269,"nach":0.64318365581939607},"geometry":{"type":"LineString","coordinates":[[-0.2880337,51.3831588],[-0.2881503,51.383191],[-0.2882325,51.3832158]]}},
{"type":"Feature","properties":{"id":35638,"nach":0.64490963652810518},"geometry":{"type":"LineString","coordinates":[[-0.2879895,51.383131],[-0.2880337,51.3831588]]}},
{"type":"Feature","properties":{"id":32802,"nach":0.74847355147432248},"geometry":{"type":"LineString","coordinates":[[-0.2981814,51.3904452],[-0.2981839,51.3904622],[-0.2981786,51.3904722],[-0.2981776,51.3904864],[-0.29822,51.3907103],[-0.2982404,51.39081680000001],[-0.2982665,51.3909224],[-0.298311,51.3911181],[-0.2983589,51.391335]]}},
{"type":"Feature","properties":{"id":37555,"nach":0.60485587805235808},"geometry":{"type":"LineString","coordinates":[[-0.2853678,51.3824262],[-0.2852553,51.382400900000015],[-0.285021,51.3823517],[-0.2847622,51.3822969]]}},
{"type":"Feature","properties":{"id":29141,"nach":0.51664955426777925},"geometry":{"type":"LineString","coordinates":[[-0.2950135,51.3849806],[-0.2950557,51.3849947]]}},
{"type":"Feature","properties":{"id":40862,"nach":0.64771499291676282},"geometry":{"type":"LineString","coordinates":[[-0.2949916,51.3850696],[-0.295009,51.3850459],[-0.2950557,51.3849947]]}},
{"type":"Feature","properties":{"id":32844,"nach":0.63097839196907834},"geometry":{"type":"LineString","coordinates":[[-0.2956773,51.385264100000015],[-0.2956887,51.3853084],[-0.2956984,51.3853283]]}},
{"type":"Feature","properties":{"id":32846,"nach":0.63191623518520301},"geometry":{"type":"LineString","coordinates":[[-0.2956773,51.385264100000015],[-0.2954372,51.3852026],[-0.2952365,51.3850902],[-0.2952578,51.385019200000016]]}},
{"type":"Feature","properties":{"id":33162,"nach":0.5395808792787492},"geometry":{"type":"LineString","coordinates":[[-0.2964299,51.3854567],[-0.2959265,51.3853279],[-0.2956773,51.385264100000015]]}},
{"type":"Feature","properties":{"id":29146,"nach":0.51733897100043291},"geometry":{"type":"LineString","coordinates":[[-0.294693,51.385110800000014],[-0.2947138,51.3850823]]}},
{"type":"Feature","properties":{"id":33091,"nach":0.65063567733588934},"geometry":{"type":"LineString","coordinates":[[-0.2957734,51.3854813],[-0.2957951,51.385437]]}},
{"type":"Feature","properties":{"id":33834,"nach":0.59550071651702852},"geometry":{"type":"LineString","coordinates":[[-0.2985302,51.3927917],[-0.2985016,51.3928045],[-0.2985359,51.3929525],[-0.2985496,51.3929597]]}},
{"type":"Feature","properties":{"id":40886,"nach":0.59012412704225059},"geometry":{"type":"LineString","coordinates":[[-0.2847622,51.3822969],[-0.284783,51.3822584],[-0.284801,51.3822275]]}},
{"type":"Feature","properties":{"id":33833,"nach":0.59543828762573048},"geometry":{"type":"LineString","coordinates":[[-0.2985302,51.3927917],[-0.2984877,51.3925992]]}},
{"type":"Feature","properties":{"id":34504,"nach":0.70225127459241454},"geometry":{"type":"LineString","coordinates":[[-0.2992234,51.3952793],[-0.299219,51.3952701],[-0.2992066,51.3952498]]}},
{"type":"Feature","properties":{"id":34529,"nach":0.64950394906230247},"geometry":{"type":"LineString","coordinates":[[-0.299103,51.3953339],[-0.2991728,51.3953195],[-0.2991852,51.3953177],[-0.2991863,51.3953016],[-0.2992003,51.3952881],[-0.2992234,51.3952793]]}},
{"type":"Feature","properties":{"id":37511,"nach":0.70040531812769136},"geometry":{"type":"LineString","coordinates":[[-0.2987369,51.3930999],[-0.2987342,51.3930763],[-0.2987299,51.3930508]]}},
{"type":"Feature","properties":{"id":37515,"nach":0.59864605623130152},"geometry":{"type":"LineString","coordinates":[[-0.2987675,51.3930982],[-0.2987669,51.3930651],[-0.2987299,51.3930508]]}},
{"type":"Feature","properties":{"id":37510,"nach":0.70472008642533457},"geometry":{"type":"LineString","coordinates":[[-0.2987369,51.3930999],[-0.2987425,51.3931701],[-0.2987468,51.3932027]]}},
{"type":"Feature","properties":{"id":37509,"nach":0.27930960747964456},"geometry":{"type":"LineString","coordinates":[[-0.2987369,51.3930999],[-0.2986535,51.3931045]]}},
{"type":"Feature","properties":{"id":37514,"nach":0.49416820473522904},"geometry":{"type":"LineString","coordinates":[[-0.2987675,51.3930982],[-0.2987369,51.3930999]]}},
{"type":"Feature","properties":{"id":37512,"nach":0.57721823308259412},"geometry":{"type":"LineString","coordinates":[[-0.2987675,51.3930982],[-0.2987823,51.393201]]}},
{"type":"Feature","properties":{"id":37516,"nach":0.52923056645558531},"geometry":{"type":"LineString","coordinates":[[-0.2988641,51.39309380000001],[-0.2987675,51.3930982]]}},
{"type":"Feature","properties":{"id":29699,"nach":0.47952738569099357},"geometry":{"type":"LineString","coordinates":[[-0.2931597,51.3924874],[-0.2931891,51.3925082],[-0.2934504,51.3924063],[-0.2936231,51.3925781]]}},
{"type":"Feature","properties":{"id":29701,"nach":0.48473574479974668},"geometry":{"type":"LineString","coordinates":[[-0.2931597,51.3924874],[-0.2930484,51.3925366],[-0.2929176,51.3924252]]}},
{"type":"Feature","properties":{"id":29709,"nach":0.50665391448396291},"geometry":{"type":"LineString","coordinates":[[-0.2940204,51.392073],[-0.2940712,51.3921566]]}},
{"type":"Feature","properties":{"id":29708,"nach":0.50639171790839188},"geometry":{"type":"LineString","coordinates":[[-0.2941251,51.3922459],[-0.2940712,51.3921566]]}},
{"type":"Feature","properties":{"id":40510,"nach":0.51426084970601493},"geometry":{"type":"LineString","coordinates":[[-0.2960476,51.394542299999983],[-0.2958453,51.3945895]]}},
{"type":"Feature","properties":{"id":40511,"nach":0.67042006070079307},"geometry":{"type":"LineString","coordinates":[[-0.2958615,51.3946152],[-0.2958453,51.3945895]]}},
{"type":"Feature","properties":{"id":30657,"nach":0.53077834226609444},"geometry":{"type":"LineString","coordinates":[[-0.2981973,51.392230300000016],[-0.2983876,51.3922145]]}},
{"type":"Feature","properties":{"id":37436,"nach":0.61611840012999686},"geometry":{"type":"LineString","coordinates":[[-0.2984081,51.3922877],[-0.2983876,51.3922145]]}},
{"type":"Feature","properties":{"id":37435,"nach":0.62710974814749598},"geometry":{"type":"LineString","coordinates":[[-0.2983781,51.392128600000014],[-0.2983774,51.392146100000012],[-0.2983876,51.3922145]]}},
{"type":"Feature","properties":{"id":37437,"nach":0.60510231967543915},"geometry":{"type":"LineString","coordinates":[[-0.2984081,51.3922877],[-0.2984022,51.3922936],[-0.2984706,51.3925959],[-0.2984877,51.3925992]]}},
{"type":"Feature","properties":{"id":32289,"nach":0.49891314275235388},"geometry":{"type":"LineString","coordinates":[[-0.2945432,51.3849132],[-0.2946424,51.3848272],[-0.2946872,51.3848171]]}},
{"type":"Feature","properties":{"id":35653,"nach":0.70391594427168358},"geometry":{"type":"LineString","coordinates":[[-0.2970912,51.3876274],[-0.2972067,51.3879052],[-0.2972671,51.3880427]]}},
{"type":"Feature","properties":{"id":35656,"nach":0.66386280588755608},"geometry":{"type":"LineString","coordinates":[[-0.2972625,51.3881483],[-0.2971741,51.3879283],[-0.2970867,51.3877156],[-0.2970594,51.3876492],[-0.2970656,51.387644400000013],[-0.2970912,51.3876274]]}},
{"type":"Feature","properties":{"id":37529,"nach":0.7296163275316867},"geometry":{"type":"LineString","coordinates":[[-0.2984028,51.39192760000001],[-0.2984885,51.3919528],[-0.2985018,51.3919644]]}},
{"type":"Feature","properties":{"id":32256,"nach":0.58646983347512827},"geometry":{"type":"LineString","coordinates":[[-0.299132,51.3955023],[-0.2990469,51.3954583],[-0.2990274,51.3954297],[-0.299016,51.3954098],[-0.2989798,51.3953602]]}},
{"type":"Feature","properties":{"id":34528,"nach":0.7018187200917243},"geometry":{"type":"LineString","coordinates":[[-0.299103,51.3953339],[-0.2991484,51.395429600000014],[-0.299132,51.3955023]]}},
{"type":"Feature","properties":{"id":40947,"nach":0.61142215469640404},"geometry":{"type":"LineString","coordinates":[[-0.2989798,51.3953602],[-0.2989319,51.3953704],[-0.2989129,51.3953782]]}},
{"type":"Feature","properties":{"id":40945,"nach":0.51425076578435469},"geometry":{"type":"LineString","coordinates":[[-0.2989798,51.3953602],[-0.299103,51.3953339]]}},
{"type":"Feature","properties":{"id":35639,"nach":0.62807543545528344},"geometry":{"type":"LineString","coordinates":[[-0.2879895,51.383131],[-0.2879559,51.3831217]]}},
{"type":"Feature","properties":{"id":35640,"nach":0.54365827403421241},"geometry":{"type":"LineString","coordinates":[[-0.2879895,51.383131],[-0.2879638,51.383106],[-0.2876565,51.3830144],[-0.2876462,51.3829612]]}},
{"type":"Feature","properties":{"id":32276,"nach":0.45425512562676346},"geometry":{"type":"LineString","coordinates":[[-0.2879559,51.3831217],[-0.2879382,51.3831519],[-0.2878501,51.3832405],[-0.287714,51.3833364]]}},
{"type":"Feature","properties":{"id":35642,"nach":0.53483473589755826},"geometry":{"type":"LineString","coordinates":[[-0.2874448,51.3830535],[-0.2875008,51.3830724],[-0.287714,51.3833364]]}},
{"type":"Feature","properties":{"id":37585,"nach":0.51314724980494064},"geometry":{"type":"LineString","coordinates":[[-0.3000846,51.3956416],[-0.2996475,51.3957289],[-0.29979,51.3960066]]}},
{"type":"Feature","properties":{"id":37590,"nach":0.6286097279362447},"geometry":{"type":"LineString","coordinates":[[-0.3003963,51.396321],[-0.3003058,51.3961313],[-0.3001045,51.3956865],[-0.3000846,51.3956416]]}},
{"type":"Feature","properties":{"id":32791,"nach":0.428829985745457},"geometry":{"type":"LineString","coordinates":[[-0.3023299,51.3909953],[-0.3022783,51.39096],[-0.3022407,51.3908847],[-0.30223,51.3908195],[-0.3021522,51.390754200000011],[-0.3019859,51.3906856],[-0.3019068,51.3906412],[-0.3018679,51.3905818],[-0.3018518,51.3904797],[-0.3019014,51.3904102],[-0.3021589,51.3902588],[-0.3023453,51.3902562],[-0.302639,51.3902613],[-0.3028603,51.3903349],[-0.303048,51.3904253],[-0.3032029,51.3905118]]}},
{"type":"Feature","properties":{"id":33045,"nach":0.51426805074791171},"geometry":{"type":"LineString","coordinates":[[-0.2990553,51.3884205],[-0.2989885,51.3883858],[-0.2988759,51.3880745]]}},
{"type":"Feature","properties":{"id":41298,"nach":0.71856120878839458},"geometry":{"type":"LineString","coordinates":[[-0.2976398,51.3885527],[-0.2976725,51.3885558],[-0.2988678,51.3884904],[-0.2990553,51.3884205]]}},
{"type":"Feature","properties":{"id":33133,"nach":0.39131945700287285},"geometry":{"type":"LineString","coordinates":[[-0.3014045,51.3902596],[-0.3013556,51.3902527],[-0.2996748,51.38960380000001],[-0.299653,51.3895955]]}},
{"type":"Feature","properties":{"id":33146,"nach":0.57068494100888134},"geometry":{"type":"LineString","coordinates":[[-0.3016158,51.3894726],[-0.3016479,51.3894662],[-0.3016955,51.3894409]]}},
{"type":"Feature","properties":{"id":44658,"nach":0.65059141888796768},"geometry":{"type":"LineString","coordinates":[[-0.2962725,51.3863569],[-0.2961829,51.3862461]]}},
{"type":"Feature","properties":{"id":33077,"nach":0.0},"geometry":{"type":"LineString","coordinates":[[-0.2964813,51.38661530000001],[-0.2962996,51.3866722],[-0.2960155,51.3862968],[-0.2961829,51.3862461]]}},
{"type":"Feature","properties":{"id":44659,"nach":0.62033477900068612},"geometry":{"type":"LineString","coordinates":[[-0.2962725,51.3863569],[-0.2964813,51.38661530000001]]}},
{"type":"Feature","properties":{"id":44661,"nach":0.63722767636834599},"geometry":{"type":"LineString","coordinates":[[-0.2964804,51.386296],[-0.2964899,51.3863082],[-0.2967716,51.386712500000016]]}},
{"type":"Feature","properties":{"id":33116,"nach":0.65431608428827626},"geometry":{"type":"LineString","coordinates":[[-0.2995037,51.3896307],[-0.2993832,51.38999470000001],[-0.2992978,51.3900614],[-0.2992013,51.3900936],[-0.2987192,51.3901378],[-0.2981173,51.39017350000001]]}},
{"type":"Feature","properties":{"id":33395,"nach":0.58356814779717381},"geometry":{"type":"LineString","coordinates":[[-0.2996651,51.3891824],[-0.299756,51.3888905],[-0.2997574,51.38886140000001],[-0.2997409,51.3888034],[-0.2996807,51.3887657],[-0.2995484,51.3887034],[-0.2994081,51.3886495],[-0.2992142,51.3885861]]}},
{"type":"Feature","properties":{"id":33394,"nach":0.52028984244863352},"geometry":{"type":"LineString","coordinates":[[-0.2996651,51.3891824],[-0.2995685,51.3891708]]}},
{"type":"Feature","properties":{"id":33139,"nach":0.57262856061960732},"geometry":{"type":"LineString","coordinates":[[-0.3016047,51.38955880000001],[-0.3016365,51.3895696],[-0.3016466,51.389596],[-0.3014494,51.39020390000001],[-0.3014334,51.3902403],[-0.3014045,51.3902596]]}},
{"type":"Feature","properties":{"id":33385,"nach":0.608934874158368},"geometry":{"type":"LineString","coordinates":[[-0.2991446,51.3886734],[-0.2992142,51.3885861]]}},
{"type":"Feature","properties":{"id":41292,"nach":0.64968199358301315},"geometry":{"type":"LineString","coordinates":[[-0.2976791,51.3886339],[-0.2977058,51.3886231],[-0.2990904,51.3885524],[-0.2991455,51.3885614],[-0.2992142,51.3885861]]}},
{"type":"Feature","properties":{"id":33386,"nach":0.60670840457598418},"geometry":{"type":"LineString","coordinates":[[-0.2991446,51.3886734],[-0.2991025,51.3887373],[-0.299136,51.3888595],[-0.299129,51.3888855]]}},
{"type":"Feature","properties":{"id":33397,"nach":0.51100909509451353},"geometry":{"type":"LineString","coordinates":[[-0.2994988,51.3887965],[-0.2995122,51.3887796],[-0.2993083,51.38870270000001],[-0.2992091,51.3886653],[-0.2991446,51.3886734]]}},
{"type":"Feature","properties":{"id":41291,"nach":0.69620064691100625},"geometry":{"type":"LineString","coordinates":[[-0.2976791,51.3886339],[-0.2976539,51.388644]]}},
{"type":"Feature","properties":{"id":33392,"nach":0.18346599549274348},"geometry":{"type":"LineString","coordinates":[[-0.2995685,51.3891708],[-0.2996113,51.38903160000001],[-0.2996323,51.3889633],[-0.2996101,51.3889419],[-0.299129,51.3888855]]}},
{"type":"Feature","properties":{"id":37543,"nach":0.73216658405174573},"geometry":{"type":"LineString","coordinates":[[-0.2978919,51.3893843],[-0.297899,51.3893656],[-0.2978845,51.3893097],[-0.2977442,51.3889043],[-0.2976549,51.3886866],[-0.2976539,51.388644]]}},
{"type":"Feature","properties":{"id":37416,"nach":0.68600719746088934},"geometry":{"type":"LineString","coordinates":[[-0.2980441,51.3906868],[-0.2980239,51.3906793],[-0.2979887,51.3905637],[-0.2979277,51.39027380000001],[-0.2979307,51.3902568]]}},
{"type":"Feature","properties":{"id":33773,"nach":0.57040188442643325},"geometry":{"type":"LineString","coordinates":[[-0.2974839,51.388327900000014],[-0.2973936,51.3883373]]}},
{"type":"Feature","properties":{"id":33798,"nach":0.52087819475533303},"geometry":{"type":"LineString","coordinates":[[-0.2976433,51.388306300000011],[-0.2974839,51.388327900000014]]}},
{"type":"Feature","properties":{"id":33774,"nach":0.75553098753667092},"geometry":{"type":"LineString","coordinates":[[-0.2974839,51.388327900000014],[-0.2975047,51.388372599999983]]}},
{"type":"Feature","properties":{"id":33780,"nach":0.7574336410490855},"geometry":{"type":"LineString","coordinates":[[-0.2974613,51.3882712],[-0.2974839,51.388327900000014]]}},
{"type":"Feature","properties":{"id":33793,"nach":0.52133438366162288},"geometry":{"type":"LineString","coordinates":[[-0.2975047,51.388372599999983],[-0.297656,51.3883509]]}},
{"type":"Feature","properties":{"id":33796,"nach":0.52028221998147861},"geometry":{"type":"LineString","coordinates":[[-0.2975859,51.3881879],[-0.2974404,51.3882103]]}},
{"type":"Feature","properties":{"id":33789,"nach":0.72595880338435104},"geometry":{"type":"LineString","coordinates":[[-0.2974404,51.3882103],[-0.2974613,51.3882712]]}},
{"type":"Feature","properties":{"id":33797,"nach":0.52078305314375217},"geometry":{"type":"LineString","coordinates":[[-0.2976178,51.3882477],[-0.2974613,51.3882712]]}},
{"type":"Feature","properties":{"id":34511,"nach":0.52668618086874663},"geometry":{"type":"LineString","coordinates":[[-0.2991136,51.3956778],[-0.2990974,51.3956477],[-0.2990819,51.3956173],[-0.2989865,51.3954406],[-0.2989644,51.3954155],[-0.2989397,51.3953955],[-0.2989129,51.3953782]]}},
{"type":"Feature","properties":{"id":34523,"nach":0.52609883252567313},"geometry":{"type":"LineString","coordinates":[[-0.2987257,51.3958702],[-0.2989405,51.3958132],[-0.2989792,51.3957913],[-0.2990175,51.3957397],[-0.2990563,51.3957007],[-0.299098,51.3956829],[-0.2991136,51.3956778]]}},
{"type":"Feature","properties":{"id":34705,"nach":0.5126952813872323},"geometry":{"type":"LineString","coordinates":[[-0.2973089,51.3865593],[-0.2967716,51.386712500000016]]}},
{"type":"Feature","properties":{"id":37446,"nach":0.72906857960202087},"geometry":{"type":"LineString","coordinates":[[-0.3018106,51.3923768],[-0.3016945,51.3923522]]}},
{"type":"Feature","properties":{"id":34785,"nach":0.5164718903467399},"geometry":{"type":"LineString","coordinates":[[-0.3015132,51.3929351],[-0.3016126,51.3926259],[-0.3016945,51.3923522]]}},
{"type":"Feature","properties":{"id":34839,"nach":0.43370458660141592},"geometry":{"type":"LineString","coordinates":[[-0.2963236,51.3806364],[-0.2962895,51.3807416]]}},
{"type":"Feature","properties":{"id":34840,"nach":0.43406879913931179},"geometry":{"type":"LineString","coordinates":[[-0.2962621,51.3808357],[-0.2962895,51.3807416]]}},
{"type":"Feature","properties":{"id":35057,"nach":0.07984384408677439},"geometry":{"type":"LineString","coordinates":[[-0.2906688,51.3890341],[-0.2908213,51.38899090000001],[-0.2908505,51.3889835]]}},
{"type":"Feature","properties":{"id":35625,"nach":0.65917956231088726},"geometry":{"type":"LineString","coordinates":[[-0.2845815,51.3822954],[-0.2845533,51.3822972],[-0.2843554,51.3822718]]}},
{"type":"Feature","properties":{"id":40887,"nach":0.57850255312082077},"geometry":{"type":"LineString","coordinates":[[-0.2847622,51.3822969],[-0.2845689,51.382250799999987],[-0.2844855,51.3822218]]}},
{"type":"Feature","properties":{"id":35626,"nach":0.61132865966469119},"geometry":{"type":"LineString","coordinates":[[-0.2845815,51.3822954],[-0.2845551,51.3822801],[-0.2845235,51.3822726],[-0.2844855,51.3822218]]}},
{"type":"Feature","properties":{"id":44675,"nach":0.60880230510583933},"geometry":{"type":"LineString","coordinates":[[-0.2923478,51.3842982],[-0.2924968,51.3843427]]}},
{"type":"Feature","properties":{"id":44676,"nach":0.6052850408799646},"geometry":{"type":"LineString","coordinates":[[-0.2922694,51.3843228],[-0.2923478,51.3842982]]}},
{"type":"Feature","properties":{"id":37894,"nach":0.70735050994981996},"geometry":{"type":"LineString","coordinates":[[-0.2865927,51.3827522],[-0.2860975,51.38265590000001]]}},
{"type":"Feature","properties":{"id":38278,"nach":0.67118669887061322},"geometry":{"type":"LineString","coordinates":[[-0.2871041,51.3828771],[-0.2866626,51.3827624]]}},
{"type":"Feature","properties":{"id":35821,"nach":0.70953432366977576},"geometry":{"type":"LineString","coordinates":[[-0.2866626,51.3827624],[-0.2866256,51.38276],[-0.2865927,51.3827522]]}},
{"type":"Feature","properties":{"id":37888,"nach":0.64468452444628621},"geometry":{"type":"LineString","coordinates":[[-0.2867925,51.3827262],[-0.2866626,51.3827624]]}},
{"type":"Feature","properties":{"id":38476,"nach":0.49553635690512993},"geometry":{"type":"LineString","coordinates":[[-0.2870453,51.382967],[-0.2871041,51.3828771]]}},
{"type":"Feature","properties":{"id":38474,"nach":0.44981619967142417},"geometry":{"type":"LineString","coordinates":[[-0.2871446,51.3828152],[-0.2871041,51.3828771]]}},
{"type":"Feature","properties":{"id":37897,"nach":0.49600082542707907},"geometry":{"type":"LineString","coordinates":[[-0.2865339,51.3828601],[-0.2865927,51.3827522]]}},
{"type":"Feature","properties":{"id":37417,"nach":0.68577602625819456},"geometry":{"type":"LineString","coordinates":[[-0.2980958,51.3909374],[-0.2980732,51.3908121],[-0.2980441,51.3906868]]}},
{"type":"Feature","properties":{"id":37420,"nach":0.68660264215718514},"geometry":{"type":"LineString","coordinates":[[-0.2981766,51.3913519],[-0.2981691,51.3913435],[-0.2980872,51.3909532],[-0.2980958,51.3909374]]}},
{"type":"Feature","properties":{"id":37486,"nach":0.47912312432738358},"geometry":{"type":"LineString","coordinates":[[-0.2987823,51.393201],[-0.2987468,51.3932027]]}},
{"type":"Feature","properties":{"id":37478,"nach":0.69451650514458951},"geometry":{"type":"LineString","coordinates":[[-0.2987671,51.3935288],[-0.2987606,51.393416],[-0.2987514,51.3932571],[-0.2987468,51.3932027]]}},
{"type":"Feature","properties":{"id":37485,"nach":0.5291037393781659},"geometry":{"type":"LineString","coordinates":[[-0.2987823,51.393201],[-0.2989126,51.3931949]]}},
{"type":"Feature","properties":{"id":37491,"nach":0.55445262310367405},"geometry":{"type":"LineString","coordinates":[[-0.2987986,51.3935273],[-0.2987974,51.3935052],[-0.2987857,51.3932356],[-0.2987823,51.393201]]}},
{"type":"Feature","properties":{"id":37479,"nach":0.74527616111090211},"geometry":{"type":"LineString","coordinates":[[-0.2987782,51.393721],[-0.2987671,51.3935288]]}},
{"type":"Feature","properties":{"id":37489,"nach":0.49090908767203367},"geometry":{"type":"LineString","coordinates":[[-0.2987986,51.3935273],[-0.2987671,51.3935288]]}},
{"type":"Feature","properties":{"id":37490,"nach":0.53031489053176784},"geometry":{"type":"LineString","coordinates":[[-0.2987986,51.3935273],[-0.2989534,51.3935202]]}},
{"type":"Feature","properties":{"id":37492,"nach":0.56957293969044454},"geometry":{"type":"LineString","coordinates":[[-0.2987986,51.3935273],[-0.2988085,51.3937113],[-0.2987782,51.393721]]}},
{"type":"Feature","properties":{"id":40889,"nach":0.70717750883973485},"geometry":{"type":"LineString","coordinates":[[-0.2858519,51.3824641],[-0.2859731,51.3824932],[-0.2860006,51.3824995],[-0.2860297,51.3825072],[-0.2860924,51.38252],[-0.2861551,51.382535700000012]]}},
{"type":"Feature","properties":{"id":38473,"nach":0.74753007133277449},"geometry":{"type":"LineString","coordinates":[[-0.2871446,51.3828152],[-0.2867925,51.3827262]]}},
{"type":"Feature","properties":{"id":40167,"nach":0.6617776638796472},"geometry":{"type":"LineString","coordinates":[[-0.2872753,51.3829039],[-0.2871713,51.382872500000012],[-0.2871446,51.3828152]]}},
{"type":"Feature","properties":{"id":39266,"nach":0.46641339870531884},"geometry":{"type":"LineString","coordinates":[[-0.2874085,51.382888800000011],[-0.2873101,51.382912799999978],[-0.2872753,51.3829039]]}},
{"type":"Feature","properties":{"id":39267,"nach":0.49024582978685821},"geometry":{"type":"LineString","coordinates":[[-0.2880288,51.3830041],[-0.2882247,51.3830631],[-0.2882498,51.3830815],[-0.2882811,51.3831],[-0.2882973,51.383109],[-0.2883249,51.3831166]]}},
{"type":"Feature","properties":{"id":44412,"nach":0.49213536381004802},"geometry":{"type":"LineString","coordinates":[[-0.2880144,51.3830235],[-0.2880235,51.3830112],[-0.2880288,51.3830041]]}},
{"type":"Feature","properties":{"id":44698,"nach":0.64839187294792044},"geometry":{"type":"LineString","coordinates":[[-0.2925059,51.3844638],[-0.2922976,51.3843999]]}},
{"type":"Feature","properties":{"id":44699,"nach":0.65776090119097275},"geometry":{"type":"LineString","coordinates":[[-0.2925059,51.3844638],[-0.2925316,51.3844717]]}},
{"type":"Feature","properties":{"id":44702,"nach":0.50480799003749088},"geometry":{"type":"LineString","coordinates":[[-0.2924109,51.3845242],[-0.2924681,51.3845017],[-0.2925059,51.3844638]]}}
]
}
