{
"type": "FeatureCollection",
"name": "1a004b314f77_foliage",
"crs": { "type": "name", "properties": { "name": "urn:ogc:def:crs:OGC:1.3:CRS84" } },
"features": [
{ "type": "Feature", "properties": { "max_height": 8.0200042724609375, "mean_height": 1.6934525966644287, "std_height": 1.5347001552581787, "count_pixels": 42, "percent_cover": 0.1542756391419336, "percent_above_0.1m": 92.857142857142861, "low_level_<0.5": 7.1428571428571423, "mid_level_0.5-2": 52.380952380952387, "tall_2+": 30.952380952380953 }, "geometry": { "type": "Point", "coordinates": [ 0.01701480511941, 51.424399243581782 ] } },
{ "type": "Feature", "properties": { "max_height": 11.970001220703125, "mean_height": 3.9114019870758057, "std_height": 4.413057804107666, "count_pixels": 41, "percent_cover": 0.15060240963855423, "percent_above_0.1m": 63.414634146341463, "low_level_<0.5": 7.3170731707317067, "mid_level_0.5-2": 9.7560975609756095, "tall_2+": 46.341463414634148 }, "geometry": { "type": "Point", "coordinates": [ 0.017213968435243, 51.424395816388454 ] } },
{ "type": "Feature", "properties": { "max_height": 2.2300033569335938, "mean_height": 0.32811048626899719, "std_height": 0.48868042230606079, "count_pixels": 41, "percent_cover": 0.15060240963855423, "percent_above_0.1m": 51.219512195121951, "low_level_<0.5": 12.195121951219512, "mid_level_0.5-2": 24.390243902439025, "tall_2+": 2.4390243902439024 }, "geometry": { "type": "Point", "coordinates": [ 0.017413131710082, 51.424392388857413 ] } },
{ "type": "Feature", "properties": { "max_height": 6.5524978637695312, "mean_height": 2.097083568572998, "std_height": 1.8433331251144409, "count_pixels": 42, "percent_cover": 0.1542756391419336, "percent_above_0.1m": 88.095238095238088, "low_level_<0.5": 14.285714285714285, "mid_level_0.5-2": 35.714285714285715, "tall_2+": 38.095238095238095 }, "geometry": { "type": "Point", "coordinates": [ 0.016919972974764, 51.424508791522932 ] } },
{ "type": "Feature", "properties": { "max_height": 9.4300079345703125, "mean_height": 1.3403581380844116, "std_height": 2.24424147605896, "count_pixels": 42, "percent_cover": 0.1542756391419336, "percent_above_0.1m": 76.19047619047619, "low_level_<0.5": 21.428571428571427, "mid_level_0.5-2": 40.476190476190474, "tall_2+": 14.285714285714285 }, "geometry": { "type": "Point", "coordinates": [ 0.017119136805303, 51.424505364476673 ] } },
{ "type": "Feature", "properties": { "max_height": 10.417503356933594, "mean_height": 1.9542442560195923, "std_height": 2.3655555248260498, "count_pixels": 43, "percent_cover": 0.15794886864531296, "percent_above_0.1m": 69.767441860465112, "low_level_<0.5": 2.3255813953488373, "mid_level_0.5-2": 32.558139534883722, "tall_2+": 34.883720930232556 }, "geometry": { "type": "Point", "coordinates": [ 0.017318300594847, 51.424501937092707 ] } },
{ "type": "Feature", "properties": { "max_height": 8.5849990844726562, "mean_height": 2.2435460090637207, "std_height": 2.7017261981964111, "count_pixels": 43, "percent_cover": 0.15794886864531296, "percent_above_0.1m": 67.441860465116278, "low_level_<0.5": 9.3023255813953494, "mid_level_0.5-2": 13.953488372093023, "tall_2+": 39.534883720930232 }, "geometry": { "type": "Point", "coordinates": [ 0.017517464343388, 51.424498509371041 ] } },
{ "type": "Feature", "properties": { "max_height": 8.7799911499023438, "mean_height": 0.93982958793640137, "std_height": 1.9769546985626221, "count_pixels": 44, "percent_cover": 0.16162209814869233, "percent_above_0.1m": 63.636363636363633, "low_level_<0.5": 25.0, "mid_level_0.5-2": 15.909090909090908, "tall_2+": 11.363636363636363 }, "geometry": { "type": "Point", "coordinates": [ 0.017716628050936, 51.424495081311655 ] } },
{ "type": "Feature", "properties": { "max_height": 5.0800018310546875, "mean_height": 1.3393622636795044, "std_height": 1.0150578022003174, "count_pixels": 43, "percent_cover": 0.15794886864531296, "percent_above_0.1m": 90.697674418604649, "low_level_<0.5": 6.9767441860465116, "mid_level_0.5-2": 60.465116279069761, "tall_2+": 23.255813953488371 }, "geometry": { "type": "Point", "coordinates": [ 0.018114955343002, 51.424488224179775 ] } },
{ "type": "Feature", "properties": { "max_height": 6.092498779296875, "mean_height": 1.4708931446075439, "std_height": 1.5429816246032715, "count_pixels": 42, "percent_cover": 0.1542756391419336, "percent_above_0.1m": 80.952380952380949, "low_level_<0.5": 7.1428571428571423, "mid_level_0.5-2": 47.619047619047613, "tall_2+": 26.190476190476193 }, "geometry": { "type": "Point", "coordinates": [ 0.018314118927512, 51.424484795107297 ] } },
{ "type": "Feature", "properties": { "max_height": 6.1400070190429688, "mean_height": 2.6335124969482422, "std_height": 1.7247329950332642, "count_pixels": 42, "percent_cover": 0.1542756391419336, "percent_above_0.1m": 90.476190476190482, "low_level_<0.5": 4.7619047619047619, "mid_level_0.5-2": 28.571428571428569, "tall_2+": 57.142857142857139 }, "geometry": { "type": "Point", "coordinates": [ 0.016825140356413, 51.424618339398727 ] } },
{ "type": "Feature", "properties": { "max_height": 8.11749267578125, "mean_height": 3.7460727691650391, "std_height": 2.3349831104278564, "count_pixels": 42, "percent_cover": 0.1542756391419336, "percent_above_0.1m": 88.095238095238088, "low_level_<0.5": 0.0, "mid_level_0.5-2": 19.047619047619047, "tall_2+": 69.047619047619051 }, "geometry": { "type": "Point", "coordinates": [ 0.017024304701657, 51.424614912499521 ] } },
{ "type": "Feature", "properties": { "max_height": 3.3799972534179688, "mean_height": 1.0678054094314575, "std_height": 0.88074636459350586, "count_pixels": 41, "percent_cover": 0.15060240963855423, "percent_above_0.1m": 75.609756097560975, "low_level_<0.5": 4.8780487804878048, "mid_level_0.5-2": 56.09756097560976, "tall_2+": 14.634146341463413 }, "geometry": { "type": "Point", "coordinates": [ 0.017223469005905, 51.424611485262631 ] } },
{ "type": "Feature", "properties": { "max_height": 9.4224929809570312, "mean_height": 4.5482320785522461, "std_height": 2.0761187076568604, "count_pixels": 41, "percent_cover": 0.15060240963855423, "percent_above_0.1m": 97.560975609756099, "low_level_<0.5": 0.0, "mid_level_0.5-2": 7.3170731707317067, "tall_2+": 87.804878048780495 }, "geometry": { "type": "Point", "coordinates": [ 0.01742263326916, 51.424608057688047 ] } },
{ "type": "Feature", "properties": { "max_height": 5.2150039672851562, "mean_height": 1.1298758983612061, "std_height": 1.1966358423233032, "count_pixels": 40, "percent_cover": 0.14692918013517484, "percent_above_0.1m": 77.5, "low_level_<0.5": 5.0, "mid_level_0.5-2": 50.0, "tall_2+": 17.5 }, "geometry": { "type": "Point", "coordinates": [ 0.017621797491411, 51.424604629775743 ] } },
{ "type": "Feature", "properties": { "max_height": 10.9375, "mean_height": 2.8113198280334473, "std_height": 3.4556522369384766, "count_pixels": 36, "percent_cover": 0.13223626212165734, "percent_above_0.1m": 72.222222222222214, "low_level_<0.5": 8.3333333333333321, "mid_level_0.5-2": 22.222222222222221, "tall_2+": 38.888888888888893 }, "geometry": { "type": "Point", "coordinates": [ 0.017820961672661, 51.424601201525718 ] } },
{ "type": "Feature", "properties": { "max_height": 10.674995422363281, "mean_height": 4.1306705474853516, "std_height": 3.2607362270355225, "count_pixels": 41, "percent_cover": 0.15060240963855423, "percent_above_0.1m": 90.243902439024396, "low_level_<0.5": 4.8780487804878048, "mid_level_0.5-2": 19.512195121951219, "tall_2+": 65.853658536585371 }, "geometry": { "type": "Point", "coordinates": [ 0.018020125812905, 51.424597772938014 ] } },
{ "type": "Feature", "properties": { "max_height": 8.024993896484375, "mean_height": 2.5368895530700684, "std_height": 1.7650784254074097, "count_pixels": 41, "percent_cover": 0.15060240963855423, "percent_above_0.1m": 100.0, "low_level_<0.5": 4.8780487804878048, "mid_level_0.5-2": 39.024390243902438, "tall_2+": 53.658536585365859 }, "geometry": { "type": "Point", "coordinates": [ 0.018219289912132, 51.424594344012576 ] } },
{ "type": "Feature", "properties": { "max_height": 5.3649978637695312, "mean_height": 1.5873818397521973, "std_height": 1.4482115507125854, "count_pixels": 42, "percent_cover": 0.1542756391419336, "percent_above_0.1m": 88.095238095238088, "low_level_<0.5": 16.666666666666664, "mid_level_0.5-2": 30.952380952380953, "tall_2+": 35.714285714285715 }, "geometry": { "type": "Point", "coordinates": [ 0.018418453970344, 51.424590914749437 ] } },
{ "type": "Feature", "properties": { "max_height": 6.4625015258789062, "mean_height": 1.2133340835571289, "std_height": 1.5674922466278076, "count_pixels": 42, "percent_cover": 0.1542756391419336, "percent_above_0.1m": 59.523809523809526, "low_level_<0.5": 4.7619047619047619, "mid_level_0.5-2": 33.333333333333329, "tall_2+": 21.428571428571427 }, "geometry": { "type": "Point", "coordinates": [ 0.018617617987533, 51.424587485148606 ] } },
{ "type": "Feature", "properties": { "max_height": 5.4449996948242188, "mean_height": 1.3219505548477173, "std_height": 1.4641846418380737, "count_pixels": 41, "percent_cover": 0.15060240963855423, "percent_above_0.1m": 75.609756097560975, "low_level_<0.5": 14.634146341463413, "mid_level_0.5-2": 24.390243902439025, "tall_2+": 29.268292682926827 }, "geometry": { "type": "Point", "coordinates": [ 0.016730307264355, 51.42472788720913 ] } },
{ "type": "Feature", "properties": { "max_height": 6.904998779296875, "mean_height": 2.7456550598144531, "std_height": 2.1107034683227539, "count_pixels": 42, "percent_cover": 0.1542756391419336, "percent_above_0.1m": 95.238095238095227, "low_level_<0.5": 4.7619047619047619, "mid_level_0.5-2": 30.952380952380953, "tall_2+": 54.761904761904766 }, "geometry": { "type": "Point", "coordinates": [ 0.016929472124301, 51.424724460457021 ] } },
{ "type": "Feature", "properties": { "max_height": 0.0099945068359375, "mean_height": -0.00023869106371421367, "std_height": 0.0045575923286378384, "count_pixels": 42, "percent_cover": 0.1542756391419336, "percent_above_0.1m": 0.0, "low_level_<0.5": 0.0, "mid_level_0.5-2": 0.0, "tall_2+": 0.0 }, "geometry": { "type": "Point", "coordinates": [ 0.017128636943261, 51.424721033367206 ] } },
{ "type": "Feature", "properties": { "max_height": 0.92749786376953125, "mean_height": 0.098664037883281708, "std_height": 0.23788756132125854, "count_pixels": 43, "percent_cover": 0.15794886864531296, "percent_above_0.1m": 20.930232558139537, "low_level_<0.5": 9.3023255813953494, "mid_level_0.5-2": 9.3023255813953494, "tall_2+": 0.0 }, "geometry": { "type": "Point", "coordinates": [ 0.017327801721223, 51.424717605939684 ] } },
{ "type": "Feature", "properties": { "max_height": 7.6749954223632812, "mean_height": 0.48215201497077942, "std_height": 1.3267151117324829, "count_pixels": 43, "percent_cover": 0.15794886864531296, "percent_above_0.1m": 30.232558139534881, "low_level_<0.5": 9.3023255813953494, "mid_level_0.5-2": 11.627906976744185, "tall_2+": 6.9767441860465116 }, "geometry": { "type": "Point", "coordinates": [ 0.017526966458191, 51.424714178174462 ] } },
{ "type": "Feature", "properties": { "max_height": 5.5550003051757812, "mean_height": 1.442613959312439, "std_height": 1.688599705696106, "count_pixels": 44, "percent_cover": 0.16162209814869233, "percent_above_0.1m": 59.090909090909093, "low_level_<0.5": 4.5454545454545459, "mid_level_0.5-2": 27.27272727272727, "tall_2+": 27.27272727272727 }, "geometry": { "type": "Point", "coordinates": [ 0.017726131154154, 51.424710750071505 ] } },
{ "type": "Feature", "properties": { "max_height": 7.8149948120117188, "mean_height": 1.7901746034622192, "std_height": 2.4801235198974609, "count_pixels": 43, "percent_cover": 0.15794886864531296, "percent_above_0.1m": 48.837209302325576, "low_level_<0.5": 6.9767441860465116, "mid_level_0.5-2": 4.6511627906976747, "tall_2+": 32.558139534883722 }, "geometry": { "type": "Point", "coordinates": [ 0.017925295809108, 51.424707321630841 ] } },
{ "type": "Feature", "properties": { "max_height": 1.4249954223632812, "mean_height": 0.15337212383747101, "std_height": 0.32673326134681702, "count_pixels": 43, "percent_cover": 0.15794886864531296, "percent_above_0.1m": 25.581395348837212, "low_level_<0.5": 9.3023255813953494, "mid_level_0.5-2": 11.627906976744185, "tall_2+": 0.0 }, "geometry": { "type": "Point", "coordinates": [ 0.018124460423056, 51.424703892852499 ] } },
{ "type": "Feature", "properties": { "max_height": 10.822502136230469, "mean_height": 2.813809871673584, "std_height": 2.8712925910949707, "count_pixels": 42, "percent_cover": 0.1542756391419336, "percent_above_0.1m": 78.571428571428569, "low_level_<0.5": 2.3809523809523809, "mid_level_0.5-2": 19.047619047619047, "tall_2+": 52.380952380952387 }, "geometry": { "type": "Point", "coordinates": [ 0.018323624995987, 51.424700463736421 ] } },
{ "type": "Feature", "properties": { "max_height": 7.4449996948242188, "mean_height": 3.0395822525024414, "std_height": 2.1382532119750977, "count_pixels": 42, "percent_cover": 0.1542756391419336, "percent_above_0.1m": 95.238095238095227, "low_level_<0.5": 4.7619047619047619, "mid_level_0.5-2": 33.333333333333329, "tall_2+": 57.142857142857139 }, "geometry": { "type": "Point", "coordinates": [ 0.018522789527894, 51.424697034282666 ] } },
{ "type": "Feature", "properties": { "max_height": 7.0024948120117188, "mean_height": 2.5036571025848389, "std_height": 1.9311354160308838, "count_pixels": 41, "percent_cover": 0.15060240963855423, "percent_above_0.1m": 97.560975609756099, "low_level_<0.5": 7.3170731707317067, "mid_level_0.5-2": 36.585365853658537, "tall_2+": 53.658536585365859 }, "geometry": { "type": "Point", "coordinates": [ 0.018721954018787, 51.424693604491168 ] } },
{ "type": "Feature", "properties": { "max_height": 2.7249984741210938, "mean_height": 0.47774189710617065, "std_height": 0.51271545886993408, "count_pixels": 41, "percent_cover": 0.15060240963855423, "percent_above_0.1m": 73.170731707317074, "low_level_<0.5": 29.268292682926827, "mid_level_0.5-2": 36.585365853658537, "tall_2+": 2.4390243902439024 }, "geometry": { "type": "Point", "coordinates": [ 0.01892111846865, 51.424690174361992 ] } },
{ "type": "Feature", "properties": { "max_height": 4.4399986267089844, "mean_height": 0.942291259765625, "std_height": 1.0325390100479126, "count_pixels": 36, "percent_cover": 0.13223626212165734, "percent_above_0.1m": 80.555555555555557, "low_level_<0.5": 19.444444444444446, "mid_level_0.5-2": 38.888888888888893, "tall_2+": 13.888888888888889 }, "geometry": { "type": "Point", "coordinates": [ 0.019120282877479, 51.424686743895101 ] } },
{ "type": "Feature", "properties": { "max_height": 2.535003662109375, "mean_height": 0.93470960855484009, "std_height": 0.71327602863311768, "count_pixels": 43, "percent_cover": 0.15794886864531296, "percent_above_0.1m": 95.348837209302332, "low_level_<0.5": 20.930232558139537, "mid_level_0.5-2": 58.139534883720934, "tall_2+": 11.627906976744185 }, "geometry": { "type": "Point", "coordinates": [ 0.01663547369858, 51.424837434954185 ] } },
{ "type": "Feature", "properties": { "max_height": 2.3050003051757812, "mean_height": 0.93261879682540894, "std_height": 0.59690934419631958, "count_pixels": 42, "percent_cover": 0.1542756391419336, "percent_above_0.1m": 88.095238095238088, "low_level_<0.5": 14.285714285714285, "mid_level_0.5-2": 66.666666666666657, "tall_2+": 7.1428571428571423 }, "geometry": { "type": "Point", "coordinates": [ 0.016834639073237, 51.424834008349166 ] } },
{ "type": "Feature", "properties": { "max_height": 0.08499908447265625, "mean_height": 0.0020239693112671375, "std_height": 0.013900451362133026, "count_pixels": 42, "percent_cover": 0.1542756391419336, "percent_above_0.1m": 0.0, "low_level_<0.5": 0.0, "mid_level_0.5-2": 0.0, "tall_2+": 0.0 }, "geometry": { "type": "Point", "coordinates": [ 0.017033804406903, 51.424830581406418 ] } },
{ "type": "Feature", "properties": { "max_height": 0.01000213623046875, "mean_height": -0.00048735082964412868, "std_height": 0.0042842165566980839, "count_pixels": 41, "percent_cover": 0.15060240963855423, "percent_above_0.1m": 0.0, "low_level_<0.5": 0.0, "mid_level_0.5-2": 0.0, "tall_2+": 0.0 }, "geometry": { "type": "Point", "coordinates": [ 0.017232969699584, 51.424827154125971 ] } },
{ "type": "Feature", "properties": { "max_height": 0.0124969482421875, "mean_height": -0.00030461754067800939, "std_height": 0.0071388594806194305, "count_pixels": 41, "percent_cover": 0.15060240963855423, "percent_above_0.1m": 0.0, "low_level_<0.5": 0.0, "mid_level_0.5-2": 0.0, "tall_2+": 0.0 }, "geometry": { "type": "Point", "coordinates": [ 0.017432134951263, 51.42482372650781 ] } },
{ "type": "Feature", "properties": { "max_height": 0.0200042724609375, "mean_height": 0.00081272126408293843, "std_height": 0.0062107816338539124, "count_pixels": 40, "percent_cover": 0.14692918013517484, "percent_above_0.1m": 0.0, "low_level_<0.5": 0.0, "mid_level_0.5-2": 0.0, "tall_2+": 0.0 }, "geometry": { "type": "Point", "coordinates": [ 0.017631300161942, 51.424820298551936 ] } },
{ "type": "Feature", "properties": { "max_height": 4.9250030517578125, "mean_height": 0.36868011951446533, "std_height": 1.0472058057785034, "count_pixels": 36, "percent_cover": 0.13223626212165734, "percent_above_0.1m": 16.666666666666664, "low_level_<0.5": 0.0, "mid_level_0.5-2": 11.111111111111111, "tall_2+": 5.5555555555555554 }, "geometry": { "type": "Point", "coordinates": [ 0.017830465331615, 51.424816870258361 ] } },
{ "type": "Feature", "properties": { "max_height": 2.55499267578125, "mean_height": 0.16817064583301544, "std_height": 0.52782410383224487, "count_pixels": 41, "percent_cover": 0.15060240963855423, "percent_above_0.1m": 12.195121951219512, "low_level_<0.5": 2.4390243902439024, "mid_level_0.5-2": 7.3170731707317067, "tall_2+": 2.4390243902439024 }, "geometry": { "type": "Point", "coordinates": [ 0.018029630460279, 51.424813441627059 ] } },
{ "type": "Feature", "properties": { "max_height": 1.8899993896484375, "mean_height": 0.21073058247566223, "std_height": 0.51672476530075073, "count_pixels": 41, "percent_cover": 0.15060240963855423, "percent_above_0.1m": 17.073170731707318, "low_level_<0.5": 4.8780487804878048, "mid_level_0.5-2": 12.195121951219512, "tall_2+": 0.0 }, "geometry": { "type": "Point", "coordinates": [ 0.018228795547935, 51.424810012658064 ] } },
{ "type": "Feature", "properties": { "max_height": 5.0824966430664062, "mean_height": 0.74559366703033447, "std_height": 1.1243133544921875, "count_pixels": 42, "percent_cover": 0.1542756391419336, "percent_above_0.1m": 45.238095238095241, "low_level_<0.5": 7.1428571428571423, "mid_level_0.5-2": 23.809523809523807, "tall_2+": 11.904761904761903 }, "geometry": { "type": "Point", "coordinates": [ 0.018427960594565, 51.424806583351362 ] } },
{ "type": "Feature", "properties": { "max_height": 3.1999969482421875, "mean_height": 1.1796423196792603, "std_height": 0.81452560424804688, "count_pixels": 42, "percent_cover": 0.1542756391419336, "percent_above_0.1m": 80.952380952380949, "low_level_<0.5": 11.904761904761903, "mid_level_0.5-2": 59.523809523809526, "tall_2+": 9.5238095238095237 }, "geometry": { "type": "Point", "coordinates": [ 0.01862712560018, 51.424803153706939 ] } },
{ "type": "Feature", "properties": { "max_height": 6.2199935913085938, "mean_height": 2.0901727676391602, "std_height": 1.7942159175872803, "count_pixels": 43, "percent_cover": 0.15794886864531296, "percent_above_0.1m": 86.04651162790698, "low_level_<0.5": 11.627906976744185, "mid_level_0.5-2": 27.906976744186046, "tall_2+": 44.186046511627907 }, "geometry": { "type": "Point", "coordinates": [ 0.018826290564768, 51.424799723724824 ] } },
{ "type": "Feature", "properties": { "max_height": 4.9299964904785156, "mean_height": 1.668952465057373, "std_height": 1.5051651000976562, "count_pixels": 43, "percent_cover": 0.15794886864531296, "percent_above_0.1m": 90.697674418604649, "low_level_<0.5": 18.604651162790699, "mid_level_0.5-2": 30.232558139534881, "tall_2+": 37.209302325581397 }, "geometry": { "type": "Point", "coordinates": [ 0.019025455488328, 51.42479629340496 ] } },
{ "type": "Feature", "properties": { "max_height": 3.649993896484375, "mean_height": 0.974601149559021, "std_height": 0.73695844411849976, "count_pixels": 44, "percent_cover": 0.16162209814869233, "percent_above_0.1m": 90.909090909090907, "low_level_<0.5": 18.181818181818183, "mid_level_0.5-2": 59.090909090909093, "tall_2+": 9.0909090909090917 }, "geometry": { "type": "Point", "coordinates": [ 0.019224620370851, 51.424792862747431 ] } },
{ "type": "Feature", "properties": { "max_height": 3.6525001525878906, "mean_height": 0.61598622798919678, "std_height": 0.71784645318984985, "count_pixels": 43, "percent_cover": 0.15794886864531296, "percent_above_0.1m": 74.418604651162795, "low_level_<0.5": 23.255813953488371, "mid_level_0.5-2": 41.860465116279073, "tall_2+": 4.6511627906976747 }, "geometry": { "type": "Point", "coordinates": [ 0.019423785212338, 51.424789431752195 ] } },
{ "type": "Feature", "properties": { "max_height": 4.9524993896484375, "mean_height": 1.1747009754180908, "std_height": 1.2927320003509521, "count_pixels": 42, "percent_cover": 0.1542756391419336, "percent_above_0.1m": 76.19047619047619, "low_level_<0.5": 19.047619047619047, "mid_level_0.5-2": 38.095238095238095, "tall_2+": 19.047619047619047 }, "geometry": { "type": "Point", "coordinates": [ 0.019622950012783, 51.424786000419232 ] } },
{ "type": "Feature", "properties": { "max_height": 6.5699996948242188, "mean_height": 2.1546955108642578, "std_height": 2.0292129516601562, "count_pixels": 41, "percent_cover": 0.15060240963855423, "percent_above_0.1m": 82.926829268292678, "low_level_<0.5": 9.7560975609756095, "mid_level_0.5-2": 34.146341463414636, "tall_2+": 39.024390243902438 }, "geometry": { "type": "Point", "coordinates": [ 0.016739805548456, 51.42494355617594 ] } },
{ "type": "Feature", "properties": { "max_height": 1.1099929809570312, "mean_height": 0.12404759973287582, "std_height": 0.25485900044441223, "count_pixels": 42, "percent_cover": 0.1542756391419336, "percent_above_0.1m": 23.809523809523807, "low_level_<0.5": 11.904761904761903, "mid_level_0.5-2": 9.5238095238095237, "tall_2+": 0.0 }, "geometry": { "type": "Point", "coordinates": [ 0.016938971396839, 51.424940129380253 ] } },
{ "type": "Feature", "properties": { "max_height": 0.0149993896484375, "mean_height": 0.0026194255333393812, "std_height": 0.0052025229670107365, "count_pixels": 42, "percent_cover": 0.1542756391419336, "percent_above_0.1m": 0.0, "low_level_<0.5": 0.0, "mid_level_0.5-2": 0.0, "tall_2+": 0.0 }, "geometry": { "type": "Point", "coordinates": [ 0.01713813720423, 51.424936702246882 ] } },
{ "type": "Feature", "properties": { "max_height": 0.0149993896484375, "mean_height": -0.00098791788332164288, "std_height": 0.0060787880793213844, "count_pixels": 43, "percent_cover": 0.15794886864531296, "percent_above_0.1m": 0.0, "low_level_<0.5": 0.0, "mid_level_0.5-2": 0.0, "tall_2+": 0.0 }, "geometry": { "type": "Point", "coordinates": [ 0.017337302970626, 51.424933274775796 ] } },
{ "type": "Feature", "properties": { "max_height": 0.0149993896484375, "mean_height": 0.0011041330872103572, "std_height": 0.0054802726954221725, "count_pixels": 43, "percent_cover": 0.15794886864531296, "percent_above_0.1m": 0.0, "low_level_<0.5": 0.0, "mid_level_0.5-2": 0.0, "tall_2+": 0.0 }, "geometry": { "type": "Point", "coordinates": [ 0.017536468696023, 51.424929846967004 ] } },
{ "type": "Feature", "properties": { "max_height": 0.01499176025390625, "mean_height": 0.00073831732152029872, "std_height": 0.0062290588393807411, "count_pixels": 44, "percent_cover": 0.16162209814869233, "percent_above_0.1m": 0.0, "low_level_<0.5": 0.0, "mid_level_0.5-2": 0.0, "tall_2+": 0.0 }, "geometry": { "type": "Point", "coordinates": [ 0.017735634380419, 51.42492641882049 ] } },
{ "type": "Feature", "properties": { "max_height": 0.01000213623046875, "mean_height": 0.00040630961302667856, "std_height": 0.0040683704428374767, "count_pixels": 43, "percent_cover": 0.15794886864531296, "percent_above_0.1m": 0.0, "low_level_<0.5": 0.0, "mid_level_0.5-2": 0.0, "tall_2+": 0.0 }, "geometry": { "type": "Point", "coordinates": [ 0.017934800023804, 51.42492299033627 ] } },
{ "type": "Feature", "properties": { "max_height": 0.0200042724609375, "mean_height": 0.0047076912596821785, "std_height": 0.0071574854664504528, "count_pixels": 43, "percent_cover": 0.15794886864531296, "percent_above_0.1m": 0.0, "low_level_<0.5": 0.0, "mid_level_0.5-2": 0.0, "tall_2+": 0.0 }, "geometry": { "type": "Point", "coordinates": [ 0.018133965626178, 51.424919561514344 ] } },
{ "type": "Feature", "properties": { "max_height": 0.01999664306640625, "mean_height": 0.0008913676138035953, "std_height": 0.0059967120178043842, "count_pixels": 42, "percent_cover": 0.1542756391419336, "percent_above_0.1m": 0.0, "low_level_<0.5": 0.0, "mid_level_0.5-2": 0.0, "tall_2+": 0.0 }, "geometry": { "type": "Point", "coordinates": [ 0.018333131187541, 51.424916132354717 ] } },
{ "type": "Feature", "properties": { "max_height": 0.0099945068359375, "mean_height": -0.00053678237600252032, "std_height": 0.0044491556473076344, "count_pixels": 42, "percent_cover": 0.1542756391419336, "percent_above_0.1m": 0.0, "low_level_<0.5": 0.0, "mid_level_0.5-2": 0.0, "tall_2+": 0.0 }, "geometry": { "type": "Point", "coordinates": [ 0.018532296707878, 51.424912702857355 ] } },
{ "type": "Feature", "properties": { "max_height": 1.0324935913085938, "mean_height": 0.056584242731332779, "std_height": 0.19745258986949921, "count_pixels": 41, "percent_cover": 0.15060240963855423, "percent_above_0.1m": 7.3170731707317067, "low_level_<0.5": 2.4390243902439024, "mid_level_0.5-2": 4.8780487804878048, "tall_2+": 0.0 }, "geometry": { "type": "Point", "coordinates": [ 0.018731462187198, 51.424909273022287 ] } },
{ "type": "Feature", "properties": { "max_height": 2.1374969482421875, "mean_height": 0.34981554746627808, "std_height": 0.6127205491065979, "count_pixels": 41, "percent_cover": 0.15060240963855423, "percent_above_0.1m": 31.707317073170731, "low_level_<0.5": 7.3170731707317067, "mid_level_0.5-2": 21.951219512195124, "tall_2+": 2.4390243902439024 }, "geometry": { "type": "Point", "coordinates": [ 0.018930627625484, 51.424905842849505 ] } },
{ "type": "Feature", "properties": { "max_height": 2.654998779296875, "mean_height": 0.85569310188293457, "std_height": 0.71856904029846191, "count_pixels": 36, "percent_cover": 0.13223626212165734, "percent_above_0.1m": 83.333333333333343, "low_level_<0.5": 25.0, "mid_level_0.5-2": 50.0, "tall_2+": 5.5555555555555554 }, "geometry": { "type": "Point", "coordinates": [ 0.019129793022742, 51.42490241233903 ] } },
{ "type": "Feature", "properties": { "max_height": 3.5875015258789062, "mean_height": 1.0039360523223877, "std_height": 0.76755702495574951, "count_pixels": 40, "percent_cover": 0.14692918013517484, "percent_above_0.1m": 97.5, "low_level_<0.5": 10.0, "mid_level_0.5-2": 65.0, "tall_2+": 12.5 }, "geometry": { "type": "Point", "coordinates": [ 0.019328958378961, 51.424898981490841 ] } },
{ "type": "Feature", "properties": { "max_height": 3.5149993896484375, "mean_height": 0.84353554248809814, "std_height": 0.94756817817687988, "count_pixels": 41, "percent_cover": 0.15060240963855423, "percent_above_0.1m": 75.609756097560975, "low_level_<0.5": 19.512195121951219, "mid_level_0.5-2": 31.707317073170731, "tall_2+": 17.073170731707318 }, "geometry": { "type": "Point", "coordinates": [ 0.019528123694144, 51.424895550304946 ] } },
{ "type": "Feature", "properties": { "max_height": 5.50250244140625, "mean_height": 2.3998198509216309, "std_height": 1.1316609382629395, "count_pixels": 42, "percent_cover": 0.1542756391419336, "percent_above_0.1m": 100.0, "low_level_<0.5": 0.0, "mid_level_0.5-2": 50.0, "tall_2+": 50.0 }, "geometry": { "type": "Point", "coordinates": [ 0.019727288968278, 51.424892118781329 ] } },
{ "type": "Feature", "properties": { "max_height": 7.8174972534179688, "mean_height": 2.3979747295379639, "std_height": 2.3792328834533691, "count_pixels": 42, "percent_cover": 0.1542756391419336, "percent_above_0.1m": 76.19047619047619, "low_level_<0.5": 11.904761904761903, "mid_level_0.5-2": 7.1428571428571423, "tall_2+": 50.0 }, "geometry": { "type": "Point", "coordinates": [ 0.019926454201366, 51.424888686920021 ] } },
{ "type": "Feature", "properties": { "max_height": 5.9499969482421875, "mean_height": 1.4038355350494385, "std_height": 1.4091172218322754, "count_pixels": 43, "percent_cover": 0.15794886864531296, "percent_above_0.1m": 72.093023255813947, "low_level_<0.5": 4.6511627906976747, "mid_level_0.5-2": 37.209302325581397, "tall_2+": 27.906976744186046 }, "geometry": { "type": "Point", "coordinates": [ 0.0201256193934, 51.424885254720991 ] } },
{ "type": "Feature", "properties": { "max_height": 9.3899993896484375, "mean_height": 4.6583147048950195, "std_height": 3.0125603675842285, "count_pixels": 43, "percent_cover": 0.15794886864531296, "percent_above_0.1m": 90.697674418604649, "low_level_<0.5": 2.3255813953488373, "mid_level_0.5-2": 11.627906976744185, "tall_2+": 74.418604651162795 }, "geometry": { "type": "Point", "coordinates": [ 0.016644971549954, 51.42505310393733 ] } },
{ "type": "Feature", "properties": { "max_height": 3.9374923706054688, "mean_height": 0.26970219612121582, "std_height": 0.66693729162216187, "count_pixels": 42, "percent_cover": 0.1542756391419336, "percent_above_0.1m": 35.714285714285715, "low_level_<0.5": 21.428571428571427, "mid_level_0.5-2": 9.5238095238095237, "tall_2+": 2.3809523809523809 }, "geometry": { "type": "Point", "coordinates": [ 0.016844137913052, 51.425049677288747 ] } },
{ "type": "Feature", "properties": { "max_height": 0.0149993896484375, "mean_height": 0.00089191255392506719, "std_height": 0.0043920767493546009, "count_pixels": 42, "percent_cover": 0.1542756391419336, "percent_above_0.1m": 0.0, "low_level_<0.5": 0.0, "mid_level_0.5-2": 0.0, "tall_2+": 0.0 }, "geometry": { "type": "Point", "coordinates": [ 0.017043304235161, 51.425046250302444 ] } },
{ "type": "Feature", "properties": { "max_height": 0.0149993896484375, "mean_height": 0.00079159619053825736, "std_height": 0.0055344789288938046, "count_pixels": 41, "percent_cover": 0.15060240963855423, "percent_above_0.1m": 0.0, "low_level_<0.5": 0.0, "mid_level_0.5-2": 0.0, "tall_2+": 0.0 }, "geometry": { "type": "Point", "coordinates": [ 0.017242470516278, 51.425042822978426 ] } },
{ "type": "Feature", "properties": { "max_height": 0.01000213623046875, "mean_height": -0.00048902560956776142, "std_height": 0.004660329781472683, "count_pixels": 41, "percent_cover": 0.15060240963855423, "percent_above_0.1m": 0.0, "low_level_<0.5": 0.0, "mid_level_0.5-2": 0.0, "tall_2+": 0.0 }, "geometry": { "type": "Point", "coordinates": [ 0.017441636756393, 51.425039395316702 ] } },
{ "type": "Feature", "properties": { "max_height": 1.8074951171875, "mean_height": 0.11274738609790802, "std_height": 0.34382396936416626, "count_pixels": 40, "percent_cover": 0.14692918013517484, "percent_above_0.1m": 15.0, "low_level_<0.5": 7.5, "mid_level_0.5-2": 7.5, "tall_2+": 0.0 }, "geometry": { "type": "Point", "coordinates": [ 0.017640802955513, 51.425035967317278 ] } },
{ "type": "Feature", "properties": { "max_height": 0.0175018310546875, "mean_height": -0.00020959641551598907, "std_height": 0.0040561980567872524, "count_pixels": 36, "percent_cover": 0.13223626212165734, "percent_above_0.1m": 0.0, "low_level_<0.5": 0.0, "mid_level_0.5-2": 0.0, "tall_2+": 0.0 }, "geometry": { "type": "Point", "coordinates": [ 0.017839969113622, 51.425032538980126 ] } },
{ "type": "Feature", "properties": { "max_height": 0.0124969482421875, "mean_height": 0.00085225916700437665, "std_height": 0.0039277826435863972, "count_pixels": 41, "percent_cover": 0.15060240963855423, "percent_above_0.1m": 0.0, "low_level_<0.5": 0.0, "mid_level_0.5-2": 0.0, "tall_2+": 0.0 }, "geometry": { "type": "Point", "coordinates": [ 0.018039135230723, 51.425029110305267 ] } },
{ "type": "Feature", "properties": { "max_height": 0.02750396728515625, "mean_height": 0.0027417438104748726, "std_height": 0.0088143320754170418, "count_pixels": 41, "percent_cover": 0.15060240963855423, "percent_above_0.1m": 0.0, "low_level_<0.5": 0.0, "mid_level_0.5-2": 0.0, "tall_2+": 0.0 }, "geometry": { "type": "Point", "coordinates": [ 0.018238301306811, 51.425025681292688 ] } },
{ "type": "Feature", "properties": { "max_height": 0.00499725341796875, "mean_height": -0.0017286028014495969, "std_height": 0.0035562026314437389, "count_pixels": 42, "percent_cover": 0.1542756391419336, "percent_above_0.1m": 0.0, "low_level_<0.5": 0.0, "mid_level_0.5-2": 0.0, "tall_2+": 0.0 }, "geometry": { "type": "Point", "coordinates": [ 0.018437467341881, 51.425022251942409 ] } },
{ "type": "Feature", "properties": { "max_height": 0.0149993896484375, "mean_height": -0.0016085306415334344, "std_height": 0.0058463644236326218, "count_pixels": 42, "percent_cover": 0.1542756391419336, "percent_above_0.1m": 0.0, "low_level_<0.5": 0.0, "mid_level_0.5-2": 0.0, "tall_2+": 0.0 }, "geometry": { "type": "Point", "coordinates": [ 0.018636633335929, 51.425018822254401 ] } },
{ "type": "Feature", "properties": { "max_height": 0.012500762939453125, "mean_height": -1.3307083008839982e-06, "std_height": 0.0050579654052853584, "count_pixels": 43, "percent_cover": 0.15794886864531296, "percent_above_0.1m": 0.0, "low_level_<0.5": 0.0, "mid_level_0.5-2": 0.0, "tall_2+": 0.0 }, "geometry": { "type": "Point", "coordinates": [ 0.01883579928895, 51.425015392228701 ] } },
{ "type": "Feature", "properties": { "max_height": 0.65999603271484375, "mean_height": 0.020114809274673462, "std_height": 0.099609315395355225, "count_pixels": 43, "percent_cover": 0.15794886864531296, "percent_above_0.1m": 2.3255813953488373, "low_level_<0.5": 0.0, "mid_level_0.5-2": 2.3255813953488373, "tall_2+": 0.0 }, "geometry": { "type": "Point", "coordinates": [ 0.01903496520094, 51.425011961865287 ] } },
{ "type": "Feature", "properties": { "max_height": 3.9624977111816406, "mean_height": 0.48283863067626953, "std_height": 0.915596604347229, "count_pixels": 44, "percent_cover": 0.16162209814869233, "percent_above_0.1m": 47.727272727272727, "low_level_<0.5": 13.636363636363635, "mid_level_0.5-2": 20.454545454545457, "tall_2+": 9.0909090909090917 }, "geometry": { "type": "Point", "coordinates": [ 0.019234131071898, 51.42500853116416 ] } },
{ "type": "Feature", "properties": { "max_height": 5.1175003051757812, "mean_height": 2.3308706283569336, "std_height": 1.4657042026519775, "count_pixels": 43, "percent_cover": 0.15794886864531296, "percent_above_0.1m": 100.0, "low_level_<0.5": 11.627906976744185, "mid_level_0.5-2": 25.581395348837212, "tall_2+": 60.465116279069761 }, "geometry": { "type": "Point", "coordinates": [ 0.019433296901813, 51.425005100125311 ] } },
{ "type": "Feature", "properties": { "max_height": 5.3824958801269531, "mean_height": 3.1090469360351562, "std_height": 1.1693387031555176, "count_pixels": 42, "percent_cover": 0.1542756391419336, "percent_above_0.1m": 100.0, "low_level_<0.5": 2.3809523809523809, "mid_level_0.5-2": 11.904761904761903, "tall_2+": 85.714285714285708 }, "geometry": { "type": "Point", "coordinates": [ 0.019632462690693, 51.425001668748763 ] } },
{ "type": "Feature", "properties": { "max_height": 8.2125015258789062, "mean_height": 4.0280346870422363, "std_height": 1.7406888008117676, "count_pixels": 42, "percent_cover": 0.1542756391419336, "percent_above_0.1m": 100.0, "low_level_<0.5": 0.0, "mid_level_0.5-2": 14.285714285714285, "tall_2+": 85.714285714285708 }, "geometry": { "type": "Point", "coordinates": [ 0.019831628438517, 51.424998237034501 ] } },
{ "type": "Feature", "properties": { "max_height": 6.4099960327148438, "mean_height": 2.4884130954742432, "std_height": 1.7995866537094116, "count_pixels": 41, "percent_cover": 0.15060240963855423, "percent_above_0.1m": 95.121951219512198, "low_level_<0.5": 4.8780487804878048, "mid_level_0.5-2": 36.585365853658537, "tall_2+": 53.658536585365859 }, "geometry": { "type": "Point", "coordinates": [ 0.020030794145298, 51.424994804982532 ] } },
{ "type": "Feature", "properties": { "max_height": 3.9300003051757812, "mean_height": 1.6763734817504883, "std_height": 1.0339148044586182, "count_pixels": 40, "percent_cover": 0.14692918013517484, "percent_above_0.1m": 92.5, "low_level_<0.5": 5.0, "mid_level_0.5-2": 45.0, "tall_2+": 40.0 }, "geometry": { "type": "Point", "coordinates": [ 0.016550137077729, 51.425162651633372 ] } },
{ "type": "Feature", "properties": { "max_height": 4.4549942016601562, "mean_height": 0.71445053815841675, "std_height": 1.2311896085739136, "count_pixels": 41, "percent_cover": 0.15060240963855423, "percent_above_0.1m": 48.780487804878049, "low_level_<0.5": 21.951219512195124, "mid_level_0.5-2": 12.195121951219512, "tall_2+": 14.634146341463413 }, "geometry": { "type": "Point", "coordinates": [ 0.016749303955546, 51.425159225131864 ] } },
{ "type": "Feature", "properties": { "max_height": 0.0050048828125, "mean_height": -0.0025006248615682125, "std_height": 0.0049700695089995861, "count_pixels": 42, "percent_cover": 0.1542756391419336, "percent_above_0.1m": 0.0, "low_level_<0.5": 0.0, "mid_level_0.5-2": 0.0, "tall_2+": 0.0 }, "geometry": { "type": "Point", "coordinates": [ 0.016948470792376, 51.425155798292643 ] } },
{ "type": "Feature", "properties": { "max_height": 0.01000213623046875, "mean_height": 0.00095185777172446251, "std_height": 0.0041533829644322395, "count_pixels": 42, "percent_cover": 0.1542756391419336, "percent_above_0.1m": 0.0, "low_level_<0.5": 0.0, "mid_level_0.5-2": 0.0, "tall_2+": 0.0 }, "geometry": { "type": "Point", "coordinates": [ 0.017147637588208, 51.425152371115715 ] } },
{ "type": "Feature", "properties": { "max_height": 0.0099945068359375, "mean_height": 0.00023083353880792856, "std_height": 0.0050237472169101238, "count_pixels": 43, "percent_cover": 0.15794886864531296, "percent_above_0.1m": 0.0, "low_level_<0.5": 0.0, "mid_level_0.5-2": 0.0, "tall_2+": 0.0 }, "geometry": { "type": "Point", "coordinates": [ 0.017346804343053, 51.425148943601066 ] } },
{ "type": "Feature", "properties": { "max_height": 0.0124969482421875, "mean_height": -0.00017512122576590627, "std_height": 0.005613494198769331, "count_pixels": 43, "percent_cover": 0.15794886864531296, "percent_above_0.1m": 0.0, "low_level_<0.5": 0.0, "mid_level_0.5-2": 0.0, "tall_2+": 0.0 }, "geometry": { "type": "Point", "coordinates": [ 0.017545971056892, 51.425145515748689 ] } },
{ "type": "Feature", "properties": { "max_height": 0.56749725341796875, "mean_height": 0.021475879475474358, "std_height": 0.094129018485546112, "count_pixels": 44, "percent_cover": 0.16162209814869233, "percent_above_0.1m": 4.5454545454545459, "low_level_<0.5": 2.2727272727272729, "mid_level_0.5-2": 2.2727272727272729, "tall_2+": 0.0 }, "geometry": { "type": "Point", "coordinates": [ 0.017745137729732, 51.425142087558619 ] } },
{ "type": "Feature", "properties": { "max_height": 0.01999664306640625, "mean_height": 0.00028867498622275889, "std_height": 0.0060079814866185188, "count_pixels": 43, "percent_cover": 0.15794886864531296, "percent_above_0.1m": 0.0, "low_level_<0.5": 0.0, "mid_level_0.5-2": 0.0, "tall_2+": 0.0 }, "geometry": { "type": "Point", "coordinates": [ 0.017944304361559, 51.425138659030829 ] } },
{ "type": "Feature", "properties": { "max_height": 0.01999664306640625, "mean_height": 0.0027888098265975714, "std_height": 0.0060574766248464584, "count_pixels": 43, "percent_cover": 0.15794886864531296, "percent_above_0.1m": 0.0, "low_level_<0.5": 0.0, "mid_level_0.5-2": 0.0, "tall_2+": 0.0 }, "geometry": { "type": "Point", "coordinates": [ 0.018143470952376, 51.425135230165317 ] } },
{ "type": "Feature", "properties": { "max_height": 0.01499176025390625, "mean_height": -0.0013710203347727656, "std_height": 0.005488300696015358, "count_pixels": 42, "percent_cover": 0.1542756391419336, "percent_above_0.1m": 0.0, "low_level_<0.5": 0.0, "mid_level_0.5-2": 0.0, "tall_2+": 0.0 }, "geometry": { "type": "Point", "coordinates": [ 0.01834263750218, 51.42513180096212 ] } },
{ "type": "Feature", "properties": { "max_height": 0.00749969482421875, "mean_height": -0.0027991703245788813, "std_height": 0.0048243505880236626, "count_pixels": 42, "percent_cover": 0.1542756391419336, "percent_above_0.1m": 0.0, "low_level_<0.5": 0.0, "mid_level_0.5-2": 0.0, "tall_2+": 0.0 }, "geometry": { "type": "Point", "coordinates": [ 0.018541804010957, 51.425128371421174 ] } },
{ "type": "Feature", "properties": { "max_height": 0.0175018310546875, "mean_height": -0.0010984467808157206, "std_height": 0.0061003090813755989, "count_pixels": 41, "percent_cover": 0.15060240963855423, "percent_above_0.1m": 0.0, "low_level_<0.5": 0.0, "mid_level_0.5-2": 0.0, "tall_2+": 0.0 }, "geometry": { "type": "Point", "coordinates": [ 0.018740970478718, 51.425124941542535 ] } },
{ "type": "Feature", "properties": { "max_height": 0.012500762939453125, "mean_height": 0.00085235224105417728, "std_height": 0.005727838259190321, "count_pixels": 41, "percent_cover": 0.15060240963855423, "percent_above_0.1m": 0.0, "low_level_<0.5": 0.0, "mid_level_0.5-2": 0.0, "tall_2+": 0.0 }, "geometry": { "type": "Point", "coordinates": [ 0.018940136905443, 51.425121511326182 ] } },
{ "type": "Feature", "properties": { "max_height": 0.8300018310546875, "mean_height": 0.026249038055539131, "std_height": 0.13602091372013092, "count_pixels": 36, "percent_cover": 0.13223626212165734, "percent_above_0.1m": 2.7777777777777777, "low_level_<0.5": 0.0, "mid_level_0.5-2": 2.7777777777777777, "tall_2+": 0.0 }, "geometry": { "type": "Point", "coordinates": [ 0.01913930329114, 51.425118080772108 ] } },
{ "type": "Feature", "properties": { "max_height": 2.7450027465820312, "mean_height": 0.45468607544898987, "std_height": 0.74717146158218384, "count_pixels": 40, "percent_cover": 0.14692918013517484, "percent_above_0.1m": 42.5, "low_level_<0.5": 17.5, "mid_level_0.5-2": 20.0, "tall_2+": 5.0 }, "geometry": { "type": "Point", "coordinates": [ 0.019338469635794, 51.425114649880335 ] } },
{ "type": "Feature", "properties": { "max_height": 8.5649948120117188, "mean_height": 3.3709132671356201, "std_height": 2.0017037391662598, "count_pixels": 41, "percent_cover": 0.15060240963855423, "percent_above_0.1m": 100.0, "low_level_<0.5": 2.4390243902439024, "mid_level_0.5-2": 21.951219512195124, "tall_2+": 75.609756097560975 }, "geometry": { "type": "Point", "coordinates": [ 0.019537635939416, 51.425111218650862 ] } },
{ "type": "Feature", "properties": { "max_height": 7.9624977111816406, "mean_height": 3.9356529712677002, "std_height": 1.4707810878753662, "count_pixels": 42, "percent_cover": 0.1542756391419336, "percent_above_0.1m": 100.0, "low_level_<0.5": 0.0, "mid_level_0.5-2": 7.1428571428571423, "tall_2+": 92.857142857142861 }, "geometry": { "type": "Point", "coordinates": [ 0.019736802201983, 51.42510778708364 ] } },
{ "type": "Feature", "properties": { "max_height": 7.9799995422363281, "mean_height": 2.3890457153320312, "std_height": 2.2293777465820312, "count_pixels": 42, "percent_cover": 0.1542756391419336, "percent_above_0.1m": 85.714285714285708, "low_level_<0.5": 9.5238095238095237, "mid_level_0.5-2": 26.190476190476193, "tall_2+": 47.619047619047613 }, "geometry": { "type": "Point", "coordinates": [ 0.019935968423509, 51.425104355178732 ] } },
{ "type": "Feature", "properties": { "max_height": 7.12249755859375, "mean_height": 2.127100944519043, "std_height": 1.959416389465332, "count_pixels": 44, "percent_cover": 0.16162209814869233, "percent_above_0.1m": 88.63636363636364, "low_level_<0.5": 13.636363636363635, "mid_level_0.5-2": 25.0, "tall_2+": 45.454545454545453 }, "geometry": { "type": "Point", "coordinates": [ 0.016455302131778, 51.425272199264036 ] } },
{ "type": "Feature", "properties": { "max_height": 6.4975051879882812, "mean_height": 1.291045069694519, "std_height": 1.7443716526031494, "count_pixels": 43, "percent_cover": 0.15794886864531296, "percent_above_0.1m": 60.465116279069761, "low_level_<0.5": 13.953488372093023, "mid_level_0.5-2": 11.627906976744185, "tall_2+": 30.232558139534881 }, "geometry": { "type": "Point", "coordinates": [ 0.016654469524311, 51.425268772909611 ] } },
{ "type": "Feature", "properties": { "max_height": 0.0099945068359375, "mean_height": -0.0013700212584808469, "std_height": 0.0055952658876776695, "count_pixels": 42, "percent_cover": 0.1542756391419336, "percent_above_0.1m": 0.0, "low_level_<0.5": 0.0, "mid_level_0.5-2": 0.0, "tall_2+": 0.0 }, "geometry": { "type": "Point", "coordinates": [ 0.016853636875863, 51.425265346217479 ] } },
{ "type": "Feature", "properties": { "max_height": 0.57250213623046875, "mean_height": 0.024640582501888275, "std_height": 0.10237467288970947, "count_pixels": 42, "percent_cover": 0.1542756391419336, "percent_above_0.1m": 7.1428571428571423, "low_level_<0.5": 2.3809523809523809, "mid_level_0.5-2": 2.3809523809523809, "tall_2+": 0.0 }, "geometry": { "type": "Point", "coordinates": [ 0.017052804186424, 51.425261919187612 ] } },
{ "type": "Feature", "properties": { "max_height": 0.00499725341796875, "mean_height": -0.0013425874058157206, "std_height": 0.0038685845211148262, "count_pixels": 41, "percent_cover": 0.15060240963855423, "percent_above_0.1m": 0.0, "low_level_<0.5": 0.0, "mid_level_0.5-2": 0.0, "tall_2+": 0.0 }, "geometry": { "type": "Point", "coordinates": [ 0.017251971455991, 51.425258491820053 ] } },
{ "type": "Feature", "properties": { "max_height": 0.01000213623046875, "mean_height": -0.00042799042421393096, "std_height": 0.0033553156536072493, "count_pixels": 41, "percent_cover": 0.15060240963855423, "percent_above_0.1m": 0.0, "low_level_<0.5": 0.0, "mid_level_0.5-2": 0.0, "tall_2+": 0.0 }, "geometry": { "type": "Point", "coordinates": [ 0.017451138684559, 51.425255064114765 ] } },
{ "type": "Feature", "properties": { "max_height": 0.01749420166015625, "mean_height": 0.00049858092097565532, "std_height": 0.0054830652661621571, "count_pixels": 40, "percent_cover": 0.14692918013517484, "percent_above_0.1m": 0.0, "low_level_<0.5": 0.0, "mid_level_0.5-2": 0.0, "tall_2+": 0.0 }, "geometry": { "type": "Point", "coordinates": [ 0.017650305872124, 51.425251636071742 ] } },
{ "type": "Feature", "properties": { "max_height": 0.0175018310546875, "mean_height": 0.0015958150615915656, "std_height": 0.0068500526249408722, "count_pixels": 36, "percent_cover": 0.13223626212165734, "percent_above_0.1m": 0.0, "low_level_<0.5": 0.0, "mid_level_0.5-2": 0.0, "tall_2+": 0.0 }, "geometry": { "type": "Point", "coordinates": [ 0.017849473018683, 51.425248207691027 ] } },
{ "type": "Feature", "properties": { "max_height": 0.0175018310546875, "mean_height": -0.0011002145474776626, "std_height": 0.0064642415381968021, "count_pixels": 41, "percent_cover": 0.15060240963855423, "percent_above_0.1m": 0.0, "low_level_<0.5": 0.0, "mid_level_0.5-2": 0.0, "tall_2+": 0.0 }, "geometry": { "type": "Point", "coordinates": [ 0.018048640124235, 51.425244778972591 ] } },
{ "type": "Feature", "properties": { "max_height": 0.009998321533203125, "mean_height": -0.0002451640903018415, "std_height": 0.0052900710143148899, "count_pixels": 41, "percent_cover": 0.15060240963855423, "percent_above_0.1m": 0.0, "low_level_<0.5": 0.0, "mid_level_0.5-2": 0.0, "tall_2+": 0.0 }, "geometry": { "type": "Point", "coordinates": [ 0.01824780718877, 51.425241349916448 ] } },
{ "type": "Feature", "properties": { "max_height": 0.00749969482421875, "mean_height": -0.0022629329469054937, "std_height": 0.0044923499226570129, "count_pixels": 42, "percent_cover": 0.1542756391419336, "percent_above_0.1m": 0.0, "low_level_<0.5": 0.0, "mid_level_0.5-2": 0.0, "tall_2+": 0.0 }, "geometry": { "type": "Point", "coordinates": [ 0.018446974212285, 51.425237920522591 ] } },
{ "type": "Feature", "properties": { "max_height": 0.01999664306640625, "mean_height": -0.0005372365121729672, "std_height": 0.0059393541887402534, "count_pixels": 42, "percent_cover": 0.1542756391419336, "percent_above_0.1m": 0.0, "low_level_<0.5": 0.0, "mid_level_0.5-2": 0.0, "tall_2+": 0.0 }, "geometry": { "type": "Point", "coordinates": [ 0.018646141194779, 51.425234490791006 ] } },
{ "type": "Feature", "properties": { "max_height": 0.012500762939453125, "mean_height": -0.0018616609741002321, "std_height": 0.0046095894649624825, "count_pixels": 43, "percent_cover": 0.15794886864531296, "percent_above_0.1m": 0.0, "low_level_<0.5": 0.0, "mid_level_0.5-2": 0.0, "tall_2+": 0.0 }, "geometry": { "type": "Point", "coordinates": [ 0.018845308136247, 51.425231060721735 ] } },
{ "type": "Feature", "properties": { "max_height": 0.31750106811523438, "mean_height": 0.013952476903796196, "std_height": 0.051642779260873795, "count_pixels": 43, "percent_cover": 0.15794886864531296, "percent_above_0.1m": 4.6511627906976747, "low_level_<0.5": 2.3255813953488373, "mid_level_0.5-2": 0.0, "tall_2+": 0.0 }, "geometry": { "type": "Point", "coordinates": [ 0.019044475036679, 51.42522763031473 ] } },
{ "type": "Feature", "properties": { "max_height": 5.4724960327148438, "mean_height": 1.7556800842285156, "std_height": 1.5443711280822754, "count_pixels": 44, "percent_cover": 0.16162209814869233, "percent_above_0.1m": 70.454545454545453, "low_level_<0.5": 4.5454545454545459, "mid_level_0.5-2": 15.909090909090908, "tall_2+": 50.0 }, "geometry": { "type": "Point", "coordinates": [ 0.019243641896085, 51.42522419957001 ] } },
{ "type": "Feature", "properties": { "max_height": 5.7049980163574219, "mean_height": 1.8683123588562012, "std_height": 1.6283185482025146, "count_pixels": 43, "percent_cover": 0.15794886864531296, "percent_above_0.1m": 81.395348837209298, "low_level_<0.5": 6.9767441860465116, "mid_level_0.5-2": 32.558139534883722, "tall_2+": 41.860465116279073 }, "geometry": { "type": "Point", "coordinates": [ 0.019442808714443, 51.425220768487584 ] } },
{ "type": "Feature", "properties": { "max_height": 12.642494201660156, "mean_height": 7.0822610855102539, "std_height": 2.5773954391479492, "count_pixels": 42, "percent_cover": 0.1542756391419336, "percent_above_0.1m": 100.0, "low_level_<0.5": 0.0, "mid_level_0.5-2": 0.0, "tall_2+": 100.0 }, "geometry": { "type": "Point", "coordinates": [ 0.019641975491764, 51.425217337067444 ] } },
{ "type": "Feature", "properties": { "max_height": 7.3300018310546875, "mean_height": 2.4104151725769043, "std_height": 1.9169450998306274, "count_pixels": 42, "percent_cover": 0.1542756391419336, "percent_above_0.1m": 92.857142857142861, "low_level_<0.5": 9.5238095238095237, "mid_level_0.5-2": 23.809523809523807, "tall_2+": 57.142857142857139 }, "geometry": { "type": "Point", "coordinates": [ 0.019841142228035, 51.42521390530959 ] } },
{ "type": "Feature", "properties": { "max_height": 8.4874954223632812, "mean_height": 1.4588176012039185, "std_height": 1.6790845394134521, "count_pixels": 36, "percent_cover": 0.13223626212165734, "percent_above_0.1m": 83.333333333333343, "low_level_<0.5": 13.888888888888889, "mid_level_0.5-2": 44.444444444444443, "tall_2+": 25.0 }, "geometry": { "type": "Point", "coordinates": [ 0.016360466712095, 51.425381746829338 ] } },
{ "type": "Feature", "properties": { "max_height": 5.6300048828125, "mean_height": 2.7971854209899902, "std_height": 1.7291579246520996, "count_pixels": 40, "percent_cover": 0.14692918013517484, "percent_above_0.1m": 95.0, "low_level_<0.5": 7.5, "mid_level_0.5-2": 30.0, "tall_2+": 57.5 }, "geometry": { "type": "Point", "coordinates": [ 0.016559634619349, 51.425378320622002 ] } },
{ "type": "Feature", "properties": { "max_height": 1.4550018310546875, "mean_height": 0.053048484027385712, "std_height": 0.24024850130081177, "count_pixels": 41, "percent_cover": 0.15060240963855423, "percent_above_0.1m": 7.3170731707317067, "low_level_<0.5": 2.4390243902439024, "mid_level_0.5-2": 4.8780487804878048, "tall_2+": 0.0 }, "geometry": { "type": "Point", "coordinates": [ 0.016758802485626, 51.425374894076953 ] } },
{ "type": "Feature", "properties": { "max_height": 0.94000244140625, "mean_height": 0.039879936724901199, "std_height": 0.16654743254184723, "count_pixels": 42, "percent_cover": 0.1542756391419336, "percent_above_0.1m": 7.1428571428571423, "low_level_<0.5": 2.3809523809523809, "mid_level_0.5-2": 4.7619047619047619, "tall_2+": 0.0 }, "geometry": { "type": "Point", "coordinates": [ 0.016957970310912, 51.425371467194175 ] } },
{ "type": "Feature", "properties": { "max_height": 0.459991455078125, "mean_height": 0.011129106394946575, "std_height": 0.0702519491314888, "count_pixels": 42, "percent_cover": 0.1542756391419336, "percent_above_0.1m": 2.3809523809523809, "low_level_<0.5": 2.3809523809523809, "mid_level_0.5-2": 0.0, "tall_2+": 0.0 }, "geometry": { "type": "Point", "coordinates": [ 0.017157138095206, 51.425368039973669 ] } },
{ "type": "Feature", "properties": { "max_height": 0.0099945068359375, "mean_height": -0.00046734476927667856, "std_height": 0.0041843606159090996, "count_pixels": 43, "percent_cover": 0.15794886864531296, "percent_above_0.1m": 0.0, "low_level_<0.5": 0.0, "mid_level_0.5-2": 0.0, "tall_2+": 0.0 }, "geometry": { "type": "Point", "coordinates": [ 0.017356305838504, 51.425364612415457 ] } },
{ "type": "Feature", "properties": { "max_height": 0.01000213623046875, "mean_height": -0.0012801414122804999, "std_height": 0.0042241225019097328, "count_pixels": 43, "percent_cover": 0.15794886864531296, "percent_above_0.1m": 0.0, "low_level_<0.5": 0.0, "mid_level_0.5-2": 0.0, "tall_2+": 0.0 }, "geometry": { "type": "Point", "coordinates": [ 0.017555473540799, 51.425361184519524 ] } },
{ "type": "Feature", "properties": { "max_height": 0.0124969482421875, "mean_height": 0.0014200210571289062, "std_height": 0.0038582584820687771, "count_pixels": 44, "percent_cover": 0.16162209814869233, "percent_above_0.1m": 0.0, "low_level_<0.5": 0.0, "mid_level_0.5-2": 0.0, "tall_2+": 0.0 }, "geometry": { "type": "Point", "coordinates": [ 0.017754641202094, 51.425357756285884 ] } },
{ "type": "Feature", "properties": { "max_height": 0.0200042724609375, "mean_height": -1.3307083008839982e-06, "std_height": 0.0050871558487415314, "count_pixels": 43, "percent_cover": 0.15794886864531296, "percent_above_0.1m": 0.0, "low_level_<0.5": 0.0, "mid_level_0.5-2": 0.0, "tall_2+": 0.0 }, "geometry": { "type": "Point", "coordinates": [ 0.017953808822379, 51.425354327714516 ] } },
{ "type": "Feature", "properties": { "max_height": 0.0124969482421875, "mean_height": -0.00064104655757546425, "std_height": 0.0046409429050981998, "count_pixels": 43, "percent_cover": 0.15794886864531296, "percent_above_0.1m": 0.0, "low_level_<0.5": 0.0, "mid_level_0.5-2": 0.0, "tall_2+": 0.0 }, "geometry": { "type": "Point", "coordinates": [ 0.018152976401648, 51.425350898805455 ] } },
{ "type": "Feature", "properties": { "max_height": 0.01000213623046875, "mean_height": -0.0018458593403920531, "std_height": 0.0049113533459603786, "count_pixels": 42, "percent_cover": 0.1542756391419336, "percent_above_0.1m": 0.0, "low_level_<0.5": 0.0, "mid_level_0.5-2": 0.0, "tall_2+": 0.0 }, "geometry": { "type": "Point", "coordinates": [ 0.018352143939905, 51.425347469558659 ] } },
{ "type": "Feature", "properties": { "max_height": 0.02249908447265625, "mean_height": -0.00035849070991389453, "std_height": 0.0077070407569408417, "count_pixels": 42, "percent_cover": 0.1542756391419336, "percent_above_0.1m": 0.0, "low_level_<0.5": 0.0, "mid_level_0.5-2": 0.0, "tall_2+": 0.0 }, "geometry": { "type": "Point", "coordinates": [ 0.018551311437134, 51.425344039974142 ] } },
{ "type": "Feature", "properties": { "max_height": 0.012500762939453125, "mean_height": -0.0014036225620657206, "std_height": 0.0040594781748950481, "count_pixels": 41, "percent_cover": 0.15060240963855423, "percent_above_0.1m": 0.0, "low_level_<0.5": 0.0, "mid_level_0.5-2": 0.0, "tall_2+": 0.0 }, "geometry": { "type": "Point", "coordinates": [ 0.018750478893348, 51.425340610051919 ] } },
{ "type": "Feature", "properties": { "max_height": 1.217498779296875, "mean_height": 0.10505937039852142, "std_height": 0.28970527648925781, "count_pixels": 41, "percent_cover": 0.15060240963855423, "percent_above_0.1m": 14.634146341463413, "low_level_<0.5": 4.8780487804878048, "mid_level_0.5-2": 9.7560975609756095, "tall_2+": 0.0 }, "geometry": { "type": "Point", "coordinates": [ 0.018949646308521, 51.425337179791988 ] } },
{ "type": "Feature", "properties": { "max_height": 3.0774993896484375, "mean_height": 0.21062405407428741, "std_height": 0.65318846702575684, "count_pixels": 36, "percent_cover": 0.13223626212165734, "percent_above_0.1m": 19.444444444444446, "low_level_<0.5": 2.7777777777777777, "mid_level_0.5-2": 5.5555555555555554, "tall_2+": 5.5555555555555554 }, "geometry": { "type": "Point", "coordinates": [ 0.01914881368267, 51.425333749194344 ] } },
{ "type": "Feature", "properties": { "max_height": 10.437496185302734, "mean_height": 6.3639993667602539, "std_height": 2.315915584564209, "count_pixels": 40, "percent_cover": 0.14692918013517484, "percent_above_0.1m": 100.0, "low_level_<0.5": 2.5, "mid_level_0.5-2": 2.5, "tall_2+": 95.0 }, "geometry": { "type": "Point", "coordinates": [ 0.019347981015778, 51.425330318258972 ] } },
{ "type": "Feature", "properties": { "max_height": 11.595001220703125, "mean_height": 5.5095119476318359, "std_height": 3.1966924667358398, "count_pixels": 41, "percent_cover": 0.15060240963855423, "percent_above_0.1m": 100.0, "low_level_<0.5": 0.0, "mid_level_0.5-2": 14.634146341463413, "tall_2+": 85.365853658536579 }, "geometry": { "type": "Point", "coordinates": [ 0.019547148307842, 51.425326886985893 ] } },
{ "type": "Feature", "properties": { "max_height": 13.552501678466797, "mean_height": 6.1152963638305664, "std_height": 4.0137467384338379, "count_pixels": 42, "percent_cover": 0.1542756391419336, "percent_above_0.1m": 100.0, "low_level_<0.5": 4.7619047619047619, "mid_level_0.5-2": 14.285714285714285, "tall_2+": 80.952380952380949 }, "geometry": { "type": "Point", "coordinates": [ 0.019746315558866, 51.425323455375079 ] } },
{ "type": "Feature", "properties": { "max_height": 8.3600006103515625, "mean_height": 1.725172758102417, "std_height": 1.8758950233459473, "count_pixels": 43, "percent_cover": 0.15794886864531296, "percent_above_0.1m": 90.697674418604649, "low_level_<0.5": 11.627906976744185, "mid_level_0.5-2": 51.162790697674424, "tall_2+": 25.581395348837212 }, "geometry": { "type": "Point", "coordinates": [ 0.016265630714291, 51.425491294318149 ] } },
{ "type": "Feature", "properties": { "max_height": 8.6074981689453125, "mean_height": 3.509373664855957, "std_height": 2.3109531402587891, "count_pixels": 44, "percent_cover": 0.16162209814869233, "percent_above_0.1m": 100.0, "low_level_<0.5": 9.0909090909090917, "mid_level_0.5-2": 27.27272727272727, "tall_2+": 61.363636363636367 }, "geometry": { "type": "Point", "coordinates": [ 0.016464799174999, 51.425487868261285 ] } },
{ "type": "Feature", "properties": { "max_height": 3.3050003051757812, "mean_height": 0.2095920592546463, "std_height": 0.66848915815353394, "count_pixels": 43, "percent_cover": 0.15794886864531296, "percent_above_0.1m": 16.279069767441861, "low_level_<0.5": 6.9767441860465116, "mid_level_0.5-2": 4.6511627906976747, "tall_2+": 4.6511627906976747 }, "geometry": { "type": "Point", "coordinates": [ 0.016663967577394, 51.42548444186162 ] } },
{ "type": "Feature", "properties": { "max_height": 0.00749969482421875, "mean_height": -1.4532180330206756e-06, "std_height": 0.001725535374134779, "count_pixels": 42, "percent_cover": 0.1542756391419336, "percent_above_0.1m": 0.0, "low_level_<0.5": 0.0, "mid_level_0.5-2": 0.0, "tall_2+": 0.0 }, "geometry": { "type": "Point", "coordinates": [ 0.016863135922387, 51.425481015128057 ] } },
{ "type": "Feature", "properties": { "max_height": 0.01000213623046875, "mean_height": -0.00047774543054401875, "std_height": 0.002572482218965888, "count_pixels": 42, "percent_cover": 0.1542756391419336, "percent_above_0.1m": 0.0, "low_level_<0.5": 0.0, "mid_level_0.5-2": 0.0, "tall_2+": 0.0 }, "geometry": { "type": "Point", "coordinates": [ 0.017062304225789, 51.425477588056623 ] } },
{ "type": "Feature", "properties": { "max_height": 0.0099945068359375, "mean_height": 5.8988243836211041e-05, "std_height": 0.0021013482473790646, "count_pixels": 41, "percent_cover": 0.15060240963855423, "percent_above_0.1m": 0.0, "low_level_<0.5": 0.0, "mid_level_0.5-2": 0.0, "tall_2+": 0.0 }, "geometry": { "type": "Point", "coordinates": [ 0.017261472488196, 51.425474160647191 ] } },
{ "type": "Feature", "properties": { "max_height": 0.00250244140625, "mean_height": -0.00024562928592786193, "std_height": 0.0013303117593750358, "count_pixels": 41, "percent_cover": 0.15060240963855423, "percent_above_0.1m": 0.0, "low_level_<0.5": 0.0, "mid_level_0.5-2": 0.0, "tall_2+": 0.0 }, "geometry": { "type": "Point", "coordinates": [ 0.017460640709596, 51.425470732899733 ] } },
{ "type": "Feature", "properties": { "max_height": 0.00249481201171875, "mean_height": -0.00031461715116165578, "std_height": 0.0012729004956781864, "count_pixels": 40, "percent_cover": 0.14692918013517484, "percent_above_0.1m": 0.0, "low_level_<0.5": 0.0, "mid_level_0.5-2": 0.0, "tall_2+": 0.0 }, "geometry": { "type": "Point", "coordinates": [ 0.017659808889991, 51.425467304814276 ] } },
{ "type": "Feature", "properties": { "max_height": 0.007495880126953125, "mean_height": -0.00048753950977697968, "std_height": 0.0022680764086544514, "count_pixels": 36, "percent_cover": 0.13223626212165734, "percent_above_0.1m": 0.0, "low_level_<0.5": 0.0, "mid_level_0.5-2": 0.0, "tall_2+": 0.0 }, "geometry": { "type": "Point", "coordinates": [ 0.017858977029372, 51.425463876390786 ] } },
{ "type": "Feature", "properties": { "max_height": 0.009998321533203125, "mean_height": 0.00018133768753614277, "std_height": 0.0024313156027346849, "count_pixels": 41, "percent_cover": 0.15060240963855423, "percent_above_0.1m": 0.0, "low_level_<0.5": 0.0, "mid_level_0.5-2": 0.0, "tall_2+": 0.0 }, "geometry": { "type": "Point", "coordinates": [ 0.018058145127737, 51.425460447629291 ] } },
{ "type": "Feature", "properties": { "max_height": 0.00749969482421875, "mean_height": -0.00055024679750204086, "std_height": 0.0020302578341215849, "count_pixels": 41, "percent_cover": 0.15060240963855423, "percent_above_0.1m": 0.0, "low_level_<0.5": 0.0, "mid_level_0.5-2": 0.0, "tall_2+": 0.0 }, "geometry": { "type": "Point", "coordinates": [ 0.018257313185083, 51.425457018529805 ] } },
{ "type": "Feature", "properties": { "max_height": 0.005001068115234375, "mean_height": -1.6348702729374054e-06, "std_height": 0.0018902268493548036, "count_pixels": 42, "percent_cover": 0.1542756391419336, "percent_above_0.1m": 0.0, "low_level_<0.5": 0.0, "mid_level_0.5-2": 0.0, "tall_2+": 0.0 }, "geometry": { "type": "Point", "coordinates": [ 0.018456481201403, 51.425453589092307 ] } },
{ "type": "Feature", "properties": { "max_height": 0.0124969482421875, "mean_height": -0.0007152557373046875, "std_height": 0.0033314025495201349, "count_pixels": 42, "percent_cover": 0.1542756391419336, "percent_above_0.1m": 0.0, "low_level_<0.5": 0.0, "mid_level_0.5-2": 0.0, "tall_2+": 0.0 }, "geometry": { "type": "Point", "coordinates": [ 0.018655649176698, 51.425450159316775 ] } },
{ "type": "Feature", "properties": { "max_height": 0.002498626708984375, "mean_height": -0.00011816689948318526, "std_height": 0.00092631840379908681, "count_pixels": 43, "percent_cover": 0.15794886864531296, "percent_above_0.1m": 0.0, "low_level_<0.5": 0.0, "mid_level_0.5-2": 0.0, "tall_2+": 0.0 }, "geometry": { "type": "Point", "coordinates": [ 0.018854817106661, 51.425446729203898 ] } },
{ "type": "Feature", "properties": { "max_height": 0.00499725341796875, "mean_height": 0.0001149731979239732, "std_height": 0.0013159473892301321, "count_pixels": 43, "percent_cover": 0.15794886864531296, "percent_above_0.1m": 0.0, "low_level_<0.5": 0.0, "mid_level_0.5-2": 0.0, "tall_2+": 0.0 }, "geometry": { "type": "Point", "coordinates": [ 0.019053984995549, 51.425443298753301 ] } },
{ "type": "Feature", "properties": { "max_height": 13.777496337890625, "mean_height": 4.2540888786315918, "std_height": 4.9885807037353516, "count_pixels": 44, "percent_cover": 0.16162209814869233, "percent_above_0.1m": 61.363636363636367, "low_level_<0.5": 4.5454545454545459, "mid_level_0.5-2": 9.0909090909090917, "tall_2+": 45.454545454545453 }, "geometry": { "type": "Point", "coordinates": [ 0.019253152843412, 51.425439867964997 ] } },
{ "type": "Feature", "properties": { "max_height": 19.0625, "mean_height": 11.740288734436035, "std_height": 3.3049232959747314, "count_pixels": 43, "percent_cover": 0.15794886864531296, "percent_above_0.1m": 100.0, "low_level_<0.5": 0.0, "mid_level_0.5-2": 0.0, "tall_2+": 100.0 }, "geometry": { "type": "Point", "coordinates": [ 0.019452320650229, 51.425436436838979 ] } },
{ "type": "Feature", "properties": { "max_height": 6.3050003051757812, "mean_height": 3.1117839813232422, "std_height": 1.6542512178421021, "count_pixels": 42, "percent_cover": 0.1542756391419336, "percent_above_0.1m": 100.0, "low_level_<0.5": 0.0, "mid_level_0.5-2": 33.333333333333329, "tall_2+": 66.666666666666657 }, "geometry": { "type": "Point", "coordinates": [ 0.019651488415999, 51.425433005375254 ] } },
{ "type": "Feature", "properties": { "max_height": 8.24749755859375, "mean_height": 2.923609733581543, "std_height": 2.1420755386352539, "count_pixels": 36, "percent_cover": 0.13223626212165734, "percent_above_0.1m": 86.111111111111114, "low_level_<0.5": 8.3333333333333321, "mid_level_0.5-2": 11.111111111111111, "tall_2+": 66.666666666666657 }, "geometry": { "type": "Point", "coordinates": [ 0.016369961679399, 51.425597415780928 ] } },
{ "type": "Feature", "properties": { "max_height": 1.477508544921875, "mean_height": 0.072873309254646301, "std_height": 0.25790047645568848, "count_pixels": 40, "percent_cover": 0.14692918013517484, "percent_above_0.1m": 10.0, "low_level_<0.5": 5.0, "mid_level_0.5-2": 5.0, "tall_2+": 0.0 }, "geometry": { "type": "Point", "coordinates": [ 0.016569130651965, 51.425593989544346 ] } },
{ "type": "Feature", "properties": { "max_height": 0.00250244140625, "mean_height": -0.00042873475467786193, "std_height": 0.001552696106955409, "count_pixels": 41, "percent_cover": 0.15060240963855423, "percent_above_0.1m": 0.0, "low_level_<0.5": 0.0, "mid_level_0.5-2": 0.0, "tall_2+": 0.0 }, "geometry": { "type": "Point", "coordinates": [ 0.01676829957944, 51.425590562968146 ] } },
{ "type": "Feature", "properties": { "max_height": 0.0, "mean_height": -0.00089409237261861563, "std_height": 0.0030288563575595617, "count_pixels": 42, "percent_cover": 0.1542756391419336, "percent_above_0.1m": 0.0, "low_level_<0.5": 0.0, "mid_level_0.5-2": 0.0, "tall_2+": 0.0 }, "geometry": { "type": "Point", "coordinates": [ 0.016967468465872, 51.425587136053423 ] } },
{ "type": "Feature", "properties": { "max_height": 0.00249481201171875, "mean_height": -1.2715657931039459e-06, "std_height": 0.00054525182349607348, "count_pixels": 42, "percent_cover": 0.1542756391419336, "percent_above_0.1m": 0.0, "low_level_<0.5": 0.0, "mid_level_0.5-2": 0.0, "tall_2+": 0.0 }, "geometry": { "type": "Point", "coordinates": [ 0.017166637311412, 51.425583708800197 ] } },
{ "type": "Feature", "properties": { "max_height": 0.26749420166015625, "mean_height": 0.005928749218583107, "std_height": 0.040371961891651154, "count_pixels": 43, "percent_cover": 0.15794886864531296, "percent_above_0.1m": 2.3255813953488373, "low_level_<0.5": 2.3255813953488373, "mid_level_0.5-2": 0.0, "tall_2+": 0.0 }, "geometry": { "type": "Point", "coordinates": [ 0.017365806116059, 51.425580281208497 ] } },
{ "type": "Feature", "properties": { "max_height": 0.0, "mean_height": -0.00093202810967341065, "std_height": 0.0022233622148633003, "count_pixels": 43, "percent_cover": 0.15794886864531296, "percent_above_0.1m": 0.0, "low_level_<0.5": 0.0, "mid_level_0.5-2": 0.0, "tall_2+": 0.0 }, "geometry": { "type": "Point", "coordinates": [ 0.017564974879805, 51.425576853278308 ] } },
{ "type": "Feature", "properties": { "max_height": 0.00249481201171875, "mean_height": -0.0004558563232421875, "std_height": 0.0015334311174228787, "count_pixels": 44, "percent_cover": 0.16162209814869233, "percent_above_0.1m": 0.0, "low_level_<0.5": 0.0, "mid_level_0.5-2": 0.0, "tall_2+": 0.0 }, "geometry": { "type": "Point", "coordinates": [ 0.017764143602648, 51.425573425009617 ] } },
{ "type": "Feature", "properties": { "max_height": 0.00499725341796875, "mean_height": -0.00023376109311357141, "std_height": 0.0018531959503889084, "count_pixels": 43, "percent_cover": 0.15794886864531296, "percent_above_0.1m": 0.0, "low_level_<0.5": 0.0, "mid_level_0.5-2": 0.0, "tall_2+": 0.0 }, "geometry": { "type": "Point", "coordinates": [ 0.017963312284583, 51.425569996402459 ] } },
{ "type": "Feature", "properties": { "max_height": 0.0, "mean_height": -0.00046654633479192853, "std_height": 0.0012360075488686562, "count_pixels": 43, "percent_cover": 0.15794886864531296, "percent_above_0.1m": 0.0, "low_level_<0.5": 0.0, "mid_level_0.5-2": 0.0, "tall_2+": 0.0 }, "geometry": { "type": "Point", "coordinates": [ 0.018162480925608, 51.425566567456798 ] } },
{ "type": "Feature", "properties": { "max_height": 0.00749969482421875, "mean_height": -0.00017983572615776211, "std_height": 0.0019203912233933806, "count_pixels": 42, "percent_cover": 0.1542756391419336, "percent_above_0.1m": 0.0, "low_level_<0.5": 0.0, "mid_level_0.5-2": 0.0, "tall_2+": 0.0 }, "geometry": { "type": "Point", "coordinates": [ 0.018361649525713, 51.425563138172663 ] } },
{ "type": "Feature", "properties": { "max_height": 0.002498626708984375, "mean_height": -0.00041789101669564843, "std_height": 0.0015347746666520834, "count_pixels": 42, "percent_cover": 0.1542756391419336, "percent_above_0.1m": 0.0, "low_level_<0.5": 0.0, "mid_level_0.5-2": 0.0, "tall_2+": 0.0 }, "geometry": { "type": "Point", "coordinates": [ 0.018560818084904, 51.425559708550026 ] } },
{ "type": "Feature", "properties": { "max_height": 0.00499725341796875, "mean_height": -0.00061090983217582107, "std_height": 0.002261757617816329, "count_pixels": 41, "percent_cover": 0.15060240963855423, "percent_above_0.1m": 0.0, "low_level_<0.5": 0.0, "mid_level_0.5-2": 0.0, "tall_2+": 0.0 }, "geometry": { "type": "Point", "coordinates": [ 0.018759986585771, 51.425556278594122 ] } },
{ "type": "Feature", "properties": { "max_height": 0.00749969482421875, "mean_height": 0.00012048860662616789, "std_height": 0.0016521600773558021, "count_pixels": 41, "percent_cover": 0.15060240963855423, "percent_above_0.1m": 0.0, "low_level_<0.5": 0.0, "mid_level_0.5-2": 0.0, "tall_2+": 0.0 }, "geometry": { "type": "Point", "coordinates": [ 0.018959155028204, 51.425552848295773 ] } },
{ "type": "Feature", "properties": { "max_height": 0.24750137329101562, "mean_height": 0.043957073241472244, "std_height": 0.074622757732868195, "count_pixels": 36, "percent_cover": 0.13223626212165734, "percent_above_0.1m": 16.666666666666664, "low_level_<0.5": 13.888888888888889, "mid_level_0.5-2": 0.0, "tall_2+": 0.0 }, "geometry": { "type": "Point", "coordinates": [ 0.019158323429487, 51.425549417659106 ] } },
{ "type": "Feature", "properties": { "max_height": 13.650001525878906, "mean_height": 5.5124983787536621, "std_height": 3.792201042175293, "count_pixels": 40, "percent_cover": 0.14692918013517484, "percent_above_0.1m": 92.5, "low_level_<0.5": 2.5, "mid_level_0.5-2": 10.0, "tall_2+": 80.0 }, "geometry": { "type": "Point", "coordinates": [ 0.019357491789792, 51.425545986684199 ] } },
{ "type": "Feature", "properties": { "max_height": 16.702491760253906, "mean_height": 9.2785348892211914, "std_height": 4.0949306488037109, "count_pixels": 41, "percent_cover": 0.15060240963855423, "percent_above_0.1m": 100.0, "low_level_<0.5": 0.0, "mid_level_0.5-2": 7.3170731707317067, "tall_2+": 92.682926829268297 }, "geometry": { "type": "Point", "coordinates": [ 0.019556660109093, 51.425542555371059 ] } },
{ "type": "Feature", "properties": { "max_height": 6.7624969482421875, "mean_height": 2.7557549476623535, "std_height": 1.8755642175674438, "count_pixels": 43, "percent_cover": 0.15794886864531296, "percent_above_0.1m": 95.348837209302332, "low_level_<0.5": 11.627906976744185, "mid_level_0.5-2": 20.930232558139537, "tall_2+": 62.790697674418603 }, "geometry": { "type": "Point", "coordinates": [ 0.016275122870513, 51.425706963182343 ] } },
{ "type": "Feature", "properties": { "max_height": 6.8000030517578125, "mean_height": 0.54965800046920776, "std_height": 1.4509257078170776, "count_pixels": 44, "percent_cover": 0.16162209814869233, "percent_above_0.1m": 18.181818181818183, "low_level_<0.5": 0.0, "mid_level_0.5-2": 6.8181818181818175, "tall_2+": 11.363636363636363 }, "geometry": { "type": "Point", "coordinates": [ 0.016474292356361, 51.425703537110095 ] } },
{ "type": "Feature", "properties": { "max_height": 0.0, "mean_height": -0.00011692490807035938, "std_height": 0.00052603520452976227, "count_pixels": 43, "percent_cover": 0.15794886864531296, "percent_above_0.1m": 0.0, "low_level_<0.5": 0.0, "mid_level_0.5-2": 0.0, "tall_2+": 0.0 }, "geometry": { "type": "Point", "coordinates": [ 0.016673461801323, 51.425700110699054 ] } },
{ "type": "Feature", "properties": { "max_height": 0.00499725341796875, "mean_height": -0.00018038068083114922, "std_height": 0.0012671860167756677, "count_pixels": 42, "percent_cover": 0.1542756391419336, "percent_above_0.1m": 0.0, "low_level_<0.5": 0.0, "mid_level_0.5-2": 0.0, "tall_2+": 0.0 }, "geometry": { "type": "Point", "coordinates": [ 0.016872631205393, 51.425696683949219 ] } },
{ "type": "Feature", "properties": { "max_height": 0.00499725341796875, "mean_height": -0.00047829037066549063, "std_height": 0.002197878435254097, "count_pixels": 42, "percent_cover": 0.1542756391419336, "percent_above_0.1m": 0.0, "low_level_<0.5": 0.0, "mid_level_0.5-2": 0.0, "tall_2+": 0.0 }, "geometry": { "type": "Point", "coordinates": [ 0.017071800568572, 51.425693256860626 ] } },
{ "type": "Feature", "properties": { "max_height": 1.2450027465820312, "mean_height": 0.080303281545639038, "std_height": 0.26784294843673706, "count_pixels": 41, "percent_cover": 0.15060240963855423, "percent_above_0.1m": 9.7560975609756095, "low_level_<0.5": 2.4390243902439024, "mid_level_0.5-2": 7.3170731707317067, "tall_2+": 0.0 }, "geometry": { "type": "Point", "coordinates": [ 0.01727096989085, 51.425689829433232 ] } },
{ "type": "Feature", "properties": { "max_height": 0.23000335693359375, "mean_height": 0.0051209982484579086, "std_height": 0.035600777715444565, "count_pixels": 41, "percent_cover": 0.15060240963855423, "percent_above_0.1m": 2.4390243902439024, "low_level_<0.5": 2.4390243902439024, "mid_level_0.5-2": 0.0, "tall_2+": 0.0 }, "geometry": { "type": "Point", "coordinates": [ 0.017470139172228, 51.425686401667029 ] } },
{ "type": "Feature", "properties": { "max_height": 0.0, "mean_height": -0.00056371686514467001, "std_height": 0.001423971145413816, "count_pixels": 40, "percent_cover": 0.14692918013517484, "percent_above_0.1m": 0.0, "low_level_<0.5": 0.0, "mid_level_0.5-2": 0.0, "tall_2+": 0.0 }, "geometry": { "type": "Point", "coordinates": [ 0.017669308412697, 51.425682973562097 ] } },
{ "type": "Feature", "properties": { "max_height": 0.002498626708984375, "mean_height": -0.00020959641551598907, "std_height": 0.0009081659372895956, "count_pixels": 36, "percent_cover": 0.13223626212165734, "percent_above_0.1m": 0.0, "low_level_<0.5": 0.0, "mid_level_0.5-2": 0.0, "tall_2+": 0.0 }, "geometry": { "type": "Point", "coordinates": [ 0.017868477612252, 51.425679545118342 ] } },
{ "type": "Feature", "properties": { "max_height": 0.0, "mean_height": -0.0003674204635899514, "std_height": 0.0011790037387982011, "count_pixels": 41, "percent_cover": 0.15060240963855423, "percent_above_0.1m": 0.0, "low_level_<0.5": 0.0, "mid_level_0.5-2": 0.0, "tall_2+": 0.0 }, "geometry": { "type": "Point", "coordinates": [ 0.018067646770904, 51.425676116335808 ] } },
{ "type": "Feature", "properties": { "max_height": 0.002498626708984375, "mean_height": -0.00048893253551796079, "std_height": 0.002007635310292244, "count_pixels": 41, "percent_cover": 0.15060240963855423, "percent_above_0.1m": 0.0, "low_level_<0.5": 0.0, "mid_level_0.5-2": 0.0, "tall_2+": 0.0 }, "geometry": { "type": "Point", "coordinates": [ 0.018266815888624, 51.425672687214487 ] } },
{ "type": "Feature", "properties": { "max_height": 0.0, "mean_height": -0.00018001737771555781, "std_height": 0.00064342189580202103, "count_pixels": 42, "percent_cover": 0.1542756391419336, "percent_above_0.1m": 0.0, "low_level_<0.5": 0.0, "mid_level_0.5-2": 0.0, "tall_2+": 0.0 }, "geometry": { "type": "Point", "coordinates": [ 0.018465984965431, 51.4256692577544 ] } },
{ "type": "Feature", "properties": { "max_height": 0.0, "mean_height": -0.00065594626357778907, "std_height": 0.0018137043807655573, "count_pixels": 42, "percent_cover": 0.1542756391419336, "percent_above_0.1m": 0.0, "low_level_<0.5": 0.0, "mid_level_0.5-2": 0.0, "tall_2+": 0.0 }, "geometry": { "type": "Point", "coordinates": [ 0.018665154001305, 51.425665827955527 ] } },
{ "type": "Feature", "properties": { "max_height": 0.0, "mean_height": -0.00035015371395274997, "std_height": 0.0011539093684405088, "count_pixels": 43, "percent_cover": 0.15794886864531296, "percent_above_0.1m": 0.0, "low_level_<0.5": 0.0, "mid_level_0.5-2": 0.0, "tall_2+": 0.0 }, "geometry": { "type": "Point", "coordinates": [ 0.018864322996248, 51.425662397817852 ] } },
{ "type": "Feature", "properties": { "max_height": 7.2425003051757812, "mean_height": 0.59761536121368408, "std_height": 1.5717780590057373, "count_pixels": 43, "percent_cover": 0.15794886864531296, "percent_above_0.1m": 25.581395348837212, "low_level_<0.5": 9.3023255813953494, "mid_level_0.5-2": 6.9767441860465116, "tall_2+": 9.3023255813953494 }, "geometry": { "type": "Point", "coordinates": [ 0.01906349195026, 51.42565896734142 ] } },
{ "type": "Feature", "properties": { "max_height": 10.680000305175781, "mean_height": 5.2587480545043945, "std_height": 2.9368586540222168, "count_pixels": 44, "percent_cover": 0.16162209814869233, "percent_above_0.1m": 93.181818181818173, "low_level_<0.5": 2.2727272727272729, "mid_level_0.5-2": 9.0909090909090917, "tall_2+": 81.818181818181827 }, "geometry": { "type": "Point", "coordinates": [ 0.019262660863328, 51.425655536526179 ] } },
{ "type": "Feature", "properties": { "max_height": 11.607498168945312, "mean_height": 4.5874404907226562, "std_height": 2.082944393157959, "count_pixels": 43, "percent_cover": 0.15794886864531296, "percent_above_0.1m": 100.0, "low_level_<0.5": 0.0, "mid_level_0.5-2": 4.6511627906976747, "tall_2+": 93.023255813953483 }, "geometry": { "type": "Point", "coordinates": [ 0.019461829735454, 51.425652105372173 ] } },
{ "type": "Feature", "properties": { "max_height": 8.9775009155273438, "mean_height": 3.5888395309448242, "std_height": 2.2491199970245361, "count_pixels": 41, "percent_cover": 0.15060240963855423, "percent_above_0.1m": 100.0, "low_level_<0.5": 4.8780487804878048, "mid_level_0.5-2": 19.512195121951219, "tall_2+": 75.609756097560975 }, "geometry": { "type": "Point", "coordinates": [ 0.016180283589237, 51.425816510502244 ] } },
{ "type": "Feature", "properties": { "max_height": 12.657493591308594, "mean_height": 5.6819429397583008, "std_height": 3.4144062995910645, "count_pixels": 36, "percent_cover": 0.13223626212165734, "percent_above_0.1m": 97.222222222222214, "low_level_<0.5": 0.0, "mid_level_0.5-2": 16.666666666666664, "tall_2+": 80.555555555555557 }, "geometry": { "type": "Point", "coordinates": [ 0.01637945358837, 51.425813084594303 ] } },
{ "type": "Feature", "properties": { "max_height": 5.5024948120117188, "mean_height": 0.5008733868598938, "std_height": 1.2694376707077026, "count_pixels": 40, "percent_cover": 0.14692918013517484, "percent_above_0.1m": 25.0, "low_level_<0.5": 7.5, "mid_level_0.5-2": 7.5, "tall_2+": 10.0 }, "geometry": { "type": "Point", "coordinates": [ 0.016578623546619, 51.425809658347568 ] } },
{ "type": "Feature", "properties": { "max_height": 0.0, "mean_height": -0.00042873475467786193, "std_height": 0.001340916845947504, "count_pixels": 41, "percent_cover": 0.15060240963855423, "percent_above_0.1m": 0.0, "low_level_<0.5": 0.0, "mid_level_0.5-2": 0.0, "tall_2+": 0.0 }, "geometry": { "type": "Point", "coordinates": [ 0.016777793463978, 51.425806231762046 ] } },
{ "type": "Feature", "properties": { "max_height": 0.00250244140625, "mean_height": -0.00047756376443430781, "std_height": 0.0022654545027762651, "count_pixels": 42, "percent_cover": 0.1542756391419336, "percent_above_0.1m": 0.0, "low_level_<0.5": 0.0, "mid_level_0.5-2": 0.0, "tall_2+": 0.0 }, "geometry": { "type": "Point", "coordinates": [ 0.016976963340444, 51.425802804837751 ] } },
{ "type": "Feature", "properties": { "max_height": 0.00250244140625, "mean_height": -0.0001794724230421707, "std_height": 0.001004829304292798, "count_pixels": 42, "percent_cover": 0.1542756391419336, "percent_above_0.1m": 0.0, "low_level_<0.5": 0.0, "mid_level_0.5-2": 0.0, "tall_2+": 0.0 }, "geometry": { "type": "Point", "coordinates": [ 0.017176133176013, 51.42579937757467 ] } },
{ "type": "Feature", "properties": { "max_height": 0.0, "mean_height": -0.00052429910283535719, "std_height": 0.0016667579766362906, "count_pixels": 43, "percent_cover": 0.15794886864531296, "percent_above_0.1m": 0.0, "low_level_<0.5": 0.0, "mid_level_0.5-2": 0.0, "tall_2+": 0.0 }, "geometry": { "type": "Point", "coordinates": [ 0.017375302970684, 51.42579594997278 ] } },
{ "type": "Feature", "properties": { "max_height": 0.00499725341796875, "mean_height": -5.9172165492782369e-05, "std_height": 0.0014753170544281602, "count_pixels": 43, "percent_cover": 0.15794886864531296, "percent_above_0.1m": 0.0, "low_level_<0.5": 0.0, "mid_level_0.5-2": 0.0, "tall_2+": 0.0 }, "geometry": { "type": "Point", "coordinates": [ 0.017574472724445, 51.425792522032133 ] } },
{ "type": "Feature", "properties": { "max_height": 0.0, "mean_height": -0.00056951696751639247, "std_height": 0.0017565123271197081, "count_pixels": 44, "percent_cover": 0.16162209814869233, "percent_above_0.1m": 0.0, "low_level_<0.5": 0.0, "mid_level_0.5-2": 0.0, "tall_2+": 0.0 }, "geometry": { "type": "Point", "coordinates": [ 0.017773642437303, 51.425789093752691 ] } },
{ "type": "Feature", "properties": { "max_height": 0.00249481201171875, "mean_height": -0.00029222355806268752, "std_height": 0.0011057325173169374, "count_pixels": 43, "percent_cover": 0.15794886864531296, "percent_above_0.1m": 0.0, "low_level_<0.5": 0.0, "mid_level_0.5-2": 0.0, "tall_2+": 0.0 }, "geometry": { "type": "Point", "coordinates": [ 0.017972812109246, 51.425785665134462 ] } },
{ "type": "Feature", "properties": { "max_height": 0.002498626708984375, "mean_height": -5.9615733334794641e-05, "std_height": 0.00065761891892179847, "count_pixels": 43, "percent_cover": 0.15794886864531296, "percent_above_0.1m": 0.0, "low_level_<0.5": 0.0, "mid_level_0.5-2": 0.0, "tall_2+": 0.0 }, "geometry": { "type": "Point", "coordinates": [ 0.018171981740269, 51.425782236177461 ] } },
{ "type": "Feature", "properties": { "max_height": 0.005001068115234375, "mean_height": -6.0762678913306445e-05, "std_height": 0.0010193652706220746, "count_pixels": 42, "percent_cover": 0.1542756391419336, "percent_above_0.1m": 0.0, "low_level_<0.5": 0.0, "mid_level_0.5-2": 0.0, "tall_2+": 0.0 }, "geometry": { "type": "Point", "coordinates": [ 0.018371151330374, 51.425778806881652 ] } },
{ "type": "Feature", "properties": { "max_height": 0.0, "mean_height": -0.00018038068083114922, "std_height": 0.0006440264405682683, "count_pixels": 42, "percent_cover": 0.1542756391419336, "percent_above_0.1m": 0.0, "low_level_<0.5": 0.0, "mid_level_0.5-2": 0.0, "tall_2+": 0.0 }, "geometry": { "type": "Point", "coordinates": [ 0.018570320879556, 51.425775377247078 ] } },
{ "type": "Feature", "properties": { "max_height": 0.00249481201171875, "mean_height": -0.0003061992465518415, "std_height": 0.0012578414753079414, "count_pixels": 41, "percent_cover": 0.15060240963855423, "percent_above_0.1m": 0.0, "low_level_<0.5": 0.0, "mid_level_0.5-2": 0.0, "tall_2+": 0.0 }, "geometry": { "type": "Point", "coordinates": [ 0.018769490387799, 51.425771947273702 ] } },
{ "type": "Feature", "properties": { "max_height": 1.99749755859375, "mean_height": 0.090181395411491394, "std_height": 0.37266138195991516, "count_pixels": 41, "percent_cover": 0.15060240963855423, "percent_above_0.1m": 4.8780487804878048, "low_level_<0.5": 0.0, "mid_level_0.5-2": 4.8780487804878048, "tall_2+": 0.0 }, "geometry": { "type": "Point", "coordinates": [ 0.018968659855118, 51.425768516961547 ] } },
{ "type": "Feature", "properties": { "max_height": 9.49749755859375, "mean_height": 5.137845516204834, "std_height": 1.7645285129547119, "count_pixels": 36, "percent_cover": 0.13223626212165734, "percent_above_0.1m": 100.0, "low_level_<0.5": 0.0, "mid_level_0.5-2": 0.0, "tall_2+": 100.0 }, "geometry": { "type": "Point", "coordinates": [ 0.019167829281494, 51.425765086310605 ] } },
{ "type": "Feature", "properties": { "max_height": 8.9949951171875, "mean_height": 3.8737483024597168, "std_height": 2.5701899528503418, "count_pixels": 40, "percent_cover": 0.14692918013517484, "percent_above_0.1m": 100.0, "low_level_<0.5": 0.0, "mid_level_0.5-2": 30.0, "tall_2+": 67.5 }, "geometry": { "type": "Point", "coordinates": [ 0.01936699866693, 51.425761655320883 ] } },
{ "type": "Feature", "properties": { "max_height": 11.31500244140625, "mean_height": 4.6536040306091309, "std_height": 3.1831293106079102, "count_pixels": 43, "percent_cover": 0.15794886864531296, "percent_above_0.1m": 97.674418604651152, "low_level_<0.5": 0.0, "mid_level_0.5-2": 20.930232558139537, "tall_2+": 74.418604651162795 }, "geometry": { "type": "Point", "coordinates": [ 0.016085443835573, 51.425926057740611 ] } },
{ "type": "Feature", "properties": { "max_height": 13.797500610351562, "mean_height": 8.4045343399047852, "std_height": 3.1887991428375244, "count_pixels": 43, "percent_cover": 0.15794886864531296, "percent_above_0.1m": 100.0, "low_level_<0.5": 0.0, "mid_level_0.5-2": 2.3255813953488373, "tall_2+": 97.674418604651152 }, "geometry": { "type": "Point", "coordinates": [ 0.01628461434799, 51.425922631996976 ] } },
{ "type": "Feature", "properties": { "max_height": 14.447502136230469, "mean_height": 7.1292600631713867, "std_height": 3.188387393951416, "count_pixels": 44, "percent_cover": 0.16162209814869233, "percent_above_0.1m": 100.0, "low_level_<0.5": 0.0, "mid_level_0.5-2": 2.2727272727272729, "tall_2+": 97.727272727272734 }, "geometry": { "type": "Point", "coordinates": [ 0.016483784819529, 51.425919205914553 ] } },
{ "type": "Feature", "properties": { "max_height": 17.680000305175781, "mean_height": 4.2219176292419434, "std_height": 3.7870588302612305, "count_pixels": 43, "percent_cover": 0.15794886864531296, "percent_above_0.1m": 83.720930232558146, "low_level_<0.5": 0.0, "mid_level_0.5-2": 9.3023255813953494, "tall_2+": 72.093023255813947 }, "geometry": { "type": "Point", "coordinates": [ 0.016682955250175, 51.425915779493344 ] } },
{ "type": "Feature", "properties": { "max_height": 5.0224990844726562, "mean_height": 0.21749860048294067, "std_height": 0.82105726003646851, "count_pixels": 42, "percent_cover": 0.1542756391419336, "percent_above_0.1m": 14.285714285714285, "low_level_<0.5": 4.7619047619047619, "mid_level_0.5-2": 7.1428571428571423, "tall_2+": 2.3809523809523809 }, "geometry": { "type": "Point", "coordinates": [ 0.016882125639936, 51.425912352733356 ] } },
{ "type": "Feature", "properties": { "max_height": 0.01999664306640625, "mean_height": -6.158011092338711e-05, "std_height": 0.0035556275397539139, "count_pixels": 42, "percent_cover": 0.1542756391419336, "percent_above_0.1m": 0.0, "low_level_<0.5": 0.0, "mid_level_0.5-2": 0.0, "tall_2+": 0.0 }, "geometry": { "type": "Point", "coordinates": [ 0.017081295988797, 51.425908925634573 ] } },
{ "type": "Feature", "properties": { "max_height": 0.00249481201171875, "mean_height": -0.0001233728980878368, "std_height": 0.0013464688090607524, "count_pixels": 41, "percent_cover": 0.15060240963855423, "percent_above_0.1m": 0.0, "low_level_<0.5": 0.0, "mid_level_0.5-2": 0.0, "tall_2+": 0.0 }, "geometry": { "type": "Point", "coordinates": [ 0.017280466296761, 51.425905498197011 ] } },
{ "type": "Feature", "properties": { "max_height": 0.0, "mean_height": -0.00036788568831980228, "std_height": 0.001414612983353436, "count_pixels": 41, "percent_cover": 0.15060240963855423, "percent_above_0.1m": 0.0, "low_level_<0.5": 0.0, "mid_level_0.5-2": 0.0, "tall_2+": 0.0 }, "geometry": { "type": "Point", "coordinates": [ 0.017479636563823, 51.425902070420655 ] } },
{ "type": "Feature", "properties": { "max_height": 0.0, "mean_height": -0.00025119780912064016, "std_height": 0.0009355655056424439, "count_pixels": 40, "percent_cover": 0.14692918013517484, "percent_above_0.1m": 0.0, "low_level_<0.5": 0.0, "mid_level_0.5-2": 0.0, "tall_2+": 0.0 }, "geometry": { "type": "Point", "coordinates": [ 0.017678806789976, 51.425898642305519 ] } },
{ "type": "Feature", "properties": { "max_height": 0.002498626708984375, "mean_height": -0.00021002028370276093, "std_height": 0.0014876194763928652, "count_pixels": 36, "percent_cover": 0.13223626212165734, "percent_above_0.1m": 0.0, "low_level_<0.5": 0.0, "mid_level_0.5-2": 0.0, "tall_2+": 0.0 }, "geometry": { "type": "Point", "coordinates": [ 0.017877976975219, 51.425895213851604 ] } },
{ "type": "Feature", "properties": { "max_height": 0.002498626708984375, "mean_height": -0.0001233728980878368, "std_height": 0.0013468124670907855, "count_pixels": 41, "percent_cover": 0.15060240963855423, "percent_above_0.1m": 0.0, "low_level_<0.5": 0.0, "mid_level_0.5-2": 0.0, "tall_2+": 0.0 }, "geometry": { "type": "Point", "coordinates": [ 0.018077147119544, 51.425891785058887 ] } },
{ "type": "Feature", "properties": { "max_height": 0.0, "mean_height": -0.00067259627394378185, "std_height": 0.0019140546210110188, "count_pixels": 41, "percent_cover": 0.15060240963855423, "percent_above_0.1m": 0.0, "low_level_<0.5": 0.0, "mid_level_0.5-2": 0.0, "tall_2+": 0.0 }, "geometry": { "type": "Point", "coordinates": [ 0.018276317222952, 51.425888355927384 ] } },
{ "type": "Feature", "properties": { "max_height": 1.2524986267089844, "mean_height": 0.098510466516017914, "std_height": 0.2770942747592926, "count_pixels": 42, "percent_cover": 0.1542756391419336, "percent_above_0.1m": 14.285714285714285, "low_level_<0.5": 7.1428571428571423, "mid_level_0.5-2": 7.1428571428571423, "tall_2+": 0.0 }, "geometry": { "type": "Point", "coordinates": [ 0.018475487285436, 51.425884926457101 ] } },
{ "type": "Feature", "properties": { "max_height": 0.0, "mean_height": -0.00017974490765482187, "std_height": 0.00064349733293056488, "count_pixels": 42, "percent_cover": 0.1542756391419336, "percent_above_0.1m": 0.0, "low_level_<0.5": 0.0, "mid_level_0.5-2": 0.0, "tall_2+": 0.0 }, "geometry": { "type": "Point", "coordinates": [ 0.018674657306993, 51.425881496648039 ] } },
{ "type": "Feature", "properties": { "max_height": 0.0, "mean_height": -0.00040835002437233925, "std_height": 0.0013129429426044226, "count_pixels": 43, "percent_cover": 0.15794886864531296, "percent_above_0.1m": 0.0, "low_level_<0.5": 0.0, "mid_level_0.5-2": 0.0, "tall_2+": 0.0 }, "geometry": { "type": "Point", "coordinates": [ 0.018873827287617, 51.425878066500189 ] } },
{ "type": "Feature", "properties": { "max_height": 7.5600013732910156, "mean_height": 3.5289523601531982, "std_height": 2.513063907623291, "count_pixels": 43, "percent_cover": 0.15794886864531296, "percent_above_0.1m": 83.720930232558146, "low_level_<0.5": 0.0, "mid_level_0.5-2": 13.953488372093023, "tall_2+": 67.441860465116278 }, "geometry": { "type": "Point", "coordinates": [ 0.019072997227306, 51.425874636013532 ] } },
{ "type": "Feature", "properties": { "max_height": 8.6850013732910156, "mean_height": 2.9372141361236572, "std_height": 2.4721553325653076, "count_pixels": 44, "percent_cover": 0.16162209814869233, "percent_above_0.1m": 93.181818181818173, "low_level_<0.5": 6.8181818181818175, "mid_level_0.5-2": 38.636363636363633, "tall_2+": 45.454545454545453 }, "geometry": { "type": "Point", "coordinates": [ 0.019272167126052, 51.425871205188116 ] } },
{ "type": "Feature", "properties": { "max_height": 11.955001831054688, "mean_height": 3.8243296146392822, "std_height": 3.1976094245910645, "count_pixels": 41, "percent_cover": 0.15060240963855423, "percent_above_0.1m": 95.121951219512198, "low_level_<0.5": 0.0, "mid_level_0.5-2": 21.951219512195124, "tall_2+": 70.731707317073173 }, "geometry": { "type": "Point", "coordinates": [ 0.015990603609511, 51.426035604897429 ] } },
{ "type": "Feature", "properties": { "max_height": 13.347496032714844, "mean_height": 6.684633731842041, "std_height": 3.0830268859863281, "count_pixels": 41, "percent_cover": 0.15060240963855423, "percent_above_0.1m": 100.0, "low_level_<0.5": 2.4390243902439024, "mid_level_0.5-2": 12.195121951219512, "tall_2+": 85.365853658536579 }, "geometry": { "type": "Point", "coordinates": [ 0.01618977463522, 51.426032179318113 ] } },
{ "type": "Feature", "properties": { "max_height": 9.0599899291992188, "mean_height": 3.0774304866790771, "std_height": 2.2011954784393311, "count_pixels": 36, "percent_cover": 0.13223626212165734, "percent_above_0.1m": 86.111111111111114, "low_level_<0.5": 0.0, "mid_level_0.5-2": 22.222222222222221, "tall_2+": 63.888888888888886 }, "geometry": { "type": "Point", "coordinates": [ 0.016388945620047, 51.426028753400004 ] } },
{ "type": "Feature", "properties": { "max_height": 17.737503051757812, "mean_height": 7.9329366683959961, "std_height": 4.3960361480712891, "count_pixels": 40, "percent_cover": 0.14692918013517484, "percent_above_0.1m": 100.0, "low_level_<0.5": 0.0, "mid_level_0.5-2": 5.0, "tall_2+": 95.0 }, "geometry": { "type": "Point", "coordinates": [ 0.016588116563986, 51.426025327143115 ] } },
{ "type": "Feature", "properties": { "max_height": 17.802505493164062, "mean_height": 6.1138415336608887, "std_height": 4.9528117179870605, "count_pixels": 41, "percent_cover": 0.15060240963855423, "percent_above_0.1m": 97.560975609756099, "low_level_<0.5": 2.4390243902439024, "mid_level_0.5-2": 9.7560975609756095, "tall_2+": 85.365853658536579 }, "geometry": { "type": "Point", "coordinates": [ 0.01678728746704, 51.42602190054744 ] } },
{ "type": "Feature", "properties": { "max_height": 5.4449996948242188, "mean_height": 1.2668453454971313, "std_height": 1.1250454187393188, "count_pixels": 42, "percent_cover": 0.1542756391419336, "percent_above_0.1m": 88.095238095238088, "low_level_<0.5": 9.5238095238095237, "mid_level_0.5-2": 54.761904761904766, "tall_2+": 21.428571428571427 }, "geometry": { "type": "Point", "coordinates": [ 0.016986458329199, 51.426018473612977 ] } },
{ "type": "Feature", "properties": { "max_height": 0.9600067138671875, "mean_height": 0.1262490451335907, "std_height": 0.25078511238098145, "count_pixels": 42, "percent_cover": 0.1542756391419336, "percent_above_0.1m": 26.190476190476193, "low_level_<0.5": 14.285714285714285, "mid_level_0.5-2": 9.5238095238095237, "tall_2+": 0.0 }, "geometry": { "type": "Point", "coordinates": [ 0.017185629150457, 51.426015046339714 ] } },
{ "type": "Feature", "properties": { "max_height": 7.785003662109375, "mean_height": 0.8434872031211853, "std_height": 1.8355531692504883, "count_pixels": 43, "percent_cover": 0.15794886864531296, "percent_above_0.1m": 27.906976744186046, "low_level_<0.5": 4.6511627906976747, "mid_level_0.5-2": 9.3023255813953494, "tall_2+": 13.953488372093023 }, "geometry": { "type": "Point", "coordinates": [ 0.01738479993082, 51.426011618727664 ] } },
{ "type": "Feature", "properties": { "max_height": 0.0, "mean_height": -0.00069942028494551778, "std_height": 0.0018153513083234429, "count_pixels": 43, "percent_cover": 0.15794886864531296, "percent_above_0.1m": 0.0, "low_level_<0.5": 0.0, "mid_level_0.5-2": 0.0, "tall_2+": 0.0 }, "geometry": { "type": "Point", "coordinates": [ 0.017583970670273, 51.426008190776827 ] } },
{ "type": "Feature", "properties": { "max_height": 0.00249481201171875, "mean_height": -0.00011522119893925264, "std_height": 0.00091593310935422778, "count_pixels": 44, "percent_cover": 0.16162209814869233, "percent_above_0.1m": 0.0, "low_level_<0.5": 0.0, "mid_level_0.5-2": 0.0, "tall_2+": 0.0 }, "geometry": { "type": "Point", "coordinates": [ 0.017783141368816, 51.42600476248721 ] } },
{ "type": "Feature", "properties": { "max_height": 0.0, "mean_height": -0.00058276153868064284, "std_height": 0.0018554928246885538, "count_pixels": 43, "percent_cover": 0.15794886864531296, "percent_above_0.1m": 0.0, "low_level_<0.5": 0.0, "mid_level_0.5-2": 0.0, "tall_2+": 0.0 }, "geometry": { "type": "Point", "coordinates": [ 0.017982312026449, 51.426001333858807 ] } },
{ "type": "Feature", "properties": { "max_height": 0.0, "mean_height": -0.00017654063412919641, "std_height": 0.00083433679537847638, "count_pixels": 43, "percent_cover": 0.15794886864531296, "percent_above_0.1m": 0.0, "low_level_<0.5": 0.0, "mid_level_0.5-2": 0.0, "tall_2+": 0.0 }, "geometry": { "type": "Point", "coordinates": [ 0.018181482643162, 51.425997904891602 ] } },
{ "type": "Feature", "properties": { "max_height": 0.779998779296875, "mean_height": 0.018153689801692963, "std_height": 0.11898759752511978, "count_pixels": 42, "percent_cover": 0.1542756391419336, "percent_above_0.1m": 2.3809523809523809, "low_level_<0.5": 0.0, "mid_level_0.5-2": 2.3809523809523809, "tall_2+": 0.0 }, "geometry": { "type": "Point", "coordinates": [ 0.018380653218956, 51.425994475585625 ] } },
{ "type": "Feature", "properties": { "max_height": 0.00250244140625, "mean_height": -0.00018001737771555781, "std_height": 0.0012674144236370921, "count_pixels": 42, "percent_cover": 0.1542756391419336, "percent_above_0.1m": 0.0, "low_level_<0.5": 0.0, "mid_level_0.5-2": 0.0, "tall_2+": 0.0 }, "geometry": { "type": "Point", "coordinates": [ 0.018579823753817, 51.42599104594084 ] } },
{ "type": "Feature", "properties": { "max_height": 0.6974945068359375, "mean_height": 0.034632332623004913, "std_height": 0.1267598420381546, "count_pixels": 41, "percent_cover": 0.15060240963855423, "percent_above_0.1m": 7.3170731707317067, "low_level_<0.5": 4.8780487804878048, "mid_level_0.5-2": 2.4390243902439024, "tall_2+": 0.0 }, "geometry": { "type": "Point", "coordinates": [ 0.018778994247754, 51.42598761595729 ] } },
{ "type": "Feature", "properties": { "max_height": 8.220001220703125, "mean_height": 2.7677426338195801, "std_height": 2.5634808540344238, "count_pixels": 41, "percent_cover": 0.15060240963855423, "percent_above_0.1m": 75.609756097560975, "low_level_<0.5": 9.7560975609756095, "mid_level_0.5-2": 7.3170731707317067, "tall_2+": 56.09756097560976 }, "geometry": { "type": "Point", "coordinates": [ 0.018978164700756, 51.425984185634945 ] } },
{ "type": "Feature", "properties": { "max_height": 6.9599990844726562, "mean_height": 3.4111087322235107, "std_height": 1.4567235708236694, "count_pixels": 36, "percent_cover": 0.13223626212165734, "percent_above_0.1m": 100.0, "low_level_<0.5": 0.0, "mid_level_0.5-2": 19.444444444444446, "tall_2+": 80.555555555555557 }, "geometry": { "type": "Point", "coordinates": [ 0.019177335112816, 51.425980754973814 ] } },
{ "type": "Feature", "properties": { "max_height": 7.62750244140625, "mean_height": 1.354822039604187, "std_height": 1.6808456182479858, "count_pixels": 42, "percent_cover": 0.1542756391419336, "percent_above_0.1m": 90.476190476190482, "low_level_<0.5": 28.571428571428569, "mid_level_0.5-2": 33.333333333333329, "tall_2+": 23.809523809523807 }, "geometry": { "type": "Point", "coordinates": [ 0.015895762911053, 51.426145151972719 ] } },
{ "type": "Feature", "properties": { "max_height": 13.955001831054688, "mean_height": 4.4786052703857422, "std_height": 3.1111443042755127, "count_pixels": 43, "percent_cover": 0.15794886864531296, "percent_above_0.1m": 100.0, "low_level_<0.5": 4.6511627906976747, "mid_level_0.5-2": 25.581395348837212, "tall_2+": 69.767441860465112 }, "geometry": { "type": "Point", "coordinates": [ 0.016094934450051, 51.426141726557717 ] } },
{ "type": "Feature", "properties": { "max_height": 8.0149917602539062, "mean_height": 2.3240118026733398, "std_height": 2.2385897636413574, "count_pixels": 43, "percent_cover": 0.15794886864531296, "percent_above_0.1m": 88.372093023255815, "low_level_<0.5": 9.3023255813953494, "mid_level_0.5-2": 30.232558139534881, "tall_2+": 41.860465116279073 }, "geometry": { "type": "Point", "coordinates": [ 0.016294105948169, 51.426138300803927 ] } },
{ "type": "Feature", "properties": { "max_height": 17.745002746582031, "mean_height": 6.9201140403747559, "std_height": 5.5427541732788086, "count_pixels": 44, "percent_cover": 0.16162209814869233, "percent_above_0.1m": 97.727272727272734, "low_level_<0.5": 2.2727272727272729, "mid_level_0.5-2": 20.454545454545457, "tall_2+": 72.727272727272734 }, "geometry": { "type": "Point", "coordinates": [ 0.016493277405405, 51.426134874711366 ] } },
{ "type": "Feature", "properties": { "max_height": 18.139999389648438, "mean_height": 10.322965621948242, "std_height": 4.5213508605957031, "count_pixels": 43, "percent_cover": 0.15794886864531296, "percent_above_0.1m": 100.0, "low_level_<0.5": 0.0, "mid_level_0.5-2": 2.3255813953488373, "tall_2+": 97.674418604651152 }, "geometry": { "type": "Point", "coordinates": [ 0.016692448821755, 51.426131448279989 ] } },
{ "type": "Feature", "properties": { "max_height": 10.767501831054688, "mean_height": 4.1570839881896973, "std_height": 3.4270594120025635, "count_pixels": 42, "percent_cover": 0.1542756391419336, "percent_above_0.1m": 85.714285714285708, "low_level_<0.5": 4.7619047619047619, "mid_level_0.5-2": 19.047619047619047, "tall_2+": 61.904761904761905 }, "geometry": { "type": "Point", "coordinates": [ 0.016891620197207, 51.426128021509825 ] } },
{ "type": "Feature", "properties": { "max_height": 4.6350021362304688, "mean_height": 1.4667850732803345, "std_height": 1.1051617860794067, "count_pixels": 42, "percent_cover": 0.1542756391419336, "percent_above_0.1m": 100.0, "low_level_<0.5": 14.285714285714285, "mid_level_0.5-2": 57.142857142857139, "tall_2+": 28.571428571428569 }, "geometry": { "type": "Point", "coordinates": [ 0.017090791531771, 51.426124594400875 ] } },
{ "type": "Feature", "properties": { "max_height": 6.9850006103515625, "mean_height": 2.8360354900360107, "std_height": 2.1079530715942383, "count_pixels": 41, "percent_cover": 0.15060240963855423, "percent_above_0.1m": 100.0, "low_level_<0.5": 9.7560975609756095, "mid_level_0.5-2": 36.585365853658537, "tall_2+": 51.219512195121951 }, "geometry": { "type": "Point", "coordinates": [ 0.017289962825433, 51.426121166953138 ] } },
{ "type": "Feature", "properties": { "max_height": 6.7199935913085938, "mean_height": 2.1223771572113037, "std_height": 2.0025570392608643, "count_pixels": 41, "percent_cover": 0.15060240963855423, "percent_above_0.1m": 73.170731707317074, "low_level_<0.5": 0.0, "mid_level_0.5-2": 26.829268292682929, "tall_2+": 43.902439024390247 }, "geometry": { "type": "Point", "coordinates": [ 0.01748913407819, 51.426117739166621 ] } },
{ "type": "Feature", "properties": { "max_height": 0.774993896484375, "mean_height": 0.032998465001583099, "std_height": 0.12448716163635254, "count_pixels": 40, "percent_cover": 0.14692918013517484, "percent_above_0.1m": 5.0, "low_level_<0.5": 2.5, "mid_level_0.5-2": 2.5, "tall_2+": 0.0 }, "geometry": { "type": "Point", "coordinates": [ 0.017688305290039, 51.426114311041296 ] } },
{ "type": "Feature", "properties": { "max_height": 0.0, "mean_height": -0.00021002028370276093, "std_height": 0.00090806890511885285, "count_pixels": 36, "percent_cover": 0.13223626212165734, "percent_above_0.1m": 0.0, "low_level_<0.5": 0.0, "mid_level_0.5-2": 0.0, "tall_2+": 0.0 }, "geometry": { "type": "Point", "coordinates": [ 0.017887476460975, 51.426110882577198 ] } },
{ "type": "Feature", "properties": { "max_height": 0.0, "mean_height": -0.00012272159801796079, "std_height": 0.00077133579179644585, "count_pixels": 41, "percent_cover": 0.15060240963855423, "percent_above_0.1m": 0.0, "low_level_<0.5": 0.0, "mid_level_0.5-2": 0.0, "tall_2+": 0.0 }, "geometry": { "type": "Point", "coordinates": [ 0.018086647590998, 51.426107453774307 ] } },
{ "type": "Feature", "properties": { "max_height": 0.0, "mean_height": -0.00085486436728388071, "std_height": 0.0022502087522298098, "count_pixels": 41, "percent_cover": 0.15060240963855423, "percent_above_0.1m": 0.0, "low_level_<0.5": 0.0, "mid_level_0.5-2": 0.0, "tall_2+": 0.0 }, "geometry": { "type": "Point", "coordinates": [ 0.0182858186801, 51.426104024632608 ] } },
{ "type": "Feature", "properties": { "max_height": 5.7974967956542969, "mean_height": 0.40237981081008911, "std_height": 1.2201230525970459, "count_pixels": 42, "percent_cover": 0.1542756391419336, "percent_above_0.1m": 14.285714285714285, "low_level_<0.5": 2.3809523809523809, "mid_level_0.5-2": 2.3809523809523809, "tall_2+": 9.5238095238095237 }, "geometry": { "type": "Point", "coordinates": [ 0.018484989728276, 51.426100595152143 ] } },
{ "type": "Feature", "properties": { "max_height": 6.6149940490722656, "mean_height": 0.8119623064994812, "std_height": 1.7364821434020996, "count_pixels": 42, "percent_cover": 0.1542756391419336, "percent_above_0.1m": 33.333333333333329, "low_level_<0.5": 7.1428571428571423, "mid_level_0.5-2": 11.904761904761903, "tall_2+": 14.285714285714285 }, "geometry": { "type": "Point", "coordinates": [ 0.018684160735526, 51.426097165332884 ] } },
{ "type": "Feature", "properties": { "max_height": 9.3224945068359375, "mean_height": 4.0048823356628418, "std_height": 2.3555717468261719, "count_pixels": 43, "percent_cover": 0.15794886864531296, "percent_above_0.1m": 100.0, "low_level_<0.5": 6.9767441860465116, "mid_level_0.5-2": 18.604651162790699, "tall_2+": 74.418604651162795 }, "geometry": { "type": "Point", "coordinates": [ 0.01888333170184, 51.426093735174845 ] } },
{ "type": "Feature", "properties": { "max_height": 7.1699981689453125, "mean_height": 3.2748820781707764, "std_height": 2.2432901859283447, "count_pixels": 43, "percent_cover": 0.15794886864531296, "percent_above_0.1m": 90.697674418604649, "low_level_<0.5": 9.3023255813953494, "mid_level_0.5-2": 20.930232558139537, "tall_2+": 60.465116279069761 }, "geometry": { "type": "Point", "coordinates": [ 0.019082502627218, 51.426090304678006 ] } },
{ "type": "Feature", "properties": { "max_height": 11.790000915527344, "mean_height": 3.7656102180480957, "std_height": 3.4147751331329346, "count_pixels": 41, "percent_cover": 0.15060240963855423, "percent_above_0.1m": 85.365853658536579, "low_level_<0.5": 4.8780487804878048, "mid_level_0.5-2": 17.073170731707318, "tall_2+": 58.536585365853654 }, "geometry": { "type": "Point", "coordinates": [ 0.016000093792479, 51.426251273715806 ] } },
{ "type": "Feature", "properties": { "max_height": 7.342498779296875, "mean_height": 4.1485357284545898, "std_height": 2.4588010311126709, "count_pixels": 41, "percent_cover": 0.15060240963855423, "percent_above_0.1m": 92.682926829268297, "low_level_<0.5": 2.4390243902439024, "mid_level_0.5-2": 14.634146341463413, "tall_2+": 73.170731707317074 }, "geometry": { "type": "Point", "coordinates": [ 0.016199265803895, 51.426247848126316 ] } },
{ "type": "Feature", "properties": { "max_height": 9.8699951171875, "mean_height": 4.5510406494140625, "std_height": 2.6706950664520264, "count_pixels": 36, "percent_cover": 0.13223626212165734, "percent_above_0.1m": 97.222222222222214, "low_level_<0.5": 0.0, "mid_level_0.5-2": 19.444444444444446, "tall_2+": 77.777777777777786 }, "geometry": { "type": "Point", "coordinates": [ 0.016398437774428, 51.426244422198053 ] } },
{ "type": "Feature", "properties": { "max_height": 12.407501220703125, "mean_height": 5.6903738975524902, "std_height": 2.8091866970062256, "count_pixels": 40, "percent_cover": 0.14692918013517484, "percent_above_0.1m": 97.5, "low_level_<0.5": 0.0, "mid_level_0.5-2": 10.0, "tall_2+": 87.5 }, "geometry": { "type": "Point", "coordinates": [ 0.016597609704074, 51.426240995930996 ] } },
{ "type": "Feature", "properties": { "max_height": 11.922500610351562, "mean_height": 8.0463409423828125, "std_height": 2.2480926513671875, "count_pixels": 41, "percent_cover": 0.15060240963855423, "percent_above_0.1m": 100.0, "low_level_<0.5": 0.0, "mid_level_0.5-2": 0.0, "tall_2+": 100.0 }, "geometry": { "type": "Point", "coordinates": [ 0.016796781592832, 51.42623756932516 ] } },
{ "type": "Feature", "properties": { "max_height": 11.004997253417969, "mean_height": 5.1997027397155762, "std_height": 2.6509077548980713, "count_pixels": 42, "percent_cover": 0.1542756391419336, "percent_above_0.1m": 100.0, "low_level_<0.5": 0.0, "mid_level_0.5-2": 14.285714285714285, "tall_2+": 83.333333333333343 }, "geometry": { "type": "Point", "coordinates": [ 0.016995953440693, 51.426234142380515 ] } },
{ "type": "Feature", "properties": { "max_height": 5.4925003051757812, "mean_height": 2.4392273426055908, "std_height": 1.5560817718505859, "count_pixels": 42, "percent_cover": 0.1542756391419336, "percent_above_0.1m": 95.238095238095227, "low_level_<0.5": 2.3809523809523809, "mid_level_0.5-2": 33.333333333333329, "tall_2+": 57.142857142857139 }, "geometry": { "type": "Point", "coordinates": [ 0.017195125247659, 51.426230715097091 ] } },
{ "type": "Feature", "properties": { "max_height": 6.125, "mean_height": 1.8394169807434082, "std_height": 1.6425552368164062, "count_pixels": 43, "percent_cover": 0.15794886864531296, "percent_above_0.1m": 79.069767441860463, "low_level_<0.5": 2.3255813953488373, "mid_level_0.5-2": 41.860465116279073, "tall_2+": 32.558139534883722 }, "geometry": { "type": "Point", "coordinates": [ 0.017394297013721, 51.426227287474866 ] } },
{ "type": "Feature", "properties": { "max_height": 4.1699981689453125, "mean_height": 1.2865685224533081, "std_height": 1.1528078317642212, "count_pixels": 43, "percent_cover": 0.15794886864531296, "percent_above_0.1m": 79.069767441860463, "low_level_<0.5": 9.3023255813953494, "mid_level_0.5-2": 39.534883720930232, "tall_2+": 27.906976744186046 }, "geometry": { "type": "Point", "coordinates": [ 0.017593468738879, 51.426223859513854 ] } },
{ "type": "Feature", "properties": { "max_height": 4.7099990844726562, "mean_height": 0.88096469640731812, "std_height": 1.0900115966796875, "count_pixels": 44, "percent_cover": 0.16162209814869233, "percent_above_0.1m": 65.909090909090907, "low_level_<0.5": 11.363636363636363, "mid_level_0.5-2": 40.909090909090914, "tall_2+": 11.363636363636363 }, "geometry": { "type": "Point", "coordinates": [ 0.017792640423124, 51.42622043121407 ] } },
{ "type": "Feature", "properties": { "max_height": 4.4849967956542969, "mean_height": 0.34999874234199524, "std_height": 0.82683593034744263, "count_pixels": 43, "percent_cover": 0.15794886864531296, "percent_above_0.1m": 32.558139534883722, "low_level_<0.5": 11.627906976744185, "mid_level_0.5-2": 16.279069767441861, "tall_2+": 4.6511627906976747 }, "geometry": { "type": "Point", "coordinates": [ 0.017991812066457, 51.426217002575477 ] } },
{ "type": "Feature", "properties": { "max_height": 3.8675003051757812, "mean_height": 0.19651022553443909, "std_height": 0.63794982433319092, "count_pixels": 43, "percent_cover": 0.15794886864531296, "percent_above_0.1m": 16.279069767441861, "low_level_<0.5": 4.6511627906976747, "mid_level_0.5-2": 9.3023255813953494, "tall_2+": 2.3255813953488373 }, "geometry": { "type": "Point", "coordinates": [ 0.018190983668872, 51.426213573598091 ] } },
{ "type": "Feature", "properties": { "max_height": 5.2349929809570312, "mean_height": 0.53386777639389038, "std_height": 1.2779808044433594, "count_pixels": 42, "percent_cover": 0.1542756391419336, "percent_above_0.1m": 21.428571428571427, "low_level_<0.5": 7.1428571428571423, "mid_level_0.5-2": 0.0, "tall_2+": 14.285714285714285 }, "geometry": { "type": "Point", "coordinates": [ 0.01839015523036, 51.426210144281917 ] } },
{ "type": "Feature", "properties": { "max_height": 9.5649986267089844, "mean_height": 5.2424383163452148, "std_height": 2.0085775852203369, "count_pixels": 42, "percent_cover": 0.1542756391419336, "percent_above_0.1m": 100.0, "low_level_<0.5": 2.3809523809523809, "mid_level_0.5-2": 0.0, "tall_2+": 97.61904761904762 }, "geometry": { "type": "Point", "coordinates": [ 0.018589326750922, 51.426206714626964 ] } },
{ "type": "Feature", "properties": { "max_height": 8.6974945068359375, "mean_height": 4.3059735298156738, "std_height": 2.8361778259277344, "count_pixels": 41, "percent_cover": 0.15060240963855423, "percent_above_0.1m": 90.243902439024396, "low_level_<0.5": 4.8780487804878048, "mid_level_0.5-2": 12.195121951219512, "tall_2+": 73.170731707317074 }, "geometry": { "type": "Point", "coordinates": [ 0.018788498230559, 51.426203284633218 ] } },
{ "type": "Feature", "properties": { "max_height": 6.7349967956542969, "mean_height": 2.8717062473297119, "std_height": 2.1112926006317139, "count_pixels": 41, "percent_cover": 0.15060240963855423, "percent_above_0.1m": 87.804878048780495, "low_level_<0.5": 7.3170731707317067, "mid_level_0.5-2": 19.512195121951219, "tall_2+": 60.975609756097562 }, "geometry": { "type": "Point", "coordinates": [ 0.018987669669257, 51.426199854300677 ] } },
{ "type": "Feature", "properties": { "max_height": 10.254997253417969, "mean_height": 3.4775588512420654, "std_height": 3.3786861896514893, "count_pixels": 43, "percent_cover": 0.15794886864531296, "percent_above_0.1m": 67.441860465116278, "low_level_<0.5": 0.0, "mid_level_0.5-2": 11.627906976744185, "tall_2+": 55.813953488372093 }, "geometry": { "type": "Point", "coordinates": [ 0.01630359767105, 51.426353969603205 ] } },
{ "type": "Feature", "properties": { "max_height": 12.017501831054688, "mean_height": 5.5682950019836426, "std_height": 3.4395744800567627, "count_pixels": 44, "percent_cover": 0.16162209814869233, "percent_above_0.1m": 97.727272727272734, "low_level_<0.5": 2.2727272727272729, "mid_level_0.5-2": 15.909090909090908, "tall_2+": 79.545454545454547 }, "geometry": { "type": "Point", "coordinates": [ 0.016502770113996, 51.42635054350049 ] } },
{ "type": "Feature", "properties": { "max_height": 10.474998474121094, "mean_height": 6.6284294128417969, "std_height": 1.8978016376495361, "count_pixels": 43, "percent_cover": 0.15794886864531296, "percent_above_0.1m": 100.0, "low_level_<0.5": 0.0, "mid_level_0.5-2": 0.0, "tall_2+": 100.0 }, "geometry": { "type": "Point", "coordinates": [ 0.016701942516058, 51.426347117058953 ] } },
{ "type": "Feature", "properties": { "max_height": 11.050003051757812, "mean_height": 7.0687503814697266, "std_height": 2.2795724868774414, "count_pixels": 42, "percent_cover": 0.1542756391419336, "percent_above_0.1m": 100.0, "low_level_<0.5": 0.0, "mid_level_0.5-2": 0.0, "tall_2+": 100.0 }, "geometry": { "type": "Point", "coordinates": [ 0.016901114877222, 51.426343690278621 ] } },
{ "type": "Feature", "properties": { "max_height": 10.327499389648438, "mean_height": 3.9211905002593994, "std_height": 3.0521945953369141, "count_pixels": 42, "percent_cover": 0.1542756391419336, "percent_above_0.1m": 100.0, "low_level_<0.5": 7.1428571428571423, "mid_level_0.5-2": 26.190476190476193, "tall_2+": 66.666666666666657 }, "geometry": { "type": "Point", "coordinates": [ 0.017100287197495, 51.426340263159503 ] } },
{ "type": "Feature", "properties": { "max_height": 9.8449935913085938, "mean_height": 4.8839626312255859, "std_height": 2.5881266593933105, "count_pixels": 41, "percent_cover": 0.15060240963855423, "percent_above_0.1m": 100.0, "low_level_<0.5": 0.0, "mid_level_0.5-2": 12.195121951219512, "tall_2+": 87.804878048780495 }, "geometry": { "type": "Point", "coordinates": [ 0.017299459476864, 51.426336835701598 ] } },
{ "type": "Feature", "properties": { "max_height": 9.6149978637695312, "mean_height": 4.3628034591674805, "std_height": 3.1135416030883789, "count_pixels": 41, "percent_cover": 0.15060240963855423, "percent_above_0.1m": 92.682926829268297, "low_level_<0.5": 12.195121951219512, "mid_level_0.5-2": 14.634146341463413, "tall_2+": 65.853658536585371 }, "geometry": { "type": "Point", "coordinates": [ 0.017498631715331, 51.426333407904906 ] } },
{ "type": "Feature", "properties": { "max_height": 5.910003662109375, "mean_height": 2.4886860847473145, "std_height": 1.6251755952835083, "count_pixels": 40, "percent_cover": 0.14692918013517484, "percent_above_0.1m": 97.5, "low_level_<0.5": 7.5, "mid_level_0.5-2": 37.5, "tall_2+": 52.5 }, "geometry": { "type": "Point", "coordinates": [ 0.01769780391289, 51.426329979769392 ] } },
{ "type": "Feature", "properties": { "max_height": 5.125, "mean_height": 1.6734004020690918, "std_height": 0.84895771741867065, "count_pixels": 36, "percent_cover": 0.13223626212165734, "percent_above_0.1m": 100.0, "low_level_<0.5": 0.0, "mid_level_0.5-2": 80.555555555555557, "tall_2+": 19.444444444444446 }, "geometry": { "type": "Point", "coordinates": [ 0.017896976069534, 51.426326551295105 ] } },
{ "type": "Feature", "properties": { "max_height": 3.0474967956542969, "mean_height": 0.63835239410400391, "std_height": 0.76564717292785645, "count_pixels": 41, "percent_cover": 0.15060240963855423, "percent_above_0.1m": 58.536585365853654, "low_level_<0.5": 12.195121951219512, "mid_level_0.5-2": 41.463414634146339, "tall_2+": 4.8780487804878048 }, "geometry": { "type": "Point", "coordinates": [ 0.018096148185257, 51.426323122482039 ] } },
{ "type": "Feature", "properties": { "max_height": 4.55999755859375, "mean_height": 0.77786505222320557, "std_height": 0.84864568710327148, "count_pixels": 41, "percent_cover": 0.15060240963855423, "percent_above_0.1m": 78.048780487804876, "low_level_<0.5": 12.195121951219512, "mid_level_0.5-2": 58.536585365853654, "tall_2+": 7.3170731707317067 }, "geometry": { "type": "Point", "coordinates": [ 0.018295320260071, 51.426319693330171 ] } },
{ "type": "Feature", "properties": { "max_height": 6.4850044250488281, "mean_height": 2.3339269161224365, "std_height": 1.7888346910476685, "count_pixels": 42, "percent_cover": 0.1542756391419336, "percent_above_0.1m": 83.333333333333343, "low_level_<0.5": 4.7619047619047619, "mid_level_0.5-2": 30.952380952380953, "tall_2+": 47.619047619047613 }, "geometry": { "type": "Point", "coordinates": [ 0.018494492293949, 51.426316263839517 ] } },
{ "type": "Feature", "properties": { "max_height": 8.1624946594238281, "mean_height": 5.5319623947143555, "std_height": 1.7329788208007812, "count_pixels": 42, "percent_cover": 0.1542756391419336, "percent_above_0.1m": 100.0, "low_level_<0.5": 0.0, "mid_level_0.5-2": 4.7619047619047619, "tall_2+": 95.238095238095227 }, "geometry": { "type": "Point", "coordinates": [ 0.018693664286903, 51.426312834010062 ] } },
{ "type": "Feature", "properties": { "max_height": 8.1674957275390625, "mean_height": 2.095289945602417, "std_height": 1.8730695247650146, "count_pixels": 43, "percent_cover": 0.15794886864531296, "percent_above_0.1m": 88.372093023255815, "low_level_<0.5": 6.9767441860465116, "mid_level_0.5-2": 39.534883720930232, "tall_2+": 41.860465116279073 }, "geometry": { "type": "Point", "coordinates": [ 0.018892836238922, 51.426309403841827 ] } },
{ "type": "Feature", "properties": { "max_height": 11.077499389648438, "mean_height": 3.7502505779266357, "std_height": 3.7884399890899658, "count_pixels": 40, "percent_cover": 0.14692918013517484, "percent_above_0.1m": 72.5, "low_level_<0.5": 10.0, "mid_level_0.5-2": 5.0, "tall_2+": 52.5 }, "geometry": { "type": "Point", "coordinates": [ 0.016607102966882, 51.426456664711218 ] } },
{ "type": "Feature", "properties": { "max_height": 12.127494812011719, "mean_height": 8.5443897247314453, "std_height": 1.9720077514648438, "count_pixels": 41, "percent_cover": 0.15060240963855423, "percent_above_0.1m": 100.0, "low_level_<0.5": 0.0, "mid_level_0.5-2": 0.0, "tall_2+": 100.0 }, "geometry": { "type": "Point", "coordinates": [ 0.016806275841355, 51.426453238095192 ] } },
{ "type": "Feature", "properties": { "max_height": 14.372505187988281, "mean_height": 6.5580348968505859, "std_height": 2.9043731689453125, "count_pixels": 42, "percent_cover": 0.1542756391419336, "percent_above_0.1m": 100.0, "low_level_<0.5": 2.3809523809523809, "mid_level_0.5-2": 4.7619047619047619, "tall_2+": 92.857142857142861 }, "geometry": { "type": "Point", "coordinates": [ 0.017005448674937, 51.426449811140387 ] } },
{ "type": "Feature", "properties": { "max_height": 9.9474945068359375, "mean_height": 4.2787504196166992, "std_height": 2.4462728500366211, "count_pixels": 42, "percent_cover": 0.1542756391419336, "percent_above_0.1m": 97.61904761904762, "low_level_<0.5": 0.0, "mid_level_0.5-2": 16.666666666666664, "tall_2+": 80.952380952380949 }, "geometry": { "type": "Point", "coordinates": [ 0.017204621467614, 51.426446383846795 ] } },
{ "type": "Feature", "properties": { "max_height": 10.730003356933594, "mean_height": 6.2522091865539551, "std_height": 2.2042562961578369, "count_pixels": 43, "percent_cover": 0.15794886864531296, "percent_above_0.1m": 100.0, "low_level_<0.5": 0.0, "mid_level_0.5-2": 2.3255813953488373, "tall_2+": 97.674418604651152 }, "geometry": { "type": "Point", "coordinates": [ 0.017403794219393, 51.426442956214409 ] } },
{ "type": "Feature", "properties": { "max_height": 5.0374984741210938, "mean_height": 1.378893256187439, "std_height": 1.2513246536254883, "count_pixels": 43, "percent_cover": 0.15794886864531296, "percent_above_0.1m": 83.720930232558146, "low_level_<0.5": 9.3023255813953494, "mid_level_0.5-2": 44.186046511627907, "tall_2+": 30.232558139534881 }, "geometry": { "type": "Point", "coordinates": [ 0.017602966930265, 51.426439528243222 ] } },
{ "type": "Feature", "properties": { "max_height": 5.9199981689453125, "mean_height": 2.3803391456604004, "std_height": 1.5227370262145996, "count_pixels": 44, "percent_cover": 0.16162209814869233, "percent_above_0.1m": 100.0, "low_level_<0.5": 6.8181818181818175, "mid_level_0.5-2": 40.909090909090914, "tall_2+": 52.272727272727273 }, "geometry": { "type": "Point", "coordinates": [ 0.017802139600221, 51.426436099933234 ] } },
{ "type": "Feature", "properties": { "max_height": 6.5550003051757812, "mean_height": 1.4399405717849731, "std_height": 1.3742662668228149, "count_pixels": 43, "percent_cover": 0.15794886864531296, "percent_above_0.1m": 81.395348837209298, "low_level_<0.5": 9.3023255813953494, "mid_level_0.5-2": 55.813953488372093, "tall_2+": 16.279069767441861 }, "geometry": { "type": "Point", "coordinates": [ 0.018001312229272, 51.426432671284473 ] } },
{ "type": "Feature", "properties": { "max_height": 5.0475006103515625, "mean_height": 0.88278919458389282, "std_height": 1.299443244934082, "count_pixels": 43, "percent_cover": 0.15794886864531296, "percent_above_0.1m": 65.116279069767444, "low_level_<0.5": 13.953488372093023, "mid_level_0.5-2": 23.255813953488371, "tall_2+": 18.604651162790699 }, "geometry": { "type": "Point", "coordinates": [ 0.018200484817393, 51.426429242296912 ] } },
{ "type": "Feature", "properties": { "max_height": 7.1324996948242188, "mean_height": 3.6501181125640869, "std_height": 1.8618686199188232, "count_pixels": 42, "percent_cover": 0.1542756391419336, "percent_above_0.1m": 100.0, "low_level_<0.5": 4.7619047619047619, "mid_level_0.5-2": 14.285714285714285, "tall_2+": 80.952380952380949 }, "geometry": { "type": "Point", "coordinates": [ 0.018399657364595, 51.426425812970557 ] } },
{ "type": "Feature", "properties": { "max_height": 7.2049980163574219, "mean_height": 3.6720817089080811, "std_height": 1.4182910919189453, "count_pixels": 42, "percent_cover": 0.1542756391419336, "percent_above_0.1m": 100.0, "low_level_<0.5": 0.0, "mid_level_0.5-2": 9.5238095238095237, "tall_2+": 90.476190476190482 }, "geometry": { "type": "Point", "coordinates": [ 0.018598829870874, 51.426422383305415 ] } },
{ "type": "Feature", "properties": { "max_height": 4.6225051879882812, "mean_height": 1.287621021270752, "std_height": 1.2011075019836426, "count_pixels": 41, "percent_cover": 0.15060240963855423, "percent_above_0.1m": 82.926829268292678, "low_level_<0.5": 12.195121951219512, "mid_level_0.5-2": 34.146341463414636, "tall_2+": 31.707317073170731 }, "geometry": { "type": "Point", "coordinates": [ 0.018798002336215, 51.426418953301457 ] } },
{ "type": "Feature", "properties": { "max_height": 6.1250076293945312, "mean_height": 1.6797692775726318, "std_height": 1.5000110864639282, "count_pixels": 43, "percent_cover": 0.15794886864531296, "percent_above_0.1m": 88.372093023255815, "low_level_<0.5": 2.3255813953488373, "mid_level_0.5-2": 51.162790697674424, "tall_2+": 30.232558139534881 }, "geometry": { "type": "Point", "coordinates": [ 0.016711436333088, 51.426562785830242 ] } },
{ "type": "Feature", "properties": { "max_height": 16.114997863769531, "mean_height": 4.7235116958618164, "std_height": 3.3102283477783203, "count_pixels": 42, "percent_cover": 0.1542756391419336, "percent_above_0.1m": 100.0, "low_level_<0.5": 2.3809523809523809, "mid_level_0.5-2": 21.428571428571427, "tall_2+": 76.19047619047619 }, "geometry": { "type": "Point", "coordinates": [ 0.016910609679977, 51.426559359039743 ] } },
{ "type": "Feature", "properties": { "max_height": 18.852500915527344, "mean_height": 10.231012344360352, "std_height": 5.1673493385314941, "count_pixels": 42, "percent_cover": 0.1542756391419336, "percent_above_0.1m": 100.0, "low_level_<0.5": 0.0, "mid_level_0.5-2": 4.7619047619047619, "tall_2+": 95.238095238095227 }, "geometry": { "type": "Point", "coordinates": [ 0.017109782985966, 51.426555931910471 ] } },
{ "type": "Feature", "properties": { "max_height": 13.115005493164062, "mean_height": 6.8281092643737793, "std_height": 2.7226927280426025, "count_pixels": 41, "percent_cover": 0.15060240963855423, "percent_above_0.1m": 100.0, "low_level_<0.5": 2.4390243902439024, "mid_level_0.5-2": 2.4390243902439024, "tall_2+": 95.121951219512198 }, "geometry": { "type": "Point", "coordinates": [ 0.017308956251061, 51.426552504442384 ] } },
{ "type": "Feature", "properties": { "max_height": 8.8274993896484375, "mean_height": 3.5631082057952881, "std_height": 2.5452096462249756, "count_pixels": 41, "percent_cover": 0.15060240963855423, "percent_above_0.1m": 95.121951219512198, "low_level_<0.5": 12.195121951219512, "mid_level_0.5-2": 17.073170731707318, "tall_2+": 65.853658536585371 }, "geometry": { "type": "Point", "coordinates": [ 0.017508129475249, 51.426549076635503 ] } },
{ "type": "Feature", "properties": { "max_height": 9.1199951171875, "mean_height": 2.5257482528686523, "std_height": 2.9491159915924072, "count_pixels": 40, "percent_cover": 0.14692918013517484, "percent_above_0.1m": 67.5, "low_level_<0.5": 7.5, "mid_level_0.5-2": 15.0, "tall_2+": 42.5 }, "geometry": { "type": "Point", "coordinates": [ 0.017707302658524, 51.426545648489828 ] } },
{ "type": "Feature", "properties": { "max_height": 6.8624992370605469, "mean_height": 2.1624288558959961, "std_height": 2.2098388671875, "count_pixels": 36, "percent_cover": 0.13223626212165734, "percent_above_0.1m": 66.666666666666657, "low_level_<0.5": 2.7777777777777777, "mid_level_0.5-2": 22.222222222222221, "tall_2+": 41.666666666666671 }, "geometry": { "type": "Point", "coordinates": [ 0.01790647580089, 51.426542220005373 ] } },
{ "type": "Feature", "properties": { "max_height": 7.524993896484375, "mean_height": 3.2892661094665527, "std_height": 1.6532046794891357, "count_pixels": 41, "percent_cover": 0.15060240963855423, "percent_above_0.1m": 100.0, "low_level_<0.5": 0.0, "mid_level_0.5-2": 17.073170731707318, "tall_2+": 82.926829268292678 }, "geometry": { "type": "Point", "coordinates": [ 0.018105648902334, 51.426538791182118 ] } },
{ "type": "Feature", "properties": { "max_height": 6.8824920654296875, "mean_height": 2.4198148250579834, "std_height": 1.9461449384689331, "count_pixels": 41, "percent_cover": 0.15060240963855423, "percent_above_0.1m": 85.365853658536579, "low_level_<0.5": 7.3170731707317067, "mid_level_0.5-2": 24.390243902439025, "tall_2+": 51.219512195121951 }, "geometry": { "type": "Point", "coordinates": [ 0.018304821962864, 51.426535362020054 ] } },
{ "type": "Feature", "properties": { "max_height": 14.327503204345703, "mean_height": 6.7224388122558594, "std_height": 3.1317653656005859, "count_pixels": 42, "percent_cover": 0.1542756391419336, "percent_above_0.1m": 100.0, "low_level_<0.5": 0.0, "mid_level_0.5-2": 4.7619047619047619, "tall_2+": 95.238095238095227 }, "geometry": { "type": "Point", "coordinates": [ 0.018503994982458, 51.426531932519218 ] } },
{ "type": "Feature", "properties": { "max_height": 5.6449928283691406, "mean_height": 1.0829747915267944, "std_height": 1.1592713594436646, "count_pixels": 42, "percent_cover": 0.1542756391419336, "percent_above_0.1m": 85.714285714285708, "low_level_<0.5": 21.428571428571427, "mid_level_0.5-2": 45.238095238095241, "tall_2+": 19.047619047619047 }, "geometry": { "type": "Point", "coordinates": [ 0.018703167961131, 51.426528502679588 ] } },
{ "type": "Feature", "properties": { "max_height": 5.25, "mean_height": 1.3632146120071411, "std_height": 1.5565403699874878, "count_pixels": 42, "percent_cover": 0.1542756391419336, "percent_above_0.1m": 71.428571428571431, "low_level_<0.5": 14.285714285714285, "mid_level_0.5-2": 23.809523809523807, "tall_2+": 30.952380952380953 }, "geometry": { "type": "Point", "coordinates": [ 0.017014944031921, 51.426665479892598 ] } },
{ "type": "Feature", "properties": { "max_height": 14.644989013671875, "mean_height": 5.5146431922912598, "std_height": 4.809603214263916, "count_pixels": 42, "percent_cover": 0.1542756391419336, "percent_above_0.1m": 83.333333333333343, "low_level_<0.5": 2.3809523809523809, "mid_level_0.5-2": 11.904761904761903, "tall_2+": 69.047619047619051 }, "geometry": { "type": "Point", "coordinates": [ 0.017214117810332, 51.426662052588824 ] } },
{ "type": "Feature", "properties": { "max_height": 11.185005187988281, "mean_height": 6.2779073715209961, "std_height": 3.4451584815979004, "count_pixels": 43, "percent_cover": 0.15794886864531296, "percent_above_0.1m": 97.674418604651152, "low_level_<0.5": 4.6511627906976747, "mid_level_0.5-2": 9.3023255813953494, "tall_2+": 81.395348837209298 }, "geometry": { "type": "Point", "coordinates": [ 0.017413291547836, 51.42665862494627 ] } },
{ "type": "Feature", "properties": { "max_height": 10.802497863769531, "mean_height": 6.0070347785949707, "std_height": 2.6214292049407959, "count_pixels": 43, "percent_cover": 0.15794886864531296, "percent_above_0.1m": 97.674418604651152, "low_level_<0.5": 0.0, "mid_level_0.5-2": 9.3023255813953494, "tall_2+": 88.372093023255815 }, "geometry": { "type": "Point", "coordinates": [ 0.017612465244432, 51.426655196964902 ] } },
{ "type": "Feature", "properties": { "max_height": 9.18499755859375, "mean_height": 5.719487190246582, "std_height": 2.3255548477172852, "count_pixels": 44, "percent_cover": 0.16162209814869233, "percent_above_0.1m": 100.0, "low_level_<0.5": 0.0, "mid_level_0.5-2": 11.363636363636363, "tall_2+": 88.63636363636364 }, "geometry": { "type": "Point", "coordinates": [ 0.017811638900119, 51.42665176864476 ] } },
{ "type": "Feature", "properties": { "max_height": 10.989997863769531, "mean_height": 6.4766845703125, "std_height": 2.2235960960388184, "count_pixels": 43, "percent_cover": 0.15794886864531296, "percent_above_0.1m": 100.0, "low_level_<0.5": 0.0, "mid_level_0.5-2": 4.6511627906976747, "tall_2+": 95.348837209302332 }, "geometry": { "type": "Point", "coordinates": [ 0.01801081251489, 51.42664833998581 ] } },
{ "type": "Feature", "properties": { "max_height": 16.4949951171875, "mean_height": 5.8684277534484863, "std_height": 4.4756412506103516, "count_pixels": 43, "percent_cover": 0.15794886864531296, "percent_above_0.1m": 90.697674418604649, "low_level_<0.5": 4.6511627906976747, "mid_level_0.5-2": 11.627906976744185, "tall_2+": 74.418604651162795 }, "geometry": { "type": "Point", "coordinates": [ 0.018209986088737, 51.426644910988053 ] } },
{ "type": "Feature", "properties": { "max_height": 12.212501525878906, "mean_height": 5.3652372360229492, "std_height": 2.882340669631958, "count_pixels": 42, "percent_cover": 0.1542756391419336, "percent_above_0.1m": 100.0, "low_level_<0.5": 2.3809523809523809, "mid_level_0.5-2": 14.285714285714285, "tall_2+": 83.333333333333343 }, "geometry": { "type": "Point", "coordinates": [ 0.018409159621664, 51.426641481651501 ] } },
{ "type": "Feature", "properties": { "max_height": 6.8474998474121094, "mean_height": 0.93904614448547363, "std_height": 1.4787712097167969, "count_pixels": 42, "percent_cover": 0.1542756391419336, "percent_above_0.1m": 59.523809523809526, "low_level_<0.5": 16.666666666666664, "mid_level_0.5-2": 26.190476190476193, "tall_2+": 14.285714285714285 }, "geometry": { "type": "Point", "coordinates": [ 0.018608333113661, 51.426638051976184 ] } },
{ "type": "Feature", "properties": { "max_height": 7.8100051879882812, "mean_height": 3.3361315727233887, "std_height": 2.3212037086486816, "count_pixels": 42, "percent_cover": 0.1542756391419336, "percent_above_0.1m": 80.952380952380949, "low_level_<0.5": 0.0, "mid_level_0.5-2": 14.285714285714285, "tall_2+": 66.666666666666657 }, "geometry": { "type": "Point", "coordinates": [ 0.017119278897199, 51.426771600653758 ] } },
{ "type": "Feature", "properties": { "max_height": 9.1374969482421875, "mean_height": 3.1971957683563232, "std_height": 2.5613112449645996, "count_pixels": 41, "percent_cover": 0.15060240963855423, "percent_above_0.1m": 87.804878048780495, "low_level_<0.5": 7.3170731707317067, "mid_level_0.5-2": 14.634146341463413, "tall_2+": 63.414634146341463 }, "geometry": { "type": "Point", "coordinates": [ 0.017318453148023, 51.426768173175496 ] } },
{ "type": "Feature", "properties": { "max_height": 12.425003051757812, "mean_height": 5.6151823997497559, "std_height": 2.9465141296386719, "count_pixels": 41, "percent_cover": 0.15060240963855423, "percent_above_0.1m": 95.121951219512198, "low_level_<0.5": 0.0, "mid_level_0.5-2": 9.7560975609756095, "tall_2+": 85.365853658536579 }, "geometry": { "type": "Point", "coordinates": [ 0.017517627357942, 51.426764745358447 ] } },
{ "type": "Feature", "properties": { "max_height": 11.86749267578125, "mean_height": 5.5171232223510742, "std_height": 2.8847358226776123, "count_pixels": 40, "percent_cover": 0.14692918013517484, "percent_above_0.1m": 97.5, "low_level_<0.5": 5.0, "mid_level_0.5-2": 2.5, "tall_2+": 87.5 }, "geometry": { "type": "Point", "coordinates": [ 0.017716801526952, 51.426761317202612 ] } },
{ "type": "Feature", "properties": { "max_height": 14.177497863769531, "mean_height": 5.2525677680969238, "std_height": 3.9312548637390137, "count_pixels": 36, "percent_cover": 0.13223626212165734, "percent_above_0.1m": 86.111111111111114, "low_level_<0.5": 5.5555555555555554, "mid_level_0.5-2": 2.7777777777777777, "tall_2+": 75.0 }, "geometry": { "type": "Point", "coordinates": [ 0.017915975655046, 51.426757888707961 ] } },
{ "type": "Feature", "properties": { "max_height": 16.575000762939453, "mean_height": 8.0823144912719727, "std_height": 4.0834970474243164, "count_pixels": 41, "percent_cover": 0.15060240963855423, "percent_above_0.1m": 100.0, "low_level_<0.5": 0.0, "mid_level_0.5-2": 7.3170731707317067, "tall_2+": 92.682926829268297 }, "geometry": { "type": "Point", "coordinates": [ 0.018115149742227, 51.42675445987453 ] } },
{ "type": "Feature", "properties": { "max_height": 17.834999084472656, "mean_height": 10.653107643127441, "std_height": 4.871495246887207, "count_pixels": 41, "percent_cover": 0.15060240963855423, "percent_above_0.1m": 100.0, "low_level_<0.5": 2.4390243902439024, "mid_level_0.5-2": 2.4390243902439024, "tall_2+": 95.121951219512198 }, "geometry": { "type": "Point", "coordinates": [ 0.018314323788479, 51.426751030702285 ] } },
{ "type": "Feature", "properties": { "max_height": 11.072494506835938, "mean_height": 1.6647012233734131, "std_height": 2.6883885860443115, "count_pixels": 42, "percent_cover": 0.1542756391419336, "percent_above_0.1m": 73.80952380952381, "low_level_<0.5": 7.1428571428571423, "mid_level_0.5-2": 38.095238095238095, "tall_2+": 23.809523809523807 }, "geometry": { "type": "Point", "coordinates": [ 0.018513497793808, 51.426747601191252 ] } },
{ "type": "Feature", "properties": { "max_height": 12.472503662109375, "mean_height": 4.5499424934387207, "std_height": 3.511646032333374, "count_pixels": 43, "percent_cover": 0.15794886864531296, "percent_above_0.1m": 90.697674418604649, "low_level_<0.5": 6.9767441860465116, "mid_level_0.5-2": 11.627906976744185, "tall_2+": 69.767441860465112 }, "geometry": { "type": "Point", "coordinates": [ 0.017422788999048, 51.426874293670458 ] } },
{ "type": "Feature", "properties": { "max_height": 13.139999389648438, "mean_height": 7.8131985664367676, "std_height": 3.6695430278778076, "count_pixels": 43, "percent_cover": 0.15794886864531296, "percent_above_0.1m": 100.0, "low_level_<0.5": 0.0, "mid_level_0.5-2": 9.3023255813953494, "tall_2+": 90.697674418604649 }, "geometry": { "type": "Point", "coordinates": [ 0.017621963681388, 51.426870865678929 ] } },
{ "type": "Feature", "properties": { "max_height": 13.454994201660156, "mean_height": 8.4049997329711914, "std_height": 3.3067841529846191, "count_pixels": 44, "percent_cover": 0.16162209814869233, "percent_above_0.1m": 100.0, "low_level_<0.5": 0.0, "mid_level_0.5-2": 2.2727272727272729, "tall_2+": 97.727272727272734 }, "geometry": { "type": "Point", "coordinates": [ 0.017821138322809, 51.426867437348598 ] } },
{ "type": "Feature", "properties": { "max_height": 8.279998779296875, "mean_height": 3.1772077083587646, "std_height": 1.9379507303237915, "count_pixels": 43, "percent_cover": 0.15794886864531296, "percent_above_0.1m": 100.0, "low_level_<0.5": 2.3255813953488373, "mid_level_0.5-2": 27.906976744186046, "tall_2+": 69.767441860465112 }, "geometry": { "type": "Point", "coordinates": [ 0.018020312923316, 51.426864008679452 ] } },
{ "type": "Feature", "properties": { "max_height": 8.8799972534179688, "mean_height": 2.0839507579803467, "std_height": 2.2253351211547852, "count_pixels": 43, "percent_cover": 0.15794886864531296, "percent_above_0.1m": 79.069767441860463, "low_level_<0.5": 9.3023255813953494, "mid_level_0.5-2": 34.883720930232556, "tall_2+": 34.883720930232556 }, "geometry": { "type": "Point", "coordinates": [ 0.018219487482904, 51.426860579671548 ] } },
{ "type": "Feature", "properties": { "max_height": 9.9775009155273438, "mean_height": 3.1107723712921143, "std_height": 2.7956066131591797, "count_pixels": 42, "percent_cover": 0.1542756391419336, "percent_above_0.1m": 78.571428571428569, "low_level_<0.5": 7.1428571428571423, "mid_level_0.5-2": 11.904761904761903, "tall_2+": 59.523809523809526 }, "geometry": { "type": "Point", "coordinates": [ 0.018418662001564, 51.426857150324814 ] } },
{ "type": "Feature", "properties": { "max_height": 11.340003967285156, "mean_height": 3.1610431671142578, "std_height": 3.5723719596862793, "count_pixels": 36, "percent_cover": 0.13223626212165734, "percent_above_0.1m": 75.0, "low_level_<0.5": 11.111111111111111, "mid_level_0.5-2": 22.222222222222221, "tall_2+": 41.666666666666671 }, "geometry": { "type": "Point", "coordinates": [ 0.017925475632009, 51.426973557402881 ] } },
{ "type": "Feature", "properties": { "max_height": 7.0825042724609375, "mean_height": 2.9514021873474121, "std_height": 1.7958660125732422, "count_pixels": 41, "percent_cover": 0.15060240963855423, "percent_above_0.1m": 97.560975609756099, "low_level_<0.5": 7.3170731707317067, "mid_level_0.5-2": 26.829268292682929, "tall_2+": 63.414634146341463 }, "geometry": { "type": "Point", "coordinates": [ 0.018124650704928, 51.426970128559269 ] } },
{ "type": "Feature", "properties": { "max_height": 7.3774948120117188, "mean_height": 2.7785351276397705, "std_height": 2.5537652969360352, "count_pixels": 41, "percent_cover": 0.15060240963855423, "percent_above_0.1m": 85.365853658536579, "low_level_<0.5": 7.3170731707317067, "mid_level_0.5-2": 29.268292682926827, "tall_2+": 48.780487804878049 }, "geometry": { "type": "Point", "coordinates": [ 0.018323825736928, 51.426966699376834 ] } }
]
}
