{
"type": "FeatureCollection",
"name": "727504db1c9d_foliage",
"crs": { "type": "name", "properties": { "name": "urn:ogc:def:crs:OGC:1.3:CRS84" } },
"features": [
{ "type": "Feature", "properties": { "max_height": 7.4927501678466797, "mean_height": 1.589378833770752, "std_height": 1.8367609977722168, "count_pixels": 43, "percent_cover": 0.042723153962324144, "percent_above_0.1m": 83.720930232558146, "low_level_<0.5": 11.627906976744185, "mid_level_0.5-2": 44.186046511627907, "tall_2+": 25.581395348837212 }, "geometry": { "type": "Point", "coordinates": [ -0.044413526056439, 51.671554283911277 ] } },
{ "type": "Feature", "properties": { "max_height": 4.1662521362304688, "mean_height": 0.6810804009437561, "std_height": 0.89905279874801636, "count_pixels": 41, "percent_cover": 0.040736030522216041, "percent_above_0.1m": 75.609756097560975, "low_level_<0.5": 24.390243902439025, "mid_level_0.5-2": 39.024390243902438, "tall_2+": 7.3170731707317067 }, "geometry": { "type": "Point", "coordinates": [ -0.044709259992621, 51.67166711939845 ] } },
{ "type": "Feature", "properties": { "max_height": 6.4320011138916016, "mean_height": 1.639391303062439, "std_height": 2.073906421661377, "count_pixels": 41, "percent_cover": 0.040736030522216041, "percent_above_0.1m": 78.048780487804876, "low_level_<0.5": 24.390243902439025, "mid_level_0.5-2": 24.390243902439025, "tall_2+": 29.268292682926827 }, "geometry": { "type": "Point", "coordinates": [ -0.044509008164387, 51.671663783425764 ] } },
{ "type": "Feature", "properties": { "max_height": 12.60725212097168, "mean_height": 5.2948346138000488, "std_height": 4.2099909782409668, "count_pixels": 42, "percent_cover": 0.041729592242270089, "percent_above_0.1m": 95.238095238095227, "low_level_<0.5": 9.5238095238095237, "mid_level_0.5-2": 16.666666666666664, "tall_2+": 66.666666666666657 }, "geometry": { "type": "Point", "coordinates": [ -0.044804743050375, 51.671776618646405 ] } },
{ "type": "Feature", "properties": { "max_height": 6.4530029296875, "mean_height": 2.3229663372039795, "std_height": 2.1944491863250732, "count_pixels": 43, "percent_cover": 0.042723153962324144, "percent_above_0.1m": 86.04651162790698, "low_level_<0.5": 9.3023255813953494, "mid_level_0.5-2": 32.558139534883722, "tall_2+": 41.860465116279073 }, "geometry": { "type": "Point", "coordinates": [ -0.044604490727904, 51.671773282849017 ] } },
{ "type": "Feature", "properties": { "max_height": 7.8632526397705078, "mean_height": 1.6955128908157349, "std_height": 1.9155099391937256, "count_pixels": 42, "percent_cover": 0.041729592242270089, "percent_above_0.1m": 83.333333333333343, "low_level_<0.5": 16.666666666666664, "mid_level_0.5-2": 30.952380952380953, "tall_2+": 30.952380952380953 }, "geometry": { "type": "Point", "coordinates": [ -0.0449002265637, 51.67188611780314 ] } },
{ "type": "Feature", "properties": { "max_height": 1.0570011138916016, "mean_height": 0.062518499791622162, "std_height": 0.22760419547557831, "count_pixels": 43, "percent_cover": 0.042723153962324144, "percent_above_0.1m": 9.3023255813953494, "low_level_<0.5": 2.3255813953488373, "mid_level_0.5-2": 4.6511627906976747, "tall_2+": 0.0 }, "geometry": { "type": "Point", "coordinates": [ -0.046597738410445, 51.672022288118946 ] } },
{ "type": "Feature", "properties": { "max_height": 2.6592521667480469, "mean_height": 0.54119735956192017, "std_height": 0.73120450973510742, "count_pixels": 42, "percent_cover": 0.041729592242270089, "percent_above_0.1m": 57.142857142857139, "low_level_<0.5": 19.047619047619047, "mid_level_0.5-2": 26.190476190476193, "tall_2+": 7.1428571428571423 }, "geometry": { "type": "Point", "coordinates": [ -0.046397484790573, 51.67201895541082 ] } },
{ "type": "Feature", "properties": { "max_height": 4.3972511291503906, "mean_height": 0.93950110673904419, "std_height": 1.213099479675293, "count_pixels": 42, "percent_cover": 0.041729592242270089, "percent_above_0.1m": 69.047619047619051, "low_level_<0.5": 11.904761904761903, "mid_level_0.5-2": 33.333333333333329, "tall_2+": 16.666666666666664 }, "geometry": { "type": "Point", "coordinates": [ -0.04539621727036, 51.672002286735221 ] } },
{ "type": "Feature", "properties": { "max_height": 5.1650009155273438, "mean_height": 0.97841572761535645, "std_height": 1.1726676225662231, "count_pixels": 41, "percent_cover": 0.040736030522216041, "percent_above_0.1m": 78.048780487804876, "low_level_<0.5": 24.390243902439025, "mid_level_0.5-2": 31.707317073170731, "tall_2+": 14.634146341463413 }, "geometry": { "type": "Point", "coordinates": [ -0.045195963882173, 51.671998951973109 ] } },
{ "type": "Feature", "properties": { "max_height": 10.091753005981445, "mean_height": 4.8418850898742676, "std_height": 3.2700316905975342, "count_pixels": 41, "percent_cover": 0.040736030522216041, "percent_above_0.1m": 85.365853658536579, "low_level_<0.5": 0.0, "mid_level_0.5-2": 12.195121951219512, "tall_2+": 73.170731707317074 }, "geometry": { "type": "Point", "coordinates": [ -0.044995710532615, 51.671995616868664 ] } },
{ "type": "Feature", "properties": { "max_height": 3.9847507476806641, "mean_height": 0.38170823454856873, "std_height": 0.90743184089660645, "count_pixels": 38, "percent_cover": 0.03775534536205389, "percent_above_0.1m": 31.578947368421051, "low_level_<0.5": 10.526315789473683, "mid_level_0.5-2": 7.8947368421052628, "tall_2+": 7.8947368421052628 }, "geometry": { "type": "Point", "coordinates": [ -0.046893480941447, 51.67213511788124 ] } },
{ "type": "Feature", "properties": { "max_height": 5.7595005035400391, "mean_height": 0.92164129018783569, "std_height": 1.1570430994033813, "count_pixels": 41, "percent_cover": 0.040736030522216041, "percent_above_0.1m": 85.365853658536579, "low_level_<0.5": 17.073170731707318, "mid_level_0.5-2": 51.219512195121951, "tall_2+": 7.3170731707317067 }, "geometry": { "type": "Point", "coordinates": [ -0.046693226788759, 51.672131785690759 ] } },
{ "type": "Feature", "properties": { "max_height": 7.7925033569335938, "mean_height": 1.6105924844741821, "std_height": 2.1765842437744141, "count_pixels": 41, "percent_cover": 0.040736030522216041, "percent_above_0.1m": 70.731707317073173, "low_level_<0.5": 7.3170731707317067, "mid_level_0.5-2": 26.829268292682929, "tall_2+": 26.829268292682929 }, "geometry": { "type": "Point", "coordinates": [ -0.046492972674668, 51.672128453157953 ] } },
{ "type": "Feature", "properties": { "max_height": 6.9467506408691406, "mean_height": 1.3770785331726074, "std_height": 1.4707498550415039, "count_pixels": 42, "percent_cover": 0.041729592242270089, "percent_above_0.1m": 76.19047619047619, "low_level_<0.5": 16.666666666666664, "mid_level_0.5-2": 33.333333333333329, "tall_2+": 23.809523809523807 }, "geometry": { "type": "Point", "coordinates": [ -0.046292718599178, 51.672125120282807 ] } },
{ "type": "Feature", "properties": { "max_height": 11.130502700805664, "mean_height": 1.136792778968811, "std_height": 1.9026228189468384, "count_pixels": 42, "percent_cover": 0.041729592242270089, "percent_above_0.1m": 78.571428571428569, "low_level_<0.5": 26.190476190476193, "mid_level_0.5-2": 40.476190476190474, "tall_2+": 9.5238095238095237 }, "geometry": { "type": "Point", "coordinates": [ -0.046092464562297, 51.672121787065329 ] } },
{ "type": "Feature", "properties": { "max_height": 13.364501953125, "mean_height": 2.4396698474884033, "std_height": 3.5427029132843018, "count_pixels": 43, "percent_cover": 0.042723153962324144, "percent_above_0.1m": 69.767441860465112, "low_level_<0.5": 18.604651162790699, "mid_level_0.5-2": 13.953488372093023, "tall_2+": 37.209302325581397 }, "geometry": { "type": "Point", "coordinates": [ -0.045892210564024, 51.672118453505519 ] } },
{ "type": "Feature", "properties": { "max_height": 8.1292495727539062, "mean_height": 2.0967152118682861, "std_height": 2.0975785255432129, "count_pixels": 42, "percent_cover": 0.041729592242270089, "percent_above_0.1m": 92.857142857142861, "low_level_<0.5": 9.5238095238095237, "mid_level_0.5-2": 45.238095238095241, "tall_2+": 35.714285714285715 }, "geometry": { "type": "Point", "coordinates": [ -0.045691956604364, 51.67211511960339 ] } },
{ "type": "Feature", "properties": { "max_height": 4.5467510223388672, "mean_height": 1.597780704498291, "std_height": 1.3243199586868286, "count_pixels": 42, "percent_cover": 0.041729592242270089, "percent_above_0.1m": 83.333333333333343, "low_level_<0.5": 2.3809523809523809, "mid_level_0.5-2": 42.857142857142854, "tall_2+": 35.714285714285715 }, "geometry": { "type": "Point", "coordinates": [ -0.045491702683327, 51.672111785358922 ] } },
{ "type": "Feature", "properties": { "max_height": 5.5985012054443359, "mean_height": 1.4574118852615356, "std_height": 1.8936111927032471, "count_pixels": 42, "percent_cover": 0.041729592242270089, "percent_above_0.1m": 64.285714285714292, "low_level_<0.5": 14.285714285714285, "mid_level_0.5-2": 19.047619047619047, "tall_2+": 28.571428571428569 }, "geometry": { "type": "Point", "coordinates": [ -0.045291448800904, 51.672108450772114 ] } },
{ "type": "Feature", "properties": { "max_height": 3.6225013732910156, "mean_height": 1.9678722620010376, "std_height": 1.2007395029067993, "count_pixels": 42, "percent_cover": 0.041729592242270089, "percent_above_0.1m": 83.333333333333343, "low_level_<0.5": 4.7619047619047619, "mid_level_0.5-2": 16.666666666666664, "tall_2+": 61.904761904761905 }, "geometry": { "type": "Point", "coordinates": [ -0.046988970269597, 51.672244615186514 ] } },
{ "type": "Feature", "properties": { "max_height": 2.8412513732910156, "mean_height": 0.59238499402999878, "std_height": 0.8127327561378479, "count_pixels": 42, "percent_cover": 0.041729592242270089, "percent_above_0.1m": 54.761904761904766, "low_level_<0.5": 16.666666666666664, "mid_level_0.5-2": 23.809523809523807, "tall_2+": 11.904761904761903 }, "geometry": { "type": "Point", "coordinates": [ -0.046788715622685, 51.672241283171353 ] } },
{ "type": "Feature", "properties": { "max_height": 1.1147518157958984, "mean_height": 0.096919789910316467, "std_height": 0.22374650835990906, "count_pixels": 43, "percent_cover": 0.042723153962324144, "percent_above_0.1m": 16.279069767441861, "low_level_<0.5": 4.6511627906976747, "mid_level_0.5-2": 9.3023255813953494, "tall_2+": 0.0 }, "geometry": { "type": "Point", "coordinates": [ -0.04658846101437, 51.672237950813859 ] } },
{ "type": "Feature", "properties": { "max_height": 5.5714988708496094, "mean_height": 0.44484010338783264, "std_height": 1.1713590621948242, "count_pixels": 42, "percent_cover": 0.041729592242270089, "percent_above_0.1m": 21.428571428571427, "low_level_<0.5": 4.7619047619047619, "mid_level_0.5-2": 7.1428571428571423, "tall_2+": 9.5238095238095237 }, "geometry": { "type": "Point", "coordinates": [ -0.046388206444655, 51.672234618114025 ] } },
{ "type": "Feature", "properties": { "max_height": 4.980499267578125, "mean_height": 0.99982815980911255, "std_height": 1.4541381597518921, "count_pixels": 42, "percent_cover": 0.041729592242270089, "percent_above_0.1m": 50.0, "low_level_<0.5": 2.3809523809523809, "mid_level_0.5-2": 28.571428571428569, "tall_2+": 19.047619047619047 }, "geometry": { "type": "Point", "coordinates": [ -0.046187951913546, 51.672231285071845 ] } },
{ "type": "Feature", "properties": { "max_height": 4.9197521209716797, "mean_height": 2.0795252323150635, "std_height": 1.7058660984039307, "count_pixels": 41, "percent_cover": 0.040736030522216041, "percent_above_0.1m": 85.365853658536579, "low_level_<0.5": 14.634146341463413, "mid_level_0.5-2": 26.829268292682929, "tall_2+": 43.902439024390247 }, "geometry": { "type": "Point", "coordinates": [ -0.045987697421044, 51.672227951687375 ] } },
{ "type": "Feature", "properties": { "max_height": 2.6832466125488281, "mean_height": 0.44356200098991394, "std_height": 0.72112619876861572, "count_pixels": 38, "percent_cover": 0.03775534536205389, "percent_above_0.1m": 44.736842105263158, "low_level_<0.5": 15.789473684210526, "mid_level_0.5-2": 18.421052631578945, "tall_2+": 7.8947368421052628 }, "geometry": { "type": "Point", "coordinates": [ -0.046884204912222, 51.672350780560706 ] } },
{ "type": "Feature", "properties": { "max_height": 0.16475296020507812, "mean_height": 0.0089401621371507645, "std_height": 0.028544992208480835, "count_pixels": 41, "percent_cover": 0.040736030522216041, "percent_above_0.1m": 2.4390243902439024, "low_level_<0.5": 2.4390243902439024, "mid_level_0.5-2": 0.0, "tall_2+": 0.0 }, "geometry": { "type": "Point", "coordinates": [ -0.046683949809688, 51.672347448378531 ] } },
{ "type": "Feature", "properties": { "max_height": 0.010499954223632812, "mean_height": -0.00034043847699649632, "std_height": 0.0041094571352005005, "count_pixels": 41, "percent_cover": 0.040736030522216041, "percent_above_0.1m": 0.0, "low_level_<0.5": 0.0, "mid_level_0.5-2": 0.0, "tall_2+": 0.0 }, "geometry": { "type": "Point", "coordinates": [ -0.04648369474574, 51.672344115854017 ] } },
{ "type": "Feature", "properties": { "max_height": 5.1767520904541016, "mean_height": 0.18943564593791962, "std_height": 0.85728991031646729, "count_pixels": 42, "percent_cover": 0.041729592242270089, "percent_above_0.1m": 7.1428571428571423, "low_level_<0.5": 0.0, "mid_level_0.5-2": 2.3809523809523809, "tall_2+": 4.7619047619047619 }, "geometry": { "type": "Point", "coordinates": [ -0.046283439720406, 51.672340782987177 ] } },
{ "type": "Feature", "properties": { "max_height": 4.9117507934570312, "mean_height": 1.0793582201004028, "std_height": 1.4654872417449951, "count_pixels": 42, "percent_cover": 0.041729592242270089, "percent_above_0.1m": 54.761904761904766, "low_level_<0.5": 4.7619047619047619, "mid_level_0.5-2": 28.571428571428569, "tall_2+": 21.428571428571427 }, "geometry": { "type": "Point", "coordinates": [ -0.046083184733673, 51.672337449777991 ] } },
{ "type": "Feature", "properties": { "max_height": 0.60450172424316406, "mean_height": 0.10178683698177338, "std_height": 0.15207935869693756, "count_pixels": 42, "percent_cover": 0.041729592242270089, "percent_above_0.1m": 33.333333333333329, "low_level_<0.5": 28.571428571428569, "mid_level_0.5-2": 2.3809523809523809, "tall_2+": 0.0 }, "geometry": { "type": "Point", "coordinates": [ -0.046779439060613, 51.67245694585197 ] } },
{ "type": "Feature", "properties": { "max_height": 0.45325279235839844, "mean_height": 0.019210504367947578, "std_height": 0.070931442081928253, "count_pixels": 43, "percent_cover": 0.042723153962324144, "percent_above_0.1m": 4.6511627906976747, "low_level_<0.5": 2.3255813953488373, "mid_level_0.5-2": 0.0, "tall_2+": 0.0 }, "geometry": { "type": "Point", "coordinates": [ -0.046579183502443, 51.672453613502775 ] } },
{ "type": "Feature", "properties": { "max_height": 0.44775199890136719, "mean_height": 0.025352522730827332, "std_height": 0.08549344539642334, "count_pixels": 42, "percent_cover": 0.041729592242270089, "percent_above_0.1m": 7.1428571428571423, "low_level_<0.5": 7.1428571428571423, "mid_level_0.5-2": 0.0, "tall_2+": 0.0 }, "geometry": { "type": "Point", "coordinates": [ -0.046378927982873, 51.672450280811248 ] } },
{ "type": "Feature", "properties": { "max_height": 0.44550132751464844, "mean_height": 0.019947506487369537, "std_height": 0.077066183090209961, "count_pixels": 42, "percent_cover": 0.041729592242270089, "percent_above_0.1m": 7.1428571428571423, "low_level_<0.5": 4.7619047619047619, "mid_level_0.5-2": 0.0, "tall_2+": 0.0 }, "geometry": { "type": "Point", "coordinates": [ -0.046178672501912, 51.672446947777388 ] } },
{ "type": "Feature", "properties": { "max_height": 5.16400146484375, "mean_height": 0.47911694645881653, "std_height": 0.89763909578323364, "count_pixels": 41, "percent_cover": 0.040736030522216041, "percent_above_0.1m": 48.780487804878049, "low_level_<0.5": 12.195121951219512, "mid_level_0.5-2": 26.829268292682929, "tall_2+": 4.8780487804878048 }, "geometry": { "type": "Point", "coordinates": [ -0.045978417059554, 51.672443614401189 ] } },
{ "type": "Feature", "properties": { "max_height": 4.5085010528564453, "mean_height": 0.85256820917129517, "std_height": 1.1191350221633911, "count_pixels": 41, "percent_cover": 0.040736030522216041, "percent_above_0.1m": 60.975609756097562, "low_level_<0.5": 17.073170731707318, "mid_level_0.5-2": 26.829268292682929, "tall_2+": 14.634146341463413 }, "geometry": { "type": "Point", "coordinates": [ -0.045778161655814, 51.672440280682665 ] } },
{ "type": "Feature", "properties": { "max_height": 4.6877517700195312, "mean_height": 0.78234976530075073, "std_height": 1.2727272510528564, "count_pixels": 38, "percent_cover": 0.03775534536205389, "percent_above_0.1m": 42.105263157894733, "low_level_<0.5": 5.2631578947368416, "mid_level_0.5-2": 18.421052631578945, "tall_2+": 15.789473684210526 }, "geometry": { "type": "Point", "coordinates": [ -0.04557790629069, 51.672436946621787 ] } },
{ "type": "Feature", "properties": { "max_height": 7.4230003356933594, "mean_height": 3.2482211589813232, "std_height": 2.1686077117919922, "count_pixels": 42, "percent_cover": 0.041729592242270089, "percent_above_0.1m": 90.476190476190482, "low_level_<0.5": 4.7619047619047619, "mid_level_0.5-2": 21.428571428571427, "tall_2+": 64.285714285714292 }, "geometry": { "type": "Point", "coordinates": [ -0.045377650964185, 51.67243361221859 ] } },
{ "type": "Feature", "properties": { "max_height": 11.40625, "mean_height": 4.280306339263916, "std_height": 3.8813197612762451, "count_pixels": 41, "percent_cover": 0.040736030522216041, "percent_above_0.1m": 90.243902439024396, "low_level_<0.5": 9.7560975609756095, "mid_level_0.5-2": 24.390243902439025, "tall_2+": 53.658536585365859 }, "geometry": { "type": "Point", "coordinates": [ -0.045177395676307, 51.672430277473062 ] } },
{ "type": "Feature", "properties": { "max_height": 0.58349990844726562, "mean_height": 0.037145815789699554, "std_height": 0.10918928682804108, "count_pixels": 38, "percent_cover": 0.03775534536205389, "percent_above_0.1m": 5.2631578947368416, "low_level_<0.5": 2.6315789473684208, "mid_level_0.5-2": 2.6315789473684208, "tall_2+": 0.0 }, "geometry": { "type": "Point", "coordinates": [ -0.046874928767166, 51.672566443234182 ] } },
{ "type": "Feature", "properties": { "max_height": 0.0214996337890625, "mean_height": 0.0020437473431229591, "std_height": 0.0041306694038212299, "count_pixels": 41, "percent_cover": 0.040736030522216041, "percent_above_0.1m": 0.0, "low_level_<0.5": 0.0, "mid_level_0.5-2": 0.0, "tall_2+": 0.0 }, "geometry": { "type": "Point", "coordinates": [ -0.046674672714762, 51.672563111060313 ] } },
{ "type": "Feature", "properties": { "max_height": 0.35750198364257812, "mean_height": 0.018739188089966774, "std_height": 0.064915686845779419, "count_pixels": 41, "percent_cover": 0.040736030522216041, "percent_above_0.1m": 7.3170731707317067, "low_level_<0.5": 4.8780487804878048, "mid_level_0.5-2": 0.0, "tall_2+": 0.0 }, "geometry": { "type": "Point", "coordinates": [ -0.04647441670096, 51.672559778544105 ] } },
{ "type": "Feature", "properties": { "max_height": 0.042501449584960938, "mean_height": 0.0023225147742778063, "std_height": 0.0091598574072122574, "count_pixels": 42, "percent_cover": 0.041729592242270089, "percent_above_0.1m": 0.0, "low_level_<0.5": 0.0, "mid_level_0.5-2": 0.0, "tall_2+": 0.0 }, "geometry": { "type": "Point", "coordinates": [ -0.04627416072576, 51.672556445685558 ] } },
{ "type": "Feature", "properties": { "max_height": 2.3415012359619141, "mean_height": 0.36091786623001099, "std_height": 0.71931082010269165, "count_pixels": 42, "percent_cover": 0.041729592242270089, "percent_above_0.1m": 23.809523809523807, "low_level_<0.5": 0.0, "mid_level_0.5-2": 14.285714285714285, "tall_2+": 7.1428571428571423 }, "geometry": { "type": "Point", "coordinates": [ -0.046073904789166, 51.672553112484671 ] } },
{ "type": "Feature", "properties": { "max_height": 5.7175025939941406, "mean_height": 0.90333843231201172, "std_height": 1.3926151990890503, "count_pixels": 43, "percent_cover": 0.042723153962324144, "percent_above_0.1m": 55.813953488372093, "low_level_<0.5": 13.953488372093023, "mid_level_0.5-2": 18.604651162790699, "tall_2+": 18.604651162790699 }, "geometry": { "type": "Point", "coordinates": [ -0.045873648891189, 51.672549778941459 ] } },
{ "type": "Feature", "properties": { "max_height": 2.3387508392333984, "mean_height": 0.39746534824371338, "std_height": 0.64848840236663818, "count_pixels": 42, "percent_cover": 0.041729592242270089, "percent_above_0.1m": 38.095238095238095, "low_level_<0.5": 7.1428571428571423, "mid_level_0.5-2": 23.809523809523807, "tall_2+": 2.3809523809523809 }, "geometry": { "type": "Point", "coordinates": [ -0.045673393031821, 51.6725464450559 ] } },
{ "type": "Feature", "properties": { "max_height": 3.3722515106201172, "mean_height": 0.39387616515159607, "std_height": 0.7546887993812561, "count_pixels": 42, "percent_cover": 0.041729592242270089, "percent_above_0.1m": 40.476190476190474, "low_level_<0.5": 14.285714285714285, "mid_level_0.5-2": 16.666666666666664, "tall_2+": 7.1428571428571423 }, "geometry": { "type": "Point", "coordinates": [ -0.045473137211079, 51.672543110828023 ] } },
{ "type": "Feature", "properties": { "max_height": 9.7087516784667969, "mean_height": 3.056751012802124, "std_height": 2.6519443988800049, "count_pixels": 42, "percent_cover": 0.041729592242270089, "percent_above_0.1m": 78.571428571428569, "low_level_<0.5": 7.1428571428571423, "mid_level_0.5-2": 11.904761904761903, "tall_2+": 59.523809523809526 }, "geometry": { "type": "Point", "coordinates": [ -0.045272881428959, 51.6725397762578 ] } },
{ "type": "Feature", "properties": { "max_height": 11.307498931884766, "mean_height": 2.3220012187957764, "std_height": 3.3857579231262207, "count_pixels": 43, "percent_cover": 0.042723153962324144, "percent_above_0.1m": 58.139534883720934, "low_level_<0.5": 4.6511627906976747, "mid_level_0.5-2": 13.953488372093023, "tall_2+": 32.558139534883722 }, "geometry": { "type": "Point", "coordinates": [ -0.045072625685463, 51.67253644134523 ] } },
{ "type": "Feature", "properties": { "max_height": 1.9029998779296875, "mean_height": 0.17389383912086487, "std_height": 0.39101722836494446, "count_pixels": 42, "percent_cover": 0.041729592242270089, "percent_above_0.1m": 23.809523809523807, "low_level_<0.5": 4.7619047619047619, "mid_level_0.5-2": 14.285714285714285, "tall_2+": 0.0 }, "geometry": { "type": "Point", "coordinates": [ -0.046770162382703, 51.672672608526618 ] } },
{ "type": "Feature", "properties": { "max_height": 0.0122528076171875, "mean_height": 0.0003038007125724107, "std_height": 0.0034623669926077127, "count_pixels": 43, "percent_cover": 0.042723153962324144, "percent_above_0.1m": 0.0, "low_level_<0.5": 0.0, "mid_level_0.5-2": 0.0, "tall_2+": 0.0 }, "geometry": { "type": "Point", "coordinates": [ -0.046569905874662, 51.672669276185722 ] } },
{ "type": "Feature", "properties": { "max_height": 0.0065021514892578125, "mean_height": 0.00067361193941906095, "std_height": 0.0026673881802707911, "count_pixels": 42, "percent_cover": 0.041729592242270089, "percent_above_0.1m": 0.0, "low_level_<0.5": 0.0, "mid_level_0.5-2": 0.0, "tall_2+": 0.0 }, "geometry": { "type": "Point", "coordinates": [ -0.046369649405226, 51.672665943502494 ] } },
{ "type": "Feature", "properties": { "max_height": 0.012750625610351562, "mean_height": 0.00085222150664776564, "std_height": 0.0040182163938879967, "count_pixels": 42, "percent_cover": 0.041729592242270089, "percent_above_0.1m": 0.0, "low_level_<0.5": 0.0, "mid_level_0.5-2": 0.0, "tall_2+": 0.0 }, "geometry": { "type": "Point", "coordinates": [ -0.046169392974395, 51.672662610476934 ] } },
{ "type": "Feature", "properties": { "max_height": 5.0080013275146484, "mean_height": 2.8320376873016357, "std_height": 1.4316891431808472, "count_pixels": 41, "percent_cover": 0.040736030522216041, "percent_above_0.1m": 92.682926829268297, "low_level_<0.5": 4.8780487804878048, "mid_level_0.5-2": 14.634146341463413, "tall_2+": 73.170731707317074 }, "geometry": { "type": "Point", "coordinates": [ -0.045969136582175, 51.672659277109034 ] } },
{ "type": "Feature", "properties": { "max_height": 0.46575164794921875, "mean_height": 0.011665716767311096, "std_height": 0.071899063885211945, "count_pixels": 41, "percent_cover": 0.040736030522216041, "percent_above_0.1m": 2.4390243902439024, "low_level_<0.5": 2.4390243902439024, "mid_level_0.5-2": 0.0, "tall_2+": 0.0 }, "geometry": { "type": "Point", "coordinates": [ -0.045768880228567, 51.672655943398802 ] } },
{ "type": "Feature", "properties": { "max_height": 3.4587516784667969, "mean_height": 1.1344683170318604, "std_height": 0.98007053136825562, "count_pixels": 38, "percent_cover": 0.03775534536205389, "percent_above_0.1m": 81.578947368421055, "low_level_<0.5": 15.789473684210526, "mid_level_0.5-2": 47.368421052631575, "tall_2+": 13.157894736842104 }, "geometry": { "type": "Point", "coordinates": [ -0.045568623913579, 51.672652609346223 ] } },
{ "type": "Feature", "properties": { "max_height": 1.4892501831054688, "mean_height": 0.16426342725753784, "std_height": 0.39935329556465149, "count_pixels": 41, "percent_cover": 0.040736030522216041, "percent_above_0.1m": 14.634146341463413, "low_level_<0.5": 2.4390243902439024, "mid_level_0.5-2": 12.195121951219512, "tall_2+": 0.0 }, "geometry": { "type": "Point", "coordinates": [ -0.046665395503989, 51.672778773736113 ] } },
{ "type": "Feature", "properties": { "max_height": 0.010751724243164062, "mean_height": -0.00016361329471692443, "std_height": 0.0044398978352546692, "count_pixels": 41, "percent_cover": 0.040736030522216041, "percent_above_0.1m": 0.0, "low_level_<0.5": 0.0, "mid_level_0.5-2": 0.0, "tall_2+": 0.0 }, "geometry": { "type": "Point", "coordinates": [ -0.046465138540313, 51.672775441228211 ] } },
{ "type": "Feature", "properties": { "max_height": 0.006000518798828125, "mean_height": -0.00023682911705691367, "std_height": 0.0029940297827124596, "count_pixels": 42, "percent_cover": 0.041729592242270089, "percent_above_0.1m": 0.0, "low_level_<0.5": 0.0, "mid_level_0.5-2": 0.0, "tall_2+": 0.0 }, "geometry": { "type": "Point", "coordinates": [ -0.046264881615245, 51.67277210837797 ] } },
{ "type": "Feature", "properties": { "max_height": 4.2680015563964844, "mean_height": 0.56426316499710083, "std_height": 0.98943537473678589, "count_pixels": 42, "percent_cover": 0.041729592242270089, "percent_above_0.1m": 40.476190476190474, "low_level_<0.5": 11.904761904761903, "mid_level_0.5-2": 16.666666666666664, "tall_2+": 11.904761904761903 }, "geometry": { "type": "Point", "coordinates": [ -0.046064624728774, 51.672768775185382 ] } },
{ "type": "Feature", "properties": { "max_height": 4.2299995422363281, "mean_height": 0.78028035163879395, "std_height": 1.389773964881897, "count_pixels": 43, "percent_cover": 0.042723153962324144, "percent_above_0.1m": 30.232558139534881, "low_level_<0.5": 2.3255813953488373, "mid_level_0.5-2": 9.3023255813953494, "tall_2+": 18.604651162790699 }, "geometry": { "type": "Point", "coordinates": [ -0.045864367880929, 51.672765441650476 ] } },
{ "type": "Feature", "properties": { "max_height": 1.9090003967285156, "mean_height": 0.55529874563217163, "std_height": 0.72966545820236206, "count_pixels": 42, "percent_cover": 0.041729592242270089, "percent_above_0.1m": 45.238095238095241, "low_level_<0.5": 9.5238095238095237, "mid_level_0.5-2": 35.714285714285715, "tall_2+": 0.0 }, "geometry": { "type": "Point", "coordinates": [ -0.045664111071691, 51.672762107773195 ] } },
{ "type": "Feature", "properties": { "max_height": 2.1007518768310547, "mean_height": 0.31167402863502502, "std_height": 0.54800331592559814, "count_pixels": 42, "percent_cover": 0.041729592242270089, "percent_above_0.1m": 33.333333333333329, "low_level_<0.5": 4.7619047619047619, "mid_level_0.5-2": 23.809523809523807, "tall_2+": 2.3809523809523809 }, "geometry": { "type": "Point", "coordinates": [ -0.046760885588942, 51.672888271195276 ] } },
{ "type": "Feature", "properties": { "max_height": 0.004001617431640625, "mean_height": -0.00019064615480601788, "std_height": 0.0011685589561238885, "count_pixels": 43, "percent_cover": 0.042723153962324144, "percent_above_0.1m": 0.0, "low_level_<0.5": 0.0, "mid_level_0.5-2": 0.0, "tall_2+": 0.0 }, "geometry": { "type": "Point", "coordinates": [ -0.046560628131026, 51.672884938862701 ] } },
{ "type": "Feature", "properties": { "max_height": 0.00250244140625, "mean_height": -0.00040944418287836015, "std_height": 0.0025413918774574995, "count_pixels": 42, "percent_cover": 0.041729592242270089, "percent_above_0.1m": 0.0, "low_level_<0.5": 0.0, "mid_level_0.5-2": 0.0, "tall_2+": 0.0 }, "geometry": { "type": "Point", "coordinates": [ -0.04636037071171, 51.672881606187779 ] } },
{ "type": "Feature", "properties": { "max_height": 5.3292522430419922, "mean_height": 1.8281562328338623, "std_height": 1.6668308973312378, "count_pixels": 42, "percent_cover": 0.041729592242270089, "percent_above_0.1m": 69.047619047619051, "low_level_<0.5": 0.0, "mid_level_0.5-2": 26.190476190476193, "tall_2+": 42.857142857142854 }, "geometry": { "type": "Point", "coordinates": [ -0.046160113330999, 51.672878273170525 ] } },
{ "type": "Feature", "properties": { "max_height": 3.7072505950927734, "mean_height": 0.64213544130325317, "std_height": 1.1525200605392456, "count_pixels": 41, "percent_cover": 0.040736030522216041, "percent_above_0.1m": 26.829268292682929, "low_level_<0.5": 0.0, "mid_level_0.5-2": 9.7560975609756095, "tall_2+": 17.073170731707318 }, "geometry": { "type": "Point", "coordinates": [ -0.045959855988905, 51.67287493981091 ] } },
{ "type": "Feature", "properties": { "max_height": 0.00350189208984375, "mean_height": -0.00010848626698134467, "std_height": 0.0011818349594250321, "count_pixels": 41, "percent_cover": 0.040736030522216041, "percent_above_0.1m": 0.0, "low_level_<0.5": 0.0, "mid_level_0.5-2": 0.0, "tall_2+": 0.0 }, "geometry": { "type": "Point", "coordinates": [ -0.045759598685417, 51.67287160610897 ] } },
{ "type": "Feature", "properties": { "max_height": 4.0537509918212891, "mean_height": 0.9192575216293335, "std_height": 1.0188987255096436, "count_pixels": 38, "percent_cover": 0.03775534536205389, "percent_above_0.1m": 73.68421052631578, "low_level_<0.5": 13.157894736842104, "mid_level_0.5-2": 47.368421052631575, "tall_2+": 10.526315789473683 }, "geometry": { "type": "Point", "coordinates": [ -0.045559341420555, 51.67286827206469 ] } },
{ "type": "Feature", "properties": { "max_height": 5.3862495422363281, "mean_height": 2.007969856262207, "std_height": 1.7121796607971191, "count_pixels": 38, "percent_cover": 0.03775534536205389, "percent_above_0.1m": 81.578947368421055, "low_level_<0.5": 13.157894736842104, "mid_level_0.5-2": 18.421052631578945, "tall_2+": 50.0 }, "geometry": { "type": "Point", "coordinates": [ -0.046856376129531, 51.672997768563214 ] } },
{ "type": "Feature", "properties": { "max_height": 6.8155021667480469, "mean_height": 1.1617329120635986, "std_height": 1.8835334777832031, "count_pixels": 41, "percent_cover": 0.040736030522216041, "percent_above_0.1m": 41.463414634146339, "low_level_<0.5": 4.8780487804878048, "mid_level_0.5-2": 14.634146341463413, "tall_2+": 21.951219512195124 }, "geometry": { "type": "Point", "coordinates": [ -0.046656118177365, 51.672994436405951 ] } },
{ "type": "Feature", "properties": { "max_height": 0.0037517547607421875, "mean_height": -7.8154771472327411e-05, "std_height": 0.0012476036790758371, "count_pixels": 41, "percent_cover": 0.040736030522216041, "percent_above_0.1m": 0.0, "low_level_<0.5": 0.0, "mid_level_0.5-2": 0.0, "tall_2+": 0.0 }, "geometry": { "type": "Point", "coordinates": [ -0.046455860263805, 51.672991103906348 ] } },
{ "type": "Feature", "properties": { "max_height": 2.8322505950927734, "mean_height": 0.17570340633392334, "std_height": 0.54950016736984253, "count_pixels": 42, "percent_cover": 0.041729592242270089, "percent_above_0.1m": 16.666666666666664, "low_level_<0.5": 4.7619047619047619, "mid_level_0.5-2": 4.7619047619047619, "tall_2+": 4.7619047619047619 }, "geometry": { "type": "Point", "coordinates": [ -0.04625560238885, 51.672987771064413 ] } },
{ "type": "Feature", "properties": { "max_height": 4.7450008392333984, "mean_height": 2.15509033203125, "std_height": 1.5119895935058594, "count_pixels": 42, "percent_cover": 0.041729592242270089, "percent_above_0.1m": 76.19047619047619, "low_level_<0.5": 2.3809523809523809, "mid_level_0.5-2": 11.904761904761903, "tall_2+": 61.904761904761905 }, "geometry": { "type": "Point", "coordinates": [ -0.046055344552502, 51.67298443788011 ] } },
{ "type": "Feature", "properties": { "max_height": 0.0010013580322265625, "mean_height": -0.00014393829042091966, "std_height": 0.00071990897413343191, "count_pixels": 43, "percent_cover": 0.042723153962324144, "percent_above_0.1m": 0.0, "low_level_<0.5": 0.0, "mid_level_0.5-2": 0.0, "tall_2+": 0.0 }, "geometry": { "type": "Point", "coordinates": [ -0.045855086754769, 51.672981104353489 ] } },
{ "type": "Feature", "properties": { "max_height": 0.13924980163574219, "mean_height": 0.003268832340836525, "std_height": 0.021262653172016144, "count_pixels": 42, "percent_cover": 0.041729592242270089, "percent_above_0.1m": 2.3809523809523809, "low_level_<0.5": 0.0, "mid_level_0.5-2": 0.0, "tall_2+": 0.0 }, "geometry": { "type": "Point", "coordinates": [ -0.045654828995648, 51.672977770484529 ] } },
{ "type": "Feature", "properties": { "max_height": 6.2780017852783203, "mean_height": 1.658816933631897, "std_height": 1.9912718534469604, "count_pixels": 42, "percent_cover": 0.041729592242270089, "percent_above_0.1m": 80.952380952380949, "low_level_<0.5": 21.428571428571427, "mid_level_0.5-2": 26.190476190476193, "tall_2+": 30.952380952380953 }, "geometry": { "type": "Point", "coordinates": [ -0.045454571275151, 51.672974436273222 ] } },
{ "type": "Feature", "properties": { "max_height": 11.618125915527344, "mean_height": 4.2696084976196289, "std_height": 4.3602089881896973, "count_pixels": 42, "percent_cover": 0.041729592242270089, "percent_above_0.1m": 78.571428571428569, "low_level_<0.5": 4.7619047619047619, "mid_level_0.5-2": 19.047619047619047, "tall_2+": 54.761904761904766 }, "geometry": { "type": "Point", "coordinates": [ -0.046751608679342, 51.673103933857973 ] } },
{ "type": "Feature", "properties": { "max_height": 3.8712520599365234, "mean_height": 0.553413987159729, "std_height": 0.7752951979637146, "count_pixels": 43, "percent_cover": 0.042723153962324144, "percent_above_0.1m": 65.116279069767444, "low_level_<0.5": 23.255813953488371, "mid_level_0.5-2": 30.232558139534881, "tall_2+": 6.9767441860465116 }, "geometry": { "type": "Point", "coordinates": [ -0.046551350271532, 51.673100601533704 ] } },
{ "type": "Feature", "properties": { "max_height": 1.0962505340576172, "mean_height": 0.039495240896940231, "std_height": 0.1792883574962616, "count_pixels": 42, "percent_cover": 0.041729592242270089, "percent_above_0.1m": 7.1428571428571423, "low_level_<0.5": 2.3809523809523809, "mid_level_0.5-2": 2.3809523809523809, "tall_2+": 0.0 }, "geometry": { "type": "Point", "coordinates": [ -0.046351091902324, 51.673097268867075 ] } },
{ "type": "Feature", "properties": { "max_height": 6.4390010833740234, "mean_height": 3.7974598407745361, "std_height": 1.3958462476730347, "count_pixels": 42, "percent_cover": 0.041729592242270089, "percent_above_0.1m": 97.61904761904762, "low_level_<0.5": 0.0, "mid_level_0.5-2": 7.1428571428571423, "tall_2+": 90.476190476190482 }, "geometry": { "type": "Point", "coordinates": [ -0.046150833571727, 51.673093935858113 ] } },
{ "type": "Feature", "properties": { "max_height": 3.2995014190673828, "mean_height": 0.21028783917427063, "std_height": 0.69276982545852661, "count_pixels": 41, "percent_cover": 0.040736030522216041, "percent_above_0.1m": 9.7560975609756095, "low_level_<0.5": 0.0, "mid_level_0.5-2": 2.4390243902439024, "tall_2+": 7.3170731707317067 }, "geometry": { "type": "Point", "coordinates": [ -0.045950575279736, 51.673090602506797 ] } },
{ "type": "Feature", "properties": { "max_height": 0.000751495361328125, "mean_height": -2.9447601264109835e-05, "std_height": 0.0003543867205735296, "count_pixels": 41, "percent_cover": 0.040736030522216041, "percent_above_0.1m": 0.0, "low_level_<0.5": 0.0, "mid_level_0.5-2": 0.0, "tall_2+": 0.0 }, "geometry": { "type": "Point", "coordinates": [ -0.045750317026367, 51.673087268813156 ] } },
{ "type": "Feature", "properties": { "max_height": 0.19400215148925781, "mean_height": 0.0061063766479492188, "std_height": 0.031630989164113998, "count_pixels": 38, "percent_cover": 0.03775534536205389, "percent_above_0.1m": 2.6315789473684208, "low_level_<0.5": 2.6315789473684208, "mid_level_0.5-2": 0.0, "tall_2+": 0.0 }, "geometry": { "type": "Point", "coordinates": [ -0.045550058811611, 51.673083934777154 ] } },
{ "type": "Feature", "properties": { "max_height": 0.727752685546875, "mean_height": 0.035007022321224213, "std_height": 0.12707628309726715, "count_pixels": 42, "percent_cover": 0.041729592242270089, "percent_above_0.1m": 9.5238095238095237, "low_level_<0.5": 4.7619047619047619, "mid_level_0.5-2": 2.3809523809523809, "tall_2+": 0.0 }, "geometry": { "type": "Point", "coordinates": [ -0.045349800635482, 51.673080600398826 ] } },
{ "type": "Feature", "properties": { "max_height": 11.64000129699707, "mean_height": 7.3684096336364746, "std_height": 4.2351260185241699, "count_pixels": 41, "percent_cover": 0.040736030522216041, "percent_above_0.1m": 92.682926829268297, "low_level_<0.5": 4.8780487804878048, "mid_level_0.5-2": 4.8780487804878048, "tall_2+": 82.926829268292678 }, "geometry": { "type": "Point", "coordinates": [ -0.04664684073489, 51.673210099069806 ] } },
{ "type": "Feature", "properties": { "max_height": 4.7045021057128906, "mean_height": 0.7561112642288208, "std_height": 1.2135763168334961, "count_pixels": 41, "percent_cover": 0.040736030522216041, "percent_above_0.1m": 43.902439024390247, "low_level_<0.5": 9.7560975609756095, "mid_level_0.5-2": 19.512195121951219, "tall_2+": 14.634146341463413 }, "geometry": { "type": "Point", "coordinates": [ -0.046446581871435, 51.673206766578517 ] } },
{ "type": "Feature", "properties": { "max_height": 7.0267524719238281, "mean_height": 1.3829060792922974, "std_height": 1.8556870222091675, "count_pixels": 42, "percent_cover": 0.041729592242270089, "percent_above_0.1m": 50.0, "low_level_<0.5": 4.7619047619047619, "mid_level_0.5-2": 11.904761904761903, "tall_2+": 33.333333333333329 }, "geometry": { "type": "Point", "coordinates": [ -0.046246323046579, 51.673203433744874 ] } },
{ "type": "Feature", "properties": { "max_height": 6.6565017700195312, "mean_height": 1.9532512426376343, "std_height": 2.0488853454589844, "count_pixels": 42, "percent_cover": 0.041729592242270089, "percent_above_0.1m": 71.428571428571431, "low_level_<0.5": 4.7619047619047619, "mid_level_0.5-2": 28.571428571428569, "tall_2+": 35.714285714285715 }, "geometry": { "type": "Point", "coordinates": [ -0.046046064260339, 51.673200100568863 ] } },
{ "type": "Feature", "properties": { "max_height": 0.000751495361328125, "mean_height": -0.00025478628231212497, "std_height": 0.0012263652170076966, "count_pixels": 43, "percent_cover": 0.042723153962324144, "percent_above_0.1m": 0.0, "low_level_<0.5": 0.0, "mid_level_0.5-2": 0.0, "tall_2+": 0.0 }, "geometry": { "type": "Point", "coordinates": [ -0.045845805512708, 51.673196767050541 ] } },
{ "type": "Feature", "properties": { "max_height": 0.001251220703125, "mean_height": -4.0508450183551759e-05, "std_height": 0.0004360474122222513, "count_pixels": 42, "percent_cover": 0.041729592242270089, "percent_above_0.1m": 0.0, "low_level_<0.5": 0.0, "mid_level_0.5-2": 0.0, "tall_2+": 0.0 }, "geometry": { "type": "Point", "coordinates": [ -0.045645546803696, 51.67319343318988 ] } },
{ "type": "Feature", "properties": { "max_height": 2.0705013275146484, "mean_height": 0.2121916264295578, "std_height": 0.52061527967453003, "count_pixels": 42, "percent_cover": 0.041729592242270089, "percent_above_0.1m": 21.428571428571427, "low_level_<0.5": 7.1428571428571423, "mid_level_0.5-2": 9.5238095238095237, "tall_2+": 2.3809523809523809 }, "geometry": { "type": "Point", "coordinates": [ -0.045445288133304, 51.673190098986851 ] } },
{ "type": "Feature", "properties": { "max_height": 11.308002471923828, "mean_height": 2.0469017028808594, "std_height": 2.6227207183837891, "count_pixels": 43, "percent_cover": 0.042723153962324144, "percent_above_0.1m": 90.697674418604649, "low_level_<0.5": 9.3023255813953494, "mid_level_0.5-2": 41.860465116279073, "tall_2+": 37.209302325581397 }, "geometry": { "type": "Point", "coordinates": [ -0.046542072296178, 51.673316264198704 ] } },
{ "type": "Feature", "properties": { "max_height": 1.4162502288818359, "mean_height": 0.070840559899806976, "std_height": 0.23591242730617523, "count_pixels": 42, "percent_cover": 0.041729592242270089, "percent_above_0.1m": 11.904761904761903, "low_level_<0.5": 7.1428571428571423, "mid_level_0.5-2": 2.3809523809523809, "tall_2+": 0.0 }, "geometry": { "type": "Point", "coordinates": [ -0.046341812977069, 51.673312931540401 ] } },
{ "type": "Feature", "properties": { "max_height": 5.7779998779296875, "mean_height": 0.49766799807548523, "std_height": 1.2339036464691162, "count_pixels": 42, "percent_cover": 0.041729592242270089, "percent_above_0.1m": 21.428571428571427, "low_level_<0.5": 4.7619047619047619, "mid_level_0.5-2": 9.5238095238095237, "tall_2+": 7.1428571428571423 }, "geometry": { "type": "Point", "coordinates": [ -0.046141553696568, 51.673309598539717 ] } },
{ "type": "Feature", "properties": { "max_height": 0.48850059509277344, "mean_height": 0.015306007117033005, "std_height": 0.076636634767055511, "count_pixels": 41, "percent_cover": 0.040736030522216041, "percent_above_0.1m": 2.4390243902439024, "low_level_<0.5": 2.4390243902439024, "mid_level_0.5-2": 0.0, "tall_2+": 0.0 }, "geometry": { "type": "Point", "coordinates": [ -0.045941294454678, 51.673306265196715 ] } },
{ "type": "Feature", "properties": { "max_height": 0.23925018310546875, "mean_height": 0.0055681089870631695, "std_height": 0.036987513303756714, "count_pixels": 41, "percent_cover": 0.040736030522216041, "percent_above_0.1m": 2.4390243902439024, "low_level_<0.5": 2.4390243902439024, "mid_level_0.5-2": 0.0, "tall_2+": 0.0 }, "geometry": { "type": "Point", "coordinates": [ -0.045741035251406, 51.673302931511365 ] } },
{ "type": "Feature", "properties": { "max_height": 0.00250244140625, "mean_height": -0.00047221936983987689, "std_height": 0.0024641316849738359, "count_pixels": 38, "percent_cover": 0.03775534536205389, "percent_above_0.1m": 0.0, "low_level_<0.5": 0.0, "mid_level_0.5-2": 0.0, "tall_2+": 0.0 }, "geometry": { "type": "Point", "coordinates": [ -0.045540776086753, 51.673299597483663 ] } },
{ "type": "Feature", "properties": { "max_height": 6.6639995574951172, "mean_height": 1.4110666513442993, "std_height": 1.8738588094711304, "count_pixels": 42, "percent_cover": 0.041729592242270089, "percent_above_0.1m": 57.142857142857139, "low_level_<0.5": 9.5238095238095237, "mid_level_0.5-2": 16.666666666666664, "tall_2+": 30.952380952380953 }, "geometry": { "type": "Point", "coordinates": [ -0.045340516960722, 51.673296263113613 ] } },
{ "type": "Feature", "properties": { "max_height": 5.4040012359619141, "mean_height": 2.2282023429870605, "std_height": 1.5299931764602661, "count_pixels": 41, "percent_cover": 0.040736030522216041, "percent_above_0.1m": 82.926829268292678, "low_level_<0.5": 4.8780487804878048, "mid_level_0.5-2": 26.829268292682929, "tall_2+": 51.219512195121951 }, "geometry": { "type": "Point", "coordinates": [ -0.046437303363195, 51.673422429244695 ] } },
{ "type": "Feature", "properties": { "max_height": 4.1282501220703125, "mean_height": 0.27161416411399841, "std_height": 0.70334982872009277, "count_pixels": 42, "percent_cover": 0.041729592242270089, "percent_above_0.1m": 28.571428571428569, "low_level_<0.5": 14.285714285714285, "mid_level_0.5-2": 9.5238095238095237, "tall_2+": 2.3809523809523809 }, "geometry": { "type": "Point", "coordinates": [ -0.046237043588432, 51.673419096419352 ] } },
{ "type": "Feature", "properties": { "max_height": 1.0635013580322266, "mean_height": 0.078697748482227325, "std_height": 0.24087093770503998, "count_pixels": 42, "percent_cover": 0.041729592242270089, "percent_above_0.1m": 9.5238095238095237, "low_level_<0.5": 2.3809523809523809, "mid_level_0.5-2": 7.1428571428571423, "tall_2+": 0.0 }, "geometry": { "type": "Point", "coordinates": [ -0.046036783852284, 51.673415763251654 ] } },
{ "type": "Feature", "properties": { "max_height": 0.47525215148925781, "mean_height": 0.060036148875951767, "std_height": 0.11263474076986313, "count_pixels": 43, "percent_cover": 0.042723153962324144, "percent_above_0.1m": 16.279069767441861, "low_level_<0.5": 13.953488372093023, "mid_level_0.5-2": 0.0, "tall_2+": 0.0 }, "geometry": { "type": "Point", "coordinates": [ -0.045836524154747, 51.673412429741603 ] } },
{ "type": "Feature", "properties": { "max_height": 0.027751922607421875, "mean_height": 0.00089418317656964064, "std_height": 0.0043456666171550751, "count_pixels": 42, "percent_cover": 0.041729592242270089, "percent_above_0.1m": 0.0, "low_level_<0.5": 0.0, "mid_level_0.5-2": 0.0, "tall_2+": 0.0 }, "geometry": { "type": "Point", "coordinates": [ -0.045636264495825, 51.673409095889234 ] } },
{ "type": "Feature", "properties": { "max_height": 0.36400222778320312, "mean_height": 0.0091915586963295937, "std_height": 0.055444672703742981, "count_pixels": 42, "percent_cover": 0.041729592242270089, "percent_above_0.1m": 2.3809523809523809, "low_level_<0.5": 2.3809523809523809, "mid_level_0.5-2": 0.0, "tall_2+": 0.0 }, "geometry": { "type": "Point", "coordinates": [ -0.045436004875532, 51.673405761694504 ] } },
{ "type": "Feature", "properties": { "max_height": 10.665502548217773, "mean_height": 1.9007571935653687, "std_height": 2.9072930812835693, "count_pixels": 42, "percent_cover": 0.041729592242270089, "percent_above_0.1m": 80.952380952380949, "low_level_<0.5": 19.047619047619047, "mid_level_0.5-2": 28.571428571428569, "tall_2+": 28.571428571428569 }, "geometry": { "type": "Point", "coordinates": [ -0.04523574529386, 51.67340242715742 ] } },
{ "type": "Feature", "properties": { "max_height": 5.1852512359619141, "mean_height": 1.0272897481918335, "std_height": 1.3505923748016357, "count_pixels": 43, "percent_cover": 0.042723153962324144, "percent_above_0.1m": 67.441860465116278, "low_level_<0.5": 13.953488372093023, "mid_level_0.5-2": 30.232558139534881, "tall_2+": 20.930232558139537 }, "geometry": { "type": "Point", "coordinates": [ -0.046532794204961, 51.673531926857763 ] } },
{ "type": "Feature", "properties": { "max_height": 8.3390026092529297, "mean_height": 3.1657931804656982, "std_height": 1.8253774642944336, "count_pixels": 42, "percent_cover": 0.041729592242270089, "percent_above_0.1m": 97.61904761904762, "low_level_<0.5": 0.0, "mid_level_0.5-2": 26.190476190476193, "tall_2+": 71.428571428571431 }, "geometry": { "type": "Point", "coordinates": [ -0.046332533935937, 51.673528594207738 ] } },
{ "type": "Feature", "properties": { "max_height": 4.7840023040771484, "mean_height": 0.53278112411499023, "std_height": 1.1601768732070923, "count_pixels": 42, "percent_cover": 0.041729592242270089, "percent_above_0.1m": 30.952380952380953, "low_level_<0.5": 9.5238095238095237, "mid_level_0.5-2": 4.7619047619047619, "tall_2+": 14.285714285714285 }, "geometry": { "type": "Point", "coordinates": [ -0.046132273705526, 51.673525261215367 ] } },
{ "type": "Feature", "properties": { "max_height": 3.9010009765625, "mean_height": 0.71997052431106567, "std_height": 1.0498483180999756, "count_pixels": 41, "percent_cover": 0.040736030522216041, "percent_above_0.1m": 43.902439024390247, "low_level_<0.5": 4.8780487804878048, "mid_level_0.5-2": 19.512195121951219, "tall_2+": 17.073170731707318 }, "geometry": { "type": "Point", "coordinates": [ -0.045932013513722, 51.673521927880643 ] } },
{ "type": "Feature", "properties": { "max_height": 2.2210006713867188, "mean_height": 0.39883694052696228, "std_height": 0.6946900486946106, "count_pixels": 41, "percent_cover": 0.040736030522216041, "percent_above_0.1m": 34.146341463414636, "low_level_<0.5": 12.195121951219512, "mid_level_0.5-2": 17.073170731707318, "tall_2+": 4.8780487804878048 }, "geometry": { "type": "Point", "coordinates": [ -0.045731753360536, 51.673518594203607 ] } },
{ "type": "Feature", "properties": { "max_height": 1.5730018615722656, "mean_height": 0.11328436434268951, "std_height": 0.28151318430900574, "count_pixels": 38, "percent_cover": 0.03775534536205389, "percent_above_0.1m": 23.684210526315788, "low_level_<0.5": 15.789473684210526, "mid_level_0.5-2": 5.2631578947368416, "tall_2+": 0.0 }, "geometry": { "type": "Point", "coordinates": [ -0.04553149324597, 51.673515260184175 ] } },
{ "type": "Feature", "properties": { "max_height": 2.0762500762939453, "mean_height": 0.10962022840976715, "std_height": 0.34037294983863831, "count_pixels": 42, "percent_cover": 0.041729592242270089, "percent_above_0.1m": 19.047619047619047, "low_level_<0.5": 7.1428571428571423, "mid_level_0.5-2": 4.7619047619047619, "tall_2+": 2.3809523809523809 }, "geometry": { "type": "Point", "coordinates": [ -0.04533123317003, 51.673511925822417 ] } },
{ "type": "Feature", "properties": { "max_height": 11.505001068115234, "mean_height": 4.6410136222839355, "std_height": 5.1247382164001465, "count_pixels": 41, "percent_cover": 0.040736030522216041, "percent_above_0.1m": 56.09756097560976, "low_level_<0.5": 4.8780487804878048, "mid_level_0.5-2": 4.8780487804878048, "tall_2+": 46.341463414634148 }, "geometry": { "type": "Point", "coordinates": [ -0.045130973132717, 51.673508591118313 ] } },
{ "type": "Feature", "properties": { "max_height": 11.552249908447266, "mean_height": 4.0158548355102539, "std_height": 4.299135684967041, "count_pixels": 41, "percent_cover": 0.040736030522216041, "percent_above_0.1m": 82.926829268292678, "low_level_<0.5": 7.3170731707317067, "mid_level_0.5-2": 29.268292682926827, "tall_2+": 46.341463414634148 }, "geometry": { "type": "Point", "coordinates": [ -0.046428024739085, 51.673638091904891 ] } },
{ "type": "Feature", "properties": { "max_height": 3.9872512817382812, "mean_height": 1.3012633323669434, "std_height": 1.2539941072463989, "count_pixels": 42, "percent_cover": 0.041729592242270089, "percent_above_0.1m": 85.714285714285708, "low_level_<0.5": 28.571428571428569, "mid_level_0.5-2": 28.571428571428569, "tall_2+": 28.571428571428569 }, "geometry": { "type": "Point", "coordinates": [ -0.046227764014406, 51.673634759087847 ] } },
{ "type": "Feature", "properties": { "max_height": 4.6672515869140625, "mean_height": 0.31982880830764771, "std_height": 0.81631225347518921, "count_pixels": 42, "percent_cover": 0.041729592242270089, "percent_above_0.1m": 38.095238095238095, "low_level_<0.5": 14.285714285714285, "mid_level_0.5-2": 7.1428571428571423, "tall_2+": 4.7619047619047619 }, "geometry": { "type": "Point", "coordinates": [ -0.046027503328336, 51.673631425928455 ] } },
{ "type": "Feature", "properties": { "max_height": 2.1047515869140625, "mean_height": 0.22101287543773651, "std_height": 0.47813206911087036, "count_pixels": 43, "percent_cover": 0.042723153962324144, "percent_above_0.1m": 27.906976744186046, "low_level_<0.5": 11.627906976744185, "mid_level_0.5-2": 6.9767441860465116, "tall_2+": 4.6511627906976747 }, "geometry": { "type": "Point", "coordinates": [ -0.045827242680881, 51.673628092426711 ] } },
{ "type": "Feature", "properties": { "max_height": 2.6432514190673828, "mean_height": 0.37397751212120056, "std_height": 0.69512850046157837, "count_pixels": 42, "percent_cover": 0.041729592242270089, "percent_above_0.1m": 30.952380952380953, "low_level_<0.5": 2.3809523809523809, "mid_level_0.5-2": 14.285714285714285, "tall_2+": 4.7619047619047619 }, "geometry": { "type": "Point", "coordinates": [ -0.045626982072043, 51.673624758582633 ] } },
{ "type": "Feature", "properties": { "max_height": 0.70325088500976562, "mean_height": 0.066715329885482788, "std_height": 0.12879167497158051, "count_pixels": 42, "percent_cover": 0.041729592242270089, "percent_above_0.1m": 19.047619047619047, "low_level_<0.5": 9.5238095238095237, "mid_level_0.5-2": 2.3809523809523809, "tall_2+": 0.0 }, "geometry": { "type": "Point", "coordinates": [ -0.045426721501831, 51.673621424396174 ] } },
{ "type": "Feature", "properties": { "max_height": 2.6322498321533203, "mean_height": 0.38983455300331116, "std_height": 0.71661555767059326, "count_pixels": 42, "percent_cover": 0.041729592242270089, "percent_above_0.1m": 33.333333333333329, "low_level_<0.5": 7.1428571428571423, "mid_level_0.5-2": 16.666666666666664, "tall_2+": 7.1428571428571423 }, "geometry": { "type": "Point", "coordinates": [ -0.045226460970242, 51.673618089867382 ] } },
{ "type": "Feature", "properties": { "max_height": 1.6370010375976562, "mean_height": 0.53698408603668213, "std_height": 0.42333191633224487, "count_pixels": 43, "percent_cover": 0.042723153962324144, "percent_above_0.1m": 81.395348837209298, "low_level_<0.5": 27.906976744186046, "mid_level_0.5-2": 48.837209302325576, "tall_2+": 0.0 }, "geometry": { "type": "Point", "coordinates": [ -0.045026200477288, 51.673614754996258 ] } },
{ "type": "Feature", "properties": { "max_height": 14.184499740600586, "mean_height": 3.5890376567840576, "std_height": 4.2015523910522461, "count_pixels": 42, "percent_cover": 0.041729592242270089, "percent_above_0.1m": 85.714285714285708, "low_level_<0.5": 7.1428571428571423, "mid_level_0.5-2": 33.333333333333329, "tall_2+": 45.238095238095241 }, "geometry": { "type": "Point", "coordinates": [ -0.044825940022963, 51.673611419782766 ] } },
{ "type": "Feature", "properties": { "max_height": 9.6959991455078125, "mean_height": 2.5907871723175049, "std_height": 2.8513808250427246, "count_pixels": 42, "percent_cover": 0.041729592242270089, "percent_above_0.1m": 78.571428571428569, "low_level_<0.5": 14.285714285714285, "mid_level_0.5-2": 14.285714285714285, "tall_2+": 45.238095238095241 }, "geometry": { "type": "Point", "coordinates": [ -0.046323254778931, 51.673744256869085 ] } },
{ "type": "Feature", "properties": { "max_height": 9.0050010681152344, "mean_height": 2.7788524627685547, "std_height": 2.5495786666870117, "count_pixels": 42, "percent_cover": 0.041729592242270089, "percent_above_0.1m": 76.19047619047619, "low_level_<0.5": 2.3809523809523809, "mid_level_0.5-2": 14.285714285714285, "tall_2+": 57.142857142857139 }, "geometry": { "type": "Point", "coordinates": [ -0.046122993598595, 51.673740923885013 ] } },
{ "type": "Feature", "properties": { "max_height": 0.072000503540039062, "mean_height": 0.016940325498580933, "std_height": 0.018489332869648933, "count_pixels": 41, "percent_cover": 0.040736030522216041, "percent_above_0.1m": 0.0, "low_level_<0.5": 0.0, "mid_level_0.5-2": 0.0, "tall_2+": 0.0 }, "geometry": { "type": "Point", "coordinates": [ -0.045922732456864, 51.673737590558616 ] } },
{ "type": "Feature", "properties": { "max_height": 0.093999862670898438, "mean_height": 0.027989039197564125, "std_height": 0.022528484463691711, "count_pixels": 41, "percent_cover": 0.040736030522216041, "percent_above_0.1m": 0.0, "low_level_<0.5": 0.0, "mid_level_0.5-2": 0.0, "tall_2+": 0.0 }, "geometry": { "type": "Point", "coordinates": [ -0.045722471353756, 51.67373425688983 ] } },
{ "type": "Feature", "properties": { "max_height": 0.050001144409179688, "mean_height": 0.011040637269616127, "std_height": 0.014531643129885197, "count_pixels": 38, "percent_cover": 0.03775534536205389, "percent_above_0.1m": 0.0, "low_level_<0.5": 0.0, "mid_level_0.5-2": 0.0, "tall_2+": 0.0 }, "geometry": { "type": "Point", "coordinates": [ -0.045522210289266, 51.673730922878725 ] } },
{ "type": "Feature", "properties": { "max_height": 0.057252883911132812, "mean_height": 0.0035430362913757563, "std_height": 0.0098976874724030495, "count_pixels": 42, "percent_cover": 0.041729592242270089, "percent_above_0.1m": 0.0, "low_level_<0.5": 0.0, "mid_level_0.5-2": 0.0, "tall_2+": 0.0 }, "geometry": { "type": "Point", "coordinates": [ -0.045321949263403, 51.673727588525239 ] } },
{ "type": "Feature", "properties": { "max_height": 0.89950180053710938, "mean_height": 0.081190295517444611, "std_height": 0.19424805045127869, "count_pixels": 41, "percent_cover": 0.040736030522216041, "percent_above_0.1m": 14.634146341463413, "low_level_<0.5": 4.8780487804878048, "mid_level_0.5-2": 7.3170731707317067, "tall_2+": 0.0 }, "geometry": { "type": "Point", "coordinates": [ -0.045121688276166, 51.673724253829441 ] } },
{ "type": "Feature", "properties": { "max_height": 3.4850006103515625, "mean_height": 1.2711840867996216, "std_height": 0.79734820127487183, "count_pixels": 41, "percent_cover": 0.040736030522216041, "percent_above_0.1m": 95.121951219512198, "low_level_<0.5": 14.634146341463413, "mid_level_0.5-2": 68.292682926829272, "tall_2+": 12.195121951219512 }, "geometry": { "type": "Point", "coordinates": [ -0.044921427327566, 51.673720918791254 ] } },
{ "type": "Feature", "properties": { "max_height": 11.533500671386719, "mean_height": 2.1126034259796143, "std_height": 2.9298088550567627, "count_pixels": 41, "percent_cover": 0.040736030522216041, "percent_above_0.1m": 82.926829268292678, "low_level_<0.5": 17.073170731707318, "mid_level_0.5-2": 31.707317073170731, "tall_2+": 29.268292682926827 }, "geometry": { "type": "Point", "coordinates": [ -0.046418745999111, 51.673853754559111 ] } },
{ "type": "Feature", "properties": { "max_height": 5.152252197265625, "mean_height": 0.60668587684631348, "std_height": 0.93001985549926758, "count_pixels": 42, "percent_cover": 0.041729592242270089, "percent_above_0.1m": 59.523809523809526, "low_level_<0.5": 19.047619047619047, "mid_level_0.5-2": 26.190476190476193, "tall_2+": 9.5238095238095237 }, "geometry": { "type": "Point", "coordinates": [ -0.046218484324498, 51.673850421750373 ] } },
{ "type": "Feature", "properties": { "max_height": 4.1892509460449219, "mean_height": 0.48419171571731567, "std_height": 1.0180103778839111, "count_pixels": 42, "percent_cover": 0.041729592242270089, "percent_above_0.1m": 26.190476190476193, "low_level_<0.5": 4.7619047619047619, "mid_level_0.5-2": 11.904761904761903, "tall_2+": 9.5238095238095237 }, "geometry": { "type": "Point", "coordinates": [ -0.046018222688493, 51.673847088599274 ] } },
{ "type": "Feature", "properties": { "max_height": 0.15600204467773438, "mean_height": 0.029187224805355072, "std_height": 0.035841178148984909, "count_pixels": 43, "percent_cover": 0.042723153962324144, "percent_above_0.1m": 4.6511627906976747, "low_level_<0.5": 4.6511627906976747, "mid_level_0.5-2": 0.0, "tall_2+": 0.0 }, "geometry": { "type": "Point", "coordinates": [ -0.045817961091108, 51.673843755105842 ] } },
{ "type": "Feature", "properties": { "max_height": 0.1295013427734375, "mean_height": 0.023161979392170906, "std_height": 0.024546289816498756, "count_pixels": 42, "percent_cover": 0.041729592242270089, "percent_above_0.1m": 2.3809523809523809, "low_level_<0.5": 0.0, "mid_level_0.5-2": 0.0, "tall_2+": 0.0 }, "geometry": { "type": "Point", "coordinates": [ -0.045617699532343, 51.673840421270029 ] } },
{ "type": "Feature", "properties": { "max_height": 0.11725044250488281, "mean_height": 0.014495259150862694, "std_height": 0.024188680574297905, "count_pixels": 42, "percent_cover": 0.041729592242270089, "percent_above_0.1m": 2.3809523809523809, "low_level_<0.5": 0.0, "mid_level_0.5-2": 0.0, "tall_2+": 0.0 }, "geometry": { "type": "Point", "coordinates": [ -0.0454174380122, 51.673837087091883 ] } },
{ "type": "Feature", "properties": { "max_height": 0.024251937866210938, "mean_height": 0.0052273161709308624, "std_height": 0.0080540431663393974, "count_pixels": 42, "percent_cover": 0.041729592242270089, "percent_above_0.1m": 0.0, "low_level_<0.5": 0.0, "mid_level_0.5-2": 0.0, "tall_2+": 0.0 }, "geometry": { "type": "Point", "coordinates": [ -0.045217176530685, 51.673833752571376 ] } },
{ "type": "Feature", "properties": { "max_height": 2.876251220703125, "mean_height": 0.61165225505828857, "std_height": 0.85891902446746826, "count_pixels": 43, "percent_cover": 0.042723153962324144, "percent_above_0.1m": 55.813953488372093, "low_level_<0.5": 18.604651162790699, "mid_level_0.5-2": 18.604651162790699, "tall_2+": 11.627906976744185 }, "geometry": { "type": "Point", "coordinates": [ -0.045016915087799, 51.673830417708537 ] } },
{ "type": "Feature", "properties": { "max_height": 3.0027523040771484, "mean_height": 0.39572757482528687, "std_height": 0.8836902379989624, "count_pixels": 42, "percent_cover": 0.041729592242270089, "percent_above_0.1m": 21.428571428571427, "low_level_<0.5": 4.7619047619047619, "mid_level_0.5-2": 4.7619047619047619, "tall_2+": 11.904761904761903 }, "geometry": { "type": "Point", "coordinates": [ -0.04481665368355, 51.673827082503315 ] } },
{ "type": "Feature", "properties": { "max_height": 11.458250045776367, "mean_height": 5.1539478302001953, "std_height": 4.5018734931945801, "count_pixels": 42, "percent_cover": 0.041729592242270089, "percent_above_0.1m": 83.333333333333343, "low_level_<0.5": 0.0, "mid_level_0.5-2": 23.809523809523807, "tall_2+": 59.523809523809526 }, "geometry": { "type": "Point", "coordinates": [ -0.046313975506053, 51.673959919524485 ] } },
{ "type": "Feature", "properties": { "max_height": 4.7975006103515625, "mean_height": 0.98409634828567505, "std_height": 1.1465690135955811, "count_pixels": 42, "percent_cover": 0.041729592242270089, "percent_above_0.1m": 64.285714285714292, "low_level_<0.5": 7.1428571428571423, "mid_level_0.5-2": 42.857142857142854, "tall_2+": 9.5238095238095237 }, "geometry": { "type": "Point", "coordinates": [ -0.046113713375774, 51.673956586548712 ] } },
{ "type": "Feature", "properties": { "max_height": 0.070001602172851562, "mean_height": 0.023696387186646461, "std_height": 0.020887957885861397, "count_pixels": 41, "percent_cover": 0.040736030522216041, "percent_above_0.1m": 0.0, "low_level_<0.5": 0.0, "mid_level_0.5-2": 0.0, "tall_2+": 0.0 }, "geometry": { "type": "Point", "coordinates": [ -0.045913451284106, 51.673953253230586 ] } },
{ "type": "Feature", "properties": { "max_height": 3.2280006408691406, "mean_height": 0.13689133524894714, "std_height": 0.49340024590492249, "count_pixels": 41, "percent_cover": 0.040736030522216041, "percent_above_0.1m": 21.951219512195124, "low_level_<0.5": 12.195121951219512, "mid_level_0.5-2": 0.0, "tall_2+": 2.4390243902439024 }, "geometry": { "type": "Point", "coordinates": [ -0.045713189231062, 51.673949919570113 ] } },
{ "type": "Feature", "properties": { "max_height": 0.078250885009765625, "mean_height": 0.016363194212317467, "std_height": 0.019004592671990395, "count_pixels": 38, "percent_cover": 0.03775534536205389, "percent_above_0.1m": 0.0, "low_level_<0.5": 0.0, "mid_level_0.5-2": 0.0, "tall_2+": 0.0 }, "geometry": { "type": "Point", "coordinates": [ -0.045512927216638, 51.673946585567293 ] } },
{ "type": "Feature", "properties": { "max_height": 0.088001251220703125, "mean_height": 0.0198346097022295, "std_height": 0.021652378141880035, "count_pixels": 42, "percent_cover": 0.041729592242270089, "percent_above_0.1m": 0.0, "low_level_<0.5": 0.0, "mid_level_0.5-2": 0.0, "tall_2+": 0.0 }, "geometry": { "type": "Point", "coordinates": [ -0.04531266524084, 51.673943251222099 ] } },
{ "type": "Feature", "properties": { "max_height": 3.4280014038085938, "mean_height": 0.26914763450622559, "std_height": 0.68816155195236206, "count_pixels": 41, "percent_cover": 0.040736030522216041, "percent_above_0.1m": 19.512195121951219, "low_level_<0.5": 4.8780487804878048, "mid_level_0.5-2": 9.7560975609756095, "tall_2+": 4.8780487804878048 }, "geometry": { "type": "Point", "coordinates": [ -0.04511240330367, 51.673939916534565 ] } },
{ "type": "Feature", "properties": { "max_height": 3.3925018310546875, "mean_height": 0.8569343090057373, "std_height": 1.0590139627456665, "count_pixels": 41, "percent_cover": 0.040736030522216041, "percent_above_0.1m": 58.536585365853654, "low_level_<0.5": 17.073170731707318, "mid_level_0.5-2": 24.390243902439025, "tall_2+": 17.073170731707318 }, "geometry": { "type": "Point", "coordinates": [ -0.044912141405132, 51.673936581504677 ] } },
{ "type": "Feature", "properties": { "max_height": 8.2535018920898438, "mean_height": 2.3204061985015869, "std_height": 1.9983662366867065, "count_pixels": 42, "percent_cover": 0.041729592242270089, "percent_above_0.1m": 85.714285714285708, "low_level_<0.5": 7.1428571428571423, "mid_level_0.5-2": 30.952380952380953, "tall_2+": 47.619047619047613 }, "geometry": { "type": "Point", "coordinates": [ -0.046209204518702, 51.67406608440691 ] } },
{ "type": "Feature", "properties": { "max_height": 0.12800025939941406, "mean_height": 0.020929655060172081, "std_height": 0.025435350835323334, "count_pixels": 42, "percent_cover": 0.041729592242270089, "percent_above_0.1m": 2.3809523809523809, "low_level_<0.5": 0.0, "mid_level_0.5-2": 0.0, "tall_2+": 0.0 }, "geometry": { "type": "Point", "coordinates": [ -0.046008941932758, 51.674062751264124 ] } },
{ "type": "Feature", "properties": { "max_height": 6.1360015869140625, "mean_height": 1.8540769815444946, "std_height": 1.992347240447998, "count_pixels": 43, "percent_cover": 0.042723153962324144, "percent_above_0.1m": 74.418604651162795, "low_level_<0.5": 16.279069767441861, "mid_level_0.5-2": 16.279069767441861, "tall_2+": 39.534883720930232 }, "geometry": { "type": "Point", "coordinates": [ -0.045808679385429, 51.674059417778963 ] } },
{ "type": "Feature", "properties": { "max_height": 5.3677520751953125, "mean_height": 0.70525729656219482, "std_height": 1.3367587327957153, "count_pixels": 42, "percent_cover": 0.041729592242270089, "percent_above_0.1m": 35.714285714285715, "low_level_<0.5": 7.1428571428571423, "mid_level_0.5-2": 11.904761904761903, "tall_2+": 14.285714285714285 }, "geometry": { "type": "Point", "coordinates": [ -0.045608416876725, 51.674056083951456 ] } },
{ "type": "Feature", "properties": { "max_height": 0.062250137329101562, "mean_height": 0.0072573707439005375, "std_height": 0.011682678014039993, "count_pixels": 42, "percent_cover": 0.041729592242270089, "percent_above_0.1m": 0.0, "low_level_<0.5": 0.0, "mid_level_0.5-2": 0.0, "tall_2+": 0.0 }, "geometry": { "type": "Point", "coordinates": [ -0.045408154406634, 51.674052749781609 ] } },
{ "type": "Feature", "properties": { "max_height": 0.78725051879882812, "mean_height": 0.040638059377670288, "std_height": 0.11935701221227646, "count_pixels": 42, "percent_cover": 0.041729592242270089, "percent_above_0.1m": 4.7619047619047619, "low_level_<0.5": 0.0, "mid_level_0.5-2": 2.3809523809523809, "tall_2+": 0.0 }, "geometry": { "type": "Point", "coordinates": [ -0.04520789197518, 51.674049415269394 ] } },
{ "type": "Feature", "properties": { "max_height": 5.6345024108886719, "mean_height": 2.034867525100708, "std_height": 1.677016019821167, "count_pixels": 43, "percent_cover": 0.042723153962324144, "percent_above_0.1m": 88.372093023255815, "low_level_<0.5": 4.6511627906976747, "mid_level_0.5-2": 27.906976744186046, "tall_2+": 46.511627906976742 }, "geometry": { "type": "Point", "coordinates": [ -0.045007629582358, 51.674046080414811 ] } },
{ "type": "Feature", "properties": { "max_height": 2.7065010070800781, "mean_height": 0.54246562719345093, "std_height": 0.71820986270904541, "count_pixels": 42, "percent_cover": 0.041729592242270089, "percent_above_0.1m": 64.285714285714292, "low_level_<0.5": 23.809523809523807, "mid_level_0.5-2": 26.190476190476193, "tall_2+": 9.5238095238095237 }, "geometry": { "type": "Point", "coordinates": [ -0.046304696117289, 51.674175582173888 ] } },
{ "type": "Feature", "properties": { "max_height": 3.0007514953613281, "mean_height": 0.78389430046081543, "std_height": 0.86746311187744141, "count_pixels": 42, "percent_cover": 0.041729592242270089, "percent_above_0.1m": 59.523809523809526, "low_level_<0.5": 9.5238095238095237, "mid_level_0.5-2": 38.095238095238095, "tall_2+": 9.5238095238095237 }, "geometry": { "type": "Point", "coordinates": [ -0.046104433037062, 51.674172249206428 ] } },
{ "type": "Feature", "properties": { "max_height": 1.1987514495849609, "mean_height": 0.19989785552024841, "std_height": 0.30992662906646729, "count_pixels": 41, "percent_cover": 0.040736030522216041, "percent_above_0.1m": 26.829268292682929, "low_level_<0.5": 7.3170731707317067, "mid_level_0.5-2": 19.512195121951219, "tall_2+": 0.0 }, "geometry": { "type": "Point", "coordinates": [ -0.045904169995447, 51.674168915896608 ] } },
{ "type": "Feature", "properties": { "max_height": 2.9655017852783203, "mean_height": 1.5216596126556396, "std_height": 0.58426779508590698, "count_pixels": 41, "percent_cover": 0.040736030522216041, "percent_above_0.1m": 100.0, "low_level_<0.5": 7.3170731707317067, "mid_level_0.5-2": 73.170731707317074, "tall_2+": 19.512195121951219 }, "geometry": { "type": "Point", "coordinates": [ -0.045703906992454, 51.674165582244406 ] } },
{ "type": "Feature", "properties": { "max_height": 1.1607532501220703, "mean_height": 0.11053386330604553, "std_height": 0.25871434807777405, "count_pixels": 38, "percent_cover": 0.03775534536205389, "percent_above_0.1m": 18.421052631578945, "low_level_<0.5": 5.2631578947368416, "mid_level_0.5-2": 7.8947368421052628, "tall_2+": 0.0 }, "geometry": { "type": "Point", "coordinates": [ -0.045503644028083, 51.674162248249878 ] } },
{ "type": "Feature", "properties": { "max_height": 0.97375106811523438, "mean_height": 0.1154296025633812, "std_height": 0.22241662442684174, "count_pixels": 42, "percent_cover": 0.041729592242270089, "percent_above_0.1m": 21.428571428571427, "low_level_<0.5": 7.1428571428571423, "mid_level_0.5-2": 9.5238095238095237, "tall_2+": 0.0 }, "geometry": { "type": "Point", "coordinates": [ -0.045303381102335, 51.67415891391299 ] } },
{ "type": "Feature", "properties": { "max_height": 1.2705001831054688, "mean_height": 0.2024339884519577, "std_height": 0.35556519031524658, "count_pixels": 41, "percent_cover": 0.040736030522216041, "percent_above_0.1m": 21.951219512195124, "low_level_<0.5": 2.4390243902439024, "mid_level_0.5-2": 19.512195121951219, "tall_2+": 0.0 }, "geometry": { "type": "Point", "coordinates": [ -0.04510311821522, 51.674155579233734 ] } },
{ "type": "Feature", "properties": { "max_height": 8.9615020751953125, "mean_height": 2.5710928440093994, "std_height": 2.4661998748779297, "count_pixels": 41, "percent_cover": 0.040736030522216041, "percent_above_0.1m": 78.048780487804876, "low_level_<0.5": 9.7560975609756095, "mid_level_0.5-2": 14.634146341463413, "tall_2+": 51.219512195121951 }, "geometry": { "type": "Point", "coordinates": [ -0.044902855366739, 51.674152244212124 ] } },
{ "type": "Feature", "properties": { "max_height": 5.0557518005371094, "mean_height": 1.310489296913147, "std_height": 1.4284189939498901, "count_pixels": 42, "percent_cover": 0.041729592242270089, "percent_above_0.1m": 69.047619047619051, "low_level_<0.5": 11.904761904761903, "mid_level_0.5-2": 23.809523809523807, "tall_2+": 30.952380952380953 }, "geometry": { "type": "Point", "coordinates": [ -0.046199924597025, 51.674281747057485 ] } },
{ "type": "Feature", "properties": { "max_height": 8.5047531127929688, "mean_height": 1.5017812252044678, "std_height": 2.4132709503173828, "count_pixels": 42, "percent_cover": 0.041729592242270089, "percent_above_0.1m": 47.619047619047613, "low_level_<0.5": 2.3809523809523809, "mid_level_0.5-2": 16.666666666666664, "tall_2+": 23.809523809523807 }, "geometry": { "type": "Point", "coordinates": [ -0.045999661061121, 51.674278413922991 ] } },
{ "type": "Feature", "properties": { "max_height": 4.6097526550292969, "mean_height": 0.42723953723907471, "std_height": 0.99868321418762207, "count_pixels": 43, "percent_cover": 0.042723153962324144, "percent_above_0.1m": 37.209302325581397, "low_level_<0.5": 11.627906976744185, "mid_level_0.5-2": 6.9767441860465116, "tall_2+": 6.9767441860465116 }, "geometry": { "type": "Point", "coordinates": [ -0.045799397563839, 51.674275080446122 ] } },
{ "type": "Feature", "properties": { "max_height": 3.8735008239746094, "mean_height": 0.96494156122207642, "std_height": 0.75086742639541626, "count_pixels": 42, "percent_cover": 0.041729592242270089, "percent_above_0.1m": 80.952380952380949, "low_level_<0.5": 11.904761904761903, "mid_level_0.5-2": 66.666666666666657, "tall_2+": 2.3809523809523809 }, "geometry": { "type": "Point", "coordinates": [ -0.045599134105179, 51.674271746626914 ] } },
{ "type": "Feature", "properties": { "max_height": 0.35200119018554688, "mean_height": 0.034048717468976974, "std_height": 0.066929571330547333, "count_pixels": 42, "percent_cover": 0.041729592242270089, "percent_above_0.1m": 7.1428571428571423, "low_level_<0.5": 7.1428571428571423, "mid_level_0.5-2": 0.0, "tall_2+": 0.0 }, "geometry": { "type": "Point", "coordinates": [ -0.045398870685143, 51.674268412465352 ] } },
{ "type": "Feature", "properties": { "max_height": 4.4947528839111328, "mean_height": 1.5231858491897583, "std_height": 1.3688005208969116, "count_pixels": 42, "percent_cover": 0.041729592242270089, "percent_above_0.1m": 78.571428571428569, "low_level_<0.5": 9.5238095238095237, "mid_level_0.5-2": 30.952380952380953, "tall_2+": 35.714285714285715 }, "geometry": { "type": "Point", "coordinates": [ -0.04519860730373, 51.674265077961422 ] } },
{ "type": "Feature", "properties": { "max_height": 5.9252510070800781, "mean_height": 2.0328269004821777, "std_height": 1.7755006551742554, "count_pixels": 43, "percent_cover": 0.042723153962324144, "percent_above_0.1m": 74.418604651162795, "low_level_<0.5": 4.6511627906976747, "mid_level_0.5-2": 23.255813953488371, "tall_2+": 46.511627906976742 }, "geometry": { "type": "Point", "coordinates": [ -0.044998343960956, 51.674261743115125 ] } },
{ "type": "Feature", "properties": { "max_height": 8.9337539672851562, "mean_height": 3.1832337379455566, "std_height": 2.5872914791107178, "count_pixels": 42, "percent_cover": 0.041729592242270089, "percent_above_0.1m": 95.238095238095227, "low_level_<0.5": 4.7619047619047619, "mid_level_0.5-2": 35.714285714285715, "tall_2+": 54.761904761904766 }, "geometry": { "type": "Point", "coordinates": [ -0.046095152582457, 51.674387911858148 ] } },
{ "type": "Feature", "properties": { "max_height": 1.8392505645751953, "mean_height": 0.63292807340621948, "std_height": 0.68479245901107788, "count_pixels": 41, "percent_cover": 0.040736030522216041, "percent_above_0.1m": 65.853658536585371, "low_level_<0.5": 17.073170731707318, "mid_level_0.5-2": 39.024390243902438, "tall_2+": 0.0 }, "geometry": { "type": "Point", "coordinates": [ -0.045894888590882, 51.674384578556612 ] } },
{ "type": "Feature", "properties": { "max_height": 4.5774993896484375, "mean_height": 0.64706218242645264, "std_height": 1.1824254989624023, "count_pixels": 41, "percent_cover": 0.040736030522216041, "percent_above_0.1m": 51.219512195121951, "low_level_<0.5": 9.7560975609756095, "mid_level_0.5-2": 19.512195121951219, "tall_2+": 12.195121951219512 }, "geometry": { "type": "Point", "coordinates": [ -0.04569462463793, 51.674381244912723 ] } },
{ "type": "Feature", "properties": { "max_height": 0.36450004577636719, "mean_height": 0.049961540848016739, "std_height": 0.071734711527824402, "count_pixels": 38, "percent_cover": 0.03775534536205389, "percent_above_0.1m": 13.157894736842104, "low_level_<0.5": 7.8947368421052628, "mid_level_0.5-2": 0.0, "tall_2+": 0.0 }, "geometry": { "type": "Point", "coordinates": [ -0.045494360723601, 51.674377910926495 ] } },
{ "type": "Feature", "properties": { "max_height": 2.3187503814697266, "mean_height": 0.50606054067611694, "std_height": 0.62955141067504883, "count_pixels": 42, "percent_cover": 0.041729592242270089, "percent_above_0.1m": 54.761904761904766, "low_level_<0.5": 23.809523809523807, "mid_level_0.5-2": 23.809523809523807, "tall_2+": 4.7619047619047619 }, "geometry": { "type": "Point", "coordinates": [ -0.045294096847893, 51.674374576597884 ] } },
{ "type": "Feature", "properties": { "max_height": 6.6814994812011719, "mean_height": 3.506598949432373, "std_height": 1.3017435073852539, "count_pixels": 41, "percent_cover": 0.040736030522216041, "percent_above_0.1m": 100.0, "low_level_<0.5": 0.0, "mid_level_0.5-2": 12.195121951219512, "tall_2+": 87.804878048780495 }, "geometry": { "type": "Point", "coordinates": [ -0.045093833010822, 51.674371241926913 ] } },
{ "type": "Feature", "properties": { "max_height": 14.397502899169922, "mean_height": 5.3100810050964355, "std_height": 3.5255851745605469, "count_pixels": 41, "percent_cover": 0.040736030522216041, "percent_above_0.1m": 97.560975609756099, "low_level_<0.5": 0.0, "mid_level_0.5-2": 14.634146341463413, "tall_2+": 82.926829268292678 }, "geometry": { "type": "Point", "coordinates": [ -0.044893569212382, 51.674367906913609 ] } },
{ "type": "Feature", "properties": { "max_height": 9.07275390625, "mean_height": 1.4616800546646118, "std_height": 2.4533183574676514, "count_pixels": 42, "percent_cover": 0.041729592242270089, "percent_above_0.1m": 78.571428571428569, "low_level_<0.5": 19.047619047619047, "mid_level_0.5-2": 38.095238095238095, "tall_2+": 16.666666666666664 }, "geometry": { "type": "Point", "coordinates": [ -0.046190644559458, 51.67449740970207 ] } },
{ "type": "Feature", "properties": { "max_height": 2.9820022583007812, "mean_height": 0.70088821649551392, "std_height": 0.98552227020263672, "count_pixels": 42, "percent_cover": 0.041729592242270089, "percent_above_0.1m": 50.0, "low_level_<0.5": 14.285714285714285, "mid_level_0.5-2": 16.666666666666664, "tall_2+": 19.047619047619047 }, "geometry": { "type": "Point", "coordinates": [ -0.045990380073589, 51.674494076575876 ] } },
{ "type": "Feature", "properties": { "max_height": 1.9452495574951172, "mean_height": 0.23834986984729767, "std_height": 0.44488778710365295, "count_pixels": 43, "percent_cover": 0.042723153962324144, "percent_above_0.1m": 27.906976744186046, "low_level_<0.5": 9.3023255813953494, "mid_level_0.5-2": 18.604651162790699, "tall_2+": 0.0 }, "geometry": { "type": "Point", "coordinates": [ -0.045790115626337, 51.67449074310732 ] } },
{ "type": "Feature", "properties": { "max_height": 0.76825141906738281, "mean_height": 0.034131776541471481, "std_height": 0.11585117131471634, "count_pixels": 42, "percent_cover": 0.041729592242270089, "percent_above_0.1m": 2.3809523809523809, "low_level_<0.5": 0.0, "mid_level_0.5-2": 2.3809523809523809, "tall_2+": 0.0 }, "geometry": { "type": "Point", "coordinates": [ -0.045589851217713, 51.674487409296397 ] } },
{ "type": "Feature", "properties": { "max_height": 1.9012508392333984, "mean_height": 0.6907692551612854, "std_height": 0.62662357091903687, "count_pixels": 42, "percent_cover": 0.041729592242270089, "percent_above_0.1m": 69.047619047619051, "low_level_<0.5": 14.285714285714285, "mid_level_0.5-2": 50.0, "tall_2+": 0.0 }, "geometry": { "type": "Point", "coordinates": [ -0.045389586847712, 51.674484075143113 ] } },
{ "type": "Feature", "properties": { "max_height": 4.6465015411376953, "mean_height": 1.752013087272644, "std_height": 1.0536913871765137, "count_pixels": 42, "percent_cover": 0.041729592242270089, "percent_above_0.1m": 95.238095238095227, "low_level_<0.5": 2.3809523809523809, "mid_level_0.5-2": 52.380952380952387, "tall_2+": 35.714285714285715 }, "geometry": { "type": "Point", "coordinates": [ -0.045189322516337, 51.674480740647482 ] } },
{ "type": "Feature", "properties": { "max_height": 7.4067497253417969, "mean_height": 1.4177802801132202, "std_height": 1.9891003370285034, "count_pixels": 43, "percent_cover": 0.042723153962324144, "percent_above_0.1m": 51.162790697674424, "low_level_<0.5": 4.6511627906976747, "mid_level_0.5-2": 16.279069767441861, "tall_2+": 27.906976744186046 }, "geometry": { "type": "Point", "coordinates": [ -0.044989058223597, 51.674477405809476 ] } },
{ "type": "Feature", "properties": { "max_height": 6.0067520141601562, "mean_height": 1.1307985782623291, "std_height": 1.5151364803314209, "count_pixels": 42, "percent_cover": 0.041729592242270089, "percent_above_0.1m": 54.761904761904766, "low_level_<0.5": 7.1428571428571423, "mid_level_0.5-2": 26.190476190476193, "tall_2+": 21.428571428571427 }, "geometry": { "type": "Point", "coordinates": [ -0.044788793969496, 51.674474070629117 ] } },
{ "type": "Feature", "properties": { "max_height": 2.62225341796875, "mean_height": 0.34253358840942383, "std_height": 0.69541060924530029, "count_pixels": 41, "percent_cover": 0.040736030522216041, "percent_above_0.1m": 26.829268292682929, "low_level_<0.5": 7.3170731707317067, "mid_level_0.5-2": 14.634146341463413, "tall_2+": 4.8780487804878048 }, "geometry": { "type": "Point", "coordinates": [ -0.044588529754033, 51.674470735106397 ] } },
{ "type": "Feature", "properties": { "max_height": 3.1772518157958984, "mean_height": 0.77575123310089111, "std_height": 0.71341997385025024, "count_pixels": 42, "percent_cover": 0.041729592242270089, "percent_above_0.1m": 78.571428571428569, "low_level_<0.5": 9.5238095238095237, "mid_level_0.5-2": 57.142857142857139, "tall_2+": 7.1428571428571423 }, "geometry": { "type": "Point", "coordinates": [ -0.046085872011956, 51.674603574503898 ] } },
{ "type": "Feature", "properties": { "max_height": 3.5090007781982422, "mean_height": 1.2131903171539307, "std_height": 1.1224508285522461, "count_pixels": 41, "percent_cover": 0.040736030522216041, "percent_above_0.1m": 63.414634146341463, "low_level_<0.5": 2.4390243902439024, "mid_level_0.5-2": 31.707317073170731, "tall_2+": 29.268292682926827 }, "geometry": { "type": "Point", "coordinates": [ -0.045885607070414, 51.674600241210662 ] } },
{ "type": "Feature", "properties": { "max_height": 6.8287525177001953, "mean_height": 2.5430014133453369, "std_height": 2.1568143367767334, "count_pixels": 41, "percent_cover": 0.040736030522216041, "percent_above_0.1m": 85.365853658536579, "low_level_<0.5": 4.8780487804878048, "mid_level_0.5-2": 31.707317073170731, "tall_2+": 48.780487804878049 }, "geometry": { "type": "Point", "coordinates": [ -0.045685342167487, 51.674596907575079 ] } },
{ "type": "Feature", "properties": { "max_height": 5.5822505950927734, "mean_height": 2.269442081451416, "std_height": 1.8750089406967163, "count_pixels": 38, "percent_cover": 0.03775534536205389, "percent_above_0.1m": 81.578947368421055, "low_level_<0.5": 7.8947368421052628, "mid_level_0.5-2": 21.052631578947366, "tall_2+": 50.0 }, "geometry": { "type": "Point", "coordinates": [ -0.045485077303182, 51.674593573597107 ] } },
{ "type": "Feature", "properties": { "max_height": 7.4797496795654297, "mean_height": 3.208965539932251, "std_height": 2.6556987762451172, "count_pixels": 42, "percent_cover": 0.041729592242270089, "percent_above_0.1m": 80.952380952380949, "low_level_<0.5": 9.5238095238095237, "mid_level_0.5-2": 14.285714285714285, "tall_2+": 57.142857142857139 }, "geometry": { "type": "Point", "coordinates": [ -0.045284812477511, 51.674590239276803 ] } },
{ "type": "Feature", "properties": { "max_height": 5.4107513427734375, "mean_height": 1.6905988454818726, "std_height": 1.5954297780990601, "count_pixels": 41, "percent_cover": 0.040736030522216041, "percent_above_0.1m": 82.926829268292678, "low_level_<0.5": 12.195121951219512, "mid_level_0.5-2": 29.268292682926827, "tall_2+": 36.585365853658537 }, "geometry": { "type": "Point", "coordinates": [ -0.045084547690468, 51.674586904614131 ] } },
{ "type": "Feature", "properties": { "max_height": 3.2290000915527344, "mean_height": 0.65711057186126709, "std_height": 0.94709068536758423, "count_pixels": 41, "percent_cover": 0.040736030522216041, "percent_above_0.1m": 46.341463414634148, "low_level_<0.5": 7.3170731707317067, "mid_level_0.5-2": 24.390243902439025, "tall_2+": 12.195121951219512 }, "geometry": { "type": "Point", "coordinates": [ -0.044884282942059, 51.674583569609091 ] } },
{ "type": "Feature", "properties": { "max_height": 2.1530017852783203, "mean_height": 0.34113010764122009, "std_height": 0.53297346830368042, "count_pixels": 42, "percent_cover": 0.041729592242270089, "percent_above_0.1m": 35.714285714285715, "low_level_<0.5": 7.1428571428571423, "mid_level_0.5-2": 26.190476190476193, "tall_2+": 2.3809523809523809 }, "geometry": { "type": "Point", "coordinates": [ -0.04468401823229, 51.674580234261697 ] } },
{ "type": "Feature", "properties": { "max_height": 1.6964263916015625, "mean_height": 0.11305365711450577, "std_height": 0.30017650127410889, "count_pixels": 43, "percent_cover": 0.042723153962324144, "percent_above_0.1m": 23.255813953488371, "low_level_<0.5": 16.279069767441861, "mid_level_0.5-2": 4.6511627906976747, "tall_2+": 0.0 }, "geometry": { "type": "Point", "coordinates": [ -0.044483753561166, 51.674576898571928 ] } },
{ "type": "Feature", "properties": { "max_height": 11.246500015258789, "mean_height": 3.9971923828125, "std_height": 2.9326086044311523, "count_pixels": 42, "percent_cover": 0.041729592242270089, "percent_above_0.1m": 92.857142857142861, "low_level_<0.5": 7.1428571428571423, "mid_level_0.5-2": 11.904761904761903, "tall_2+": 71.428571428571431 }, "geometry": { "type": "Point", "coordinates": [ -0.045981098970152, 51.674709739222784 ] } },
{ "type": "Feature", "properties": { "max_height": 5.7297515869140625, "mean_height": 1.0298851728439331, "std_height": 1.2597787380218506, "count_pixels": 43, "percent_cover": 0.042723153962324144, "percent_above_0.1m": 69.767441860465112, "low_level_<0.5": 6.9767441860465116, "mid_level_0.5-2": 46.511627906976742, "tall_2+": 13.953488372093023 }, "geometry": { "type": "Point", "coordinates": [ -0.045780833572926, 51.674706405762514 ] } },
{ "type": "Feature", "properties": { "max_height": 5.3265018463134766, "mean_height": 3.616692066192627, "std_height": 0.95408570766448975, "count_pixels": 42, "percent_cover": 0.041729592242270089, "percent_above_0.1m": 100.0, "low_level_<0.5": 0.0, "mid_level_0.5-2": 2.3809523809523809, "tall_2+": 97.61904761904762 }, "geometry": { "type": "Point", "coordinates": [ -0.04558056821432, 51.674703071959897 ] } },
{ "type": "Feature", "properties": { "max_height": 4.9120006561279297, "mean_height": 1.2464776039123535, "std_height": 1.6632519960403442, "count_pixels": 42, "percent_cover": 0.041729592242270089, "percent_above_0.1m": 40.476190476190474, "low_level_<0.5": 0.0, "mid_level_0.5-2": 7.1428571428571423, "tall_2+": 33.333333333333329 }, "geometry": { "type": "Point", "coordinates": [ -0.045380302894342, 51.674699737814905 ] } },
{ "type": "Feature", "properties": { "max_height": 7.5629997253417969, "mean_height": 1.5396499633789062, "std_height": 1.6961547136306763, "count_pixels": 42, "percent_cover": 0.041729592242270089, "percent_above_0.1m": 85.714285714285708, "low_level_<0.5": 11.904761904761903, "mid_level_0.5-2": 47.619047619047613, "tall_2+": 26.190476190476193 }, "geometry": { "type": "Point", "coordinates": [ -0.046076591325562, 51.674819237143666 ] } },
{ "type": "Feature", "properties": { "max_height": 8.5270023345947266, "mean_height": 3.0191538333892822, "std_height": 2.2074124813079834, "count_pixels": 41, "percent_cover": 0.040736030522216041, "percent_above_0.1m": 87.804878048780495, "low_level_<0.5": 7.3170731707317067, "mid_level_0.5-2": 19.512195121951219, "tall_2+": 60.975609756097562 }, "geometry": { "type": "Point", "coordinates": [ -0.045876325434031, 51.674815903858736 ] } },
{ "type": "Feature", "properties": { "max_height": 4.1255016326904297, "mean_height": 0.91798287630081177, "std_height": 1.1258028745651245, "count_pixels": 41, "percent_cover": 0.040736030522216041, "percent_above_0.1m": 60.975609756097562, "low_level_<0.5": 7.3170731707317067, "mid_level_0.5-2": 26.829268292682929, "tall_2+": 17.073170731707318 }, "geometry": { "type": "Point", "coordinates": [ -0.045676059581122, 51.674812570231438 ] } },
{ "type": "Feature", "properties": { "max_height": 5.7470016479492188, "mean_height": 4.2058825492858887, "std_height": 1.2348853349685669, "count_pixels": 38, "percent_cover": 0.03775534536205389, "percent_above_0.1m": 100.0, "low_level_<0.5": 0.0, "mid_level_0.5-2": 7.8947368421052628, "tall_2+": 92.10526315789474 }, "geometry": { "type": "Point", "coordinates": [ -0.045475793766839, 51.674809236261773 ] } },
{ "type": "Feature", "properties": { "max_height": 7.8442497253417969, "mean_height": 2.0829119682312012, "std_height": 1.9478744268417358, "count_pixels": 42, "percent_cover": 0.041729592242270089, "percent_above_0.1m": 80.952380952380949, "low_level_<0.5": 9.5238095238095237, "mid_level_0.5-2": 19.047619047619047, "tall_2+": 50.0 }, "geometry": { "type": "Point", "coordinates": [ -0.045971817750813, 51.67492540186371 ] } },
{ "type": "Feature", "properties": { "max_height": 5.3300018310546875, "mean_height": 2.2126641273498535, "std_height": 2.0915987491607666, "count_pixels": 43, "percent_cover": 0.042723153962324144, "percent_above_0.1m": 65.116279069767444, "low_level_<0.5": 0.0, "mid_level_0.5-2": 18.604651162790699, "tall_2+": 46.511627906976742 }, "geometry": { "type": "Point", "coordinates": [ -0.045771551403592, 51.674922068411746 ] } },
{ "type": "Feature", "properties": { "max_height": 6.0250034332275391, "mean_height": 2.5155847072601318, "std_height": 2.2634203433990479, "count_pixels": 42, "percent_cover": 0.041729592242270089, "percent_above_0.1m": 69.047619047619051, "low_level_<0.5": 0.0, "mid_level_0.5-2": 21.428571428571427, "tall_2+": 45.238095238095241 }, "geometry": { "type": "Point", "coordinates": [ -0.045571285095002, 51.674918734617421 ] } },
{ "type": "Feature", "properties": { "max_height": 5.7637519836425781, "mean_height": 1.1156679391860962, "std_height": 1.7560722827911377, "count_pixels": 42, "percent_cover": 0.041729592242270089, "percent_above_0.1m": 40.476190476190474, "low_level_<0.5": 7.1428571428571423, "mid_level_0.5-2": 9.5238095238095237, "tall_2+": 23.809523809523807 }, "geometry": { "type": "Point", "coordinates": [ -0.045371018825038, 51.674915400480721 ] } },
{ "type": "Feature", "properties": { "max_height": 6.9707508087158203, "mean_height": 3.1293368339538574, "std_height": 1.6126667261123657, "count_pixels": 41, "percent_cover": 0.040736030522216041, "percent_above_0.1m": 92.682926829268297, "low_level_<0.5": 0.0, "mid_level_0.5-2": 14.634146341463413, "tall_2+": 78.048780487804876 }, "geometry": { "type": "Point", "coordinates": [ -0.045867043681744, 51.675031566500827 ] } },
{ "type": "Feature", "properties": { "max_height": 4.8690013885498047, "mean_height": 1.7989770174026489, "std_height": 1.5136018991470337, "count_pixels": 41, "percent_cover": 0.040736030522216041, "percent_above_0.1m": 80.487804878048792, "low_level_<0.5": 9.7560975609756095, "mid_level_0.5-2": 26.829268292682929, "tall_2+": 43.902439024390247 }, "geometry": { "type": "Point", "coordinates": [ -0.045666776878836, 51.675028232881822 ] } },
{ "type": "Feature", "properties": { "max_height": 5.4415016174316406, "mean_height": 2.4118497371673584, "std_height": 1.7287837266921997, "count_pixels": 38, "percent_cover": 0.03775534536205389, "percent_above_0.1m": 89.473684210526315, "low_level_<0.5": 10.526315789473683, "mid_level_0.5-2": 18.421052631578945, "tall_2+": 57.894736842105267 }, "geometry": { "type": "Point", "coordinates": [ -0.045466510114557, 51.675024898920462 ] } },
{ "type": "Feature", "properties": { "max_height": 3.1567535400390625, "mean_height": 0.84751349687576294, "std_height": 1.0978901386260986, "count_pixels": 42, "percent_cover": 0.041729592242270089, "percent_above_0.1m": 50.0, "low_level_<0.5": 4.7619047619047619, "mid_level_0.5-2": 21.428571428571427, "tall_2+": 21.428571428571427 }, "geometry": { "type": "Point", "coordinates": [ -0.045962536415566, 51.675141064498682 ] } },
{ "type": "Feature", "properties": { "max_height": 5.5400028228759766, "mean_height": 3.2736294269561768, "std_height": 0.77691644430160522, "count_pixels": 43, "percent_cover": 0.042723153962324144, "percent_above_0.1m": 100.0, "low_level_<0.5": 0.0, "mid_level_0.5-2": 4.6511627906976747, "tall_2+": 95.348837209302332 }, "geometry": { "type": "Point", "coordinates": [ -0.045762269118348, 51.675137731054996 ] } },
{ "type": "Feature", "properties": { "max_height": 5.1107501983642578, "mean_height": 1.8193525075912476, "std_height": 1.4481608867645264, "count_pixels": 42, "percent_cover": 0.041729592242270089, "percent_above_0.1m": 78.571428571428569, "low_level_<0.5": 4.7619047619047619, "mid_level_0.5-2": 28.571428571428569, "tall_2+": 42.857142857142854 }, "geometry": { "type": "Point", "coordinates": [ -0.045562001859755, 51.675134397268955 ] } },
{ "type": "Feature", "properties": { "max_height": 4.9720020294189453, "mean_height": 0.49600723385810852, "std_height": 1.0797163248062134, "count_pixels": 42, "percent_cover": 0.041729592242270089, "percent_above_0.1m": 28.571428571428569, "low_level_<0.5": 4.7619047619047619, "mid_level_0.5-2": 14.285714285714285, "tall_2+": 9.5238095238095237 }, "geometry": { "type": "Point", "coordinates": [ -0.045361734639788, 51.675131063140576 ] } },
{ "type": "Feature", "properties": { "max_height": 7.6637496948242188, "mean_height": 3.3584468364715576, "std_height": 1.845097541809082, "count_pixels": 41, "percent_cover": 0.040736030522216041, "percent_above_0.1m": 92.682926829268297, "low_level_<0.5": 2.4390243902439024, "mid_level_0.5-2": 7.3170731707317067, "tall_2+": 82.926829268292678 }, "geometry": { "type": "Point", "coordinates": [ -0.04585776181354, 51.675247229136936 ] } },
{ "type": "Feature", "properties": { "max_height": 3.7897529602050781, "mean_height": 1.8940317630767822, "std_height": 1.0282828807830811, "count_pixels": 41, "percent_cover": 0.040736030522216041, "percent_above_0.1m": 95.121951219512198, "low_level_<0.5": 4.8780487804878048, "mid_level_0.5-2": 36.585365853658537, "tall_2+": 51.219512195121951 }, "geometry": { "type": "Point", "coordinates": [ -0.045657494060627, 51.675243895526236 ] } },
{ "type": "Feature", "properties": { "max_height": 5.0362510681152344, "mean_height": 2.2950737476348877, "std_height": 1.7440869808197021, "count_pixels": 38, "percent_cover": 0.03775534536205389, "percent_above_0.1m": 76.31578947368422, "low_level_<0.5": 2.6315789473684208, "mid_level_0.5-2": 15.789473684210526, "tall_2+": 57.894736842105267 }, "geometry": { "type": "Point", "coordinates": [ -0.045457226346341, 51.675240561573169 ] } },
{ "type": "Feature", "properties": { "max_height": 8.9892520904541016, "mean_height": 4.2913408279418945, "std_height": 3.2603247165679932, "count_pixels": 42, "percent_cover": 0.041729592242270089, "percent_above_0.1m": 85.714285714285708, "low_level_<0.5": 2.3809523809523809, "mid_level_0.5-2": 19.047619047619047, "tall_2+": 64.285714285714292 }, "geometry": { "type": "Point", "coordinates": [ -0.045953254964414, 51.675356727127649 ] } },
{ "type": "Feature", "properties": { "max_height": 6.4612503051757812, "mean_height": 4.1632280349731445, "std_height": 1.1477009057998657, "count_pixels": 43, "percent_cover": 0.042723153962324144, "percent_above_0.1m": 100.0, "low_level_<0.5": 0.0, "mid_level_0.5-2": 2.3255813953488373, "tall_2+": 97.674418604651152 }, "geometry": { "type": "Point", "coordinates": [ -0.04575298671718, 51.675353393692284 ] } },
{ "type": "Feature", "properties": { "max_height": 4.7180023193359375, "mean_height": 1.3994715213775635, "std_height": 1.3903645277023315, "count_pixels": 42, "percent_cover": 0.041729592242270089, "percent_above_0.1m": 73.80952380952381, "low_level_<0.5": 11.904761904761903, "mid_level_0.5-2": 23.809523809523807, "tall_2+": 35.714285714285715 }, "geometry": { "type": "Point", "coordinates": [ -0.045552718508575, 51.675350059914535 ] } },
{ "type": "Feature", "properties": { "max_height": 3.8162517547607422, "mean_height": 0.51688814163208008, "std_height": 0.92433512210845947, "count_pixels": 42, "percent_cover": 0.041729592242270089, "percent_above_0.1m": 42.857142857142854, "low_level_<0.5": 11.904761904761903, "mid_level_0.5-2": 14.285714285714285, "tall_2+": 9.5238095238095237 }, "geometry": { "type": "Point", "coordinates": [ -0.045352450338598, 51.675346725794405 ] } },
{ "type": "Feature", "properties": { "max_height": 13.349750518798828, "mean_height": 2.455446720123291, "std_height": 2.8941526412963867, "count_pixels": 41, "percent_cover": 0.040736030522216041, "percent_above_0.1m": 78.048780487804876, "low_level_<0.5": 7.3170731707317067, "mid_level_0.5-2": 21.951219512195124, "tall_2+": 43.902439024390247 }, "geometry": { "type": "Point", "coordinates": [ -0.045848479820893, 51.675462891751032 ] } },
{ "type": "Feature", "properties": { "max_height": 10.154502868652344, "mean_height": 3.6661908626556396, "std_height": 2.3055727481842041, "count_pixels": 41, "percent_cover": 0.040736030522216041, "percent_above_0.1m": 95.121951219512198, "low_level_<0.5": 4.8780487804878048, "mid_level_0.5-2": 12.195121951219512, "tall_2+": 75.609756097560975 }, "geometry": { "type": "Point", "coordinates": [ -0.045648211121093, 51.675459558150415 ] } },
{ "type": "Feature", "properties": { "max_height": 8.8577499389648438, "mean_height": 4.2298307418823242, "std_height": 2.8550605773925781, "count_pixels": 38, "percent_cover": 0.03775534536205389, "percent_above_0.1m": 81.578947368421055, "low_level_<0.5": 0.0, "mid_level_0.5-2": 5.2631578947368416, "tall_2+": 76.31578947368422 }, "geometry": { "type": "Point", "coordinates": [ -0.04544794245872, 51.67545622420716 ] } },
{ "type": "Feature", "properties": { "max_height": 9.2472515106201172, "mean_height": 2.8725297451019287, "std_height": 2.6915669441223145, "count_pixels": 43, "percent_cover": 0.042723153962324144, "percent_above_0.1m": 79.069767441860463, "low_level_<0.5": 2.3255813953488373, "mid_level_0.5-2": 23.255813953488371, "tall_2+": 53.488372093023251 }, "geometry": { "type": "Point", "coordinates": [ -0.045743704046077, 51.675569056223907 ] } },
{ "type": "Feature", "properties": { "max_height": 7.4827499389648438, "mean_height": 1.6783581972122192, "std_height": 2.0824315547943115, "count_pixels": 42, "percent_cover": 0.041729592242270089, "percent_above_0.1m": 73.80952380952381, "low_level_<0.5": 2.3809523809523809, "mid_level_0.5-2": 40.476190476190474, "tall_2+": 26.190476190476193 }, "geometry": { "type": "Point", "coordinates": [ -0.045543434892966, 51.675565722455801 ] } },
{ "type": "Feature", "properties": { "max_height": 0.66175079345703125, "mean_height": 0.059923809021711349, "std_height": 0.14099101722240448, "count_pixels": 42, "percent_cover": 0.041729592242270089, "percent_above_0.1m": 16.666666666666664, "low_level_<0.5": 7.1428571428571423, "mid_level_0.5-2": 2.3809523809523809, "tall_2+": 0.0 }, "geometry": { "type": "Point", "coordinates": [ -0.045343165778364, 51.675562388344609 ] } },
{ "type": "Feature", "properties": { "max_height": 9.0217514038085938, "mean_height": 2.9170806407928467, "std_height": 3.2905747890472412, "count_pixels": 41, "percent_cover": 0.040736030522216041, "percent_above_0.1m": 70.731707317073173, "low_level_<0.5": 2.4390243902439024, "mid_level_0.5-2": 21.951219512195124, "tall_2+": 41.463414634146339 }, "geometry": { "type": "Point", "coordinates": [ -0.045839197349368, 51.675678554148021 ] } },
{ "type": "Feature", "properties": { "max_height": 3.4240016937255859, "mean_height": 1.2219403982162476, "std_height": 0.98778527975082397, "count_pixels": 41, "percent_cover": 0.040736030522216041, "percent_above_0.1m": 82.926829268292678, "low_level_<0.5": 14.634146341463413, "mid_level_0.5-2": 43.902439024390247, "tall_2+": 24.390243902439025 }, "geometry": { "type": "Point", "coordinates": [ -0.045638927699975, 51.675675220551227 ] } },
{ "type": "Feature", "properties": { "max_height": 5.8275012969970703, "mean_height": 1.613376259803772, "std_height": 1.7322885990142822, "count_pixels": 38, "percent_cover": 0.03775534536205389, "percent_above_0.1m": 76.31578947368422, "low_level_<0.5": 7.8947368421052628, "mid_level_0.5-2": 39.473684210526315, "tall_2+": 26.315789473684209 }, "geometry": { "type": "Point", "coordinates": [ -0.045438658089334, 51.675671886612328 ] } },
{ "type": "Feature", "properties": { "max_height": 5.8620014190673828, "mean_height": 0.66206091642379761, "std_height": 1.4958232641220093, "count_pixels": 42, "percent_cover": 0.041729592242270089, "percent_above_0.1m": 23.809523809523807, "low_level_<0.5": 2.3809523809523809, "mid_level_0.5-2": 9.5238095238095237, "tall_2+": 11.904761904761903 }, "geometry": { "type": "Point", "coordinates": [ -0.045238388517442, 51.675668552331295 ] } },
{ "type": "Feature", "properties": { "max_height": 4.1270008087158203, "mean_height": 0.99132680892944336, "std_height": 1.1832460165023804, "count_pixels": 43, "percent_cover": 0.042723153962324144, "percent_above_0.1m": 67.441860465116278, "low_level_<0.5": 20.930232558139537, "mid_level_0.5-2": 23.255813953488371, "tall_2+": 20.930232558139537 }, "geometry": { "type": "Point", "coordinates": [ -0.045734420964507, 51.675784718559171 ] } },
{ "type": "Feature", "properties": { "max_height": 5.7185020446777344, "mean_height": 2.4997990131378174, "std_height": 1.8149961233139038, "count_pixels": 42, "percent_cover": 0.041729592242270089, "percent_above_0.1m": 92.857142857142861, "low_level_<0.5": 11.904761904761903, "mid_level_0.5-2": 21.428571428571427, "tall_2+": 57.142857142857139 }, "geometry": { "type": "Point", "coordinates": [ -0.04553415085748, 51.675781384791236 ] } },
{ "type": "Feature", "properties": { "max_height": 6.3387489318847656, "mean_height": 4.5615196228027344, "std_height": 1.1924570798873901, "count_pixels": 42, "percent_cover": 0.041729592242270089, "percent_above_0.1m": 100.0, "low_level_<0.5": 0.0, "mid_level_0.5-2": 4.7619047619047619, "tall_2+": 95.238095238095227 }, "geometry": { "type": "Point", "coordinates": [ -0.045333880789199, 51.675778050681167 ] } },
{ "type": "Feature", "properties": { "max_height": 7.8142528533935547, "mean_height": 1.8796901702880859, "std_height": 2.2466468811035156, "count_pixels": 41, "percent_cover": 0.040736030522216041, "percent_above_0.1m": 65.853658536585371, "low_level_<0.5": 7.3170731707317067, "mid_level_0.5-2": 9.7560975609756095, "tall_2+": 41.463414634146339 }, "geometry": { "type": "Point", "coordinates": [ -0.04562964408325, 51.675890882883024 ] } },
{ "type": "Feature", "properties": { "max_height": 7.4902515411376953, "mean_height": 2.9195144176483154, "std_height": 1.7018214464187622, "count_pixels": 38, "percent_cover": 0.03775534536205389, "percent_above_0.1m": 97.368421052631575, "low_level_<0.5": 2.6315789473684208, "mid_level_0.5-2": 26.315789473684209, "tall_2+": 68.421052631578945 }, "geometry": { "type": "Point", "coordinates": [ -0.04542937351858, 51.675887548943926 ] } },
{ "type": "Feature", "properties": { "max_height": 5.6942501068115234, "mean_height": 2.0037631988525391, "std_height": 1.9212239980697632, "count_pixels": 42, "percent_cover": 0.041729592242270089, "percent_above_0.1m": 64.285714285714292, "low_level_<0.5": 4.7619047619047619, "mid_level_0.5-2": 7.1428571428571423, "tall_2+": 52.380952380952387 }, "geometry": { "type": "Point", "coordinates": [ -0.045229102992668, 51.675884214662744 ] } },
{ "type": "Feature", "properties": { "max_height": 5.7467517852783203, "mean_height": 0.82611757516860962, "std_height": 1.4177474975585938, "count_pixels": 43, "percent_cover": 0.042723153962324144, "percent_above_0.1m": 46.511627906976742, "low_level_<0.5": 6.9767441860465116, "mid_level_0.5-2": 20.930232558139537, "tall_2+": 16.279069767441861 }, "geometry": { "type": "Point", "coordinates": [ -0.045725137766646, 51.676000380887693 ] } },
{ "type": "Feature", "properties": { "max_height": 6.9290008544921875, "mean_height": 1.5077097415924072, "std_height": 1.5157685279846191, "count_pixels": 42, "percent_cover": 0.041729592242270089, "percent_above_0.1m": 90.476190476190482, "low_level_<0.5": 11.904761904761903, "mid_level_0.5-2": 54.761904761904766, "tall_2+": 21.428571428571427 }, "geometry": { "type": "Point", "coordinates": [ -0.045524866705588, 51.675997047119573 ] } },
{ "type": "Feature", "properties": { "max_height": 7.5990009307861328, "mean_height": 4.1068463325500488, "std_height": 1.8417356014251709, "count_pixels": 42, "percent_cover": 0.041729592242270089, "percent_above_0.1m": 100.0, "low_level_<0.5": 0.0, "mid_level_0.5-2": 19.047619047619047, "tall_2+": 80.952380952380949 }, "geometry": { "type": "Point", "coordinates": [ -0.045324595683276, 51.675993713009319 ] } },
{ "type": "Feature", "properties": { "max_height": 7.8102531433105469, "mean_height": 2.3997876644134521, "std_height": 1.7643189430236816, "count_pixels": 41, "percent_cover": 0.040736030522216041, "percent_above_0.1m": 85.365853658536579, "low_level_<0.5": 2.4390243902439024, "mid_level_0.5-2": 21.951219512195124, "tall_2+": 60.975609756097562 }, "geometry": { "type": "Point", "coordinates": [ -0.045620360350221, 51.676106545208071 ] } },
{ "type": "Feature", "properties": { "max_height": 5.5255012512207031, "mean_height": 1.7895739078521729, "std_height": 1.4105637073516846, "count_pixels": 38, "percent_cover": 0.03775534536205389, "percent_above_0.1m": 89.473684210526315, "low_level_<0.5": 15.789473684210526, "mid_level_0.5-2": 39.473684210526315, "tall_2+": 34.210526315789473 }, "geometry": { "type": "Point", "coordinates": [ -0.045420088831515, 51.676103211268789 ] } },
{ "type": "Feature", "properties": { "max_height": 6.5550022125244141, "mean_height": 1.9893347024917603, "std_height": 1.6050435304641724, "count_pixels": 42, "percent_cover": 0.041729592242270089, "percent_above_0.1m": 92.857142857142861, "low_level_<0.5": 9.5238095238095237, "mid_level_0.5-2": 45.238095238095241, "tall_2+": 38.095238095238095 }, "geometry": { "type": "Point", "coordinates": [ -0.045219817351563, 51.676099876987422 ] } },
{ "type": "Feature", "properties": { "max_height": 8.8810005187988281, "mean_height": 4.5055365562438965, "std_height": 3.4231767654418945, "count_pixels": 43, "percent_cover": 0.042723153962324144, "percent_above_0.1m": 81.395348837209298, "low_level_<0.5": 2.3255813953488373, "mid_level_0.5-2": 11.627906976744185, "tall_2+": 65.116279069767444 }, "geometry": { "type": "Point", "coordinates": [ -0.045715854452492, 51.676216043209443 ] } },
{ "type": "Feature", "properties": { "max_height": 4.4117507934570312, "mean_height": 2.4252216815948486, "std_height": 1.3382763862609863, "count_pixels": 42, "percent_cover": 0.041729592242270089, "percent_above_0.1m": 88.095238095238088, "low_level_<0.5": 4.7619047619047619, "mid_level_0.5-2": 14.285714285714285, "tall_2+": 69.047619047619051 }, "geometry": { "type": "Point", "coordinates": [ -0.045515582437384, 51.676212709441131 ] } },
{ "type": "Feature", "properties": { "max_height": 6.0370025634765625, "mean_height": 3.7423648834228516, "std_height": 1.5066131353378296, "count_pixels": 42, "percent_cover": 0.041729592242270089, "percent_above_0.1m": 100.0, "low_level_<0.5": 7.1428571428571423, "mid_level_0.5-2": 4.7619047619047619, "tall_2+": 88.095238095238088 }, "geometry": { "type": "Point", "coordinates": [ -0.045315310461031, 51.676209375330714 ] } },
{ "type": "Feature", "properties": { "max_height": 3.4905014038085938, "mean_height": 1.5230439901351929, "std_height": 1.2398505210876465, "count_pixels": 41, "percent_cover": 0.040736030522216041, "percent_above_0.1m": 75.609756097560975, "low_level_<0.5": 7.3170731707317067, "mid_level_0.5-2": 31.707317073170731, "tall_2+": 36.585365853658537 }, "geometry": { "type": "Point", "coordinates": [ -0.04561107650089, 51.676322207526326 ] } },
{ "type": "Feature", "properties": { "max_height": 3.8922519683837891, "mean_height": 1.7651262283325195, "std_height": 1.2498612403869629, "count_pixels": 38, "percent_cover": 0.03775534536205389, "percent_above_0.1m": 94.73684210526315, "low_level_<0.5": 18.421052631578945, "mid_level_0.5-2": 23.684210526315788, "tall_2+": 47.368421052631575 }, "geometry": { "type": "Point", "coordinates": [ -0.045410804028135, 51.676318873586879 ] } },
{ "type": "Feature", "properties": { "max_height": 5.4120006561279297, "mean_height": 2.3861737251281738, "std_height": 1.4720734357833862, "count_pixels": 42, "percent_cover": 0.041729592242270089, "percent_above_0.1m": 92.857142857142861, "low_level_<0.5": 2.3809523809523809, "mid_level_0.5-2": 21.428571428571427, "tall_2+": 69.047619047619051 }, "geometry": { "type": "Point", "coordinates": [ -0.045210531594129, 51.676315539305335 ] } },
{ "type": "Feature", "properties": { "max_height": 9.0920009613037109, "mean_height": 5.0485014915466309, "std_height": 2.8069107532501221, "count_pixels": 43, "percent_cover": 0.042723153962324144, "percent_above_0.1m": 95.348837209302332, "low_level_<0.5": 2.3255813953488373, "mid_level_0.5-2": 6.9767441860465116, "tall_2+": 86.04651162790698 }, "geometry": { "type": "Point", "coordinates": [ -0.045706571022039, 51.676431705524394 ] } },
{ "type": "Feature", "properties": { "max_height": 4.8380012512207031, "mean_height": 2.3402752876281738, "std_height": 1.1587390899658203, "count_pixels": 42, "percent_cover": 0.041729592242270089, "percent_above_0.1m": 97.61904761904762, "low_level_<0.5": 7.1428571428571423, "mid_level_0.5-2": 21.428571428571427, "tall_2+": 69.047619047619051 }, "geometry": { "type": "Point", "coordinates": [ -0.045506298052872, 51.676428371755932 ] } },
{ "type": "Feature", "properties": { "max_height": 8.7172527313232422, "mean_height": 4.11639404296875, "std_height": 1.6797572374343872, "count_pixels": 42, "percent_cover": 0.041729592242270089, "percent_above_0.1m": 100.0, "low_level_<0.5": 2.3809523809523809, "mid_level_0.5-2": 7.1428571428571423, "tall_2+": 90.476190476190482 }, "geometry": { "type": "Point", "coordinates": [ -0.045306025122463, 51.67642503764533 ] } },
{ "type": "Feature", "properties": { "max_height": 6.0875034332275391, "mean_height": 1.7673671245574951, "std_height": 1.7275055646896362, "count_pixels": 41, "percent_cover": 0.040736030522216041, "percent_above_0.1m": 75.609756097560975, "low_level_<0.5": 4.8780487804878048, "mid_level_0.5-2": 19.512195121951219, "tall_2+": 43.902439024390247 }, "geometry": { "type": "Point", "coordinates": [ -0.045601792535255, 51.676537869837844 ] } },
{ "type": "Feature", "properties": { "max_height": 4.5347499847412109, "mean_height": 1.6516921520233154, "std_height": 1.2433021068572998, "count_pixels": 38, "percent_cover": 0.03775534536205389, "percent_above_0.1m": 86.842105263157904, "low_level_<0.5": 7.8947368421052628, "mid_level_0.5-2": 39.473684210526315, "tall_2+": 39.473684210526315 }, "geometry": { "type": "Point", "coordinates": [ -0.045401519108431, 51.676534535898206 ] } },
{ "type": "Feature", "properties": { "max_height": 8.1394996643066406, "mean_height": 1.996644139289856, "std_height": 2.2692775726318359, "count_pixels": 42, "percent_cover": 0.041729592242270089, "percent_above_0.1m": 85.714285714285708, "low_level_<0.5": 16.666666666666664, "mid_level_0.5-2": 23.809523809523807, "tall_2+": 40.476190476190474 }, "geometry": { "type": "Point", "coordinates": [ -0.045201245720373, 51.67653120161647 ] } },
{ "type": "Feature", "properties": { "max_height": 2.4732513427734375, "mean_height": 0.22985586524009705, "std_height": 0.55126196146011353, "count_pixels": 43, "percent_cover": 0.042723153962324144, "percent_above_0.1m": 25.581395348837212, "low_level_<0.5": 9.3023255813953494, "mid_level_0.5-2": 9.3023255813953494, "tall_2+": 4.6511627906976747 }, "geometry": { "type": "Point", "coordinates": [ -0.045697287475282, 51.676647367832622 ] } },
{ "type": "Feature", "properties": { "max_height": 6.4585018157958984, "mean_height": 1.7033227682113647, "std_height": 1.5453858375549316, "count_pixels": 42, "percent_cover": 0.041729592242270089, "percent_above_0.1m": 80.952380952380949, "low_level_<0.5": 2.3809523809523809, "mid_level_0.5-2": 33.333333333333329, "tall_2+": 40.476190476190474 }, "geometry": { "type": "Point", "coordinates": [ -0.045497013552049, 51.676644034063962 ] } },
{ "type": "Feature", "properties": { "max_height": 5.7705039978027344, "mean_height": 3.1222987174987793, "std_height": 1.697210431098938, "count_pixels": 42, "percent_cover": 0.041729592242270089, "percent_above_0.1m": 95.238095238095227, "low_level_<0.5": 7.1428571428571423, "mid_level_0.5-2": 11.904761904761903, "tall_2+": 76.19047619047619 }, "geometry": { "type": "Point", "coordinates": [ -0.045296739667571, 51.67664069995319 ] } },
{ "type": "Feature", "properties": { "max_height": 3.5045013427734375, "mean_height": 0.54353147745132446, "std_height": 0.89891117811203003, "count_pixels": 41, "percent_cover": 0.040736030522216041, "percent_above_0.1m": 41.463414634146339, "low_level_<0.5": 14.634146341463413, "mid_level_0.5-2": 17.073170731707318, "tall_2+": 9.7560975609756095 }, "geometry": { "type": "Point", "coordinates": [ -0.045792782872954, 51.676756865740266 ] } },
{ "type": "Feature", "properties": { "max_height": 8.0314998626708984, "mean_height": 3.402592658996582, "std_height": 2.2173960208892822, "count_pixels": 41, "percent_cover": 0.040736030522216041, "percent_above_0.1m": 90.243902439024396, "low_level_<0.5": 2.4390243902439024, "mid_level_0.5-2": 19.512195121951219, "tall_2+": 68.292682926829272 }, "geometry": { "type": "Point", "coordinates": [ -0.045592508453312, 51.676753532142584 ] } },
{ "type": "Feature", "properties": { "max_height": 4.5392532348632812, "mean_height": 1.9336200952529907, "std_height": 1.6287226676940918, "count_pixels": 38, "percent_cover": 0.03775534536205389, "percent_above_0.1m": 76.31578947368422, "low_level_<0.5": 5.2631578947368416, "mid_level_0.5-2": 18.421052631578945, "tall_2+": 50.0 }, "geometry": { "type": "Point", "coordinates": [ -0.045392234072412, 51.676750198202775 ] } },
{ "type": "Feature", "properties": { "max_height": 4.4400005340576172, "mean_height": 0.91479873657226562, "std_height": 1.398301362991333, "count_pixels": 42, "percent_cover": 0.041729592242270089, "percent_above_0.1m": 52.380952380952387, "low_level_<0.5": 11.904761904761903, "mid_level_0.5-2": 11.904761904761903, "tall_2+": 21.428571428571427 }, "geometry": { "type": "Point", "coordinates": [ -0.045191959730282, 51.676746863920847 ] } },
{ "type": "Feature", "properties": { "max_height": 4.4462509155273438, "mean_height": 0.93405371904373169, "std_height": 1.1717453002929688, "count_pixels": 43, "percent_cover": 0.042723153962324144, "percent_above_0.1m": 55.813953488372093, "low_level_<0.5": 9.3023255813953494, "mid_level_0.5-2": 27.906976744186046, "tall_2+": 18.604651162790699 }, "geometry": { "type": "Point", "coordinates": [ -0.045688003812216, 51.676863030134065 ] } },
{ "type": "Feature", "properties": { "max_height": 6.4985008239746094, "mean_height": 1.3120487928390503, "std_height": 1.7148863077163696, "count_pixels": 42, "percent_cover": 0.041729592242270089, "percent_above_0.1m": 52.380952380952387, "low_level_<0.5": 4.7619047619047619, "mid_level_0.5-2": 16.666666666666664, "tall_2+": 30.952380952380953 }, "geometry": { "type": "Point", "coordinates": [ -0.045487728934909, 51.676859696365241 ] } },
{ "type": "Feature", "properties": { "max_height": 4.1677513122558594, "mean_height": 2.2333109378814697, "std_height": 1.4464091062545776, "count_pixels": 42, "percent_cover": 0.041729592242270089, "percent_above_0.1m": 88.095238095238088, "low_level_<0.5": 9.5238095238095237, "mid_level_0.5-2": 14.285714285714285, "tall_2+": 61.904761904761905 }, "geometry": { "type": "Point", "coordinates": [ -0.045287454096354, 51.676856362254291 ] } },
{ "type": "Feature", "properties": { "max_height": 4.6700019836425781, "mean_height": 1.8904404640197754, "std_height": 1.3843204975128174, "count_pixels": 41, "percent_cover": 0.040736030522216041, "percent_above_0.1m": 80.487804878048792, "low_level_<0.5": 2.4390243902439024, "mid_level_0.5-2": 31.707317073170731, "tall_2+": 46.341463414634148 }, "geometry": { "type": "Point", "coordinates": [ -0.045583224255056, 51.676969194440574 ] } },
{ "type": "Feature", "properties": { "max_height": 2.85675048828125, "mean_height": 0.59657341241836548, "std_height": 0.87434113025665283, "count_pixels": 38, "percent_cover": 0.03775534536205389, "percent_above_0.1m": 44.736842105263158, "low_level_<0.5": 5.2631578947368416, "mid_level_0.5-2": 21.052631578947366, "tall_2+": 13.157894736842104 }, "geometry": { "type": "Point", "coordinates": [ -0.045382948920072, 51.67696586050058 ] } },
{ "type": "Feature", "properties": { "max_height": 4.8717517852783203, "mean_height": 2.6329834461212158, "std_height": 1.0642740726470947, "count_pixels": 42, "percent_cover": 0.041729592242270089, "percent_above_0.1m": 95.238095238095227, "low_level_<0.5": 0.0, "mid_level_0.5-2": 21.428571428571427, "tall_2+": 73.80952380952381 }, "geometry": { "type": "Point", "coordinates": [ -0.045182673623853, 51.676962526218468 ] } },
{ "type": "Feature", "properties": { "max_height": 4.3745002746582031, "mean_height": 0.97298341989517212, "std_height": 1.4980950355529785, "count_pixels": 43, "percent_cover": 0.042723153962324144, "percent_above_0.1m": 37.209302325581397, "low_level_<0.5": 2.3255813953488373, "mid_level_0.5-2": 6.9767441860465116, "tall_2+": 25.581395348837212 }, "geometry": { "type": "Point", "coordinates": [ -0.045678720032855, 51.677078692428758 ] } },
{ "type": "Feature", "properties": { "max_height": 5.8822517395019531, "mean_height": 2.019364595413208, "std_height": 1.8241524696350098, "count_pixels": 42, "percent_cover": 0.041729592242270089, "percent_above_0.1m": 69.047619047619051, "low_level_<0.5": 2.3809523809523809, "mid_level_0.5-2": 16.666666666666664, "tall_2+": 50.0 }, "geometry": { "type": "Point", "coordinates": [ -0.045478444201453, 51.677075358659749 ] } },
{ "type": "Feature", "properties": { "max_height": 4.1565017700195312, "mean_height": 0.9913642406463623, "std_height": 1.1383582353591919, "count_pixels": 42, "percent_cover": 0.041729592242270089, "percent_above_0.1m": 59.523809523809526, "low_level_<0.5": 7.1428571428571423, "mid_level_0.5-2": 30.952380952380953, "tall_2+": 19.047619047619047 }, "geometry": { "type": "Point", "coordinates": [ -0.045278168408806, 51.6770720245486 ] } },
{ "type": "Feature", "properties": { "max_height": 4.1772499084472656, "mean_height": 2.0470840930938721, "std_height": 1.0250346660614014, "count_pixels": 42, "percent_cover": 0.041729592242270089, "percent_above_0.1m": 97.61904761904762, "low_level_<0.5": 7.1428571428571423, "mid_level_0.5-2": 33.333333333333329, "tall_2+": 54.761904761904766 }, "geometry": { "type": "Point", "coordinates": [ -0.045077892654916, 51.677068690095354 ] } },
{ "type": "Feature", "properties": { "max_height": 6.2322502136230469, "mean_height": 1.4035744667053223, "std_height": 1.6863572597503662, "count_pixels": 41, "percent_cover": 0.040736030522216041, "percent_above_0.1m": 63.414634146341463, "low_level_<0.5": 9.7560975609756095, "mid_level_0.5-2": 12.195121951219512, "tall_2+": 36.585365853658537 }, "geometry": { "type": "Point", "coordinates": [ -0.045573939940489, 51.677184856731792 ] } },
{ "type": "Feature", "properties": { "max_height": 0.0605010986328125, "mean_height": 0.0088035184890031815, "std_height": 0.017944095656275749, "count_pixels": 38, "percent_cover": 0.03775534536205389, "percent_above_0.1m": 0.0, "low_level_<0.5": 0.0, "mid_level_0.5-2": 0.0, "tall_2+": 0.0 }, "geometry": { "type": "Point", "coordinates": [ -0.045373663651409, 51.677181522791621 ] } },
{ "type": "Feature", "properties": { "max_height": 3.0980014801025391, "mean_height": 0.67088210582733154, "std_height": 1.0709744691848755, "count_pixels": 42, "percent_cover": 0.041729592242270089, "percent_above_0.1m": 33.333333333333329, "low_level_<0.5": 2.3809523809523809, "mid_level_0.5-2": 14.285714285714285, "tall_2+": 16.666666666666664 }, "geometry": { "type": "Point", "coordinates": [ -0.045173387401093, 51.677178188509323 ] } },
{ "type": "Feature", "properties": { "max_height": 3.9242515563964844, "mean_height": 1.9517878293991089, "std_height": 1.2824580669403076, "count_pixels": 41, "percent_cover": 0.040736030522216041, "percent_above_0.1m": 90.243902439024396, "low_level_<0.5": 12.195121951219512, "mid_level_0.5-2": 26.829268292682929, "tall_2+": 48.780487804878049 }, "geometry": { "type": "Point", "coordinates": [ -0.044973111189539, 51.677174853884907 ] } },
{ "type": "Feature", "properties": { "max_height": 4.8505001068115234, "mean_height": 2.0673668384552002, "std_height": 1.6829190254211426, "count_pixels": 41, "percent_cover": 0.040736030522216041, "percent_above_0.1m": 70.731707317073173, "low_level_<0.5": 0.0, "mid_level_0.5-2": 17.073170731707318, "tall_2+": 53.658536585365859 }, "geometry": { "type": "Point", "coordinates": [ -0.044772835016751, 51.67717151891835 ] } },
{ "type": "Feature", "properties": { "max_height": 6.7252521514892578, "mean_height": 3.7360727787017822, "std_height": 2.2114715576171875, "count_pixels": 42, "percent_cover": 0.041729592242270089, "percent_above_0.1m": 80.952380952380949, "low_level_<0.5": 0.0, "mid_level_0.5-2": 4.7619047619047619, "tall_2+": 76.19047619047619 }, "geometry": { "type": "Point", "coordinates": [ -0.044572558882736, 51.677168183609666 ] } },
{ "type": "Feature", "properties": { "max_height": 7.3760013580322266, "mean_height": 4.1872749328613281, "std_height": 2.6290476322174072, "count_pixels": 43, "percent_cover": 0.042723153962324144, "percent_above_0.1m": 79.069767441860463, "low_level_<0.5": 0.0, "mid_level_0.5-2": 6.9767441860465116, "tall_2+": 72.093023255813947 }, "geometry": { "type": "Point", "coordinates": [ -0.044372282787491, 51.677164847958842 ] } },
{ "type": "Feature", "properties": { "max_height": 11.234251022338867, "mean_height": 6.2570948600769043, "std_height": 3.2316932678222656, "count_pixels": 43, "percent_cover": 0.042723153962324144, "percent_above_0.1m": 93.023255813953483, "low_level_<0.5": 2.3255813953488373, "mid_level_0.5-2": 6.9767441860465116, "tall_2+": 83.720930232558146 }, "geometry": { "type": "Point", "coordinates": [ -0.044172006731034, 51.677161511965913 ] } },
{ "type": "Feature", "properties": { "max_height": 5.1022529602050781, "mean_height": 1.724102258682251, "std_height": 1.5107038021087646, "count_pixels": 42, "percent_cover": 0.041729592242270089, "percent_above_0.1m": 73.80952380952381, "low_level_<0.5": 4.7619047619047619, "mid_level_0.5-2": 21.428571428571427, "tall_2+": 45.238095238095241 }, "geometry": { "type": "Point", "coordinates": [ -0.043971730713352, 51.677158175630829 ] } },
{ "type": "Feature", "properties": { "max_height": 10.108253479003906, "mean_height": 2.7594952583312988, "std_height": 2.6856439113616943, "count_pixels": 42, "percent_cover": 0.041729592242270089, "percent_above_0.1m": 80.952380952380949, "low_level_<0.5": 11.904761904761903, "mid_level_0.5-2": 21.428571428571427, "tall_2+": 47.619047619047613 }, "geometry": { "type": "Point", "coordinates": [ -0.043771454734458, 51.677154838953626 ] } },
{ "type": "Feature", "properties": { "max_height": 7.5277500152587891, "mean_height": 3.0345010757446289, "std_height": 3.1227965354919434, "count_pixels": 43, "percent_cover": 0.042723153962324144, "percent_above_0.1m": 58.139534883720934, "low_level_<0.5": 4.6511627906976747, "mid_level_0.5-2": 6.9767441860465116, "tall_2+": 46.511627906976742 }, "geometry": { "type": "Point", "coordinates": [ -0.043571178794359, 51.677151501934283 ] } },
{ "type": "Feature", "properties": { "max_height": 8.1097507476806641, "mean_height": 2.7523584365844727, "std_height": 2.9778287410736084, "count_pixels": 42, "percent_cover": 0.041729592242270089, "percent_above_0.1m": 73.80952380952381, "low_level_<0.5": 4.7619047619047619, "mid_level_0.5-2": 16.666666666666664, "tall_2+": 42.857142857142854 }, "geometry": { "type": "Point", "coordinates": [ -0.043370902893053, 51.677148164572827 ] } },
{ "type": "Feature", "properties": { "max_height": 7.6342525482177734, "mean_height": 2.2161853313446045, "std_height": 2.500190258026123, "count_pixels": 42, "percent_cover": 0.041729592242270089, "percent_above_0.1m": 66.666666666666657, "low_level_<0.5": 9.5238095238095237, "mid_level_0.5-2": 19.047619047619047, "tall_2+": 35.714285714285715 }, "geometry": { "type": "Point", "coordinates": [ -0.043170627030546, 51.677144826869224 ] } },
{ "type": "Feature", "properties": { "max_height": 6.7640018463134766, "mean_height": 0.55561691522598267, "std_height": 1.2757568359375, "count_pixels": 41, "percent_cover": 0.040736030522216041, "percent_above_0.1m": 41.463414634146339, "low_level_<0.5": 17.073170731707318, "mid_level_0.5-2": 14.634146341463413, "tall_2+": 7.3170731707317067 }, "geometry": { "type": "Point", "coordinates": [ -0.042970351206841, 51.677141488823501 ] } },
{ "type": "Feature", "properties": { "max_height": 7.2607498168945312, "mean_height": 0.96869641542434692, "std_height": 1.8951489925384521, "count_pixels": 41, "percent_cover": 0.040736030522216041, "percent_above_0.1m": 31.707317073170731, "low_level_<0.5": 0.0, "mid_level_0.5-2": 12.195121951219512, "tall_2+": 17.073170731707318 }, "geometry": { "type": "Point", "coordinates": [ -0.042770075421944, 51.677138150435631 ] } },
{ "type": "Feature", "properties": { "max_height": 5.7732505798339844, "mean_height": 0.99454057216644287, "std_height": 1.77684485912323, "count_pixels": 38, "percent_cover": 0.03775534536205389, "percent_above_0.1m": 44.736842105263158, "low_level_<0.5": 7.8947368421052628, "mid_level_0.5-2": 10.526315789473683, "tall_2+": 18.421052631578945 }, "geometry": { "type": "Point", "coordinates": [ -0.042569799675857, 51.677134811705649 ] } },
{ "type": "Feature", "properties": { "max_height": 6.4560012817382812, "mean_height": 0.60717374086380005, "std_height": 1.5394680500030518, "count_pixels": 42, "percent_cover": 0.041729592242270089, "percent_above_0.1m": 16.666666666666664, "low_level_<0.5": 0.0, "mid_level_0.5-2": 4.7619047619047619, "tall_2+": 11.904761904761903 }, "geometry": { "type": "Point", "coordinates": [ -0.042369523968584, 51.677131472633519 ] } },
{ "type": "Feature", "properties": { "max_height": 3.2767524719238281, "mean_height": 0.77667397260665894, "std_height": 0.89101475477218628, "count_pixels": 42, "percent_cover": 0.041729592242270089, "percent_above_0.1m": 61.904761904761905, "low_level_<0.5": 9.5238095238095237, "mid_level_0.5-2": 30.952380952380953, "tall_2+": 14.285714285714285 }, "geometry": { "type": "Point", "coordinates": [ -0.045469159351678, 51.677291020947493 ] } },
{ "type": "Feature", "properties": { "max_height": 0.089000701904296875, "mean_height": 0.0092629930004477501, "std_height": 0.020890930667519569, "count_pixels": 42, "percent_cover": 0.041729592242270089, "percent_above_0.1m": 0.0, "low_level_<0.5": 0.0, "mid_level_0.5-2": 0.0, "tall_2+": 0.0 }, "geometry": { "type": "Point", "coordinates": [ -0.045268882604928, 51.677287686836173 ] } },
{ "type": "Feature", "properties": { "max_height": 0.000751495361328125, "mean_height": -5.8310371969128028e-05, "std_height": 0.00037704355781897902, "count_pixels": 42, "percent_cover": 0.041729592242270089, "percent_above_0.1m": 0.0, "low_level_<0.5": 0.0, "mid_level_0.5-2": 0.0, "tall_2+": 0.0 }, "geometry": { "type": "Point", "coordinates": [ -0.045068605896935, 51.677284352382735 ] } },
{ "type": "Feature", "properties": { "max_height": 3.9530010223388672, "mean_height": 0.7938266396522522, "std_height": 1.1963788270950317, "count_pixels": 43, "percent_cover": 0.042723153962324144, "percent_above_0.1m": 46.511627906976742, "low_level_<0.5": 6.9767441860465116, "mid_level_0.5-2": 13.953488372093023, "tall_2+": 20.930232558139537 }, "geometry": { "type": "Point", "coordinates": [ -0.044868329227714, 51.677281017587148 ] } },
{ "type": "Feature", "properties": { "max_height": 5.1650028228759766, "mean_height": 1.8015307188034058, "std_height": 1.5073879957199097, "count_pixels": 42, "percent_cover": 0.041729592242270089, "percent_above_0.1m": 76.19047619047619, "low_level_<0.5": 2.3809523809523809, "mid_level_0.5-2": 30.952380952380953, "tall_2+": 42.857142857142854 }, "geometry": { "type": "Point", "coordinates": [ -0.044668052597258, 51.677277682449436 ] } },
{ "type": "Feature", "properties": { "max_height": 6.4372520446777344, "mean_height": 3.4878792762756348, "std_height": 1.9627416133880615, "count_pixels": 41, "percent_cover": 0.040736030522216041, "percent_above_0.1m": 90.243902439024396, "low_level_<0.5": 0.0, "mid_level_0.5-2": 17.073170731707318, "tall_2+": 73.170731707317074 }, "geometry": { "type": "Point", "coordinates": [ -0.044467776005577, 51.677274346969583 ] } },
{ "type": "Feature", "properties": { "max_height": 6.3655014038085938, "mean_height": 1.6541963815689087, "std_height": 2.3048040866851807, "count_pixels": 41, "percent_cover": 0.040736030522216041, "percent_above_0.1m": 43.902439024390247, "low_level_<0.5": 2.4390243902439024, "mid_level_0.5-2": 9.7560975609756095, "tall_2+": 31.707317073170731 }, "geometry": { "type": "Point", "coordinates": [ -0.044267499452673, 51.677271011147603 ] } },
{ "type": "Feature", "properties": { "max_height": 9.7340030670166016, "mean_height": 1.0036414861679077, "std_height": 2.4517383575439453, "count_pixels": 41, "percent_cover": 0.040736030522216041, "percent_above_0.1m": 24.390243902439025, "low_level_<0.5": 2.4390243902439024, "mid_level_0.5-2": 7.3170731707317067, "tall_2+": 14.634146341463413 }, "geometry": { "type": "Point", "coordinates": [ -0.044067222938551, 51.677267674983511 ] } },
{ "type": "Feature", "properties": { "max_height": 12.121002197265625, "mean_height": 7.3861656188964844, "std_height": 3.8849108219146729, "count_pixels": 38, "percent_cover": 0.03775534536205389, "percent_above_0.1m": 92.10526315789474, "low_level_<0.5": 0.0, "mid_level_0.5-2": 7.8947368421052628, "tall_2+": 84.210526315789465 }, "geometry": { "type": "Point", "coordinates": [ -0.043866946463214, 51.677264338477265 ] } },
{ "type": "Feature", "properties": { "max_height": 9.1535015106201172, "mean_height": 2.4347574710845947, "std_height": 2.7924118041992188, "count_pixels": 41, "percent_cover": 0.040736030522216041, "percent_above_0.1m": 56.09756097560976, "low_level_<0.5": 2.4390243902439024, "mid_level_0.5-2": 12.195121951219512, "tall_2+": 41.463414634146339 }, "geometry": { "type": "Point", "coordinates": [ -0.043666670026667, 51.677261001628899 ] } },
{ "type": "Feature", "properties": { "max_height": 8.1152515411376953, "mean_height": 2.6179890632629395, "std_height": 2.9258432388305664, "count_pixels": 41, "percent_cover": 0.040736030522216041, "percent_above_0.1m": 53.658536585365859, "low_level_<0.5": 4.8780487804878048, "mid_level_0.5-2": 2.4390243902439024, "tall_2+": 46.341463414634148 }, "geometry": { "type": "Point", "coordinates": [ -0.043466393628912, 51.677257664438386 ] } },
{ "type": "Feature", "properties": { "max_height": 7.3587512969970703, "mean_height": 2.2015604972839355, "std_height": 2.6154847145080566, "count_pixels": 42, "percent_cover": 0.041729592242270089, "percent_above_0.1m": 50.0, "low_level_<0.5": 2.3809523809523809, "mid_level_0.5-2": 4.7619047619047619, "tall_2+": 42.857142857142854 }, "geometry": { "type": "Point", "coordinates": [ -0.043266117269955, 51.677254326905746 ] } },
{ "type": "Feature", "properties": { "max_height": 6.7097511291503906, "mean_height": 1.5426381826400757, "std_height": 2.4129979610443115, "count_pixels": 42, "percent_cover": 0.041729592242270089, "percent_above_0.1m": 40.476190476190474, "low_level_<0.5": 9.5238095238095237, "mid_level_0.5-2": 2.3809523809523809, "tall_2+": 28.571428571428569 }, "geometry": { "type": "Point", "coordinates": [ -0.043065840949799, 51.677250989030981 ] } },
{ "type": "Feature", "properties": { "max_height": 5.9257526397705078, "mean_height": 1.7972571849822998, "std_height": 2.0744309425354004, "count_pixels": 43, "percent_cover": 0.042723153962324144, "percent_above_0.1m": 58.139534883720934, "low_level_<0.5": 4.6511627906976747, "mid_level_0.5-2": 13.953488372093023, "tall_2+": 37.209302325581397 }, "geometry": { "type": "Point", "coordinates": [ -0.04286556466845, 51.677247650814088 ] } },
{ "type": "Feature", "properties": { "max_height": 7.5310020446777344, "mean_height": 4.4182868003845215, "std_height": 2.6831622123718262, "count_pixels": 42, "percent_cover": 0.041729592242270089, "percent_above_0.1m": 85.714285714285708, "low_level_<0.5": 0.0, "mid_level_0.5-2": 7.1428571428571423, "tall_2+": 73.80952380952381 }, "geometry": { "type": "Point", "coordinates": [ -0.042665288425907, 51.677244312255056 ] } },
{ "type": "Feature", "properties": { "max_height": 7.8982505798339844, "mean_height": 4.730525016784668, "std_height": 2.8013026714324951, "count_pixels": 42, "percent_cover": 0.041729592242270089, "percent_above_0.1m": 85.714285714285708, "low_level_<0.5": 7.1428571428571423, "mid_level_0.5-2": 0.0, "tall_2+": 76.19047619047619 }, "geometry": { "type": "Point", "coordinates": [ -0.042465012222177, 51.677240973353889 ] } },
{ "type": "Feature", "properties": { "max_height": 7.4435005187988281, "mean_height": 4.254763126373291, "std_height": 2.2161195278167725, "count_pixels": 42, "percent_cover": 0.041729592242270089, "percent_above_0.1m": 92.857142857142861, "low_level_<0.5": 0.0, "mid_level_0.5-2": 14.285714285714285, "tall_2+": 78.571428571428569 }, "geometry": { "type": "Point", "coordinates": [ -0.042264736057267, 51.677237634110597 ] } },
{ "type": "Feature", "properties": { "max_height": 8.1320018768310547, "mean_height": 3.2223677635192871, "std_height": 1.9350162744522095, "count_pixels": 43, "percent_cover": 0.042723153962324144, "percent_above_0.1m": 97.674418604651152, "low_level_<0.5": 9.3023255813953494, "mid_level_0.5-2": 18.604651162790699, "tall_2+": 69.767441860465112 }, "geometry": { "type": "Point", "coordinates": [ -0.042064459931176, 51.677234294525178 ] } },
{ "type": "Feature", "properties": { "max_height": 2.5125007629394531, "mean_height": 0.40239742398262024, "std_height": 0.54337036609649658, "count_pixels": 41, "percent_cover": 0.040736030522216041, "percent_above_0.1m": 58.536585365853654, "low_level_<0.5": 17.073170731707318, "mid_level_0.5-2": 29.268292682926827, "tall_2+": 2.4390243902439024 }, "geometry": { "type": "Point", "coordinates": [ -0.04556465550961, 51.677400519016224 ] } },
{ "type": "Feature", "properties": { "max_height": 3.0152530670166016, "mean_height": 0.80545526742935181, "std_height": 0.90776723623275757, "count_pixels": 38, "percent_cover": 0.03775534536205389, "percent_above_0.1m": 60.526315789473685, "low_level_<0.5": 13.157894736842104, "mid_level_0.5-2": 31.578947368421051, "tall_2+": 15.789473684210526 }, "geometry": { "type": "Point", "coordinates": [ -0.045364378266422, 51.677397185075904 ] } },
{ "type": "Feature", "properties": { "max_height": 0.001251220703125, "mean_height": -5.1316760618647095e-06, "std_height": 0.00039145824848674238, "count_pixels": 42, "percent_cover": 0.041729592242270089, "percent_above_0.1m": 0.0, "low_level_<0.5": 0.0, "mid_level_0.5-2": 0.0, "tall_2+": 0.0 }, "geometry": { "type": "Point", "coordinates": [ -0.045164101061997, 51.677393850793422 ] } },
{ "type": "Feature", "properties": { "max_height": 0.0020008087158203125, "mean_height": 0.00011071926564909518, "std_height": 0.00051228556549176574, "count_pixels": 41, "percent_cover": 0.040736030522216041, "percent_above_0.1m": 0.0, "low_level_<0.5": 0.0, "mid_level_0.5-2": 0.0, "tall_2+": 0.0 }, "geometry": { "type": "Point", "coordinates": [ -0.044963823896329, 51.677390516168813 ] } },
{ "type": "Feature", "properties": { "max_height": 0.0010013580322265625, "mean_height": -6.5966349211521447e-05, "std_height": 0.00035370126715861261, "count_pixels": 41, "percent_cover": 0.040736030522216041, "percent_above_0.1m": 0.0, "low_level_<0.5": 0.0, "mid_level_0.5-2": 0.0, "tall_2+": 0.0 }, "geometry": { "type": "Point", "coordinates": [ -0.044763546769437, 51.677387181202064 ] } },
{ "type": "Feature", "properties": { "max_height": 0.0047512054443359375, "mean_height": 0.00017960865807253867, "std_height": 0.00085282657528296113, "count_pixels": 42, "percent_cover": 0.041729592242270089, "percent_above_0.1m": 0.0, "low_level_<0.5": 0.0, "mid_level_0.5-2": 0.0, "tall_2+": 0.0 }, "geometry": { "type": "Point", "coordinates": [ -0.044563269681314, 51.677383845893203 ] } },
{ "type": "Feature", "properties": { "max_height": 0.000751495361328125, "mean_height": -5.704303111997433e-05, "std_height": 0.00035292908432893455, "count_pixels": 43, "percent_cover": 0.042723153962324144, "percent_above_0.1m": 0.0, "low_level_<0.5": 0.0, "mid_level_0.5-2": 0.0, "tall_2+": 0.0 }, "geometry": { "type": "Point", "coordinates": [ -0.044362992631965, 51.677380510242187 ] } },
{ "type": "Feature", "properties": { "max_height": 0.0005035400390625, "mean_height": -0.00011523934517754242, "std_height": 0.0003251316084060818, "count_pixels": 43, "percent_cover": 0.042723153962324144, "percent_above_0.1m": 0.0, "low_level_<0.5": 0.0, "mid_level_0.5-2": 0.0, "tall_2+": 0.0 }, "geometry": { "type": "Point", "coordinates": [ -0.044162715621399, 51.677377174249052 ] } },
{ "type": "Feature", "properties": { "max_height": 0.0012493133544921875, "mean_height": -1.0989961083396338e-05, "std_height": 0.00038545095594599843, "count_pixels": 42, "percent_cover": 0.041729592242270089, "percent_above_0.1m": 0.0, "low_level_<0.5": 0.0, "mid_level_0.5-2": 0.0, "tall_2+": 0.0 }, "geometry": { "type": "Point", "coordinates": [ -0.043962438649614, 51.677373837913777 ] } },
{ "type": "Feature", "properties": { "max_height": 4.795501708984375, "mean_height": 0.2366020530462265, "std_height": 0.97588902711868286, "count_pixels": 42, "percent_cover": 0.041729592242270089, "percent_above_0.1m": 7.1428571428571423, "low_level_<0.5": 0.0, "mid_level_0.5-2": 2.3809523809523809, "tall_2+": 4.7619047619047619 }, "geometry": { "type": "Point", "coordinates": [ -0.043762161716619, 51.677370501236368 ] } },
{ "type": "Feature", "properties": { "max_height": 0.0010013580322265625, "mean_height": 4.7461930080316961e-05, "std_height": 0.00030589883681386709, "count_pixels": 43, "percent_cover": 0.042723153962324144, "percent_above_0.1m": 0.0, "low_level_<0.5": 0.0, "mid_level_0.5-2": 0.0, "tall_2+": 0.0 }, "geometry": { "type": "Point", "coordinates": [ -0.043561884822411, 51.677367164216832 ] } },
{ "type": "Feature", "properties": { "max_height": 0.00025177001953125, "mean_height": -4.0599279600428417e-05, "std_height": 0.00021767953876405954, "count_pixels": 42, "percent_cover": 0.041729592242270089, "percent_above_0.1m": 0.0, "low_level_<0.5": 0.0, "mid_level_0.5-2": 0.0, "tall_2+": 0.0 }, "geometry": { "type": "Point", "coordinates": [ -0.043361607967002, 51.677363826855157 ] } },
{ "type": "Feature", "properties": { "max_height": 0.0005016326904296875, "mean_height": -6.4713611209299415e-05, "std_height": 0.00032295892015099525, "count_pixels": 42, "percent_cover": 0.041729592242270089, "percent_above_0.1m": 0.0, "low_level_<0.5": 0.0, "mid_level_0.5-2": 0.0, "tall_2+": 0.0 }, "geometry": { "type": "Point", "coordinates": [ -0.043161331150395, 51.677360489151354 ] } },
{ "type": "Feature", "properties": { "max_height": 0.0005035400390625, "mean_height": -5.2568389037332963e-06, "std_height": 0.00032901324448175728, "count_pixels": 41, "percent_cover": 0.040736030522216041, "percent_above_0.1m": 0.0, "low_level_<0.5": 0.0, "mid_level_0.5-2": 0.0, "tall_2+": 0.0 }, "geometry": { "type": "Point", "coordinates": [ -0.042961054372589, 51.677357151105426 ] } },
{ "type": "Feature", "properties": { "max_height": 0.0007495880126953125, "mean_height": -3.5448771086521447e-05, "std_height": 0.00040045348578132689, "count_pixels": 41, "percent_cover": 0.040736030522216041, "percent_above_0.1m": 0.0, "low_level_<0.5": 0.0, "mid_level_0.5-2": 0.0, "tall_2+": 0.0 }, "geometry": { "type": "Point", "coordinates": [ -0.042760777633587, 51.677353812717342 ] } },
{ "type": "Feature", "properties": { "max_height": 0.5410003662109375, "mean_height": 0.018751295283436775, "std_height": 0.090174756944179535, "count_pixels": 38, "percent_cover": 0.03775534536205389, "percent_above_0.1m": 5.2631578947368416, "low_level_<0.5": 2.6315789473684208, "mid_level_0.5-2": 2.6315789473684208, "tall_2+": 0.0 }, "geometry": { "type": "Point", "coordinates": [ -0.042560500933402, 51.677350473987147 ] } },
{ "type": "Feature", "properties": { "max_height": 0.000751495361328125, "mean_height": -2.897353442676831e-05, "std_height": 0.00030457155662588775, "count_pixels": 42, "percent_cover": 0.041729592242270089, "percent_above_0.1m": 0.0, "low_level_<0.5": 0.0, "mid_level_0.5-2": 0.0, "tall_2+": 0.0 }, "geometry": { "type": "Point", "coordinates": [ -0.042360224272031, 51.677347134914797 ] } },
{ "type": "Feature", "properties": { "max_height": 3.1362514495849609, "mean_height": 0.35038533806800842, "std_height": 0.76075446605682373, "count_pixels": 41, "percent_cover": 0.040736030522216041, "percent_above_0.1m": 31.707317073170731, "low_level_<0.5": 9.7560975609756095, "mid_level_0.5-2": 12.195121951219512, "tall_2+": 7.3170731707317067 }, "geometry": { "type": "Point", "coordinates": [ -0.042159947649476, 51.677343795500342 ] } },
{ "type": "Feature", "properties": { "max_height": 9.3067512512207031, "mean_height": 5.240574836730957, "std_height": 2.429065465927124, "count_pixels": 41, "percent_cover": 0.040736030522216041, "percent_above_0.1m": 100.0, "low_level_<0.5": 0.0, "mid_level_0.5-2": 4.8780487804878048, "tall_2+": 95.121951219512198 }, "geometry": { "type": "Point", "coordinates": [ -0.041959671065748, 51.677340455743746 ] } },
{ "type": "Feature", "properties": { "max_height": 5.3967514038085938, "mean_height": 1.9643285274505615, "std_height": 1.4152859449386597, "count_pixels": 42, "percent_cover": 0.041729592242270089, "percent_above_0.1m": 88.095238095238088, "low_level_<0.5": 4.7619047619047619, "mid_level_0.5-2": 40.476190476190474, "tall_2+": 42.857142857142854 }, "geometry": { "type": "Point", "coordinates": [ -0.045459874385584, 51.677506683228479 ] } },
{ "type": "Feature", "properties": { "max_height": 2.6879997253417969, "mean_height": 0.43819746375083923, "std_height": 0.74850070476531982, "count_pixels": 42, "percent_cover": 0.041729592242270089, "percent_above_0.1m": 30.952380952380953, "low_level_<0.5": 2.3809523809523809, "mid_level_0.5-2": 21.428571428571427, "tall_2+": 7.1428571428571423 }, "geometry": { "type": "Point", "coordinates": [ -0.045259596684715, 51.677503349116982 ] } },
{ "type": "Feature", "properties": { "max_height": 0.001251220703125, "mean_height": -3.4559339837869629e-05, "std_height": 0.00065779592841863632, "count_pixels": 42, "percent_cover": 0.041729592242270089, "percent_above_0.1m": 0.0, "low_level_<0.5": 0.0, "mid_level_0.5-2": 0.0, "tall_2+": 0.0 }, "geometry": { "type": "Point", "coordinates": [ -0.045059319022615, 51.677500014663345 ] } },
{ "type": "Feature", "properties": { "max_height": 0.001251220703125, "mean_height": -4.6574791667808313e-06, "std_height": 0.00041226536268368363, "count_pixels": 43, "percent_cover": 0.042723153962324144, "percent_above_0.1m": 0.0, "low_level_<0.5": 0.0, "mid_level_0.5-2": 0.0, "tall_2+": 0.0 }, "geometry": { "type": "Point", "coordinates": [ -0.044859041399272, 51.677496679867573 ] } },
{ "type": "Feature", "properties": { "max_height": 0.000751495361328125, "mean_height": 3.6557514249579981e-05, "std_height": 0.00034773277002386749, "count_pixels": 42, "percent_cover": 0.041729592242270089, "percent_above_0.1m": 0.0, "low_level_<0.5": 0.0, "mid_level_0.5-2": 0.0, "tall_2+": 0.0 }, "geometry": { "type": "Point", "coordinates": [ -0.044658763814707, 51.677493344729676 ] } },
{ "type": "Feature", "properties": { "max_height": 0.000751495361328125, "mean_height": -2.9680206353077665e-05, "std_height": 0.00042846056749112904, "count_pixels": 41, "percent_cover": 0.040736030522216041, "percent_above_0.1m": 0.0, "low_level_<0.5": 0.0, "mid_level_0.5-2": 0.0, "tall_2+": 0.0 }, "geometry": { "type": "Point", "coordinates": [ -0.044458486268912, 51.677490009249631 ] } },
{ "type": "Feature", "properties": { "max_height": 0.0010013580322265625, "mean_height": 0.0001351426326436922, "std_height": 0.00039079968701116741, "count_pixels": 41, "percent_cover": 0.040736030522216041, "percent_above_0.1m": 0.0, "low_level_<0.5": 0.0, "mid_level_0.5-2": 0.0, "tall_2+": 0.0 }, "geometry": { "type": "Point", "coordinates": [ -0.044258208761898, 51.677486673427474 ] } },
{ "type": "Feature", "properties": { "max_height": 0.0005016326904296875, "mean_height": 6.2105129472911358e-05, "std_height": 0.00025184088735841215, "count_pixels": 41, "percent_cover": 0.040736030522216041, "percent_above_0.1m": 0.0, "low_level_<0.5": 0.0, "mid_level_0.5-2": 0.0, "tall_2+": 0.0 }, "geometry": { "type": "Point", "coordinates": [ -0.044057931293663, 51.677483337263176 ] } },
{ "type": "Feature", "properties": { "max_height": 0.00025177001953125, "mean_height": -6.500043673440814e-05, "std_height": 0.00021216577442828566, "count_pixels": 38, "percent_cover": 0.03775534536205389, "percent_above_0.1m": 0.0, "low_level_<0.5": 0.0, "mid_level_0.5-2": 0.0, "tall_2+": 0.0 }, "geometry": { "type": "Point", "coordinates": [ -0.043857653864215, 51.677480000756731 ] } },
{ "type": "Feature", "properties": { "max_height": 0.001251220703125, "mean_height": 6.2151651945896447e-05, "std_height": 0.00041964164120145142, "count_pixels": 41, "percent_cover": 0.040736030522216041, "percent_above_0.1m": 0.0, "low_level_<0.5": 0.0, "mid_level_0.5-2": 0.0, "tall_2+": 0.0 }, "geometry": { "type": "Point", "coordinates": [ -0.043657376473559, 51.677476663908159 ] } },
{ "type": "Feature", "properties": { "max_height": 0.0005016326904296875, "mean_height": 1.3211878467700444e-05, "std_height": 0.00029704897315241396, "count_pixels": 41, "percent_cover": 0.040736030522216041, "percent_above_0.1m": 0.0, "low_level_<0.5": 0.0, "mid_level_0.5-2": 0.0, "tall_2+": 0.0 }, "geometry": { "type": "Point", "coordinates": [ -0.043457099121695, 51.677473326717447 ] } },
{ "type": "Feature", "properties": { "max_height": 0.001251220703125, "mean_height": 1.8755594282993115e-05, "std_height": 0.00039112957892939448, "count_pixels": 42, "percent_cover": 0.041729592242270089, "percent_above_0.1m": 0.0, "low_level_<0.5": 0.0, "mid_level_0.5-2": 0.0, "tall_2+": 0.0 }, "geometry": { "type": "Point", "coordinates": [ -0.043256821808627, 51.677469989184601 ] } },
{ "type": "Feature", "properties": { "max_height": 0.0010013580322265625, "mean_height": -5.0408498282195069e-06, "std_height": 0.0004954257165081799, "count_pixels": 42, "percent_cover": 0.041729592242270089, "percent_above_0.1m": 0.0, "low_level_<0.5": 0.0, "mid_level_0.5-2": 0.0, "tall_2+": 0.0 }, "geometry": { "type": "Point", "coordinates": [ -0.043056544534365, 51.677466651309629 ] } },
{ "type": "Feature", "properties": { "max_height": 0.73325157165527344, "mean_height": 0.017606025561690331, "std_height": 0.1104850247502327, "count_pixels": 43, "percent_cover": 0.042723153962324144, "percent_above_0.1m": 2.3255813953488373, "low_level_<0.5": 0.0, "mid_level_0.5-2": 2.3255813953488373, "tall_2+": 0.0 }, "geometry": { "type": "Point", "coordinates": [ -0.042856267298906, 51.677463313092517 ] } },
{ "type": "Feature", "properties": { "max_height": 4.7592506408691406, "mean_height": 0.3983282744884491, "std_height": 1.1598027944564819, "count_pixels": 42, "percent_cover": 0.041729592242270089, "percent_above_0.1m": 11.904761904761903, "low_level_<0.5": 0.0, "mid_level_0.5-2": 2.3809523809523809, "tall_2+": 9.5238095238095237 }, "geometry": { "type": "Point", "coordinates": [ -0.042655990102256, 51.677459974533278 ] } },
{ "type": "Feature", "properties": { "max_height": 0.0005016326904296875, "mean_height": -6.4214073063340038e-05, "std_height": 0.00024430151097476482, "count_pixels": 42, "percent_cover": 0.041729592242270089, "percent_above_0.1m": 0.0, "low_level_<0.5": 0.0, "mid_level_0.5-2": 0.0, "tall_2+": 0.0 }, "geometry": { "type": "Point", "coordinates": [ -0.042455712944426, 51.677456635631884 ] } },
{ "type": "Feature", "properties": { "max_height": 5.7539997100830078, "mean_height": 0.33931031823158264, "std_height": 0.94125604629516602, "count_pixels": 42, "percent_cover": 0.041729592242270089, "percent_above_0.1m": 26.190476190476193, "low_level_<0.5": 2.3809523809523809, "mid_level_0.5-2": 19.047619047619047, "tall_2+": 2.3809523809523809 }, "geometry": { "type": "Point", "coordinates": [ -0.042255435825407, 51.677453296388386 ] } },
{ "type": "Feature", "properties": { "max_height": 6.4845008850097656, "mean_height": 2.951047420501709, "std_height": 2.222360372543335, "count_pixels": 43, "percent_cover": 0.042723153962324144, "percent_above_0.1m": 83.720930232558146, "low_level_<0.5": 0.0, "mid_level_0.5-2": 25.581395348837212, "tall_2+": 58.139534883720934 }, "geometry": { "type": "Point", "coordinates": [ -0.042055158745209, 51.677449956802739 ] } },
{ "type": "Feature", "properties": { "max_height": 5.9775028228759766, "mean_height": 2.4415276050567627, "std_height": 1.0828473567962646, "count_pixels": 38, "percent_cover": 0.03775534536205389, "percent_above_0.1m": 100.0, "low_level_<0.5": 0.0, "mid_level_0.5-2": 39.473684210526315, "tall_2+": 60.526315789473685 }, "geometry": { "type": "Point", "coordinates": [ -0.045355092765108, 51.677612847353416 ] } },
{ "type": "Feature", "properties": { "max_height": 2.1452503204345703, "mean_height": 0.18607838451862335, "std_height": 0.51603704690933228, "count_pixels": 42, "percent_cover": 0.041729592242270089, "percent_above_0.1m": 21.428571428571427, "low_level_<0.5": 7.1428571428571423, "mid_level_0.5-2": 4.7619047619047619, "tall_2+": 4.7619047619047619 }, "geometry": { "type": "Point", "coordinates": [ -0.045154814606556, 51.677609513070756 ] } },
{ "type": "Feature", "properties": { "max_height": 0.0015010833740234375, "mean_height": -3.5355729778530076e-05, "std_height": 0.00040404486935585737, "count_pixels": 41, "percent_cover": 0.040736030522216041, "percent_above_0.1m": 0.0, "low_level_<0.5": 0.0, "mid_level_0.5-2": 0.0, "tall_2+": 0.0 }, "geometry": { "type": "Point", "coordinates": [ -0.044954536486777, 51.677606178445956 ] } },
{ "type": "Feature", "properties": { "max_height": 0.0005016326904296875, "mean_height": -3.5588334867497906e-05, "std_height": 0.00032457464840263128, "count_pixels": 41, "percent_cover": 0.040736030522216041, "percent_above_0.1m": 0.0, "low_level_<0.5": 0.0, "mid_level_0.5-2": 0.0, "tall_2+": 0.0 }, "geometry": { "type": "Point", "coordinates": [ -0.044754258405758, 51.677602843479043 ] } },
{ "type": "Feature", "properties": { "max_height": 0.000751495361328125, "mean_height": -6.430489884223789e-05, "std_height": 0.00035787047818303108, "count_pixels": 42, "percent_cover": 0.041729592242270089, "percent_above_0.1m": 0.0, "low_level_<0.5": 0.0, "mid_level_0.5-2": 0.0, "tall_2+": 0.0 }, "geometry": { "type": "Point", "coordinates": [ -0.044553980363517, 51.677599508169969 ] } },
{ "type": "Feature", "properties": { "max_height": 0.0005016326904296875, "mean_height": -2.204540214734152e-05, "std_height": 0.00033580407034605742, "count_pixels": 43, "percent_cover": 0.042723153962324144, "percent_above_0.1m": 0.0, "low_level_<0.5": 0.0, "mid_level_0.5-2": 0.0, "tall_2+": 0.0 }, "geometry": { "type": "Point", "coordinates": [ -0.044353702360052, 51.677596172518768 ] } },
{ "type": "Feature", "properties": { "max_height": 0.000751495361328125, "mean_height": -3.9788181311450899e-05, "std_height": 0.000392277812352404, "count_pixels": 43, "percent_cover": 0.042723153962324144, "percent_above_0.1m": 0.0, "low_level_<0.5": 0.0, "mid_level_0.5-2": 0.0, "tall_2+": 0.0 }, "geometry": { "type": "Point", "coordinates": [ -0.044153424395368, 51.677592836525442 ] } },
{ "type": "Feature", "properties": { "max_height": 0.000751495361328125, "mean_height": 3.6829995224252343e-05, "std_height": 0.00043165448005311191, "count_pixels": 42, "percent_cover": 0.041729592242270089, "percent_above_0.1m": 0.0, "low_level_<0.5": 0.0, "mid_level_0.5-2": 0.0, "tall_2+": 0.0 }, "geometry": { "type": "Point", "coordinates": [ -0.043953146469465, 51.67758950018996 ] } },
{ "type": "Feature", "properties": { "max_height": 0.000751495361328125, "mean_height": 7.2343005740549415e-05, "std_height": 0.00036316085606813431, "count_pixels": 42, "percent_cover": 0.041729592242270089, "percent_above_0.1m": 0.0, "low_level_<0.5": 0.0, "mid_level_0.5-2": 0.0, "tall_2+": 0.0 }, "geometry": { "type": "Point", "coordinates": [ -0.043752868582352, 51.677586163512359 ] } },
{ "type": "Feature", "properties": { "max_height": 0.001251220703125, "mean_height": -5.14984130859375e-05, "std_height": 0.00039474968798458576, "count_pixels": 43, "percent_cover": 0.042723153962324144, "percent_above_0.1m": 0.0, "low_level_<0.5": 0.0, "mid_level_0.5-2": 0.0, "tall_2+": 0.0 }, "geometry": { "type": "Point", "coordinates": [ -0.043552590734031, 51.677582826492625 ] } },
{ "type": "Feature", "properties": { "max_height": 0.0010013580322265625, "mean_height": 6.0490197938634083e-05, "std_height": 0.00030305021209642291, "count_pixels": 42, "percent_cover": 0.041729592242270089, "percent_above_0.1m": 0.0, "low_level_<0.5": 0.0, "mid_level_0.5-2": 0.0, "tall_2+": 0.0 }, "geometry": { "type": "Point", "coordinates": [ -0.043352312924509, 51.677579489130729 ] } },
{ "type": "Feature", "properties": { "max_height": 0.000751495361328125, "mean_height": 5.4813564929645509e-05, "std_height": 0.00034293651697225869, "count_pixels": 42, "percent_cover": 0.041729592242270089, "percent_above_0.1m": 0.0, "low_level_<0.5": 0.0, "mid_level_0.5-2": 0.0, "tall_2+": 0.0 }, "geometry": { "type": "Point", "coordinates": [ -0.043152035153782, 51.67757615142672 ] } },
{ "type": "Feature", "properties": { "max_height": 0.001251220703125, "mean_height": -3.5309210943523794e-05, "std_height": 0.00036018394166603684, "count_pixels": 41, "percent_cover": 0.040736030522216041, "percent_above_0.1m": 0.0, "low_level_<0.5": 0.0, "mid_level_0.5-2": 0.0, "tall_2+": 0.0 }, "geometry": { "type": "Point", "coordinates": [ -0.042951757421866, 51.677572813380579 ] } },
{ "type": "Feature", "properties": { "max_height": 1.2065029144287109, "mean_height": 0.077409513294696808, "std_height": 0.26352858543395996, "count_pixels": 41, "percent_cover": 0.040736030522216041, "percent_above_0.1m": 9.7560975609756095, "low_level_<0.5": 2.4390243902439024, "mid_level_0.5-2": 7.3170731707317067, "tall_2+": 0.0 }, "geometry": { "type": "Point", "coordinates": [ -0.042751479728751, 51.677569474992296 ] } },
{ "type": "Feature", "properties": { "max_height": 4.5587501525878906, "mean_height": 0.52763921022415161, "std_height": 1.1479035615921021, "count_pixels": 38, "percent_cover": 0.03775534536205389, "percent_above_0.1m": 21.052631578947366, "low_level_<0.5": 0.0, "mid_level_0.5-2": 7.8947368421052628, "tall_2+": 13.157894736842104 }, "geometry": { "type": "Point", "coordinates": [ -0.042551202074454, 51.677566136261873 ] } },
{ "type": "Feature", "properties": { "max_height": 0.0090007781982421875, "mean_height": 0.00059027899987995625, "std_height": 0.00189519755076617, "count_pixels": 42, "percent_cover": 0.041729592242270089, "percent_above_0.1m": 0.0, "low_level_<0.5": 0.0, "mid_level_0.5-2": 0.0, "tall_2+": 0.0 }, "geometry": { "type": "Point", "coordinates": [ -0.042350924458966, 51.677562797189317 ] } },
{ "type": "Feature", "properties": { "max_height": 4.9235000610351562, "mean_height": 0.81117147207260132, "std_height": 1.4651833772659302, "count_pixels": 41, "percent_cover": 0.040736030522216041, "percent_above_0.1m": 31.707317073170731, "low_level_<0.5": 0.0, "mid_level_0.5-2": 12.195121951219512, "tall_2+": 17.073170731707318 }, "geometry": { "type": "Point", "coordinates": [ -0.042150646882304, 51.677559457774613 ] } },
{ "type": "Feature", "properties": { "max_height": 4.3062515258789062, "mean_height": 1.4234892129898071, "std_height": 1.3548990488052368, "count_pixels": 42, "percent_cover": 0.041729592242270089, "percent_above_0.1m": 76.19047619047619, "low_level_<0.5": 7.1428571428571423, "mid_level_0.5-2": 21.428571428571427, "tall_2+": 38.095238095238095 }, "geometry": { "type": "Point", "coordinates": [ -0.045450589303168, 51.677722345502694 ] } },
{ "type": "Feature", "properties": { "max_height": 4.7137527465820312, "mean_height": 1.2240190505981445, "std_height": 1.3055523633956909, "count_pixels": 42, "percent_cover": 0.041729592242270089, "percent_above_0.1m": 59.523809523809526, "low_level_<0.5": 2.3809523809523809, "mid_level_0.5-2": 23.809523809523807, "tall_2+": 33.333333333333329 }, "geometry": { "type": "Point", "coordinates": [ -0.045250310648171, 51.677719011391019 ] } },
{ "type": "Feature", "properties": { "max_height": 0.0005016326904296875, "mean_height": -2.2797357814852148e-05, "std_height": 0.00036897964309900999, "count_pixels": 42, "percent_cover": 0.041729592242270089, "percent_above_0.1m": 0.0, "low_level_<0.5": 0.0, "mid_level_0.5-2": 0.0, "tall_2+": 0.0 }, "geometry": { "type": "Point", "coordinates": [ -0.045050032031942, 51.677715676937197 ] } },
{ "type": "Feature", "properties": { "max_height": 0.0012531280517578125, "mean_height": 1.8629916667123325e-05, "std_height": 0.00051292363787069917, "count_pixels": 43, "percent_cover": 0.042723153962324144, "percent_above_0.1m": 0.0, "low_level_<0.5": 0.0, "mid_level_0.5-2": 0.0, "tall_2+": 0.0 }, "geometry": { "type": "Point", "coordinates": [ -0.044849753454477, 51.677712342141248 ] } },
{ "type": "Feature", "properties": { "max_height": 0.000751495361328125, "mean_height": -0.00016507648979313672, "std_height": 0.00041806136141531169, "count_pixels": 42, "percent_cover": 0.041729592242270089, "percent_above_0.1m": 0.0, "low_level_<0.5": 0.0, "mid_level_0.5-2": 0.0, "tall_2+": 0.0 }, "geometry": { "type": "Point", "coordinates": [ -0.044649474915784, 51.677709007003166 ] } },
{ "type": "Feature", "properties": { "max_height": 0.0005016326904296875, "mean_height": 1.3072316505713388e-05, "std_height": 0.00051801605150103569, "count_pixels": 41, "percent_cover": 0.040736030522216041, "percent_above_0.1m": 0.0, "low_level_<0.5": 0.0, "mid_level_0.5-2": 0.0, "tall_2+": 0.0 }, "geometry": { "type": "Point", "coordinates": [ -0.044449196415868, 51.677705671522936 ] } },
{ "type": "Feature", "properties": { "max_height": 0.0005016326904296875, "mean_height": -0.00012100033927708864, "std_height": 0.00057395541807636619, "count_pixels": 41, "percent_cover": 0.040736030522216041, "percent_above_0.1m": 0.0, "low_level_<0.5": 0.0, "mid_level_0.5-2": 0.0, "tall_2+": 0.0 }, "geometry": { "type": "Point", "coordinates": [ -0.044248917954727, 51.677702335700566 ] } },
{ "type": "Feature", "properties": { "max_height": 0.001251220703125, "mean_height": -0.00012104685447411612, "std_height": 0.00043500628089532256, "count_pixels": 41, "percent_cover": 0.040736030522216041, "percent_above_0.1m": 0.0, "low_level_<0.5": 0.0, "mid_level_0.5-2": 0.0, "tall_2+": 0.0 }, "geometry": { "type": "Point", "coordinates": [ -0.044048639532371, 51.677698999536062 ] } },
{ "type": "Feature", "properties": { "max_height": 0.00099945068359375, "mean_height": 6.690778536722064e-05, "std_height": 0.00038314558332785964, "count_pixels": 38, "percent_cover": 0.03775534536205389, "percent_above_0.1m": 0.0, "low_level_<0.5": 0.0, "mid_level_0.5-2": 0.0, "tall_2+": 0.0 }, "geometry": { "type": "Point", "coordinates": [ -0.043848361148798, 51.677695663029439 ] } },
{ "type": "Feature", "properties": { "max_height": 0.0005016326904296875, "mean_height": -6.6245476773474365e-05, "std_height": 0.00041680250433273613, "count_pixels": 41, "percent_cover": 0.040736030522216041, "percent_above_0.1m": 0.0, "low_level_<0.5": 0.0, "mid_level_0.5-2": 0.0, "tall_2+": 0.0 }, "geometry": { "type": "Point", "coordinates": [ -0.043648082804022, 51.677692326180662 ] } },
{ "type": "Feature", "properties": { "max_height": 0.000751495361328125, "mean_height": 7.4572679295670241e-05, "std_height": 0.00030356444767676294, "count_pixels": 41, "percent_cover": 0.040736030522216041, "percent_above_0.1m": 0.0, "low_level_<0.5": 0.0, "mid_level_0.5-2": 0.0, "tall_2+": 0.0 }, "geometry": { "type": "Point", "coordinates": [ -0.043447804498036, 51.677688988989736 ] } },
{ "type": "Feature", "properties": { "max_height": 0.0005016326904296875, "mean_height": -2.2842770704301074e-05, "std_height": 0.00027162543847225606, "count_pixels": 42, "percent_cover": 0.041729592242270089, "percent_above_0.1m": 0.0, "low_level_<0.5": 0.0, "mid_level_0.5-2": 0.0, "tall_2+": 0.0 }, "geometry": { "type": "Point", "coordinates": [ -0.04324752623085, 51.677685651456692 ] } },
{ "type": "Feature", "properties": { "max_height": 7.6837501525878906, "mean_height": 0.39135220646858215, "std_height": 1.283610463142395, "count_pixels": 42, "percent_cover": 0.041729592242270089, "percent_above_0.1m": 14.285714285714285, "low_level_<0.5": 0.0, "mid_level_0.5-2": 4.7619047619047619, "tall_2+": 9.5238095238095237 }, "geometry": { "type": "Point", "coordinates": [ -0.043047248002465, 51.677682313581514 ] } },
{ "type": "Feature", "properties": { "max_height": 12.153751373291016, "mean_height": 3.6402509212493896, "std_height": 3.5265893936157227, "count_pixels": 43, "percent_cover": 0.042723153962324144, "percent_above_0.1m": 83.720930232558146, "low_level_<0.5": 6.9767441860465116, "mid_level_0.5-2": 18.604651162790699, "tall_2+": 58.139534883720934 }, "geometry": { "type": "Point", "coordinates": [ -0.042846969812887, 51.677678975364174 ] } },
{ "type": "Feature", "properties": { "max_height": 8.9802513122558594, "mean_height": 0.47445923089981079, "std_height": 1.7993308305740356, "count_pixels": 42, "percent_cover": 0.041729592242270089, "percent_above_0.1m": 11.904761904761903, "low_level_<0.5": 2.3809523809523809, "mid_level_0.5-2": 4.7619047619047619, "tall_2+": 4.7619047619047619 }, "geometry": { "type": "Point", "coordinates": [ -0.042646691662118, 51.677675636804729 ] } },
{ "type": "Feature", "properties": { "max_height": 0.3222503662109375, "mean_height": 0.023328326642513275, "std_height": 0.077307648956775665, "count_pixels": 42, "percent_cover": 0.041729592242270089, "percent_above_0.1m": 7.1428571428571423, "low_level_<0.5": 7.1428571428571423, "mid_level_0.5-2": 0.0, "tall_2+": 0.0 }, "geometry": { "type": "Point", "coordinates": [ -0.042446413550167, 51.677672297903122 ] } },
{ "type": "Feature", "properties": { "max_height": 3.7870006561279297, "mean_height": 0.10711383819580078, "std_height": 0.58360022306442261, "count_pixels": 42, "percent_cover": 0.041729592242270089, "percent_above_0.1m": 4.7619047619047619, "low_level_<0.5": 0.0, "mid_level_0.5-2": 2.3809523809523809, "tall_2+": 2.3809523809523809 }, "geometry": { "type": "Point", "coordinates": [ -0.042246135477032, 51.677668958659403 ] } },
{ "type": "Feature", "properties": { "max_height": 5.6400012969970703, "mean_height": 1.3632278442382812, "std_height": 1.8321125507354736, "count_pixels": 43, "percent_cover": 0.042723153962324144, "percent_above_0.1m": 51.162790697674424, "low_level_<0.5": 4.6511627906976747, "mid_level_0.5-2": 16.279069767441861, "tall_2+": 30.232558139534881 }, "geometry": { "type": "Point", "coordinates": [ -0.042045857442723, 51.67766561907353 ] } },
{ "type": "Feature", "properties": { "max_height": 7.3924999237060547, "mean_height": 3.4169685840606689, "std_height": 1.6062202453613281, "count_pixels": 38, "percent_cover": 0.03775534536205389, "percent_above_0.1m": 100.0, "low_level_<0.5": 0.0, "mid_level_0.5-2": 18.421052631578945, "tall_2+": 81.578947368421055 }, "geometry": { "type": "Point", "coordinates": [ -0.04534580714746, 51.677828509624142 ] } },
{ "type": "Feature", "properties": { "max_height": 7.5047512054443359, "mean_height": 0.81117993593215942, "std_height": 1.5827099084854126, "count_pixels": 42, "percent_cover": 0.041729592242270089, "percent_above_0.1m": 30.952380952380953, "low_level_<0.5": 2.3809523809523809, "mid_level_0.5-2": 11.904761904761903, "tall_2+": 16.666666666666664 }, "geometry": { "type": "Point", "coordinates": [ -0.045145528034779, 51.677825175341312 ] } },
{ "type": "Feature", "properties": { "max_height": 5.214752197265625, "mean_height": 0.12704974412918091, "std_height": 0.80443686246871948, "count_pixels": 41, "percent_cover": 0.040736030522216041, "percent_above_0.1m": 2.4390243902439024, "low_level_<0.5": 0.0, "mid_level_0.5-2": 0.0, "tall_2+": 2.4390243902439024 }, "geometry": { "type": "Point", "coordinates": [ -0.044945248960867, 51.677821840716341 ] } },
{ "type": "Feature", "properties": { "max_height": 0.000751495361328125, "mean_height": 5.5917880672495812e-05, "std_height": 0.00023773279099259526, "count_pixels": 41, "percent_cover": 0.040736030522216041, "percent_above_0.1m": 0.0, "low_level_<0.5": 0.0, "mid_level_0.5-2": 0.0, "tall_2+": 0.0 }, "geometry": { "type": "Point", "coordinates": [ -0.044744969925716, 51.677818505749229 ] } },
{ "type": "Feature", "properties": { "max_height": 8.2895011901855469, "mean_height": 0.86081641912460327, "std_height": 1.7522463798522949, "count_pixels": 42, "percent_cover": 0.041729592242270089, "percent_above_0.1m": 26.190476190476193, "low_level_<0.5": 2.3809523809523809, "mid_level_0.5-2": 2.3809523809523809, "tall_2+": 21.428571428571427 }, "geometry": { "type": "Point", "coordinates": [ -0.044544690929345, 51.67781517043997 ] } },
{ "type": "Feature", "properties": { "max_height": 13.520751953125, "mean_height": 1.5067393779754639, "std_height": 3.2225146293640137, "count_pixels": 43, "percent_cover": 0.042723153962324144, "percent_above_0.1m": 27.906976744186046, "low_level_<0.5": 0.0, "mid_level_0.5-2": 4.6511627906976747, "tall_2+": 20.930232558139537 }, "geometry": { "type": "Point", "coordinates": [ -0.044344411971752, 51.677811834788571 ] } },
{ "type": "Feature", "properties": { "max_height": 0.001251220703125, "mean_height": -4.8349070311815012e-06, "std_height": 0.0004018621111754328, "count_pixels": 43, "percent_cover": 0.042723153962324144, "percent_above_0.1m": 0.0, "low_level_<0.5": 0.0, "mid_level_0.5-2": 0.0, "tall_2+": 0.0 }, "geometry": { "type": "Point", "coordinates": [ -0.044144133052932, 51.677808498795059 ] } },
{ "type": "Feature", "properties": { "max_height": 0.0015010833740234375, "mean_height": 7.2343005740549415e-05, "std_height": 0.00041995992069132626, "count_pixels": 42, "percent_cover": 0.041729592242270089, "percent_above_0.1m": 0.0, "low_level_<0.5": 0.0, "mid_level_0.5-2": 0.0, "tall_2+": 0.0 }, "geometry": { "type": "Point", "coordinates": [ -0.043943854172905, 51.677805162459379 ] } },
{ "type": "Feature", "properties": { "max_height": 9.7377529144287109, "mean_height": 0.88414371013641357, "std_height": 2.3141615390777588, "count_pixels": 42, "percent_cover": 0.041729592242270089, "percent_above_0.1m": 19.047619047619047, "low_level_<0.5": 2.3809523809523809, "mid_level_0.5-2": 4.7619047619047619, "tall_2+": 11.904761904761903 }, "geometry": { "type": "Point", "coordinates": [ -0.043743575331663, 51.677801825781572 ] } },
{ "type": "Feature", "properties": { "max_height": 0.55000114440917969, "mean_height": 0.012890350073575974, "std_height": 0.082878947257995605, "count_pixels": 43, "percent_cover": 0.042723153962324144, "percent_above_0.1m": 2.3255813953488373, "low_level_<0.5": 0.0, "mid_level_0.5-2": 2.3255813953488373, "tall_2+": 0.0 }, "geometry": { "type": "Point", "coordinates": [ -0.043543296529215, 51.677798488761624 ] } },
{ "type": "Feature", "properties": { "max_height": 0.30775070190429688, "mean_height": 0.0072154090739786625, "std_height": 0.046939343214035034, "count_pixels": 42, "percent_cover": 0.041729592242270089, "percent_above_0.1m": 2.3809523809523809, "low_level_<0.5": 2.3809523809523809, "mid_level_0.5-2": 0.0, "tall_2+": 0.0 }, "geometry": { "type": "Point", "coordinates": [ -0.043343017765565, 51.67779515139955 ] } },
{ "type": "Feature", "properties": { "max_height": 1.9397506713867188, "mean_height": 0.090976990759372711, "std_height": 0.39025446772575378, "count_pixels": 42, "percent_cover": 0.041729592242270089, "percent_above_0.1m": 7.1428571428571423, "low_level_<0.5": 0.0, "mid_level_0.5-2": 4.7619047619047619, "tall_2+": 0.0 }, "geometry": { "type": "Point", "coordinates": [ -0.043142739040713, 51.677791813695329 ] } },
{ "type": "Feature", "properties": { "max_height": 6.0932502746582031, "mean_height": 0.78464138507843018, "std_height": 1.709012508392334, "count_pixels": 41, "percent_cover": 0.040736030522216041, "percent_above_0.1m": 24.390243902439025, "low_level_<0.5": 2.4390243902439024, "mid_level_0.5-2": 4.8780487804878048, "tall_2+": 17.073170731707318 }, "geometry": { "type": "Point", "coordinates": [ -0.042942460354671, 51.677788475648967 ] } },
{ "type": "Feature", "properties": { "max_height": 7.3127517700195312, "mean_height": 2.0447268486022949, "std_height": 2.2976622581481934, "count_pixels": 41, "percent_cover": 0.040736030522216041, "percent_above_0.1m": 56.09756097560976, "low_level_<0.5": 2.4390243902439024, "mid_level_0.5-2": 12.195121951219512, "tall_2+": 41.463414634146339 }, "geometry": { "type": "Point", "coordinates": [ -0.04274218170743, 51.677785137260472 ] } },
{ "type": "Feature", "properties": { "max_height": 7.9727516174316406, "mean_height": 1.9875670671463013, "std_height": 2.2244346141815186, "count_pixels": 38, "percent_cover": 0.03775534536205389, "percent_above_0.1m": 71.05263157894737, "low_level_<0.5": 13.157894736842104, "mid_level_0.5-2": 21.052631578947366, "tall_2+": 36.84210526315789 }, "geometry": { "type": "Point", "coordinates": [ -0.042541903099007, 51.677781798529828 ] } },
{ "type": "Feature", "properties": { "max_height": 1.7050018310546875, "mean_height": 0.057048797607421875, "std_height": 0.26460441946983337, "count_pixels": 42, "percent_cover": 0.041729592242270089, "percent_above_0.1m": 7.1428571428571423, "low_level_<0.5": 4.7619047619047619, "mid_level_0.5-2": 2.3809523809523809, "tall_2+": 0.0 }, "geometry": { "type": "Point", "coordinates": [ -0.0423416245294, 51.677778459457059 ] } },
{ "type": "Feature", "properties": { "max_height": 6.6172504425048828, "mean_height": 1.7005012035369873, "std_height": 1.8678313493728638, "count_pixels": 41, "percent_cover": 0.040736030522216041, "percent_above_0.1m": 65.853658536585371, "low_level_<0.5": 4.8780487804878048, "mid_level_0.5-2": 26.829268292682929, "tall_2+": 34.146341463414636 }, "geometry": { "type": "Point", "coordinates": [ -0.042141345998612, 51.677775120042149 ] } },
{ "type": "Feature", "properties": { "max_height": 12.668001174926758, "mean_height": 2.5221858024597168, "std_height": 2.9641430377960205, "count_pixels": 42, "percent_cover": 0.041729592242270089, "percent_above_0.1m": 85.714285714285708, "low_level_<0.5": 7.1428571428571423, "mid_level_0.5-2": 35.714285714285715, "tall_2+": 40.476190476190474 }, "geometry": { "type": "Point", "coordinates": [ -0.045241024495292, 51.677934673658307 ] } },
{ "type": "Feature", "properties": { "max_height": 15.370250701904297, "mean_height": 6.5198225975036621, "std_height": 4.1364021301269531, "count_pixels": 42, "percent_cover": 0.041729592242270089, "percent_above_0.1m": 95.238095238095227, "low_level_<0.5": 4.7619047619047619, "mid_level_0.5-2": 9.5238095238095237, "tall_2+": 80.952380952380949 }, "geometry": { "type": "Point", "coordinates": [ -0.045040744924923, 51.677931339204299 ] } },
{ "type": "Feature", "properties": { "max_height": 17.612003326416016, "mean_height": 5.5266580581665039, "std_height": 5.5915780067443848, "count_pixels": 43, "percent_cover": 0.042723153962324144, "percent_above_0.1m": 65.116279069767444, "low_level_<0.5": 0.0, "mid_level_0.5-2": 6.9767441860465116, "tall_2+": 58.139534883720934 }, "geometry": { "type": "Point", "coordinates": [ -0.044840465393321, 51.677928004408152 ] } },
{ "type": "Feature", "properties": { "max_height": 14.474250793457031, "mean_height": 7.4679784774780273, "std_height": 3.9120621681213379, "count_pixels": 42, "percent_cover": 0.041729592242270089, "percent_above_0.1m": 95.238095238095227, "low_level_<0.5": 2.3809523809523809, "mid_level_0.5-2": 2.3809523809523809, "tall_2+": 90.476190476190482 }, "geometry": { "type": "Point", "coordinates": [ -0.044640185900492, 51.677924669269885 ] } },
{ "type": "Feature", "properties": { "max_height": 18.631500244140625, "mean_height": 9.7313852310180664, "std_height": 5.0838508605957031, "count_pixels": 41, "percent_cover": 0.040736030522216041, "percent_above_0.1m": 95.121951219512198, "low_level_<0.5": 0.0, "mid_level_0.5-2": 2.4390243902439024, "tall_2+": 92.682926829268297 }, "geometry": { "type": "Point", "coordinates": [ -0.044439906446435, 51.677921333789463 ] } },
{ "type": "Feature", "properties": { "max_height": 21.554752349853516, "mean_height": 8.4287824630737305, "std_height": 6.3395624160766602, "count_pixels": 41, "percent_cover": 0.040736030522216041, "percent_above_0.1m": 90.243902439024396, "low_level_<0.5": 0.0, "mid_level_0.5-2": 14.634146341463413, "tall_2+": 75.609756097560975 }, "geometry": { "type": "Point", "coordinates": [ -0.044239627031166, 51.677917997966908 ] } },
{ "type": "Feature", "properties": { "max_height": 1.7047519683837891, "mean_height": 0.60890340805053711, "std_height": 0.68621283769607544, "count_pixels": 41, "percent_cover": 0.040736030522216041, "percent_above_0.1m": 53.658536585365859, "low_level_<0.5": 12.195121951219512, "mid_level_0.5-2": 41.463414634146339, "tall_2+": 0.0 }, "geometry": { "type": "Point", "coordinates": [ -0.044039347654668, 51.677914661802205 ] } },
{ "type": "Feature", "properties": { "max_height": 15.593002319335938, "mean_height": 4.5961923599243164, "std_height": 4.5919785499572754, "count_pixels": 38, "percent_cover": 0.03775534536205389, "percent_above_0.1m": 76.31578947368422, "low_level_<0.5": 2.6315789473684208, "mid_level_0.5-2": 15.789473684210526, "tall_2+": 57.894736842105267 }, "geometry": { "type": "Point", "coordinates": [ -0.043839068316966, 51.677911325295383 ] } },
{ "type": "Feature", "properties": { "max_height": 10.544502258300781, "mean_height": 2.9569766521453857, "std_height": 2.9390223026275635, "count_pixels": 41, "percent_cover": 0.040736030522216041, "percent_above_0.1m": 87.804878048780495, "low_level_<0.5": 17.073170731707318, "mid_level_0.5-2": 17.073170731707318, "tall_2+": 51.219512195121951 }, "geometry": { "type": "Point", "coordinates": [ -0.043638789018053, 51.677907988446393 ] } },
{ "type": "Feature", "properties": { "max_height": 6.2972526550292969, "mean_height": 1.1689951419830322, "std_height": 1.6059210300445557, "count_pixels": 41, "percent_cover": 0.040736030522216041, "percent_above_0.1m": 56.09756097560976, "low_level_<0.5": 7.3170731707317067, "mid_level_0.5-2": 17.073170731707318, "tall_2+": 26.829268292682929 }, "geometry": { "type": "Point", "coordinates": [ -0.043438509757932, 51.677904651255275 ] } },
{ "type": "Feature", "properties": { "max_height": 7.2442493438720703, "mean_height": 1.4567211866378784, "std_height": 1.8676629066467285, "count_pixels": 42, "percent_cover": 0.041729592242270089, "percent_above_0.1m": 71.428571428571431, "low_level_<0.5": 9.5238095238095237, "mid_level_0.5-2": 35.714285714285715, "tall_2+": 26.190476190476193 }, "geometry": { "type": "Point", "coordinates": [ -0.043238230536617, 51.677901313722032 ] } },
{ "type": "Feature", "properties": { "max_height": 7.8390026092529297, "mean_height": 2.6649892330169678, "std_height": 2.5044264793395996, "count_pixels": 42, "percent_cover": 0.041729592242270089, "percent_above_0.1m": 92.857142857142861, "low_level_<0.5": 16.666666666666664, "mid_level_0.5-2": 23.809523809523807, "tall_2+": 47.619047619047613 }, "geometry": { "type": "Point", "coordinates": [ -0.043037951354096, 51.677897975846641 ] } },
{ "type": "Feature", "properties": { "max_height": 9.1847515106201172, "mean_height": 3.1882507801055908, "std_height": 2.8720390796661377, "count_pixels": 43, "percent_cover": 0.042723153962324144, "percent_above_0.1m": 83.720930232558146, "low_level_<0.5": 2.3255813953488373, "mid_level_0.5-2": 25.581395348837212, "tall_2+": 55.813953488372093 }, "geometry": { "type": "Point", "coordinates": [ -0.04283767221039, 51.677894637629095 ] } },
{ "type": "Feature", "properties": { "max_height": 12.099750518798828, "mean_height": 6.3176612854003906, "std_height": 3.9636380672454834, "count_pixels": 42, "percent_cover": 0.041729592242270089, "percent_above_0.1m": 92.857142857142861, "low_level_<0.5": 2.3809523809523809, "mid_level_0.5-2": 7.1428571428571423, "tall_2+": 80.952380952380949 }, "geometry": { "type": "Point", "coordinates": [ -0.04263739310549, 51.677891299069422 ] } },
{ "type": "Feature", "properties": { "max_height": 11.025501251220703, "mean_height": 3.2285313606262207, "std_height": 3.2147438526153564, "count_pixels": 42, "percent_cover": 0.041729592242270089, "percent_above_0.1m": 85.714285714285708, "low_level_<0.5": 11.904761904761903, "mid_level_0.5-2": 26.190476190476193, "tall_2+": 47.619047619047613 }, "geometry": { "type": "Point", "coordinates": [ -0.042437114039411, 51.677887960167617 ] } },
{ "type": "Feature", "properties": { "max_height": 5.5310020446777344, "mean_height": 1.8452866077423096, "std_height": 1.8709875345230103, "count_pixels": 42, "percent_cover": 0.041729592242270089, "percent_above_0.1m": 78.571428571428569, "low_level_<0.5": 11.904761904761903, "mid_level_0.5-2": 30.952380952380953, "tall_2+": 35.714285714285715 }, "geometry": { "type": "Point", "coordinates": [ -0.042236835012145, 51.677884620923649 ] } },
{ "type": "Feature", "properties": { "max_height": 1.2312526702880859, "mean_height": 0.11815904080867767, "std_height": 0.28343850374221802, "count_pixels": 38, "percent_cover": 0.03775534536205389, "percent_above_0.1m": 23.684210526315788, "low_level_<0.5": 7.8947368421052628, "mid_level_0.5-2": 7.8947368421052628, "tall_2+": 0.0 }, "geometry": { "type": "Point", "coordinates": [ -0.045336521413483, 51.678044171888139 ] } },
{ "type": "Feature", "properties": { "max_height": 13.563503265380859, "mean_height": 3.6168408393859863, "std_height": 3.4941961765289307, "count_pixels": 42, "percent_cover": 0.041729592242270089, "percent_above_0.1m": 88.095238095238088, "low_level_<0.5": 4.7619047619047619, "mid_level_0.5-2": 23.809523809523807, "tall_2+": 57.142857142857139 }, "geometry": { "type": "Point", "coordinates": [ -0.045136241346658, 51.67804083760511 ] } },
{ "type": "Feature", "properties": { "max_height": 18.072254180908203, "mean_height": 7.2924036979675293, "std_height": 4.7071313858032227, "count_pixels": 41, "percent_cover": 0.040736030522216041, "percent_above_0.1m": 85.365853658536579, "low_level_<0.5": 0.0, "mid_level_0.5-2": 2.4390243902439024, "tall_2+": 82.926829268292678 }, "geometry": { "type": "Point", "coordinates": [ -0.044935961318601, 51.678037502979969 ] } },
{ "type": "Feature", "properties": { "max_height": 18.216753005981445, "mean_height": 6.9374041557312012, "std_height": 5.3738765716552734, "count_pixels": 41, "percent_cover": 0.040736030522216041, "percent_above_0.1m": 78.048780487804876, "low_level_<0.5": 0.0, "mid_level_0.5-2": 4.8780487804878048, "tall_2+": 73.170731707317074 }, "geometry": { "type": "Point", "coordinates": [ -0.04473568132931, 51.678034168012658 ] } },
{ "type": "Feature", "properties": { "max_height": 21.20625114440918, "mean_height": 9.1449117660522461, "std_height": 5.6541914939880371, "count_pixels": 42, "percent_cover": 0.041729592242270089, "percent_above_0.1m": 97.61904761904762, "low_level_<0.5": 2.3809523809523809, "mid_level_0.5-2": 7.1428571428571423, "tall_2+": 88.095238095238088 }, "geometry": { "type": "Point", "coordinates": [ -0.044535401378793, 51.678030832703222 ] } },
{ "type": "Feature", "properties": { "max_height": 18.625001907348633, "mean_height": 7.3165369033813477, "std_height": 5.691828727722168, "count_pixels": 43, "percent_cover": 0.042723153962324144, "percent_above_0.1m": 83.720930232558146, "low_level_<0.5": 2.3255813953488373, "mid_level_0.5-2": 0.0, "tall_2+": 81.395348837209298 }, "geometry": { "type": "Point", "coordinates": [ -0.044335121467057, 51.678027497051637 ] } },
{ "type": "Feature", "properties": { "max_height": 14.195503234863281, "mean_height": 1.3692629337310791, "std_height": 2.9939565658569336, "count_pixels": 43, "percent_cover": 0.042723153962324144, "percent_above_0.1m": 32.558139534883722, "low_level_<0.5": 2.3255813953488373, "mid_level_0.5-2": 9.3023255813953494, "tall_2+": 20.930232558139537 }, "geometry": { "type": "Point", "coordinates": [ -0.044134841594099, 51.678024161057898 ] } },
{ "type": "Feature", "properties": { "max_height": 10.248001098632812, "mean_height": 0.37825122475624084, "std_height": 1.5915089845657349, "count_pixels": 42, "percent_cover": 0.041729592242270089, "percent_above_0.1m": 16.666666666666664, "low_level_<0.5": 7.1428571428571423, "mid_level_0.5-2": 7.1428571428571423, "tall_2+": 2.3809523809523809 }, "geometry": { "type": "Point", "coordinates": [ -0.04393456175993, 51.67802082472204 ] } },
{ "type": "Feature", "properties": { "max_height": 14.828500747680664, "mean_height": 4.705376148223877, "std_height": 4.0223450660705566, "count_pixels": 42, "percent_cover": 0.041729592242270089, "percent_above_0.1m": 85.714285714285708, "low_level_<0.5": 2.3809523809523809, "mid_level_0.5-2": 11.904761904761903, "tall_2+": 71.428571428571431 }, "geometry": { "type": "Point", "coordinates": [ -0.043734281964548, 51.678017488044041 ] } },
{ "type": "Feature", "properties": { "max_height": 15.211502075195312, "mean_height": 1.9739718437194824, "std_height": 3.183060884475708, "count_pixels": 43, "percent_cover": 0.042723153962324144, "percent_above_0.1m": 48.837209302325576, "low_level_<0.5": 6.9767441860465116, "mid_level_0.5-2": 9.3023255813953494, "tall_2+": 32.558139534883722 }, "geometry": { "type": "Point", "coordinates": [ -0.04353400220796, 51.678014151023895 ] } },
{ "type": "Feature", "properties": { "max_height": 8.2915019989013672, "mean_height": 1.360465407371521, "std_height": 2.1249825954437256, "count_pixels": 42, "percent_cover": 0.041729592242270089, "percent_above_0.1m": 47.619047619047613, "low_level_<0.5": 2.3809523809523809, "mid_level_0.5-2": 16.666666666666664, "tall_2+": 26.190476190476193 }, "geometry": { "type": "Point", "coordinates": [ -0.043333722490173, 51.678010813661594 ] } },
{ "type": "Feature", "properties": { "max_height": 5.4077529907226562, "mean_height": 0.62227487564086914, "std_height": 1.2790253162384033, "count_pixels": 42, "percent_cover": 0.041729592242270089, "percent_above_0.1m": 28.571428571428569, "low_level_<0.5": 7.1428571428571423, "mid_level_0.5-2": 7.1428571428571423, "tall_2+": 14.285714285714285 }, "geometry": { "type": "Point", "coordinates": [ -0.045231738226073, 51.678150335918822 ] } },
{ "type": "Feature", "properties": { "max_height": 6.1655006408691406, "mean_height": 0.96225118637084961, "std_height": 1.6026872396469116, "count_pixels": 42, "percent_cover": 0.041729592242270089, "percent_above_0.1m": 38.095238095238095, "low_level_<0.5": 2.3809523809523809, "mid_level_0.5-2": 9.5238095238095237, "tall_2+": 23.809523809523807 }, "geometry": { "type": "Point", "coordinates": [ -0.045031457701555, 51.678147001464623 ] } },
{ "type": "Feature", "properties": { "max_height": 0.0005016326904296875, "mean_height": -8.5919404227752239e-05, "std_height": 0.00033614644780755043, "count_pixels": 43, "percent_cover": 0.042723153962324144, "percent_above_0.1m": 0.0, "low_level_<0.5": 0.0, "mid_level_0.5-2": 0.0, "tall_2+": 0.0 }, "geometry": { "type": "Point", "coordinates": [ -0.044831177215805, 51.678143666668312 ] } },
{ "type": "Feature", "properties": { "max_height": 6.2120018005371094, "mean_height": 0.42845329642295837, "std_height": 1.292871356010437, "count_pixels": 42, "percent_cover": 0.041729592242270089, "percent_above_0.1m": 11.904761904761903, "low_level_<0.5": 0.0, "mid_level_0.5-2": 2.3809523809523809, "tall_2+": 9.5238095238095237 }, "geometry": { "type": "Point", "coordinates": [ -0.044630896768824, 51.678140331529839 ] } },
{ "type": "Feature", "properties": { "max_height": 7.5902519226074219, "mean_height": 0.24169628322124481, "std_height": 1.1905063390731812, "count_pixels": 41, "percent_cover": 0.040736030522216041, "percent_above_0.1m": 7.3170731707317067, "low_level_<0.5": 0.0, "mid_level_0.5-2": 4.8780487804878048, "tall_2+": 2.4390243902439024 }, "geometry": { "type": "Point", "coordinates": [ -0.044430616360622, 51.678136996049233 ] } },
{ "type": "Feature", "properties": { "max_height": 7.8230018615722656, "mean_height": 0.24315345287322998, "std_height": 1.2436567544937134, "count_pixels": 41, "percent_cover": 0.040736030522216041, "percent_above_0.1m": 4.8780487804878048, "low_level_<0.5": 0.0, "mid_level_0.5-2": 0.0, "tall_2+": 4.8780487804878048 }, "geometry": { "type": "Point", "coordinates": [ -0.044230335991198, 51.678133660226472 ] } },
{ "type": "Feature", "properties": { "max_height": 0.0007495880126953125, "mean_height": -4.1449940908933058e-05, "std_height": 0.0002461221010889858, "count_pixels": 41, "percent_cover": 0.040736030522216041, "percent_above_0.1m": 0.0, "low_level_<0.5": 0.0, "mid_level_0.5-2": 0.0, "tall_2+": 0.0 }, "geometry": { "type": "Point", "coordinates": [ -0.044030055660562, 51.678130324061584 ] } },
{ "type": "Feature", "properties": { "max_height": 0.708251953125, "mean_height": 0.01875792071223259, "std_height": 0.11335255205631256, "count_pixels": 38, "percent_cover": 0.03775534536205389, "percent_above_0.1m": 2.6315789473684208, "low_level_<0.5": 0.0, "mid_level_0.5-2": 2.6315789473684208, "tall_2+": 0.0 }, "geometry": { "type": "Point", "coordinates": [ -0.043829775368709, 51.678126987554549 ] } },
{ "type": "Feature", "properties": { "max_height": 14.489751815795898, "mean_height": 0.82931190729141235, "std_height": 3.0270311832427979, "count_pixels": 41, "percent_cover": 0.040736030522216041, "percent_above_0.1m": 12.195121951219512, "low_level_<0.5": 0.0, "mid_level_0.5-2": 4.8780487804878048, "tall_2+": 7.3170731707317067 }, "geometry": { "type": "Point", "coordinates": [ -0.04362949511565, 51.67812365070538 ] } },
{ "type": "Feature", "properties": { "max_height": 0.0005016326904296875, "mean_height": -2.3585993403685279e-05, "std_height": 0.00030665902886539698, "count_pixels": 41, "percent_cover": 0.040736030522216041, "percent_above_0.1m": 0.0, "low_level_<0.5": 0.0, "mid_level_0.5-2": 0.0, "tall_2+": 0.0 }, "geometry": { "type": "Point", "coordinates": [ -0.043429214901386, 51.678120313514043 ] } },
{ "type": "Feature", "properties": { "max_height": 8.2797508239746094, "mean_height": 2.6508941650390625, "std_height": 2.8433494567871094, "count_pixels": 42, "percent_cover": 0.041729592242270089, "percent_above_0.1m": 64.285714285714292, "low_level_<0.5": 2.3809523809523809, "mid_level_0.5-2": 19.047619047619047, "tall_2+": 42.857142857142854 }, "geometry": { "type": "Point", "coordinates": [ -0.043228934725926, 51.678116975980586 ] } },
{ "type": "Feature", "properties": { "max_height": 14.260501861572266, "mean_height": 2.6366679668426514, "std_height": 4.0555877685546875, "count_pixels": 42, "percent_cover": 0.041729592242270089, "percent_above_0.1m": 50.0, "low_level_<0.5": 4.7619047619047619, "mid_level_0.5-2": 11.904761904761903, "tall_2+": 33.333333333333329 }, "geometry": { "type": "Point", "coordinates": [ -0.045126954542192, 51.678256499862158 ] } },
{ "type": "Feature", "properties": { "max_height": 12.067750930786133, "mean_height": 2.1304707527160645, "std_height": 3.5592787265777588, "count_pixels": 41, "percent_cover": 0.040736030522216041, "percent_above_0.1m": 39.024390243902438, "low_level_<0.5": 0.0, "mid_level_0.5-2": 9.7560975609756095, "tall_2+": 29.268292682926827 }, "geometry": { "type": "Point", "coordinates": [ -0.044926673559977, 51.678253165236804 ] } },
{ "type": "Feature", "properties": { "max_height": 0.000751495361328125, "mean_height": -1.7212658349308185e-05, "std_height": 0.00032825118978507817, "count_pixels": 41, "percent_cover": 0.040736030522216041, "percent_above_0.1m": 0.0, "low_level_<0.5": 0.0, "mid_level_0.5-2": 0.0, "tall_2+": 0.0 }, "geometry": { "type": "Point", "coordinates": [ -0.044726392616533, 51.678249830269323 ] } },
{ "type": "Feature", "properties": { "max_height": 0.001251220703125, "mean_height": 3.1017123546916991e-05, "std_height": 0.00035865715472027659, "count_pixels": 42, "percent_cover": 0.041729592242270089, "percent_above_0.1m": 0.0, "low_level_<0.5": 0.0, "mid_level_0.5-2": 0.0, "tall_2+": 0.0 }, "geometry": { "type": "Point", "coordinates": [ -0.044526111711861, 51.678246494959701 ] } },
{ "type": "Feature", "properties": { "max_height": 0.001750946044921875, "mean_height": 8.2326492702122778e-05, "std_height": 0.00045679160393774509, "count_pixels": 43, "percent_cover": 0.042723153962324144, "percent_above_0.1m": 0.0, "low_level_<0.5": 0.0, "mid_level_0.5-2": 0.0, "tall_2+": 0.0 }, "geometry": { "type": "Point", "coordinates": [ -0.044325830845973, 51.678243159307911 ] } },
{ "type": "Feature", "properties": { "max_height": 0.000751495361328125, "mean_height": 2.4307606508955359e-05, "std_height": 0.00032278691651299596, "count_pixels": 43, "percent_cover": 0.042723153962324144, "percent_above_0.1m": 0.0, "low_level_<0.5": 0.0, "mid_level_0.5-2": 0.0, "tall_2+": 0.0 }, "geometry": { "type": "Point", "coordinates": [ -0.044125550018863, 51.678239823313987 ] } },
{ "type": "Feature", "properties": { "max_height": 0.00225067138671875, "mean_height": 3.6739169445354491e-05, "std_height": 0.00045512913493439555, "count_pixels": 42, "percent_cover": 0.041729592242270089, "percent_above_0.1m": 0.0, "low_level_<0.5": 0.0, "mid_level_0.5-2": 0.0, "tall_2+": 0.0 }, "geometry": { "type": "Point", "coordinates": [ -0.043925269230538, 51.678236486977923 ] } },
{ "type": "Feature", "properties": { "max_height": 0.000751495361328125, "mean_height": 1.2942722605657764e-05, "std_height": 0.00036191634717397392, "count_pixels": 42, "percent_cover": 0.041729592242270089, "percent_above_0.1m": 0.0, "low_level_<0.5": 0.0, "mid_level_0.5-2": 0.0, "tall_2+": 0.0 }, "geometry": { "type": "Point", "coordinates": [ -0.043724988481005, 51.678233150299732 ] } },
{ "type": "Feature", "properties": { "max_height": 0.0005016326904296875, "mean_height": -7.4697098170872778e-05, "std_height": 0.00026174943195655942, "count_pixels": 43, "percent_cover": 0.042723153962324144, "percent_above_0.1m": 0.0, "low_level_<0.5": 0.0, "mid_level_0.5-2": 0.0, "tall_2+": 0.0 }, "geometry": { "type": "Point", "coordinates": [ -0.043524707770266, 51.678229813279373 ] } },
{ "type": "Feature", "properties": { "max_height": 0.13975143432617188, "mean_height": 0.0032927650026977062, "std_height": 0.021313050761818886, "count_pixels": 42, "percent_cover": 0.041729592242270089, "percent_above_0.1m": 2.3809523809523809, "low_level_<0.5": 0.0, "mid_level_0.5-2": 0.0, "tall_2+": 0.0 }, "geometry": { "type": "Point", "coordinates": [ -0.043324427098325, 51.67822647591688 ] } },
{ "type": "Feature", "properties": { "max_height": 8.001251220703125, "mean_height": 3.2435483932495117, "std_height": 2.7523567676544189, "count_pixels": 42, "percent_cover": 0.041729592242270089, "percent_above_0.1m": 71.428571428571431, "low_level_<0.5": 2.3809523809523809, "mid_level_0.5-2": 9.5238095238095237, "tall_2+": 59.523809523809526 }, "geometry": { "type": "Point", "coordinates": [ -0.043124146465189, 51.678223138212246 ] } },
{ "type": "Feature", "properties": { "max_height": 10.482250213623047, "mean_height": 0.56816184520721436, "std_height": 1.6941437721252441, "count_pixels": 42, "percent_cover": 0.041729592242270089, "percent_above_0.1m": 30.952380952380953, "low_level_<0.5": 7.1428571428571423, "mid_level_0.5-2": 11.904761904761903, "tall_2+": 9.5238095238095237 }, "geometry": { "type": "Point", "coordinates": [ -0.045222451840517, 51.678365998172559 ] } },
{ "type": "Feature", "properties": { "max_height": 13.327251434326172, "mean_height": 5.5540671348571777, "std_height": 4.1003694534301758, "count_pixels": 42, "percent_cover": 0.041729592242270089, "percent_above_0.1m": 83.333333333333343, "low_level_<0.5": 2.3809523809523809, "mid_level_0.5-2": 7.1428571428571423, "tall_2+": 73.80952380952381 }, "geometry": { "type": "Point", "coordinates": [ -0.045022170361833, 51.678362663718197 ] } },
{ "type": "Feature", "properties": { "max_height": 0.0017528533935546875, "mean_height": 4.7728073695907369e-05, "std_height": 0.00045526091707870364, "count_pixels": 43, "percent_cover": 0.042723153962324144, "percent_above_0.1m": 0.0, "low_level_<0.5": 0.0, "mid_level_0.5-2": 0.0, "tall_2+": 0.0 }, "geometry": { "type": "Point", "coordinates": [ -0.044821888921922, 51.67835932892168 ] } },
{ "type": "Feature", "properties": { "max_height": 0.0005016326904296875, "mean_height": 5.4768152040196583e-05, "std_height": 0.00023485417477786541, "count_pixels": 42, "percent_cover": 0.041729592242270089, "percent_above_0.1m": 0.0, "low_level_<0.5": 0.0, "mid_level_0.5-2": 0.0, "tall_2+": 0.0 }, "geometry": { "type": "Point", "coordinates": [ -0.044621607520783, 51.678355993783029 ] } },
{ "type": "Feature", "properties": { "max_height": 0.0010013580322265625, "mean_height": -4.8846732170204632e-06, "std_height": 0.00035126655711792409, "count_pixels": 41, "percent_cover": 0.040736030522216041, "percent_above_0.1m": 0.0, "low_level_<0.5": 0.0, "mid_level_0.5-2": 0.0, "tall_2+": 0.0 }, "geometry": { "type": "Point", "coordinates": [ -0.044421326158419, 51.678352658302231 ] } },
{ "type": "Feature", "properties": { "max_height": 0.001251220703125, "mean_height": -1.7119617041316815e-05, "std_height": 0.00039215121068991721, "count_pixels": 41, "percent_cover": 0.040736030522216041, "percent_above_0.1m": 0.0, "low_level_<0.5": 0.0, "mid_level_0.5-2": 0.0, "tall_2+": 0.0 }, "geometry": { "type": "Point", "coordinates": [ -0.044221044834836, 51.678349322479292 ] } },
{ "type": "Feature", "properties": { "max_height": 0.0015010833740234375, "mean_height": -6.0011701862094924e-05, "std_height": 0.00064594997093081474, "count_pixels": 41, "percent_cover": 0.040736030522216041, "percent_above_0.1m": 0.0, "low_level_<0.5": 0.0, "mid_level_0.5-2": 0.0, "tall_2+": 0.0 }, "geometry": { "type": "Point", "coordinates": [ -0.044020763550039, 51.678345986314199 ] } },
{ "type": "Feature", "properties": { "max_height": 0.0005016326904296875, "mean_height": -5.8023553719976917e-05, "std_height": 0.00033657648600637913, "count_pixels": 38, "percent_cover": 0.03775534536205389, "percent_above_0.1m": 0.0, "low_level_<0.5": 0.0, "mid_level_0.5-2": 0.0, "tall_2+": 0.0 }, "geometry": { "type": "Point", "coordinates": [ -0.04382048230403, 51.678342649806972 ] } },
{ "type": "Feature", "properties": { "max_height": 0.0007495880126953125, "mean_height": -3.5913977626478299e-05, "std_height": 0.00034275857615284622, "count_pixels": 41, "percent_cover": 0.040736030522216041, "percent_above_0.1m": 0.0, "low_level_<0.5": 0.0, "mid_level_0.5-2": 0.0, "tall_2+": 0.0 }, "geometry": { "type": "Point", "coordinates": [ -0.043620201096815, 51.678339312957583 ] } },
{ "type": "Feature", "properties": { "max_height": 0.0005016326904296875, "mean_height": -4.7962839744286612e-05, "std_height": 0.00024214242876041681, "count_pixels": 41, "percent_cover": 0.040736030522216041, "percent_above_0.1m": 0.0, "low_level_<0.5": 0.0, "mid_level_0.5-2": 0.0, "tall_2+": 0.0 }, "geometry": { "type": "Point", "coordinates": [ -0.043419919928394, 51.678335975766053 ] } },
{ "type": "Feature", "properties": { "max_height": 8.1085014343261719, "mean_height": 1.6330482959747314, "std_height": 2.4762523174285889, "count_pixels": 42, "percent_cover": 0.041729592242270089, "percent_above_0.1m": 40.476190476190474, "low_level_<0.5": 0.0, "mid_level_0.5-2": 9.5238095238095237, "tall_2+": 28.571428571428569 }, "geometry": { "type": "Point", "coordinates": [ -0.043219638798775, 51.678332638232391 ] } },
{ "type": "Feature", "properties": { "max_height": 8.6660022735595703, "mean_height": 2.0109176635742188, "std_height": 2.9122262001037598, "count_pixels": 42, "percent_cover": 0.041729592242270089, "percent_above_0.1m": 45.238095238095241, "low_level_<0.5": 2.3809523809523809, "mid_level_0.5-2": 7.1428571428571423, "tall_2+": 33.333333333333329 }, "geometry": { "type": "Point", "coordinates": [ -0.043019357707957, 51.678329300356573 ] } },
{ "type": "Feature", "properties": { "max_height": 8.3767509460449219, "mean_height": 1.9019951820373535, "std_height": 1.7552419900894165, "count_pixels": 42, "percent_cover": 0.041729592242270089, "percent_above_0.1m": 78.571428571428569, "low_level_<0.5": 4.7619047619047619, "mid_level_0.5-2": 33.333333333333329, "tall_2+": 40.476190476190474 }, "geometry": { "type": "Point", "coordinates": [ -0.045117667621379, 51.678472162112435 ] } },
{ "type": "Feature", "properties": { "max_height": 10.159252166748047, "mean_height": 0.92494630813598633, "std_height": 2.2338776588439941, "count_pixels": 41, "percent_cover": 0.040736030522216041, "percent_above_0.1m": 21.951219512195124, "low_level_<0.5": 0.0, "mid_level_0.5-2": 7.3170731707317067, "tall_2+": 14.634146341463413 }, "geometry": { "type": "Point", "coordinates": [ -0.044917385685, 51.678468827486896 ] } },
{ "type": "Feature", "properties": { "max_height": 0.001251220703125, "mean_height": -7.2153605287894607e-05, "std_height": 0.00042122279410250485, "count_pixels": 41, "percent_cover": 0.040736030522216041, "percent_above_0.1m": 0.0, "low_level_<0.5": 0.0, "mid_level_0.5-2": 0.0, "tall_2+": 0.0 }, "geometry": { "type": "Point", "coordinates": [ -0.044717103787382, 51.678465492519223 ] } },
{ "type": "Feature", "properties": { "max_height": 0.0005016326904296875, "mean_height": -2.2751944925403222e-05, "std_height": 0.00028777928673662245, "count_pixels": 42, "percent_cover": 0.041729592242270089, "percent_above_0.1m": 0.0, "low_level_<0.5": 0.0, "mid_level_0.5-2": 0.0, "tall_2+": 0.0 }, "geometry": { "type": "Point", "coordinates": [ -0.04451682192855, 51.678462157209424 ] } },
{ "type": "Feature", "properties": { "max_height": 0.0010013580322265625, "mean_height": 7.6781871030107141e-05, "std_height": 0.00036376499338075519, "count_pixels": 43, "percent_cover": 0.042723153962324144, "percent_above_0.1m": 0.0, "low_level_<0.5": 0.0, "mid_level_0.5-2": 0.0, "tall_2+": 0.0 }, "geometry": { "type": "Point", "coordinates": [ -0.044316540108492, 51.678458821557435 ] } },
{ "type": "Feature", "properties": { "max_height": 0.000751495361328125, "mean_height": -2.807794589898549e-05, "std_height": 0.00034168732236139476, "count_pixels": 43, "percent_cover": 0.042723153962324144, "percent_above_0.1m": 0.0, "low_level_<0.5": 0.0, "mid_level_0.5-2": 0.0, "tall_2+": 0.0 }, "geometry": { "type": "Point", "coordinates": [ -0.044116258327218, 51.678455485563326 ] } },
{ "type": "Feature", "properties": { "max_height": 0.0010013580322265625, "mean_height": -2.2615704438067041e-05, "std_height": 0.00048130139475688338, "count_pixels": 42, "percent_cover": 0.041729592242270089, "percent_above_0.1m": 0.0, "low_level_<0.5": 0.0, "mid_level_0.5-2": 0.0, "tall_2+": 0.0 }, "geometry": { "type": "Point", "coordinates": [ -0.043915976584727, 51.67845214922707 ] } },
{ "type": "Feature", "properties": { "max_height": 0.0010013580322265625, "mean_height": 0.000125885009765625, "std_height": 0.00034177902853116393, "count_pixels": 42, "percent_cover": 0.041729592242270089, "percent_above_0.1m": 0.0, "low_level_<0.5": 0.0, "mid_level_0.5-2": 0.0, "tall_2+": 0.0 }, "geometry": { "type": "Point", "coordinates": [ -0.043715694881031, 51.678448812548666 ] } },
{ "type": "Feature", "properties": { "max_height": 0.000751495361328125, "mean_height": 1.8452488802722655e-05, "std_height": 0.00026650671497918665, "count_pixels": 43, "percent_cover": 0.042723153962324144, "percent_above_0.1m": 0.0, "low_level_<0.5": 0.0, "mid_level_0.5-2": 0.0, "tall_2+": 0.0 }, "geometry": { "type": "Point", "coordinates": [ -0.043515413216129, 51.678445475528115 ] } },
{ "type": "Feature", "properties": { "max_height": 0.0022525787353515625, "mean_height": 9.6411931735929102e-05, "std_height": 0.00041174821672029793, "count_pixels": 42, "percent_cover": 0.041729592242270089, "percent_above_0.1m": 0.0, "low_level_<0.5": 0.0, "mid_level_0.5-2": 0.0, "tall_2+": 0.0 }, "geometry": { "type": "Point", "coordinates": [ -0.043315131590026, 51.678442138165416 ] } },
{ "type": "Feature", "properties": { "max_height": 7.1030006408691406, "mean_height": 2.8234059810638428, "std_height": 2.3507249355316162, "count_pixels": 42, "percent_cover": 0.041729592242270089, "percent_above_0.1m": 80.952380952380949, "low_level_<0.5": 2.3809523809523809, "mid_level_0.5-2": 21.428571428571427, "tall_2+": 54.761904761904766 }, "geometry": { "type": "Point", "coordinates": [ -0.043114850002727, 51.678438800460583 ] } },
{ "type": "Feature", "properties": { "max_height": 5.0162506103515625, "mean_height": 0.53529298305511475, "std_height": 1.2287265062332153, "count_pixels": 42, "percent_cover": 0.041729592242270089, "percent_above_0.1m": 33.333333333333329, "low_level_<0.5": 14.285714285714285, "mid_level_0.5-2": 7.1428571428571423, "tall_2+": 9.5238095238095237 }, "geometry": { "type": "Point", "coordinates": [ -0.045213165338616, 51.678581660419546 ] } },
{ "type": "Feature", "properties": { "max_height": 6.4617538452148438, "mean_height": 1.3234535455703735, "std_height": 1.9001172780990601, "count_pixels": 42, "percent_cover": 0.041729592242270089, "percent_above_0.1m": 45.238095238095241, "low_level_<0.5": 4.7619047619047619, "mid_level_0.5-2": 9.5238095238095237, "tall_2+": 30.952380952380953 }, "geometry": { "type": "Point", "coordinates": [ -0.045012882905759, 51.678578325964999 ] } },
{ "type": "Feature", "properties": { "max_height": 0.0039997100830078125, "mean_height": 0.00014620048750657588, "std_height": 0.00079453154467046261, "count_pixels": 43, "percent_cover": 0.042723153962324144, "percent_above_0.1m": 0.0, "low_level_<0.5": 0.0, "mid_level_0.5-2": 0.0, "tall_2+": 0.0 }, "geometry": { "type": "Point", "coordinates": [ -0.044812600511675, 51.67857499116829 ] } },
{ "type": "Feature", "properties": { "max_height": 0.000751495361328125, "mean_height": 2.4840945116011426e-05, "std_height": 0.00033117702696472406, "count_pixels": 42, "percent_cover": 0.041729592242270089, "percent_above_0.1m": 0.0, "low_level_<0.5": 0.0, "mid_level_0.5-2": 0.0, "tall_2+": 0.0 }, "geometry": { "type": "Point", "coordinates": [ -0.044612318156362, 51.678571656029462 ] } },
{ "type": "Feature", "properties": { "max_height": 0.0005016326904296875, "mean_height": -1.7259179003303871e-05, "std_height": 0.00039583240868523717, "count_pixels": 41, "percent_cover": 0.040736030522216041, "percent_above_0.1m": 0.0, "low_level_<0.5": 0.0, "mid_level_0.5-2": 0.0, "tall_2+": 0.0 }, "geometry": { "type": "Point", "coordinates": [ -0.044412035839828, 51.678568320548472 ] } },
{ "type": "Feature", "properties": { "max_height": 0.000751495361328125, "mean_height": 8.0527330283075571e-05, "std_height": 0.00031464881612919271, "count_pixels": 41, "percent_cover": 0.040736030522216041, "percent_above_0.1m": 0.0, "low_level_<0.5": 0.0, "mid_level_0.5-2": 0.0, "tall_2+": 0.0 }, "geometry": { "type": "Point", "coordinates": [ -0.044211753562074, 51.678564984725327 ] } },
{ "type": "Feature", "properties": { "max_height": 0.000751495361328125, "mean_height": -1.7584823581273668e-05, "std_height": 0.00036780914524570107, "count_pixels": 41, "percent_cover": 0.040736030522216041, "percent_above_0.1m": 0.0, "low_level_<0.5": 0.0, "mid_level_0.5-2": 0.0, "tall_2+": 0.0 }, "geometry": { "type": "Point", "coordinates": [ -0.044011471323106, 51.678561648560049 ] } },
{ "type": "Feature", "properties": { "max_height": 0.000751495361328125, "mean_height": 2.7505975594976917e-05, "std_height": 0.0003127643431071192, "count_pixels": 38, "percent_cover": 0.03775534536205389, "percent_above_0.1m": 0.0, "low_level_<0.5": 0.0, "mid_level_0.5-2": 0.0, "tall_2+": 0.0 }, "geometry": { "type": "Point", "coordinates": [ -0.043811189122927, 51.678558312052608 ] } },
{ "type": "Feature", "properties": { "max_height": 0.0005016326904296875, "mean_height": -1.7491782273282297e-05, "std_height": 0.00026131878257729113, "count_pixels": 41, "percent_cover": 0.040736030522216041, "percent_above_0.1m": 0.0, "low_level_<0.5": 0.0, "mid_level_0.5-2": 0.0, "tall_2+": 0.0 }, "geometry": { "type": "Point", "coordinates": [ -0.043610906961539, 51.678554975203049 ] } },
{ "type": "Feature", "properties": { "max_height": 0.0007495880126953125, "mean_height": -1.7259179003303871e-05, "std_height": 0.0003188358386978507, "count_pixels": 41, "percent_cover": 0.040736030522216041, "percent_above_0.1m": 0.0, "low_level_<0.5": 0.0, "mid_level_0.5-2": 0.0, "tall_2+": 0.0 }, "geometry": { "type": "Point", "coordinates": [ -0.043410624838951, 51.678551638011299 ] } },
{ "type": "Feature", "properties": { "max_height": 2.9487495422363281, "mean_height": 0.15654845535755157, "std_height": 0.55482763051986694, "count_pixels": 42, "percent_cover": 0.041729592242270089, "percent_above_0.1m": 9.5238095238095237, "low_level_<0.5": 0.0, "mid_level_0.5-2": 7.1428571428571423, "tall_2+": 2.3809523809523809 }, "geometry": { "type": "Point", "coordinates": [ -0.043210342755163, 51.678548300477424 ] } },
{ "type": "Feature", "properties": { "max_height": 9.3720016479492188, "mean_height": 5.8052692413330078, "std_height": 3.2834303379058838, "count_pixels": 42, "percent_cover": 0.041729592242270089, "percent_above_0.1m": 85.714285714285708, "low_level_<0.5": 0.0, "mid_level_0.5-2": 4.7619047619047619, "tall_2+": 80.952380952380949 }, "geometry": { "type": "Point", "coordinates": [ -0.04301006071018, 51.6785449626014 ] } },
{ "type": "Feature", "properties": { "max_height": 13.956249237060547, "mean_height": 2.7738404273986816, "std_height": 3.6479146480560303, "count_pixels": 42, "percent_cover": 0.041729592242270089, "percent_above_0.1m": 61.904761904761905, "low_level_<0.5": 4.7619047619047619, "mid_level_0.5-2": 16.666666666666664, "tall_2+": 40.476190476190474 }, "geometry": { "type": "Point", "coordinates": [ -0.04510838058422, 51.678687824355954 ] } },
{ "type": "Feature", "properties": { "max_height": 13.995502471923828, "mean_height": 3.8369829654693604, "std_height": 4.5972738265991211, "count_pixels": 41, "percent_cover": 0.040736030522216041, "percent_above_0.1m": 60.975609756097562, "low_level_<0.5": 9.7560975609756095, "mid_level_0.5-2": 2.4390243902439024, "tall_2+": 48.780487804878049 }, "geometry": { "type": "Point", "coordinates": [ -0.044908097693653, 51.67868448973023 ] } },
{ "type": "Feature", "properties": { "max_height": 0.000751495361328125, "mean_height": 1.3444481737678871e-05, "std_height": 0.00032656427356414497, "count_pixels": 41, "percent_cover": 0.040736030522216041, "percent_above_0.1m": 0.0, "low_level_<0.5": 0.0, "mid_level_0.5-2": 0.0, "tall_2+": 0.0 }, "geometry": { "type": "Point", "coordinates": [ -0.044707814841866, 51.67868115476238 ] } },
{ "type": "Feature", "properties": { "max_height": 0.000751495361328125, "mean_height": -0.00024899982963688672, "std_height": 0.00046598032349720597, "count_pixels": 42, "percent_cover": 0.041729592242270089, "percent_above_0.1m": 0.0, "low_level_<0.5": 0.0, "mid_level_0.5-2": 0.0, "tall_2+": 0.0 }, "geometry": { "type": "Point", "coordinates": [ -0.044507532028852, 51.678677819452361 ] } },
{ "type": "Feature", "properties": { "max_height": 0.0052509307861328125, "mean_height": 0.00016957659681793302, "std_height": 0.00091767433332279325, "count_pixels": 43, "percent_cover": 0.042723153962324144, "percent_above_0.1m": 0.0, "low_level_<0.5": 0.0, "mid_level_0.5-2": 0.0, "tall_2+": 0.0 }, "geometry": { "type": "Point", "coordinates": [ -0.044307249254616, 51.678674483800208 ] } },
{ "type": "Feature", "properties": { "max_height": 0.0005016326904296875, "mean_height": -2.2134116079541855e-05, "std_height": 0.00027921085711568594, "count_pixels": 43, "percent_cover": 0.042723153962324144, "percent_above_0.1m": 0.0, "low_level_<0.5": 0.0, "mid_level_0.5-2": 0.0, "tall_2+": 0.0 }, "geometry": { "type": "Point", "coordinates": [ -0.044106966519161, 51.678671147805886 ] } },
{ "type": "Feature", "properties": { "max_height": 0.0010013580322265625, "mean_height": 9.0281166194472462e-05, "std_height": 0.00045259966282173991, "count_pixels": 42, "percent_cover": 0.041729592242270089, "percent_above_0.1m": 0.0, "low_level_<0.5": 0.0, "mid_level_0.5-2": 0.0, "tall_2+": 0.0 }, "geometry": { "type": "Point", "coordinates": [ -0.0439066838225, 51.678667811469424 ] } },
{ "type": "Feature", "properties": { "max_height": 0.000499725341796875, "mean_height": -5.8628262195270509e-05, "std_height": 0.00026038629584945738, "count_pixels": 42, "percent_cover": 0.041729592242270089, "percent_above_0.1m": 0.0, "low_level_<0.5": 0.0, "mid_level_0.5-2": 0.0, "tall_2+": 0.0 }, "geometry": { "type": "Point", "coordinates": [ -0.043706401164626, 51.678664474790814 ] } },
{ "type": "Feature", "properties": { "max_height": 0.000751495361328125, "mean_height": -1.042388248606585e-05, "std_height": 0.00032325895153917372, "count_pixels": 43, "percent_cover": 0.042723153962324144, "percent_above_0.1m": 0.0, "low_level_<0.5": 0.0, "mid_level_0.5-2": 0.0, "tall_2+": 0.0 }, "geometry": { "type": "Point", "coordinates": [ -0.04350611854555, 51.678661137770071 ] } },
{ "type": "Feature", "properties": { "max_height": 0.0005016326904296875, "mean_height": -2.897353442676831e-05, "std_height": 0.00025696313241496682, "count_pixels": 42, "percent_cover": 0.041729592242270089, "percent_above_0.1m": 0.0, "low_level_<0.5": 0.0, "mid_level_0.5-2": 0.0, "tall_2+": 0.0 }, "geometry": { "type": "Point", "coordinates": [ -0.043305835965272, 51.678657800407173 ] } },
{ "type": "Feature", "properties": { "max_height": 7.7157516479492188, "mean_height": 1.9056559801101685, "std_height": 2.4611220359802246, "count_pixels": 42, "percent_cover": 0.041729592242270089, "percent_above_0.1m": 50.0, "low_level_<0.5": 4.7619047619047619, "mid_level_0.5-2": 9.5238095238095237, "tall_2+": 35.714285714285715 }, "geometry": { "type": "Point", "coordinates": [ -0.043105553423799, 51.678654462702113 ] } },
{ "type": "Feature", "properties": { "max_height": 8.0800018310546875, "mean_height": 1.8086779117584229, "std_height": 2.7411117553710938, "count_pixels": 41, "percent_cover": 0.040736030522216041, "percent_above_0.1m": 39.024390243902438, "low_level_<0.5": 4.8780487804878048, "mid_level_0.5-2": 2.4390243902439024, "tall_2+": 31.707317073170731 }, "geometry": { "type": "Point", "coordinates": [ -0.042905270921131, 51.678651124654913 ] } },
{ "type": "Feature", "properties": { "max_height": 16.544002532958984, "mean_height": 7.2589664459228516, "std_height": 3.7924492359161377, "count_pixels": 42, "percent_cover": 0.041729592242270089, "percent_above_0.1m": 97.61904761904762, "low_level_<0.5": 2.3809523809523809, "mid_level_0.5-2": 7.1428571428571423, "tall_2+": 88.095238095238088 }, "geometry": { "type": "Point", "coordinates": [ -0.045003595333329, 51.67879398820503 ] } },
{ "type": "Feature", "properties": { "max_height": 15.838750839233398, "mean_height": 4.8809137344360352, "std_height": 4.6700801849365234, "count_pixels": 43, "percent_cover": 0.042723153962324144, "percent_above_0.1m": 67.441860465116278, "low_level_<0.5": 0.0, "mid_level_0.5-2": 4.6511627906976747, "tall_2+": 62.790697674418603 }, "geometry": { "type": "Point", "coordinates": [ -0.044803311985061, 51.678790653408143 ] } },
{ "type": "Feature", "properties": { "max_height": 0.000751495361328125, "mean_height": -4.6502977056661621e-05, "std_height": 0.00043389559141360223, "count_pixels": 42, "percent_cover": 0.041729592242270089, "percent_above_0.1m": 0.0, "low_level_<0.5": 0.0, "mid_level_0.5-2": 0.0, "tall_2+": 0.0 }, "geometry": { "type": "Point", "coordinates": [ -0.04460302867556, 51.678787318269123 ] } },
{ "type": "Feature", "properties": { "max_height": 0.000751495361328125, "mean_height": 7.0711462285544258e-06, "std_height": 0.00035142723936587572, "count_pixels": 41, "percent_cover": 0.040736030522216041, "percent_above_0.1m": 0.0, "low_level_<0.5": 0.0, "mid_level_0.5-2": 0.0, "tall_2+": 0.0 }, "geometry": { "type": "Point", "coordinates": [ -0.044402745404845, 51.678783982787941 ] } },
{ "type": "Feature", "properties": { "max_height": 0.0010013580322265625, "mean_height": 2.5167697458527982e-05, "std_height": 0.00036548095522448421, "count_pixels": 41, "percent_cover": 0.040736030522216041, "percent_above_0.1m": 0.0, "low_level_<0.5": 0.0, "mid_level_0.5-2": 0.0, "tall_2+": 0.0 }, "geometry": { "type": "Point", "coordinates": [ -0.044202462172907, 51.678780646964611 ] } },
{ "type": "Feature", "properties": { "max_height": 0.001003265380859375, "mean_height": -1.7398740965290926e-05, "std_height": 0.00033323172829113901, "count_pixels": 41, "percent_cover": 0.040736030522216041, "percent_above_0.1m": 0.0, "low_level_<0.5": 0.0, "mid_level_0.5-2": 0.0, "tall_2+": 0.0 }, "geometry": { "type": "Point", "coordinates": [ -0.044002178979758, 51.678777310799134 ] } },
{ "type": "Feature", "properties": { "max_height": 0.0005016326904296875, "mean_height": -3.1973188015399501e-05, "std_height": 0.00028192769968882203, "count_pixels": 38, "percent_cover": 0.03775534536205389, "percent_above_0.1m": 0.0, "low_level_<0.5": 0.0, "mid_level_0.5-2": 0.0, "tall_2+": 0.0 }, "geometry": { "type": "Point", "coordinates": [ -0.043801895825397, 51.678773974291488 ] } },
{ "type": "Feature", "properties": { "max_height": 0.000499725341796875, "mean_height": -4.1682545997900888e-05, "std_height": 0.00024000841949600726, "count_pixels": 41, "percent_cover": 0.040736030522216041, "percent_above_0.1m": 0.0, "low_level_<0.5": 0.0, "mid_level_0.5-2": 0.0, "tall_2+": 0.0 }, "geometry": { "type": "Point", "coordinates": [ -0.043601612709826, 51.678770637441716 ] } },
{ "type": "Feature", "properties": { "max_height": 0.000751495361328125, "mean_height": 8.6388936324510723e-05, "std_height": 0.00026276748394593596, "count_pixels": 41, "percent_cover": 0.040736030522216041, "percent_above_0.1m": 0.0, "low_level_<0.5": 0.0, "mid_level_0.5-2": 0.0, "tall_2+": 0.0 }, "geometry": { "type": "Point", "coordinates": [ -0.043401329633058, 51.678767300249781 ] } },
{ "type": "Feature", "properties": { "max_height": 0.0005016326904296875, "mean_height": -1.6848245650180615e-05, "std_height": 0.00023377127945423126, "count_pixels": 42, "percent_cover": 0.041729592242270089, "percent_above_0.1m": 0.0, "low_level_<0.5": 0.0, "mid_level_0.5-2": 0.0, "tall_2+": 0.0 }, "geometry": { "type": "Point", "coordinates": [ -0.04320104659509, 51.678763962715692 ] } },
{ "type": "Feature", "properties": { "max_height": 7.8872509002685547, "mean_height": 4.2416911125183105, "std_height": 2.6719017028808594, "count_pixels": 42, "percent_cover": 0.041729592242270089, "percent_above_0.1m": 85.714285714285708, "low_level_<0.5": 7.1428571428571423, "mid_level_0.5-2": 4.7619047619047619, "tall_2+": 71.428571428571431 }, "geometry": { "type": "Point", "coordinates": [ -0.043000763595927, 51.67876062483947 ] } },
{ "type": "Feature", "properties": { "max_height": 12.210500717163086, "mean_height": 2.7420964241027832, "std_height": 3.5754199028015137, "count_pixels": 42, "percent_cover": 0.041729592242270089, "percent_above_0.1m": 52.380952380952387, "low_level_<0.5": 2.3809523809523809, "mid_level_0.5-2": 4.7619047619047619, "tall_2+": 45.238095238095241 }, "geometry": { "type": "Point", "coordinates": [ -0.045099093430707, 51.678903486592702 ] } },
{ "type": "Feature", "properties": { "max_height": 15.374502182006836, "mean_height": 7.0166292190551758, "std_height": 3.9917001724243164, "count_pixels": 41, "percent_cover": 0.040736030522216041, "percent_above_0.1m": 100.0, "low_level_<0.5": 0.0, "mid_level_0.5-2": 9.7560975609756095, "tall_2+": 90.243902439024396 }, "geometry": { "type": "Point", "coordinates": [ -0.044898809585951, 51.678900151966793 ] } },
{ "type": "Feature", "properties": { "max_height": 7.8177528381347656, "mean_height": 0.23015971481800079, "std_height": 1.2252464294433594, "count_pixels": 41, "percent_cover": 0.040736030522216041, "percent_above_0.1m": 4.8780487804878048, "low_level_<0.5": 0.0, "mid_level_0.5-2": 2.4390243902439024, "tall_2+": 2.4390243902439024 }, "geometry": { "type": "Point", "coordinates": [ -0.044698525779974, 51.678896816998744 ] } },
{ "type": "Feature", "properties": { "max_height": 0.00225067138671875, "mean_height": 6.0762678913306445e-05, "std_height": 0.0004842359630856663, "count_pixels": 42, "percent_cover": 0.041729592242270089, "percent_above_0.1m": 0.0, "low_level_<0.5": 0.0, "mid_level_0.5-2": 0.0, "tall_2+": 0.0 }, "geometry": { "type": "Point", "coordinates": [ -0.044498242012761, 51.678893481688561 ] } },
{ "type": "Feature", "properties": { "max_height": 0.0025005340576171875, "mean_height": 0.00013484511873684824, "std_height": 0.0005611801752820611, "count_pixels": 43, "percent_cover": 0.042723153962324144, "percent_above_0.1m": 0.0, "low_level_<0.5": 0.0, "mid_level_0.5-2": 0.0, "tall_2+": 0.0 }, "geometry": { "type": "Point", "coordinates": [ -0.044297958284343, 51.678890146036203 ] } },
{ "type": "Feature", "properties": { "max_height": 0.001750946044921875, "mean_height": 3.0074008463998325e-05, "std_height": 0.00046445423504337668, "count_pixels": 43, "percent_cover": 0.042723153962324144, "percent_above_0.1m": 0.0, "low_level_<0.5": 0.0, "mid_level_0.5-2": 0.0, "tall_2+": 0.0 }, "geometry": { "type": "Point", "coordinates": [ -0.044097674594701, 51.67888681004171 ] } },
{ "type": "Feature", "properties": { "max_height": 0.0005016326904296875, "mean_height": -2.8473990823840722e-05, "std_height": 0.00027378048980608582, "count_pixels": 42, "percent_cover": 0.041729592242270089, "percent_above_0.1m": 0.0, "low_level_<0.5": 0.0, "mid_level_0.5-2": 0.0, "tall_2+": 0.0 }, "geometry": { "type": "Point", "coordinates": [ -0.043897390943847, 51.678883473705049 ] } },
{ "type": "Feature", "properties": { "max_height": 0.0005016326904296875, "mean_height": -4.6684628614457324e-05, "std_height": 0.00030008488101884723, "count_pixels": 42, "percent_cover": 0.041729592242270089, "percent_above_0.1m": 0.0, "low_level_<0.5": 0.0, "mid_level_0.5-2": 0.0, "tall_2+": 0.0 }, "geometry": { "type": "Point", "coordinates": [ -0.043697107331789, 51.678880137026233 ] } },
{ "type": "Feature", "properties": { "max_height": 0.0042514801025390625, "mean_height": 0.00019885218353010714, "std_height": 0.00085526052862405777, "count_pixels": 43, "percent_cover": 0.042723153962324144, "percent_above_0.1m": 0.0, "low_level_<0.5": 0.0, "mid_level_0.5-2": 0.0, "tall_2+": 0.0 }, "geometry": { "type": "Point", "coordinates": [ -0.043496823758524, 51.678876800005277 ] } },
{ "type": "Feature", "properties": { "max_height": 0.0005016326904296875, "mean_height": -1.0899135304498486e-05, "std_height": 0.00024364776618313044, "count_pixels": 42, "percent_cover": 0.041729592242270089, "percent_above_0.1m": 0.0, "low_level_<0.5": 0.0, "mid_level_0.5-2": 0.0, "tall_2+": 0.0 }, "geometry": { "type": "Point", "coordinates": [ -0.043296540224061, 51.678873462642166 ] } },
{ "type": "Feature", "properties": { "max_height": 3.1540012359619141, "mean_height": 0.18306627869606018, "std_height": 0.58719754219055176, "count_pixels": 42, "percent_cover": 0.041729592242270089, "percent_above_0.1m": 14.285714285714285, "low_level_<0.5": 2.3809523809523809, "mid_level_0.5-2": 9.5238095238095237, "tall_2+": 2.3809523809523809 }, "geometry": { "type": "Point", "coordinates": [ -0.043096256728402, 51.6788701249369 ] } },
{ "type": "Feature", "properties": { "max_height": 7.9510002136230469, "mean_height": 4.4649033546447754, "std_height": 2.7310171127319336, "count_pixels": 41, "percent_cover": 0.040736030522216041, "percent_above_0.1m": 82.926829268292678, "low_level_<0.5": 4.8780487804878048, "mid_level_0.5-2": 4.8780487804878048, "tall_2+": 73.170731707317074 }, "geometry": { "type": "Point", "coordinates": [ -0.042895973271547, 51.678866786889493 ] } },
{ "type": "Feature", "properties": { "max_height": 15.870498657226562, "mean_height": 5.8893227577209473, "std_height": 4.1168298721313477, "count_pixels": 42, "percent_cover": 0.041729592242270089, "percent_above_0.1m": 95.238095238095227, "low_level_<0.5": 4.7619047619047619, "mid_level_0.5-2": 11.904761904761903, "tall_2+": 78.571428571428569 }, "geometry": { "type": "Point", "coordinates": [ -0.044994307644544, 51.67900965043831 ] } },
{ "type": "Feature", "properties": { "max_height": 12.601253509521484, "mean_height": 3.9004666805267334, "std_height": 3.7788422107696533, "count_pixels": 43, "percent_cover": 0.042723153962324144, "percent_above_0.1m": 74.418604651162795, "low_level_<0.5": 2.3255813953488373, "mid_level_0.5-2": 11.627906976744185, "tall_2+": 60.465116279069761 }, "geometry": { "type": "Point", "coordinates": [ -0.044794023342074, 51.679006315641232 ] } },
{ "type": "Feature", "properties": { "max_height": 0.0010013580322265625, "mean_height": 0.00014981770073063672, "std_height": 0.00038615084486082196, "count_pixels": 42, "percent_cover": 0.041729592242270089, "percent_above_0.1m": 0.0, "low_level_<0.5": 0.0, "mid_level_0.5-2": 0.0, "tall_2+": 0.0 }, "geometry": { "type": "Point", "coordinates": [ -0.044593739078385, 51.679002980502027 ] } },
{ "type": "Feature", "properties": { "max_height": 1.1645011901855469, "mean_height": 0.045354887843132019, "std_height": 0.20659266412258148, "count_pixels": 41, "percent_cover": 0.040736030522216041, "percent_above_0.1m": 4.8780487804878048, "low_level_<0.5": 0.0, "mid_level_0.5-2": 4.8780487804878048, "tall_2+": 0.0 }, "geometry": { "type": "Point", "coordinates": [ -0.044393454853466, 51.67899964502066 ] } },
{ "type": "Feature", "properties": { "max_height": 0.0007495880126953125, "mean_height": -0.00010267118341289461, "std_height": 0.0005463107954710722, "count_pixels": 41, "percent_cover": 0.040736030522216041, "percent_above_0.1m": 0.0, "low_level_<0.5": 0.0, "mid_level_0.5-2": 0.0, "tall_2+": 0.0 }, "geometry": { "type": "Point", "coordinates": [ -0.044193170667338, 51.678996309197125 ] } },
{ "type": "Feature", "properties": { "max_height": 0.000751495361328125, "mean_height": -2.3492952095693909e-05, "std_height": 0.00034396888804621994, "count_pixels": 41, "percent_cover": 0.040736030522216041, "percent_above_0.1m": 0.0, "low_level_<0.5": 0.0, "mid_level_0.5-2": 0.0, "tall_2+": 0.0 }, "geometry": { "type": "Point", "coordinates": [ -0.04399288651999, 51.678992973031455 ] } },
{ "type": "Feature", "properties": { "max_height": 0.0005016326904296875, "mean_height": -1.8922906747320667e-05, "std_height": 0.00023207790218293667, "count_pixels": 38, "percent_cover": 0.03775534536205389, "percent_above_0.1m": 0.0, "low_level_<0.5": 0.0, "mid_level_0.5-2": 0.0, "tall_2+": 0.0 }, "geometry": { "type": "Point", "coordinates": [ -0.043792602411435, 51.678989636523625 ] } },
{ "type": "Feature", "properties": { "max_height": 0.001251220703125, "mean_height": -2.949412191810552e-05, "std_height": 0.0005743578658439219, "count_pixels": 41, "percent_cover": 0.040736030522216041, "percent_above_0.1m": 0.0, "low_level_<0.5": 0.0, "mid_level_0.5-2": 0.0, "tall_2+": 0.0 }, "geometry": { "type": "Point", "coordinates": [ -0.043592318341675, 51.678986299673639 ] } },
{ "type": "Feature", "properties": { "max_height": 0.0005016326904296875, "mean_height": -0.00010862582712434232, "std_height": 0.00025355821708217263, "count_pixels": 41, "percent_cover": 0.040736030522216041, "percent_above_0.1m": 0.0, "low_level_<0.5": 0.0, "mid_level_0.5-2": 0.0, "tall_2+": 0.0 }, "geometry": { "type": "Point", "coordinates": [ -0.043392034310712, 51.678982962481506 ] } },
{ "type": "Feature", "properties": { "max_height": 0.000499725341796875, "mean_height": 1.2806483937310986e-05, "std_height": 0.00024369434686377645, "count_pixels": 42, "percent_cover": 0.041729592242270089, "percent_above_0.1m": 0.0, "low_level_<0.5": 0.0, "mid_level_0.5-2": 0.0, "tall_2+": 0.0 }, "geometry": { "type": "Point", "coordinates": [ -0.043191750318552, 51.678979624947203 ] } },
{ "type": "Feature", "properties": { "max_height": 5.75, "mean_height": 0.68797123432159424, "std_height": 1.436911940574646, "count_pixels": 42, "percent_cover": 0.041729592242270089, "percent_above_0.1m": 26.190476190476193, "low_level_<0.5": 2.3809523809523809, "mid_level_0.5-2": 9.5238095238095237, "tall_2+": 14.285714285714285 }, "geometry": { "type": "Point", "coordinates": [ -0.042991466365201, 51.678976287070761 ] } },
{ "type": "Feature", "properties": { "max_height": 8.6472511291503906, "mean_height": 4.4173150062561035, "std_height": 2.2576849460601807, "count_pixels": 43, "percent_cover": 0.042723153962324144, "percent_above_0.1m": 97.674418604651152, "low_level_<0.5": 0.0, "mid_level_0.5-2": 18.604651162790699, "tall_2+": 79.069767441860463 }, "geometry": { "type": "Point", "coordinates": [ -0.042791182450655, 51.678972948852177 ] } },
{ "type": "Feature", "properties": { "max_height": 14.290748596191406, "mean_height": 5.8403406143188477, "std_height": 3.5444352626800537, "count_pixels": 42, "percent_cover": 0.041729592242270089, "percent_above_0.1m": 100.0, "low_level_<0.5": 2.3809523809523809, "mid_level_0.5-2": 14.285714285714285, "tall_2+": 83.333333333333343 }, "geometry": { "type": "Point", "coordinates": [ -0.042590898574929, 51.678969610291425 ] } },
{ "type": "Feature", "properties": { "max_height": 15.704004287719727, "mean_height": 5.5813431739807129, "std_height": 4.7899246215820312, "count_pixels": 41, "percent_cover": 0.040736030522216041, "percent_above_0.1m": 87.804878048780495, "low_level_<0.5": 7.3170731707317067, "mid_level_0.5-2": 14.634146341463413, "tall_2+": 65.853658536585371 }, "geometry": { "type": "Point", "coordinates": [ -0.04488952136188, 51.679115814196599 ] } },
{ "type": "Feature", "properties": { "max_height": 14.769500732421875, "mean_height": 2.1883792877197266, "std_height": 3.7216176986694336, "count_pixels": 41, "percent_cover": 0.040736030522216041, "percent_above_0.1m": 43.902439024390247, "low_level_<0.5": 4.8780487804878048, "mid_level_0.5-2": 9.7560975609756095, "tall_2+": 29.268292682926827 }, "geometry": { "type": "Point", "coordinates": [ -0.0446892366017, 51.679112479228372 ] } },
{ "type": "Feature", "properties": { "max_height": 0.0045013427734375, "mean_height": -4.8591978156764526e-06, "std_height": 0.00083532277494668961, "count_pixels": 42, "percent_cover": 0.041729592242270089, "percent_above_0.1m": 0.0, "low_level_<0.5": 0.0, "mid_level_0.5-2": 0.0, "tall_2+": 0.0 }, "geometry": { "type": "Point", "coordinates": [ -0.044488951880293, 51.67910914391797 ] } },
{ "type": "Feature", "properties": { "max_height": 0.000751495361328125, "mean_height": 4.7595003707101569e-05, "std_height": 0.00040813902160152793, "count_pixels": 43, "percent_cover": 0.042723153962324144, "percent_above_0.1m": 0.0, "low_level_<0.5": 0.0, "mid_level_0.5-2": 0.0, "tall_2+": 0.0 }, "geometry": { "type": "Point", "coordinates": [ -0.044288667197666, 51.679105808265433 ] } },
{ "type": "Feature", "properties": { "max_height": 0.0025005340576171875, "mean_height": 7.664880104130134e-05, "std_height": 0.00078039016807451844, "count_pixels": 43, "percent_cover": 0.042723153962324144, "percent_above_0.1m": 0.0, "low_level_<0.5": 0.0, "mid_level_0.5-2": 0.0, "tall_2+": 0.0 }, "geometry": { "type": "Point", "coordinates": [ -0.044088382553828, 51.679102472270735 ] } },
{ "type": "Feature", "properties": { "max_height": 0.0025005340576171875, "mean_height": 0.00013201577530708164, "std_height": 0.00048258644528687, "count_pixels": 42, "percent_cover": 0.041729592242270089, "percent_above_0.1m": 0.0, "low_level_<0.5": 0.0, "mid_level_0.5-2": 0.0, "tall_2+": 0.0 }, "geometry": { "type": "Point", "coordinates": [ -0.043888097948773, 51.679099135933882 ] } },
{ "type": "Feature", "properties": { "max_height": 0.0012493133544921875, "mean_height": 2.4523053070879541e-05, "std_height": 0.00031251474865712225, "count_pixels": 42, "percent_cover": 0.041729592242270089, "percent_above_0.1m": 0.0, "low_level_<0.5": 0.0, "mid_level_0.5-2": 0.0, "tall_2+": 0.0 }, "geometry": { "type": "Point", "coordinates": [ -0.043687813382513, 51.679095799254881 ] } },
{ "type": "Feature", "properties": { "max_height": 1.1175003051757812, "mean_height": 0.03001825138926506, "std_height": 0.16990485787391663, "count_pixels": 43, "percent_cover": 0.042723153962324144, "percent_above_0.1m": 4.6511627906976747, "low_level_<0.5": 2.3255813953488373, "mid_level_0.5-2": 2.3255813953488373, "tall_2+": 0.0 }, "geometry": { "type": "Point", "coordinates": [ -0.043487528855052, 51.679092462233719 ] } },
{ "type": "Feature", "properties": { "max_height": 0.87725067138671875, "mean_height": 0.036399886012077332, "std_height": 0.16465726494789124, "count_pixels": 42, "percent_cover": 0.041729592242270089, "percent_above_0.1m": 4.7619047619047619, "low_level_<0.5": 0.0, "mid_level_0.5-2": 4.7619047619047619, "tall_2+": 0.0 }, "geometry": { "type": "Point", "coordinates": [ -0.043287244366387, 51.679089124870401 ] } },
{ "type": "Feature", "properties": { "max_height": 0.00099945068359375, "mean_height": -5.0862631724157836e-06, "std_height": 0.0004244202864356339, "count_pixels": 42, "percent_cover": 0.041729592242270089, "percent_above_0.1m": 0.0, "low_level_<0.5": 0.0, "mid_level_0.5-2": 0.0, "tall_2+": 0.0 }, "geometry": { "type": "Point", "coordinates": [ -0.043086959916533, 51.679085787164929 ] } },
{ "type": "Feature", "properties": { "max_height": 0.12849998474121094, "mean_height": 0.0047328760847449303, "std_height": 0.02209709957242012, "count_pixels": 41, "percent_cover": 0.040736030522216041, "percent_above_0.1m": 2.4390243902439024, "low_level_<0.5": 0.0, "mid_level_0.5-2": 0.0, "tall_2+": 0.0 }, "geometry": { "type": "Point", "coordinates": [ -0.042886675505482, 51.67908244911731 ] } },
{ "type": "Feature", "properties": { "max_height": 0.96875, "mean_height": 0.048214145004749298, "std_height": 0.19540472328662872, "count_pixels": 41, "percent_cover": 0.040736030522216041, "percent_above_0.1m": 7.3170731707317067, "low_level_<0.5": 0.0, "mid_level_0.5-2": 4.8780487804878048, "tall_2+": 0.0 }, "geometry": { "type": "Point", "coordinates": [ -0.042686391133248, 51.679079110727528 ] } },
{ "type": "Feature", "properties": { "max_height": 11.295251846313477, "mean_height": 3.0432379245758057, "std_height": 3.6249864101409912, "count_pixels": 38, "percent_cover": 0.03775534536205389, "percent_above_0.1m": 73.68421052631578, "low_level_<0.5": 10.526315789473683, "mid_level_0.5-2": 18.421052631578945, "tall_2+": 44.736842105263158 }, "geometry": { "type": "Point", "coordinates": [ -0.042486106799827, 51.679075771995585 ] } },
{ "type": "Feature", "properties": { "max_height": 13.989501953125, "mean_height": 3.6810550689697266, "std_height": 3.9123539924621582, "count_pixels": 42, "percent_cover": 0.041729592242270089, "percent_above_0.1m": 76.19047619047619, "low_level_<0.5": 4.7619047619047619, "mid_level_0.5-2": 9.5238095238095237, "tall_2+": 59.523809523809526 }, "geometry": { "type": "Point", "coordinates": [ -0.044985019839397, 51.679225312664819 ] } },
{ "type": "Feature", "properties": { "max_height": 14.861499786376953, "mean_height": 3.3943154811859131, "std_height": 3.7663049697875977, "count_pixels": 43, "percent_cover": 0.042723153962324144, "percent_above_0.1m": 74.418604651162795, "low_level_<0.5": 6.9767441860465116, "mid_level_0.5-2": 13.953488372093023, "tall_2+": 48.837209302325576 }, "geometry": { "type": "Point", "coordinates": [ -0.044784734582721, 51.67922197786757 ] } },
{ "type": "Feature", "properties": { "max_height": 0.0005016326904296875, "mean_height": -5.8401197748025879e-05, "std_height": 0.00037717970553785563, "count_pixels": 42, "percent_cover": 0.041729592242270089, "percent_above_0.1m": 0.0, "low_level_<0.5": 0.0, "mid_level_0.5-2": 0.0, "tall_2+": 0.0 }, "geometry": { "type": "Point", "coordinates": [ -0.044584449364818, 51.679218642728181 ] } },
{ "type": "Feature", "properties": { "max_height": 0.003749847412109375, "mean_height": 3.7588724808301777e-05, "std_height": 0.00076994829578325152, "count_pixels": 41, "percent_cover": 0.040736030522216041, "percent_above_0.1m": 0.0, "low_level_<0.5": 0.0, "mid_level_0.5-2": 0.0, "tall_2+": 0.0 }, "geometry": { "type": "Point", "coordinates": [ -0.044384164185697, 51.679215307246601 ] } },
{ "type": "Feature", "properties": { "max_height": 0.0030002593994140625, "mean_height": 6.1919046856928617e-05, "std_height": 0.0005940554547123611, "count_pixels": 41, "percent_cover": 0.040736030522216041, "percent_above_0.1m": 0.0, "low_level_<0.5": 0.0, "mid_level_0.5-2": 0.0, "tall_2+": 0.0 }, "geometry": { "type": "Point", "coordinates": [ -0.044183879045358, 51.67921197142288 ] } },
{ "type": "Feature", "properties": { "max_height": 0.00225067138671875, "mean_height": 7.0711462285544258e-06, "std_height": 0.00045679003233090043, "count_pixels": 41, "percent_cover": 0.040736030522216041, "percent_above_0.1m": 0.0, "low_level_<0.5": 0.0, "mid_level_0.5-2": 0.0, "tall_2+": 0.0 }, "geometry": { "type": "Point", "coordinates": [ -0.043983593943804, 51.679208635257012 ] } },
{ "type": "Feature", "properties": { "max_height": 0.0005016326904296875, "mean_height": 8.5328753129942925e-07, "std_height": 0.00022223668929655105, "count_pixels": 38, "percent_cover": 0.03775534536205389, "percent_above_0.1m": 0.0, "low_level_<0.5": 0.0, "mid_level_0.5-2": 0.0, "tall_2+": 0.0 }, "geometry": { "type": "Point", "coordinates": [ -0.043783308881046, 51.67920529874899 ] } },
{ "type": "Feature", "properties": { "max_height": 0.000751495361328125, "mean_height": -0.0001087188720703125, "std_height": 0.00049122481141239405, "count_pixels": 41, "percent_cover": 0.040736030522216041, "percent_above_0.1m": 0.0, "low_level_<0.5": 0.0, "mid_level_0.5-2": 0.0, "tall_2+": 0.0 }, "geometry": { "type": "Point", "coordinates": [ -0.04358302385708, 51.679201961898798 ] } },
{ "type": "Feature", "properties": { "max_height": 0.0005016326904296875, "mean_height": 9.7693464340409264e-07, "std_height": 0.00024689277051948011, "count_pixels": 41, "percent_cover": 0.040736030522216041, "percent_above_0.1m": 0.0, "low_level_<0.5": 0.0, "mid_level_0.5-2": 0.0, "tall_2+": 0.0 }, "geometry": { "type": "Point", "coordinates": [ -0.043382738871912, 51.679198624706437 ] } },
{ "type": "Feature", "properties": { "max_height": 0.000751495361328125, "mean_height": -1.0808308616105933e-05, "std_height": 0.00032697163987904787, "count_pixels": 42, "percent_cover": 0.041729592242270089, "percent_above_0.1m": 0.0, "low_level_<0.5": 0.0, "mid_level_0.5-2": 0.0, "tall_2+": 0.0 }, "geometry": { "type": "Point", "coordinates": [ -0.043182453925549, 51.679195287171957 ] } },
{ "type": "Feature", "properties": { "max_height": 0.0025005340576171875, "mean_height": 0.00013187954027671367, "std_height": 0.00047310130321420729, "count_pixels": 42, "percent_cover": 0.041729592242270089, "percent_above_0.1m": 0.0, "low_level_<0.5": 0.0, "mid_level_0.5-2": 0.0, "tall_2+": 0.0 }, "geometry": { "type": "Point", "coordinates": [ -0.042982169017993, 51.679191949295316 ] } },
{ "type": "Feature", "properties": { "max_height": 0.0020008087158203125, "mean_height": 4.732886009151116e-05, "std_height": 0.00043891640962101519, "count_pixels": 43, "percent_cover": 0.042723153962324144, "percent_above_0.1m": 0.0, "low_level_<0.5": 0.0, "mid_level_0.5-2": 0.0, "tall_2+": 0.0 }, "geometry": { "type": "Point", "coordinates": [ -0.042781884149248, 51.679188611076498 ] } },
{ "type": "Feature", "properties": { "max_height": 4.5670013427734375, "mean_height": 0.8095782995223999, "std_height": 1.3106359243392944, "count_pixels": 42, "percent_cover": 0.041729592242270089, "percent_above_0.1m": 42.857142857142854, "low_level_<0.5": 7.1428571428571423, "mid_level_0.5-2": 16.666666666666664, "tall_2+": 16.666666666666664 }, "geometry": { "type": "Point", "coordinates": [ -0.042581599319314, 51.679185272515532 ] } },
{ "type": "Feature", "properties": { "max_height": 12.047500610351562, "mean_height": 5.1297512054443359, "std_height": 3.7680346965789795, "count_pixels": 41, "percent_cover": 0.040736030522216041, "percent_above_0.1m": 85.365853658536579, "low_level_<0.5": 2.4390243902439024, "mid_level_0.5-2": 9.7560975609756095, "tall_2+": 73.170731707317074 }, "geometry": { "type": "Point", "coordinates": [ -0.04488023302145, 51.679331476419641 ] } },
{ "type": "Feature", "properties": { "max_height": 10.278253555297852, "mean_height": 2.8179585933685303, "std_height": 3.696549654006958, "count_pixels": 41, "percent_cover": 0.040736030522216041, "percent_above_0.1m": 43.902439024390247, "low_level_<0.5": 0.0, "mid_level_0.5-2": 2.4390243902439024, "tall_2+": 41.463414634146339 }, "geometry": { "type": "Point", "coordinates": [ -0.044679947307049, 51.679328141451222 ] } },
{ "type": "Feature", "properties": { "max_height": 0.00150299072265625, "mean_height": -8.242471085395664e-05, "std_height": 0.00084803788922727108, "count_pixels": 42, "percent_cover": 0.041729592242270089, "percent_above_0.1m": 0.0, "low_level_<0.5": 0.0, "mid_level_0.5-2": 0.0, "tall_2+": 0.0 }, "geometry": { "type": "Point", "coordinates": [ -0.044479661631429, 51.679324806140642 ] } },
{ "type": "Feature", "properties": { "max_height": 0.0005016326904296875, "mean_height": -0.00018483538588043302, "std_height": 0.00074147613486275077, "count_pixels": 43, "percent_cover": 0.042723153962324144, "percent_above_0.1m": 0.0, "low_level_<0.5": 0.0, "mid_level_0.5-2": 0.0, "tall_2+": 0.0 }, "geometry": { "type": "Point", "coordinates": [ -0.044279375994593, 51.679321470487906 ] } },
{ "type": "Feature", "properties": { "max_height": 0.000751495361328125, "mean_height": 3.5618628317024559e-05, "std_height": 0.00030278044869191945, "count_pixels": 43, "percent_cover": 0.042723153962324144, "percent_above_0.1m": 0.0, "low_level_<0.5": 0.0, "mid_level_0.5-2": 0.0, "tall_2+": 0.0 }, "geometry": { "type": "Point", "coordinates": [ -0.044079090396538, 51.679318134493002 ] } },
{ "type": "Feature", "properties": { "max_height": 0.001750946044921875, "mean_height": -0.00021312350872904062, "std_height": 0.00088410580065101385, "count_pixels": 42, "percent_cover": 0.041729592242270089, "percent_above_0.1m": 0.0, "low_level_<0.5": 0.0, "mid_level_0.5-2": 0.0, "tall_2+": 0.0 }, "geometry": { "type": "Point", "coordinates": [ -0.04387880483727, 51.679314798155957 ] } },
{ "type": "Feature", "properties": { "max_height": 0.002750396728515625, "mean_height": -4.9046107051253784e-06, "std_height": 0.0005734930164180696, "count_pixels": 42, "percent_cover": 0.041729592242270089, "percent_above_0.1m": 0.0, "low_level_<0.5": 0.0, "mid_level_0.5-2": 0.0, "tall_2+": 0.0 }, "geometry": { "type": "Point", "coordinates": [ -0.043678519316803, 51.679311461476743 ] } },
{ "type": "Feature", "properties": { "max_height": 0.0020008087158203125, "mean_height": 1.153280550170166e-06, "std_height": 0.00051705754594877362, "count_pixels": 43, "percent_cover": 0.042723153962324144, "percent_above_0.1m": 0.0, "low_level_<0.5": 0.0, "mid_level_0.5-2": 0.0, "tall_2+": 0.0 }, "geometry": { "type": "Point", "coordinates": [ -0.043478233835128, 51.679308124455382 ] } },
{ "type": "Feature", "properties": { "max_height": 0.0010013580322265625, "mean_height": 9.0826125642706756e-07, "std_height": 0.00033638320746831596, "count_pixels": 42, "percent_cover": 0.041729592242270089, "percent_above_0.1m": 0.0, "low_level_<0.5": 0.0, "mid_level_0.5-2": 0.0, "tall_2+": 0.0 }, "geometry": { "type": "Point", "coordinates": [ -0.043277948392259, 51.679304787091866 ] } },
{ "type": "Feature", "properties": { "max_height": 0.0007495880126953125, "mean_height": 6.8119595653115539e-07, "std_height": 0.00020440387015696615, "count_pixels": 42, "percent_cover": 0.041729592242270089, "percent_above_0.1m": 0.0, "low_level_<0.5": 0.0, "mid_level_0.5-2": 0.0, "tall_2+": 0.0 }, "geometry": { "type": "Point", "coordinates": [ -0.04307766298819, 51.679301449386188 ] } },
{ "type": "Feature", "properties": { "max_height": 0.000751495361328125, "mean_height": 4.3543372157728299e-05, "std_height": 0.00031709001632407308, "count_pixels": 41, "percent_cover": 0.040736030522216041, "percent_above_0.1m": 0.0, "low_level_<0.5": 0.0, "mid_level_0.5-2": 0.0, "tall_2+": 0.0 }, "geometry": { "type": "Point", "coordinates": [ -0.04287737762293, 51.679298111338362 ] } },
{ "type": "Feature", "properties": { "max_height": 2.7835006713867188, "mean_height": 0.20837913453578949, "std_height": 0.61682432889938354, "count_pixels": 41, "percent_cover": 0.040736030522216041, "percent_above_0.1m": 12.195121951219512, "low_level_<0.5": 0.0, "mid_level_0.5-2": 7.3170731707317067, "tall_2+": 4.8780487804878048 }, "geometry": { "type": "Point", "coordinates": [ -0.04267709229649, 51.67929477294836 ] } },
{ "type": "Feature", "properties": { "max_height": 5.490753173828125, "mean_height": 0.95392847061157227, "std_height": 1.3815933465957642, "count_pixels": 38, "percent_cover": 0.03775534536205389, "percent_above_0.1m": 57.894736842105267, "low_level_<0.5": 7.8947368421052628, "mid_level_0.5-2": 26.315789473684209, "tall_2+": 15.789473684210526 }, "geometry": { "type": "Point", "coordinates": [ -0.042476807008857, 51.679291434216225 ] } },
{ "type": "Feature", "properties": { "max_height": 8.3005027770996094, "mean_height": 3.7972276210784912, "std_height": 2.516451358795166, "count_pixels": 43, "percent_cover": 0.042723153962324144, "percent_above_0.1m": 83.720930232558146, "low_level_<0.5": 2.3255813953488373, "mid_level_0.5-2": 4.6511627906976747, "tall_2+": 74.418604651162795 }, "geometry": { "type": "Point", "coordinates": [ -0.044775445706991, 51.67943764008713 ] } },
{ "type": "Feature", "properties": { "max_height": 4.0175018310546875, "mean_height": 0.26889991760253906, "std_height": 0.81481927633285522, "count_pixels": 42, "percent_cover": 0.041729592242270089, "percent_above_0.1m": 16.666666666666664, "low_level_<0.5": 7.1428571428571423, "mid_level_0.5-2": 2.3809523809523809, "tall_2+": 7.1428571428571423 }, "geometry": { "type": "Point", "coordinates": [ -0.044575159534869, 51.679434304947549 ] } },
{ "type": "Feature", "properties": { "max_height": 0.001251220703125, "mean_height": -0.00015756560605950654, "std_height": 0.00080137012992054224, "count_pixels": 41, "percent_cover": 0.040736030522216041, "percent_above_0.1m": 0.0, "low_level_<0.5": 0.0, "mid_level_0.5-2": 0.0, "tall_2+": 0.0 }, "geometry": { "type": "Point", "coordinates": [ -0.044374873401529, 51.679430969465784 ] } },
{ "type": "Feature", "properties": { "max_height": 0.000751495361328125, "mean_height": -0.00031606163247488439, "std_height": 0.0010550114093348384, "count_pixels": 41, "percent_cover": 0.040736030522216041, "percent_above_0.1m": 0.0, "low_level_<0.5": 0.0, "mid_level_0.5-2": 0.0, "tall_2+": 0.0 }, "geometry": { "type": "Point", "coordinates": [ -0.04417458730697, 51.679427633641872 ] } },
{ "type": "Feature", "properties": { "max_height": 0.0010013580322265625, "mean_height": -4.1542982216924429e-05, "std_height": 0.00040522322524338961, "count_pixels": 41, "percent_cover": 0.040736030522216041, "percent_above_0.1m": 0.0, "low_level_<0.5": 0.0, "mid_level_0.5-2": 0.0, "tall_2+": 0.0 }, "geometry": { "type": "Point", "coordinates": [ -0.043974301251198, 51.679424297475791 ] } },
{ "type": "Feature", "properties": { "max_height": 0.001251220703125, "mean_height": 4.7231977077899501e-05, "std_height": 0.00032378698233515024, "count_pixels": 38, "percent_cover": 0.03775534536205389, "percent_above_0.1m": 0.0, "low_level_<0.5": 0.0, "mid_level_0.5-2": 0.0, "tall_2+": 0.0 }, "geometry": { "type": "Point", "coordinates": [ -0.043774015234223, 51.679420960967583 ] } },
{ "type": "Feature", "properties": { "max_height": 0.00225067138671875, "mean_height": 8.057385275606066e-05, "std_height": 0.00050735124386847019, "count_pixels": 41, "percent_cover": 0.040736030522216041, "percent_above_0.1m": 0.0, "low_level_<0.5": 0.0, "mid_level_0.5-2": 0.0, "tall_2+": 0.0 }, "geometry": { "type": "Point", "coordinates": [ -0.04357372925604, 51.679417624117193 ] } },
{ "type": "Feature", "properties": { "max_height": 0.0005016326904296875, "mean_height": -2.3585993403685279e-05, "std_height": 0.00027475084061734378, "count_pixels": 41, "percent_cover": 0.040736030522216041, "percent_above_0.1m": 0.0, "low_level_<0.5": 0.0, "mid_level_0.5-2": 0.0, "tall_2+": 0.0 }, "geometry": { "type": "Point", "coordinates": [ -0.043373443316655, 51.679414286924647 ] } },
{ "type": "Feature", "properties": { "max_height": 0.0010013580322265625, "mean_height": 1.2942722605657764e-05, "std_height": 0.00036166544305160642, "count_pixels": 42, "percent_cover": 0.041729592242270089, "percent_above_0.1m": 0.0, "low_level_<0.5": 0.0, "mid_level_0.5-2": 0.0, "tall_2+": 0.0 }, "geometry": { "type": "Point", "coordinates": [ -0.04317315741608, 51.679410949389933 ] } },
{ "type": "Feature", "properties": { "max_height": 0.0010013580322265625, "mean_height": -9.9999560916330665e-05, "std_height": 0.00048485744628123939, "count_pixels": 42, "percent_cover": 0.041729592242270089, "percent_above_0.1m": 0.0, "low_level_<0.5": 0.0, "mid_level_0.5-2": 0.0, "tall_2+": 0.0 }, "geometry": { "type": "Point", "coordinates": [ -0.042972871554308, 51.679407611513085 ] } },
{ "type": "Feature", "properties": { "max_height": 0.0010013580322265625, "mean_height": -3.3844349673017859e-05, "std_height": 0.00035986775765195489, "count_pixels": 43, "percent_cover": 0.042723153962324144, "percent_above_0.1m": 0.0, "low_level_<0.5": 0.0, "mid_level_0.5-2": 0.0, "tall_2+": 0.0 }, "geometry": { "type": "Point", "coordinates": [ -0.042772585731343, 51.679404273294068 ] } },
{ "type": "Feature", "properties": { "max_height": 6.1625022888183594, "mean_height": 1.7852274179458618, "std_height": 1.9004631042480469, "count_pixels": 42, "percent_cover": 0.041729592242270089, "percent_above_0.1m": 78.571428571428569, "low_level_<0.5": 9.5238095238095237, "mid_level_0.5-2": 33.333333333333329, "tall_2+": 33.333333333333329 }, "geometry": { "type": "Point", "coordinates": [ -0.042572299947202, 51.67940093473289 ] } },
{ "type": "Feature", "properties": { "max_height": 10.538253784179688, "mean_height": 1.0646169185638428, "std_height": 2.1570339202880859, "count_pixels": 41, "percent_cover": 0.040736030522216041, "percent_above_0.1m": 43.902439024390247, "low_level_<0.5": 7.3170731707317067, "mid_level_0.5-2": 14.634146341463413, "tall_2+": 19.512195121951219 }, "geometry": { "type": "Point", "coordinates": [ -0.044870944564643, 51.679547138635918 ] } },
{ "type": "Feature", "properties": { "max_height": 9.2022514343261719, "mean_height": 1.0349642038345337, "std_height": 1.8498077392578125, "count_pixels": 41, "percent_cover": 0.040736030522216041, "percent_above_0.1m": 46.341463414634148, "low_level_<0.5": 7.3170731707317067, "mid_level_0.5-2": 17.073170731707318, "tall_2+": 19.512195121951219 }, "geometry": { "type": "Point", "coordinates": [ -0.044670657896023, 51.6795438036673 ] } },
{ "type": "Feature", "properties": { "max_height": 0.0110015869140625, "mean_height": -1.6712006981833838e-05, "std_height": 0.0027630918193608522, "count_pixels": 42, "percent_cover": 0.041729592242270089, "percent_above_0.1m": 0.0, "low_level_<0.5": 0.0, "mid_level_0.5-2": 0.0, "tall_2+": 0.0 }, "geometry": { "type": "Point", "coordinates": [ -0.044470371266175, 51.679540468356535 ] } },
{ "type": "Feature", "properties": { "max_height": 0.00424957275390625, "mean_height": 9.9670054623857141e-05, "std_height": 0.00099114817567169666, "count_pixels": 43, "percent_cover": 0.042723153962324144, "percent_above_0.1m": 0.0, "low_level_<0.5": 0.0, "mid_level_0.5-2": 0.0, "tall_2+": 0.0 }, "geometry": { "type": "Point", "coordinates": [ -0.044270084675109, 51.679537132703608 ] } },
{ "type": "Feature", "properties": { "max_height": 0.001750946044921875, "mean_height": -0.00024884246522560716, "std_height": 0.0010398213053122163, "count_pixels": 43, "percent_cover": 0.042723153962324144, "percent_above_0.1m": 0.0, "low_level_<0.5": 0.0, "mid_level_0.5-2": 0.0, "tall_2+": 0.0 }, "geometry": { "type": "Point", "coordinates": [ -0.044069798122833, 51.679533796708512 ] } },
{ "type": "Feature", "properties": { "max_height": 0.0032501220703125, "mean_height": -4.1053408494917676e-05, "std_height": 0.0013250835472717881, "count_pixels": 42, "percent_cover": 0.041729592242270089, "percent_above_0.1m": 0.0, "low_level_<0.5": 0.0, "mid_level_0.5-2": 0.0, "tall_2+": 0.0 }, "geometry": { "type": "Point", "coordinates": [ -0.043869511609344, 51.679530460371261 ] } },
{ "type": "Feature", "properties": { "max_height": 0.000751495361328125, "mean_height": -1.0762895726657007e-05, "std_height": 0.00034909439273178577, "count_pixels": 42, "percent_cover": 0.041729592242270089, "percent_above_0.1m": 0.0, "low_level_<0.5": 0.0, "mid_level_0.5-2": 0.0, "tall_2+": 0.0 }, "geometry": { "type": "Point", "coordinates": [ -0.043669225134651, 51.679527123691862 ] } },
{ "type": "Feature", "properties": { "max_height": 0.001251220703125, "mean_height": 3.588476829463616e-05, "std_height": 0.0005015847273170948, "count_pixels": 43, "percent_cover": 0.042723153962324144, "percent_above_0.1m": 0.0, "low_level_<0.5": 0.0, "mid_level_0.5-2": 0.0, "tall_2+": 0.0 }, "geometry": { "type": "Point", "coordinates": [ -0.043468938698753, 51.679523786670302 ] } },
{ "type": "Feature", "properties": { "max_height": 0.0045013427734375, "mean_height": 1.8891834770329297e-05, "std_height": 0.00079693971201777458, "count_pixels": 42, "percent_cover": 0.041729592242270089, "percent_above_0.1m": 0.0, "low_level_<0.5": 0.0, "mid_level_0.5-2": 0.0, "tall_2+": 0.0 }, "geometry": { "type": "Point", "coordinates": [ -0.04326865230166, 51.679520449306558 ] } },
{ "type": "Feature", "properties": { "max_height": 0.0020008087158203125, "mean_height": 6.8119593379378784e-06, "std_height": 0.00042063623550347984, "count_pixels": 42, "percent_cover": 0.041729592242270089, "percent_above_0.1m": 0.0, "low_level_<0.5": 0.0, "mid_level_0.5-2": 0.0, "tall_2+": 0.0 }, "geometry": { "type": "Point", "coordinates": [ -0.043068365943373, 51.679517111600696 ] } },
{ "type": "Feature", "properties": { "max_height": 0.001750946044921875, "mean_height": 4.9544541980139911e-05, "std_height": 0.00084321713075041771, "count_pixels": 41, "percent_cover": 0.040736030522216041, "percent_above_0.1m": 0.0, "low_level_<0.5": 0.0, "mid_level_0.5-2": 0.0, "tall_2+": 0.0 }, "geometry": { "type": "Point", "coordinates": [ -0.042868079623896, 51.679513773552628 ] } },
{ "type": "Feature", "properties": { "max_height": 1.2347507476806641, "mean_height": 0.073726512491703033, "std_height": 0.22231277823448181, "count_pixels": 41, "percent_cover": 0.040736030522216041, "percent_above_0.1m": 17.073170731707318, "low_level_<0.5": 2.4390243902439024, "mid_level_0.5-2": 7.3170731707317067, "tall_2+": 0.0 }, "geometry": { "type": "Point", "coordinates": [ -0.042667793343232, 51.679510435162449 ] } },
{ "type": "Feature", "properties": { "max_height": 4.7495002746582031, "mean_height": 0.84271180629730225, "std_height": 1.394292950630188, "count_pixels": 38, "percent_cover": 0.03775534536205389, "percent_above_0.1m": 39.473684210526315, "low_level_<0.5": 7.8947368421052628, "mid_level_0.5-2": 5.2631578947368416, "tall_2+": 23.684210526315788 }, "geometry": { "type": "Point", "coordinates": [ -0.042467507101381, 51.679507096430079 ] } },
{ "type": "Feature", "properties": { "max_height": 8.5477523803710938, "mean_height": 2.0977804660797119, "std_height": 2.5030562877655029, "count_pixels": 43, "percent_cover": 0.042723153962324144, "percent_above_0.1m": 74.418604651162795, "low_level_<0.5": 4.6511627906976747, "mid_level_0.5-2": 32.558139534883722, "tall_2+": 34.883720930232556 }, "geometry": { "type": "Point", "coordinates": [ -0.044766156714885, 51.67965330229994 ] } },
{ "type": "Feature", "properties": { "max_height": 16.084751129150391, "mean_height": 5.3551554679870605, "std_height": 4.7778797149658203, "count_pixels": 42, "percent_cover": 0.041729592242270089, "percent_above_0.1m": 71.428571428571431, "low_level_<0.5": 0.0, "mid_level_0.5-2": 4.7619047619047619, "tall_2+": 66.666666666666657 }, "geometry": { "type": "Point", "coordinates": [ -0.044565869588534, 51.679649967160159 ] } },
{ "type": "Feature", "properties": { "max_height": 0.010250091552734375, "mean_height": 0.0012328450102359056, "std_height": 0.0032968851737678051, "count_pixels": 41, "percent_cover": 0.040736030522216041, "percent_above_0.1m": 0.0, "low_level_<0.5": 0.0, "mid_level_0.5-2": 0.0, "tall_2+": 0.0 }, "geometry": { "type": "Point", "coordinates": [ -0.044365582500963, 51.679646631678203 ] } },
{ "type": "Feature", "properties": { "max_height": 0.011501312255859375, "mean_height": 0.00038514487096108496, "std_height": 0.00305404351092875, "count_pixels": 41, "percent_cover": 0.040736030522216041, "percent_above_0.1m": 0.0, "low_level_<0.5": 0.0, "mid_level_0.5-2": 0.0, "tall_2+": 0.0 }, "geometry": { "type": "Point", "coordinates": [ -0.04416529545217, 51.679643295854106 ] } },
{ "type": "Feature", "properties": { "max_height": 0.00875091552734375, "mean_height": 0.00028735835803672671, "std_height": 0.0032276709098368883, "count_pixels": 41, "percent_cover": 0.040736030522216041, "percent_above_0.1m": 0.0, "low_level_<0.5": 0.0, "mid_level_0.5-2": 0.0, "tall_2+": 0.0 }, "geometry": { "type": "Point", "coordinates": [ -0.043965008442172, 51.679639959687833 ] } },
{ "type": "Feature", "properties": { "max_height": 0.0075016021728515625, "mean_height": 0.0009220023057423532, "std_height": 0.0025368430651724339, "count_pixels": 38, "percent_cover": 0.03775534536205389, "percent_above_0.1m": 0.0, "low_level_<0.5": 0.0, "mid_level_0.5-2": 0.0, "tall_2+": 0.0 }, "geometry": { "type": "Point", "coordinates": [ -0.043764721470965, 51.679636623179412 ] } },
{ "type": "Feature", "properties": { "max_height": 0.0045013427734375, "mean_height": 0.00045832191244699061, "std_height": 0.0019545217510312796, "count_pixels": 41, "percent_cover": 0.040736030522216041, "percent_above_0.1m": 0.0, "low_level_<0.5": 0.0, "mid_level_0.5-2": 0.0, "tall_2+": 0.0 }, "geometry": { "type": "Point", "coordinates": [ -0.043564434538551, 51.679633286328816 ] } },
{ "type": "Feature", "properties": { "max_height": 0.0075016021728515625, "mean_height": 0.0012572219129651785, "std_height": 0.0023121798876672983, "count_pixels": 41, "percent_cover": 0.040736030522216041, "percent_above_0.1m": 0.0, "low_level_<0.5": 0.0, "mid_level_0.5-2": 0.0, "tall_2+": 0.0 }, "geometry": { "type": "Point", "coordinates": [ -0.043364147644942, 51.679629949136064 ] } },
{ "type": "Feature", "properties": { "max_height": 0.01000213623046875, "mean_height": 0.00086430140072479844, "std_height": 0.0033259640913456678, "count_pixels": 42, "percent_cover": 0.041729592242270089, "percent_above_0.1m": 0.0, "low_level_<0.5": 0.0, "mid_level_0.5-2": 0.0, "tall_2+": 0.0 }, "geometry": { "type": "Point", "coordinates": [ -0.043163860790137, 51.679626611601151 ] } },
{ "type": "Feature", "properties": { "max_height": 0.0110015869140625, "mean_height": -0.0001239776611328125, "std_height": 0.0034245576243847609, "count_pixels": 42, "percent_cover": 0.041729592242270089, "percent_above_0.1m": 0.0, "low_level_<0.5": 0.0, "mid_level_0.5-2": 0.0, "tall_2+": 0.0 }, "geometry": { "type": "Point", "coordinates": [ -0.042963573974136, 51.679623273724097 ] } },
{ "type": "Feature", "properties": { "max_height": 0.0080013275146484375, "mean_height": 0.00065200275275856256, "std_height": 0.0019388495711609721, "count_pixels": 43, "percent_cover": 0.042723153962324144, "percent_above_0.1m": 0.0, "low_level_<0.5": 0.0, "mid_level_0.5-2": 0.0, "tall_2+": 0.0 }, "geometry": { "type": "Point", "coordinates": [ -0.042763287196951, 51.679619935504867 ] } },
{ "type": "Feature", "properties": { "max_height": 3.5322513580322266, "mean_height": 0.50095951557159424, "std_height": 0.85479527711868286, "count_pixels": 42, "percent_cover": 0.041729592242270089, "percent_above_0.1m": 38.095238095238095, "low_level_<0.5": 0.0, "mid_level_0.5-2": 26.190476190476193, "tall_2+": 7.1428571428571423 }, "geometry": { "type": "Point", "coordinates": [ -0.04256300045858, 51.679616596943475 ] } },
{ "type": "Feature", "properties": { "max_height": 14.46550178527832, "mean_height": 1.9405500888824463, "std_height": 3.7706944942474365, "count_pixels": 41, "percent_cover": 0.040736030522216041, "percent_above_0.1m": 43.902439024390247, "low_level_<0.5": 9.7560975609756095, "mid_level_0.5-2": 9.7560975609756095, "tall_2+": 21.951219512195124 }, "geometry": { "type": "Point", "coordinates": [ -0.044661368368609, 51.679759465876643 ] } },
{ "type": "Feature", "properties": { "max_height": 12.035003662109375, "mean_height": 0.90004891157150269, "std_height": 2.241201639175415, "count_pixels": 42, "percent_cover": 0.041729592242270089, "percent_above_0.1m": 23.809523809523807, "low_level_<0.5": 2.3809523809523809, "mid_level_0.5-2": 2.3809523809523809, "tall_2+": 19.047619047619047 }, "geometry": { "type": "Point", "coordinates": [ -0.044461080784526, 51.679756130565679 ] } },
{ "type": "Feature", "properties": { "max_height": 0.006999969482421875, "mean_height": 0.00018736373749561608, "std_height": 0.0034228714648634195, "count_pixels": 43, "percent_cover": 0.042723153962324144, "percent_above_0.1m": 0.0, "low_level_<0.5": 0.0, "mid_level_0.5-2": 0.0, "tall_2+": 0.0 }, "geometry": { "type": "Point", "coordinates": [ -0.044260793239225, 51.679752794912552 ] } },
{ "type": "Feature", "properties": { "max_height": 0.0062503814697265625, "mean_height": 0.00019268656615167856, "std_height": 0.0026375399902462959, "count_pixels": 43, "percent_cover": 0.042723153962324144, "percent_above_0.1m": 0.0, "low_level_<0.5": 0.0, "mid_level_0.5-2": 0.0, "tall_2+": 0.0 }, "geometry": { "type": "Point", "coordinates": [ -0.04406050573271, 51.679749458917271 ] } },
{ "type": "Feature", "properties": { "max_height": 0.0070018768310546875, "mean_height": -0.00011789231211878359, "std_height": 0.0029310467652976513, "count_pixels": 42, "percent_cover": 0.041729592242270089, "percent_above_0.1m": 0.0, "low_level_<0.5": 0.0, "mid_level_0.5-2": 0.0, "tall_2+": 0.0 }, "geometry": { "type": "Point", "coordinates": [ -0.043860218264985, 51.679746122579829 ] } },
{ "type": "Feature", "properties": { "max_height": 0.010999679565429688, "mean_height": 0.0023283276241272688, "std_height": 0.0037311115302145481, "count_pixels": 42, "percent_cover": 0.041729592242270089, "percent_above_0.1m": 0.0, "low_level_<0.5": 0.0, "mid_level_0.5-2": 0.0, "tall_2+": 0.0 }, "geometry": { "type": "Point", "coordinates": [ -0.043659930836059, 51.67974278590021 ] } },
{ "type": "Feature", "properties": { "max_height": 0.005001068115234375, "mean_height": -0.00024316477356478572, "std_height": 0.0023181717842817307, "count_pixels": 43, "percent_cover": 0.042723153962324144, "percent_above_0.1m": 0.0, "low_level_<0.5": 0.0, "mid_level_0.5-2": 0.0, "tall_2+": 0.0 }, "geometry": { "type": "Point", "coordinates": [ -0.043459643445926, 51.679739448878451 ] } },
{ "type": "Feature", "properties": { "max_height": 0.01525115966796875, "mean_height": 0.0018758773803710938, "std_height": 0.0037820623256266117, "count_pixels": 42, "percent_cover": 0.041729592242270089, "percent_above_0.1m": 0.0, "low_level_<0.5": 0.0, "mid_level_0.5-2": 0.0, "tall_2+": 0.0 }, "geometry": { "type": "Point", "coordinates": [ -0.043259356094598, 51.679736111514508 ] } },
{ "type": "Feature", "properties": { "max_height": 0.0090007781982421875, "mean_height": 0.0014594850363209844, "std_height": 0.0027610007673501968, "count_pixels": 42, "percent_cover": 0.041729592242270089, "percent_above_0.1m": 0.0, "low_level_<0.5": 0.0, "mid_level_0.5-2": 0.0, "tall_2+": 0.0 }, "geometry": { "type": "Point", "coordinates": [ -0.043059068782077, 51.679732773808425 ] } },
{ "type": "Feature", "properties": { "max_height": 0.013502120971679688, "mean_height": 0.0014217655407264829, "std_height": 0.0037714787758886814, "count_pixels": 41, "percent_cover": 0.040736030522216041, "percent_above_0.1m": 0.0, "low_level_<0.5": 0.0, "mid_level_0.5-2": 0.0, "tall_2+": 0.0 }, "geometry": { "type": "Point", "coordinates": [ -0.042858781508369, 51.679729435760159 ] } },
{ "type": "Feature", "properties": { "max_height": 3.7122516632080078, "mean_height": 0.73795831203460693, "std_height": 1.2083879709243774, "count_pixels": 41, "percent_cover": 0.040736030522216041, "percent_above_0.1m": 34.146341463414636, "low_level_<0.5": 0.0, "mid_level_0.5-2": 12.195121951219512, "tall_2+": 17.073170731707318 }, "geometry": { "type": "Point", "coordinates": [ -0.042658494273471, 51.679726097369738 ] } },
{ "type": "Feature", "properties": { "max_height": 10.188003540039062, "mean_height": 2.9027512073516846, "std_height": 3.2050786018371582, "count_pixels": 43, "percent_cover": 0.042723153962324144, "percent_above_0.1m": 76.744186046511629, "low_level_<0.5": 4.6511627906976747, "mid_level_0.5-2": 9.3023255813953494, "tall_2+": 48.837209302325576 }, "geometry": { "type": "Point", "coordinates": [ -0.044756867606407, 51.679868964505978 ] } },
{ "type": "Feature", "properties": { "max_height": 6.4495010375976562, "mean_height": 1.0212568044662476, "std_height": 1.567779541015625, "count_pixels": 42, "percent_cover": 0.041729592242270089, "percent_above_0.1m": 54.761904761904766, "low_level_<0.5": 11.904761904761903, "mid_level_0.5-2": 21.428571428571427, "tall_2+": 21.428571428571427 }, "geometry": { "type": "Point", "coordinates": [ -0.04455657952581, 51.679865629366006 ] } },
{ "type": "Feature", "properties": { "max_height": 0.0082492828369140625, "mean_height": -0.00039533289964310825, "std_height": 0.0033998556900769472, "count_pixels": 41, "percent_cover": 0.040736030522216041, "percent_above_0.1m": 0.0, "low_level_<0.5": 0.0, "mid_level_0.5-2": 0.0, "tall_2+": 0.0 }, "geometry": { "type": "Point", "coordinates": [ -0.044356291483991, 51.679862293883865 ] } },
{ "type": "Feature", "properties": { "max_height": 0.93725013732910156, "mean_height": 0.035696122795343399, "std_height": 0.15762710571289062, "count_pixels": 41, "percent_cover": 0.040736030522216041, "percent_above_0.1m": 4.8780487804878048, "low_level_<0.5": 2.4390243902439024, "mid_level_0.5-2": 2.4390243902439024, "tall_2+": 0.0 }, "geometry": { "type": "Point", "coordinates": [ -0.044156003480964, 51.679858958059562 ] } },
{ "type": "Feature", "properties": { "max_height": 0.54425048828125, "mean_height": 0.01374491211026907, "std_height": 0.083946898579597473, "count_pixels": 41, "percent_cover": 0.040736030522216041, "percent_above_0.1m": 2.4390243902439024, "low_level_<0.5": 0.0, "mid_level_0.5-2": 2.4390243902439024, "tall_2+": 0.0 }, "geometry": { "type": "Point", "coordinates": [ -0.04395571551672, 51.679855621893104 ] } },
{ "type": "Feature", "properties": { "max_height": 0.013250350952148438, "mean_height": 0.00067193881841376424, "std_height": 0.0031477285083383322, "count_pixels": 38, "percent_cover": 0.03775534536205389, "percent_above_0.1m": 0.0, "low_level_<0.5": 0.0, "mid_level_0.5-2": 0.0, "tall_2+": 0.0 }, "geometry": { "type": "Point", "coordinates": [ -0.04375542759127, 51.679852285384477 ] } },
{ "type": "Feature", "properties": { "max_height": 0.017251968383789062, "mean_height": 0.0025011852849274874, "std_height": 0.004864982794970274, "count_pixels": 41, "percent_cover": 0.040736030522216041, "percent_above_0.1m": 0.0, "low_level_<0.5": 0.0, "mid_level_0.5-2": 0.0, "tall_2+": 0.0 }, "geometry": { "type": "Point", "coordinates": [ -0.043555139704614, 51.679848948533682 ] } },
{ "type": "Feature", "properties": { "max_height": 0.01074981689453125, "mean_height": 0.0011777644976973534, "std_height": 0.0037661248352378607, "count_pixels": 41, "percent_cover": 0.040736030522216041, "percent_above_0.1m": 0.0, "low_level_<0.5": 0.0, "mid_level_0.5-2": 0.0, "tall_2+": 0.0 }, "geometry": { "type": "Point", "coordinates": [ -0.043354851856769, 51.679845611340738 ] } },
{ "type": "Feature", "properties": { "max_height": 0.72900009155273438, "mean_height": 0.03423309326171875, "std_height": 0.14443096518516541, "count_pixels": 42, "percent_cover": 0.041729592242270089, "percent_above_0.1m": 4.7619047619047619, "low_level_<0.5": 0.0, "mid_level_0.5-2": 4.7619047619047619, "tall_2+": 0.0 }, "geometry": { "type": "Point", "coordinates": [ -0.043154564047724, 51.679842273805619 ] } },
{ "type": "Feature", "properties": { "max_height": 0.00749969482421875, "mean_height": 9.0099514636676759e-05, "std_height": 0.0028039931785315275, "count_pixels": 42, "percent_cover": 0.041729592242270089, "percent_above_0.1m": 0.0, "low_level_<0.5": 0.0, "mid_level_0.5-2": 0.0, "tall_2+": 0.0 }, "geometry": { "type": "Point", "coordinates": [ -0.042954276277483, 51.679838935928352 ] } },
{ "type": "Feature", "properties": { "max_height": 0.016498565673828125, "mean_height": 0.0024252603761851788, "std_height": 0.004666453693062067, "count_pixels": 43, "percent_cover": 0.042723153962324144, "percent_above_0.1m": 0.0, "low_level_<0.5": 0.0, "mid_level_0.5-2": 0.0, "tall_2+": 0.0 }, "geometry": { "type": "Point", "coordinates": [ -0.04275398854606, 51.679835597708895 ] } },
{ "type": "Feature", "properties": { "max_height": 3.5695018768310547, "mean_height": 0.95078670978546143, "std_height": 1.1246428489685059, "count_pixels": 42, "percent_cover": 0.041729592242270089, "percent_above_0.1m": 59.523809523809526, "low_level_<0.5": 9.5238095238095237, "mid_level_0.5-2": 28.571428571428569, "tall_2+": 21.428571428571427 }, "geometry": { "type": "Point", "coordinates": [ -0.042553700853452, 51.67983225914729 ] } },
{ "type": "Feature", "properties": { "max_height": 5.7012519836425781, "mean_height": 1.2926719188690186, "std_height": 1.3112788200378418, "count_pixels": 41, "percent_cover": 0.040736030522216041, "percent_above_0.1m": 87.804878048780495, "low_level_<0.5": 21.951219512195124, "mid_level_0.5-2": 41.463414634146339, "tall_2+": 24.390243902439025 }, "geometry": { "type": "Point", "coordinates": [ -0.044652078724813, 51.679975128079207 ] } },
{ "type": "Feature", "properties": { "max_height": 8.9267520904541016, "mean_height": 1.717685341835022, "std_height": 2.2640657424926758, "count_pixels": 42, "percent_cover": 0.041729592242270089, "percent_above_0.1m": 52.380952380952387, "low_level_<0.5": 2.3809523809523809, "mid_level_0.5-2": 14.285714285714285, "tall_2+": 35.714285714285715 }, "geometry": { "type": "Point", "coordinates": [ -0.044451790186482, 51.67997179276805 ] } },
{ "type": "Feature", "properties": { "max_height": 0.019750595092773438, "mean_height": 0.00097150582587346435, "std_height": 0.0036857652012258768, "count_pixels": 43, "percent_cover": 0.042723153962324144, "percent_above_0.1m": 0.0, "low_level_<0.5": 0.0, "mid_level_0.5-2": 0.0, "tall_2+": 0.0 }, "geometry": { "type": "Point", "coordinates": [ -0.04425150168693, 51.679968457114725 ] } },
{ "type": "Feature", "properties": { "max_height": 0.00550079345703125, "mean_height": -0.00016753618547227234, "std_height": 0.0020760109182447195, "count_pixels": 43, "percent_cover": 0.042723153962324144, "percent_above_0.1m": 0.0, "low_level_<0.5": 0.0, "mid_level_0.5-2": 0.0, "tall_2+": 0.0 }, "geometry": { "type": "Point", "coordinates": [ -0.044051213226168, 51.679965121119253 ] } },
{ "type": "Feature", "properties": { "max_height": 0.0052509307861328125, "mean_height": -0.00055862608132883906, "std_height": 0.0033618733286857605, "count_pixels": 42, "percent_cover": 0.041729592242270089, "percent_above_0.1m": 0.0, "low_level_<0.5": 0.0, "mid_level_0.5-2": 0.0, "tall_2+": 0.0 }, "geometry": { "type": "Point", "coordinates": [ -0.043850924804196, 51.679961784781597 ] } },
{ "type": "Feature", "properties": { "max_height": 0.0065021514892578125, "mean_height": 0.00016752879309933633, "std_height": 0.002922434825450182, "count_pixels": 42, "percent_cover": 0.041729592242270089, "percent_above_0.1m": 0.0, "low_level_<0.5": 0.0, "mid_level_0.5-2": 0.0, "tall_2+": 0.0 }, "geometry": { "type": "Point", "coordinates": [ -0.04365063642102, 51.679958448101793 ] } },
{ "type": "Feature", "properties": { "max_height": 0.00875091552734375, "mean_height": 0.00071024341741576791, "std_height": 0.0027999747544527054, "count_pixels": 43, "percent_cover": 0.042723153962324144, "percent_above_0.1m": 0.0, "low_level_<0.5": 0.0, "mid_level_0.5-2": 0.0, "tall_2+": 0.0 }, "geometry": { "type": "Point", "coordinates": [ -0.043450348076646, 51.679955111079821 ] } },
{ "type": "Feature", "properties": { "max_height": 0.00875091552734375, "mean_height": 0.0013284683227539062, "std_height": 0.0024776700884103775, "count_pixels": 42, "percent_cover": 0.041729592242270089, "percent_above_0.1m": 0.0, "low_level_<0.5": 0.0, "mid_level_0.5-2": 0.0, "tall_2+": 0.0 }, "geometry": { "type": "Point", "coordinates": [ -0.043250059771071, 51.679951773715693 ] } },
{ "type": "Feature", "properties": { "max_height": 0.34225273132324219, "mean_height": 0.0091617219150066376, "std_height": 0.052106387913227081, "count_pixels": 42, "percent_cover": 0.041729592242270089, "percent_above_0.1m": 2.3809523809523809, "low_level_<0.5": 2.3809523809523809, "mid_level_0.5-2": 0.0, "tall_2+": 0.0 }, "geometry": { "type": "Point", "coordinates": [ -0.043049771504303, 51.679948436009383 ] } },
{ "type": "Feature", "properties": { "max_height": 1.00775146484375, "mean_height": 0.030958222225308418, "std_height": 0.15813258290290833, "count_pixels": 41, "percent_cover": 0.040736030522216041, "percent_above_0.1m": 4.8780487804878048, "low_level_<0.5": 2.4390243902439024, "mid_level_0.5-2": 2.4390243902439024, "tall_2+": 0.0 }, "geometry": { "type": "Point", "coordinates": [ -0.042849483276352, 51.679945097960911 ] } },
{ "type": "Feature", "properties": { "max_height": 3.4512500762939453, "mean_height": 0.82954955101013184, "std_height": 1.0272549390792847, "count_pixels": 41, "percent_cover": 0.040736030522216041, "percent_above_0.1m": 53.658536585365859, "low_level_<0.5": 7.3170731707317067, "mid_level_0.5-2": 34.146341463414636, "tall_2+": 12.195121951219512 }, "geometry": { "type": "Point", "coordinates": [ -0.042649195087209, 51.679941759570298 ] } },
{ "type": "Feature", "properties": { "max_height": 6.7285022735595703, "mean_height": 4.0583405494689941, "std_height": 1.6598693132400513, "count_pixels": 42, "percent_cover": 0.041729592242270089, "percent_above_0.1m": 97.61904761904762, "low_level_<0.5": 0.0, "mid_level_0.5-2": 11.904761904761903, "tall_2+": 85.714285714285708 }, "geometry": { "type": "Point", "coordinates": [ -0.044547289346695, 51.680081291565095 ] } },
{ "type": "Feature", "properties": { "max_height": 4.9380016326904297, "mean_height": 0.48671472072601318, "std_height": 1.1898763179779053, "count_pixels": 41, "percent_cover": 0.040736030522216041, "percent_above_0.1m": 21.951219512195124, "low_level_<0.5": 4.8780487804878048, "mid_level_0.5-2": 7.3170731707317067, "tall_2+": 9.7560975609756095 }, "geometry": { "type": "Point", "coordinates": [ -0.04434700035062, 51.680077956082762 ] } },
{ "type": "Feature", "properties": { "max_height": 0.059999465942382812, "mean_height": 0.0041350387036800385, "std_height": 0.011093285866081715, "count_pixels": 41, "percent_cover": 0.040736030522216041, "percent_above_0.1m": 0.0, "low_level_<0.5": 0.0, "mid_level_0.5-2": 0.0, "tall_2+": 0.0 }, "geometry": { "type": "Point", "coordinates": [ -0.044146711393338, 51.680074620258267 ] } },
{ "type": "Feature", "properties": { "max_height": 0.0090007781982421875, "mean_height": 0.00076921976869925857, "std_height": 0.0036347382701933384, "count_pixels": 41, "percent_cover": 0.040736030522216041, "percent_above_0.1m": 0.0, "low_level_<0.5": 0.0, "mid_level_0.5-2": 0.0, "tall_2+": 0.0 }, "geometry": { "type": "Point", "coordinates": [ -0.043946422474838, 51.680071284091603 ] } },
{ "type": "Feature", "properties": { "max_height": 0.010501861572265625, "mean_height": 0.0012378190876916051, "std_height": 0.0035758584272116423, "count_pixels": 38, "percent_cover": 0.03775534536205389, "percent_above_0.1m": 0.0, "low_level_<0.5": 0.0, "mid_level_0.5-2": 0.0, "tall_2+": 0.0 }, "geometry": { "type": "Point", "coordinates": [ -0.043746133595138, 51.680067947582778 ] } },
{ "type": "Feature", "properties": { "max_height": 0.010751724243164062, "mean_height": 0.0010435522999614477, "std_height": 0.0029588404577225447, "count_pixels": 41, "percent_cover": 0.040736030522216041, "percent_above_0.1m": 0.0, "low_level_<0.5": 0.0, "mid_level_0.5-2": 0.0, "tall_2+": 0.0 }, "geometry": { "type": "Point", "coordinates": [ -0.043545844754232, 51.68006461073179 ] } },
{ "type": "Feature", "properties": { "max_height": 0.018749237060546875, "mean_height": 0.00070841721026226878, "std_height": 0.003869849257171154, "count_pixels": 41, "percent_cover": 0.040736030522216041, "percent_above_0.1m": 0.0, "low_level_<0.5": 0.0, "mid_level_0.5-2": 0.0, "tall_2+": 0.0 }, "geometry": { "type": "Point", "coordinates": [ -0.043345555952133, 51.680061273538641 ] } },
{ "type": "Feature", "properties": { "max_height": 0.0080013275146484375, "mean_height": 0.0010187511797994375, "std_height": 0.0027001758571714163, "count_pixels": 42, "percent_cover": 0.041729592242270089, "percent_above_0.1m": 0.0, "low_level_<0.5": 0.0, "mid_level_0.5-2": 0.0, "tall_2+": 0.0 }, "geometry": { "type": "Point", "coordinates": [ -0.043145267188831, 51.680057936003308 ] } },
{ "type": "Feature", "properties": { "max_height": 0.009250640869140625, "mean_height": -0.00027288708952255547, "std_height": 0.0034555615857243538, "count_pixels": 42, "percent_cover": 0.041729592242270089, "percent_above_0.1m": 0.0, "low_level_<0.5": 0.0, "mid_level_0.5-2": 0.0, "tall_2+": 0.0 }, "geometry": { "type": "Point", "coordinates": [ -0.042944978464348, 51.680054598125821 ] } },
{ "type": "Feature", "properties": { "max_height": 2.3715000152587891, "mean_height": 0.18025694787502289, "std_height": 0.53879547119140625, "count_pixels": 43, "percent_cover": 0.042723153962324144, "percent_above_0.1m": 11.627906976744185, "low_level_<0.5": 0.0, "mid_level_0.5-2": 9.3023255813953494, "tall_2+": 2.3255813953488373 }, "geometry": { "type": "Point", "coordinates": [ -0.04274468977867, 51.680051259906172 ] } },
{ "type": "Feature", "properties": { "max_height": 9.2475013732910156, "mean_height": 2.006941556930542, "std_height": 2.7344658374786377, "count_pixels": 42, "percent_cover": 0.041729592242270089, "percent_above_0.1m": 47.619047619047613, "low_level_<0.5": 2.3809523809523809, "mid_level_0.5-2": 7.1428571428571423, "tall_2+": 38.095238095238095 }, "geometry": { "type": "Point", "coordinates": [ -0.042544401131813, 51.68004792134434 ] } },
{ "type": "Feature", "properties": { "max_height": 6.0427494049072266, "mean_height": 1.3531475067138672, "std_height": 1.6404401063919067, "count_pixels": 41, "percent_cover": 0.040736030522216041, "percent_above_0.1m": 73.170731707317074, "low_level_<0.5": 7.3170731707317067, "mid_level_0.5-2": 41.463414634146339, "tall_2+": 21.951219512195124 }, "geometry": { "type": "Point", "coordinates": [ -0.044642788964632, 51.680190790274999 ] } },
{ "type": "Feature", "properties": { "max_height": 3.264251708984375, "mean_height": 0.14431649446487427, "std_height": 0.52612924575805664, "count_pixels": 42, "percent_cover": 0.041729592242270089, "percent_above_0.1m": 14.285714285714285, "low_level_<0.5": 7.1428571428571423, "mid_level_0.5-2": 4.7619047619047619, "tall_2+": 2.3809523809523809 }, "geometry": { "type": "Point", "coordinates": [ -0.044442499472039, 51.680187454963658 ] } },
{ "type": "Feature", "properties": { "max_height": 0.022251129150390625, "mean_height": 0.0012454543029889464, "std_height": 0.0069127054885029793, "count_pixels": 43, "percent_cover": 0.042723153962324144, "percent_above_0.1m": 0.0, "low_level_<0.5": 0.0, "mid_level_0.5-2": 0.0, "tall_2+": 0.0 }, "geometry": { "type": "Point", "coordinates": [ -0.044242210018226, 51.680184119310148 ] } },
{ "type": "Feature", "properties": { "max_height": 0.032251358032226562, "mean_height": 0.0029544830322265625, "std_height": 0.0080709923058748245, "count_pixels": 43, "percent_cover": 0.042723153962324144, "percent_above_0.1m": 0.0, "low_level_<0.5": 0.0, "mid_level_0.5-2": 0.0, "tall_2+": 0.0 }, "geometry": { "type": "Point", "coordinates": [ -0.044041920603203, 51.680180783314484 ] } },
{ "type": "Feature", "properties": { "max_height": 0.013250350952148438, "mean_height": 0.0014772415161132812, "std_height": 0.0040226406417787075, "count_pixels": 42, "percent_cover": 0.041729592242270089, "percent_above_0.1m": 0.0, "low_level_<0.5": 0.0, "mid_level_0.5-2": 0.0, "tall_2+": 0.0 }, "geometry": { "type": "Point", "coordinates": [ -0.043841631226977, 51.680177446976643 ] } },
{ "type": "Feature", "properties": { "max_height": 0.019001007080078125, "mean_height": 0.00179849355481565, "std_height": 0.004452491644769907, "count_pixels": 42, "percent_cover": 0.041729592242270089, "percent_above_0.1m": 0.0, "low_level_<0.5": 0.0, "mid_level_0.5-2": 0.0, "tall_2+": 0.0 }, "geometry": { "type": "Point", "coordinates": [ -0.043641341889539, 51.680174110296633 ] } },
{ "type": "Feature", "properties": { "max_height": 0.017751693725585938, "mean_height": 0.0013675246154889464, "std_height": 0.0045792288146913052, "count_pixels": 43, "percent_cover": 0.042723153962324144, "percent_above_0.1m": 0.0, "low_level_<0.5": 0.0, "mid_level_0.5-2": 0.0, "tall_2+": 0.0 }, "geometry": { "type": "Point", "coordinates": [ -0.043441052590904, 51.680170773274455 ] } },
{ "type": "Feature", "properties": { "max_height": 0.010499954223632812, "mean_height": 0.00063192273955792189, "std_height": 0.0034468993544578552, "count_pixels": 42, "percent_cover": 0.041729592242270089, "percent_above_0.1m": 0.0, "low_level_<0.5": 0.0, "mid_level_0.5-2": 0.0, "tall_2+": 0.0 }, "geometry": { "type": "Point", "coordinates": [ -0.043240763331073, 51.680167435910107 ] } },
{ "type": "Feature", "properties": { "max_height": 0.010251998901367188, "mean_height": 0.0003700710367411375, "std_height": 0.0031068725511431694, "count_pixels": 42, "percent_cover": 0.041729592242270089, "percent_above_0.1m": 0.0, "low_level_<0.5": 0.0, "mid_level_0.5-2": 0.0, "tall_2+": 0.0 }, "geometry": { "type": "Point", "coordinates": [ -0.043040474110053, 51.680164098203605 ] } },
{ "type": "Feature", "properties": { "max_height": 0.0067501068115234375, "mean_height": 0.00010476461466168985, "std_height": 0.0029331482946872711, "count_pixels": 41, "percent_cover": 0.040736030522216041, "percent_above_0.1m": 0.0, "low_level_<0.5": 0.0, "mid_level_0.5-2": 0.0, "tall_2+": 0.0 }, "geometry": { "type": "Point", "coordinates": [ -0.042840184927837, 51.680160760154919 ] } },
{ "type": "Feature", "properties": { "max_height": 4.1502513885498047, "mean_height": 0.29980576038360596, "std_height": 0.73521894216537476, "count_pixels": 41, "percent_cover": 0.040736030522216041, "percent_above_0.1m": 26.829268292682929, "low_level_<0.5": 7.3170731707317067, "mid_level_0.5-2": 17.073170731707318, "tall_2+": 2.4390243902439024 }, "geometry": { "type": "Point", "coordinates": [ -0.042639895784445, 51.680157421764079 ] } },
{ "type": "Feature", "properties": { "max_height": 4.9627532958984375, "mean_height": 1.1730666160583496, "std_height": 1.659949779510498, "count_pixels": 42, "percent_cover": 0.041729592242270089, "percent_above_0.1m": 40.476190476190474, "low_level_<0.5": 2.3809523809523809, "mid_level_0.5-2": 4.7619047619047619, "tall_2+": 30.952380952380953 }, "geometry": { "type": "Point", "coordinates": [ -0.044537999051184, 51.68029695375742 ] } },
{ "type": "Feature", "properties": { "max_height": 0.02050018310546875, "mean_height": 0.00033643768983893096, "std_height": 0.010139607824385166, "count_pixels": 41, "percent_cover": 0.040736030522216041, "percent_above_0.1m": 0.0, "low_level_<0.5": 0.0, "mid_level_0.5-2": 0.0, "tall_2+": 0.0 }, "geometry": { "type": "Point", "coordinates": [ -0.044337709100847, 51.680293618274895 ] } },
{ "type": "Feature", "properties": { "max_height": 0.11624908447265625, "mean_height": 0.0031960185151547194, "std_height": 0.01998518779873848, "count_pixels": 41, "percent_cover": 0.040736030522216041, "percent_above_0.1m": 2.4390243902439024, "low_level_<0.5": 0.0, "mid_level_0.5-2": 0.0, "tall_2+": 0.0 }, "geometry": { "type": "Point", "coordinates": [ -0.044137419189295, 51.680290282450208 ] } },
{ "type": "Feature", "properties": { "max_height": 0.006500244140625, "mean_height": -0.00050507520791143179, "std_height": 0.0037122499197721481, "count_pixels": 41, "percent_cover": 0.040736030522216041, "percent_above_0.1m": 0.0, "low_level_<0.5": 0.0, "mid_level_0.5-2": 0.0, "tall_2+": 0.0 }, "geometry": { "type": "Point", "coordinates": [ -0.043937129316533, 51.68028694628336 ] } },
{ "type": "Feature", "properties": { "max_height": 0.01125335693359375, "mean_height": 0.0019089046400040388, "std_height": 0.0030292931478470564, "count_pixels": 38, "percent_cover": 0.03775534536205389, "percent_above_0.1m": 0.0, "low_level_<0.5": 0.0, "mid_level_0.5-2": 0.0, "tall_2+": 0.0 }, "geometry": { "type": "Point", "coordinates": [ -0.043736839482561, 51.680283609774328 ] } },
{ "type": "Feature", "properties": { "max_height": 0.003749847412109375, "mean_height": -9.6995652711484581e-05, "std_height": 0.002080537611618638, "count_pixels": 41, "percent_cover": 0.040736030522216041, "percent_above_0.1m": 0.0, "low_level_<0.5": 0.0, "mid_level_0.5-2": 0.0, "tall_2+": 0.0 }, "geometry": { "type": "Point", "coordinates": [ -0.043536549687399, 51.680280272923142 ] } },
{ "type": "Feature", "properties": { "max_height": 0.060251235961914062, "mean_height": 0.0034702115226536989, "std_height": 0.010220685973763466, "count_pixels": 41, "percent_cover": 0.040736030522216041, "percent_above_0.1m": 0.0, "low_level_<0.5": 0.0, "mid_level_0.5-2": 0.0, "tall_2+": 0.0 }, "geometry": { "type": "Point", "coordinates": [ -0.043336259931029, 51.680276935729765 ] } },
{ "type": "Feature", "properties": { "max_height": 0.0077495574951171875, "mean_height": 0.00029268718208186328, "std_height": 0.0036691892892122269, "count_pixels": 42, "percent_cover": 0.041729592242270089, "percent_above_0.1m": 0.0, "low_level_<0.5": 0.0, "mid_level_0.5-2": 0.0, "tall_2+": 0.0 }, "geometry": { "type": "Point", "coordinates": [ -0.043135970213469, 51.680273598194248 ] } },
{ "type": "Feature", "properties": { "max_height": 0.005001068115234375, "mean_height": -0.00026089805760420859, "std_height": 0.0032351191621273756, "count_pixels": 42, "percent_cover": 0.041729592242270089, "percent_above_0.1m": 0.0, "low_level_<0.5": 0.0, "mid_level_0.5-2": 0.0, "tall_2+": 0.0 }, "geometry": { "type": "Point", "coordinates": [ -0.042935680534718, 51.680270260316547 ] } },
{ "type": "Feature", "properties": { "max_height": 4.8352508544921875, "mean_height": 0.41093119978904724, "std_height": 1.0209096670150757, "count_pixels": 43, "percent_cover": 0.042723153962324144, "percent_above_0.1m": 18.604651162790699, "low_level_<0.5": 0.0, "mid_level_0.5-2": 11.627906976744185, "tall_2+": 6.9767441860465116 }, "geometry": { "type": "Point", "coordinates": [ -0.042735390894784, 51.680266922096692 ] } },
{ "type": "Feature", "properties": { "max_height": 1.7412528991699219, "mean_height": 0.10508464276790619, "std_height": 0.34372174739837646, "count_pixels": 42, "percent_cover": 0.041729592242270089, "percent_above_0.1m": 11.904761904761903, "low_level_<0.5": 4.7619047619047619, "mid_level_0.5-2": 7.1428571428571423, "tall_2+": 0.0 }, "geometry": { "type": "Point", "coordinates": [ -0.044433208641194, 51.680403117152494 ] } },
{ "type": "Feature", "properties": { "max_height": 1.9462509155273438, "mean_height": 0.1667511910200119, "std_height": 0.3830910325050354, "count_pixels": 43, "percent_cover": 0.042723153962324144, "percent_above_0.1m": 25.581395348837212, "low_level_<0.5": 13.953488372093023, "mid_level_0.5-2": 9.3023255813953494, "tall_2+": 0.0 }, "geometry": { "type": "Point", "coordinates": [ -0.044232918233113, 51.680399781498799 ] } },
{ "type": "Feature", "properties": { "max_height": 0.025249481201171875, "mean_height": 0.0028553896117955446, "std_height": 0.0068898042663931847, "count_pixels": 43, "percent_cover": 0.042723153962324144, "percent_above_0.1m": 0.0, "low_level_<0.5": 0.0, "mid_level_0.5-2": 0.0, "tall_2+": 0.0 }, "geometry": { "type": "Point", "coordinates": [ -0.044032627863818, 51.680396445502936 ] } },
{ "type": "Feature", "properties": { "max_height": 0.009250640869140625, "mean_height": 0.00052470254013314843, "std_height": 0.002846624469384551, "count_pixels": 42, "percent_cover": 0.041729592242270089, "percent_above_0.1m": 0.0, "low_level_<0.5": 0.0, "mid_level_0.5-2": 0.0, "tall_2+": 0.0 }, "geometry": { "type": "Point", "coordinates": [ -0.043832337533314, 51.680393109164896 ] } },
{ "type": "Feature", "properties": { "max_height": 0.0057506561279296875, "mean_height": 0.00057847157586365938, "std_height": 0.0020275081042200327, "count_pixels": 42, "percent_cover": 0.041729592242270089, "percent_above_0.1m": 0.0, "low_level_<0.5": 0.0, "mid_level_0.5-2": 0.0, "tall_2+": 0.0 }, "geometry": { "type": "Point", "coordinates": [ -0.04363204724161, 51.680389772484695 ] } },
{ "type": "Feature", "properties": { "max_height": 0.010751724243164062, "mean_height": 0.0002569597854744643, "std_height": 0.0024569944944232702, "count_pixels": 43, "percent_cover": 0.042723153962324144, "percent_above_0.1m": 0.0, "low_level_<0.5": 0.0, "mid_level_0.5-2": 0.0, "tall_2+": 0.0 }, "geometry": { "type": "Point", "coordinates": [ -0.043431756988707, 51.680386435462303 ] } },
{ "type": "Feature", "properties": { "max_height": 0.0047512054443359375, "mean_height": -0.00074890680843964219, "std_height": 0.0031908550299704075, "count_pixels": 42, "percent_cover": 0.041729592242270089, "percent_above_0.1m": 0.0, "low_level_<0.5": 0.0, "mid_level_0.5-2": 0.0, "tall_2+": 0.0 }, "geometry": { "type": "Point", "coordinates": [ -0.043231466774604, 51.680383098097764 ] } },
{ "type": "Feature", "properties": { "max_height": 0.0062503814697265625, "mean_height": -0.00023728325322736055, "std_height": 0.0027589069213718176, "count_pixels": 42, "percent_cover": 0.041729592242270089, "percent_above_0.1m": 0.0, "low_level_<0.5": 0.0, "mid_level_0.5-2": 0.0, "tall_2+": 0.0 }, "geometry": { "type": "Point", "coordinates": [ -0.043031176599315, 51.680379760391062 ] } },
{ "type": "Feature", "properties": { "max_height": 0.012500762939453125, "mean_height": 0.0003669087600428611, "std_height": 0.0039225374348461628, "count_pixels": 41, "percent_cover": 0.040736030522216041, "percent_above_0.1m": 0.0, "low_level_<0.5": 0.0, "mid_level_0.5-2": 0.0, "tall_2+": 0.0 }, "geometry": { "type": "Point", "coordinates": [ -0.042830886462833, 51.680376422342157 ] } },
{ "type": "Feature", "properties": { "max_height": 5.4922523498535156, "mean_height": 0.75414758920669556, "std_height": 1.4708985090255737, "count_pixels": 41, "percent_cover": 0.040736030522216041, "percent_above_0.1m": 31.707317073170731, "low_level_<0.5": 7.3170731707317067, "mid_level_0.5-2": 7.3170731707317067, "tall_2+": 17.073170731707318 }, "geometry": { "type": "Point", "coordinates": [ -0.042630596365169, 51.680373083951096 ] } },
{ "type": "Feature", "properties": { "max_height": 3.0262508392333984, "mean_height": 0.57339984178543091, "std_height": 0.69836205244064331, "count_pixels": 42, "percent_cover": 0.041729592242270089, "percent_above_0.1m": 66.666666666666657, "low_level_<0.5": 30.952380952380953, "mid_level_0.5-2": 28.571428571428569, "tall_2+": 7.1428571428571423 }, "geometry": { "type": "Point", "coordinates": [ -0.044528708639282, 51.680512615942966 ] } },
{ "type": "Feature", "properties": { "max_height": 0.26000213623046875, "mean_height": 0.0054521327838301659, "std_height": 0.040852349251508713, "count_pixels": 41, "percent_cover": 0.040736030522216041, "percent_above_0.1m": 2.4390243902439024, "low_level_<0.5": 2.4390243902439024, "mid_level_0.5-2": 0.0, "tall_2+": 0.0 }, "geometry": { "type": "Point", "coordinates": [ -0.044328417734662, 51.680509280460264 ] } },
{ "type": "Feature", "properties": { "max_height": 0.0090007781982421875, "mean_height": 0.00059848878299817443, "std_height": 0.0041164373978972435, "count_pixels": 41, "percent_cover": 0.040736030522216041, "percent_above_0.1m": 0.0, "low_level_<0.5": 0.0, "mid_level_0.5-2": 0.0, "tall_2+": 0.0 }, "geometry": { "type": "Point", "coordinates": [ -0.044128126868832, 51.680505944635392 ] } },
{ "type": "Feature", "properties": { "max_height": 0.029500961303710938, "mean_height": 0.00095827988116070628, "std_height": 0.0059808995574712753, "count_pixels": 41, "percent_cover": 0.040736030522216041, "percent_above_0.1m": 0.0, "low_level_<0.5": 0.0, "mid_level_0.5-2": 0.0, "tall_2+": 0.0 }, "geometry": { "type": "Point", "coordinates": [ -0.043927836041794, 51.680502608468316 ] } },
{ "type": "Feature", "properties": { "max_height": 0.0042514801025390625, "mean_height": 0.00055358285317197442, "std_height": 0.0020473131444305182, "count_pixels": 38, "percent_cover": 0.03775534536205389, "percent_above_0.1m": 0.0, "low_level_<0.5": 0.0, "mid_level_0.5-2": 0.0, "tall_2+": 0.0 }, "geometry": { "type": "Point", "coordinates": [ -0.043727545253551, 51.680499271959114 ] } },
{ "type": "Feature", "properties": { "max_height": 0.00875091552734375, "mean_height": 0.00056801771279424429, "std_height": 0.0030226577073335648, "count_pixels": 41, "percent_cover": 0.040736030522216041, "percent_above_0.1m": 0.0, "low_level_<0.5": 0.0, "mid_level_0.5-2": 0.0, "tall_2+": 0.0 }, "geometry": { "type": "Point", "coordinates": [ -0.043527254504105, 51.680495935107722 ] } },
{ "type": "Feature", "properties": { "max_height": 0.05300140380859375, "mean_height": 0.0049460339359939098, "std_height": 0.010613523423671722, "count_pixels": 41, "percent_cover": 0.040736030522216041, "percent_above_0.1m": 0.0, "low_level_<0.5": 0.0, "mid_level_0.5-2": 0.0, "tall_2+": 0.0 }, "geometry": { "type": "Point", "coordinates": [ -0.043326963793464, 51.680492597914153 ] } },
{ "type": "Feature", "properties": { "max_height": 0.014501571655273438, "mean_height": 0.00088791619054973125, "std_height": 0.0059007406234741211, "count_pixels": 42, "percent_cover": 0.041729592242270089, "percent_above_0.1m": 0.0, "low_level_<0.5": 0.0, "mid_level_0.5-2": 0.0, "tall_2+": 0.0 }, "geometry": { "type": "Point", "coordinates": [ -0.043126673121626, 51.680489260378408 ] } },
{ "type": "Feature", "properties": { "max_height": 0.017002105712890625, "mean_height": 0.001018705777823925, "std_height": 0.0042936457321047783, "count_pixels": 42, "percent_cover": 0.041729592242270089, "percent_above_0.1m": 0.0, "low_level_<0.5": 0.0, "mid_level_0.5-2": 0.0, "tall_2+": 0.0 }, "geometry": { "type": "Point", "coordinates": [ -0.0429263824886, 51.680485922500495 ] } },
{ "type": "Feature", "properties": { "max_height": 3.5052528381347656, "mean_height": 0.67934995889663696, "std_height": 1.0129458904266357, "count_pixels": 43, "percent_cover": 0.042723153962324144, "percent_above_0.1m": 37.209302325581397, "low_level_<0.5": 2.3255813953488373, "mid_level_0.5-2": 16.279069767441861, "tall_2+": 18.604651162790699 }, "geometry": { "type": "Point", "coordinates": [ -0.042726091894393, 51.680482584280419 ] } },
{ "type": "Feature", "properties": { "max_height": 5.5320014953613281, "mean_height": 1.0427329540252686, "std_height": 1.6501691341400146, "count_pixels": 42, "percent_cover": 0.041729592242270089, "percent_above_0.1m": 50.0, "low_level_<0.5": 7.1428571428571423, "mid_level_0.5-2": 19.047619047619047, "tall_2+": 19.047619047619047 }, "geometry": { "type": "Point", "coordinates": [ -0.04442391769395, 51.68061877933458 ] } },
{ "type": "Feature", "properties": { "max_height": 0.09275054931640625, "mean_height": 0.002768627367913723, "std_height": 0.015167977660894394, "count_pixels": 43, "percent_cover": 0.042723153962324144, "percent_above_0.1m": 0.0, "low_level_<0.5": 0.0, "mid_level_0.5-2": 0.0, "tall_2+": 0.0 }, "geometry": { "type": "Point", "coordinates": [ -0.044223626331584, 51.680615443680701 ] } },
{ "type": "Feature", "properties": { "max_height": 2.6825027465820312, "mean_height": 0.19046606123447418, "std_height": 0.54984378814697266, "count_pixels": 43, "percent_cover": 0.042723153962324144, "percent_above_0.1m": 16.279069767441861, "low_level_<0.5": 2.3255813953488373, "mid_level_0.5-2": 6.9767441860465116, "tall_2+": 4.6511627906976747 }, "geometry": { "type": "Point", "coordinates": [ -0.044023335008005, 51.680612107684645 ] } },
{ "type": "Feature", "properties": { "max_height": 0.009250640869140625, "mean_height": -0.00098709831945598125, "std_height": 0.0035257169511169195, "count_pixels": 42, "percent_cover": 0.041729592242270089, "percent_above_0.1m": 0.0, "low_level_<0.5": 0.0, "mid_level_0.5-2": 0.0, "tall_2+": 0.0 }, "geometry": { "type": "Point", "coordinates": [ -0.043823043723221, 51.6806087713464 ] } },
{ "type": "Feature", "properties": { "max_height": 0.002750396728515625, "mean_height": -0.00077901565236970782, "std_height": 0.0019871755503118038, "count_pixels": 42, "percent_cover": 0.041729592242270089, "percent_above_0.1m": 0.0, "low_level_<0.5": 0.0, "mid_level_0.5-2": 0.0, "tall_2+": 0.0 }, "geometry": { "type": "Point", "coordinates": [ -0.043622752477233, 51.680605434665985 ] } },
{ "type": "Feature", "properties": { "max_height": 0.62475204467773438, "mean_height": 0.015692954882979393, "std_height": 0.094267278909683228, "count_pixels": 43, "percent_cover": 0.042723153962324144, "percent_above_0.1m": 2.3255813953488373, "low_level_<0.5": 0.0, "mid_level_0.5-2": 2.3255813953488373, "tall_2+": 0.0 }, "geometry": { "type": "Point", "coordinates": [ -0.043422461270044, 51.680602097643401 ] } },
{ "type": "Feature", "properties": { "max_height": 0.020250320434570312, "mean_height": -6.4486550400033593e-05, "std_height": 0.0066480105742812157, "count_pixels": 42, "percent_cover": 0.041729592242270089, "percent_above_0.1m": 0.0, "low_level_<0.5": 0.0, "mid_level_0.5-2": 0.0, "tall_2+": 0.0 }, "geometry": { "type": "Point", "coordinates": [ -0.043222170101663, 51.680598760278656 ] } },
{ "type": "Feature", "properties": { "max_height": 0.0410003662109375, "mean_height": 0.0027033034712076187, "std_height": 0.0082961386069655418, "count_pixels": 42, "percent_cover": 0.041729592242270089, "percent_above_0.1m": 0.0, "low_level_<0.5": 0.0, "mid_level_0.5-2": 0.0, "tall_2+": 0.0 }, "geometry": { "type": "Point", "coordinates": [ -0.043021878972091, 51.680595422571741 ] } },
{ "type": "Feature", "properties": { "max_height": 5.7980003356933594, "mean_height": 0.99454951286315918, "std_height": 1.4125678539276123, "count_pixels": 41, "percent_cover": 0.040736030522216041, "percent_above_0.1m": 43.902439024390247, "low_level_<0.5": 0.0, "mid_level_0.5-2": 24.390243902439025, "tall_2+": 19.512195121951219 }, "geometry": { "type": "Point", "coordinates": [ -0.042821587881331, 51.68059208452263 ] } },
{ "type": "Feature", "properties": { "max_height": 2.6072521209716797, "mean_height": 0.21114112436771393, "std_height": 0.53697788715362549, "count_pixels": 41, "percent_cover": 0.040736030522216041, "percent_above_0.1m": 26.829268292682929, "low_level_<0.5": 17.073170731707318, "mid_level_0.5-2": 4.8780487804878048, "tall_2+": 2.4390243902439024 }, "geometry": { "type": "Point", "coordinates": [ -0.044319126252076, 51.680724942638875 ] } },
{ "type": "Feature", "properties": { "max_height": 0.14625167846679688, "mean_height": 0.01675126701593399, "std_height": 0.0318792425096035, "count_pixels": 41, "percent_cover": 0.040736030522216041, "percent_above_0.1m": 4.8780487804878048, "low_level_<0.5": 0.0, "mid_level_0.5-2": 0.0, "tall_2+": 0.0 }, "geometry": { "type": "Point", "coordinates": [ -0.044118834431951, 51.68072160681379 ] } },
{ "type": "Feature", "properties": { "max_height": 0.10975074768066406, "mean_height": 0.0084036383777856827, "std_height": 0.023164579644799232, "count_pixels": 41, "percent_cover": 0.040736030522216041, "percent_above_0.1m": 2.4390243902439024, "low_level_<0.5": 0.0, "mid_level_0.5-2": 0.0, "tall_2+": 0.0 }, "geometry": { "type": "Point", "coordinates": [ -0.043918542650622, 51.680718270646558 ] } },
{ "type": "Feature", "properties": { "max_height": 0.022251129150390625, "mean_height": 0.00067856436362490058, "std_height": 0.0044273505918681622, "count_pixels": 38, "percent_cover": 0.03775534536205389, "percent_above_0.1m": 0.0, "low_level_<0.5": 0.0, "mid_level_0.5-2": 0.0, "tall_2+": 0.0 }, "geometry": { "type": "Point", "coordinates": [ -0.04371825090809, 51.680714934137143 ] } },
{ "type": "Feature", "properties": { "max_height": 3.0055007934570312, "mean_height": 0.47437918186187744, "std_height": 0.97915536165237427, "count_pixels": 41, "percent_cover": 0.040736030522216041, "percent_above_0.1m": 24.390243902439025, "low_level_<0.5": 2.4390243902439024, "mid_level_0.5-2": 9.7560975609756095, "tall_2+": 12.195121951219512 }, "geometry": { "type": "Point", "coordinates": [ -0.043517959204358, 51.680711597285537 ] } },
{ "type": "Feature", "properties": { "max_height": 3.3237514495849609, "mean_height": 1.1856229305267334, "std_height": 1.286848783493042, "count_pixels": 41, "percent_cover": 0.040736030522216041, "percent_above_0.1m": 58.536585365853654, "low_level_<0.5": 7.3170731707317067, "mid_level_0.5-2": 14.634146341463413, "tall_2+": 34.146341463414636 }, "geometry": { "type": "Point", "coordinates": [ -0.043317667539428, 51.680708260091762 ] } },
{ "type": "Feature", "properties": { "max_height": 3.4127521514892578, "mean_height": 0.61398309469223022, "std_height": 1.1041957139968872, "count_pixels": 42, "percent_cover": 0.041729592242270089, "percent_above_0.1m": 33.333333333333329, "low_level_<0.5": 4.7619047619047619, "mid_level_0.5-2": 9.5238095238095237, "tall_2+": 16.666666666666664 }, "geometry": { "type": "Point", "coordinates": [ -0.043117375913305, 51.680704922555826 ] } },
{ "type": "Feature", "properties": { "max_height": 2.2392501831054688, "mean_height": 0.060078393667936325, "std_height": 0.34395825862884521, "count_pixels": 42, "percent_cover": 0.041729592242270089, "percent_above_0.1m": 4.7619047619047619, "low_level_<0.5": 2.3809523809523809, "mid_level_0.5-2": 0.0, "tall_2+": 2.3809523809523809 }, "geometry": { "type": "Point", "coordinates": [ -0.042917084325992, 51.680701584677713 ] } },
{ "type": "Feature", "properties": { "max_height": 6.6377525329589844, "mean_height": 1.1313382387161255, "std_height": 1.5400078296661377, "count_pixels": 43, "percent_cover": 0.042723153962324144, "percent_above_0.1m": 55.813953488372093, "low_level_<0.5": 9.3023255813953494, "mid_level_0.5-2": 18.604651162790699, "tall_2+": 25.581395348837212 }, "geometry": { "type": "Point", "coordinates": [ -0.0427167927775, 51.680698246457418 ] } },
{ "type": "Feature", "properties": { "max_height": 3.3487510681152344, "mean_height": 0.54233825206756592, "std_height": 0.90117084980010986, "count_pixels": 43, "percent_cover": 0.042723153962324144, "percent_above_0.1m": 53.488372093023251, "low_level_<0.5": 25.581395348837212, "mid_level_0.5-2": 13.953488372093023, "tall_2+": 9.3023255813953494 }, "geometry": { "type": "Point", "coordinates": [ -0.044214334313642, 51.68083110585583 ] } },
{ "type": "Feature", "properties": { "max_height": 0.94425201416015625, "mean_height": 0.10943732410669327, "std_height": 0.19613267481327057, "count_pixels": 43, "percent_cover": 0.042723153962324144, "percent_above_0.1m": 25.581395348837212, "low_level_<0.5": 20.930232558139537, "mid_level_0.5-2": 4.6511627906976747, "tall_2+": 0.0 }, "geometry": { "type": "Point", "coordinates": [ -0.044014042035764, 51.680827769859576 ] } },
{ "type": "Feature", "properties": { "max_height": 0.3430023193359375, "mean_height": 0.037876039743423462, "std_height": 0.067644789814949036, "count_pixels": 42, "percent_cover": 0.041729592242270089, "percent_above_0.1m": 7.1428571428571423, "low_level_<0.5": 4.7619047619047619, "mid_level_0.5-2": 0.0, "tall_2+": 0.0 }, "geometry": { "type": "Point", "coordinates": [ -0.043813749796687, 51.680824433521146 ] } },
{ "type": "Feature", "properties": { "max_height": 0.11425209045410156, "mean_height": 0.014149801805615425, "std_height": 0.029543953016400337, "count_pixels": 42, "percent_cover": 0.041729592242270089, "percent_above_0.1m": 2.3809523809523809, "low_level_<0.5": 0.0, "mid_level_0.5-2": 0.0, "tall_2+": 0.0 }, "geometry": { "type": "Point", "coordinates": [ -0.043613457596402, 51.680821096840518 ] } },
{ "type": "Feature", "properties": { "max_height": 2.8770027160644531, "mean_height": 0.28688493371009827, "std_height": 0.75077426433563232, "count_pixels": 43, "percent_cover": 0.042723153962324144, "percent_above_0.1m": 18.604651162790699, "low_level_<0.5": 4.6511627906976747, "mid_level_0.5-2": 6.9767441860465116, "tall_2+": 6.9767441860465116 }, "geometry": { "type": "Point", "coordinates": [ -0.043413165434923, 51.680817759817742 ] } },
{ "type": "Feature", "properties": { "max_height": 2.9232501983642578, "mean_height": 0.36856666207313538, "std_height": 0.81664669513702393, "count_pixels": 42, "percent_cover": 0.041729592242270089, "percent_above_0.1m": 19.047619047619047, "low_level_<0.5": 0.0, "mid_level_0.5-2": 11.904761904761903, "tall_2+": 7.1428571428571423 }, "geometry": { "type": "Point", "coordinates": [ -0.043212873312249, 51.680814422452784 ] } },
{ "type": "Feature", "properties": { "max_height": 0.063501358032226562, "mean_height": 0.0035901751834899187, "std_height": 0.014310102909803391, "count_pixels": 42, "percent_cover": 0.041729592242270089, "percent_above_0.1m": 0.0, "low_level_<0.5": 0.0, "mid_level_0.5-2": 0.0, "tall_2+": 0.0 }, "geometry": { "type": "Point", "coordinates": [ -0.043012581228382, 51.680811084745656 ] } },
{ "type": "Feature", "properties": { "max_height": 6.4262504577636719, "mean_height": 0.66062915325164795, "std_height": 1.3738714456558228, "count_pixels": 41, "percent_cover": 0.040736030522216041, "percent_above_0.1m": 39.024390243902438, "low_level_<0.5": 14.634146341463413, "mid_level_0.5-2": 9.7560975609756095, "tall_2+": 14.634146341463413 }, "geometry": { "type": "Point", "coordinates": [ -0.042812289183331, 51.680807746696338 ] } },
{ "type": "Feature", "properties": { "max_height": 1.183502197265625, "mean_height": 0.067866906523704529, "std_height": 0.19886448979377747, "count_pixels": 41, "percent_cover": 0.040736030522216041, "percent_above_0.1m": 12.195121951219512, "low_level_<0.5": 7.3170731707317067, "mid_level_0.5-2": 2.4390243902439024, "tall_2+": 0.0 }, "geometry": { "type": "Point", "coordinates": [ -0.043508663788149, 51.680927259456588 ] } },
{ "type": "Feature", "properties": { "max_height": 6.2555007934570312, "mean_height": 1.0309581756591797, "std_height": 1.7103101015090942, "count_pixels": 41, "percent_cover": 0.040736030522216041, "percent_above_0.1m": 31.707317073170731, "low_level_<0.5": 0.0, "mid_level_0.5-2": 2.4390243902439024, "tall_2+": 26.829268292682929 }, "geometry": { "type": "Point", "coordinates": [ -0.043308371168923, 51.680923922262615 ] } },
{ "type": "Feature", "properties": { "max_height": 0.10449981689453125, "mean_height": 0.013346308842301369, "std_height": 0.027787460014224052, "count_pixels": 42, "percent_cover": 0.041729592242270089, "percent_above_0.1m": 4.7619047619047619, "low_level_<0.5": 0.0, "mid_level_0.5-2": 0.0, "tall_2+": 0.0 }, "geometry": { "type": "Point", "coordinates": [ -0.043108078588503, 51.680920584726465 ] } },
{ "type": "Feature", "properties": { "max_height": 0.059000015258789062, "mean_height": 0.0025244213175028563, "std_height": 0.018651088699698448, "count_pixels": 42, "percent_cover": 0.041729592242270089, "percent_above_0.1m": 0.0, "low_level_<0.5": 0.0, "mid_level_0.5-2": 0.0, "tall_2+": 0.0 }, "geometry": { "type": "Point", "coordinates": [ -0.042907786046892, 51.680917246848132 ] } }
]
}
