country,region_id,authority_id,auth_name_e,old_park_id,new_park_id
England,E12000007,E09000027,Richmond upon Thames,RICUP_b97f72cbc697;RICUP_73e0c091e7dd,fc0fd9264667
England,E12000007,E09000027,Richmond upon Thames,RICUP_f9f1d15ae25e;RICUP_fc59131c0a53;RICUP_1edfcaaaefcb,a170326d74a5
England,E12000007,E09000027,Richmond upon Thames,RICUP_359e76efe81d;RICUP_33b9a10d9f76,9b77403143be
England,E12000007,E09000027,Richmond upon Thames,RICUP_41c3d07e3951;RICUP_668f00d4c708,ac50526d9471
England,E12000007,E09000027,Richmond upon Thames,RICUP_d1f53f7ccaca;RICUP_63bdd0a48bea,2ad82a2a9f8a
England,E12000007,E09000027,Richmond upon Thames,RICUP_5142ec1c6df1;RICUP_bb01a0c475ca,db710756d9aa
England,E12000007,E09000027,Richmond upon Thames,RICUP_1a56d2b51bb6;RICUP_467ab1b6cc6f,021908634581
England,E12000007,E09000027,Richmond upon Thames,RICUP_4fa7b3f1bf7e;RICUP_fab3f733bd40,593d35fac5e2
England,E12000007,E09000027,Richmond upon Thames,RICUP_5e65f44be547;RICUP_4f7cb302b051,988e0a1cac19
England,E12000007,E09000027,Richmond upon Thames,RICUP_6e3f6aae00e6;RICUP_b36fbbf6a231,f5edd597e97d
England,E12000007,E09000027,Richmond upon Thames,RICUP_f2843a21341a;RICUP_7d2daaa5e3a0,cefd28d8829b
England,E12000007,E09000027,Richmond upon Thames,RICUP_b6014f9f0921;RICUP_d90b0acb1173,94a769a7e219
England,E12000007,E09000027,Richmond upon Thames,RICUP_b9e7cb446d54;RICUP_c4dd08446a12,6ad60e51c149
England,E12000007,E09000027,Richmond upon Thames,RICUP_720419b989c6;RICUP_cbed00d104bf,1c301ab7c45b
England,E12000007,E09000027,Richmond upon Thames,RICUP_e3eb4e37453f;RICUP_eb0bd92eecd0,f58ca5005f31
England,E12000007,E09000027,Richmond upon Thames,RICUP_2132a0427fb3;RICUP_6192def7450b,ff72c975a4b6
England,E12000007,E09000027,Richmond upon Thames,RICUP_cb4887edfad4,6a475ad590de
England,E12000007,E09000027,Richmond upon Thames,RICUP_ae935d4eeeb7;RICUP_e97a0580f632,ec0a1d2c0e93
England,E12000007,E09000027,Richmond upon Thames,RICUP_d4dcd4620dab;RICUP_a2e5165b0d9b,22c97dd77b8c
England,E12000007,E09000027,Richmond upon Thames,RICUP_dde6051bc223;RICUP_eea70f7e63ea,f7a53365c2ef
England,E12000007,E09000027,Richmond upon Thames,RICUP_c68d33e61a67;RICUP_26ebf77e030f,ecbd3edf73b3
England,E12000007,E09000027,Richmond upon Thames,RICUP_6ff202c0e3ab,bebd497be464
England,E12000007,E09000027,Richmond upon Thames,RICUP_43f09b8ab337;RICUP_ad16a489c444,fd52a9099e34
England,E12000007,E09000027,Richmond upon Thames,RICUP_cc55bc0af2b0;RICUP_f5ea6fcef1ec;RICUP_bdf2089a8b8b,50212029c2b7
England,E12000007,E09000027,Richmond upon Thames,RICUP_47cf8f13fba7;RICUP_acd0d0024bee;RICUP_3d23c7dd13eb;RICUP_26099f1e30f8;RICUP_1888b215467b;RICUP_59c6e21c9f9f;RICUP_5cb46821e234,cab863224dca
England,E12000007,E09000027,Richmond upon Thames,RICUP_56e0a3770cf9;RICUP_1a80541f57b6;RICUP_927bbcf9de3f;RICUP_7f26c1012bf8,3cb73c7baca8
England,E12000007,E09000027,Richmond upon Thames,RICUP_30961a8d5589;RICUP_716a661fe56a,f61f6eda3505
England,E12000007,E09000027,Richmond upon Thames,RICUP_6fdc4d5ce337;RICUP_11edbd46ac61,59d9b6e8d299
England,E12000007,E09000027,Richmond upon Thames,RICUP_4a419d1aa0e7;RICUP_a986d046bd03,2796d8855882
England,E12000007,E09000027,Richmond upon Thames,RICUP_686cba8a00b2;RICUP_f8ca91db4fb9;RICUP_d3432bcd03a1;RICUP_2646a40c9c0d;RICUP_6d4bf53e0429;RICUP_791b0483076c,be525596bd01
England,E12000007,E09000027,Richmond upon Thames,RICUP_d74f70de5995;RICUP_2eafac684315,5f253ed0c66c
England,E12000007,E09000027,Richmond upon Thames,RICUP_288475b33979;RICUP_3c60c33d6c52,977196789c73
England,E12000007,E09000027,Richmond upon Thames,RICUP_ecba1a4355c1;RICUP_e5676cff4e44;RICUP_aa73a212f9f6,8a848c4d32f0
England,E12000007,E09000027,Richmond upon Thames,RICUP_b59574e2a905;RICUP_be3fc2affa01,5dc61ad2d61c
England,E12000007,E09000027,Richmond upon Thames,RICUP_b026a90a4e20;RICUP_df096057cab4,ba4efbec2f94
England,E12000007,E09000027,Richmond upon Thames,RICUP_b7cae23f870c;RICUP_cde2deac255a,d6a1ce53ea48
England,E12000007,E09000027,Richmond upon Thames,RICUP_2c7a99ca507d;RICUP_b083b4dbbead,c819875840cf
England,E12000007,E09000027,Richmond upon Thames,RICUP_9ac1eb7066ef;RICUP_919d648bd69b;RICUP_0893441bfdff,5ea06e7ed3c4
England,E12000007,E09000027,Richmond upon Thames,RICUP_7ea316664309;RICUP_1b7523048567;RICUP_4c9d2d55da6a,56d2cb4a802b
England,E12000007,E09000027,Richmond upon Thames,RICUP_b95cd7db2b44;RICUP_a989191edb9c,7735cb580c6e
England,E12000007,E09000027,Richmond upon Thames,RICUP_a782fcc033b4;RICUP_84c541e9c32a,44b25dc52356
England,E12000007,E09000027,Richmond upon Thames,RICUP_43a04e5d1cb6;RICUP_18fc918d246b,48a22fbd527f
England,E12000007,E09000027,Richmond upon Thames,RICUP_80f60e1f14b1;RICUP_a28875d220ec,eda04d944fd6
England,E12000007,E09000027,Richmond upon Thames,RICUP_6abeeae79ff9;RICUP_d92c55bf66bc;RICUP_795a89a66462;RICUP_dcfc9317e642;RICUP_41303f14c129,2de4cce651a3
England,E12000007,E09000027,Richmond upon Thames,RICUP_b4069758f4df,f6560db1e0da
England,E12000007,E09000027,Richmond upon Thames,RICUP_fae914eae6e4;RICUP_f575a25e7634,92bba3a7847c
England,E12000007,E09000027,Richmond upon Thames,RICUP_c031e05abbd7;RICUP_148ab41576eb,4f694ae25aee
England,E12000007,E09000027,Richmond upon Thames,RICUP_ca046c02e56f;RICUP_94430a188e3a,f456217c0ddc
England,E12000007,E09000027,Richmond upon Thames,RICUP_f5b35b183946,bd2db1fe9658
England,E12000007,E09000027,Richmond upon Thames,RICUP_2f48fab06603;RICUP_6054445b8b6d,a288b47f1fe3
England,E12000007,E09000027,Richmond upon Thames,RICUP_5b67a4eb783c,c3057fc4b92c
England,E12000007,E09000027,Richmond upon Thames,RICUP_7fecf09ae49a,c5e472291ebe
England,E12000007,E09000027,Richmond upon Thames,RICUP_1f9e18dfc3ee,5dfe641061b6
England,E12000007,E09000027,Richmond upon Thames,RICUP_8b07f1b81145,1d3ebe4f3df2
England,E12000007,E09000027,Richmond upon Thames,RICUP_0f8ac65ea64f,aac474821c83
England,E12000007,E09000027,Richmond upon Thames,RICUP_0af7d903bd33,659045efb110
England,E12000007,E09000027,Richmond upon Thames,RICUP_181306db9685,deded5c5a392
England,E12000007,E09000027,Richmond upon Thames,RICUP_7c745ac8e847,483f75d7547d
England,E12000007,E09000027,Richmond upon Thames,RICUP_868d04c651ab,4d07cf98cb87
England,E12000007,E09000027,Richmond upon Thames,RICUP_92353dfa8c15,c59788f8f26e
England,E12000007,E09000027,Richmond upon Thames,RICUP_6a56b5a0bece,51e00f49229a
England,E12000007,E09000027,Richmond upon Thames,RICUP_a34760f3d62b,035216c19c60
England,E12000007,E09000027,Richmond upon Thames,RICUP_2b10fcc522a3,a10d39060e7d
England,E12000007,E09000027,Richmond upon Thames,RICUP_07f47d5ffc30,5754d9064ad6
England,E12000007,E09000027,Richmond upon Thames,RICUP_ae1415bc16d8,b007f926fc4c
England,E12000007,E09000027,Richmond upon Thames,RICUP_6cbefa82c0dc,22ecb77549b4
England,E12000007,E09000027,Richmond upon Thames,RICUP_dcb27fd68453,972c3c0fc4a8
England,E12000007,E09000027,Richmond upon Thames,RICUP_4d4fa1ccea6f;RICUP_f01375a3a08a;RICUP_407122fafd49;RICUP_fc5effcbd43d;RICUP_95f778a32746;RICUP_93d54cf9d99f;RICUP_d1e34c0a1fc9;RICUP_a1bfabc26c7e;RICUP_62bf6c7b8f99;RICUP_45cb9c9dd50d;RICUP_40ff1595f45c;RICUP_fc215aae02e7,4558b2e4d6d2
England,E12000007,E09000027,Richmond upon Thames,RICUP_397be69b1823,2072dc6bc97f
England,E12000007,E09000027,Richmond upon Thames,RICUP_b1c2762d0f1d,caeb45af52ee
England,E12000007,E09000027,Richmond upon Thames,RICUP_08f52c2c68f2,497c3ff0fa56
England,E12000007,E09000027,Richmond upon Thames,RICUP_68c901aa39fc,90052ff3ab41
England,E12000007,E09000027,Richmond upon Thames,RICUP_22bc70c80166,0acc535a3b3e
England,E12000007,E09000027,Richmond upon Thames,RICUP_e201ab9724eb,8513a3d5617b
England,E12000007,E09000027,Richmond upon Thames,RICUP_d9bcbf7f301e,8b6da984e96a
England,E12000007,E09000027,Richmond upon Thames,RICUP_6042cb852c58,cc40213da9ab
England,E12000007,E09000027,Richmond upon Thames,RICUP_ad56da1d1721,225f3f6327d0
England,E12000007,E09000027,Richmond upon Thames,RICUP_7aee48fd46d4,0a74f6fe13ec
England,E12000007,E09000027,Richmond upon Thames,RICUP_6fe7258abd25,b47b2059ae55
England,E12000007,E09000027,Richmond upon Thames,RICUP_cff9e24ffa8c,a567ea5f0c5d
England,E12000007,E09000027,Richmond upon Thames,RICUP_929a01fef294,1f7a04a0f0c4
England,E12000007,E09000027,Richmond upon Thames,RICUP_1dba3da23c6c,d0a91967a043
England,E12000007,E09000027,Richmond upon Thames,RICUP_d156c3e2ecde,891652d6860a
England,E12000007,E09000027,Richmond upon Thames,RICUP_4d9af5983d4a,1c07182c0c6f
England,E12000007,E09000027,Richmond upon Thames,RICUP_00d27202e9c8,fe86be0516aa
England,E12000007,E09000027,Richmond upon Thames,RICUP_07611f566717,43ddd9a29368
England,E12000007,E09000027,Richmond upon Thames,RICUP_77615986e59c,7d4b60b11ffc
England,E12000007,E09000027,Richmond upon Thames,RICUP_ac61a484a799,7115b89c730d
England,E12000007,E09000027,Richmond upon Thames,RICUP_b302df52322a,4aa188ec049a
England,E12000007,E09000027,Richmond upon Thames,RICUP_997b3fa99b54,32639abbf093
England,E12000007,E09000027,Richmond upon Thames,RICUP_155afeb8d3b0,0f44ae59a1e1
England,E12000007,E09000027,Richmond upon Thames,RICUP_a822ab77ecf8,0e9baffeb96c
England,E12000007,E09000027,Richmond upon Thames,RICUP_0fdcd8ac9237,d316e1af8919
England,E12000007,E09000027,Richmond upon Thames,RICUP_d41e6649f5ea,fd0d33a7202a
England,E12000007,E09000027,Richmond upon Thames,RICUP_4c7897a80844,1f0e8610b46f
England,E12000007,E09000027,Richmond upon Thames,RICUP_a3b8dc87bdb9,561c48749066
England,E12000007,E09000027,Richmond upon Thames,RICUP_e7feb45d13a4,b0ae2218256d
England,E12000007,E09000027,Richmond upon Thames,RICUP_2a65be2fcc5d,0aa1f39e0c5b
England,E12000007,E09000027,Richmond upon Thames,RICUP_86aa12674ea2,ddd6986b933c
England,E12000007,E09000027,Richmond upon Thames,RICUP_2e8f1ec7f45e,42c8f9af0318
England,E12000007,E09000027,Richmond upon Thames,RICUP_8c09255deb84,e3eafacd2826
England,E12000007,E09000027,Richmond upon Thames,RICUP_be2cf7efc3a5,4e531e35e5e7
England,E12000007,E09000027,Richmond upon Thames,RICUP_12199468ada0;RICUP_717511821fc4,0316bcc9df30
England,E12000007,E09000027,Richmond upon Thames,RICUP_368dafef4a79,d995416fb06a
England,E12000007,E09000027,Richmond upon Thames,RICUP_e2f8215da7d4,51c6062a730d
England,E12000007,E09000027,Richmond upon Thames,RICUP_06ab5699aa48,f4d8f1309b47
England,E12000007,E09000027,Richmond upon Thames,RICUP_9d454b165f4b,45e9eae7aa7e
England,E12000007,E09000027,Richmond upon Thames,RICUP_775459cb9c76,e8ab19cb2c71
England,E12000007,E09000027,Richmond upon Thames,RICUP_fab2bb794587,59e84011f70e
England,E12000007,E09000027,Richmond upon Thames,RICUP_e8c7af107329,8cf89d67abea
England,E12000007,E09000027,Richmond upon Thames,RICUP_3be45dc981f6,12c7042ef064
England,E12000007,E09000027,Richmond upon Thames,RICUP_cc55ecd454e6,651c62c42f76
England,E12000007,E09000027,Richmond upon Thames,RICUP_da9033aabec4,d19d2c69889d
England,E12000007,E09000027,Richmond upon Thames,RICUP_63d7f34f8490,05aa305325df
England,E12000007,E09000027,Richmond upon Thames,RICUP_a1480671bdbb,864a74fc8161
England,E12000007,E09000027,Richmond upon Thames,RICUP_aff4cc3c511a,a36f37491b59
England,E12000007,E09000027,Richmond upon Thames,RICUP_4ec3233e89a1,f3a229fdcd66
England,E12000007,E09000027,Richmond upon Thames,RICUP_28b0199daef9,c8f2628d3d8d
England,E12000007,E09000027,Richmond upon Thames,RICUP_e276379bc99f,4c68ef032ea5
England,E12000007,E09000027,Richmond upon Thames,RICUP_51ec42826086,72fd555b55ed
England,E12000007,E09000027,Richmond upon Thames,RICUP_d966d67a6a10,4a0f34294810
England,E12000007,E09000027,Richmond upon Thames,RICUP_7489f148cfc4,e2da2e7ab5a2
England,E12000007,E09000027,Richmond upon Thames,RICUP_8ed00bd06c28,59c7f75bca60
England,E12000007,E09000027,Richmond upon Thames,RICUP_f67431500bec,5eb4755a725d
England,E12000007,E09000027,Richmond upon Thames,RICUP_5601a94b58c0,0af011554eb9
England,E12000007,E09000027,Richmond upon Thames,RICUP_9067975a1cdc,8c487d17d398
England,E12000007,E09000027,Richmond upon Thames,RICUP_808aaadcbccb,45cdabab9dff
England,E12000007,E09000027,Richmond upon Thames,RICUP_d7a31341d036,940bbf7ba504
England,E12000007,E09000027,Richmond upon Thames,RICUP_25ea11dd80ce,47b27117f376
England,E12000007,E09000027,Richmond upon Thames,RICUP_ca0414e88ea7,ed18a7d5f329
England,E12000007,E09000027,Richmond upon Thames,RICUP_7b3c1f2a62a5,755d4bada565
England,E12000007,E09000027,Richmond upon Thames,RICUP_30a5593f7d24,3fe9d100099d
England,E12000007,E09000027,Richmond upon Thames,RICUP_1c11fe47145f,f9b0285bb925
England,E12000007,E09000027,Richmond upon Thames,RICUP_3e10ba6bb462,0b98d34bccbd
England,E12000007,E09000027,Richmond upon Thames,RICUP_93086b45de7e,b6de8c104ec4
England,E12000007,E09000027,Richmond upon Thames,RICUP_ca9731f5071b;RICUP_69f1217e42f8,e1beba976845
England,E12000007,E09000027,Richmond upon Thames,RICUP_c359d5e6313d,24c076087448
England,E12000007,E09000027,Richmond upon Thames,RICUP_cab6c5413e61,87e706247bb0
England,E12000007,E09000027,Richmond upon Thames,RICUP_b6c3efccda60,81de6ce21f3e
England,E12000007,E09000027,Richmond upon Thames,RICUP_1247457d3059,64bf3a97e833
England,E12000007,E09000027,Richmond upon Thames,RICUP_32a22fab71de,0e5ea8e69b92
England,E12000007,E09000027,Richmond upon Thames,RICUP_8a60ae4cff22,c20a4686527b
England,E12000007,E09000027,Richmond upon Thames,RICUP_1394d056463c,000157ab3d28
England,E12000007,E09000027,Richmond upon Thames,RICUP_fed6b256e725,a3520806e5dc
England,E12000007,E09000027,Richmond upon Thames,RICUP_fe74aa79797c,9f6b1df3386f
England,E12000007,E09000027,Richmond upon Thames,RICUP_398dec93665a,d1011e41501e
England,E12000007,E09000027,Richmond upon Thames,RICUP_86dc4d9ea14b,5859adf63af9
England,E12000007,E09000027,Richmond upon Thames,RICUP_c0af548f0792,86ad3804a5b0
England,E12000007,E09000027,Richmond upon Thames,RICUP_544cfde46f3d,c5e85c02360c
England,E12000007,E09000027,Richmond upon Thames,RICUP_5c164cd44672,e2504aeef635
England,E12000007,E09000027,Richmond upon Thames,RICUP_9578adce250f,64bf5a61f1c9
England,E12000007,E09000027,Richmond upon Thames,RICUP_a1628b8df073,d78e9a992fc6
England,E12000007,E09000027,Richmond upon Thames,RICUP_656b13d5c44f,fba3a03d8418
England,E12000007,E09000027,Richmond upon Thames,RICUP_9032152f376d,09334ef482cf
England,E12000007,E09000027,Richmond upon Thames,RICUP_96006d956b9a,7c6497efe533
England,E12000007,E09000027,Richmond upon Thames,RICUP_97a44a65ebdf,0dbf5bb3b0f3
England,E12000007,E09000027,Richmond upon Thames,RICUP_5cd9eb1c670b,d2aef2575486
England,E12000007,E09000027,Richmond upon Thames,RICUP_2757fdea5d17,2082cfcab026
England,E12000007,E09000027,Richmond upon Thames,RICUP_2b2f23765973,ced5c078af01
England,E12000007,E09000027,Richmond upon Thames,RICUP_5ea4b24688fb,e6f18cdef23c
England,E12000007,E09000027,Richmond upon Thames,RICUP_101ff3814a06,c74150a9f865
England,E12000007,E09000027,Richmond upon Thames,RICUP_63909585ee4b,61b56e7f9513
England,E12000007,E09000027,Richmond upon Thames,RICUP_40510f6dae79,c6a56abaa88a
England,E12000007,E09000027,Richmond upon Thames,RICUP_777d4f29233c,30ba12047511
England,E12000007,E09000027,Richmond upon Thames,RICUP_3ee8f4110712,75958a1c4e86
England,E12000007,E09000027,Richmond upon Thames,RICUP_1157e2474f18,7d296dcf20e6
England,E12000007,E09000027,Richmond upon Thames,RICUP_9298438bfc05,2a9d919ae2be
England,E12000007,E09000027,Richmond upon Thames,RICUP_3cc7e45a5d55,3f24dac36142
England,E12000007,E09000027,Richmond upon Thames,RICUP_56f642d52f58,581331f59c5a
England,E12000007,E09000027,Richmond upon Thames,RICUP_6e8a68f9bbbf,1dc94705fb5e
England,E12000007,E09000027,Richmond upon Thames,RICUP_11118d656f79,3b3fa193aca3
England,E12000007,E09000027,Richmond upon Thames,RICUP_2eee1dcfbbb6,8472a567285e
England,E12000007,E09000027,Richmond upon Thames,RICUP_dcdcff234297,cc9cec3edbed
England,E12000007,E09000027,Richmond upon Thames,RICUP_fb2b34f42f3d,4c4aefc2d9ae
England,E12000007,E09000027,Richmond upon Thames,RICUP_a372d8c621c8,6809559bfb18
England,E12000007,E09000027,Richmond upon Thames,RICUP_7c335244f138,8f6c7079f8aa
England,E12000007,E09000027,Richmond upon Thames,RICUP_3a8e018e1b31,9871949ae818
England,E12000007,E09000027,Richmond upon Thames,RICUP_ba2c448c4627,35466efe0be6
England,E12000007,E09000027,Richmond upon Thames,RICUP_b1ce629b2797,9fb7971f8628
England,E12000007,E09000027,Richmond upon Thames,RICUP_e3ba78b6a097,7f9b4db390d2
England,E12000007,E09000027,Richmond upon Thames,RICUP_2f8ec0c4c3ac,cd91983e5104
England,E12000007,E09000027,Richmond upon Thames,RICUP_5e5be5f74902,5ee1879763c1
England,E12000007,E09000027,Richmond upon Thames,RICUP_70cf53973ed0,3706fdb150eb
England,E12000007,E09000027,Richmond upon Thames,RICUP_4ad72a87cf87,2fabf5e6c006
England,E12000007,E09000027,Richmond upon Thames,RICUP_70004642ea4f,9a1324805137
England,E12000007,E09000027,Richmond upon Thames,RICUP_f276d14c84ba,6967a28ca278
England,E12000007,E09000027,Richmond upon Thames,RICUP_582c2fbf77dd,c5d2e7f73900
England,E12000007,E09000027,Richmond upon Thames,RICUP_cdb76bea5cb2,dd7a7e05d06a
England,E12000007,E09000027,Richmond upon Thames,RICUP_d8468e2011e5,19697a826013
England,E12000007,E09000027,Richmond upon Thames,RICUP_b76a3285b176,d89bef765a07
England,E12000007,E09000027,Richmond upon Thames,RICUP_06b5ed4621be,07b5552d1b0b
England,E12000007,E09000027,Richmond upon Thames,RICUP_798c29784b48,6fa2e2193560
England,E12000007,E09000027,Richmond upon Thames,RICUP_97a906ccf5e7,4c62ce5c2f32
England,E12000007,E09000027,Richmond upon Thames,RICUP_d79569d79b2b,df4c36ea4d12
England,E12000007,E09000027,Richmond upon Thames,RICUP_b1b9d75cf02b,8adac1639e09
England,E12000007,E09000027,Richmond upon Thames,RICUP_3fc7b03d1473,5d7d925f8fd1
England,E12000007,E09000027,Richmond upon Thames,RICUP_5c935d8f21d2,3d23ad1c4d2c
England,E12000007,E09000027,Richmond upon Thames,RICUP_3694baef09ae,f76ae124f47c
England,E12000007,E09000027,Richmond upon Thames,RICUP_34c4d559e30b,bcef4d7d34a8
England,E12000007,E09000027,Richmond upon Thames,RICUP_e4d43ede8214,ab9ddd2bc4c0
England,E12000007,E09000027,Richmond upon Thames,RICUP_44f998d93059,e1c4fd7aefe0
England,E12000007,E09000027,Richmond upon Thames,RICUP_432bf6e58dff,c865d84195a8
England,E12000007,E09000027,Richmond upon Thames,RICUP_22f4907509be,131aba0f8c6c
England,E12000007,E09000027,Richmond upon Thames,RICUP_cad471c094fa,7c58586d20ed
England,E12000007,E09000027,Richmond upon Thames,RICUP_595d748ffdc1,c543d23884df
England,E12000007,E09000027,Richmond upon Thames,RICUP_ea58b22c8e98,75ee72b255b5
England,E12000007,E09000027,Richmond upon Thames,RICUP_9144922f3b6a,b0be64371972
England,E12000007,E09000027,Richmond upon Thames,RICUP_f90174a1fd81,cc24a80afae0
England,E12000007,E09000027,Richmond upon Thames,RICUP_d9b2ee308320,5b5314fa45fe
England,E12000007,E09000027,Richmond upon Thames,RICUP_623a75170fc6,04b924f324c2
England,E12000007,E09000027,Richmond upon Thames,RICUP_cc579ec014ab,dae1ae33c4f9
England,E12000007,E09000027,Richmond upon Thames,RICUP_bd156123865a,0910616d5edc
England,E12000007,E09000027,Richmond upon Thames,RICUP_d68c3d6ddeba,d8982e636c01
England,E12000007,E09000027,Richmond upon Thames,RICUP_a43d2f1e0a82,3907bde96639
England,E12000007,E09000027,Richmond upon Thames,RICUP_cd9d89d3fee9,d8b0e34a12f9
England,E12000007,E09000027,Richmond upon Thames,RICUP_08e72a26cc3f,013ecd982aab
England,E12000007,E09000027,Richmond upon Thames,RICUP_5cf6bf051536,c4704d06f44b
England,E12000007,E09000027,Richmond upon Thames,RICUP_a338e2f8e67d,245daef24e3b
England,E12000007,E09000027,Richmond upon Thames,RICUP_8c2435fe4c26,e0f5711074d5
England,E12000007,E09000027,Richmond upon Thames,RICUP_295e7545c481,a85ad0b32243
England,E12000007,E09000027,Richmond upon Thames,RICUP_01a9084e90dc,8a37598e1ea0
England,E12000007,E09000027,Richmond upon Thames,RICUP_98ee77d179fa,ac5c977c44c5
England,E12000007,E09000027,Richmond upon Thames,RICUP_a071c8a4efb7,3af6ef4f6e4a
England,E12000007,E09000027,Richmond upon Thames,RICUP_f2ca9a7836b5,e5d658d1b27f
England,E12000007,E09000027,Richmond upon Thames,RICUP_5e3933b4b191,9b7760cee385
England,E12000007,E09000027,Richmond upon Thames,RICUP_4d4c78d3c32c,ab841ad17ed6
England,E12000007,E09000027,Richmond upon Thames,RICUP_62befd2eba25,04be68c74c22
England,E12000007,E09000027,Richmond upon Thames,RICUP_9f8791d7d56f,0aa3ca22b481
England,E12000007,E09000027,Richmond upon Thames,RICUP_99c9b5b1c5f0,94a0f678d017
England,E12000007,E09000027,Richmond upon Thames,RICUP_a4bb1095723b,6b8cbb42bebc
England,E12000007,E09000027,Richmond upon Thames,RICUP_d28eb99d416a,d2ba5bac6f7d
England,E12000007,E09000027,Richmond upon Thames,RICUP_1cc130b79e74,b5676811fda4
England,E12000007,E09000027,Richmond upon Thames,RICUP_d2e7c7b1ad97,0ad99a9036af
England,E12000007,E09000027,Richmond upon Thames,RICUP_072bffa2a9bd,a45aedff7d1f
England,E12000007,E09000027,Richmond upon Thames,RICUP_6dbd1c98f4ee,c6dc9ff6f309
England,E12000007,E09000027,Richmond upon Thames,RICUP_5f7499ee34af,86443d708bb0
England,E12000007,E09000027,Richmond upon Thames,RICUP_8925e9e2876b,c315daf7e89d
England,E12000007,E09000027,Richmond upon Thames,RICUP_6a5ff0a42928,7d9523009e0e
England,E12000007,E09000027,Richmond upon Thames,RICUP_5b7b434f1a6a,ffa18023ebc7
England,E12000007,E09000027,Richmond upon Thames,RICUP_1ab5b2ddfa54,e618f0650fa2
England,E12000007,E09000027,Richmond upon Thames,RICUP_9d8b70421936,fdb87987d3c2
England,E12000007,E09000027,Richmond upon Thames,RICUP_996e6c484724,a5ce8139a784
England,E12000007,E09000027,Richmond upon Thames,RICUP_7cd2ae9cef87,798d5809e232
England,E12000007,E09000027,Richmond upon Thames,RICUP_e0b75e23e8ce,a8ad451024ec
England,E12000007,E09000027,Richmond upon Thames,RICUP_58f853f4c28a,898233a834db
England,E12000007,E09000027,Richmond upon Thames,RICUP_a15314ec2a72,35f30154450f
England,E12000007,E09000027,Richmond upon Thames,RICUP_7f9e2678eaca,ea65880900b2
England,E12000007,E09000027,Richmond upon Thames,RICUP_3afc94e35522,7963fe489151
England,E12000007,E09000027,Richmond upon Thames,RICUP_404fdb4eeef4,46e02babd892
England,E12000007,E09000027,Richmond upon Thames,RICUP_aa2e42263df8,26448e225b40
England,E12000007,E09000027,Richmond upon Thames,RICUP_38d06a5a7a0a,78c150b0136f
England,E12000007,E09000027,Richmond upon Thames,RICUP_84446e27a221,17cbad227300
England,E12000007,E09000027,Richmond upon Thames,RICUP_d429024ba901,a7369d20683e
England,E12000007,E09000027,Richmond upon Thames,RICUP_4cb23d204962,21b4966749b7
England,E12000007,E09000027,Richmond upon Thames,RICUP_6ca591c328de,7bd683657362
England,E12000007,E09000027,Richmond upon Thames,RICUP_7389bdf0e85f,7f3deb8d5349
England,E12000007,E09000027,Richmond upon Thames,RICUP_cfea306854f3,0a91015f0297
England,E12000007,E09000027,Richmond upon Thames,RICUP_3c5e51dbb051,31a99a958598
England,E12000007,E09000027,Richmond upon Thames,RICUP_f19a34f11d50,84d64ff99858
England,E12000007,E09000027,Richmond upon Thames,RICUP_23d7455c37f0,948ae31260ab
England,E12000007,E09000027,Richmond upon Thames,RICUP_d4cb396d3d08,9e89ff5998ab
England,E12000007,E09000027,Richmond upon Thames,RICUP_26589c0daf97,bf380b144268
England,E12000007,E09000027,Richmond upon Thames,RICUP_e3c7a63e4f30,56fe4606123d
England,E12000007,E09000027,Richmond upon Thames,RICUP_c52485d58ddf,8e8dbe918d11
England,E12000007,E09000027,Richmond upon Thames,RICUP_5d1f2f09601a,7d5fa18e8861
England,E12000007,E09000027,Richmond upon Thames,RICUP_5f065f306523,21a34db303ee
England,E12000007,E09000027,Richmond upon Thames,RICUP_3f5de0d71b5d,55fd30d85ade
England,E12000007,E09000027,Richmond upon Thames,RICUP_931a8deff826,63c1182f5982
England,E12000007,E09000027,Richmond upon Thames,RICUP_45da81503c8d,48cea0c4fb99
England,E12000007,E09000027,Richmond upon Thames,RICUP_c7d73f9773f8,76e66789703d
England,E12000007,E09000027,Richmond upon Thames,RICUP_53f9362b0c5e,8214b3d1fd41
England,E12000007,E09000027,Richmond upon Thames,RICUP_0e0fc78952d8,2d4c0a49ea77
England,E12000007,E09000027,Richmond upon Thames,RICUP_130126f7ae11,2d504ffd35bf
England,E12000007,E09000027,Richmond upon Thames,RICUP_2656fb161aea,53541556d5ee
England,E12000007,E09000027,Richmond upon Thames,RICUP_8439f121185c,4b127a75958f
England,E12000007,E09000027,Richmond upon Thames,RICUP_a60712757e9f,eafb766d0494
England,E12000007,E09000027,Richmond upon Thames,RICUP_ee812fb914fa,175db2bd1b02
England,E12000007,E09000027,Richmond upon Thames,RICUP_30e6b772903a,475b39b08c04
England,E12000007,E09000027,Richmond upon Thames,RICUP_88656784dc66,d8287d714676
England,E12000007,E09000027,Richmond upon Thames,RICUP_d420656d3f4c,52eedf3a1f2a
England,E12000007,E09000027,Richmond upon Thames,RICUP_c866f76f1272,aba03b4afbdd
England,E12000007,E09000027,Richmond upon Thames,RICUP_cba33d082270,35247ab4c823
England,E12000007,E09000027,Richmond upon Thames,RICUP_93b8b125faa0,8bcc98bd027e
England,E12000007,E09000027,Richmond upon Thames,RICUP_6603be75d839,025fd0fded2a
England,E12000007,E09000027,Richmond upon Thames,RICUP_7f6286a6e949,53fbdcbcdb5e
England,E12000007,E09000027,Richmond upon Thames,RICUP_258e466ffdfa,467ac37d502f
England,E12000007,E09000027,Richmond upon Thames,RICUP_10feaac9e241,167afb5eab1a
England,E12000007,E09000027,Richmond upon Thames,RICUP_80b1be440859,29831eea72ed
England,E12000007,E09000027,Richmond upon Thames,RICUP_069f9683abfb,17c6db01253a
England,E12000007,E09000027,Richmond upon Thames,RICUP_dac1339d5b99,6ec3f6addbbc
England,E12000007,E09000027,Richmond upon Thames,RICUP_bcbea31d8550,53896ce3c81c
England,E12000007,E09000027,Richmond upon Thames,RICUP_f223aacb361e,bbccb915befa
England,E12000007,E09000027,Richmond upon Thames,RICUP_65258ae8ce9a,baeab858d7c4
England,E12000007,E09000027,Richmond upon Thames,RICUP_ffa6b6b2669f,6d3bfd1b54ba
England,E12000007,E09000027,Richmond upon Thames,RICUP_b4e719c3e985,cbca5f32d18d
England,E12000007,E09000027,Richmond upon Thames,RICUP_8e828eb53d9c,207e6ca5ed8d
England,E12000007,E09000027,Richmond upon Thames,RICUP_8700a7e120be,56970c479438
England,E12000007,E09000027,Richmond upon Thames,RICUP_babf0cd97bf7,dd17b03d50e3
England,E12000007,E09000027,Richmond upon Thames,RICUP_c58c1ef4fd6e,b07a36e34fc1
England,E12000007,E09000027,Richmond upon Thames,RICUP_4dec9912d206,77d2e21eca51
England,E12000007,E09000027,Richmond upon Thames,RICUP_9eb0d5dc41b2,c7d45eb9e5f6
England,E12000007,E09000027,Richmond upon Thames,RICUP_6ad9479b0279,2cbd6024f128
England,E12000007,E09000027,Richmond upon Thames,RICUP_50e80c51b48f,47329d347605
England,E12000007,E09000027,Richmond upon Thames,RICUP_7c8ce51f1587,d77b580182c9
England,E12000007,E09000027,Richmond upon Thames,RICUP_6b400b8cd170,eb1c1105f0df
England,E12000007,E09000027,Richmond upon Thames,RICUP_97aebbbb5ceb,2c61bad53c98
England,E12000007,E09000027,Richmond upon Thames,RICUP_ae2e2d17294a,d2d49893b949
England,E12000007,E09000027,Richmond upon Thames,RICUP_b47947ace544,94adee7aa01a
England,E12000007,E09000027,Richmond upon Thames,RICUP_fcb39a140c93,30fe849eb05e
England,E12000007,E09000027,Richmond upon Thames,RICUP_35871450f965,9ce3d17ff5f2
England,E12000007,E09000027,Richmond upon Thames,RICUP_5edd5674c47d,ec47d54de1ac
England,E12000007,E09000027,Richmond upon Thames,RICUP_da89da0ec9d8,eb9b1c046054
England,E12000007,E09000027,Richmond upon Thames,RICUP_7d3802347db6,d298ce9e5f0e
England,E12000007,E09000027,Richmond upon Thames,RICUP_9c63a6c206c9,60704fc78343
England,E12000007,E09000027,Richmond upon Thames,RICUP_3f0e968b882b,6e1e7f666cd3
England,E12000007,E09000027,Richmond upon Thames,RICUP_b2a8bb83d1ee,fa79ad85d368
England,E12000007,E09000027,Richmond upon Thames,RICUP_b37ada3d46d6,d3b27f8d2f72
England,E12000007,E09000027,Richmond upon Thames,RICUP_8bc446a0d9d2,63357703f505
England,E12000007,E09000027,Richmond upon Thames,RICUP_38bb4fece849,da6ab5dd5883
England,E12000007,E09000027,Richmond upon Thames,RICUP_7ee6a026fcbc,df47ca9260b8
England,E12000007,E09000027,Richmond upon Thames,RICUP_593c5475f0ed,ddc8c8f4352b
England,E12000007,E09000027,Richmond upon Thames,RICUP_9e5f66bd13f4,095fe918ab59
England,E12000007,E09000027,Richmond upon Thames,RICUP_412536577d89,d25d29250fba
England,E12000007,E09000027,Richmond upon Thames,RICUP_4595cc02cc8f,3cd9a951d385
England,E12000007,E09000027,Richmond upon Thames,RICUP_b06680e4f956,3df2877085b1
England,E12000007,E09000027,Richmond upon Thames,RICUP_691bee999593,ff7e7d39104c
England,E12000007,E09000027,Richmond upon Thames,RICUP_edc73e349123,f0e966e66015
England,E12000007,E09000027,Richmond upon Thames,RICUP_763c791db115,695622473c96
England,E12000007,E09000027,Richmond upon Thames,RICUP_13e97a76c763,28f5feb68e2d
England,E12000007,E09000027,Richmond upon Thames,RICUP_45356cef3bb3,add845e26f4d
England,E12000007,E09000027,Richmond upon Thames,RICUP_b158819ea6ba,07f6823694d4
England,E12000007,E09000027,Richmond upon Thames,RICUP_879653b3e25d,8b9620824762
England,E12000007,E09000027,Richmond upon Thames,RICUP_80bbe6d30de5,6eb05603745c
England,E12000007,E09000027,Richmond upon Thames,RICUP_d67b17b868dc,aef44cf019f9
England,E12000007,E09000027,Richmond upon Thames,RICUP_857c16ff7113,bdd439b4d23c
England,E12000007,E09000027,Richmond upon Thames,RICUP_b3de51312c7c,789528adebbf
England,E12000007,E09000027,Richmond upon Thames,RICUP_db65d031a05b,9e44aeacad75
England,E12000007,E09000027,Richmond upon Thames,RICUP_aeba10546ac5,24926c9463aa
England,E12000007,E09000027,Richmond upon Thames,RICUP_f486b50a4266,3a2421201aee
England,E12000007,E09000027,Richmond upon Thames,RICUP_3359c214929d,a4cd53cfefac
England,E12000007,E09000027,Richmond upon Thames,RICUP_f46ad043d9cd,dc01234d57e1
England,E12000007,E09000027,Richmond upon Thames,RICUP_489ec6b7c0ab,65825b3b8237
England,E12000007,E09000027,Richmond upon Thames,RICUP_ca42b8c64b21,d8738634ee70
England,E12000007,E09000027,Richmond upon Thames,RICUP_d5a4bcc06802,db9ecaa7dd49
England,E12000007,E09000027,Richmond upon Thames,RICUP_e2ac2eb710d2,978316af21ae
England,E12000007,E09000027,Richmond upon Thames,RICUP_7c7d0c0a0d43,e65ae036818c
England,E12000007,E09000027,Richmond upon Thames,RICUP_2b1c1539d996,d330a57cd55d
England,E12000007,E09000027,Richmond upon Thames,RICUP_d5e713db27e9,54bb08ee9e42
England,E12000007,E09000027,Richmond upon Thames,RICUP_195f393fa02d,7c2f3f3b7de0
England,E12000007,E09000027,Richmond upon Thames,RICUP_8987d8a63352,7828e134e66b
England,E12000007,E09000027,Richmond upon Thames,RICUP_7ce9ecf773bb,db4e5f2fd7d6
England,E12000007,E09000027,Richmond upon Thames,RICUP_efcd223ba122,f4406fd46cd8
England,E12000007,E09000027,Richmond upon Thames,RICUP_d21606b660fe,e29794b6df0b
England,E12000007,E09000027,Richmond upon Thames,RICUP_b8804926084f,812776105b5c
England,E12000007,E09000027,Richmond upon Thames,RICUP_b4116280b403,00b2a6deeb68
England,E12000007,E09000027,Richmond upon Thames,RICUP_a1321df3b31e,dd1b1c671d9f
England,E12000007,E09000027,Richmond upon Thames,RICUP_6ea560d8334b,915aa77926ac
England,E12000007,E09000027,Richmond upon Thames,RICUP_c9ee723e5470,825970f2bfef
England,E12000007,E09000027,Richmond upon Thames,RICUP_cae7d853792b,f2bc5f0c981b
England,E12000007,E09000027,Richmond upon Thames,RICUP_6dd7abdf76aa,403d118914c4
England,E12000007,E09000027,Richmond upon Thames,RICUP_03e706895da4,7a0c2a4399da
England,E12000007,E09000027,Richmond upon Thames,RICUP_31a4cc59d118,ee1606b7d698
England,E12000007,E09000027,Richmond upon Thames,RICUP_1671b0889ddc,6e8e9dc48c33
England,E12000007,E09000027,Richmond upon Thames,RICUP_3810007f399e,47e9bb91dbf9
England,E12000007,E09000027,Richmond upon Thames,RICUP_ba4771ae9436,59e2f299927d
England,E12000007,E09000027,Richmond upon Thames,RICUP_5d8b7bb44718,913718961483
England,E12000007,E09000027,Richmond upon Thames,RICUP_be9f56069bf8,79ac05bbcee4
England,E12000007,E09000027,Richmond upon Thames,RICUP_eb43eaf6b7cd,5add4a7aad33
England,E12000007,E09000027,Richmond upon Thames,RICUP_dea4b7cb22e7,c2328b9ee96b
England,E12000007,E09000027,Richmond upon Thames,RICUP_a320a6ed1db7,164378c20a19
England,E12000007,E09000027,Richmond upon Thames,RICUP_100937f8bbaf,b0a7339db195
England,E12000007,E09000027,Richmond upon Thames,RICUP_5b3a5f37f83d,da86eee963dc
England,E12000007,E09000027,Richmond upon Thames,RICUP_ded507ae5f01,70c1f46e8f52
England,E12000007,E09000027,Richmond upon Thames,RICUP_4994f7c13819,de2a1e43ded3
England,E12000007,E09000027,Richmond upon Thames,RICUP_0f93bbdcf9aa,c6aff6fb170c
England,E12000007,E09000027,Richmond upon Thames,RICUP_4ca029c13b68,cee231e248bc
England,E12000007,E09000027,Richmond upon Thames,RICUP_09349a9b6b90,84dd60abc6a9
England,E12000007,E09000027,Richmond upon Thames,RICUP_fce1349ce853,6252d6c68cfc
England,E12000007,E09000027,Richmond upon Thames,RICUP_7225c12799ac,fef07ba8ecbe
England,E12000007,E09000027,Richmond upon Thames,RICUP_e95cb396dd93,4c1fbf88bd90
England,E12000007,E09000027,Richmond upon Thames,RICUP_98616043d902,d07587cd24c3
England,E12000007,E09000027,Richmond upon Thames,RICUP_eb5461a1b1c1,7cb8caa5ad0f
England,E12000007,E09000027,Richmond upon Thames,RICUP_14597c909476,66d31fdb7729
England,E12000007,E09000027,Richmond upon Thames,RICUP_89150260caf7,c993f485659a
England,E12000007,E09000027,Richmond upon Thames,RICUP_5df5c617d5c8,032deea073da
England,E12000007,E09000027,Richmond upon Thames,RICUP_c0163b5b8d83,c900eb9a9e7d
England,E12000007,E09000027,Richmond upon Thames,RICUP_5e8ed3677f34,1692a66808e7
England,E12000007,E09000027,Richmond upon Thames,RICUP_bea7e924d3a2,b483dfac9439
England,E12000007,E09000027,Richmond upon Thames,RICUP_5ef9502cb34a,49b377904dfa
England,E12000007,E09000027,Richmond upon Thames,RICUP_6ffe88baaa17,69266caa688f
England,E12000007,E09000027,Richmond upon Thames,RICUP_313902273a6c,db51a2cc8c47
England,E12000007,E09000027,Richmond upon Thames,RICUP_7a82a2241c18,3132d26f8841
England,E12000007,E09000027,Richmond upon Thames,RICUP_65d07dd74d78,a833f5972a80
England,E12000007,E09000027,Richmond upon Thames,RICUP_b8390dacdfea,35108ba10895
England,E12000007,E09000027,Richmond upon Thames,RICUP_34e5206baf88,51a5605a056d
England,E12000007,E09000027,Richmond upon Thames,RICUP_ef4227731e9a,a38b9da81560
England,E12000007,E09000027,Richmond upon Thames,RICUP_3d5e154b9140,94b3436cfd1b
England,E12000007,E09000027,Richmond upon Thames,RICUP_647b21063fad,80a50a4cf092
England,E12000007,E09000027,Richmond upon Thames,RICUP_c35f4b148477,e6767c1f9efd
England,E12000007,E09000027,Richmond upon Thames,RICUP_eb6fdee6f7ea,4ae1b9bc7ec4
England,E12000007,E09000027,Richmond upon Thames,RICUP_b987888e694e,945bea7a9653
England,E12000007,E09000027,Richmond upon Thames,RICUP_edd7f101404f,5c27f4a208f9
England,E12000007,E09000027,Richmond upon Thames,RICUP_2685bd302033,299a3b9a4715
England,E12000007,E09000027,Richmond upon Thames,RICUP_083bd24aae4b,db679baebc50
England,E12000007,E09000027,Richmond upon Thames,RICUP_999e036a18b5,5637cf86188e
England,E12000007,E09000027,Richmond upon Thames,RICUP_e45fecc73848,18d28dc90703
England,E12000007,E09000027,Richmond upon Thames,RICUP_c14508ea0e97,09788e81e6ff
England,E12000007,E09000027,Richmond upon Thames,RICUP_34ef18714ac1,dd3a0145742f
England,E12000007,E09000027,Richmond upon Thames,RICUP_2d69f1f5ee00,23a0fc9c4760
England,E12000007,E09000027,Richmond upon Thames,RICUP_1fdf3d08848a,153fb0db1fbc
England,E12000007,E09000027,Richmond upon Thames,RICUP_34c966438017,1d9145e16732
England,E12000007,E09000027,Richmond upon Thames,RICUP_d9e6e40eadd9,2e15633058c6
England,E12000007,E09000027,Richmond upon Thames,RICUP_f92b4a2e28d7,71c3e64fb66d
England,E12000007,E09000027,Richmond upon Thames,RICUP_66ac18f897e6,4a41a80170ed
England,E12000007,E09000027,Richmond upon Thames,RICUP_b0f7d6fc80a4,aeb94f411107
England,E12000007,E09000027,Richmond upon Thames,RICUP_9bfa23ed0c5d,c02ce499f276
England,E12000007,E09000027,Richmond upon Thames,RICUP_db54529b413d,44a98efe2ad5
England,E12000007,E09000027,Richmond upon Thames,RICUP_4faaa85837c1,070db086e76d
England,E12000007,E09000027,Richmond upon Thames,RICUP_15ac5423e861,1e460db9c2b1
England,E12000007,E09000027,Richmond upon Thames,RICUP_b5c61e464759,bb0ca88c7df0
England,E12000007,E09000027,Richmond upon Thames,RICUP_5f776acccb13,144e87f81cbf
England,E12000007,E09000027,Richmond upon Thames,RICUP_b0c1f1a12bc5,8870304a8e36
England,E12000007,E09000027,Richmond upon Thames,RICUP_21065eea5612,aca17e672adc
England,E12000007,E09000027,Richmond upon Thames,RICUP_af039402d8ca,8ce2cc3a64cc
England,E12000007,E09000027,Richmond upon Thames,RICUP_e2ed5743686c,104debd1a9e6
England,E12000007,E09000027,Richmond upon Thames,RICUP_ab211252d449,e1079527aea7
England,E12000007,E09000027,Richmond upon Thames,RICUP_191a01dcb12a,1aee89590fe5
England,E12000007,E09000027,Richmond upon Thames,RICUP_bdec3604311c,600f3a0ad947
England,E12000007,E09000027,Richmond upon Thames,RICUP_0e809dd0c826,26ec8221eda4
England,E12000007,E09000027,Richmond upon Thames,RICUP_ef2f59b5fbd2,8eab49a42083
England,E12000007,E09000027,Richmond upon Thames,RICUP_7a459f19f9dd,1d4c079e28ed
England,E12000007,E09000027,Richmond upon Thames,RICUP_33571a9652a6,3e8eb8f2b8cb
England,E12000007,E09000027,Richmond upon Thames,RICUP_e05b1e069d33,a2359fbbf39a
England,E12000007,E09000027,Richmond upon Thames,RICUP_067c1011d907,49bb8d114625
England,E12000007,E09000027,Richmond upon Thames,RICUP_0cdac5fdf878,634bcd687c96
England,E12000007,E09000027,Richmond upon Thames,RICUP_86a8e92366fe,15997ccb04dc
England,E12000007,E09000027,Richmond upon Thames,RICUP_0740030331f7,255dc9f8a949
England,E12000007,E09000027,Richmond upon Thames,RICUP_eeeeddd78021,9d8a44e69bb2
England,E12000007,E09000027,Richmond upon Thames,RICUP_bd24f98dda0a,d1260def64ac
England,E12000007,E09000027,Richmond upon Thames,RICUP_0a785c23a3b5,752426ed244a
England,E12000007,E09000027,Richmond upon Thames,RICUP_5581bbbe0e5f,da78a2c1e2ad
England,E12000007,E09000027,Richmond upon Thames,RICUP_650bfb3f195e,1615fb3cbe9f
England,E12000007,E09000027,Richmond upon Thames,RICUP_577d7375c8c7,0d8d9c1356a2
England,E12000007,E09000027,Richmond upon Thames,RICUP_ec72817821b1,152a02cf96a3
England,E12000007,E09000027,Richmond upon Thames,RICUP_598d84c3abaf,1678c63b5323
England,E12000007,E09000027,Richmond upon Thames,RICUP_ed7fc262b7e0,6c8e47a6f62b
England,E12000007,E09000027,Richmond upon Thames,RICUP_5c43e25535c3,9471335cbb68
England,E12000007,E09000027,Richmond upon Thames,RICUP_bf43727f6045,172dbd5185c3
England,E12000007,E09000027,Richmond upon Thames,RICUP_7f26218d3aee,7163cedb8893
England,E12000007,E09000027,Richmond upon Thames,RICUP_297f65452bdc,2f4690ce88a2
England,E12000007,E09000027,Richmond upon Thames,RICUP_0cc5adb448d2,3b369514a2d1
England,E12000007,E09000027,Richmond upon Thames,RICUP_3da4a9da57b8,ec1e305a36af
England,E12000007,E09000027,Richmond upon Thames,RICUP_252f2a3cc655,9248a7671482
England,E12000007,E09000027,Richmond upon Thames,RICUP_cf271aa897ac,cbcde1d1e8f6
England,E12000007,E09000027,Richmond upon Thames,RICUP_d1547e4313e0,7b89e6d4d07c
England,E12000007,E09000027,Richmond upon Thames,RICUP_bb5e84faee1b,a45a21547ddb
England,E12000007,E09000027,Richmond upon Thames,RICUP_c1bf6c2632f5,9a30d2e25e2e
England,E12000007,E09000027,Richmond upon Thames,RICUP_3866fe0501be,aa5b715351ee
England,E12000007,E09000027,Richmond upon Thames,RICUP_32b5ce87eaad,edf79b96cac8
England,E12000007,E09000027,Richmond upon Thames,RICUP_7d8eb2dd4a21,1c071cca1e82
England,E12000007,E09000027,Richmond upon Thames,RICUP_f39ad1d0f682,8bca2c4ff627
England,E12000007,E09000027,Richmond upon Thames,RICUP_d553f3e0dd6f,7ffd8114c3a3
England,E12000007,E09000027,Richmond upon Thames,RICUP_fadad9ec5a39,31a0f5a880c7
England,E12000007,E09000027,Richmond upon Thames,RICUP_1171967f99ea,33e89e219368
England,E12000007,E09000027,Richmond upon Thames,RICUP_4eef49d09d2b,dd6e4f8afeb9
England,E12000007,E09000027,Richmond upon Thames,RICUP_3c51ca95e0f2,f4b2fd6a8193
England,E12000007,E09000027,Richmond upon Thames,RICUP_eeaaf16fc2a8,c326e47b7ba3
England,E12000007,E09000027,Richmond upon Thames,RICUP_2b265f86adc8,226cc1852169
England,E12000007,E09000027,Richmond upon Thames,RICUP_db69b2366535,e6ddaa8d22e7
England,E12000007,E09000027,Richmond upon Thames,RICUP_2fa64ef6f44a,b038d6e4861f
England,E12000007,E09000027,Richmond upon Thames,RICUP_8e5694b9bad5,4c352884bba8
England,E12000007,E09000027,Richmond upon Thames,RICUP_ab2cad59e8a3,6c996c11698c
England,E12000007,E09000027,Richmond upon Thames,RICUP_f452121adc6c,e75d153ace1a
England,E12000007,E09000027,Richmond upon Thames,RICUP_39c856e14062,155c197207b1
England,E12000007,E09000027,Richmond upon Thames,RICUP_31e5c3d8af46,d8dfb802144f
England,E12000007,E09000027,Richmond upon Thames,RICUP_0b36e9a0cfd7,2ae04baf2d04
England,E12000007,E09000027,Richmond upon Thames,RICUP_6939b8389aae,966b6cc2f0ee
England,E12000007,E09000027,Richmond upon Thames,RICUP_d17251407d25,6fa4970df3ac
England,E12000007,E09000027,Richmond upon Thames,RICUP_855b0a5ae02d,304647556e60
England,E12000007,E09000027,Richmond upon Thames,RICUP_8334bce1aa09,08beaff7acf3
England,E12000007,E09000027,Richmond upon Thames,RICUP_7d020fcd5b18,350bb20faf33
England,E12000007,E09000027,Richmond upon Thames,RICUP_f36898b546e3,a727fbe3d5ff
England,E12000007,E09000027,Richmond upon Thames,RICUP_954dbf9b5c64,211436255c2d
England,E12000007,E09000027,Richmond upon Thames,RICUP_d6d5b28df796,01b92ec3fa29
England,E12000007,E09000027,Richmond upon Thames,RICUP_c357c6e15700,e92e63ae331c
England,E12000007,E09000027,Richmond upon Thames,RICUP_728b57d0e647,49785849d96e
England,E12000007,E09000027,Richmond upon Thames,RICUP_e2ad38dbecc0,49f69be6f045
England,E12000007,E09000027,Richmond upon Thames,RICUP_a5abc78b8553,b676ac879a5d
England,E12000007,E09000027,Richmond upon Thames,RICUP_8b0a33085fe6,031250675f9d
England,E12000007,E09000027,Richmond upon Thames,RICUP_2732f20cf852,f5c891ba6533
England,E12000007,E09000027,Richmond upon Thames,RICUP_788f55425ea9,4d80578da3e4
England,E12000007,E09000027,Richmond upon Thames,RICUP_d2b69534affb,e7a1e8b95999
England,E12000007,E09000027,Richmond upon Thames,RICUP_91f0bd71f8d4,77eef30db566
England,E12000007,E09000027,Richmond upon Thames,RICUP_063c94cc7806,1c731ec8d037
England,E12000007,E09000027,Richmond upon Thames,RICUP_e86c61646b3d,ff87eff444eb
England,E12000007,E09000027,Richmond upon Thames,RICUP_fe0104574d2c,95396ca0229c
England,E12000007,E09000027,Richmond upon Thames,RICUP_878ce686fed4,9cebe05e2abb
England,E12000007,E09000027,Richmond upon Thames,RICUP_3727fd03ab9b,d231a5867514
England,E12000007,E09000027,Richmond upon Thames,RICUP_b752dde70c82,57577e3d15bf
England,E12000007,E09000027,Richmond upon Thames,RICUP_62a963c4c292,3ac6fcf4f0c6
England,E12000007,E09000027,Richmond upon Thames,RICUP_49efea3a0a2b,1a560c7e06b1
England,E12000007,E09000027,Richmond upon Thames,RICUP_5065628fcfc4,db110e177c63
England,E12000007,E09000027,Richmond upon Thames,RICUP_152fb09b13d4,3e7c1f0ec0cd
England,E12000007,E09000027,Richmond upon Thames,RICUP_8e079348047e,c85dc354b0ee
England,E12000007,E09000027,Richmond upon Thames,RICUP_af62522d53e2,b43bda9a7ac0
England,E12000007,E09000027,Richmond upon Thames,RICUP_e44a72ce41f1,120ac6981deb
England,E12000007,E09000027,Richmond upon Thames,RICUP_0c57ac7c00fa,0526475b2212
England,E12000007,E09000027,Richmond upon Thames,RICUP_a6f9c0a1121e,ba2703109556
England,E12000007,E09000027,Richmond upon Thames,RICUP_2c53b7ac3a44,0c1548fc62fc
England,E12000007,E09000027,Richmond upon Thames,RICUP_8b13868ac00e,fcfc67ef2145
England,E12000007,E09000027,Richmond upon Thames,RICUP_77d6e7102978,a61528fca42c
England,E12000007,E09000027,Richmond upon Thames,RICUP_9b13914abcfc,0f0956dbb34c
England,E12000007,E09000027,Richmond upon Thames,RICUP_4da569800d37,23e90f24fe38
England,E12000007,E09000027,Richmond upon Thames,RICUP_d61c3e13ac0b,cef67e1b67f9
England,E12000007,E09000027,Richmond upon Thames,RICUP_5ad594b638ba,a02311c389ce
England,E12000007,E09000027,Richmond upon Thames,RICUP_53dbfffc574c,dcace428567b
England,E12000007,E09000027,Richmond upon Thames,RICUP_c914192bee00,b1c14148b051
England,E12000007,E09000027,Richmond upon Thames,RICUP_35d753ece96f,49f414b2e123
England,E12000007,E09000027,Richmond upon Thames,RICUP_da799ce0675d,8a6534182431
England,E12000007,E09000027,Richmond upon Thames,RICUP_77332c42ee84,1ef41cc6c876
England,E12000007,E09000027,Richmond upon Thames,RICUP_18cb99d9b6c3,1164a0eedbad
England,E12000007,E09000027,Richmond upon Thames,RICUP_92dd437fe35d,a5cc3ca17eba
England,E12000007,E09000027,Richmond upon Thames,RICUP_3bcd8e5aea72,45632693caf1
England,E12000007,E09000027,Richmond upon Thames,RICUP_7b3b446fd486,f6b1541c9c9a
England,E12000007,E09000027,Richmond upon Thames,RICUP_051220918ee0,d683acf3df46
England,E12000007,E09000027,Richmond upon Thames,RICUP_309ee72da002,6755f800994e
England,E12000007,E09000027,Richmond upon Thames,RICUP_b5dd19a044b3,2baffe1ca2c2
England,E12000007,E09000027,Richmond upon Thames,RICUP_7d83eb1a1b1c,82989d4331a6
England,E12000007,E09000027,Richmond upon Thames,RICUP_94c953299e95,e2d685666160
England,E12000007,E09000027,Richmond upon Thames,RICUP_f74d9321f81c,75d3373ff1b2
England,E12000007,E09000027,Richmond upon Thames,RICUP_0db1f1d27cf6,44ba0db7ae1a
England,E12000007,E09000027,Richmond upon Thames,RICUP_3db8511bfaa5,37fc6fb45bc3
England,E12000007,E09000027,Richmond upon Thames,RICUP_39f7bb810a19,72bb37b24511
England,E12000007,E09000027,Richmond upon Thames,RICUP_e5e2d7ffbefd,e9ff339b0594
England,E12000007,E09000027,Richmond upon Thames,RICUP_2d1b766a312b,6288764fbfc4
England,E12000007,E09000027,Richmond upon Thames,RICUP_6cbc7440ad86,51baedc23c38
England,E12000007,E09000027,Richmond upon Thames,RICUP_a7add1790be5,c7285ff795ca
England,E12000007,E09000027,Richmond upon Thames,RICUP_64f9cb47e3a8,741d2f59c133
England,E12000007,E09000027,Richmond upon Thames,RICUP_bba64fb0da70,8df3f8645a0a
England,E12000007,E09000027,Richmond upon Thames,RICUP_38219f57d4a5,a4baf00a7139
England,E12000007,E09000027,Richmond upon Thames,RICUP_6c522bcf66a4,aee08d4c0418
England,E12000007,E09000027,Richmond upon Thames,RICUP_f136adc839ff,4184c9c1f609
England,E12000007,E09000027,Richmond upon Thames,RICUP_19bfec38f871,26e6b74b4edc
England,E12000007,E09000027,Richmond upon Thames,RICUP_51de92f01ff9,35500576db94
England,E12000007,E09000027,Richmond upon Thames,RICUP_e89dd6c51967,28db6ebbee26
England,E12000007,E09000027,Richmond upon Thames,RICUP_30d48b1c73a4,467d37e3689a
England,E12000007,E09000027,Richmond upon Thames,RICUP_5a3c2205ac38,6d15b72a177d
England,E12000007,E09000027,Richmond upon Thames,RICUP_4a45e45fa133,72335f34654a
England,E12000007,E09000027,Richmond upon Thames,RICUP_5e6d3f355e5e,cea098e694fa
England,E12000007,E09000027,Richmond upon Thames,RICUP_4ffdb82fba8a,576075c877a5
England,E12000007,E09000027,Richmond upon Thames,RICUP_e0ea9aa8d65d,fb942f65e3b0
England,E12000007,E09000027,Richmond upon Thames,RICUP_e11ceb0c0cf6,3e7e17948bc9
England,E12000007,E09000027,Richmond upon Thames,RICUP_9b18e2f610b7,dada0d1d30b3
England,E12000007,E09000027,Richmond upon Thames,RICUP_29de7a7dd8af,06230ebdde44
England,E12000007,E09000027,Richmond upon Thames,RICUP_9d5ed48475d4,8578426ffcbf
England,E12000007,E09000027,Richmond upon Thames,RICUP_422e6738320d,d459bbd8363e
England,E12000007,E09000027,Richmond upon Thames,RICUP_c4a3ce9cfded,65c6d8863e3a
England,E12000007,E09000027,Richmond upon Thames,RICUP_0dacac5ae78a,2d6398372d97
England,E12000007,E09000027,Richmond upon Thames,RICUP_a6be032d8d4f,e46c0d66fd25
England,E12000007,E09000027,Richmond upon Thames,RICUP_6bc0f066bb72,da7db24d98b7
England,E12000007,E09000027,Richmond upon Thames,RICUP_cfed9b16efb7,e658256dd5a4
England,E12000007,E09000027,Richmond upon Thames,RICUP_f71285fe76c0,4589fbd91523
England,E12000007,E09000027,Richmond upon Thames,RICUP_5ea0c865df6a,f39581b63ed4
England,E12000007,E09000027,Richmond upon Thames,RICUP_7cb2e9244cb2,cc10325de11e
England,E12000007,E09000027,Richmond upon Thames,RICUP_8ea28cb17d0d,3123e32d85ce
England,E12000007,E09000027,Richmond upon Thames,RICUP_bde5d4555b10,5d79a6f599b1
England,E12000007,E09000027,Richmond upon Thames,RICUP_6fe15aa2042f,39b2df3b47ec
England,E12000007,E09000027,Richmond upon Thames,RICUP_e45a4ba22bbb,cc52d2556228
England,E12000007,E09000027,Richmond upon Thames,RICUP_b26182045206,545740755128
England,E12000007,E09000027,Richmond upon Thames,RICUP_82577c7b6224,92997f6002b1
England,E12000007,E09000027,Richmond upon Thames,RICUP_4bb08a661d6e,87c49c4add16
England,E12000007,E09000027,Richmond upon Thames,RICUP_a2a69789cfed,b368e56f4357
England,E12000007,E09000027,Richmond upon Thames,RICUP_bbee03734398,7b5e14a8553c
England,E12000007,E09000027,Richmond upon Thames,RICUP_ce5ebb58a743,91c60debc209
England,E12000007,E09000027,Richmond upon Thames,RICUP_ab4ac6e2906c,3cab47418b5a
England,E12000007,E09000027,Richmond upon Thames,RICUP_6b601bfe24e8,d9bae7852072
England,E12000007,E09000027,Richmond upon Thames,RICUP_39f5f7925052,b15ffbbf21df
England,E12000007,E09000027,Richmond upon Thames,RICUP_e3c48f28aece,f7d589c4343e
England,E12000007,E09000027,Richmond upon Thames,RICUP_65590299183a,e82dab18336d
England,E12000007,E09000027,Richmond upon Thames,RICUP_3a926bca0cd8,d30cb96a9ebf
England,E12000007,E09000027,Richmond upon Thames,RICUP_b869ff7210a5,b212eacf0ffc
England,E12000007,E09000027,Richmond upon Thames,RICUP_09de6d8a066b,70970d47ecde
England,E12000007,E09000027,Richmond upon Thames,RICUP_2fe1fdcab7cd,838e6dbe75f2
England,E12000007,E09000027,Richmond upon Thames,RICUP_83267514a3b5,684a0f62e196
England,E12000007,E09000027,Richmond upon Thames,RICUP_dbac10324a73,cf575c52f686
England,E12000007,E09000027,Richmond upon Thames,RICUP_fea18281d108,fc74b9c419dd
England,E12000007,E09000027,Richmond upon Thames,RICUP_d69e5515cee5,e25416ee38ed
England,E12000007,E09000027,Richmond upon Thames,RICUP_0d79dcd837e0,4c4393c3f7e4
England,E12000007,E09000027,Richmond upon Thames,RICUP_6196575556ab,67f27c38f506
England,E12000007,E09000027,Richmond upon Thames,RICUP_f424ca95fd9b,6c0973a4f136
England,E12000007,E09000027,Richmond upon Thames,RICUP_88ef1e4e6e02,79fd392b36db
England,E12000007,E09000027,Richmond upon Thames,RICUP_b85366963bdc,f4a81cdfde98
England,E12000007,E09000027,Richmond upon Thames,RICUP_cf36a898745d,8a1bce9c1b64
England,E12000007,E09000027,Richmond upon Thames,RICUP_75fdaf3b8741,26097e76e99a
England,E12000007,E09000027,Richmond upon Thames,RICUP_4f032d754f72,b2d4c78755fe
England,E12000007,E09000027,Richmond upon Thames,RICUP_ed6e751241cb,fdc2de6bfa29
England,E12000007,E09000027,Richmond upon Thames,RICUP_49396c07a746,a6a071ce0aa3
England,E12000007,E09000027,Richmond upon Thames,RICUP_529996cfb66a,0112348d6e6e
England,E12000007,E09000027,Richmond upon Thames,RICUP_642aad4e2209,be5d82cad8b6
England,E12000007,E09000027,Richmond upon Thames,RICUP_5a4dcd1a34d9,e51b79b2f3e5
England,E12000007,E09000027,Richmond upon Thames,RICUP_92e029a317ac,25cf9ce14beb
England,E12000007,E09000027,Richmond upon Thames,RICUP_ec5b156a6a7d,eb5a86ea25ff
England,E12000007,E09000027,Richmond upon Thames,RICUP_1871031fe4b9,8c31024d87fd
England,E12000007,E09000027,Richmond upon Thames,RICUP_5c26f5721f37,a827eb465253
England,E12000007,E09000027,Richmond upon Thames,RICUP_e3c104a4a79b,84c5d55de5a0
England,E12000007,E09000027,Richmond upon Thames,RICUP_67d91d7d62c5,d50669c14121
England,E12000007,E09000027,Richmond upon Thames,RICUP_54e38e508610,b0b949d2d038
England,E12000007,E09000027,Richmond upon Thames,RICUP_38877e2109fe,dc54a08df0b3
England,E12000007,E09000027,Richmond upon Thames,RICUP_8ea53678831f,bc4716e85fee
England,E12000007,E09000027,Richmond upon Thames,RICUP_fedabc236542,903b6cf39462
England,E12000007,E09000027,Richmond upon Thames,RICUP_cd9e04733c2a,8d4f277aeab5
England,E12000007,E09000027,Richmond upon Thames,RICUP_366cae224684,30b75754f191
England,E12000007,E09000027,Richmond upon Thames,RICUP_f9eae4c2d0eb,d2d3f8f19229
England,E12000007,E09000027,Richmond upon Thames,RICUP_2c6fa1aba4ea,f09b78ccc00c
England,E12000007,E09000027,Richmond upon Thames,RICUP_095de059639d,d56d5eff011c
England,E12000007,E09000027,Richmond upon Thames,RICUP_8690ee9d6eb5,cebd695dda86
England,E12000007,E09000027,Richmond upon Thames,RICUP_c2a8e99e88ee,a25cad108216
England,E12000007,E09000027,Richmond upon Thames,RICUP_4d1c4ecd3806,97dfe9b08b6b
England,E12000007,E09000027,Richmond upon Thames,RICUP_18ec53f9f986,98b8c0bd1e3a
England,E12000007,E09000027,Richmond upon Thames,RICUP_5176090c9131,fcffee3b0052
England,E12000007,E09000027,Richmond upon Thames,RICUP_1d28ef197cd3,d1431d9c7fc7
England,E12000007,E09000027,Richmond upon Thames,RICUP_3ace6a6b84ca,b91f31d16248
England,E12000007,E09000027,Richmond upon Thames,RICUP_6f70008a8580,88126e9a0a53
England,E12000007,E09000027,Richmond upon Thames,RICUP_ee9ec6791074,67c15888fedf
England,E12000007,E09000027,Richmond upon Thames,RICUP_a901d769542a,33900402cfbe
England,E12000007,E09000027,Richmond upon Thames,RICUP_0d711e575878,89859e3db111
England,E12000007,E09000027,Richmond upon Thames,RICUP_c3075e13a5a8,d013b7dab378
England,E12000007,E09000027,Richmond upon Thames,RICUP_54da019740f0,3aadd4df0f1b
England,E12000007,E09000027,Richmond upon Thames,RICUP_d12d1e20933f,933db1ac2688
England,E12000007,E09000027,Richmond upon Thames,RICUP_3d8b88d8b6cc,2c70efd54977
England,E12000007,E09000027,Richmond upon Thames,RICUP_c757c1f566a6,e1e8899bd08a
England,E12000007,E09000027,Richmond upon Thames,RICUP_fb11667ae92f,5d047d72bbc5
England,E12000007,E09000027,Richmond upon Thames,RICUP_4292c819f98f,97bd119668d4
England,E12000007,E09000027,Richmond upon Thames,RICUP_ea92e45c434e,e99173f4e497
England,E12000007,E09000027,Richmond upon Thames,RICUP_2060e99c6ddc,c4676fd2a0b3
England,E12000007,E09000027,Richmond upon Thames,RICUP_92f8a31305c5,3944699bf503
England,E12000007,E09000027,Richmond upon Thames,RICUP_12399411b0fd,988e127eb408
England,E12000007,E09000027,Richmond upon Thames,RICUP_51877508e0b4,f50cbc8384ad
England,E12000007,E09000027,Richmond upon Thames,RICUP_c535ee6aebe2,67b7c3238796
England,E12000007,E09000027,Richmond upon Thames,RICUP_b0e58a85d28f,5cf34fe1f55f
England,E12000007,E09000027,Richmond upon Thames,RICUP_36afe601df2c,79794834b91e
England,E12000007,E09000027,Richmond upon Thames,RICUP_fd2666d5900e,135aaeb36b90
England,E12000007,E09000027,Richmond upon Thames,RICUP_6b8fff186015,6d42cd96f0eb
England,E12000007,E09000027,Richmond upon Thames,RICUP_6de8913ad2ea,088ea5920f5f
England,E12000007,E09000027,Richmond upon Thames,RICUP_9aadf9e8b9e0,64ce6a246b36
England,E12000007,E09000027,Richmond upon Thames,RICUP_3f8e1039313f,f1cd411a625a
England,E12000007,E09000027,Richmond upon Thames,RICUP_9d0f2b617a76,4ac2e796cec0
England,E12000007,E09000027,Richmond upon Thames,RICUP_5a5346390e78,e37ea5bc809f
England,E12000007,E09000027,Richmond upon Thames,RICUP_393251812906,af2c2f1fa404
England,E12000007,E09000027,Richmond upon Thames,RICUP_0f0f9a3963c6,3ba11a139838
England,E12000007,E09000027,Richmond upon Thames,RICUP_5b30bc409334,74bba56410a2
England,E12000007,E09000027,Richmond upon Thames,RICUP_6ceb711da49c,ab97442b096d
England,E12000007,E09000027,Richmond upon Thames,RICUP_330042bf203a,17c48516fe78
England,E12000007,E09000027,Richmond upon Thames,RICUP_6b7d4c872aa1,ed03beaf1173
England,E12000007,E09000027,Richmond upon Thames,RICUP_2fe5a26396be,cf8d505a2408
England,E12000007,E09000027,Richmond upon Thames,RICUP_cfc06594d868,9aeb27827859
England,E12000007,E09000027,Richmond upon Thames,RICUP_2d5f227db086,8e49324bb9a2
England,E12000007,E09000027,Richmond upon Thames,RICUP_20a81ac02e23,017f71c71b41
England,E12000007,E09000027,Richmond upon Thames,RICUP_a8874bec8393,3360f80c7371
England,E12000007,E09000027,Richmond upon Thames,RICUP_3089141734ab,e1b5d6028e2a
England,E12000007,E09000027,Richmond upon Thames,RICUP_428fce4a5fb8,280a928a2715
England,E12000007,E09000027,Richmond upon Thames,RICUP_2e339ddbdc90,06ac671b87b0
England,E12000007,E09000027,Richmond upon Thames,RICUP_74d98aabb11d,17e290153b55
England,E12000007,E09000027,Richmond upon Thames,RICUP_305bf69b10c5,1b95fc9f44f0
England,E12000007,E09000027,Richmond upon Thames,RICUP_d362784a9a31,6339506a5689
England,E12000007,E09000027,Richmond upon Thames,RICUP_42a4db9a7ee4,f560c93f8e7a
England,E12000007,E09000027,Richmond upon Thames,RICUP_805db1e3f36e,151f288d75ea
England,E12000007,E09000027,Richmond upon Thames,RICUP_e69fb5b445fb,905647383a1d
England,E12000007,E09000027,Richmond upon Thames,RICUP_08bafb4c3edc,6cbabdefef0b
England,E12000007,E09000027,Richmond upon Thames,RICUP_06cf1d548a88,6096e6bb5a33
England,E12000007,E09000027,Richmond upon Thames,RICUP_885e47a23581,0b1807f66a3c
England,E12000007,E09000027,Richmond upon Thames,RICUP_44afea12dfe5,051a301e27ca
England,E12000007,E09000027,Richmond upon Thames,RICUP_bee60ddc6e24,a4ccbf59cc7a
England,E12000007,E09000027,Richmond upon Thames,RICUP_268f1e300beb,bc40d97086e5
England,E12000007,E09000027,Richmond upon Thames,RICUP_0414f5d26df3,791704dcf291
England,E12000007,E09000027,Richmond upon Thames,RICUP_472e5761a7ca,71124d8f96f3
England,E12000007,E09000027,Richmond upon Thames,RICUP_bd79ab884733,660055ac4ad9
England,E12000007,E09000027,Richmond upon Thames,RICUP_72347b015750,c73e560d3d90
England,E12000007,E09000027,Richmond upon Thames,RICUP_133a5fa0792e,acefce454e71
England,E12000007,E09000027,Richmond upon Thames,RICUP_f07d3586e6bd,3bdea908366d
England,E12000007,E09000027,Richmond upon Thames,RICUP_a9f623391672,60d057334fd6
England,E12000007,E09000027,Richmond upon Thames,RICUP_73563667fb4a,240828aeea0a
England,E12000007,E09000027,Richmond upon Thames,RICUP_ad20c138aada,a209d19f49dd
England,E12000007,E09000027,Richmond upon Thames,RICUP_692fa3fff287,911efa832ce9
England,E12000007,E09000027,Richmond upon Thames,RICUP_d201ddf2dd5a,a4349a517046
England,E12000007,E09000027,Richmond upon Thames,RICUP_ea449213afad,4884dbe81a41
England,E12000007,E09000027,Richmond upon Thames,RICUP_942f9a23cdd5,049cca822d4f
England,E12000007,E09000027,Richmond upon Thames,RICUP_91eb54ff3467,29f03436304c
England,E12000007,E09000027,Richmond upon Thames,RICUP_4525add63ac6,6c7cac2d6790
England,E12000007,E09000027,Richmond upon Thames,RICUP_d0df5e0b8424,2c290f5ca1f2
England,E12000007,E09000027,Richmond upon Thames,RICUP_8f27d57f1bb9,1f2defcff759
England,E12000007,E09000027,Richmond upon Thames,RICUP_eab592753ef1,d67af008ce5f
England,E12000007,E09000027,Richmond upon Thames,RICUP_18b2b5b0d1a7,954a8f94a783
England,E12000007,E09000027,Richmond upon Thames,RICUP_6659c47fa4ae,eb6a3211f697
England,E12000007,E09000027,Richmond upon Thames,RICUP_ab83432b676b,deab4f1d7b84
England,E12000007,E09000027,Richmond upon Thames,RICUP_e40056a75967,53b6166bb918
England,E12000007,E09000027,Richmond upon Thames,RICUP_d4d29d898d2f,7585e6f727ab
England,E12000007,E09000027,Richmond upon Thames,RICUP_7499ce1f987e,3c9d77af2353
England,E12000007,E09000027,Richmond upon Thames,RICUP_251c9d342a1a,e4242d4fca16
England,E12000007,E09000027,Richmond upon Thames,RICUP_6822d73cb474,4a535a22a6be
England,E12000007,E09000027,Richmond upon Thames,RICUP_50522193dafd,5dcff85fa0a6
England,E12000007,E09000027,Richmond upon Thames,RICUP_3ae37b5e25c9,ecc0faa9a569
England,E12000007,E09000027,Richmond upon Thames,RICUP_0347a9dc3680,8d8f31c4cfea
England,E12000007,E09000027,Richmond upon Thames,RICUP_7fd5477f4ce2,0e51b7790931
England,E12000007,E09000027,Richmond upon Thames,RICUP_6d406338c0d3,3cfb7d49d9fb
England,E12000007,E09000027,Richmond upon Thames,RICUP_9d3a0e6cf801,6d727da618ee
England,E12000007,E09000027,Richmond upon Thames,RICUP_833c087e4f02,f5d3a93fcaa7
England,E12000007,E09000027,Richmond upon Thames,RICUP_c237c8353d70,9101d808e66a
England,E12000007,E09000027,Richmond upon Thames,RICUP_1c77f36b0a1e,b061fe2c1434
England,E12000007,E09000027,Richmond upon Thames,RICUP_605deb144e10,dee92fffd118
England,E12000007,E09000027,Richmond upon Thames,RICUP_f7017b70e2d2,8e54969ae41a
England,E12000007,E09000027,Richmond upon Thames,RICUP_ee827a06ed0b,6bf97148b3a3
England,E12000007,E09000027,Richmond upon Thames,RICUP_47ce7fb0f27b,fc87c29bfe9d
England,E12000007,E09000027,Richmond upon Thames,RICUP_ee417a4f2fdd,4e098057ca70
England,E12000007,E09000027,Richmond upon Thames,RICUP_0b84a2a1b671,65ef39fdb547
England,E12000007,E09000027,Richmond upon Thames,RICUP_1ad37f70f446,c191629e6d2c
England,E12000007,E09000027,Richmond upon Thames,RICUP_8abbfc7ff6d5,96d44cb69516
England,E12000007,E09000027,Richmond upon Thames,RICUP_e1ca8fe13d85,8517e41740f8
England,E12000007,E09000027,Richmond upon Thames,RICUP_675aae3fd63c,e6c66e5ee34b
England,E12000007,E09000027,Richmond upon Thames,RICUP_3795772d1f6c,fce240265193
England,E12000007,E09000027,Richmond upon Thames,RICUP_10ac85b53286,738d923dfd88
England,E12000007,E09000027,Richmond upon Thames,RICUP_1ba2be924b81,1cb90ec6a60c
England,E12000007,E09000027,Richmond upon Thames,RICUP_22bd77d7308f,f9ddb80d84d5
England,E12000007,E09000027,Richmond upon Thames,RICUP_bee6f30c1e64,488baf161e23
England,E12000007,E09000027,Richmond upon Thames,RICUP_a22b576f85da,e66f554aba6a
England,E12000007,E09000027,Richmond upon Thames,RICUP_fcce0e014354,cb8e34a6e8db
England,E12000007,E09000027,Richmond upon Thames,RICUP_4df14951b03e,a7e138b390c3
England,E12000007,E09000027,Richmond upon Thames,RICUP_8323bf91a805,a911ec3708d7
England,E12000007,E09000027,Richmond upon Thames,RICUP_f69b04172e81,969bd0ac3e1a
England,E12000007,E09000027,Richmond upon Thames,RICUP_b29cc3cf114c,c76e0033f186
England,E12000007,E09000027,Richmond upon Thames,RICUP_d6e396050d9b,2911a99d2ba7
England,E12000007,E09000027,Richmond upon Thames,RICUP_12ddb1facb23,08717f45c6b2
England,E12000007,E09000027,Richmond upon Thames,RICUP_74d16a8b773a,da7aa63598d9
England,E12000007,E09000027,Richmond upon Thames,RICUP_dd1da33303bd,7af0e6e0680a
England,E12000007,E09000027,Richmond upon Thames,RICUP_b09d282269dd,a98ec26cb6c6
England,E12000007,E09000027,Richmond upon Thames,RICUP_8e19ebdd2e06,9090ebcd4e20
England,E12000007,E09000027,Richmond upon Thames,RICUP_6a443c7de54c,bab00e0b945d
England,E12000007,E09000027,Richmond upon Thames,RICUP_afc50711d6cf,be4edfee83da
England,E12000007,E09000027,Richmond upon Thames,RICUP_f7643bc5b2d5,d36c38a23f35
England,E12000007,E09000027,Richmond upon Thames,RICUP_204668bd7ca7,461f4be69be2
England,E12000007,E09000027,Richmond upon Thames,RICUP_ba903a47231a,7eb49181e09a
England,E12000007,E09000027,Richmond upon Thames,RICUP_10572bec239c,a2494a6c1ce9
England,E12000007,E09000027,Richmond upon Thames,RICUP_300e96a365e6,b38a8a42bef3
England,E12000007,E09000027,Richmond upon Thames,RICUP_13642757f29b,eaf14f15ce08
England,E12000007,E09000027,Richmond upon Thames,RICUP_7baaeff05cf6,460315d46238
England,E12000007,E09000027,Richmond upon Thames,RICUP_2109c1e7bd3d,4d589075b666
England,E12000007,E09000027,Richmond upon Thames,RICUP_25ae88a3f5aa,bcd240c042ef
England,E12000007,E09000027,Richmond upon Thames,RICUP_2cda81533d6b,8d4045261bb5
England,E12000007,E09000027,Richmond upon Thames,RICUP_79be4ec168fa,63a68440a6ee
England,E12000007,E09000027,Richmond upon Thames,RICUP_453fe7ad589f,fb2fb05d5a26
England,E12000007,E09000027,Richmond upon Thames,RICUP_5154be76fe18,bce096e26777
England,E12000007,E09000027,Richmond upon Thames,RICUP_213ee3fdba63,dd113c11df7b
England,E12000007,E09000027,Richmond upon Thames,RICUP_c9ca6e0e4927,f574f5b6f0cb
England,E12000007,E09000027,Richmond upon Thames,RICUP_fc298d93e52b,d2997c37254e
England,E12000007,E09000027,Richmond upon Thames,RICUP_6441af840b74,c92aba50f033
England,E12000007,E09000027,Richmond upon Thames,RICUP_51e7e8ac308f,a2afc225c6ee
England,E12000007,E09000027,Richmond upon Thames,RICUP_161decceeee9,d5841e45305f
England,E12000007,E09000027,Richmond upon Thames,RICUP_a7caa003ad30,a0b8422c58f8
England,E12000007,E09000027,Richmond upon Thames,RICUP_1363aa7125e3,477947de6a1c
England,E12000007,E09000027,Richmond upon Thames,RICUP_8eb9c9363814,8dc59d8ceba2
England,E12000007,E09000027,Richmond upon Thames,RICUP_3283d6a08469,6247166aaf84
England,E12000007,E09000027,Richmond upon Thames,RICUP_3eb59b6d6119,75b85782fb25
England,E12000007,E09000027,Richmond upon Thames,RICUP_a69b79929fd4,00365cb74a81
England,E12000007,E09000027,Richmond upon Thames,RICUP_5fbf5f8b8619,a90c7cebd1f5
England,E12000007,E09000027,Richmond upon Thames,RICUP_1fe0b834dbaa,8bce24c09c48
England,E12000007,E09000027,Richmond upon Thames,RICUP_e688131ae8ad,447459cb2681
England,E12000007,E09000027,Richmond upon Thames,RICUP_8e8b8c60e004,96d63387c13d
England,E12000007,E09000027,Richmond upon Thames,RICUP_1cb673cb3277,65a563c17f06
England,E12000007,E09000027,Richmond upon Thames,RICUP_848c5f4a1784,9e8123be456a
England,E12000007,E09000027,Richmond upon Thames,RICUP_4fb85fe3d1c3,6c4f66cc9452
England,E12000007,E09000027,Richmond upon Thames,RICUP_fb7ca6f003eb,35d8dbb48f1b
England,E12000007,E09000027,Richmond upon Thames,RICUP_8bcb9e109036,cca75b118764
England,E12000007,E09000027,Richmond upon Thames,RICUP_787a65132232,7a5df9ec5898
England,E12000007,E09000027,Richmond upon Thames,RICUP_be7e5f31afaa,e8f822d36b58
England,E12000007,E09000027,Richmond upon Thames,RICUP_da530ab0aa4f,4b69d81f8ae5
England,E12000007,E09000027,Richmond upon Thames,RICUP_d32360d117cd,d6a2c5b65c72
England,E12000007,E09000027,Richmond upon Thames,RICUP_8ffd4588db21,aa7571443b0b
England,E12000007,E09000027,Richmond upon Thames,RICUP_0b1620bcc8f4,5b2a0a407839
England,E12000007,E09000027,Richmond upon Thames,RICUP_45af16b6866c,ed90b210bbd3
England,E12000007,E09000027,Richmond upon Thames,RICUP_d7e91b2a5ea5,86e7c91cad70
England,E12000007,E09000027,Richmond upon Thames,RICUP_6a4a4f0f75b1,718a17931abe
England,E12000007,E09000027,Richmond upon Thames,RICUP_4914c6fc8681,78530d9e0da0
England,E12000007,E09000027,Richmond upon Thames,RICUP_8c31e0ea04e0,3366b7ceab08
England,E12000007,E09000027,Richmond upon Thames,RICUP_59a8b52ab022,4bf8ded168ea
England,E12000007,E09000027,Richmond upon Thames,RICUP_3b5b3cbd5d45,eb3f97642eba
England,E12000007,E09000027,Richmond upon Thames,RICUP_706bc5081362,b2e02f3f9d7c
England,E12000007,E09000027,Richmond upon Thames,RICUP_83a986079d7d,08b785b8d5f8
England,E12000007,E09000027,Richmond upon Thames,RICUP_a9154f4903e8,ca1ff6d69491
England,E12000007,E09000027,Richmond upon Thames,RICUP_4864d41f72df,4c48990b8606
England,E12000007,E09000027,Richmond upon Thames,RICUP_81e7a1f536c9,4b4131365eda
England,E12000007,E09000027,Richmond upon Thames,RICUP_357cf306235e,f261b5594b87
England,E12000007,E09000027,Richmond upon Thames,RICUP_475165fa48ae,93fa5b7a9a33
England,E12000007,E09000027,Richmond upon Thames,RICUP_9a52d5f74e03,2518213dc5e5
England,E12000007,E09000027,Richmond upon Thames,RICUP_c01531d3ff15,4efb678b7bde
England,E12000007,E09000027,Richmond upon Thames,RICUP_0c46313c014e,47a8a5bfeb93
England,E12000007,E09000027,Richmond upon Thames,RICUP_c1fac2dc5b98,e5271152adee
England,E12000007,E09000027,Richmond upon Thames,RICUP_eab210a6b178,9136f53e5976
England,E12000007,E09000027,Richmond upon Thames,RICUP_83812826b999,97a1560e3388
England,E12000007,E09000027,Richmond upon Thames,RICUP_9c36ba457a53,e50415e63b5e
England,E12000007,E09000027,Richmond upon Thames,RICUP_f3b09830b58f,edb17b68b38d
England,E12000007,E09000027,Richmond upon Thames,RICUP_e0acbd62733e,515b9c3011db
England,E12000007,E09000027,Richmond upon Thames,RICUP_c12b70507179,65d834648a98
England,E12000007,E09000027,Richmond upon Thames,RICUP_4239e0861805,176806af9e1e
England,E12000007,E09000027,Richmond upon Thames,RICUP_d1ebd320b3d2,2ac10ffe63a7
England,E12000007,E09000027,Richmond upon Thames,RICUP_d03aee931df1,4f3ae7ee2c5c
England,E12000007,E09000027,Richmond upon Thames,RICUP_2de60ded0e53,9981b734d3ab
England,E12000007,E09000027,Richmond upon Thames,RICUP_6d2aac05e59d,d93e72a967e6
England,E12000007,E09000027,Richmond upon Thames,RICUP_d9644390ad68,e3125712b77f
England,E12000007,E09000027,Richmond upon Thames,RICUP_54fdb4fc97b2,8534844cc6a9
England,E12000007,E09000027,Richmond upon Thames,RICUP_98e1efa36468,e0efec457a05
England,E12000007,E09000027,Richmond upon Thames,RICUP_848996e17a4c,c745369cbedc
England,E12000007,E09000027,Richmond upon Thames,RICUP_acb1c24d6867,4ef2c400c86e
England,E12000007,E09000027,Richmond upon Thames,RICUP_5bfd335b8b62,6bf5ef6328bc
England,E12000007,E09000027,Richmond upon Thames,RICUP_07099e2ff984,3f0566650b01
England,E12000007,E09000027,Richmond upon Thames,RICUP_5b9c23805516,80945db33e62
England,E12000007,E09000027,Richmond upon Thames,RICUP_61881c9c6c79,1558a293f9f9
England,E12000007,E09000027,Richmond upon Thames,RICUP_9082046f0248,507607b39629
England,E12000007,E09000027,Richmond upon Thames,RICUP_4cf7a2325e00,4ed5f3258560
England,E12000007,E09000027,Richmond upon Thames,RICUP_10c4996f9b1a,64cd9d858736
England,E12000007,E09000027,Richmond upon Thames,RICUP_5559484beb9f,54e3aaa14149
England,E12000007,E09000027,Richmond upon Thames,RICUP_8e90a5dd1f31,8a297e4c2d57
England,E12000007,E09000027,Richmond upon Thames,RICUP_8049a42e23b3,45d290a6dfec
England,E12000007,E09000027,Richmond upon Thames,RICUP_f2cf6bcb8d3c,a5c2daf14692
England,E12000007,E09000027,Richmond upon Thames,RICUP_77b080700519,f580052e9894
England,E12000007,E09000027,Richmond upon Thames,RICUP_1106d97f562e,15a79ff27939
England,E12000007,E09000027,Richmond upon Thames,RICUP_614889a07170,85a669418d63
England,E12000007,E09000027,Richmond upon Thames,RICUP_8bf343b032de,700a18a53400
England,E12000007,E09000027,Richmond upon Thames,RICUP_c3dccb2ebed8,09bb5d1903b4
England,E12000007,E09000027,Richmond upon Thames,RICUP_e506462d5288,c2d471fc9e72
England,E12000007,E09000027,Richmond upon Thames,RICUP_e715721731df,e8d91675ab03
England,E12000007,E09000027,Richmond upon Thames,RICUP_9cdc102d0ac9,b46ed5974d2e
England,E12000007,E09000027,Richmond upon Thames,RICUP_ac809a24bbfc,aa536f898ea1
England,E12000007,E09000027,Richmond upon Thames,RICUP_805675e063d9,1e758e881c83
England,E12000007,E09000027,Richmond upon Thames,RICUP_3925cc43771f,788b2b80cb1c
England,E12000007,E09000027,Richmond upon Thames,RICUP_b0eaa3854604,1c4ec2c7986a
England,E12000007,E09000027,Richmond upon Thames,RICUP_5a5eb8cc2f26,87394227ac38
England,E12000007,E09000027,Richmond upon Thames,RICUP_04da34b1c5dd,550505f5974a
England,E12000007,E09000027,Richmond upon Thames,RICUP_c279893212b9,8b846dc9f331
England,E12000007,E09000027,Richmond upon Thames,RICUP_d24df8f263f2,13464f85cb49
England,E12000007,E09000027,Richmond upon Thames,RICUP_86b6baee8650,899435f173b1
England,E12000007,E09000027,Richmond upon Thames,RICUP_780193417b8b,c61dced0bc26
England,E12000007,E09000027,Richmond upon Thames,RICUP_e2147af5db84,c29474ba75e7
England,E12000007,E09000027,Richmond upon Thames,RICUP_2641b751b3f8,e710c67ab1d0
England,E12000007,E09000027,Richmond upon Thames,RICUP_43b483824ab3,5e37efa5f461
England,E12000007,E09000027,Richmond upon Thames,RICUP_720053f47a31,fff351263df7
England,E12000007,E09000027,Richmond upon Thames,RICUP_f1637dd77da6,7ee425d42024
England,E12000007,E09000027,Richmond upon Thames,RICUP_c4c9a7f7e2d3,a012c287e7ae
England,E12000007,E09000027,Richmond upon Thames,RICUP_2ebbe2c33299,4b2ef1e32410
England,E12000007,E09000027,Richmond upon Thames,RICUP_61bf22ed0738,18f6cfeda194
England,E12000007,E09000027,Richmond upon Thames,RICUP_1e4a64285d3e,88fa21298550
England,E12000007,E09000027,Richmond upon Thames,RICUP_154989780311,ebcff4a86ba3
England,E12000007,E09000027,Richmond upon Thames,RICUP_e8c4357cff3b,ab853a181e5f
England,E12000007,E09000027,Richmond upon Thames,RICUP_bf2f098b5637,028369664f6b
England,E12000007,E09000027,Richmond upon Thames,RICUP_67b0d27f93f8,a5b0a2908cea
England,E12000007,E09000027,Richmond upon Thames,RICUP_d680c0749931,938f32fb6e8c
England,E12000007,E09000027,Richmond upon Thames,RICUP_c7989d2de8b2,7e365e210925
England,E12000007,E09000027,Richmond upon Thames,RICUP_6fc581b42982,851da3cce763
England,E12000007,E09000027,Richmond upon Thames,RICUP_8cf9f74b28c2,63dcd736a5d7
England,E12000007,E09000027,Richmond upon Thames,RICUP_c3fdcf4baaab,d1da622bdc89
England,E12000007,E09000027,Richmond upon Thames,RICUP_2d38ff9cc0fc,dea04ee5333d
England,E12000007,E09000027,Richmond upon Thames,RICUP_878c90a74a8d,2df1c159216f
England,E12000007,E09000027,Richmond upon Thames,RICUP_3628cc3effc3,ec55318b8d44
England,E12000007,E09000027,Richmond upon Thames,RICUP_5c18af9c9d54,5c3421638cb6
England,E12000007,E09000027,Richmond upon Thames,RICUP_dc1e7c23d586,d94d01bdbfbf
England,E12000007,E09000027,Richmond upon Thames,RICUP_cbaeca4c9ea4,48a5f9ac4a74
England,E12000007,E09000027,Richmond upon Thames,RICUP_6465d40f08a2,ee4c2ffd1cf3
England,E12000007,E09000027,Richmond upon Thames,RICUP_49a946340c7d,482d9b53049c
England,E12000007,E09000027,Richmond upon Thames,RICUP_49ff01f7cbd1,4ee6b73a7b9e
England,E12000007,E09000027,Richmond upon Thames,RICUP_a245626f1a91,de4ca64a9aa9
England,E12000007,E09000027,Richmond upon Thames,RICUP_de034264bbe7,278c34213adc
England,E12000007,E09000027,Richmond upon Thames,RICUP_e7e3c5360496,64a4bd06742c
England,E12000007,E09000027,Richmond upon Thames,RICUP_589c10efc780,07f17ab07286
England,E12000007,E09000027,Richmond upon Thames,RICUP_48a15a6c4181,987398fadfb5
England,E12000007,E09000027,Richmond upon Thames,RICUP_2263c9d82acd,efde69182a0d
England,E12000007,E09000027,Richmond upon Thames,RICUP_e1dd148b20a9,ab7b0e049f0f
England,E12000007,E09000027,Richmond upon Thames,RICUP_bb5c7d063a2b,8e895578d378
England,E12000007,E09000027,Richmond upon Thames,RICUP_5d922176e60d,a72cb8808336
England,E12000007,E09000027,Richmond upon Thames,RICUP_4b857d9c9825,2a397a022bd4
England,E12000007,E09000027,Richmond upon Thames,RICUP_da121a3f59e4,ef775b30825c
England,E12000007,E09000027,Richmond upon Thames,RICUP_1ac4addb1747,75db9da84838
England,E12000007,E09000027,Richmond upon Thames,RICUP_062b10c2c5ce,c544ec20cd65
England,E12000007,E09000027,Richmond upon Thames,RICUP_63e8dcc6c320,9f804205b3f3
England,E12000007,E09000027,Richmond upon Thames,RICUP_ffb1d70f9320,46f834441610
England,E12000007,E09000027,Richmond upon Thames,RICUP_82150ef5cdf4,534bc3ac1b4c
England,E12000007,E09000027,Richmond upon Thames,RICUP_4bcc4d6fe62a,5a23d91ed815
England,E12000007,E09000027,Richmond upon Thames,RICUP_1c58bca4d0c4,dad367d8e09e
England,E12000007,E09000027,Richmond upon Thames,RICUP_2c9ca96a60aa,010be7b96483
England,E12000007,E09000027,Richmond upon Thames,RICUP_f78c8554c2df,ee4309920376
England,E12000007,E09000027,Richmond upon Thames,RICUP_d140b9812bac,f2c10220424e
England,E12000007,E09000027,Richmond upon Thames,RICUP_6f375253eb99,ba158cffb996
England,E12000007,E09000027,Richmond upon Thames,RICUP_2d366a38d52b,57eabc3899db
England,E12000007,E09000027,Richmond upon Thames,RICUP_fda195d939e2,c9ee07a3c41f
England,E12000007,E09000027,Richmond upon Thames,RICUP_dfb393400edf,373e337d4a2e
England,E12000007,E09000027,Richmond upon Thames,RICUP_280de61da64e,dbb36089ba87
England,E12000007,E09000027,Richmond upon Thames,RICUP_04c7fdbeee50,23a7d252452a
England,E12000007,E09000027,Richmond upon Thames,RICUP_d13f6ba91c9b,ae86f3ea76aa
England,E12000007,E09000027,Richmond upon Thames,RICUP_8da0fd6a8569,6b9d13ae7dfc
England,E12000007,E09000027,Richmond upon Thames,RICUP_81cb8ceba815,6fe33f5f72fc
England,E12000007,E09000027,Richmond upon Thames,RICUP_cf3b2b7de9ee,b5a9379e2dc1
England,E12000007,E09000027,Richmond upon Thames,RICUP_0eba3bd302b7,3234299098ee
England,E12000007,E09000027,Richmond upon Thames,RICUP_9b451cfd6a0e,ad96d71e0b06
England,E12000007,E09000027,Richmond upon Thames,RICUP_542dda43f04d,8c8a91a594dd
England,E12000007,E09000027,Richmond upon Thames,RICUP_a8cf4ecbc110,822c48f44e4b
England,E12000007,E09000027,Richmond upon Thames,RICUP_ed6581a5753c,ff286e1abda9
England,E12000007,E09000027,Richmond upon Thames,RICUP_d60977bd350b,eb60499f4c71
England,E12000007,E09000027,Richmond upon Thames,RICUP_9a6b190aa567,36895088f3ba
England,E12000007,E09000027,Richmond upon Thames,RICUP_21b944364bdb,a65352deb98f
England,E12000007,E09000027,Richmond upon Thames,RICUP_b4ffaf9628ac,03e362b03dc0
England,E12000007,E09000027,Richmond upon Thames,RICUP_74a838477dfd,2354018b891b
England,E12000007,E09000027,Richmond upon Thames,RICUP_91cb98024c40,be679ddc4308
England,E12000007,E09000027,Richmond upon Thames,RICUP_6a94e5124386,c6db08e08f3a
England,E12000007,E09000027,Richmond upon Thames,RICUP_2f624dfab923,20360746cd75
England,E12000007,E09000027,Richmond upon Thames,RICUP_7426fd58a658,02e510a5b8b7
England,E12000007,E09000027,Richmond upon Thames,RICUP_20fbefdb5f04,4d2829403724
England,E12000007,E09000027,Richmond upon Thames,RICUP_77d6f441de19,602dbf97d4a6
England,E12000007,E09000027,Richmond upon Thames,RICUP_edf2af5af490,b2cd36800c2d
England,E12000007,E09000027,Richmond upon Thames,RICUP_2ed4c9b35b81,9532bd91722c
England,E12000007,E09000027,Richmond upon Thames,RICUP_ec07331e792b,2f496a8cd2a5
England,E12000007,E09000027,Richmond upon Thames,RICUP_b014a893df67,5ed579a7a126
England,E12000007,E09000027,Richmond upon Thames,RICUP_5d3b183626cf,7b641acbd39a
England,E12000007,E09000027,Richmond upon Thames,RICUP_634131b45388,e0840ddb2697
England,E12000007,E09000027,Richmond upon Thames,RICUP_73bcae9d8251,93519026d40d
England,E12000007,E09000027,Richmond upon Thames,RICUP_b8f6e9cf447e,df0b8b241599
England,E12000007,E09000027,Richmond upon Thames,RICUP_2c42773ff1a9,6e40641ec01b
England,E12000007,E09000027,Richmond upon Thames,RICUP_0dd1a7f3c2fc,de011edab84c
England,E12000007,E09000027,Richmond upon Thames,RICUP_34c814ecba78,4c9eb6bf9098
England,E12000007,E09000027,Richmond upon Thames,RICUP_bdeac876c019,e81a77939c6a
England,E12000007,E09000027,Richmond upon Thames,RICUP_4fcb0c9b0125,962c2aa7b4f3
England,E12000007,E09000027,Richmond upon Thames,RICUP_39f3c9e8e205,65dc3d6d6be5
England,E12000007,E09000027,Richmond upon Thames,RICUP_a8001eed6178,c11a36cca837
England,E12000007,E09000027,Richmond upon Thames,RICUP_7a354eb49b68,550907e2f5af
England,E12000007,E09000027,Richmond upon Thames,RICUP_818e0b7d03b7,c59f6280db54
England,E12000007,E09000027,Richmond upon Thames,RICUP_ae7e25fd64d8,da5176c10ac2
England,E12000007,E09000027,Richmond upon Thames,RICUP_0823ec5b96c2,9897065b7908
England,E12000007,E09000027,Richmond upon Thames,RICUP_854c6a17a8d4,5c986188481e
England,E12000007,E09000027,Richmond upon Thames,RICUP_68679dbbca1a,295f402715d7
England,E12000007,E09000027,Richmond upon Thames,RICUP_76725427283c,d3dc3e9d0e3f
England,E12000007,E09000027,Richmond upon Thames,RICUP_70e4344faa2e,e06a4784e026
England,E12000007,E09000027,Richmond upon Thames,RICUP_358d03bf613a,dbd28e6c305f
England,E12000007,E09000027,Richmond upon Thames,RICUP_663b15a93200,0c3c7360ab37
England,E12000007,E09000027,Richmond upon Thames,RICUP_197579d3f89d,df4678f81ad7
England,E12000007,E09000027,Richmond upon Thames,RICUP_159d4b062870,b73429f1d4bd
England,E12000007,E09000027,Richmond upon Thames,RICUP_93a951453f93,f8c28dad055d
England,E12000007,E09000027,Richmond upon Thames,RICUP_c5dde382e182,89782764314a
England,E12000007,E09000027,Richmond upon Thames,RICUP_db7e6795f27f,f84cae26e074
England,E12000007,E09000027,Richmond upon Thames,RICUP_42ad8bd8b245,4adf75fcf44f
England,E12000007,E09000027,Richmond upon Thames,RICUP_05a38e887505,3e013f8d9520
England,E12000007,E09000027,Richmond upon Thames,RICUP_0dad506451f9,55e8eb894cea
England,E12000007,E09000027,Richmond upon Thames,RICUP_dd5d4b19698e,f39abeae322a
England,E12000007,E09000027,Richmond upon Thames,RICUP_e8676dc95e24,5d2ba53267b6
England,E12000007,E09000027,Richmond upon Thames,RICUP_e05136184988,b7f0a1f8f224
England,E12000007,E09000027,Richmond upon Thames,RICUP_839f28af1174,5d529a049d83
England,E12000007,E09000027,Richmond upon Thames,RICUP_5601d8000a66,2f3b5384d53c
England,E12000007,E09000027,Richmond upon Thames,RICUP_5dbcdbd66a47,d016c600ce88
England,E12000007,E09000027,Richmond upon Thames,RICUP_e59357e81b69,4664365b306d
England,E12000007,E09000027,Richmond upon Thames,RICUP_6a828e6dfb01,1e51783e139e
England,E12000007,E09000027,Richmond upon Thames,RICUP_0da4c7f7e545,09519f201967
England,E12000007,E09000027,Richmond upon Thames,RICUP_dfbb3a502427,dbfa836cb208
England,E12000007,E09000027,Richmond upon Thames,RICUP_8ab1e3964f0b,d8ce703e3552
England,E12000007,E09000027,Richmond upon Thames,RICUP_34b4d69d4868,9f80fdad4ab4
England,E12000007,E09000027,Richmond upon Thames,RICUP_a11187f44b30,7255b82a3c0f
England,E12000007,E09000027,Richmond upon Thames,RICUP_04e1c4ee4cf6,ac3a4674ac47
England,E12000007,E09000027,Richmond upon Thames,RICUP_a5a07bf3e53c,cc00a2208a21
England,E12000007,E09000027,Richmond upon Thames,RICUP_c5f56049fe1a,562e12c7ad6f
England,E12000007,E09000027,Richmond upon Thames,RICUP_119a5c3fef18,b4e9105967e9
England,E12000007,E09000027,Richmond upon Thames,RICUP_a5cc20aa0fd1,0aeef295a120
England,E12000007,E09000027,Richmond upon Thames,RICUP_13c2d6a8575c,051801e99381
England,E12000007,E09000027,Richmond upon Thames,RICUP_34223e7bb329,2867ffc9e4ca
England,E12000007,E09000027,Richmond upon Thames,RICUP_c184760f8de1,177e4d07519d
England,E12000007,E09000027,Richmond upon Thames,RICUP_eeb022da97eb,81ffdfebad59
England,E12000007,E09000027,Richmond upon Thames,RICUP_89632f8ab733,146a148c216a
England,E12000007,E09000027,Richmond upon Thames,RICUP_21b6ad1b814e,62a58428f369
England,E12000007,E09000027,Richmond upon Thames,RICUP_8e7547b5bd30,6a796f082faf
England,E12000007,E09000027,Richmond upon Thames,RICUP_4e8ed8d54880,cf54d177a972
England,E12000007,E09000027,Richmond upon Thames,RICUP_155ff028e7f4,38a9f937b91a
England,E12000007,E09000027,Richmond upon Thames,RICUP_5bb5588f788a,311fd6c3b7dd
England,E12000007,E09000027,Richmond upon Thames,RICUP_d516624f14ac,bd441824fd4d
England,E12000007,E09000027,Richmond upon Thames,RICUP_c6ab3798764e,23c90352c588
England,E12000007,E09000027,Richmond upon Thames,RICUP_8d28c5e27d19,da1782834287
England,E12000007,E09000027,Richmond upon Thames,RICUP_1a64eddba8c9,d852763c7f2f
England,E12000007,E09000027,Richmond upon Thames,RICUP_a239e7a69c6e,a73eacbe85ae
England,E12000007,E09000027,Richmond upon Thames,RICUP_df00d4293483,44e7b1986ca4
England,E12000007,E09000027,Richmond upon Thames,RICUP_ad5671cb00fe,338003c05694
England,E12000007,E09000027,Richmond upon Thames,RICUP_a118938241e9,e131e5b644f2
England,E12000007,E09000027,Richmond upon Thames,RICUP_f269c20caeb5,325dd2a1eff3
England,E12000007,E09000027,Richmond upon Thames,RICUP_2458cb01ba7e,cb6e15dd3a9f
England,E12000007,E09000027,Richmond upon Thames,RICUP_49bfca04cbe3,9d5d0b55c7d8
England,E12000007,E09000027,Richmond upon Thames,RICUP_d6a5aec54801,02eb43293d3b
England,E12000007,E09000027,Richmond upon Thames,RICUP_5e1ecfd8875c,d9544df8f3ad
England,E12000007,E09000027,Richmond upon Thames,RICUP_073e39e34b18,9e6a0c1a565f
England,E12000007,E09000027,Richmond upon Thames,RICUP_149928ebda59,ba1e85b5e1b8
England,E12000007,E09000027,Richmond upon Thames,RICUP_3b70bf914680,4edd3cd30f0e
England,E12000007,E09000027,Richmond upon Thames,RICUP_77ec8d1dc059,3e80b11943d4
England,E12000007,E09000027,Richmond upon Thames,RICUP_9efba137ff9e,6a06a0cccba9
England,E12000007,E09000027,Richmond upon Thames,RICUP_d8585669b05c,70c2d89a9031
England,E12000007,E09000027,Richmond upon Thames,RICUP_e8b5374c0568,1b5fee847b73
England,E12000007,E09000027,Richmond upon Thames,RICUP_d4436351fd8e,0c1ee6c23fd6
England,E12000007,E09000027,Richmond upon Thames,RICUP_13c55d77afbd,96be1d55b2dd
England,E12000007,E09000027,Richmond upon Thames,RICUP_99454d5273ad,8133d40f38bd
England,E12000007,E09000027,Richmond upon Thames,RICUP_d9ac706a9ef3,1b77384254ab
England,E12000007,E09000027,Richmond upon Thames,RICUP_c16a5033ce9b,903a02497a03
England,E12000007,E09000027,Richmond upon Thames,RICUP_8d8d9e5875d9,1ff304fe6c71
England,E12000007,E09000027,Richmond upon Thames,RICUP_0c2fb7713544,c77cf8d97475
England,E12000007,E09000027,Richmond upon Thames,RICUP_73ccc3396374,c8122cb2386c
England,E12000007,E09000027,Richmond upon Thames,RICUP_a3e8431df15b,bc8b0baef493
England,E12000007,E09000027,Richmond upon Thames,RICUP_b74e79407942,54b131620bf4
England,E12000007,E09000027,Richmond upon Thames,RICUP_164b77136a28,629a70cf15ca
England,E12000007,E09000027,Richmond upon Thames,RICUP_71caa850667b,adb2579e8104
England,E12000007,E09000027,Richmond upon Thames,RICUP_36b97f917eda,a24c0f0279be
England,E12000007,E09000027,Richmond upon Thames,RICUP_93107c2049cb,8d7b356f50a9
England,E12000007,E09000027,Richmond upon Thames,RICUP_054e6e04b304,c1e2edbccd69
England,E12000007,E09000027,Richmond upon Thames,RICUP_5d8fc18e9f8e,e9da9e7294c7
England,E12000007,E09000027,Richmond upon Thames,RICUP_2339455927a6,8c5a590c9f70
England,E12000007,E09000027,Richmond upon Thames,RICUP_1ccd5cbcdc66,6af257606ecb
England,E12000007,E09000027,Richmond upon Thames,RICUP_fefb4a128646,f5b3a5fe2686
England,E12000007,E09000027,Richmond upon Thames,RICUP_d1bfdfb3bde9,89f9a1ae3869
England,E12000007,E09000027,Richmond upon Thames,RICUP_ee90804a3077,90a2afc0af8f
England,E12000007,E09000027,Richmond upon Thames,RICUP_217e2cd9aa92,7576f4a6a69e
England,E12000007,E09000027,Richmond upon Thames,RICUP_ee5db8567041,90313de000db
England,E12000007,E09000027,Richmond upon Thames,RICUP_f646ca14c14a,974153347ba3
England,E12000007,E09000027,Richmond upon Thames,RICUP_4c4e591380ef,af333ca2bb39
England,E12000007,E09000027,Richmond upon Thames,RICUP_128974bf0788,0b18d85c10ba
England,E12000007,E09000027,Richmond upon Thames,RICUP_9a14974889e4,db5d1431db07
England,E12000007,E09000027,Richmond upon Thames,RICUP_ef4d421dae82,4fb6fbfb34c3
England,E12000007,E09000027,Richmond upon Thames,RICUP_2f5d6dfbabe8,d939dc72e5e0
England,E12000007,E09000027,Richmond upon Thames,RICUP_a5684efd32ef,3867898cad4a
England,E12000007,E09000027,Richmond upon Thames,RICUP_1b0983a19c5c,e2f026db3bc9
England,E12000007,E09000027,Richmond upon Thames,RICUP_46fb57517b8e,2024f32f7c69
England,E12000007,E09000027,Richmond upon Thames,RICUP_ccf231fd7834,d9d5bb082d4e
England,E12000007,E09000027,Richmond upon Thames,RICUP_d4f2c27e8691,06dbe85cadd4
England,E12000007,E09000027,Richmond upon Thames,RICUP_d9a7636d073b,ae179978310c
England,E12000007,E09000027,Richmond upon Thames,RICUP_5b92993fbba8,25f5ed1127c7
England,E12000007,E09000027,Richmond upon Thames,RICUP_e4a7346f3e5a,8b8a584233df
England,E12000007,E09000027,Richmond upon Thames,RICUP_0fad05d45a45,1769b474e8d5
England,E12000007,E09000027,Richmond upon Thames,RICUP_8519b8d0df52,05d3dfc6e2d5
England,E12000007,E09000027,Richmond upon Thames,RICUP_0de7ba25b3bb,9a2ec8cb6031
England,E12000007,E09000027,Richmond upon Thames,RICUP_e42f4c829632,51279db588f7
England,E12000007,E09000027,Richmond upon Thames,RICUP_7fbff82d960d,d7777aaacc8e
England,E12000007,E09000027,Richmond upon Thames,RICUP_4635cf9cbda6,d277bdc78f0f
England,E12000007,E09000027,Richmond upon Thames,RICUP_d04f7b23e4f9,d3aa5e7aee82
England,E12000007,E09000027,Richmond upon Thames,RICUP_f730aa0fb1a1,247bbba2abad
England,E12000007,E09000027,Richmond upon Thames,RICUP_e714b51e349d,586707afae3e
England,E12000007,E09000027,Richmond upon Thames,RICUP_965e6f7fdd1f,e3c803163d6c
England,E12000007,E09000027,Richmond upon Thames,RICUP_6939c9cc5ccb,7ea6f6575d22
England,E12000007,E09000027,Richmond upon Thames,RICUP_7397fd38a595,02e42203069a
England,E12000007,E09000027,Richmond upon Thames,RICUP_7a7ce5dee29d,101aae080a55
England,E12000007,E09000027,Richmond upon Thames,RICUP_c46f64672fe3,f1cdc9945615
England,E12000007,E09000027,Richmond upon Thames,RICUP_84816e2a7e03,77eb6a5fdbdd
England,E12000007,E09000027,Richmond upon Thames,RICUP_34c308ca50e9,029b3a05715b
England,E12000007,E09000027,Richmond upon Thames,RICUP_b8ee163c77d8,1866141ede5f
England,E12000007,E09000027,Richmond upon Thames,RICUP_d0c615dbe541,f66436003457
England,E12000007,E09000027,Richmond upon Thames,RICUP_13e653215041,543fbac455fc
England,E12000007,E09000027,Richmond upon Thames,RICUP_cdf3ebf0f5f9,3a1b15ca347e
England,E12000007,E09000027,Richmond upon Thames,RICUP_54f43f66ca05,4180f09009a2
England,E12000007,E09000027,Richmond upon Thames,RICUP_950d18521831,89064e083d36
England,E12000007,E09000027,Richmond upon Thames,RICUP_6dcf2a5b798c,3cdbc8321d92
England,E12000007,E09000027,Richmond upon Thames,RICUP_ec494c1f69e6,aaf02a3a2751
England,E12000007,E09000027,Richmond upon Thames,RICUP_754abc8221d2,6f8728b32113
England,E12000007,E09000027,Richmond upon Thames,RICUP_3b36e1d3eaf5,67beeb3824a5
England,E12000007,E09000027,Richmond upon Thames,RICUP_e1040243c0f5,e5fb1460d2e2
England,E12000007,E09000027,Richmond upon Thames,RICUP_e9a0fee77ecb,09f8581e7139
England,E12000007,E09000027,Richmond upon Thames,RICUP_02b2acf8eea5,1d3e1d8ef769
England,E12000007,E09000027,Richmond upon Thames,RICUP_c1900eae1d51,3593559a1eb5
England,E12000007,E09000027,Richmond upon Thames,RICUP_03021c2c2215,f1a63aa687d1
England,E12000007,E09000027,Richmond upon Thames,RICUP_416b4319d786,e2e60f6bcd71
England,E12000007,E09000027,Richmond upon Thames,RICUP_18cb1e8c877c,5c1a609e0936
England,E12000007,E09000027,Richmond upon Thames,RICUP_f34098095a03,2914c3e9e924
England,E12000007,E09000027,Richmond upon Thames,RICUP_92531ee8d9d7,d9d24fe660c1
England,E12000007,E09000027,Richmond upon Thames,RICUP_6b53fd14d705,1ed6df9a3c90
England,E12000007,E09000027,Richmond upon Thames,RICUP_1bc5f63b9a8e,0893d784b472
England,E12000007,E09000027,Richmond upon Thames,RICUP_6503e7a37588,551101d94062
England,E12000007,E09000027,Richmond upon Thames,RICUP_e5060b65ab32,f422bd596527
England,E12000007,E09000027,Richmond upon Thames,RICUP_23c658fbf0d0,2945d9004b51
England,E12000007,E09000027,Richmond upon Thames,RICUP_a745087c6ac9,b5eb0b5d52b8
England,E12000007,E09000027,Richmond upon Thames,RICUP_286bb05a221c,3e5db774251f
England,E12000007,E09000027,Richmond upon Thames,RICUP_2f8fcf11661d,112b7d708fe9
England,E12000007,E09000027,Richmond upon Thames,RICUP_99fc4fcb7f53,1e16bc38a698
England,E12000007,E09000027,Richmond upon Thames,RICUP_9d6447ca10da,23e6e2bb38b0
England,E12000007,E09000027,Richmond upon Thames,RICUP_91e67664bd8c,1fa52a7a54c0
England,E12000007,E09000027,Richmond upon Thames,RICUP_dc147333497d,f0da8f3cc8f2
England,E12000007,E09000027,Richmond upon Thames,RICUP_9117a8168896,72d30c181a35
England,E12000007,E09000027,Richmond upon Thames,RICUP_16de9e4e2156,064e263abfee
England,E12000007,E09000027,Richmond upon Thames,RICUP_ad0d1725c4cf,ac1acfba5fb3
England,E12000007,E09000027,Richmond upon Thames,RICUP_61a061281edd,583d6875da88
England,E12000007,E09000027,Richmond upon Thames,RICUP_3a7e7ef5f277,0f6edf6be3d3
England,E12000007,E09000027,Richmond upon Thames,RICUP_f9b4e5b644cb,bdbcacfcb53c
England,E12000007,E09000027,Richmond upon Thames,RICUP_acc1dbf944a6,9f30632c4289
England,E12000007,E09000027,Richmond upon Thames,RICUP_3466a903a5fb,73e752c692f2
England,E12000007,E09000027,Richmond upon Thames,RICUP_55d63df3edfd,6248491083a9
England,E12000007,E09000027,Richmond upon Thames,RICUP_753b58b247e9,df712a32470e
England,E12000007,E09000027,Richmond upon Thames,RICUP_a37350e37dfc,f0a504a18815
England,E12000007,E09000027,Richmond upon Thames,RICUP_185adca159e9,76f779341ec5
England,E12000007,E09000027,Richmond upon Thames,RICUP_b17a3e3e6164,e76f36fcffb2
England,E12000007,E09000027,Richmond upon Thames,RICUP_2d6aa856044a,644ff5a1627d
England,E12000007,E09000027,Richmond upon Thames,RICUP_65a7e0f1e114,e91d590f4d10
England,E12000007,E09000027,Richmond upon Thames,RICUP_8ea215a7bcbe,8525b6fcbb15
England,E12000007,E09000027,Richmond upon Thames,RICUP_a7efacea54a7,b9e9e8c30b25
England,E12000007,E09000027,Richmond upon Thames,RICUP_529160897b7e,c4e31543017d
England,E12000007,E09000027,Richmond upon Thames,RICUP_29d1096f6042,489e8bd58462
England,E12000007,E09000027,Richmond upon Thames,RICUP_6da3058fa198,fcaac4721d66
England,E12000007,E09000027,Richmond upon Thames,RICUP_f374e5f51a69,5e44410de4e4
England,E12000007,E09000027,Richmond upon Thames,RICUP_e77ce4882e90,480a546be76a
England,E12000007,E09000027,Richmond upon Thames,RICUP_2807dfea94fc,76cc65f8e4cb
England,E12000007,E09000027,Richmond upon Thames,RICUP_0c02fd835140,1d6295dfd4e9
England,E12000007,E09000027,Richmond upon Thames,RICUP_777efee144b1,a30187a91b37
England,E12000007,E09000027,Richmond upon Thames,RICUP_0155f08787e6,5859eb42ba42
England,E12000007,E09000027,Richmond upon Thames,RICUP_1adde6689048,51ef120138aa
England,E12000007,E09000027,Richmond upon Thames,RICUP_ce285fa2d76c,431f7293b597
England,E12000007,E09000027,Richmond upon Thames,RICUP_d5315884d1ae,81964cad64a5
England,E12000007,E09000027,Richmond upon Thames,RICUP_2bd96ddef592,7b512bd1e180
England,E12000007,E09000027,Richmond upon Thames,RICUP_428182b7c825,aadd692fd6f8
England,E12000007,E09000027,Richmond upon Thames,RICUP_82c656e508fd,ee09f9447371
England,E12000007,E09000027,Richmond upon Thames,RICUP_b1e5f45789f4,40a78c4fa495
England,E12000007,E09000027,Richmond upon Thames,RICUP_ddf59d894e51,40f51108e32d
England,E12000007,E09000027,Richmond upon Thames,RICUP_4b2fd195e0f5,f38419cd0ba0
England,E12000007,E09000027,Richmond upon Thames,RICUP_ac48b31bb744,9fae78a51307
England,E12000007,E09000027,Richmond upon Thames,RICUP_5d7ceaf52e63,e05fb931870a
England,E12000007,E09000027,Richmond upon Thames,RICUP_9ac24fce7119,4f56fa7e69b1
England,E12000007,E09000027,Richmond upon Thames,RICUP_6e90571a5921,1031597b8b29
England,E12000007,E09000027,Richmond upon Thames,RICUP_bd201dec8c5b,cd440b887872
England,E12000007,E09000027,Richmond upon Thames,RICUP_059e01fce24d,4511857f204b
England,E12000007,E09000027,Richmond upon Thames,RICUP_c1932fa4954e,11309a8ff45c
England,E12000007,E09000027,Richmond upon Thames,RICUP_cfded2b78efb,51a72905ab67
England,E12000007,E09000027,Richmond upon Thames,RICUP_9f15f88ccd19,f3f7361c4444
England,E12000007,E09000027,Richmond upon Thames,RICUP_acb7254bc376,6ed497ac674f
England,E12000007,E09000027,Richmond upon Thames,RICUP_f3fb797a692a,e788bcd02cbb
England,E12000007,E09000027,Richmond upon Thames,RICUP_b0f91c1a6148,a65c6fcd4134
England,E12000007,E09000027,Richmond upon Thames,RICUP_d06ef32853a9,6d29d09edc16
England,E12000007,E09000027,Richmond upon Thames,RICUP_87f8b274b7da,e61695b0b5b3
England,E12000007,E09000027,Richmond upon Thames,RICUP_4c8aaf816fe9,bf7bd0dc7ede
England,E12000007,E09000027,Richmond upon Thames,RICUP_a29f8b5341ea,a60543fa87a9
England,E12000007,E09000027,Richmond upon Thames,RICUP_31d9cf8b417e,f970bfd7577f
England,E12000007,E09000027,Richmond upon Thames,RICUP_9ef8f257b26a,11d343fb9259
England,E12000007,E09000027,Richmond upon Thames,RICUP_a695bbd0b9db,c991b4abf6af
England,E12000007,E09000027,Richmond upon Thames,RICUP_f3107371c7e2,dbcba2b3bfa2
England,E12000007,E09000027,Richmond upon Thames,RICUP_038372e92e71,90c20203a51a
England,E12000007,E09000027,Richmond upon Thames,RICUP_32d9858113f3,4d34d447b761
England,E12000007,E09000027,Richmond upon Thames,RICUP_7f87913dc18c,5aa12a362794
England,E12000007,E09000027,Richmond upon Thames,RICUP_7ad39bf83b27,ff5b1d6d4cb6
England,E12000007,E09000027,Richmond upon Thames,RICUP_68622806a0eb,286e86e25405
England,E12000007,E09000027,Richmond upon Thames,RICUP_4e3e9e49a8f1,68d205a1d782
England,E12000007,E09000027,Richmond upon Thames,RICUP_a17f4f37e5ab,db80d08de7d1
England,E12000007,E09000027,Richmond upon Thames,RICUP_2065d75d38a8,3b7912067e0c
England,E12000007,E09000027,Richmond upon Thames,RICUP_f532b782b670,620cfc678821
England,E12000007,E09000027,Richmond upon Thames,RICUP_9a9f1a3d6d7b,bf36e981df60
England,E12000007,E09000027,Richmond upon Thames,RICUP_5bc2a5f23684,a24d9e3724a9
England,E12000007,E09000027,Richmond upon Thames,RICUP_9da29bcb6a85,d897bf00b9c8
England,E12000007,E09000027,Richmond upon Thames,RICUP_873db6423c30,bd76c19e199e
England,E12000007,E09000027,Richmond upon Thames,RICUP_c6a99fa55e4a,6d6d919ffa0b
England,E12000007,E09000027,Richmond upon Thames,RICUP_c5b848b52478,cab81a81144d
England,E12000007,E09000027,Richmond upon Thames,RICUP_3a50d9ea303a,5a9d92777638
England,E12000007,E09000027,Richmond upon Thames,RICUP_431ac6a3cf2f,6a32266317ac
England,E12000007,E09000027,Richmond upon Thames,RICUP_6936bfb37b21,31c57506a8cf
England,E12000007,E09000027,Richmond upon Thames,RICUP_44d10e2ae010,f16438f83fe7
England,E12000007,E09000027,Richmond upon Thames,RICUP_5e19232808ff,668fa3856476
England,E12000007,E09000027,Richmond upon Thames,RICUP_bad17e51a6ae,4f001c091a24
England,E12000007,E09000027,Richmond upon Thames,RICUP_9a7cd52f290a,ba25aec79215
England,E12000007,E09000027,Richmond upon Thames,RICUP_fe73b17eb835,d5f1f6e87155
England,E12000007,E09000027,Richmond upon Thames,RICUP_3406d313421a,1362e5eeaa49
England,E12000007,E09000027,Richmond upon Thames,RICUP_27147bedbb90,65963beed554
England,E12000007,E09000027,Richmond upon Thames,RICUP_964889acf5cd,08399eb16fb8
England,E12000007,E09000027,Richmond upon Thames,RICUP_73aa7f00bd96,fe387acf1a3a
England,E12000007,E09000027,Richmond upon Thames,RICUP_263f35809f48,81d3447439e2
England,E12000007,E09000027,Richmond upon Thames,RICUP_a5e715a39198,e2a6d9da0c24
England,E12000007,E09000027,Richmond upon Thames,RICUP_63a889801d2d,26b5f3deaed7
England,E12000007,E09000027,Richmond upon Thames,RICUP_3533fc935a71,91c70762cd13
England,E12000007,E09000027,Richmond upon Thames,RICUP_118904210c89,92216370d75b
England,E12000007,E09000027,Richmond upon Thames,RICUP_26d221ba1725,856c61bfc34f
England,E12000007,E09000027,Richmond upon Thames,RICUP_f36d0298f7ca,474ec3bb097d
England,E12000007,E09000027,Richmond upon Thames,RICUP_ef3eb14cfa85,65f634bb8246
England,E12000007,E09000027,Richmond upon Thames,RICUP_4f5d6733e6aa,95ddeeb91bba
England,E12000007,E09000027,Richmond upon Thames,RICUP_f8f827fe6aff,f7e64a18fb4f
England,E12000007,E09000027,Richmond upon Thames,RICUP_c8fbefc504f8,4eed363714b7
England,E12000007,E09000027,Richmond upon Thames,RICUP_7c846802a08a,b81b51daccf9
England,E12000007,E09000027,Richmond upon Thames,RICUP_46137fac70e8,a23e876d1712
England,E12000007,E09000027,Richmond upon Thames,RICUP_e5e442ec0293,bcad2225848a
England,E12000007,E09000027,Richmond upon Thames,RICUP_c0c958683ddb,9099e33d382c
England,E12000007,E09000027,Richmond upon Thames,RICUP_7d6347cdcb39,5b682d3faaa4
England,E12000007,E09000027,Richmond upon Thames,RICUP_cf2ede331e3a,7a7c7ccec028
England,E12000007,E09000027,Richmond upon Thames,RICUP_d585ec15a1b7,5c8a7ea5b7f1
England,E12000007,E09000027,Richmond upon Thames,RICUP_b3a2c764ec34,06df993f63ae
England,E12000007,E09000027,Richmond upon Thames,RICUP_7a690e5a3bca,e80cc5aa1574
England,E12000007,E09000027,Richmond upon Thames,RICUP_9194d74b39f7,25fdff6c0f12
England,E12000007,E09000027,Richmond upon Thames,RICUP_e841903c220b,e7aaecfa4172
England,E12000007,E09000027,Richmond upon Thames,RICUP_9d6b02434061,1734e2395ee6
England,E12000007,E09000027,Richmond upon Thames,RICUP_6e2abb7a7cc9,e8d909c241db
England,E12000007,E09000027,Richmond upon Thames,RICUP_12c115fe7235,974587f4d6b0
England,E12000007,E09000027,Richmond upon Thames,RICUP_ebd0c7838c4f,5752f6d72739
England,E12000007,E09000027,Richmond upon Thames,RICUP_d454bf7a5784,6bac91c721da
England,E12000007,E09000027,Richmond upon Thames,RICUP_20d18a38f6d9,b3adbc4d3eb0
England,E12000007,E09000027,Richmond upon Thames,RICUP_9853bf4cb74d,743f4725dbdf
England,E12000007,E09000027,Richmond upon Thames,RICUP_563b4941de0a,06b3f4c8eca8
England,E12000007,E09000027,Richmond upon Thames,RICUP_84260dd550a5,681fb03eeba3
England,E12000007,E09000027,Richmond upon Thames,RICUP_f1af9680b330,cc8c70e952fe
England,E12000007,E09000027,Richmond upon Thames,RICUP_25701bdc7352,1f99f407f6c2
England,E12000007,E09000027,Richmond upon Thames,RICUP_4bc1fd3c6e0f,9d5a8fc9a77b
England,E12000007,E09000027,Richmond upon Thames,RICUP_34e7a2f2278e,e318ea9d66fe
England,E12000007,E09000027,Richmond upon Thames,RICUP_d7556fde01c1,d487b71c7fe5
England,E12000007,E09000027,Richmond upon Thames,RICUP_bc24df6c1f62,c982cba7b805
England,E12000007,E09000027,Richmond upon Thames,RICUP_0ef4e61480f3,1b28ac4b7b0e
England,E12000007,E09000027,Richmond upon Thames,RICUP_3ff3cbf2e0ca,2ec300903a67
England,E12000007,E09000027,Richmond upon Thames,RICUP_bb4ce3e8bd13,0838905d38d3
England,E12000007,E09000027,Richmond upon Thames,RICUP_9f9bd1d23732,b0bfbbc8252a
England,E12000007,E09000027,Richmond upon Thames,RICUP_d4f57d7835f6,c35dbbc7edd0
England,E12000007,E09000027,Richmond upon Thames,RICUP_c81689b3a37e,6d0b8386d207
England,E12000007,E09000027,Richmond upon Thames,RICUP_9e3de25d0572,9d0ccb968dc8
England,E12000007,E09000027,Richmond upon Thames,RICUP_e3efe938686e,85f3c7c984ea
England,E12000007,E09000027,Richmond upon Thames,RICUP_3cc5ca60cd33,81e525968ae1
England,E12000007,E09000027,Richmond upon Thames,RICUP_7a09c123afb4,0d0cefccca8b
England,E12000007,E09000027,Richmond upon Thames,RICUP_a9d77f8cdfe1,caa54c586b1e
England,E12000007,E09000027,Richmond upon Thames,RICUP_ef4c56830326,92497e827489
England,E12000007,E09000027,Richmond upon Thames,RICUP_e9103dad8f45,0732c0c066ae
England,E12000007,E09000027,Richmond upon Thames,RICUP_a37498660053,817890e6dcc2
England,E12000007,E09000027,Richmond upon Thames,RICUP_0cb3dca16901,aa4da532fef2
England,E12000007,E09000027,Richmond upon Thames,RICUP_5290f3fce449,56d616dd0b7c
England,E12000007,E09000027,Richmond upon Thames,RICUP_d94a170a8ae5,4cf8bba80ba2
England,E12000007,E09000027,Richmond upon Thames,RICUP_4e0aa20f0034,4a299f5a562a
England,E12000007,E09000027,Richmond upon Thames,RICUP_0b14b3ccfae2,388a77f1f781
England,E12000007,E09000027,Richmond upon Thames,RICUP_de6fde2379e1,3d0283a838f2
England,E12000007,E09000027,Richmond upon Thames,RICUP_9b758268da22,0ed350c6f117
England,E12000007,E09000027,Richmond upon Thames,RICUP_7bfae99f3857,c95df339af48
England,E12000007,E09000027,Richmond upon Thames,RICUP_e850ba333461,1cd2b6b4775d
England,E12000007,E09000027,Richmond upon Thames,RICUP_120e5a9f08b8,5ff5ee1d4b3f
England,E12000007,E09000027,Richmond upon Thames,RICUP_4d1b60d040fe,00b8cc06a5df
England,E12000007,E09000027,Richmond upon Thames,RICUP_2f6fd11f6c40,9cd4b111d32f
England,E12000007,E09000027,Richmond upon Thames,RICUP_1acbd1ab3a3d,72fd4f30f4b3
England,E12000007,E09000027,Richmond upon Thames,RICUP_443224ecb22d,d90de4545699
England,E12000007,E09000027,Richmond upon Thames,RICUP_7f1883f0b169,d03bd63f0256
England,E12000007,E09000027,Richmond upon Thames,RICUP_84e7e819529a,8f73f6f2139b
England,E12000007,E09000027,Richmond upon Thames,RICUP_47042f8488e8,599af32d677a
England,E12000007,E09000027,Richmond upon Thames,RICUP_6e51b947b086,9c8a8d396e53
England,E12000007,E09000027,Richmond upon Thames,RICUP_46807362efd9,830bf2ba1cdc
England,E12000007,E09000027,Richmond upon Thames,RICUP_4d23b67feed8,c24e3554977e
England,E12000007,E09000027,Richmond upon Thames,RICUP_8b5223a11cf9,f7f98f679635
England,E12000007,E09000027,Richmond upon Thames,RICUP_d460b778bfa5,6736ce3926e4
England,E12000007,E09000027,Richmond upon Thames,RICUP_a274589a2698,9581b38bfa3e
England,E12000007,E09000027,Richmond upon Thames,RICUP_028d167cb7bf,d8be96129937
England,E12000007,E09000027,Richmond upon Thames,RICUP_9ba30396b3c6,39277c6c42a9
England,E12000007,E09000027,Richmond upon Thames,RICUP_c669e48fcd02,abea49d41791
England,E12000007,E09000027,Richmond upon Thames,RICUP_5d3a0efc56ea,ce4b175d637c
England,E12000007,E09000027,Richmond upon Thames,RICUP_079bbc3efb4e,c4097b0f4e89
England,E12000007,E09000027,Richmond upon Thames,RICUP_c27312a4cbaf,0f6cdc8f47b2
England,E12000007,E09000027,Richmond upon Thames,RICUP_cf453ce76ee2,e0121f6046e1
England,E12000007,E09000027,Richmond upon Thames,RICUP_e6df44aa014b,5e2d3db753a5
England,E12000007,E09000027,Richmond upon Thames,RICUP_9bfc220d6a06,dc9111180c03
England,E12000007,E09000027,Richmond upon Thames,RICUP_c34eaef36296,2acdc9db15a0
England,E12000007,E09000027,Richmond upon Thames,RICUP_56054e45fefa,693529956b25
England,E12000007,E09000027,Richmond upon Thames,RICUP_a3f61063a28d,5d1eef62f071
England,E12000007,E09000027,Richmond upon Thames,RICUP_d3268c7af763,a7a47a11cdab
England,E12000007,E09000027,Richmond upon Thames,RICUP_6a6e1d3d8aa3,d00e272b607a
England,E12000007,E09000027,Richmond upon Thames,RICUP_9a0d8974ed05,c3259cac9787
England,E12000007,E09000027,Richmond upon Thames,RICUP_26da28b626e6,1c0950d31f96
England,E12000007,E09000027,Richmond upon Thames,RICUP_0a5c8b5924c2,4fdd771bfefe
England,E12000007,E09000027,Richmond upon Thames,RICUP_1541c85eeb8d,8252deb93c2f
England,E12000007,E09000027,Richmond upon Thames,RICUP_e15a30a22f2f,8469f0c18eeb
England,E12000007,E09000027,Richmond upon Thames,RICUP_1f2c6e876136,6308e628a6a7
England,E12000007,E09000027,Richmond upon Thames,RICUP_aecec230ec2f,f77319e515f2
England,E12000007,E09000027,Richmond upon Thames,RICUP_799ecef92c9f,fc6ff2cd616e
England,E12000007,E09000027,Richmond upon Thames,RICUP_ddc65c4f4ed7,567cf6e46d1f
England,E12000007,E09000027,Richmond upon Thames,RICUP_2d07d3b8204e,e1c4656a7c71
England,E12000007,E09000027,Richmond upon Thames,RICUP_ecfece807507,e873fc588149
England,E12000007,E09000027,Richmond upon Thames,RICUP_570632c9a035,607277beb023
England,E12000007,E09000027,Richmond upon Thames,RICUP_a3c90b63cbf9,45430ad5e077
England,E12000007,E09000027,Richmond upon Thames,RICUP_c14181f1be6e,f7ad2b7735b2
England,E12000007,E09000027,Richmond upon Thames,RICUP_b5cdf005cc1a,54d5f9ebc72a
England,E12000007,E09000027,Richmond upon Thames,RICUP_28b3df6bdf34,65e12d222898
England,E12000007,E09000027,Richmond upon Thames,RICUP_33ca4960dba2,b22bb8f5e796
England,E12000007,E09000027,Richmond upon Thames,RICUP_d49ec8a8d90c,d7f21a758097
England,E12000007,E09000027,Richmond upon Thames,RICUP_5b8b90120ed4,3efa88ce6bcb
England,E12000007,E09000027,Richmond upon Thames,RICUP_f1730469d2ec,5540f8a8ea86
England,E12000007,E09000027,Richmond upon Thames,RICUP_9fdb4d0f3b29,0dadaa6e60d6
England,E12000007,E09000027,Richmond upon Thames,RICUP_8bdb7dd45752,23d9b92ce24f
England,E12000007,E09000027,Richmond upon Thames,RICUP_069580c4352c,59b91a3b8faf
England,E12000007,E09000027,Richmond upon Thames,RICUP_9bf6e9d3ace3,121850fedcdb
England,E12000007,E09000027,Richmond upon Thames,RICUP_5db3e28b969c,d888da94c8d7
England,E12000007,E09000027,Richmond upon Thames,RICUP_046efc839865,ee0ba8a1de02
England,E12000007,E09000027,Richmond upon Thames,RICUP_7a1dd2514685,bf475e7602cb
England,E12000007,E09000027,Richmond upon Thames,RICUP_1c721861d91f,a95baefdc3a8
England,E12000007,E09000027,Richmond upon Thames,RICUP_73dc94d56b6f,bcb0ace1285e
England,E12000007,E09000027,Richmond upon Thames,RICUP_236f2ae41332,e473fb5dbae0
England,E12000007,E09000027,Richmond upon Thames,RICUP_1eca152161a7,8b63e16f9da5
England,E12000007,E09000027,Richmond upon Thames,RICUP_4a8334366c13,b632d6a14dca
England,E12000007,E09000027,Richmond upon Thames,RICUP_cdef37c2f97c,5924ffd86944
England,E12000007,E09000027,Richmond upon Thames,RICUP_0839a482d8bf,eca32bff761d
England,E12000007,E09000027,Richmond upon Thames,RICUP_f52d016dd79e,e393a3a6f7ec
England,E12000007,E09000027,Richmond upon Thames,RICUP_05f7c93af9c7,15531691cae5
England,E12000007,E09000027,Richmond upon Thames,RICUP_e70d5f168dad,0338cc98daeb
England,E12000007,E09000027,Richmond upon Thames,RICUP_e441352955b9,a39e0cbd29a9
England,E12000007,E09000027,Richmond upon Thames,RICUP_d11cc89fdd26,363230fde18b
England,E12000007,E09000027,Richmond upon Thames,RICUP_214d2ef87e4b,92989368d16e
England,E12000007,E09000027,Richmond upon Thames,RICUP_33b47f7c38f2,64533d39c5ab
England,E12000007,E09000027,Richmond upon Thames,RICUP_6cc38d70c1d3,34516f9c85b6
England,E12000007,E09000027,Richmond upon Thames,RICUP_9e0047305b67,4eaed1162451
England,E12000007,E09000027,Richmond upon Thames,RICUP_3db7965fd952,64bae7fb3451
England,E12000007,E09000027,Richmond upon Thames,RICUP_edda6e3eb26b,9d13104837db
England,E12000007,E09000027,Richmond upon Thames,RICUP_f3690b049f27,91db198489c5
England,E12000007,E09000027,Richmond upon Thames,RICUP_c172ff28f85c,e7a2bbd59ab1
England,E12000007,E09000027,Richmond upon Thames,RICUP_6bc27826989a,41881bba84d8
England,E12000007,E09000027,Richmond upon Thames,RICUP_62d1fe24e9bf,10245bd445a1
England,E12000007,E09000027,Richmond upon Thames,RICUP_1498c2371f76,889ea905bb49
England,E12000007,E09000027,Richmond upon Thames,RICUP_bc5c1e508e5c,2127256ec17e
England,E12000007,E09000027,Richmond upon Thames,RICUP_74b2a6e31ef7,5babc4a48653
England,E12000007,E09000027,Richmond upon Thames,RICUP_af88ca9e6781,cc628f758475
England,E12000007,E09000027,Richmond upon Thames,RICUP_828cc03e6b2c,5b90b8305858
England,E12000007,E09000027,Richmond upon Thames,RICUP_b321d0427954,2f7240c48278
England,E12000007,E09000027,Richmond upon Thames,RICUP_7aaa91752e1b,29418cf42a76
England,E12000007,E09000027,Richmond upon Thames,RICUP_4717ecbf1b84,1ef48a4973c9
England,E12000007,E09000027,Richmond upon Thames,RICUP_e891c468ed20,ed7e42c0db9a
England,E12000007,E09000027,Richmond upon Thames,RICUP_11e30a6ef1a3,277fad05a4ef
England,E12000007,E09000027,Richmond upon Thames,RICUP_572b59be04f7,56c2b3d2c1fc
England,E12000007,E09000027,Richmond upon Thames,RICUP_637b591a7938,67cfd58ea9fe
England,E12000007,E09000027,Richmond upon Thames,RICUP_f92fa12e7efd,ee6bbb4e632f
England,E12000007,E09000027,Richmond upon Thames,RICUP_4f1f28621f17,f1b58e4b5fe8
England,E12000007,E09000027,Richmond upon Thames,RICUP_7c65f8df8602,a9ca033208cb
England,E12000007,E09000027,Richmond upon Thames,RICUP_531d061a82a8,22d7e0d4ee55
England,E12000007,E09000027,Richmond upon Thames,RICUP_3d1572f9c261,fe80d42be14f
England,E12000007,E09000027,Richmond upon Thames,RICUP_d9fd1765f539,fd809c67b54a
England,E12000007,E09000027,Richmond upon Thames,RICUP_be19634b3859,db66a5ed454c
England,E12000007,E09000027,Richmond upon Thames,RICUP_862c14e4394f,5ee52efabf40
England,E12000007,E09000027,Richmond upon Thames,RICUP_2ad4402db915,ebfa94a150b5
England,E12000007,E09000027,Richmond upon Thames,RICUP_7de67eebcc3b,fca7857e0da4
England,E12000007,E09000027,Richmond upon Thames,RICUP_bbb388127104,0e80011dd7a6
England,E12000007,E09000027,Richmond upon Thames,RICUP_9ac27cd4b22e,ec447e7a2bef
England,E12000007,E09000027,Richmond upon Thames,RICUP_e21f489321b8,2535a6efa098
England,E12000007,E09000027,Richmond upon Thames,RICUP_6501c3aa9ea0,89ab34e65211
England,E12000007,E09000027,Richmond upon Thames,RICUP_ef3cf840faeb,e7b42c4b9e5b
England,E12000007,E09000027,Richmond upon Thames,RICUP_5a3712ea0717,7307274f66fb
England,E12000007,E09000027,Richmond upon Thames,RICUP_7aea72704703,81ae24e02495
England,E12000007,E09000027,Richmond upon Thames,RICUP_310aa6f7dee4,0b94860c4297
England,E12000007,E09000027,Richmond upon Thames,RICUP_4a291d9545b9,b9933546c8f4
England,E12000007,E09000027,Richmond upon Thames,RICUP_ba0ce1a30418,4097c93cc13d
England,E12000007,E09000027,Richmond upon Thames,RICUP_fa2b9925eb97,00811def1be2
England,E12000007,E09000027,Richmond upon Thames,RICUP_8c0d75bb9870,b2a67cb14661
England,E12000007,E09000027,Richmond upon Thames,RICUP_cb65cc47e323,751c380ab208
England,E12000007,E09000027,Richmond upon Thames,RICUP_281f963bf4fd,c4d9df68b877
England,E12000007,E09000027,Richmond upon Thames,RICUP_bc6d551ba077,b98acdf487e6
England,E12000007,E09000027,Richmond upon Thames,RICUP_1930885f9073,7323476c94ce
England,E12000007,E09000027,Richmond upon Thames,RICUP_196d68facb80,bc045fec904d
England,E12000007,E09000027,Richmond upon Thames,RICUP_cd53f917f989,3bd1d1c78d0d
England,E12000007,E09000027,Richmond upon Thames,RICUP_d6ade58c4b85,0a1deb8549a6
England,E12000007,E09000027,Richmond upon Thames,RICUP_f2ab8f02a279,61cafc783bb1
England,E12000007,E09000027,Richmond upon Thames,RICUP_6aced2852bfa,8269fc5a2ed9
England,E12000007,E09000027,Richmond upon Thames,RICUP_b296b1eb24b9,7b3e6fe18d5b
England,E12000007,E09000027,Richmond upon Thames,RICUP_481ab3482aad,a5221b508ef8
England,E12000007,E09000027,Richmond upon Thames,RICUP_2ab201cb8717,540e16b24326
England,E12000007,E09000027,Richmond upon Thames,RICUP_1805a7b0e30d,c4738c2f21ff
England,E12000007,E09000027,Richmond upon Thames,RICUP_b352a34847be,370bc3b68bb8
England,E12000007,E09000027,Richmond upon Thames,RICUP_1c032e3d2ccc,72d757bab2b8
England,E12000007,E09000027,Richmond upon Thames,RICUP_cec5e7255788,14e7da9ea784
England,E12000007,E09000027,Richmond upon Thames,RICUP_ec148404094c,22928d04e80e
England,E12000007,E09000027,Richmond upon Thames,RICUP_3626522eedeb,f0fee9618f7e
England,E12000007,E09000027,Richmond upon Thames,RICUP_bd2bf6437f2e,384d92e076a3
England,E12000007,E09000027,Richmond upon Thames,RICUP_fbf4e5e7a782,aad45406fbfd
England,E12000007,E09000027,Richmond upon Thames,RICUP_5d465c4b2a05,9337b49daec0
England,E12000007,E09000027,Richmond upon Thames,RICUP_80371fa39969,88c272ea4fe0
England,E12000007,E09000027,Richmond upon Thames,RICUP_68669f49d4e7,6743d9eea1ff
England,E12000007,E09000027,Richmond upon Thames,RICUP_29b769e763a0,05bba439a02d
England,E12000007,E09000027,Richmond upon Thames,RICUP_0092adf350d0,fa6837109d1d
England,E12000007,E09000027,Richmond upon Thames,RICUP_014a17b35292,395578d65735
England,E12000007,E09000027,Richmond upon Thames,RICUP_72e5adab3943,03d99f0b208c
England,E12000007,E09000027,Richmond upon Thames,RICUP_fdd2862a0e75,33bd59ed1967
England,E12000007,E09000027,Richmond upon Thames,RICUP_ba657614c71a,a92dba1cb112
England,E12000007,E09000027,Richmond upon Thames,RICUP_12b9844e7748,68a8b1e7a6cd
England,E12000007,E09000027,Richmond upon Thames,RICUP_3deb6c6c3b84,45e0e71f737b
England,E12000007,E09000027,Richmond upon Thames,RICUP_c6b6e0034bfe,82b0d227b3bd
England,E12000007,E09000027,Richmond upon Thames,RICUP_7f977e484a03,7f0d91819a9a
England,E12000007,E09000027,Richmond upon Thames,RICUP_837e90c076a2,26bee58b2e70
England,E12000007,E09000027,Richmond upon Thames,RICUP_4c9cca82fa90,b3b1b69775ad
England,E12000007,E09000027,Richmond upon Thames,RICUP_ba3a8d07b580,d898dc9f4eb2
England,E12000007,E09000027,Richmond upon Thames,RICUP_938bd04f0c0f,1737c1633660
England,E12000007,E09000027,Richmond upon Thames,RICUP_9bd5d3e3de2e,6bc61e972952
England,E12000007,E09000027,Richmond upon Thames,RICUP_b4d959c500b1,8e81c7497e98
England,E12000007,E09000027,Richmond upon Thames,RICUP_96312f62c026,228bb0b54482
England,E12000007,E09000027,Richmond upon Thames,RICUP_c7f49b5aa5d3,05741dc54ac7
England,E12000007,E09000027,Richmond upon Thames,RICUP_b5cdb46a1778,43b4e8b42065
England,E12000007,E09000027,Richmond upon Thames,RICUP_98ccb630d383,6bdb8a0710d7
England,E12000007,E09000027,Richmond upon Thames,RICUP_eccfb18fe936,f25bb04959ba
England,E12000007,E09000027,Richmond upon Thames,RICUP_d25e3bd4fa0e,08b6afaeed97
England,E12000007,E09000027,Richmond upon Thames,RICUP_b1d6aa006953,eac8ca535c1d
England,E12000007,E09000027,Richmond upon Thames,RICUP_bd9c163fd2a7,d5f3370bff99
England,E12000007,E09000027,Richmond upon Thames,RICUP_4b8318a32067,96c3b6e792a8
England,E12000007,E09000027,Richmond upon Thames,RICUP_e584522e90fd,821176f948bd
England,E12000007,E09000027,Richmond upon Thames,RICUP_f93303e33665,8d2426cc6439
England,E12000007,E09000027,Richmond upon Thames,RICUP_2a3dd8e440cb,e624d66fa972
England,E12000007,E09000027,Richmond upon Thames,RICUP_b6f4e32fc821,6a59731f1e48
England,E12000007,E09000027,Richmond upon Thames,RICUP_0b605dcf73e6,7ecd703a719a
England,E12000007,E09000027,Richmond upon Thames,RICUP_64c82f9c75c0,532bfcdc7cff
England,E12000007,E09000027,Richmond upon Thames,RICUP_266766b7f6a6,e817c0629193
England,E12000007,E09000027,Richmond upon Thames,RICUP_be56eb85a760,bf3370ec79fd
England,E12000007,E09000027,Richmond upon Thames,RICUP_972560d9ca7d,b69a74a673d4
England,E12000007,E09000027,Richmond upon Thames,RICUP_cd70218c8b53,17df6a59725a
England,E12000007,E09000027,Richmond upon Thames,RICUP_f4cec04ca412,efa262157216
England,E12000007,E09000027,Richmond upon Thames,RICUP_d167fb320e6d,05e74480206a
England,E12000007,E09000027,Richmond upon Thames,RICUP_44256a849d21,37b93a73f449
England,E12000007,E09000027,Richmond upon Thames,RICUP_34e9b05d12c3,6eff778c4188
England,E12000007,E09000027,Richmond upon Thames,RICUP_99bac4917de2,f7040c6b4e89
England,E12000007,E09000027,Richmond upon Thames,RICUP_7efb9caebc20,bb26cd54e151
England,E12000007,E09000027,Richmond upon Thames,RICUP_c815dd9c41fd,27dc2ff8f241
England,E12000007,E09000027,Richmond upon Thames,RICUP_9fe6b7bbe5a8,a0b229a7dfcc
England,E12000007,E09000027,Richmond upon Thames,RICUP_d19dc411bcf2,e54951310cc6
England,E12000007,E09000027,Richmond upon Thames,RICUP_1a6a539553db,ff944c004854
England,E12000007,E09000027,Richmond upon Thames,RICUP_c6b7a1a53a5c,e03923918395
England,E12000007,E09000027,Richmond upon Thames,RICUP_31fbb2e0fb48,1242f4b7a5e0
England,E12000007,E09000027,Richmond upon Thames,RICUP_3ac6bf2bd0ac,454532721340
England,E12000007,E09000027,Richmond upon Thames,RICUP_2fe0944f7805,5605542a867c
England,E12000007,E09000027,Richmond upon Thames,RICUP_8316851c47a5,8e4352b6907f
England,E12000007,E09000027,Richmond upon Thames,RICUP_6b8ed19daf76,d5308054287e
England,E12000007,E09000027,Richmond upon Thames,RICUP_8373aa6b6b04,afcc993ad760
England,E12000007,E09000027,Richmond upon Thames,RICUP_b8db56725fd2,4d9553a3977e
England,E12000007,E09000027,Richmond upon Thames,RICUP_e1d5fd78a542,b782cec5533f
England,E12000007,E09000027,Richmond upon Thames,RICUP_3f36bb9f3a1f,dbc748144c04
England,E12000007,E09000027,Richmond upon Thames,RICUP_2547f5ed639d,de4fb7d817f5
England,E12000007,E09000027,Richmond upon Thames,RICUP_88252abdd1c6,4f324d6b9660
England,E12000007,E09000027,Richmond upon Thames,RICUP_e54a93e6cb22,3578ea7e81df
England,E12000007,E09000027,Richmond upon Thames,RICUP_06b2bbcedde2,23e7e2e89b6a
England,E12000007,E09000027,Richmond upon Thames,RICUP_abe3c5598d62,dd44aea7a14d
England,E12000007,E09000027,Richmond upon Thames,RICUP_44b6df2ae3a7,a4371299cfcd
England,E12000007,E09000027,Richmond upon Thames,RICUP_3211d21481e8,7c266e6dd12b
England,E12000007,E09000027,Richmond upon Thames,RICUP_586db8e260fe,eab1687751a0
England,E12000007,E09000027,Richmond upon Thames,RICUP_6f1a86c4da86,bc0afc9fe1df
England,E12000007,E09000027,Richmond upon Thames,RICUP_09ae8a762a61,eb9de18e69d0
England,E12000007,E09000027,Richmond upon Thames,RICUP_71dcc92bc46c,6170802b0ebe
England,E12000007,E09000027,Richmond upon Thames,RICUP_b1c04e7d9f5a,c90e15859f35
England,E12000007,E09000027,Richmond upon Thames,RICUP_580de847b521,dd6ad35c3cab
England,E12000007,E09000027,Richmond upon Thames,RICUP_29bb7bf677b9,5244e3f08c1a
England,E12000007,E09000027,Richmond upon Thames,RICUP_df1145c93bb1,7c4916d72664
England,E12000007,E09000027,Richmond upon Thames,RICUP_f2f866493a94,1ce7fdd8527e
England,E12000007,E09000027,Richmond upon Thames,RICUP_c1f13e5ebfd5,a57ffb43b796
England,E12000007,E09000027,Richmond upon Thames,RICUP_5f41d26e2889,77cfea941e7c
England,E12000007,E09000027,Richmond upon Thames,RICUP_556426d60cb6,5fe82139e491
England,E12000007,E09000027,Richmond upon Thames,RICUP_f12fb9cb43cd,2405ee1767a9
England,E12000007,E09000027,Richmond upon Thames,RICUP_4e356b4dec96,49003b231e47
England,E12000007,E09000027,Richmond upon Thames,RICUP_517acddc6bd6,0ae905c09a67
England,E12000007,E09000027,Richmond upon Thames,RICUP_d4abfad8d051,faa93eee99a8
England,E12000007,E09000027,Richmond upon Thames,RICUP_ac945eb3d812,61c5dc103414
England,E12000007,E09000027,Richmond upon Thames,RICUP_dbe539a81375,4a54a29bb281
England,E12000007,E09000027,Richmond upon Thames,RICUP_001c7b150fed,88e7d0d11c86
England,E12000007,E09000027,Richmond upon Thames,RICUP_cf26a7bc083a,b9e30648350b
England,E12000007,E09000027,Richmond upon Thames,RICUP_daedbf43f3b3,322322baa687
England,E12000007,E09000027,Richmond upon Thames,RICUP_29c5e71f381b,99da5d1535a3
England,E12000007,E09000027,Richmond upon Thames,RICUP_0ac63ff1c96c,980e548190e2
England,E12000007,E09000027,Richmond upon Thames,RICUP_3af312105417,59a2109a219c
England,E12000007,E09000027,Richmond upon Thames,RICUP_c380000f1eae,3ef8a466a673
England,E12000007,E09000027,Richmond upon Thames,RICUP_45ef47ed2e91,799ad185a8ec
England,E12000007,E09000027,Richmond upon Thames,RICUP_33751beca4a9,05e19100f60f
England,E12000007,E09000027,Richmond upon Thames,RICUP_18c087cd4f05,73d5b9063219
England,E12000007,E09000027,Richmond upon Thames,RICUP_114b733df070,2e45dbad0121
England,E12000007,E09000027,Richmond upon Thames,RICUP_8fc94c86e70c,cc265fa343d1
England,E12000007,E09000027,Richmond upon Thames,RICUP_b8b4aa80c98b,1ccfadd658d3
England,E12000007,E09000027,Richmond upon Thames,RICUP_fd883eff1d63,ed457218eb75
England,E12000007,E09000027,Richmond upon Thames,RICUP_d2354f1499c6,60e0c0c66007
England,E12000007,E09000027,Richmond upon Thames,RICUP_8a5c5aa11cf1,1264e805c15c
England,E12000007,E09000027,Richmond upon Thames,RICUP_f038fa3be3d0,2aa2411456d9
England,E12000007,E09000027,Richmond upon Thames,RICUP_fbd8574b1654,a119e337b93d
England,E12000007,E09000027,Richmond upon Thames,RICUP_cbf097fd48ef,addc90f57a57
England,E12000007,E09000027,Richmond upon Thames,RICUP_590a41d177a1,f00c4811c3d0
England,E12000007,E09000027,Richmond upon Thames,RICUP_109f92c8643f,0762555fd65f
England,E12000007,E09000027,Richmond upon Thames,RICUP_69847913e4a2,3b0445e5afbd
England,E12000007,E09000027,Richmond upon Thames,RICUP_4d575633bca7,b28ef8417084
England,E12000007,E09000027,Richmond upon Thames,RICUP_02e7a77eb879,785ab0c68ae2
England,E12000007,E09000027,Richmond upon Thames,RICUP_42a76fd7b03e,27f1571351ec
England,E12000007,E09000027,Richmond upon Thames,RICUP_74160de2d3e6,0fa11a0ff835
England,E12000007,E09000027,Richmond upon Thames,RICUP_df83fc489891,44e1eefecf3e
England,E12000007,E09000027,Richmond upon Thames,RICUP_7aa5c15e3a09,d3a0a8a8e55d
England,E12000007,E09000027,Richmond upon Thames,RICUP_210bddce89d7,fee309f44e74
England,E12000007,E09000027,Richmond upon Thames,RICUP_ac8757b68094,498dd4e2c3d3
England,E12000007,E09000027,Richmond upon Thames,RICUP_21b4f530d042,020096b4db4a
England,E12000007,E09000027,Richmond upon Thames,RICUP_3154e1dfeedb,d24a583892ec
England,E12000007,E09000027,Richmond upon Thames,RICUP_c37759cf0ec6,8fe656fb6ac6
England,E12000007,E09000027,Richmond upon Thames,RICUP_1ff28787d96f,e48ab25fc063
England,E12000007,E09000027,Richmond upon Thames,RICUP_11b320c86f3a,4cd8562335c1
England,E12000007,E09000027,Richmond upon Thames,RICUP_0fdec184bf8e,c5cd7ecd5ecf
England,E12000007,E09000027,Richmond upon Thames,RICUP_daa8dbf08509,478cc14f399c
England,E12000007,E09000027,Richmond upon Thames,RICUP_0b7412013dd6,7ead677613d8
England,E12000007,E09000027,Richmond upon Thames,RICUP_8ec0b18f228d,8f84d73531f1
England,E12000007,E09000027,Richmond upon Thames,RICUP_83b4e7b57696,c2c12bee51f4
England,E12000007,E09000027,Richmond upon Thames,RICUP_84fc4bd3bdae,3bc2714d9a10
England,E12000007,E09000027,Richmond upon Thames,RICUP_a283607edf8a,8b3bcebe7aa5
England,E12000007,E09000027,Richmond upon Thames,RICUP_2fc2b6b099bb,8d85dde6cb33
England,E12000007,E09000027,Richmond upon Thames,RICUP_a2e7d03f7366,34739423c9e0
England,E12000007,E09000027,Richmond upon Thames,RICUP_5e2348c0b9bb,bca4cefb5f16
England,E12000007,E09000027,Richmond upon Thames,RICUP_7405cb335163,a40c7852581d
England,E12000007,E09000027,Richmond upon Thames,RICUP_3dd8bdad931e,c427b9090ae3
England,E12000007,E09000027,Richmond upon Thames,RICUP_ce4cf4c0ed64,ee7a7caf5fbe
England,E12000007,E09000027,Richmond upon Thames,RICUP_95d94f1a345b,b3e6edb91611
England,E12000007,E09000027,Richmond upon Thames,RICUP_3bcbbc96d181,9022975c9e24
England,E12000007,E09000027,Richmond upon Thames,RICUP_11a7e04e6e43,820531daf3d3
England,E12000007,E09000027,Richmond upon Thames,RICUP_4f3421ceea8f,f7f4ef606903
England,E12000007,E09000027,Richmond upon Thames,RICUP_d0fd7b7941f3,afe11ee871f3
England,E12000007,E09000027,Richmond upon Thames,RICUP_1ea1d51a4efd,ae19afe19b83
England,E12000007,E09000027,Richmond upon Thames,RICUP_c6e61ed96f7d,b6d85486d839
England,E12000007,E09000027,Richmond upon Thames,RICUP_5a8d50d33dde,f95d766baa1c
England,E12000007,E09000027,Richmond upon Thames,RICUP_fc70c48b596e,81f78b8692e6
England,E12000007,E09000027,Richmond upon Thames,RICUP_87e5adcb462c,007ea4c708db
England,E12000007,E09000027,Richmond upon Thames,RICUP_604fd5e21f85,cc60daebb2b1
England,E12000007,E09000027,Richmond upon Thames,RICUP_13c3d9816d93,21c1c0edccb7
England,E12000007,E09000027,Richmond upon Thames,RICUP_c70796c92d83,4ba0ca368257
England,E12000007,E09000027,Richmond upon Thames,RICUP_d40479cb9229,0c5963948417
England,E12000007,E09000027,Richmond upon Thames,RICUP_03c57752ccae,6a73d61f9bf9
England,E12000007,E09000027,Richmond upon Thames,RICUP_a71918e49329,48048beca8c4
England,E12000007,E09000027,Richmond upon Thames,RICUP_9926136b4da6,44d8422090ee
England,E12000007,E09000027,Richmond upon Thames,RICUP_03ab97d5be69,019767805749
England,E12000007,E09000027,Richmond upon Thames,RICUP_8c6b31f59f68,c47037240040
England,E12000007,E09000027,Richmond upon Thames,RICUP_e5532cb0c54f,788fb17af8ab
England,E12000007,E09000027,Richmond upon Thames,RICUP_bd79e38d1ff9,423d9d36bddf
England,E12000007,E09000027,Richmond upon Thames,RICUP_7c46be20a74b,f8ced27a2de6
England,E12000007,E09000027,Richmond upon Thames,RICUP_423ba396e1fe,a889d9c8639d
England,E12000007,E09000027,Richmond upon Thames,RICUP_a7937fd2205a,53876f98e6be
England,E12000007,E09000027,Richmond upon Thames,RICUP_68562e9df0aa,6d3a5604f996
England,E12000007,E09000027,Richmond upon Thames,RICUP_f0d99aba1af8,4fc47904f507
England,E12000007,E09000027,Richmond upon Thames,RICUP_e828a045b454,34f854c753b6
England,E12000007,E09000027,Richmond upon Thames,RICUP_14bf4562cb6d,b9eff2c387cc
England,E12000007,E09000027,Richmond upon Thames,RICUP_e73c8a9809fc,4254223ca697
England,E12000007,E09000027,Richmond upon Thames,RICUP_c4d2b98f5cf3,b133a1f10e62
England,E12000007,E09000027,Richmond upon Thames,RICUP_7a0d6b5e443f,3d1c0ab9dc5f
England,E12000007,E09000027,Richmond upon Thames,RICUP_febc337cf76f,6a0e780bad30
England,E12000007,E09000027,Richmond upon Thames,RICUP_51a468fe80ff,b6cf0597a121
England,E12000007,E09000027,Richmond upon Thames,RICUP_7932cacce38d,98a0ad960613
England,E12000007,E09000027,Richmond upon Thames,RICUP_e7ffa50daa0c,52fdccdaa2d3
England,E12000007,E09000027,Richmond upon Thames,RICUP_34ace98e9ba8,dfc0c0b23385
England,E12000007,E09000027,Richmond upon Thames,RICUP_5d8b91fff89c,dcf5fad4b41a
England,E12000007,E09000027,Richmond upon Thames,RICUP_9fb0b9f527f8,31082ed52082
England,E12000007,E09000027,Richmond upon Thames,RICUP_30bfff87fbe8,1e6cce04a6e7
England,E12000007,E09000027,Richmond upon Thames,RICUP_e97a36f6423f,f175d181836e
England,E12000007,E09000027,Richmond upon Thames,RICUP_71861a628b80,9fc650e4ecc1
England,E12000007,E09000027,Richmond upon Thames,RICUP_dc080e028341,5a8e951706e2
England,E12000007,E09000027,Richmond upon Thames,RICUP_5d11f506c97d,66658c708645
England,E12000007,E09000027,Richmond upon Thames,RICUP_8c6d2e9b85f3,2c54f438a763
England,E12000007,E09000027,Richmond upon Thames,RICUP_8aa227774317,cdecafdc1dd9
England,E12000007,E09000027,Richmond upon Thames,RICUP_cbdd9dcd5265,ac245c42f6cc
England,E12000007,E09000027,Richmond upon Thames,RICUP_17d0b65d271c,f54e372f9437
England,E12000007,E09000027,Richmond upon Thames,RICUP_f2a27154f7c2,d403715e8e9a
England,E12000007,E09000027,Richmond upon Thames,RICUP_568c068a7573,f62649060895
England,E12000007,E09000027,Richmond upon Thames,RICUP_e3c2a189f0ef,da318dfdf906
England,E12000007,E09000027,Richmond upon Thames,RICUP_d6437787ca90,fe9cfb341219
England,E12000007,E09000027,Richmond upon Thames,RICUP_da05eeb8915d,8bcba4c2c17b
England,E12000007,E09000027,Richmond upon Thames,RICUP_b078d1e005f0,78908b129ebb
England,E12000007,E09000027,Richmond upon Thames,RICUP_251f98ef3552,f9801ad488e7
England,E12000007,E09000027,Richmond upon Thames,RICUP_68bc46746471,ff0b5e635458
England,E12000007,E09000027,Richmond upon Thames,RICUP_e8c64f9ff216,fb438c9b85ed
England,E12000007,E09000027,Richmond upon Thames,RICUP_bef01d9ed572,cd8dcc84de63
England,E12000007,E09000027,Richmond upon Thames,RICUP_7e435f2c1d70,fd686bcda5c5
England,E12000007,E09000027,Richmond upon Thames,RICUP_3162f377b70d,0f6cfa6b4db7
England,E12000007,E09000027,Richmond upon Thames,RICUP_f264e50b5cd2,0587e0cfcc1b
England,E12000007,E09000027,Richmond upon Thames,RICUP_45dd61903ec1,b0034f58273e
England,E12000007,E09000027,Richmond upon Thames,RICUP_cc7a819d2bba,61d1e6b8d8bd
England,E12000007,E09000027,Richmond upon Thames,RICUP_314add6b78fb,a796cf16d125
England,E12000007,E09000027,Richmond upon Thames,RICUP_666db2dc9ca6,1bd267eaaec6
England,E12000007,E09000027,Richmond upon Thames,RICUP_786254d4a71e,fd191a378032
England,E12000007,E09000027,Richmond upon Thames,RICUP_b92f745c236b,0016732a851e
England,E12000007,E09000027,Richmond upon Thames,RICUP_416527617573,ecd3596fafcd
England,E12000007,E09000027,Richmond upon Thames,RICUP_45e271b9b97a,84ae653cb380
England,E12000007,E09000027,Richmond upon Thames,RICUP_50f7d42563eb,3da47e458445
England,E12000007,E09000027,Richmond upon Thames,RICUP_0d9ca6e6d2f1,d98a6279ad86
England,E12000007,E09000027,Richmond upon Thames,RICUP_2e9a71c35a8b,6269c7e799cc
England,E12000007,E09000027,Richmond upon Thames,RICUP_f7bac0ad65c0,fbcba8242716
England,E12000007,E09000027,Richmond upon Thames,RICUP_25341b3efa6a,5074664a5223
England,E12000007,E09000027,Richmond upon Thames,RICUP_32cd6770e9fa,ce0fe6d7a5fb
England,E12000007,E09000027,Richmond upon Thames,RICUP_4554c479177c,38eb224dc06d
England,E12000007,E09000027,Richmond upon Thames,RICUP_b9b8c177058b,246132726df8
