{
"type": "FeatureCollection",
"name": "WESTM_29_walking",
"crs": { "type": "name", "properties": { "name": "urn:ogc:def:crs:OGC:1.3:CRS84" } },
"features": [
{"type":"Feature","properties":{"highway":"footway","name":"Shepherd's Place","category":"Footpath (pedestrian only)"},"geometry":{"type":"MultiLineString","coordinates":[[[-0.1543354,51.5122215],[-0.1540591,51.5116493],[-0.1540338,51.5115969]]]}},
{"type":"Feature","properties":{"highway":"footway","name":"Oxford Street","category":"Footpath (pedestrian only)"},"geometry":{"type":"MultiLineString","coordinates":[[[-0.1538113,51.5138109],[-0.1538787,51.5138076],[-0.1539966,51.5138018],[-0.1547557,51.513735],[-0.1557611,51.5136506],[-0.1558548,51.5136412]]]}},
{"type":"Feature","properties":{"highway":"bridleway","name":null,"category":"Bridleway"},"geometry":{"type":"MultiLineString","coordinates":[[[-0.1720625,51.5113709],[-0.1720142,51.5114071],[-0.1719502,51.5114465],[-0.1718228,51.5114506],[-0.1715098,51.5114452],[-0.1712447,51.5114482],[-0.1705165,51.5114733],[-0.1686363,51.5115506],[-0.1684807,51.5115524],[-0.1681813,51.5115801],[-0.1678103,51.5116216],[-0.1663467,51.5118238],[-0.1658124,51.5118919],[-0.1649998,51.5120126],[-0.1641764,51.5121082],[-0.1636558,51.5121613],[-0.1634021,51.51216],[-0.1631873,51.5121509],[-0.1627537,51.5121099],[-0.1626154,51.5120715]]]}},
{"type":"Feature","properties":{"highway":"footway","name":null,"category":"Footpath (pedestrian only)"},"geometry":{"type":"MultiLineString","coordinates":[[[-0.1590645,51.5113982],[-0.15912,51.5107901],[-0.1591622,51.5099188],[-0.1591866,51.5093687],[-0.1592005,51.508793],[-0.1592134,51.5084326],[-0.1592511,51.507994],[-0.1592546,51.5077001],[-0.159345,51.5063185],[-0.1593029,51.5062541],[-0.1581207,51.5064326],[-0.1572461,51.5065977]]]}},
{"type":"Feature","properties":{"highway":"footway","name":null,"category":"Footpath (pedestrian only)"},"geometry":{"type":"MultiLineString","coordinates":[[[-0.1596077,51.5116676],[-0.1602745,51.5107646],[-0.1606084,51.5102431],[-0.1612317,51.5093604]]]}},
{"type":"Feature","properties":{"highway":"footway","name":null,"category":"Footpath (pedestrian only)"},"geometry":{"type":"MultiLineString","coordinates":[[[-0.1621987,51.5121004],[-0.1623466,51.5120166],[-0.1618955,51.5109229],[-0.1617931,51.5106704],[-0.1617244,51.5104971],[-0.1612317,51.5093604],[-0.1611654,51.5091223]]]}},
{"type":"Feature","properties":{"highway":"footway","name":null,"category":"Footpath (pedestrian only)"},"geometry":{"type":"MultiLineString","coordinates":[[[-0.1575968,51.5096004],[-0.1582261,51.5097217],[-0.1591622,51.5099188],[-0.1606084,51.5102431],[-0.1617244,51.5104971]]]}},
{"type":"Feature","properties":{"highway":"footway","name":null,"category":"Footpath (pedestrian only)"},"geometry":{"type":"MultiLineString","coordinates":[[[-0.1604513,51.5119853],[-0.1618955,51.5109229],[-0.1623195,51.5106399],[-0.1629348,51.510176],[-0.1636873,51.5096379],[-0.1651025,51.5086557],[-0.1652322,51.5085248]]]}},
{"type":"Feature","properties":{"highway":"footway","name":null,"category":"Footpath (pedestrian only)"},"geometry":{"type":"MultiLineString","coordinates":[[[-0.1665099,51.5123795],[-0.1669159,51.5123266],[-0.1676914,51.5122373],[-0.1682335,51.5121437],[-0.1686591,51.5120985],[-0.1687774,51.5120924],[-0.1704995,51.5119298],[-0.1720342,51.5118561],[-0.1720748,51.5118526]]]}},
{"type":"Feature","properties":{"highway":"footway","name":null,"category":"Footpath (pedestrian only)"},"geometry":{"type":"MultiLineString","coordinates":[[[-0.1685861,51.5118666],[-0.1686043,51.5118908],[-0.168627,51.5119289],[-0.1686591,51.5120985],[-0.1686457,51.5122143],[-0.1686694,51.5123006]]]}},
{"type":"Feature","properties":{"highway":"footway","name":null,"category":"Footpath (pedestrian only)"},"geometry":{"type":"MultiLineString","coordinates":[[[-0.1666228,51.5207592],[-0.1665322,51.5207778],[-0.1666407,51.5209169]]]}},
{"type":"Feature","properties":{"highway":"footway","name":null,"category":"Footpath (pedestrian only)"},"geometry":{"type":"MultiLineString","coordinates":[[[-0.1663467,51.5118238],[-0.1664242,51.5121023]]]}},
{"type":"Feature","properties":{"highway":"footway","name":null,"category":"Footpath (pedestrian only)"},"geometry":{"type":"MultiLineString","coordinates":[[[-0.1651025,51.5086557],[-0.1651148,51.5090295],[-0.1652612,51.5094474],[-0.1653103,51.5099012],[-0.1653975,51.5104929],[-0.1655772,51.5110742],[-0.1658499,51.5118217],[-0.1658124,51.5118919]]]}},
{"type":"Feature","properties":{"highway":"footway","name":null,"category":"Footpath (pedestrian only)"},"geometry":{"type":"MultiLineString","coordinates":[[[-0.1617244,51.5104971],[-0.162228,51.5106092],[-0.1623195,51.5106399],[-0.1636643,51.5112018],[-0.1639897,51.5113393],[-0.1642369,51.5114377],[-0.1645161,51.511535],[-0.1656381,51.5118177]]]}},
{"type":"Feature","properties":{"highway":"footway","name":null,"category":"Footpath (pedestrian only)"},"geometry":{"type":"MultiLineString","coordinates":[[[-0.1629348,51.510176],[-0.1640867,51.51087],[-0.164955,51.5113888],[-0.1656381,51.5118177],[-0.1657037,51.5118461]]]}},
{"type":"Feature","properties":{"highway":"footway","name":null,"category":"Footpath (pedestrian only)"},"geometry":{"type":"MultiLineString","coordinates":[[[-0.1623195,51.5106399],[-0.1623937,51.5106383],[-0.1630193,51.5107197],[-0.1640867,51.51087],[-0.1655772,51.5110742],[-0.1662142,51.5111633],[-0.1665377,51.511194],[-0.1667602,51.5112151],[-0.168418,51.5113599],[-0.1684399,51.5114896],[-0.1684807,51.5115524]]]}},
{"type":"Feature","properties":{"highway":"footway","name":null,"category":"Footpath (pedestrian only)"},"geometry":{"type":"MultiLineString","coordinates":[[[-0.1684807,51.5115524],[-0.168557,51.5118096],[-0.1685861,51.5118666]]]}},
{"type":"Feature","properties":{"highway":"footway","name":null,"category":"Footpath (pedestrian only)"},"geometry":{"type":"MultiLineString","coordinates":[[[-0.1719072,51.511384],[-0.1718375,51.5113877],[-0.1717514,51.5113922],[-0.1713475,51.511383],[-0.1711402,51.5113818],[-0.1695651,51.5114574],[-0.1684399,51.5114896],[-0.1678284,51.5115563],[-0.1663198,51.5117586],[-0.1658499,51.5118217]]]}},
{"type":"Feature","properties":{"highway":"footway","name":null,"category":"Footpath (pedestrian only)"},"geometry":{"type":"MultiLineString","coordinates":[[[-0.1663467,51.5118238],[-0.1663198,51.5117586],[-0.1663888,51.5115817],[-0.1667602,51.5112151],[-0.1669652,51.5110466],[-0.1670464,51.5109799],[-0.1672531,51.51081],[-0.1677107,51.5104013],[-0.1678848,51.5102472],[-0.1680954,51.5100606],[-0.168552,51.5097206],[-0.1689501,51.5093442],[-0.169462,51.5088006],[-0.1701172,51.5081508]]]}},
{"type":"Feature","properties":{"highway":"footway","name":null,"category":"Footpath (pedestrian only)"},"geometry":{"type":"MultiLineString","coordinates":[[[-0.1658499,51.5118217],[-0.1657037,51.5118461],[-0.1640479,51.5120766],[-0.1637492,51.5121071],[-0.1634683,51.5121219],[-0.1631831,51.5121089],[-0.1627668,51.5120711],[-0.1626154,51.5120715]]]}},
{"type":"Feature","properties":{"highway":"footway","name":null,"category":"Footpath (pedestrian only)"},"geometry":{"type":"MultiLineString","coordinates":[[[-0.158289,51.5107844],[-0.1587245,51.5107874],[-0.15912,51.5107901],[-0.1602745,51.5107646],[-0.1617931,51.5106704],[-0.1622662,51.5106537],[-0.1623195,51.5106399]]]}},
{"type":"Feature","properties":{"highway":"footway","name":null,"category":"Footpath (pedestrian only)"},"geometry":{"type":"MultiLineString","coordinates":[[[-0.1596077,51.5116676],[-0.1592218,51.5121576]]]}},
{"type":"Feature","properties":{"highway":"footway","name":null,"category":"Footpath (pedestrian only)"},"geometry":{"type":"MultiLineString","coordinates":[[[-0.1590645,51.5113982],[-0.1590714,51.5119789]]]}},
{"type":"Feature","properties":{"highway":"footway","name":null,"category":"Footpath (pedestrian only)"},"geometry":{"type":"MultiLineString","coordinates":[[[-0.1665099,51.5123795],[-0.1661134,51.5124128],[-0.164889,51.5125154],[-0.1645766,51.512542],[-0.1632784,51.5127218],[-0.1627185,51.512805]]]}},
{"type":"Feature","properties":{"highway":"footway","name":null,"category":"Footpath (pedestrian only)"},"geometry":{"type":"MultiLineString","coordinates":[[[-0.1658124,51.5118919],[-0.1661642,51.5120947],[-0.1661777,51.5121226],[-0.1661948,51.5121749],[-0.1662034,51.5122001]]]}},
{"type":"Feature","properties":{"highway":"bridleway","name":null,"category":"Bridleway"},"geometry":{"type":"MultiLineString","coordinates":[[[-0.1686363,51.5115506],[-0.168679,51.5117929],[-0.1686956,51.5118486],[-0.1687012,51.5118731],[-0.1687774,51.5120924],[-0.1687854,51.5122894],[-0.168788,51.5123534]]]}},
{"type":"Feature","properties":{"highway":"footway","name":null,"category":"Footpath (pedestrian only)"},"geometry":{"type":"MultiLineString","coordinates":[[[-0.1626154,51.5120715],[-0.1625061,51.5120563],[-0.1623466,51.5120166]]]}},
{"type":"Feature","properties":{"highway":"bridleway","name":"Dorchester Ride","category":"Bridleway"},"geometry":{"type":"MultiLineString","coordinates":[[[-0.1533505,51.5045452],[-0.1528482,51.5047982],[-0.1525426,51.5049613],[-0.1524386,51.5049895],[-0.1523709,51.5050462],[-0.1523357,51.5051176],[-0.1523132,51.5053003],[-0.1523208,51.5055316],[-0.1523327,51.5056873],[-0.1524917,51.5061086],[-0.1528007,51.5064719],[-0.1531661,51.5067793],[-0.1542169,51.5076632],[-0.1544173,51.5078314],[-0.1550688,51.5083563],[-0.1553725,51.5085813],[-0.1555154,51.5086848],[-0.1558987,51.5088085],[-0.1564051,51.5089814],[-0.1569381,51.5092412],[-0.1575233,51.5099718],[-0.1580005,51.5108249],[-0.1583816,51.5114115],[-0.1586892,51.5120431]]]}},
{"type":"Feature","properties":{"highway":"footway","name":null,"category":"Footpath (pedestrian only)"},"geometry":{"type":"MultiLineString","coordinates":[[[-0.1598566,51.5123141],[-0.159849,51.5122882],[-0.1602056,51.5119013]]]}},
{"type":"Feature","properties":{"highway":"footway","name":null,"category":"Footpath (pedestrian only)"},"geometry":{"type":"MultiLineString","coordinates":[[[-0.1573143,51.5220254],[-0.1572768,51.5220258]]]}},
{"type":"Feature","properties":{"highway":"footway","name":null,"category":"Footpath (pedestrian only)"},"geometry":{"type":"MultiLineString","coordinates":[[[-0.1709537,51.5131969],[-0.1707826,51.5130789]]]}},
{"type":"Feature","properties":{"highway":"footway","name":null,"category":"Footpath (pedestrian only)"},"geometry":{"type":"MultiLineString","coordinates":[[[-0.1621588,51.5196226],[-0.1618046,51.5196317],[-0.1617244,51.5194492],[-0.1617004,51.5193945]]]}},
{"type":"Feature","properties":{"highway":"footway","name":null,"category":"Footpath (pedestrian only)"},"geometry":{"type":"MultiLineString","coordinates":[[[-0.168453,51.524833],[-0.1683893,51.5248781]]]}},
{"type":"Feature","properties":{"highway":"footway","name":null,"category":"Footpath (pedestrian only)"},"geometry":{"type":"MultiLineString","coordinates":[[[-0.1678088,51.5250383],[-0.1678032,51.5250047],[-0.1677477,51.5249034],[-0.167636,51.5248235],[-0.1675963,51.5247951],[-0.1674724,51.5247111]]]}},
{"type":"Feature","properties":{"highway":"footway","name":null,"category":"Footpath (pedestrian only)"},"geometry":{"type":"MultiLineString","coordinates":[[[-0.1668201,51.5247245],[-0.1668562,51.5247539],[-0.166888,51.5247799],[-0.1669895,51.524792],[-0.167045,51.5247925],[-0.167096,51.5247993],[-0.1671353,51.5248213],[-0.1671534,51.5248649],[-0.1671469,51.5248999],[-0.1671482,51.5249345],[-0.1671957,51.5249729]]]}},
{"type":"Feature","properties":{"highway":"footway","name":"Cato Street","category":"Footpath (pedestrian only)"},"geometry":{"type":"MultiLineString","coordinates":[[[-0.1644763,51.5175707],[-0.164351,51.517481]]]}},
{"type":"Feature","properties":{"highway":"footway","name":"Miles Place","category":"Footpath (pedestrian only)"},"geometry":{"type":"MultiLineString","coordinates":[[[-0.1708663,51.5213442],[-0.1707973,51.5213783],[-0.170559,51.521496]]]}},
{"type":"Feature","properties":{"highway":"footway","name":null,"category":"Footpath (pedestrian only)"},"geometry":{"type":"MultiLineString","coordinates":[[[-0.1688372,51.5205621],[-0.1686883,51.5206133],[-0.1684837,51.5204008],[-0.1684506,51.5203665]]]}},
{"type":"Feature","properties":{"highway":"footway","name":null,"category":"Footpath (pedestrian only)"},"geometry":{"type":"MultiLineString","coordinates":[[[-0.1660592,51.5210547],[-0.1664954,51.5209495],[-0.1666407,51.5209169]]]}},
{"type":"Feature","properties":{"highway":"footway","name":null,"category":"Footpath (pedestrian only)"},"geometry":{"type":"MultiLineString","coordinates":[[[-0.168262,51.5203844],[-0.1681222,51.5200808]]]}},
{"type":"Feature","properties":{"highway":"footway","name":null,"category":"Footpath (pedestrian only)"},"geometry":{"type":"MultiLineString","coordinates":[[[-0.1684506,51.5203665],[-0.1685321,51.520349],[-0.1685145,51.5203195],[-0.1684887,51.5202742]]]}},
{"type":"Feature","properties":{"highway":"bridleway","name":null,"category":"Bridleway"},"geometry":{"type":"MultiLineString","coordinates":[[[-0.1608676,51.512146],[-0.159849,51.5122882]]]}},
{"type":"Feature","properties":{"highway":"footway","name":null,"category":"Footpath (pedestrian only)"},"geometry":{"type":"MultiLineString","coordinates":[[[-0.1607182,51.5150631],[-0.1605064,51.5150966]]]}},
{"type":"Feature","properties":{"highway":"footway","name":null,"category":"Footpath (pedestrian only)"},"geometry":{"type":"MultiLineString","coordinates":[[[-0.1642009,51.5134031],[-0.1642272,51.5134006],[-0.1642677,51.5133959],[-0.164391,51.5134367],[-0.1644716,51.5135063],[-0.1645161,51.5135559],[-0.1646669,51.5135919],[-0.1648215,51.5135901]]]}},
{"type":"Feature","properties":{"highway":"footway","name":"Howards Way","category":"Footpath (pedestrian only)"},"geometry":{"type":"MultiLineString","coordinates":[[[-0.1725699,51.5191198],[-0.1725242,51.5191456],[-0.1724477,51.5191887],[-0.1719898,51.5192643],[-0.1719297,51.519299]]]}},
{"type":"Feature","properties":{"highway":"footway","name":null,"category":"Footpath (pedestrian only)"},"geometry":{"type":"MultiLineString","coordinates":[[[-0.1725699,51.5191198],[-0.1726903,51.5190991],[-0.1727417,51.5190903],[-0.1727197,51.5189599],[-0.1727081,51.5187707],[-0.1727067,51.5187487],[-0.1727801,51.5187359]]]}},
{"type":"Feature","properties":{"highway":"footway","name":null,"category":"Footpath (pedestrian only)"},"geometry":{"type":"MultiLineString","coordinates":[[[-0.1727067,51.5187487],[-0.1722463,51.518838],[-0.1719092,51.5188909],[-0.1715963,51.5189386],[-0.1714559,51.5189629],[-0.1711803,51.5190105],[-0.170814,51.5190655],[-0.1707512,51.5189285],[-0.1707028,51.5188121],[-0.170709,51.5187943]]]}},
{"type":"Feature","properties":{"highway":"footway","name":null,"category":"Footpath (pedestrian only)"},"geometry":{"type":"MultiLineString","coordinates":[[[-0.1703937,51.5189227],[-0.1700319,51.5189128]]]}},
{"type":"Feature","properties":{"highway":"footway","name":null,"category":"Footpath (pedestrian only)"},"geometry":{"type":"MultiLineString","coordinates":[[[-0.1708577,51.5187676],[-0.1707268,51.518669]]]}},
{"type":"Feature","properties":{"highway":"footway","name":null,"category":"Footpath (pedestrian only)"},"geometry":{"type":"MultiLineString","coordinates":[[[-0.1707268,51.518669],[-0.1705886,51.51857],[-0.1705618,51.5185508],[-0.1705138,51.5185097]]]}},
{"type":"Feature","properties":{"highway":"footway","name":null,"category":"Footpath (pedestrian only)"},"geometry":{"type":"MultiLineString","coordinates":[[[-0.1717815,51.5186119],[-0.1717764,51.5186028],[-0.171649,51.5183753]]]}},
{"type":"Feature","properties":{"highway":"footway","name":null,"category":"Footpath (pedestrian only)"},"geometry":{"type":"MultiLineString","coordinates":[[[-0.1715685,51.5182199],[-0.171649,51.5183753]]]}},
{"type":"Feature","properties":{"highway":"footway","name":null,"category":"Footpath (pedestrian only)"},"geometry":{"type":"MultiLineString","coordinates":[[[-0.1715685,51.5182199],[-0.171534,51.5181531]]]}},
{"type":"Feature","properties":{"highway":"footway","name":null,"category":"Footpath (pedestrian only)"},"geometry":{"type":"MultiLineString","coordinates":[[[-0.1705138,51.5185097],[-0.1704271,51.5184497]]]}},
{"type":"Feature","properties":{"highway":"footway","name":null,"category":"Footpath (pedestrian only)"},"geometry":{"type":"MultiLineString","coordinates":[[[-0.1700319,51.5189128],[-0.169934,51.5188455],[-0.1698958,51.5188192]]]}},
{"type":"Feature","properties":{"highway":"footway","name":null,"category":"Footpath (pedestrian only)"},"geometry":{"type":"MultiLineString","coordinates":[[[-0.1668506,51.5204371],[-0.1668207,51.5204035]]]}},
{"type":"Feature","properties":{"highway":"footway","name":null,"category":"Footpath (pedestrian only)"},"geometry":{"type":"MultiLineString","coordinates":[[[-0.1575205,51.5109713],[-0.1572196,51.5110696]]]}},
{"type":"Feature","properties":{"highway":"footway","name":null,"category":"Footpath (pedestrian only)"},"geometry":{"type":"MultiLineString","coordinates":[[[-0.1585286,51.5118178],[-0.1584998,51.5118212],[-0.158474,51.5118242]]]}},
{"type":"Feature","properties":{"highway":"footway","name":null,"category":"Footpath (pedestrian only)"},"geometry":{"type":"MultiLineString","coordinates":[[[-0.1603895,51.5114654],[-0.1604279,51.5115441],[-0.1604631,51.5116258],[-0.1600618,51.5116807],[-0.1586139,51.5118796],[-0.158589,51.511883],[-0.1585563,51.511817],[-0.1585286,51.5118178]]]}},
{"type":"Feature","properties":{"highway":"footway","name":null,"category":"Footpath (pedestrian only)"},"geometry":{"type":"MultiLineString","coordinates":[[[-0.158474,51.5118242],[-0.1574232,51.5118722],[-0.1574149,51.511857]]]}},
{"type":"Feature","properties":{"highway":"footway","name":null,"category":"Footpath (pedestrian only)"},"geometry":{"type":"MultiLineString","coordinates":[[[-0.1566964,51.5094083],[-0.1567057,51.5094069],[-0.1573284,51.5093199],[-0.1573443,51.5093177],[-0.1590611,51.5090775],[-0.1591295,51.5092445],[-0.1600618,51.5116807]]]}},
{"type":"Feature","properties":{"highway":"footway","name":null,"category":"Footpath (pedestrian only)"},"geometry":{"type":"MultiLineString","coordinates":[[[-0.1585576,51.5113319],[-0.1585107,51.5113484],[-0.158418,51.5113975],[-0.1583816,51.5114115],[-0.1582726,51.5114208]]]}},
{"type":"Feature","properties":{"highway":"footway","name":null,"category":"Footpath (pedestrian only)"},"geometry":{"type":"MultiLineString","coordinates":[[[-0.160877,51.5121832],[-0.1607789,51.5122029],[-0.1607029,51.5122121],[-0.1598566,51.5123141],[-0.1595281,51.5123261]]]}},
{"type":"Feature","properties":{"highway":"footway","name":null,"category":"Footpath (pedestrian only)"},"geometry":{"type":"MultiLineString","coordinates":[[[-0.1536855,51.5196874],[-0.1538093,51.5197114],[-0.1539163,51.5196729],[-0.1540689,51.5196414],[-0.1541743,51.5197447],[-0.1543388,51.5199941],[-0.154471,51.520294],[-0.1546698,51.5205487],[-0.154674,51.5205687]]]}},
{"type":"Feature","properties":{"highway":"footway","name":null,"category":"Footpath (pedestrian only)"},"geometry":{"type":"MultiLineString","coordinates":[[[-0.154471,51.520294],[-0.1543815,51.5202563],[-0.1542648,51.5202248],[-0.1541139,51.5202132],[-0.153998,51.5202363],[-0.1539317,51.5202682],[-0.1538622,51.5203236],[-0.1538264,51.5203757]]]}},
{"type":"Feature","properties":{"highway":"footway","name":null,"category":"Footpath (pedestrian only)"},"geometry":{"type":"MultiLineString","coordinates":[[[-0.1543388,51.5199941],[-0.1542447,51.5201059],[-0.154115,51.5201605],[-0.1539411,51.5201579],[-0.1537908,51.5201215]]]}},
{"type":"Feature","properties":{"highway":"footway","name":"Joe Strummer Subway","category":"Footpath (pedestrian only)"},"geometry":{"type":"MultiLineString","coordinates":[[[-0.1694409,51.5196856],[-0.1692529,51.5197894],[-0.1692727,51.5198035],[-0.1694555,51.519779],[-0.1695182,51.5197449]]]}},
{"type":"Feature","properties":{"highway":"footway","name":"Joe Strummer Subway","category":"Footpath (pedestrian only)"},"geometry":{"type":"MultiLineString","coordinates":[[[-0.1695625,51.5197204],[-0.1695348,51.5197023],[-0.1694922,51.5197249]]]}},
{"type":"Feature","properties":{"highway":"footway","name":null,"category":"Footpath (pedestrian only)"},"geometry":{"type":"MultiLineString","coordinates":[[[-0.1698629,51.5199011],[-0.1703151,51.5198771]]]}},
{"type":"Feature","properties":{"highway":"footway","name":"Joe Strummer Subway","category":"Footpath (pedestrian only)"},"geometry":{"type":"MultiLineString","coordinates":[[[-0.1708989,51.5202539],[-0.1708894,51.5202653],[-0.170882,51.520282],[-0.1708812,51.5202982],[-0.1708848,51.5203097],[-0.1708927,51.5203203]]]}},
{"type":"Feature","properties":{"highway":"footway","name":"Joe Strummer Subway","category":"Footpath (pedestrian only)"},"geometry":{"type":"MultiLineString","coordinates":[[[-0.1699842,51.5201446],[-0.1695111,51.5201844]]]}},
{"type":"Feature","properties":{"highway":"footway","name":"Joe Strummer Subway","category":"Footpath (pedestrian only)"},"geometry":{"type":"MultiLineString","coordinates":[[[-0.1708894,51.5202653],[-0.1708703,51.5202555]]]}},
{"type":"Feature","properties":{"highway":"footway","name":"Joe Strummer Subway","category":"Footpath (pedestrian only)"},"geometry":{"type":"MultiLineString","coordinates":[[[-0.1701563,51.5201824],[-0.1702474,51.5201324],[-0.1699842,51.5201446]]]}},
{"type":"Feature","properties":{"highway":"footway","name":"Joe Strummer Subway","category":"Footpath (pedestrian only)"},"geometry":{"type":"MultiLineString","coordinates":[[[-0.1695182,51.5197449],[-0.1695625,51.5197204],[-0.1698629,51.5199011],[-0.1702474,51.5201324],[-0.1705403,51.5200845]]]}},
{"type":"Feature","properties":{"highway":"footway","name":"Tarrant Place","category":"Footpath (pedestrian only)"},"geometry":{"type":"MultiLineString","coordinates":[[[-0.1622335,51.5196081],[-0.1621588,51.5196226]]]}},
{"type":"Feature","properties":{"highway":"footway","name":null,"category":"Footpath (pedestrian only)"},"geometry":{"type":"MultiLineString","coordinates":[[[-0.1549249,51.5174301],[-0.154935,51.5174522],[-0.1549623,51.5175121]]]}},
{"type":"Feature","properties":{"highway":"footway","name":null,"category":"Footpath (pedestrian only)"},"geometry":{"type":"MultiLineString","coordinates":[[[-0.1683521,51.5200064],[-0.1682705,51.5200056],[-0.1675303,51.520173],[-0.1675404,51.5202009]]]}},
{"type":"Feature","properties":{"highway":"footway","name":null,"category":"Footpath (pedestrian only)"},"geometry":{"type":"MultiLineString","coordinates":[[[-0.157501,51.5223633],[-0.1571761,51.5224157]]]}},
{"type":"Feature","properties":{"highway":"footway","name":null,"category":"Footpath (pedestrian only)"},"geometry":{"type":"MultiLineString","coordinates":[[[-0.1574789,51.5223024],[-0.157501,51.5223633]]]}},
{"type":"Feature","properties":{"highway":"footway","name":"The Wonderpass","category":"Footpath (pedestrian only)"},"geometry":{"type":"MultiLineString","coordinates":[[[-0.1571721,51.5220455],[-0.1572617,51.522239],[-0.1573057,51.5223351]]]}},
{"type":"Feature","properties":{"highway":"footway","name":null,"category":"Footpath (pedestrian only)"},"geometry":{"type":"MultiLineString","coordinates":[[[-0.1573808,51.5223375],[-0.1574789,51.5223024]]]}},
{"type":"Feature","properties":{"highway":"footway","name":null,"category":"Footpath (pedestrian only)"},"geometry":{"type":"MultiLineString","coordinates":[[[-0.1681222,51.5200808],[-0.1675869,51.5201917],[-0.1675404,51.5202009]]]}},
{"type":"Feature","properties":{"highway":"footway","name":null,"category":"Footpath (pedestrian only)"},"geometry":{"type":"MultiLineString","coordinates":[[[-0.1697465,51.5195282],[-0.1697798,51.5195091],[-0.170035,51.5196811],[-0.1700765,51.5196978],[-0.1701236,51.519706],[-0.1703336,51.5197102],[-0.1703442,51.5197325]]]}},
{"type":"Feature","properties":{"highway":"footway","name":null,"category":"Footpath (pedestrian only)"},"geometry":{"type":"MultiLineString","coordinates":[[[-0.1561373,51.5136059],[-0.156144,51.51363]]]}},
{"type":"Feature","properties":{"highway":"footway","name":null,"category":"Footpath (pedestrian only)"},"geometry":{"type":"MultiLineString","coordinates":[[[-0.1589504,51.513528],[-0.1589013,51.5135308],[-0.1588672,51.5134991],[-0.158821,51.513479],[-0.1583827,51.5135285],[-0.1582782,51.5135371],[-0.1577768,51.5135949],[-0.1571874,51.5136671],[-0.156193,51.5137968],[-0.1561327,51.513815],[-0.1560949,51.5138332],[-0.1560804,51.5138402]]]}},
{"type":"Feature","properties":{"highway":"footway","name":"Lumley Street","category":"Footpath (pedestrian only)"},"geometry":{"type":"MultiLineString","coordinates":[[[-0.1519337,51.5140182],[-0.1518538,51.5138436]]]}},
{"type":"Feature","properties":{"highway":"footway","name":null,"category":"Footpath (pedestrian only)"},"geometry":{"type":"MultiLineString","coordinates":[[[-0.1547636,51.5137726],[-0.1547716,51.5138127],[-0.1547796,51.5138529]]]}},
{"type":"Feature","properties":{"highway":"footway","name":null,"category":"Footpath (pedestrian only)"},"geometry":{"type":"MultiLineString","coordinates":[[[-0.1582782,51.5135371],[-0.1582683,51.5135004]]]}},
{"type":"Feature","properties":{"highway":"footway","name":null,"category":"Footpath (pedestrian only)"},"geometry":{"type":"MultiLineString","coordinates":[[[-0.1571874,51.5136671],[-0.1571786,51.5136354]]]}},
{"type":"Feature","properties":{"highway":"footway","name":null,"category":"Footpath (pedestrian only)"},"geometry":{"type":"MultiLineString","coordinates":[[[-0.1578956,51.5128007],[-0.1572502,51.5129185],[-0.1572142,51.5129247],[-0.1558686,51.513156],[-0.1558423,51.5131716],[-0.155833,51.5131815],[-0.1558209,51.5131968],[-0.1558211,51.513212],[-0.1560083,51.5136175]]]}},
{"type":"Feature","properties":{"highway":"footway","name":null,"category":"Footpath (pedestrian only)"},"geometry":{"type":"MultiLineString","coordinates":[[[-0.1514275,51.5141368],[-0.151438,51.5141661],[-0.1514496,51.514199]]]}},
{"type":"Feature","properties":{"highway":"footway","name":null,"category":"Footpath (pedestrian only)"},"geometry":{"type":"MultiLineString","coordinates":[[[-0.1527889,51.5169141],[-0.1529656,51.5168557],[-0.1530466,51.5167515],[-0.1530355,51.5166698],[-0.1529435,51.5165828],[-0.1527724,51.5165404],[-0.1525699,51.5165484],[-0.1524154,51.5166091],[-0.152362,51.5167065],[-0.1523712,51.5167792],[-0.1524448,51.5168683],[-0.1525865,51.5169176],[-0.1527889,51.5169141]]]}},
{"type":"Feature","properties":{"highway":"footway","name":null,"category":"Footpath (pedestrian only)"},"geometry":{"type":"MultiLineString","coordinates":[[[-0.1523712,51.5167792],[-0.1522174,51.5168016]]]}},
{"type":"Feature","properties":{"highway":"footway","name":"Joe Strummer Subway","category":"Footpath (pedestrian only)"},"geometry":{"type":"MultiLineString","coordinates":[[[-0.1697465,51.5195282],[-0.1697635,51.5195396],[-0.1699854,51.5196886]]]}},
{"type":"Feature","properties":{"highway":"footway","name":null,"category":"Footpath (pedestrian only)"},"geometry":{"type":"MultiLineString","coordinates":[[[-0.1712566,51.5206175],[-0.1712562,51.5205782],[-0.1709622,51.5203178],[-0.1709656,51.5202688],[-0.1709953,51.5202321],[-0.171048,51.5202069],[-0.1712521,51.5201392]]]}},
{"type":"Feature","properties":{"highway":"footway","name":"Jason Court","category":"Footpath (pedestrian only)"},"geometry":{"type":"MultiLineString","coordinates":[[[-0.1505055,51.5165537],[-0.1505189,51.5165129],[-0.1505511,51.5163927],[-0.1505775,51.5162457],[-0.150516,51.5161441],[-0.150483,51.5160896]]]}},
{"type":"Feature","properties":{"highway":"footway","name":null,"category":"Footpath (pedestrian only)"},"geometry":{"type":"MultiLineString","coordinates":[[[-0.154115,51.5201605],[-0.1541139,51.5202132]]]}},
{"type":"Feature","properties":{"highway":"footway","name":null,"category":"Footpath (pedestrian only)"},"geometry":{"type":"MultiLineString","coordinates":[[[-0.1530777,51.5202648],[-0.1530614,51.520265],[-0.153033,51.5202653],[-0.1530109,51.5202656],[-0.1528233,51.5202751],[-0.1526289,51.5202838],[-0.1525978,51.5202554],[-0.1525763,51.5202566],[-0.1525474,51.5202583]]]}},
{"type":"Feature","properties":{"highway":"footway","name":null,"category":"Footpath (pedestrian only)"},"geometry":{"type":"MultiLineString","coordinates":[[[-0.1520913,51.5179708],[-0.1521071,51.5180223],[-0.1521122,51.5180388],[-0.152269,51.5180231],[-0.1522691,51.5180386]]]}},
{"type":"Feature","properties":{"highway":"footway","name":null,"category":"Footpath (pedestrian only)"},"geometry":{"type":"MultiLineString","coordinates":[[[-0.1668207,51.5204035],[-0.1667179,51.520288],[-0.1665936,51.5201945],[-0.1665458,51.5201652]]]}},
{"type":"Feature","properties":{"highway":"footway","name":null,"category":"Footpath (pedestrian only)"},"geometry":{"type":"MultiLineString","coordinates":[[[-0.156544,51.5225358],[-0.1564555,51.5226436]]]}},
{"type":"Feature","properties":{"highway":"footway","name":null,"category":"Footpath (pedestrian only)"},"geometry":{"type":"MultiLineString","coordinates":[[[-0.1566933,51.5226629],[-0.1567675,51.5227726]]]}},
{"type":"Feature","properties":{"highway":"footway","name":null,"category":"Footpath (pedestrian only)"},"geometry":{"type":"MultiLineString","coordinates":[[[-0.1565125,51.5223413],[-0.1566933,51.5226629]]]}},
{"type":"Feature","properties":{"highway":"footway","name":null,"category":"Footpath (pedestrian only)"},"geometry":{"type":"MultiLineString","coordinates":[[[-0.1565522,51.5227578],[-0.1565207,51.5227706],[-0.1565012,51.5227797],[-0.1564532,51.522802]]]}},
{"type":"Feature","properties":{"highway":"footway","name":null,"category":"Footpath (pedestrian only)"},"geometry":{"type":"MultiLineString","coordinates":[[[-0.1568266,51.5225994],[-0.156799,51.5226039],[-0.1567753,51.5226075],[-0.1567505,51.522611],[-0.1565928,51.5226364],[-0.1563982,51.5226729],[-0.1564021,51.5226807]]]}},
{"type":"Feature","properties":{"highway":"footway","name":null,"category":"Footpath (pedestrian only)"},"geometry":{"type":"MultiLineString","coordinates":[[[-0.1570631,51.5224351],[-0.1570693,51.5224445]]]}},
{"type":"Feature","properties":{"highway":"footway","name":null,"category":"Footpath (pedestrian only)"},"geometry":{"type":"MultiLineString","coordinates":[[[-0.1567505,51.522611],[-0.1567671,51.5226514]]]}},
{"type":"Feature","properties":{"highway":"footway","name":null,"category":"Footpath (pedestrian only)"},"geometry":{"type":"MultiLineString","coordinates":[[[-0.1567481,51.5224862],[-0.1567519,51.5225013]]]}},
{"type":"Feature","properties":{"highway":"footway","name":null,"category":"Footpath (pedestrian only)"},"geometry":{"type":"MultiLineString","coordinates":[[[-0.1574334,51.5230205],[-0.1574677,51.5232103],[-0.1573901,51.5232502],[-0.1573048,51.5232876],[-0.1572857,51.523296],[-0.1572405,51.5233157],[-0.1572135,51.5233615]]]}},
{"type":"Feature","properties":{"highway":"footway","name":null,"category":"Footpath (pedestrian only)"},"geometry":{"type":"MultiLineString","coordinates":[[[-0.1568602,51.522719],[-0.1568134,51.522746],[-0.1567675,51.5227726],[-0.1567325,51.5227932]]]}},
{"type":"Feature","properties":{"highway":"footway","name":null,"category":"Footpath (pedestrian only)"},"geometry":{"type":"MultiLineString","coordinates":[[[-0.1564437,51.5223531],[-0.156544,51.5225358]]]}},
{"type":"Feature","properties":{"highway":"footway","name":null,"category":"Footpath (pedestrian only)"},"geometry":{"type":"MultiLineString","coordinates":[[[-0.1655694,51.5142283],[-0.1658396,51.514179],[-0.1664612,51.5140653]]]}},
{"type":"Feature","properties":{"highway":"footway","name":null,"category":"Footpath (pedestrian only)"},"geometry":{"type":"MultiLineString","coordinates":[[[-0.1562721,51.5224326],[-0.1561996,51.5222798]]]}},
{"type":"Feature","properties":{"highway":"footway","name":null,"category":"Footpath (pedestrian only)"},"geometry":{"type":"MultiLineString","coordinates":[[[-0.1563982,51.5226729],[-0.1563739,51.5226249],[-0.1563586,51.5225949]]]}},
{"type":"Feature","properties":{"highway":"footway","name":null,"category":"Footpath (pedestrian only)"},"geometry":{"type":"MultiLineString","coordinates":[[[-0.1567779,51.5225601],[-0.15676,51.5225629],[-0.1564351,51.5226134],[-0.1563739,51.5226249]]]}},
{"type":"Feature","properties":{"highway":"footway","name":null,"category":"Footpath (pedestrian only)"},"geometry":{"type":"MultiLineString","coordinates":[[[-0.1570693,51.5224445],[-0.1571005,51.5225154],[-0.1571137,51.5225425],[-0.1571166,51.5225479],[-0.1571193,51.5225543],[-0.1571248,51.5225647],[-0.1571443,51.5226047]]]}},
{"type":"Feature","properties":{"highway":"footway","name":null,"category":"Footpath (pedestrian only)"},"geometry":{"type":"MultiLineString","coordinates":[[[-0.1676759,51.5152334],[-0.1677506,51.5152394],[-0.1678263,51.5152454],[-0.1678641,51.5152281]]]}},
{"type":"Feature","properties":{"highway":"footway","name":null,"category":"Footpath (pedestrian only)"},"geometry":{"type":"MultiLineString","coordinates":[[[-0.1690628,51.5157121],[-0.1689539,51.5157321],[-0.1689176,51.5157388],[-0.1687469,51.5156265],[-0.1687232,51.5156387]]]}},
{"type":"Feature","properties":{"highway":"footway","name":null,"category":"Footpath (pedestrian only)"},"geometry":{"type":"MultiLineString","coordinates":[[[-0.1534329,51.5197287],[-0.1534461,51.5197284],[-0.1536855,51.5196874],[-0.1537908,51.5201215],[-0.1538264,51.5203757],[-0.1538449,51.5205943],[-0.1538472,51.5206199]]]}},
{"type":"Feature","properties":{"highway":"footway","name":null,"category":"Footpath (pedestrian only)"},"geometry":{"type":"MultiLineString","coordinates":[[[-0.165854,51.5206168],[-0.1658665,51.5206602],[-0.1658786,51.5207021]]]}},
{"type":"Feature","properties":{"highway":"footway","name":null,"category":"Footpath (pedestrian only)"},"geometry":{"type":"MultiLineString","coordinates":[[[-0.170035,51.5196811],[-0.1699757,51.5197149]]]}},
{"type":"Feature","properties":{"highway":"footway","name":null,"category":"Footpath (pedestrian only)"},"geometry":{"type":"MultiLineString","coordinates":[[[-0.1706008,51.5197794],[-0.1706054,51.5198104],[-0.1706069,51.5198625]]]}},
{"type":"Feature","properties":{"highway":"footway","name":null,"category":"Footpath (pedestrian only)"},"geometry":{"type":"MultiLineString","coordinates":[[[-0.1698606,51.5197793],[-0.1699314,51.5197392],[-0.1699757,51.5197149]]]}},
{"type":"Feature","properties":{"highway":"footway","name":null,"category":"Footpath (pedestrian only)"},"geometry":{"type":"MultiLineString","coordinates":[[[-0.1701323,51.5201236],[-0.1700506,51.5200665],[-0.1700102,51.5200366]]]}},
{"type":"Feature","properties":{"highway":"footway","name":null,"category":"Footpath (pedestrian only)"},"geometry":{"type":"MultiLineString","coordinates":[[[-0.1646994,51.5127646],[-0.1647172,51.5128224],[-0.1647216,51.5128366],[-0.1647858,51.5129058],[-0.1648761,51.5129555],[-0.1649416,51.5130288]]]}},
{"type":"Feature","properties":{"highway":"footway","name":null,"category":"Footpath (pedestrian only)"},"geometry":{"type":"MultiLineString","coordinates":[[[-0.1703442,51.5197325],[-0.1705496,51.5197387],[-0.1705767,51.5197437],[-0.1705972,51.5197532],[-0.1706014,51.5197632]]]}},
{"type":"Feature","properties":{"highway":"footway","name":"Joe Strummer Subway","category":"Footpath (pedestrian only)"},"geometry":{"type":"MultiLineString","coordinates":[[[-0.1694562,51.519745],[-0.1694351,51.5197576],[-0.1694077,51.5197393],[-0.1694277,51.5197279]]]}},
{"type":"Feature","properties":{"highway":"footway","name":null,"category":"Footpath (pedestrian only)"},"geometry":{"type":"MultiLineString","coordinates":[[[-0.1706709,51.5201465],[-0.1706327,51.5201289]]]}},
{"type":"Feature","properties":{"highway":"footway","name":null,"category":"Footpath (pedestrian only)"},"geometry":{"type":"MultiLineString","coordinates":[[[-0.1681248,51.5186312],[-0.1680979,51.5186466],[-0.1680643,51.5186656]]]}},
{"type":"Feature","properties":{"highway":"footway","name":null,"category":"Footpath (pedestrian only)"},"geometry":{"type":"MultiLineString","coordinates":[[[-0.1688288,51.5192231],[-0.1689142,51.5191703],[-0.1690115,51.519113]]]}},
{"type":"Feature","properties":{"highway":"footway","name":null,"category":"Footpath (pedestrian only)"},"geometry":{"type":"MultiLineString","coordinates":[[[-0.1665458,51.5201652],[-0.1663113,51.5201355]]]}},
{"type":"Feature","properties":{"highway":"footway","name":null,"category":"Footpath (pedestrian only)"},"geometry":{"type":"MultiLineString","coordinates":[[[-0.1558438,51.5154447],[-0.1559567,51.5153726],[-0.1560495,51.5153305],[-0.1561487,51.515308],[-0.1562826,51.5153146],[-0.1563781,51.5153567],[-0.1564129,51.5154271],[-0.1564408,51.5154811],[-0.1564874,51.5155226],[-0.1565344,51.515548]]]}},
{"type":"Feature","properties":{"highway":"footway","name":null,"category":"Footpath (pedestrian only)"},"geometry":{"type":"MultiLineString","coordinates":[[[-0.1566297,51.5155293],[-0.1566358,51.5155281]]]}},
{"type":"Feature","properties":{"highway":"footway","name":null,"category":"Footpath (pedestrian only)"},"geometry":{"type":"MultiLineString","coordinates":[[[-0.1555641,51.5152901],[-0.1555707,51.515304]]]}},
{"type":"Feature","properties":{"highway":"footway","name":null,"category":"Footpath (pedestrian only)"},"geometry":{"type":"MultiLineString","coordinates":[[[-0.1550067,51.5158513],[-0.1549337,51.5158665],[-0.1548411,51.5158824]]]}},
{"type":"Feature","properties":{"highway":"footway","name":null,"category":"Footpath (pedestrian only)"},"geometry":{"type":"MultiLineString","coordinates":[[[-0.1559022,51.5160813],[-0.155909,51.5160949],[-0.1559298,51.5161361],[-0.1559442,51.5161644]]]}},
{"type":"Feature","properties":{"highway":"footway","name":null,"category":"Footpath (pedestrian only)"},"geometry":{"type":"MultiLineString","coordinates":[[[-0.1557901,51.5159856],[-0.1558563,51.5160238],[-0.1559022,51.5160813]]]}},
{"type":"Feature","properties":{"highway":"footway","name":null,"category":"Footpath (pedestrian only)"},"geometry":{"type":"MultiLineString","coordinates":[[[-0.1560182,51.5154746],[-0.1559206,51.5154451],[-0.1558438,51.5154447]]]}},
{"type":"Feature","properties":{"highway":"footway","name":null,"category":"Footpath (pedestrian only)"},"geometry":{"type":"MultiLineString","coordinates":[[[-0.1548411,51.5158824],[-0.1548129,51.5158876],[-0.1547691,51.5158957],[-0.1546989,51.5158862]]]}},
{"type":"Feature","properties":{"highway":"footway","name":null,"category":"Footpath (pedestrian only)"},"geometry":{"type":"MultiLineString","coordinates":[[[-0.1555874,51.5153413],[-0.1557126,51.5153328],[-0.1557753,51.5153421],[-0.1558226,51.5153765],[-0.1558438,51.5154447],[-0.1557775,51.5154986],[-0.1557106,51.5155322],[-0.1555831,51.5155543],[-0.1555177,51.515539],[-0.1554355,51.5154911],[-0.155356,51.5154705],[-0.1552513,51.5154515],[-0.1551611,51.5154631],[-0.1550975,51.5154928],[-0.1550657,51.5155827],[-0.155067,51.5156817],[-0.1550617,51.5157716],[-0.1550444,51.5158114],[-0.1550067,51.5158513],[-0.1549914,51.5158905],[-0.1550051,51.5159298],[-0.155047,51.5159529],[-0.1551133,51.5159969],[-0.1551916,51.5160265],[-0.1552605,51.5160333],[-0.1553268,51.5160265],[-0.1554925,51.515996],[-0.1556397,51.5159935],[-0.1557901,51.5159856],[-0.1558497,51.515963],[-0.1559075,51.5159127],[-0.1559857,51.5158871],[-0.1560718,51.5158929],[-0.1561677,51.5159154],[-0.1562508,51.51593],[-0.1563343,51.5159168],[-0.1564112,51.5158739],[-0.1564284,51.5158236],[-0.1564046,51.5157485],[-0.1563568,51.5156743],[-0.1563767,51.5156198],[-0.1564443,51.515581],[-0.1565344,51.515548],[-0.1566297,51.5155293]]]}},
{"type":"Feature","properties":{"highway":"footway","name":null,"category":"Footpath (pedestrian only)"},"geometry":{"type":"MultiLineString","coordinates":[[[-0.1555707,51.515304],[-0.1555874,51.5153413],[-0.1555155,51.5153606],[-0.1554397,51.5153933],[-0.1554202,51.5154413],[-0.1554355,51.5154911]]]}},
{"type":"Feature","properties":{"highway":"footway","name":null,"category":"Footpath (pedestrian only)"},"geometry":{"type":"MultiLineString","coordinates":[[[-0.1557106,51.5155322],[-0.155715,51.5155585],[-0.1557236,51.5155829],[-0.155709,51.5155947],[-0.1556458,51.5156072],[-0.1556211,51.515603],[-0.1556043,51.5155773],[-0.1555831,51.5155543]]]}},
{"type":"Feature","properties":{"highway":"footway","name":null,"category":"Footpath (pedestrian only)"},"geometry":{"type":"MultiLineString","coordinates":[[[-0.1522174,51.5168016],[-0.1521865,51.5168052],[-0.152141,51.5168105]]]}},
{"type":"Feature","properties":{"highway":"footway","name":null,"category":"Footpath (pedestrian only)"},"geometry":{"type":"MultiLineString","coordinates":[[[-0.1627307,51.5211311],[-0.1627415,51.52116],[-0.1627552,51.5211969]]]}},
{"type":"Feature","properties":{"highway":"footway","name":null,"category":"Footpath (pedestrian only)"},"geometry":{"type":"MultiLineString","coordinates":[[[-0.1599637,51.5215807],[-0.1599886,51.5216332],[-0.1600146,51.5216875]]]}},
{"type":"Feature","properties":{"highway":"footway","name":null,"category":"Footpath (pedestrian only)"},"geometry":{"type":"MultiLineString","coordinates":[[[-0.1611985,51.5215422],[-0.1611587,51.5215124]]]}},
{"type":"Feature","properties":{"highway":"footway","name":null,"category":"Footpath (pedestrian only)"},"geometry":{"type":"MultiLineString","coordinates":[[[-0.1673901,51.5182554],[-0.1673234,51.5182125],[-0.1672382,51.5181659]]]}},
{"type":"Feature","properties":{"highway":"footway","name":null,"category":"Footpath (pedestrian only)"},"geometry":{"type":"MultiLineString","coordinates":[[[-0.1673424,51.518067],[-0.1673684,51.5180472],[-0.1673987,51.5180241]]]}},
{"type":"Feature","properties":{"highway":"footway","name":null,"category":"Footpath (pedestrian only)"},"geometry":{"type":"MultiLineString","coordinates":[[[-0.1692344,51.5192888],[-0.1692058,51.5193073],[-0.1691707,51.5193281]]]}},
{"type":"Feature","properties":{"highway":"footway","name":null,"category":"Footpath (pedestrian only)"},"geometry":{"type":"MultiLineString","coordinates":[[[-0.1690115,51.519113],[-0.1690741,51.5191549],[-0.169099,51.5191593]]]}},
{"type":"Feature","properties":{"highway":"footway","name":null,"category":"Footpath (pedestrian only)"},"geometry":{"type":"MultiLineString","coordinates":[[[-0.1702527,51.5202195],[-0.1702267,51.5202217],[-0.1701431,51.5202811],[-0.1701361,51.5202879],[-0.1701293,51.5202945],[-0.1700979,51.5203063]]]}},
{"type":"Feature","properties":{"highway":"footway","name":null,"category":"Footpath (pedestrian only)"},"geometry":{"type":"MultiLineString","coordinates":[[[-0.1701323,51.5201236],[-0.1700853,51.5201522],[-0.1700479,51.5201741],[-0.1699736,51.5201786],[-0.1697645,51.5201923],[-0.1695248,51.5202148],[-0.1694599,51.5201947]]]}},
{"type":"Feature","properties":{"highway":"footway","name":null,"category":"Footpath (pedestrian only)"},"geometry":{"type":"MultiLineString","coordinates":[[[-0.1700505,51.5203863],[-0.1700742,51.5204127],[-0.1701268,51.5203946],[-0.1701768,51.5203777],[-0.1701456,51.5203495],[-0.1700979,51.5203063],[-0.1700061,51.5203392],[-0.1700505,51.5203863]]]}},
{"type":"Feature","properties":{"highway":"footway","name":null,"category":"Footpath (pedestrian only)"},"geometry":{"type":"MultiLineString","coordinates":[[[-0.1700505,51.5203863],[-0.1701011,51.5203674],[-0.1701456,51.5203495]]]}},
{"type":"Feature","properties":{"highway":"footway","name":null,"category":"Footpath (pedestrian only)"},"geometry":{"type":"MultiLineString","coordinates":[[[-0.1658813,51.5169795],[-0.1658504,51.516998],[-0.165818,51.5170173]]]}},
{"type":"Feature","properties":{"highway":"footway","name":null,"category":"Footpath (pedestrian only)"},"geometry":{"type":"MultiLineString","coordinates":[[[-0.1628613,51.5151168],[-0.1629157,51.515109],[-0.1629608,51.5151024]]]}},
{"type":"Feature","properties":{"highway":"footway","name":null,"category":"Footpath (pedestrian only)"},"geometry":{"type":"MultiLineString","coordinates":[[[-0.1614731,51.5141048],[-0.1614912,51.5140941],[-0.1615397,51.5140655]]]}},
{"type":"Feature","properties":{"highway":"footway","name":null,"category":"Footpath (pedestrian only)"},"geometry":{"type":"MultiLineString","coordinates":[[[-0.157923,51.5108438],[-0.1579876,51.5109448]]]}},
{"type":"Feature","properties":{"highway":"footway","name":null,"category":"Footpath (pedestrian only)"},"geometry":{"type":"MultiLineString","coordinates":[[[-0.1578565,51.5219752],[-0.157872,51.5220107],[-0.1578867,51.5220418]]]}},
{"type":"Feature","properties":{"highway":"footway","name":null,"category":"Footpath (pedestrian only)"},"geometry":{"type":"MultiLineString","coordinates":[[[-0.1572901,51.522062],[-0.1573085,51.5221058],[-0.1573266,51.5221476]]]}},
{"type":"Feature","properties":{"highway":"footway","name":null,"category":"Footpath (pedestrian only)"},"geometry":{"type":"MultiLineString","coordinates":[[[-0.1556865,51.5225588],[-0.1556604,51.5225029],[-0.1556466,51.5224733]]]}},
{"type":"Feature","properties":{"highway":"footway","name":null,"category":"Footpath (pedestrian only)"},"geometry":{"type":"MultiLineString","coordinates":[[[-0.1583649,51.5134047],[-0.1583427,51.5134147],[-0.1583202,51.5134275],[-0.1582834,51.5134429],[-0.1582661,51.5134516],[-0.1582579,51.5134641],[-0.1582598,51.5134727]]]}},
{"type":"Feature","properties":{"highway":"footway","name":null,"category":"Footpath (pedestrian only)"},"geometry":{"type":"MultiLineString","coordinates":[[[-0.1706077,51.5189283],[-0.1703937,51.5189227]]]}},
{"type":"Feature","properties":{"highway":"footway","name":null,"category":"Footpath (pedestrian only)"},"geometry":{"type":"MultiLineString","coordinates":[[[-0.1739633,51.5185216],[-0.1727801,51.5187359]]]}},
{"type":"Feature","properties":{"highway":"footway","name":null,"category":"Footpath (pedestrian only)"},"geometry":{"type":"MultiLineString","coordinates":[[[-0.158543,51.512855],[-0.1586654,51.5132131]]]}},
{"type":"Feature","properties":{"highway":"footway","name":null,"category":"Footpath (pedestrian only)"},"geometry":{"type":"MultiLineString","coordinates":[[[-0.1585309,51.5128566],[-0.158543,51.512855],[-0.1585864,51.5128492]]]}},
{"type":"Feature","properties":{"highway":"footway","name":null,"category":"Footpath (pedestrian only)"},"geometry":{"type":"MultiLineString","coordinates":[[[-0.158541,51.5128927],[-0.1585776,51.5128874],[-0.1585759,51.5129211],[-0.1584036,51.51294],[-0.1583828,51.5131399],[-0.1583565,51.5133925],[-0.1584752,51.5134998],[-0.1585158,51.5136158],[-0.1584122,51.5136281]]]}},
{"type":"Feature","properties":{"highway":"footway","name":null,"category":"Footpath (pedestrian only)"},"geometry":{"type":"MultiLineString","coordinates":[[[-0.1509635,51.5131543],[-0.1519549,51.5129606],[-0.15199,51.512968],[-0.1520029,51.512993],[-0.1520508,51.5130883],[-0.1520636,51.5131119],[-0.1520578,51.513119],[-0.1520529,51.513125],[-0.1515289,51.5132258],[-0.1514332,51.5132424],[-0.1514062,51.513247],[-0.1510405,51.5133158],[-0.151025,51.5132783],[-0.1509798,51.5131838],[-0.1509635,51.5131543]]]}},
{"type":"Feature","properties":{"highway":"footway","name":null,"category":"Footpath (pedestrian only)"},"geometry":{"type":"MultiLineString","coordinates":[[[-0.1583202,51.5134275],[-0.1582644,51.5133999]]]}},
{"type":"Feature","properties":{"highway":"footway","name":null,"category":"Footpath (pedestrian only)"},"geometry":{"type":"MultiLineString","coordinates":[[[-0.1582644,51.5133999],[-0.1582181,51.5133823],[-0.1581748,51.5133659]]]}},
{"type":"Feature","properties":{"highway":"footway","name":null,"category":"Footpath (pedestrian only)"},"geometry":{"type":"MultiLineString","coordinates":[[[-0.1727282,51.519806],[-0.1727272,51.5197937],[-0.1721964,51.5197964]]]}},
{"type":"Feature","properties":{"highway":"footway","name":null,"category":"Footpath (pedestrian only)"},"geometry":{"type":"MultiLineString","coordinates":[[[-0.1727163,51.5201238],[-0.1727282,51.519806]]]}},
{"type":"Feature","properties":{"highway":"footway","name":null,"category":"Footpath (pedestrian only)"},"geometry":{"type":"MultiLineString","coordinates":[[[-0.1721964,51.5197964],[-0.1721682,51.5197947],[-0.1721536,51.5197892],[-0.1721441,51.5197789],[-0.1721442,51.51976]]]}},
{"type":"Feature","properties":{"highway":"footway","name":null,"category":"Footpath (pedestrian only)"},"geometry":{"type":"MultiLineString","coordinates":[[[-0.1729621,51.5197705],[-0.1727638,51.51977],[-0.172745,51.5197742],[-0.1727316,51.5197825],[-0.1727272,51.5197937]]]}},
{"type":"Feature","properties":{"highway":"footway","name":null,"category":"Footpath (pedestrian only)"},"geometry":{"type":"MultiLineString","coordinates":[[[-0.173089,51.5197711],[-0.1731213,51.5197691],[-0.1731674,51.5197618]]]}},
{"type":"Feature","properties":{"highway":"footway","name":null,"category":"Footpath (pedestrian only)"},"geometry":{"type":"MultiLineString","coordinates":[[[-0.1727153,51.5201382],[-0.1727163,51.5201238]]]}},
{"type":"Feature","properties":{"highway":"footway","name":null,"category":"Footpath (pedestrian only)"},"geometry":{"type":"MultiLineString","coordinates":[[[-0.1727272,51.5197937],[-0.173091,51.5197964]]]}},
{"type":"Feature","properties":{"highway":"footway","name":null,"category":"Footpath (pedestrian only)"},"geometry":{"type":"MultiLineString","coordinates":[[[-0.1732253,51.5197618],[-0.1731674,51.5197618],[-0.1730922,51.5197372],[-0.1727168,51.51974],[-0.1726724,51.5197413],[-0.1726256,51.5197458],[-0.1725601,51.5197531],[-0.1725132,51.5197568],[-0.1721442,51.51976],[-0.1720837,51.5197598]]]}},
{"type":"Feature","properties":{"highway":"footway","name":null,"category":"Footpath (pedestrian only)"},"geometry":{"type":"MultiLineString","coordinates":[[[-0.1722022,51.5201231],[-0.1727153,51.5201382],[-0.1727396,51.5201388]]]}},
{"type":"Feature","properties":{"highway":"footway","name":null,"category":"Footpath (pedestrian only)"},"geometry":{"type":"MultiLineString","coordinates":[[[-0.1729983,51.5201753],[-0.1729688,51.5201602],[-0.1729435,51.5201522],[-0.1729145,51.5201456],[-0.1728771,51.5201427]]]}},
{"type":"Feature","properties":{"highway":"footway","name":null,"category":"Footpath (pedestrian only)"},"geometry":{"type":"MultiLineString","coordinates":[[[-0.172109,51.5201438],[-0.1721568,51.5201242],[-0.1722022,51.5201231]]]}},
{"type":"Feature","properties":{"highway":"footway","name":"Harrow Road","category":"Footpath (pedestrian only)"},"geometry":{"type":"MultiLineString","coordinates":[[[-0.1730956,51.5202166],[-0.1730674,51.5202212],[-0.1730345,51.5201953],[-0.1729983,51.5201753],[-0.1728559,51.520172],[-0.172195,51.5201569],[-0.1721481,51.5201544],[-0.172109,51.5201438],[-0.1719443,51.5201486],[-0.171592,51.5201371],[-0.1712521,51.5201392]]]}},
{"type":"Feature","properties":{"highway":"footway","name":null,"category":"Footpath (pedestrian only)"},"geometry":{"type":"MultiLineString","coordinates":[[[-0.1585776,51.5128874],[-0.1585377,51.5127185],[-0.158483,51.5124869],[-0.1588038,51.5124333],[-0.1586827,51.512123],[-0.158589,51.511883]]]}},
{"type":"Feature","properties":{"highway":"footway","name":"Grotto Passage","category":"Footpath (pedestrian only)"},"geometry":{"type":"MultiLineString","coordinates":[[[-0.1528907,51.5206564],[-0.1528793,51.5205873]]]}},
{"type":"Feature","properties":{"highway":"footway","name":"Grotto Passage","category":"Footpath (pedestrian only)"},"geometry":{"type":"MultiLineString","coordinates":[[[-0.1528793,51.5205873],[-0.1528731,51.5205231],[-0.1528535,51.5205239],[-0.1528233,51.5202751]]]}},
{"type":"Feature","properties":{"highway":"footway","name":null,"category":"Footpath (pedestrian only)"},"geometry":{"type":"MultiLineString","coordinates":[[[-0.1729322,51.5162473],[-0.1733927,51.5159853],[-0.1740507,51.5156176],[-0.1741014,51.5155116],[-0.1739414,51.5155333],[-0.1732688,51.5158967],[-0.1728006,51.5161533]]]}},
{"type":"Feature","properties":{"highway":"footway","name":null,"category":"Footpath (pedestrian only)"},"geometry":{"type":"MultiLineString","coordinates":[[[-0.1727409,51.5162693],[-0.1728059,51.5163157],[-0.1729322,51.5162473],[-0.1728006,51.5161533],[-0.1726744,51.5162217],[-0.1727409,51.5162693]]]}},
{"type":"Feature","properties":{"highway":"footway","name":null,"category":"Footpath (pedestrian only)"},"geometry":{"type":"MultiLineString","coordinates":[[[-0.1727409,51.5162693],[-0.1727119,51.5162851],[-0.1726497,51.5163179]]]}},
{"type":"Feature","properties":{"highway":"footway","name":null,"category":"Footpath (pedestrian only)"},"geometry":{"type":"MultiLineString","coordinates":[[[-0.1707826,51.5130789],[-0.1707695,51.5130486],[-0.1707516,51.5130005]]]}},
{"type":"Feature","properties":{"highway":"footway","name":null,"category":"Footpath (pedestrian only)"},"geometry":{"type":"MultiLineString","coordinates":[[[-0.1572502,51.5223584],[-0.1572385,51.5223477]]]}},
{"type":"Feature","properties":{"highway":"footway","name":null,"category":"Footpath (pedestrian only)"},"geometry":{"type":"MultiLineString","coordinates":[[[-0.1570608,51.5220668],[-0.1570509,51.522091],[-0.1570255,51.5221567]]]}},
{"type":"Feature","properties":{"highway":"footway","name":"The Fan Bridge","category":"Footpath (pedestrian only)"},"geometry":{"type":"MultiLineString","coordinates":[[[-0.1719804,51.5187406],[-0.1717815,51.5186119]]]}},
{"type":"Feature","properties":{"highway":"footway","name":null,"category":"Footpath (pedestrian only)"},"geometry":{"type":"MultiLineString","coordinates":[[[-0.1719092,51.5188909],[-0.1718507,51.518765]]]}},
{"type":"Feature","properties":{"highway":"footway","name":null,"category":"Footpath (pedestrian only)"},"geometry":{"type":"MultiLineString","coordinates":[[[-0.1624974,51.5123539],[-0.1625,51.5123124]]]}},
{"type":"Feature","properties":{"highway":"footway","name":null,"category":"Footpath (pedestrian only)"},"geometry":{"type":"MultiLineString","coordinates":[[[-0.1521122,51.5180388],[-0.1520949,51.5180538],[-0.1521007,51.51808]]]}},
{"type":"Feature","properties":{"highway":"footway","name":null,"category":"Footpath (pedestrian only)"},"geometry":{"type":"MultiLineString","coordinates":[[[-0.1583937,51.5135654],[-0.1583827,51.5135285]]]}},
{"type":"Feature","properties":{"highway":"footway","name":null,"category":"Footpath (pedestrian only)"},"geometry":{"type":"MultiLineString","coordinates":[[[-0.1610858,51.5136414],[-0.1609688,51.5136544],[-0.1608375,51.5136696]]]}},
{"type":"Feature","properties":{"highway":"footway","name":null,"category":"Footpath (pedestrian only)"},"geometry":{"type":"MultiLineString","coordinates":[[[-0.1535275,51.5203412],[-0.1534745,51.5203432],[-0.1532958,51.5203506],[-0.1530659,51.5203513],[-0.1530641,51.520282]]]}},
{"type":"Feature","properties":{"highway":"footway","name":null,"category":"Footpath (pedestrian only)"},"geometry":{"type":"MultiLineString","coordinates":[[[-0.1574317,51.5118704],[-0.1574241,51.5118562]]]}},
{"type":"Feature","properties":{"highway":"footway","name":null,"category":"Footpath (pedestrian only)"},"geometry":{"type":"MultiLineString","coordinates":[[[-0.1573803,51.5117715],[-0.1574241,51.5118562]]]}},
{"type":"Feature","properties":{"highway":"footway","name":null,"category":"Footpath (pedestrian only)"},"geometry":{"type":"MultiLineString","coordinates":[[[-0.1574149,51.511857],[-0.1573739,51.5117728],[-0.1573803,51.5117715]]]}},
{"type":"Feature","properties":{"highway":"footway","name":"Joe Strummer Subway","category":"Footpath (pedestrian only)"},"geometry":{"type":"MultiLineString","coordinates":[[[-0.1708927,51.5203203],[-0.1712173,51.5205831]]]}},
{"type":"Feature","properties":{"highway":"footway","name":null,"category":"Footpath (pedestrian only)"},"geometry":{"type":"MultiLineString","coordinates":[[[-0.1700102,51.5200366],[-0.1698069,51.5198979]]]}},
{"type":"Feature","properties":{"highway":"footway","name":null,"category":"Footpath (pedestrian only)"},"geometry":{"type":"MultiLineString","coordinates":[[[-0.1698069,51.5198979],[-0.1697271,51.5198523],[-0.1697148,51.5198447]]]}},
{"type":"Feature","properties":{"highway":"footway","name":null,"category":"Footpath (pedestrian only)"},"geometry":{"type":"MultiLineString","coordinates":[[[-0.1699254,51.5189646],[-0.1700319,51.5189128]]]}},
{"type":"Feature","properties":{"highway":"footway","name":null,"category":"Footpath (pedestrian only)"},"geometry":{"type":"MultiLineString","coordinates":[[[-0.1698958,51.5188192],[-0.1698403,51.5187828],[-0.169801,51.518758]]]}},
{"type":"Feature","properties":{"highway":"footway","name":null,"category":"Footpath (pedestrian only)"},"geometry":{"type":"MultiLineString","coordinates":[[[-0.1720748,51.5118526],[-0.1720378,51.511738],[-0.1720166,51.5117174],[-0.1719606,51.5116989],[-0.1718975,51.5116866],[-0.1718148,51.5116753],[-0.1705522,51.5116897],[-0.1700615,51.5117225],[-0.1694071,51.5117844],[-0.1687012,51.5118731],[-0.1686043,51.5118908],[-0.1678016,51.5120126],[-0.1664482,51.5121836],[-0.1662034,51.5122001],[-0.1646142,51.5123052],[-0.1642251,51.5123355],[-0.1639656,51.5123556],[-0.1638398,51.5123629],[-0.163635,51.5123659],[-0.1634537,51.5123629],[-0.1632546,51.5123568],[-0.1628977,51.5123337],[-0.1625,51.5123124],[-0.1624682,51.5123123]]]}},
{"type":"Feature","properties":{"highway":"footway","name":null,"category":"Footpath (pedestrian only)"},"geometry":{"type":"MultiLineString","coordinates":[[[-0.1540323,51.5139596],[-0.154025,51.5139209]]]}},
{"type":"Feature","properties":{"highway":"footway","name":null,"category":"Footpath (pedestrian only)"},"geometry":{"type":"MultiLineString","coordinates":[[[-0.1514073,51.5140853],[-0.1518844,51.5140245],[-0.1519337,51.5140182],[-0.1519971,51.5140108],[-0.152451,51.5139582],[-0.1525325,51.5139488],[-0.1525762,51.5139436],[-0.1535456,51.5138291]]]}},
{"type":"Feature","properties":{"highway":"footway","name":"Oxford Street","category":"Footpath (pedestrian only)"},"geometry":{"type":"MultiLineString","coordinates":[[[-0.1559401,51.5138615],[-0.1559047,51.5138583],[-0.1558134,51.5138205],[-0.1547905,51.5139008],[-0.1540323,51.5139596],[-0.1539388,51.5140002],[-0.1539226,51.5140072]]]}},
{"type":"Feature","properties":{"highway":"footway","name":null,"category":"Footpath (pedestrian only)"},"geometry":{"type":"MultiLineString","coordinates":[[[-0.1536032,51.5139924],[-0.1525849,51.5141085],[-0.151467,51.5142394]]]}},
{"type":"Feature","properties":{"highway":"footway","name":null,"category":"Footpath (pedestrian only)"},"geometry":{"type":"MultiLineString","coordinates":[[[-0.1536032,51.5139924],[-0.1535902,51.5139536]]]}},
{"type":"Feature","properties":{"highway":"footway","name":null,"category":"Footpath (pedestrian only)"},"geometry":{"type":"MultiLineString","coordinates":[[[-0.1513349,51.5140946],[-0.1513061,51.5140984],[-0.1512785,51.5141016]]]}},
{"type":"Feature","properties":{"highway":"footway","name":null,"category":"Footpath (pedestrian only)"},"geometry":{"type":"MultiLineString","coordinates":[[[-0.1525719,51.5140711],[-0.1525607,51.5140364],[-0.1525506,51.5140053]]]}},
{"type":"Feature","properties":{"highway":"footway","name":null,"category":"Footpath (pedestrian only)"},"geometry":{"type":"MultiLineString","coordinates":[[[-0.1525325,51.5139488],[-0.1524707,51.5138417]]]}},
{"type":"Feature","properties":{"highway":"footway","name":null,"category":"Footpath (pedestrian only)"},"geometry":{"type":"MultiLineString","coordinates":[[[-0.1512258,51.5141074],[-0.1507369,51.5141555],[-0.1507133,51.5141578]]]}},
{"type":"Feature","properties":{"highway":"footway","name":null,"category":"Footpath (pedestrian only)"},"geometry":{"type":"MultiLineString","coordinates":[[[-0.1513343,51.5142645],[-0.1513762,51.5142597],[-0.1514181,51.5142549]]]}},
{"type":"Feature","properties":{"highway":"footway","name":null,"category":"Footpath (pedestrian only)"},"geometry":{"type":"MultiLineString","coordinates":[[[-0.1512565,51.5142169],[-0.1512501,51.5141864],[-0.1512437,51.514156]]]}},
{"type":"Feature","properties":{"highway":"footway","name":null,"category":"Footpath (pedestrian only)"},"geometry":{"type":"MultiLineString","coordinates":[[[-0.1507133,51.5141578],[-0.1506935,51.5141575],[-0.1506621,51.5141611]]]}},
{"type":"Feature","properties":{"highway":"footway","name":null,"category":"Footpath (pedestrian only)"},"geometry":{"type":"MultiLineString","coordinates":[[[-0.1503301,51.5143273],[-0.1504499,51.514304],[-0.1507591,51.5142771],[-0.1512735,51.514252]]]}},
{"type":"Feature","properties":{"highway":"footway","name":null,"category":"Footpath (pedestrian only)"},"geometry":{"type":"MultiLineString","coordinates":[[[-0.1687232,51.5156387],[-0.1685738,51.5157217]]]}},
{"type":"Feature","properties":{"highway":"footway","name":null,"category":"Footpath (pedestrian only)"},"geometry":{"type":"MultiLineString","coordinates":[[[-0.1685738,51.5157217],[-0.168541,51.5157422],[-0.1688418,51.515957]]]}},
{"type":"Feature","properties":{"highway":"footway","name":null,"category":"Footpath (pedestrian only)"},"geometry":{"type":"MultiLineString","coordinates":[[[-0.1688899,51.5159312],[-0.1690363,51.515848]]]}},
{"type":"Feature","properties":{"highway":"footway","name":null,"category":"Footpath (pedestrian only)"},"geometry":{"type":"MultiLineString","coordinates":[[[-0.1690363,51.515848],[-0.169055,51.5158391],[-0.1691018,51.5158125]]]}},
{"type":"Feature","properties":{"highway":"footway","name":null,"category":"Footpath (pedestrian only)"},"geometry":{"type":"MultiLineString","coordinates":[[[-0.1688418,51.515957],[-0.1688899,51.5159312]]]}},
{"type":"Feature","properties":{"highway":"footway","name":"Cato Street","category":"Footpath (pedestrian only)"},"geometry":{"type":"MultiLineString","coordinates":[[[-0.164351,51.517481],[-0.1642844,51.5174231]]]}},
{"type":"Feature","properties":{"highway":"footway","name":"Cato Street","category":"Footpath (pedestrian only)"},"geometry":{"type":"MultiLineString","coordinates":[[[-0.1642844,51.5174231],[-0.1642682,51.5174094],[-0.1642155,51.5173657]]]}},
{"type":"Feature","properties":{"highway":"footway","name":null,"category":"Footpath (pedestrian only)"},"geometry":{"type":"MultiLineString","coordinates":[[[-0.1666103,51.5126401],[-0.1665839,51.5126427],[-0.1665619,51.5126448]]]}},
{"type":"Feature","properties":{"highway":"footway","name":null,"category":"Footpath (pedestrian only)"},"geometry":{"type":"MultiLineString","coordinates":[[[-0.157489,51.5223003],[-0.1575917,51.5222822],[-0.1576525,51.522272]]]}},
{"type":"Feature","properties":{"highway":"footway","name":"Baker Street","category":"Footpath (pedestrian only)"},"geometry":{"type":"MultiLineString","coordinates":[[[-0.1571315,51.5215378],[-0.1572682,51.5218573],[-0.1573342,51.5220099],[-0.1573143,51.5220254]]]}},
{"type":"Feature","properties":{"highway":"footway","name":null,"category":"Footpath (pedestrian only)"},"geometry":{"type":"MultiLineString","coordinates":[[[-0.1574514,51.5218269],[-0.1573909,51.5218376],[-0.1573034,51.5218529]]]}},
{"type":"Feature","properties":{"highway":"footway","name":null,"category":"Footpath (pedestrian only)"},"geometry":{"type":"MultiLineString","coordinates":[[[-0.1578432,51.5219467],[-0.157544,51.522]]]}},
{"type":"Feature","properties":{"highway":"footway","name":null,"category":"Footpath (pedestrian only)"},"geometry":{"type":"MultiLineString","coordinates":[[[-0.1618046,51.5196317],[-0.1615059,51.5197741]]]}},
{"type":"Feature","properties":{"highway":"footway","name":null,"category":"Footpath (pedestrian only)"},"geometry":{"type":"MultiLineString","coordinates":[[[-0.159967,51.5129907],[-0.1598718,51.5129989],[-0.1597901,51.5130076]]]}},
{"type":"Feature","properties":{"highway":"footway","name":null,"category":"Footpath (pedestrian only)"},"geometry":{"type":"MultiLineString","coordinates":[[[-0.1597901,51.5130076],[-0.1591158,51.513092],[-0.1590612,51.5130988]]]}},
{"type":"Feature","properties":{"highway":"footway","name":null,"category":"Footpath (pedestrian only)"},"geometry":{"type":"MultiLineString","coordinates":[[[-0.1702059,51.5220197],[-0.1701273,51.5220239],[-0.1700777,51.522024],[-0.1700287,51.5220241],[-0.1698351,51.5220243],[-0.1697313,51.522038],[-0.169658,51.5220476],[-0.1695192,51.5220869],[-0.169481,51.5220977],[-0.1693415,51.5221544],[-0.1692289,51.5222178],[-0.1691913,51.5222513],[-0.1691476,51.5222937],[-0.1691323,51.522308],[-0.1690906,51.5223959],[-0.1690854,51.5224068],[-0.1690626,51.5224548],[-0.1690196,51.5225661],[-0.169035,51.5226202],[-0.169047,51.5226891]]]}},
{"type":"Feature","properties":{"highway":"footway","name":null,"category":"Footpath (pedestrian only)"},"geometry":{"type":"MultiLineString","coordinates":[[[-0.1687124,51.5223727],[-0.168859,51.5223538],[-0.1688808,51.5223465]]]}},
{"type":"Feature","properties":{"highway":"footway","name":null,"category":"Footpath (pedestrian only)"},"geometry":{"type":"MultiLineString","coordinates":[[[-0.1722839,51.5185141],[-0.1722931,51.5185407],[-0.1729371,51.5184306],[-0.1737444,51.5182871],[-0.1750552,51.5180777]]]}},
{"type":"Feature","properties":{"highway":"footway","name":"Manchester Square","category":"Footpath (pedestrian only)"},"geometry":{"type":"MultiLineString","coordinates":[[[-0.152401,51.5164419],[-0.1519454,51.5165322],[-0.1520321,51.5167798]]]}},
{"type":"Feature","properties":{"highway":"footway","name":"Sussex Mews East","category":"Footpath (pedestrian only)"},"geometry":{"type":"MultiLineString","coordinates":[[[-0.1722432,51.5132977],[-0.1721723,51.513252]]]}},
{"type":"Feature","properties":{"highway":"footway","name":null,"category":"Footpath (pedestrian only)"},"geometry":{"type":"MultiLineString","coordinates":[[[-0.1725784,51.5130232],[-0.172514,51.5130104]]]}},
{"type":"Feature","properties":{"highway":"footway","name":null,"category":"Footpath (pedestrian only)"},"geometry":{"type":"MultiLineString","coordinates":[[[-0.1703129,51.5203355],[-0.1703175,51.5203268],[-0.1703024,51.5203254]]]}},
{"type":"Feature","properties":{"highway":"footway","name":null,"category":"Footpath (pedestrian only)"},"geometry":{"type":"MultiLineString","coordinates":[[[-0.1703799,51.5203506],[-0.1703354,51.5203184],[-0.1703175,51.5203268]]]}},
{"type":"Feature","properties":{"highway":"footway","name":null,"category":"Footpath (pedestrian only)"},"geometry":{"type":"MultiLineString","coordinates":[[[-0.170001,51.5204975],[-0.1699979,51.5205067],[-0.1700116,51.5205057]]]}},
{"type":"Feature","properties":{"highway":"footway","name":null,"category":"Footpath (pedestrian only)"},"geometry":{"type":"MultiLineString","coordinates":[[[-0.1700248,51.5205477],[-0.1699798,51.5205148],[-0.1699979,51.5205067]]]}},
{"type":"Feature","properties":{"highway":"footway","name":null,"category":"Footpath (pedestrian only)"},"geometry":{"type":"MultiLineString","coordinates":[[[-0.1703236,51.5205567],[-0.1703248,51.5205477],[-0.1703105,51.5205466]]]}},
{"type":"Feature","properties":{"highway":"footway","name":null,"category":"Footpath (pedestrian only)"},"geometry":{"type":"MultiLineString","coordinates":[[[-0.1702905,51.5205088],[-0.1703344,51.5205435],[-0.1703248,51.5205477]]]}},
{"type":"Feature","properties":{"highway":"footway","name":null,"category":"Footpath (pedestrian only)"},"geometry":{"type":"MultiLineString","coordinates":[[[-0.1704848,51.520463],[-0.1704891,51.5204513],[-0.1704712,51.5204539]]]}},
{"type":"Feature","properties":{"highway":"footway","name":null,"category":"Footpath (pedestrian only)"},"geometry":{"type":"MultiLineString","coordinates":[[[-0.1704498,51.5204134],[-0.1705002,51.5204451],[-0.1704891,51.5204513]]]}},
{"type":"Feature","properties":{"highway":"footway","name":null,"category":"Footpath (pedestrian only)"},"geometry":{"type":"MultiLineString","coordinates":[[[-0.1701791,51.520419],[-0.1701943,51.5204154]]]}},
{"type":"Feature","properties":{"highway":"footway","name":null,"category":"Footpath (pedestrian only)"},"geometry":{"type":"MultiLineString","coordinates":[[[-0.1702179,51.5204504],[-0.1702029,51.5204539]]]}},
{"type":"Feature","properties":{"highway":"footway","name":null,"category":"Footpath (pedestrian only)"},"geometry":{"type":"MultiLineString","coordinates":[[[-0.1702484,51.5203812],[-0.1702336,51.5203896]]]}},
{"type":"Feature","properties":{"highway":"footway","name":null,"category":"Footpath (pedestrian only)"},"geometry":{"type":"MultiLineString","coordinates":[[[-0.1702197,51.520522],[-0.1701893,51.520538]]]}},
{"type":"Feature","properties":{"highway":"footway","name":null,"category":"Footpath (pedestrian only)"},"geometry":{"type":"MultiLineString","coordinates":[[[-0.170093,51.5204602],[-0.1700741,51.5204697]]]}},
{"type":"Feature","properties":{"highway":"footway","name":null,"category":"Footpath (pedestrian only)"},"geometry":{"type":"MultiLineString","coordinates":[[[-0.1702494,51.5203538],[-0.170221,51.5203624]]]}},
{"type":"Feature","properties":{"highway":"footway","name":null,"category":"Footpath (pedestrian only)"},"geometry":{"type":"MultiLineString","coordinates":[[[-0.170221,51.5203624],[-0.1701268,51.5203946],[-0.1700569,51.5204182]]]}},
{"type":"Feature","properties":{"highway":"footway","name":null,"category":"Footpath (pedestrian only)"},"geometry":{"type":"MultiLineString","coordinates":[[[-0.1702774,51.5205813],[-0.1702585,51.520582],[-0.1702642,51.5205712]]]}},
{"type":"Feature","properties":{"highway":"footway","name":null,"category":"Footpath (pedestrian only)"},"geometry":{"type":"MultiLineString","coordinates":[[[-0.1700544,51.5204722],[-0.1700741,51.5204697],[-0.1700644,51.5204809]]]}},
{"type":"Feature","properties":{"highway":"footway","name":null,"category":"Footpath (pedestrian only)"},"geometry":{"type":"MultiLineString","coordinates":[[[-0.1702678,51.5203539],[-0.1702494,51.5203538],[-0.1702563,51.5203442]]]}},
{"type":"Feature","properties":{"highway":"footway","name":null,"category":"Footpath (pedestrian only)"},"geometry":{"type":"MultiLineString","coordinates":[[[-0.1704279,51.5204886],[-0.1704161,51.5204952],[-0.1702484,51.5203812],[-0.170221,51.5203624],[-0.1701831,51.5203368],[-0.1701011,51.5203674],[-0.1700345,51.5203919],[-0.1700569,51.5204182],[-0.170093,51.5204602],[-0.1701893,51.520538],[-0.1702495,51.5205864],[-0.1702585,51.520582]]]}},
{"type":"Feature","properties":{"highway":"footway","name":null,"category":"Footpath (pedestrian only)"},"geometry":{"type":"MultiLineString","coordinates":[[[-0.1704477,51.520485],[-0.1704279,51.5204886],[-0.1704345,51.5204758]]]}},
{"type":"Feature","properties":{"highway":"footway","name":null,"category":"Footpath (pedestrian only)"},"geometry":{"type":"MultiLineString","coordinates":[[[-0.1702625,51.5204984],[-0.1702781,51.5204898],[-0.1702625,51.5204788]]]}},
{"type":"Feature","properties":{"highway":"footway","name":null,"category":"Footpath (pedestrian only)"},"geometry":{"type":"MultiLineString","coordinates":[[[-0.1702232,51.5204512],[-0.1702046,51.5204557]]]}},
{"type":"Feature","properties":{"highway":"footway","name":null,"category":"Footpath (pedestrian only)"},"geometry":{"type":"MultiLineString","coordinates":[[[-0.1702506,51.5204702],[-0.1702232,51.5204512],[-0.1702315,51.5204413]]]}},
{"type":"Feature","properties":{"highway":"footway","name":null,"category":"Footpath (pedestrian only)"},"geometry":{"type":"MultiLineString","coordinates":[[[-0.1702218,51.5204236],[-0.1702001,51.5204092],[-0.1702144,51.5204005]]]}},
{"type":"Feature","properties":{"highway":"footway","name":null,"category":"Footpath (pedestrian only)"},"geometry":{"type":"MultiLineString","coordinates":[[[-0.1701768,51.5203777],[-0.1702002,51.5203988],[-0.1701787,51.5204187]]]}},
{"type":"Feature","properties":{"highway":"footway","name":null,"category":"Footpath (pedestrian only)"},"geometry":{"type":"MultiLineString","coordinates":[[[-0.1627552,51.5211969],[-0.1627633,51.5212185],[-0.1625554,51.5212499],[-0.1625619,51.5212673]]]}},
{"type":"Feature","properties":{"highway":"footway","name":null,"category":"Footpath (pedestrian only)"},"geometry":{"type":"MultiLineString","coordinates":[[[-0.1578867,51.5220418],[-0.157892,51.5220533],[-0.1577111,51.5220859],[-0.1577171,51.5220987]]]}},
{"type":"Feature","properties":{"highway":"footway","name":null,"category":"Footpath (pedestrian only)"},"geometry":{"type":"MultiLineString","coordinates":[[[-0.1598053,51.5217559],[-0.1598155,51.5217805],[-0.1598394,51.5218385]]]}},
{"type":"Feature","properties":{"highway":"footway","name":null,"category":"Footpath (pedestrian only)"},"geometry":{"type":"MultiLineString","coordinates":[[[-0.1600146,51.5216875],[-0.1600206,51.5217022],[-0.1598208,51.5217366],[-0.1598053,51.5217559]]]}},
{"type":"Feature","properties":{"highway":"footway","name":null,"category":"Footpath (pedestrian only)"},"geometry":{"type":"MultiLineString","coordinates":[[[-0.1573353,51.5221692],[-0.1573522,51.5222054],[-0.1573744,51.5222588]]]}},
{"type":"Feature","properties":{"highway":"footway","name":null,"category":"Footpath (pedestrian only)"},"geometry":{"type":"MultiLineString","coordinates":[[[-0.160919,51.5214819],[-0.1608988,51.5214436],[-0.160886,51.5214192]]]}},
{"type":"Feature","properties":{"highway":"footway","name":null,"category":"Footpath (pedestrian only)"},"geometry":{"type":"MultiLineString","coordinates":[[[-0.1577171,51.5220987],[-0.1577305,51.522142],[-0.1577493,51.5222026]]]}},
{"type":"Feature","properties":{"highway":"footway","name":null,"category":"Footpath (pedestrian only)"},"geometry":{"type":"MultiLineString","coordinates":[[[-0.1556466,51.5224733],[-0.1556412,51.5224633],[-0.155525,51.5224832],[-0.1555188,51.5224732]]]}},
{"type":"Feature","properties":{"highway":"footway","name":null,"category":"Footpath (pedestrian only)"},"geometry":{"type":"MultiLineString","coordinates":[[[-0.1555188,51.5224732],[-0.1554997,51.522436]]]}},
{"type":"Feature","properties":{"highway":"footway","name":null,"category":"Footpath (pedestrian only)"},"geometry":{"type":"MultiLineString","coordinates":[[[-0.1611587,51.5215124],[-0.1611261,51.5215001],[-0.1609253,51.521493]]]}},
{"type":"Feature","properties":{"highway":"footway","name":null,"category":"Footpath (pedestrian only)"},"geometry":{"type":"MultiLineString","coordinates":[[[-0.1573266,51.5221476],[-0.1573353,51.5221692]]]}},
{"type":"Feature","properties":{"highway":"footway","name":null,"category":"Footpath (pedestrian only)"},"geometry":{"type":"MultiLineString","coordinates":[[[-0.153093,51.5207503],[-0.1530684,51.5207347],[-0.153045,51.5207203]]]}},
{"type":"Feature","properties":{"highway":"footway","name":null,"category":"Footpath (pedestrian only)"},"geometry":{"type":"MultiLineString","coordinates":[[[-0.1530143,51.520713],[-0.1529943,51.5207225]]]}},
{"type":"Feature","properties":{"highway":"footway","name":null,"category":"Footpath (pedestrian only)"},"geometry":{"type":"MultiLineString","coordinates":[[[-0.1529325,51.52076],[-0.1528923,51.5207603],[-0.1520898,51.5207873],[-0.1520373,51.5207959],[-0.1520081,51.5208141],[-0.1519972,51.5208354],[-0.1520009,51.520872],[-0.1520248,51.5210603],[-0.1520273,51.5211641],[-0.1520108,51.5212836],[-0.1520136,51.5212977],[-0.152047,51.5213128],[-0.1520849,51.521321],[-0.1520868,51.5213458]]]}},
{"type":"Feature","properties":{"highway":"footway","name":null,"category":"Footpath (pedestrian only)"},"geometry":{"type":"MultiLineString","coordinates":[[[-0.1691086,51.5191641],[-0.169151,51.5191882],[-0.1692179,51.5192306]]]}},
{"type":"Feature","properties":{"highway":"footway","name":null,"category":"Footpath (pedestrian only)"},"geometry":{"type":"MultiLineString","coordinates":[[[-0.1689187,51.5193011],[-0.1689149,51.5192979],[-0.1688288,51.5192231]]]}},
{"type":"Feature","properties":{"highway":"footway","name":null,"category":"Footpath (pedestrian only)"},"geometry":{"type":"MultiLineString","coordinates":[[[-0.1689812,51.519356],[-0.1689499,51.5193286],[-0.1689187,51.5193011]]]}},
{"type":"Feature","properties":{"highway":"footway","name":null,"category":"Footpath (pedestrian only)"},"geometry":{"type":"MultiLineString","coordinates":[[[-0.1690717,51.5193869],[-0.1690496,51.5194002]]]}},
{"type":"Feature","properties":{"highway":"footway","name":null,"category":"Footpath (pedestrian only)"},"geometry":{"type":"MultiLineString","coordinates":[[[-0.1658036,51.5200014],[-0.1657292,51.5199902],[-0.165647,51.5199779]]]}},
{"type":"Feature","properties":{"highway":"footway","name":null,"category":"Footpath (pedestrian only)"},"geometry":{"type":"MultiLineString","coordinates":[[[-0.1658703,51.5200082],[-0.1658634,51.5200022],[-0.1658423,51.519998],[-0.1658484,51.5199854]]]}},
{"type":"Feature","properties":{"highway":"footway","name":null,"category":"Footpath (pedestrian only)"},"geometry":{"type":"MultiLineString","coordinates":[[[-0.1655523,51.520577],[-0.1655142,51.5205688],[-0.1654139,51.5205851],[-0.1653928,51.5205862]]]}},
{"type":"Feature","properties":{"highway":"footway","name":null,"category":"Footpath (pedestrian only)"},"geometry":{"type":"MultiLineString","coordinates":[[[-0.1655523,51.520577],[-0.1655706,51.5205826],[-0.1656571,51.520609],[-0.1658475,51.5205941]]]}},
{"type":"Feature","properties":{"highway":"footway","name":null,"category":"Footpath (pedestrian only)"},"geometry":{"type":"MultiLineString","coordinates":[[[-0.1657038,51.5208605],[-0.1656005,51.5208696]]]}},
{"type":"Feature","properties":{"highway":"footway","name":null,"category":"Footpath (pedestrian only)"},"geometry":{"type":"MultiLineString","coordinates":[[[-0.1628145,51.5210462],[-0.1628706,51.5210363],[-0.1629013,51.5210309]]]}},
{"type":"Feature","properties":{"highway":"footway","name":null,"category":"Footpath (pedestrian only)"},"geometry":{"type":"MultiLineString","coordinates":[[[-0.1628145,51.5210462],[-0.1627992,51.5210679],[-0.1627126,51.5210826],[-0.1622354,51.5211633],[-0.1621949,51.5211425]]]}},
{"type":"Feature","properties":{"highway":"footway","name":null,"category":"Footpath (pedestrian only)"},"geometry":{"type":"MultiLineString","coordinates":[[[-0.1621949,51.5211425],[-0.1621632,51.5211473],[-0.1621369,51.5211518],[-0.1621107,51.5211563]]]}},
{"type":"Feature","properties":{"highway":"footway","name":null,"category":"Footpath (pedestrian only)"},"geometry":{"type":"MultiLineString","coordinates":[[[-0.1664593,51.5125219],[-0.1664524,51.5125064]]]}},
{"type":"Feature","properties":{"highway":"footway","name":null,"category":"Footpath (pedestrian only)"},"geometry":{"type":"MultiLineString","coordinates":[[[-0.1665279,51.5126499],[-0.1665009,51.5126522],[-0.1664802,51.512654]]]}},
{"type":"Feature","properties":{"highway":"footway","name":null,"category":"Footpath (pedestrian only)"},"geometry":{"type":"MultiLineString","coordinates":[[[-0.1664862,51.5125656],[-0.1664742,51.5125503],[-0.1664593,51.5125219]]]}},
{"type":"Feature","properties":{"highway":"footway","name":null,"category":"Footpath (pedestrian only)"},"geometry":{"type":"MultiLineString","coordinates":[[[-0.1665619,51.5126448],[-0.1665439,51.5126479],[-0.1665279,51.5126499]]]}},
{"type":"Feature","properties":{"highway":"footway","name":null,"category":"Footpath (pedestrian only)"},"geometry":{"type":"MultiLineString","coordinates":[[[-0.1665439,51.5126479],[-0.1665393,51.5126351]]]}},
{"type":"Feature","properties":{"highway":"footway","name":null,"category":"Footpath (pedestrian only)"},"geometry":{"type":"MultiLineString","coordinates":[[[-0.1529943,51.5207225],[-0.1529705,51.5207344],[-0.1529385,51.5207558]]]}},
{"type":"Feature","properties":{"highway":"footway","name":null,"category":"Footpath (pedestrian only)"},"geometry":{"type":"MultiLineString","coordinates":[[[-0.153045,51.5207203],[-0.1530143,51.520713],[-0.1530129,51.520704]]]}},
{"type":"Feature","properties":{"highway":"footway","name":null,"category":"Footpath (pedestrian only)"},"geometry":{"type":"MultiLineString","coordinates":[[[-0.1530129,51.520704],[-0.1530107,51.5206865],[-0.1530091,51.5206731]]]}},
{"type":"Feature","properties":{"highway":"footway","name":null,"category":"Footpath (pedestrian only)"},"geometry":{"type":"MultiLineString","coordinates":[[[-0.165818,51.5170173],[-0.1657951,51.5170299]]]}},
{"type":"Feature","properties":{"highway":"footway","name":null,"category":"Footpath (pedestrian only)"},"geometry":{"type":"MultiLineString","coordinates":[[[-0.1657951,51.5170299],[-0.1657659,51.5170459],[-0.165722,51.51707]]]}},
{"type":"Feature","properties":{"highway":"footway","name":null,"category":"Footpath (pedestrian only)"},"geometry":{"type":"MultiLineString","coordinates":[[[-0.1700578,51.5166282],[-0.170011,51.5165949]]]}},
{"type":"Feature","properties":{"highway":"footway","name":null,"category":"Footpath (pedestrian only)"},"geometry":{"type":"MultiLineString","coordinates":[[[-0.1683521,51.5200064],[-0.1682975,51.5200422]]]}},
{"type":"Feature","properties":{"highway":"footway","name":null,"category":"Footpath (pedestrian only)"},"geometry":{"type":"MultiLineString","coordinates":[[[-0.1685365,51.5123299],[-0.1685492,51.5123782],[-0.1685669,51.5124455]]]}},
{"type":"Feature","properties":{"highway":"footway","name":null,"category":"Footpath (pedestrian only)"},"geometry":{"type":"MultiLineString","coordinates":[[[-0.1572196,51.5110696],[-0.1571029,51.5110922],[-0.1570225,51.5111081]]]}},
{"type":"Feature","properties":{"highway":"footway","name":null,"category":"Footpath (pedestrian only)"},"geometry":{"type":"MultiLineString","coordinates":[[[-0.1561612,51.5100412],[-0.1561197,51.5100126],[-0.1560738,51.5099805]]]}},
{"type":"Feature","properties":{"highway":"footway","name":null,"category":"Footpath (pedestrian only)"},"geometry":{"type":"MultiLineString","coordinates":[[[-0.1570225,51.5111081],[-0.1569978,51.5110929]]]}},
{"type":"Feature","properties":{"highway":"footway","name":null,"category":"Footpath (pedestrian only)"},"geometry":{"type":"MultiLineString","coordinates":[[[-0.1566314,51.5104797],[-0.1566259,51.5104732],[-0.1565703,51.5104146],[-0.1564335,51.5102608],[-0.1563186,51.5101625],[-0.1562513,51.5101098],[-0.1561937,51.510066],[-0.1561612,51.5100412]]]}},
{"type":"Feature","properties":{"highway":"footway","name":null,"category":"Footpath (pedestrian only)"},"geometry":{"type":"MultiLineString","coordinates":[[[-0.1569906,51.5110821],[-0.1569618,51.5110335],[-0.1569349,51.5109861]]]}},
{"type":"Feature","properties":{"highway":"footway","name":null,"category":"Footpath (pedestrian only)"},"geometry":{"type":"MultiLineString","coordinates":[[[-0.1586067,51.5121365],[-0.1586968,51.5123296]]]}},
{"type":"Feature","properties":{"highway":"path","name":"Cramer Street","category":"Shared path"},"geometry":{"type":"MultiLineString","coordinates":[[[-0.1523273,51.5188345],[-0.1523276,51.5188182],[-0.1523268,51.5188021]]]}},
{"type":"Feature","properties":{"highway":"footway","name":null,"category":"Footpath (pedestrian only)"},"geometry":{"type":"MultiLineString","coordinates":[[[-0.1540028,51.5138263],[-0.1539966,51.5138018]]]}},
{"type":"Feature","properties":{"highway":"footway","name":null,"category":"Footpath (pedestrian only)"},"geometry":{"type":"MultiLineString","coordinates":[[[-0.1540028,51.5138263],[-0.154013,51.5138726],[-0.154025,51.5139209]]]}},
{"type":"Feature","properties":{"highway":"footway","name":null,"category":"Footpath (pedestrian only)"},"geometry":{"type":"MultiLineString","coordinates":[[[-0.1539226,51.5140072],[-0.1538511,51.5140181],[-0.153766,51.5140305]]]}},
{"type":"Feature","properties":{"highway":"footway","name":null,"category":"Footpath (pedestrian only)"},"geometry":{"type":"MultiLineString","coordinates":[[[-0.1535456,51.5138291],[-0.1536995,51.5138184],[-0.1537269,51.5138165]]]}},
{"type":"Feature","properties":{"highway":"footway","name":null,"category":"Footpath (pedestrian only)"},"geometry":{"type":"MultiLineString","coordinates":[[[-0.1535902,51.5139536],[-0.1535734,51.513911],[-0.1535602,51.5138708]]]}},
{"type":"Feature","properties":{"highway":"footway","name":null,"category":"Footpath (pedestrian only)"},"geometry":{"type":"MultiLineString","coordinates":[[[-0.1537515,51.5140326],[-0.1537048,51.5139989],[-0.153682,51.5139927],[-0.1536527,51.5139889],[-0.1536032,51.5139924]]]}},
{"type":"Feature","properties":{"highway":"footway","name":null,"category":"Footpath (pedestrian only)"},"geometry":{"type":"MultiLineString","coordinates":[[[-0.1535602,51.5138708],[-0.1535456,51.5138291]]]}},
{"type":"Feature","properties":{"highway":"footway","name":null,"category":"Footpath (pedestrian only)"},"geometry":{"type":"MultiLineString","coordinates":[[[-0.1537269,51.5138165],[-0.1537691,51.5138137],[-0.1538113,51.5138109]]]}},
{"type":"Feature","properties":{"highway":"footway","name":null,"category":"Footpath (pedestrian only)"},"geometry":{"type":"MultiLineString","coordinates":[[[-0.1571786,51.5136354],[-0.1571608,51.5135756],[-0.1571433,51.5135171]]]}},
{"type":"Feature","properties":{"highway":"footway","name":null,"category":"Footpath (pedestrian only)"},"geometry":{"type":"MultiLineString","coordinates":[[[-0.156144,51.51363],[-0.1561637,51.5136966],[-0.1561889,51.5137801]]]}},
{"type":"Feature","properties":{"highway":"footway","name":null,"category":"Footpath (pedestrian only)"},"geometry":{"type":"MultiLineString","coordinates":[[[-0.1561889,51.5137801],[-0.156193,51.5137968]]]}},
{"type":"Feature","properties":{"highway":"footway","name":null,"category":"Footpath (pedestrian only)"},"geometry":{"type":"MultiLineString","coordinates":[[[-0.1560804,51.5138402],[-0.156008,51.5138517],[-0.1559401,51.5138615]]]}},
{"type":"Feature","properties":{"highway":"footway","name":null,"category":"Footpath (pedestrian only)"},"geometry":{"type":"MultiLineString","coordinates":[[[-0.1575694,51.5121799],[-0.157458,51.5119211],[-0.1574317,51.5118704],[-0.1574135,51.511867],[-0.1573575,51.5117672],[-0.1573706,51.5117528],[-0.1572448,51.5115365]]]}},
{"type":"Feature","properties":{"highway":"footway","name":null,"category":"Footpath (pedestrian only)"},"geometry":{"type":"MultiLineString","coordinates":[[[-0.1581748,51.5133659],[-0.1581437,51.5133524]]]}},
{"type":"Feature","properties":{"highway":"footway","name":null,"category":"Footpath (pedestrian only)"},"geometry":{"type":"MultiLineString","coordinates":[[[-0.1582598,51.5134727],[-0.1582683,51.5135004]]]}},
{"type":"Feature","properties":{"highway":"footway","name":null,"category":"Footpath (pedestrian only)"},"geometry":{"type":"MultiLineString","coordinates":[[[-0.1615694,51.5130032],[-0.1616238,51.5129738]]]}},
{"type":"Feature","properties":{"highway":"footway","name":null,"category":"Footpath (pedestrian only)"},"geometry":{"type":"MultiLineString","coordinates":[[[-0.1558018,51.5137851],[-0.1557875,51.5137379],[-0.1557753,51.5136979]]]}},
{"type":"Feature","properties":{"highway":"footway","name":null,"category":"Footpath (pedestrian only)"},"geometry":{"type":"MultiLineString","coordinates":[[[-0.1557753,51.5136979],[-0.1557611,51.5136506]]]}},
{"type":"Feature","properties":{"highway":"footway","name":null,"category":"Footpath (pedestrian only)"},"geometry":{"type":"MultiLineString","coordinates":[[[-0.1556688,51.5226783],[-0.1567481,51.5224862],[-0.1570631,51.5224351],[-0.1571761,51.5224157],[-0.1572385,51.5223477],[-0.1572833,51.5222947]]]}},
{"type":"Feature","properties":{"highway":"footway","name":"Admiral Court","category":"Footpath (pedestrian only)"},"geometry":{"type":"MultiLineString","coordinates":[[[-0.154447,51.518242],[-0.1544096,51.5181618]]]}},
{"type":"Feature","properties":{"highway":"footway","name":"Admiral Court","category":"Footpath (pedestrian only)"},"geometry":{"type":"MultiLineString","coordinates":[[[-0.1544096,51.5181618],[-0.1543902,51.5181216]]]}},
{"type":"Feature","properties":{"highway":"footway","name":null,"category":"Footpath (pedestrian only)"},"geometry":{"type":"MultiLineString","coordinates":[[[-0.1625056,51.51218],[-0.1625061,51.5120563]]]}},
{"type":"Feature","properties":{"highway":"footway","name":null,"category":"Footpath (pedestrian only)"},"geometry":{"type":"MultiLineString","coordinates":[[[-0.1625,51.5123124],[-0.1624996,51.5122744],[-0.1625062,51.5122082],[-0.1625056,51.51218]]]}},
{"type":"Feature","properties":{"highway":"footway","name":"Tarrant Place","category":"Footpath (pedestrian only)"},"geometry":{"type":"MultiLineString","coordinates":[[[-0.1622335,51.5196081],[-0.1623655,51.5195848]]]}},
{"type":"Feature","properties":{"highway":"footway","name":"Tarrant Place","category":"Footpath (pedestrian only)"},"geometry":{"type":"MultiLineString","coordinates":[[[-0.1623655,51.5195848],[-0.1627486,51.5195162]]]}},
{"type":"Feature","properties":{"highway":"footway","name":null,"category":"Footpath (pedestrian only)"},"geometry":{"type":"MultiLineString","coordinates":[[[-0.1519501,51.5130041],[-0.1519279,51.5130083]]]}},
{"type":"Feature","properties":{"highway":"footway","name":null,"category":"Footpath (pedestrian only)"},"geometry":{"type":"MultiLineString","coordinates":[[[-0.1642188,51.5191677],[-0.1642469,51.5191438],[-0.1643017,51.5190972],[-0.1642945,51.5190784]]]}},
{"type":"Feature","properties":{"highway":"footway","name":null,"category":"Footpath (pedestrian only)"},"geometry":{"type":"MultiLineString","coordinates":[[[-0.1643017,51.5190972],[-0.1643343,51.5190976]]]}},
{"type":"Feature","properties":{"highway":"footway","name":null,"category":"Footpath (pedestrian only)"},"geometry":{"type":"MultiLineString","coordinates":[[[-0.1632789,51.5195093],[-0.1633382,51.519499]]]}},
{"type":"Feature","properties":{"highway":"footway","name":null,"category":"Footpath (pedestrian only)"},"geometry":{"type":"MultiLineString","coordinates":[[[-0.1633382,51.519499],[-0.1634722,51.5194741]]]}},
{"type":"Feature","properties":{"highway":"footway","name":null,"category":"Footpath (pedestrian only)"},"geometry":{"type":"MultiLineString","coordinates":[[[-0.1635018,51.5194684],[-0.1635352,51.5194619],[-0.1635543,51.5194938],[-0.1639579,51.5194194],[-0.1639949,51.5193886]]]}},
{"type":"Feature","properties":{"highway":"footway","name":"Berkeley Arcade","category":"Footpath (pedestrian only)"},"geometry":{"type":"MultiLineString","coordinates":[[[-0.1583956,51.5229062],[-0.158362,51.5228312],[-0.158248,51.5228503],[-0.1580353,51.5228885]]]}},
{"type":"Feature","properties":{"highway":"footway","name":"St Vincent Street","category":"Footpath (pedestrian only)"},"geometry":{"type":"MultiLineString","coordinates":[[[-0.1517134,51.5187531],[-0.1517421,51.518753],[-0.1517642,51.518753]]]}},
{"type":"Feature","properties":{"highway":"footway","name":null,"category":"Footpath (pedestrian only)"},"geometry":{"type":"MultiLineString","coordinates":[[[-0.1652763,51.5224204],[-0.1653211,51.5224071],[-0.1653869,51.5223877]]]}},
{"type":"Feature","properties":{"highway":"footway","name":null,"category":"Footpath (pedestrian only)"},"geometry":{"type":"MultiLineString","coordinates":[[[-0.1653869,51.5223877],[-0.1655156,51.5223498]]]}},
{"type":"Feature","properties":{"highway":"footway","name":null,"category":"Footpath (pedestrian only)"},"geometry":{"type":"MultiLineString","coordinates":[[[-0.1655156,51.5223498],[-0.1655387,51.5223425],[-0.1655156,51.5223096],[-0.1659242,51.5221957]]]}},
{"type":"Feature","properties":{"highway":"footway","name":null,"category":"Footpath (pedestrian only)"},"geometry":{"type":"MultiLineString","coordinates":[[[-0.1677606,51.5207771],[-0.1677065,51.5207906],[-0.1676015,51.5208169],[-0.1672833,51.5208831]]]}},
{"type":"Feature","properties":{"highway":"path","name":null,"category":"Shared path"},"geometry":{"type":"MultiLineString","coordinates":[[[-0.1607173,51.512563],[-0.1606828,51.512467],[-0.1606153,51.5122792]]]}},
{"type":"Feature","properties":{"highway":"path","name":null,"category":"Shared path"},"geometry":{"type":"MultiLineString","coordinates":[[[-0.1608165,51.5129169],[-0.1608219,51.5129403],[-0.1606153,51.5133442]]]}},
{"type":"Feature","properties":{"highway":"footway","name":null,"category":"Footpath (pedestrian only)"},"geometry":{"type":"MultiLineString","coordinates":[[[-0.1537503,51.5206478],[-0.1537529,51.5206742],[-0.153759,51.5207154]]]}},
{"type":"Feature","properties":{"highway":"footway","name":null,"category":"Footpath (pedestrian only)"},"geometry":{"type":"MultiLineString","coordinates":[[[-0.1520879,51.5207736],[-0.1520841,51.520747],[-0.1520806,51.5207224]]]}},
{"type":"Feature","properties":{"highway":"footway","name":null,"category":"Footpath (pedestrian only)"},"geometry":{"type":"MultiLineString","coordinates":[[[-0.1519531,51.5208736],[-0.1519198,51.5208746],[-0.1518561,51.5208765]]]}},
{"type":"Feature","properties":{"highway":"footway","name":null,"category":"Footpath (pedestrian only)"},"geometry":{"type":"MultiLineString","coordinates":[[[-0.1519572,51.5206443],[-0.1518914,51.5206499],[-0.1518098,51.520653]]]}},
{"type":"Feature","properties":{"highway":"footway","name":"Grotto Passage","category":"Footpath (pedestrian only)"},"geometry":{"type":"MultiLineString","coordinates":[[[-0.1528923,51.5206691],[-0.1528907,51.5206564]]]}},
{"type":"Feature","properties":{"highway":"footway","name":null,"category":"Footpath (pedestrian only)"},"geometry":{"type":"MultiLineString","coordinates":[[[-0.1519572,51.5206443],[-0.1519889,51.5206427],[-0.1519967,51.5206876],[-0.1520046,51.5207023],[-0.1520204,51.5207113],[-0.152079,51.5207115],[-0.1528923,51.5206691],[-0.1530081,51.5206633],[-0.1530091,51.5206731]]]}},
{"type":"Feature","properties":{"highway":"footway","name":null,"category":"Footpath (pedestrian only)"},"geometry":{"type":"MultiLineString","coordinates":[[[-0.1736223,51.5182256],[-0.1734553,51.5178298]]]}},
{"type":"Feature","properties":{"highway":"footway","name":null,"category":"Footpath (pedestrian only)"},"geometry":{"type":"MultiLineString","coordinates":[[[-0.1689451,51.5187808],[-0.1689924,51.518811],[-0.1692091,51.5189588]]]}},
{"type":"Feature","properties":{"highway":"footway","name":"Beaumont Mews","category":"Footpath (pedestrian only)"},"geometry":{"type":"MultiLineString","coordinates":[[[-0.1518124,51.5206896],[-0.1517647,51.5206929]]]}},
{"type":"Feature","properties":{"highway":"footway","name":null,"category":"Footpath (pedestrian only)"},"geometry":{"type":"MultiLineString","coordinates":[[[-0.1608162,51.5122745],[-0.1607395,51.5122882],[-0.1598822,51.512383],[-0.1594385,51.5124299],[-0.1590393,51.5124566]]]}},
{"type":"Feature","properties":{"highway":"footway","name":null,"category":"Footpath (pedestrian only)"},"geometry":{"type":"MultiLineString","coordinates":[[[-0.1658344,51.51364],[-0.1658361,51.5135753]]]}},
{"type":"Feature","properties":{"highway":"footway","name":null,"category":"Footpath (pedestrian only)"},"geometry":{"type":"MultiLineString","coordinates":[[[-0.1657557,51.513533],[-0.1656922,51.5135267],[-0.1656721,51.5135087]]]}},
{"type":"Feature","properties":{"highway":"footway","name":null,"category":"Footpath (pedestrian only)"},"geometry":{"type":"MultiLineString","coordinates":[[[-0.1649754,51.5136014],[-0.1648924,51.513521]]]}},
{"type":"Feature","properties":{"highway":"footway","name":null,"category":"Footpath (pedestrian only)"},"geometry":{"type":"MultiLineString","coordinates":[[[-0.1651806,51.5140821],[-0.1651595,51.5139984]]]}},
{"type":"Feature","properties":{"highway":"footway","name":null,"category":"Footpath (pedestrian only)"},"geometry":{"type":"MultiLineString","coordinates":[[[-0.168007,51.5151519],[-0.168036,51.5151358],[-0.1678479,51.5150098],[-0.1678028,51.5149795],[-0.1678164,51.5149194]]]}},
{"type":"Feature","properties":{"highway":"footway","name":null,"category":"Footpath (pedestrian only)"},"geometry":{"type":"MultiLineString","coordinates":[[[-0.1678641,51.5152281],[-0.168007,51.5151519]]]}},
{"type":"Feature","properties":{"highway":"footway","name":null,"category":"Footpath (pedestrian only)"},"geometry":{"type":"MultiLineString","coordinates":[[[-0.1517694,51.5210225],[-0.151762,51.5209983],[-0.1518167,51.5209801],[-0.1518401,51.5209669],[-0.1518482,51.5209454],[-0.151839,51.5208775],[-0.1518225,51.5207849],[-0.1518124,51.5206896],[-0.1518098,51.520653]]]}},
{"type":"Feature","properties":{"highway":"footway","name":null,"category":"Footpath (pedestrian only)"},"geometry":{"type":"MultiLineString","coordinates":[[[-0.1683893,51.5248781],[-0.1683575,51.524898],[-0.1681989,51.5249976],[-0.1681013,51.5251275],[-0.168097,51.5251489]]]}},
{"type":"Feature","properties":{"highway":"footway","name":null,"category":"Footpath (pedestrian only)"},"geometry":{"type":"MultiLineString","coordinates":[[[-0.1706111,51.5200069],[-0.1706126,51.5200592],[-0.1706136,51.5201079]]]}},
{"type":"Feature","properties":{"highway":"footway","name":null,"category":"Footpath (pedestrian only)"},"geometry":{"type":"MultiLineString","coordinates":[[[-0.1706069,51.5198625],[-0.1706074,51.5198806],[-0.1706108,51.5199972],[-0.1706111,51.5200069]]]}},
{"type":"Feature","properties":{"highway":"footway","name":null,"category":"Footpath (pedestrian only)"},"geometry":{"type":"MultiLineString","coordinates":[[[-0.1706136,51.5201079],[-0.1706148,51.5201252]]]}},
{"type":"Feature","properties":{"highway":"footway","name":null,"category":"Footpath (pedestrian only)"},"geometry":{"type":"MultiLineString","coordinates":[[[-0.1705907,51.5201417],[-0.1705311,51.5201683],[-0.1704918,51.5201893]]]}},
{"type":"Feature","properties":{"highway":"footway","name":null,"category":"Footpath (pedestrian only)"},"geometry":{"type":"MultiLineString","coordinates":[[[-0.1704538,51.5202083],[-0.1704033,51.5202329],[-0.1703629,51.5202536]]]}},
{"type":"Feature","properties":{"highway":"footway","name":"Edgware Road","category":"Footpath (pedestrian only)"},"geometry":{"type":"MultiLineString","coordinates":[[[-0.170451,51.5203602],[-0.1704461,51.5203545],[-0.1703541,51.520259],[-0.1702819,51.5202059]]]}},
{"type":"Feature","properties":{"highway":"footway","name":null,"category":"Footpath (pedestrian only)"},"geometry":{"type":"MultiLineString","coordinates":[[[-0.1706327,51.5201289],[-0.1706148,51.5201252],[-0.1705907,51.5201417]]]}},
{"type":"Feature","properties":{"highway":"footway","name":null,"category":"Footpath (pedestrian only)"},"geometry":{"type":"MultiLineString","coordinates":[[[-0.1637757,51.5210612],[-0.163788,51.5210873],[-0.1638136,51.5211364]]]}},
{"type":"Feature","properties":{"highway":"footway","name":null,"category":"Footpath (pedestrian only)"},"geometry":{"type":"MultiLineString","coordinates":[[[-0.1653628,51.5205828],[-0.1653334,51.520573],[-0.1652983,51.5205602]]]}},
{"type":"Feature","properties":{"highway":"footway","name":null,"category":"Footpath (pedestrian only)"},"geometry":{"type":"MultiLineString","coordinates":[[[-0.1645363,51.5208815],[-0.1645422,51.5208951],[-0.1644455,51.5209114],[-0.1644478,51.5209166],[-0.1644532,51.5209289]]]}},
{"type":"Feature","properties":{"highway":"footway","name":null,"category":"Footpath (pedestrian only)"},"geometry":{"type":"MultiLineString","coordinates":[[[-0.1658786,51.5207021],[-0.1656638,51.5207259]]]}},
{"type":"Feature","properties":{"highway":"footway","name":null,"category":"Footpath (pedestrian only)"},"geometry":{"type":"MultiLineString","coordinates":[[[-0.1638991,51.5209989],[-0.1639016,51.521008],[-0.1637626,51.5210342],[-0.1637757,51.5210612]]]}},
{"type":"Feature","properties":{"highway":"footway","name":null,"category":"Footpath (pedestrian only)"},"geometry":{"type":"MultiLineString","coordinates":[[[-0.1656731,51.5207564],[-0.1656854,51.5207972],[-0.1656971,51.5208367]]]}},
{"type":"Feature","properties":{"highway":"footway","name":null,"category":"Footpath (pedestrian only)"},"geometry":{"type":"MultiLineString","coordinates":[[[-0.1653928,51.5205862],[-0.1653628,51.5205828]]]}},
{"type":"Feature","properties":{"highway":"footway","name":null,"category":"Footpath (pedestrian only)"},"geometry":{"type":"MultiLineString","coordinates":[[[-0.154674,51.5205687],[-0.1545514,51.5205766],[-0.1538472,51.5206199],[-0.1537477,51.5206261],[-0.1537503,51.5206478]]]}},
{"type":"Feature","properties":{"highway":"footway","name":null,"category":"Footpath (pedestrian only)"},"geometry":{"type":"MultiLineString","coordinates":[[[-0.1545514,51.5205766],[-0.1545574,51.5206283]]]}},
{"type":"Feature","properties":{"highway":"footway","name":null,"category":"Footpath (pedestrian only)"},"geometry":{"type":"MultiLineString","coordinates":[[[-0.1609318,51.5215047],[-0.1609253,51.521493],[-0.160919,51.5214819]]]}},
{"type":"Feature","properties":{"highway":"footway","name":null,"category":"Footpath (pedestrian only)"},"geometry":{"type":"MultiLineString","coordinates":[[[-0.1704023,51.5170516],[-0.1703281,51.517092]]]}},
{"type":"Feature","properties":{"highway":"footway","name":null,"category":"Footpath (pedestrian only)"},"geometry":{"type":"MultiLineString","coordinates":[[[-0.1572534,51.5100561],[-0.1573182,51.5100744],[-0.1573669,51.5101436],[-0.1574034,51.510192],[-0.1577954,51.5106638],[-0.1578523,51.5107412],[-0.1578858,51.5107897]]]}},
{"type":"Feature","properties":{"highway":"footway","name":null,"category":"Footpath (pedestrian only)"},"geometry":{"type":"MultiLineString","coordinates":[[[-0.1586968,51.5123296],[-0.1587197,51.5123937],[-0.158743,51.5124191],[-0.1587525,51.5124376]]]}},
{"type":"Feature","properties":{"highway":"footway","name":null,"category":"Footpath (pedestrian only)"},"geometry":{"type":"MultiLineString","coordinates":[[[-0.1583635,51.511496],[-0.1584834,51.511782]]]}},
{"type":"Feature","properties":{"highway":"footway","name":null,"category":"Footpath (pedestrian only)"},"geometry":{"type":"MultiLineString","coordinates":[[[-0.1584834,51.511782],[-0.1584998,51.5118212],[-0.1585086,51.5118423]]]}},
{"type":"Feature","properties":{"highway":"footway","name":null,"category":"Footpath (pedestrian only)"},"geometry":{"type":"MultiLineString","coordinates":[[[-0.1582902,51.5114957],[-0.158358,51.5114837],[-0.1583635,51.511496]]]}},
{"type":"Feature","properties":{"highway":"footway","name":null,"category":"Footpath (pedestrian only)"},"geometry":{"type":"MultiLineString","coordinates":[[[-0.1585534,51.5119523],[-0.1585556,51.5119718],[-0.1585365,51.5119877]]]}},
{"type":"Feature","properties":{"highway":"footway","name":null,"category":"Footpath (pedestrian only)"},"geometry":{"type":"MultiLineString","coordinates":[[[-0.1579876,51.5109448],[-0.1580631,51.5110565],[-0.15813,51.5111696],[-0.1581375,51.5111829],[-0.1582726,51.5114208],[-0.1582902,51.5114957],[-0.1583408,51.5116076],[-0.1583685,51.5116316],[-0.158434,51.5117805],[-0.1584777,51.51188],[-0.1584732,51.5119019],[-0.1585065,51.5119744],[-0.1585365,51.5119877],[-0.1585457,51.5120048],[-0.1586067,51.5121365]]]}},
{"type":"Feature","properties":{"highway":"footway","name":null,"category":"Footpath (pedestrian only)"},"geometry":{"type":"MultiLineString","coordinates":[[[-0.1571137,51.5225425],[-0.157169,51.5225346],[-0.1571757,51.5225468],[-0.1572911,51.5225296],[-0.1574212,51.5227967],[-0.1576525,51.5227506]]]}},
{"type":"Feature","properties":{"highway":"footway","name":null,"category":"Footpath (pedestrian only)"},"geometry":{"type":"MultiLineString","coordinates":[[[-0.1672451,51.5181339],[-0.1672237,51.518159]]]}},
{"type":"Feature","properties":{"highway":"footway","name":null,"category":"Footpath (pedestrian only)"},"geometry":{"type":"MultiLineString","coordinates":[[[-0.1639685,51.5225291],[-0.1638468,51.5225506],[-0.1638244,51.5225136],[-0.1637583,51.5225247]]]}},
{"type":"Feature","properties":{"highway":"footway","name":null,"category":"Footpath (pedestrian only)"},"geometry":{"type":"MultiLineString","coordinates":[[[-0.1626079,51.5224868],[-0.1626474,51.5225608]]]}},
{"type":"Feature","properties":{"highway":"footway","name":null,"category":"Footpath (pedestrian only)"},"geometry":{"type":"MultiLineString","coordinates":[[[-0.1520029,51.512993],[-0.1520605,51.5129833]]]}},
{"type":"Feature","properties":{"highway":"footway","name":null,"category":"Footpath (pedestrian only)"},"geometry":{"type":"MultiLineString","coordinates":[[[-0.1682145,51.5222711],[-0.1682518,51.5222618],[-0.1682921,51.5222517],[-0.1684779,51.5222083],[-0.16841,51.5219031],[-0.1684808,51.5218842]]]}},
{"type":"Feature","properties":{"highway":"footway","name":"Joe Strummer Subway","category":"Footpath (pedestrian only)"},"geometry":{"type":"MultiLineString","coordinates":[[[-0.1699854,51.5196886],[-0.1700336,51.5197124]]]}},
{"type":"Feature","properties":{"highway":"footway","name":"Joe Strummer Subway","category":"Footpath (pedestrian only)"},"geometry":{"type":"MultiLineString","coordinates":[[[-0.1700336,51.5197124],[-0.1700632,51.5197215],[-0.1701012,51.5197263],[-0.1701556,51.5197303]]]}},
{"type":"Feature","properties":{"highway":"footway","name":null,"category":"Footpath (pedestrian only)"},"geometry":{"type":"MultiLineString","coordinates":[[[-0.1696378,51.5197741],[-0.1696948,51.5197418],[-0.16973,51.5197209]]]}},
{"type":"Feature","properties":{"highway":"footway","name":null,"category":"Footpath (pedestrian only)"},"geometry":{"type":"MultiLineString","coordinates":[[[-0.1706074,51.5198806],[-0.1706687,51.5198815],[-0.1707597,51.519883]]]}},
{"type":"Feature","properties":{"highway":"footway","name":null,"category":"Footpath (pedestrian only)"},"geometry":{"type":"MultiLineString","coordinates":[[[-0.16973,51.5197209],[-0.1697435,51.5197133],[-0.1698487,51.5197859],[-0.1698606,51.5197793]]]}},
{"type":"Feature","properties":{"highway":"footway","name":null,"category":"Footpath (pedestrian only)"},"geometry":{"type":"MultiLineString","coordinates":[[[-0.1704918,51.5201893],[-0.1704538,51.5202083]]]}},
{"type":"Feature","properties":{"highway":"footway","name":null,"category":"Footpath (pedestrian only)"},"geometry":{"type":"MultiLineString","coordinates":[[[-0.1629805,51.515099],[-0.1630298,51.5150918]]]}},
{"type":"Feature","properties":{"highway":"footway","name":null,"category":"Footpath (pedestrian only)"},"geometry":{"type":"MultiLineString","coordinates":[[[-0.1629608,51.5151024],[-0.1629805,51.515099]]]}},
{"type":"Feature","properties":{"highway":"footway","name":null,"category":"Footpath (pedestrian only)"},"geometry":{"type":"MultiLineString","coordinates":[[[-0.1654587,51.5167814],[-0.1654945,51.5167604],[-0.1655277,51.516741]]]}},
{"type":"Feature","properties":{"highway":"footway","name":null,"category":"Footpath (pedestrian only)"},"geometry":{"type":"MultiLineString","coordinates":[[[-0.1653717,51.5168323],[-0.1654054,51.5168126],[-0.1654356,51.5167949]]]}},
{"type":"Feature","properties":{"highway":"footway","name":null,"category":"Footpath (pedestrian only)"},"geometry":{"type":"MultiLineString","coordinates":[[[-0.1642417,51.5159474],[-0.1642187,51.5159602]]]}},
{"type":"Feature","properties":{"highway":"footway","name":null,"category":"Footpath (pedestrian only)"},"geometry":{"type":"MultiLineString","coordinates":[[[-0.1614531,51.5141165],[-0.1614731,51.5141048]]]}},
{"type":"Feature","properties":{"highway":"footway","name":null,"category":"Footpath (pedestrian only)"},"geometry":{"type":"MultiLineString","coordinates":[[[-0.1691707,51.5193281],[-0.1691491,51.519341]]]}},
{"type":"Feature","properties":{"highway":"footway","name":null,"category":"Footpath (pedestrian only)"},"geometry":{"type":"MultiLineString","coordinates":[[[-0.1642187,51.5159602],[-0.1641873,51.5159792],[-0.1641555,51.5159993]]]}},
{"type":"Feature","properties":{"highway":"footway","name":null,"category":"Footpath (pedestrian only)"},"geometry":{"type":"MultiLineString","coordinates":[[[-0.1654356,51.5167949],[-0.1654587,51.5167814]]]}},
{"type":"Feature","properties":{"highway":"footway","name":null,"category":"Footpath (pedestrian only)"},"geometry":{"type":"MultiLineString","coordinates":[[[-0.1681248,51.5186312],[-0.1681398,51.5186227]]]}},
{"type":"Feature","properties":{"highway":"footway","name":null,"category":"Footpath (pedestrian only)"},"geometry":{"type":"MultiLineString","coordinates":[[[-0.1673266,51.5180779],[-0.1673424,51.518067]]]}},
{"type":"Feature","properties":{"highway":"footway","name":null,"category":"Footpath (pedestrian only)"},"geometry":{"type":"MultiLineString","coordinates":[[[-0.1613747,51.5141656],[-0.1614196,51.5141362],[-0.1614531,51.5141165]]]}},
{"type":"Feature","properties":{"highway":"footway","name":null,"category":"Footpath (pedestrian only)"},"geometry":{"type":"MultiLineString","coordinates":[[[-0.1681398,51.5186227],[-0.1681699,51.5186054],[-0.1682005,51.5185882]]]}},
{"type":"Feature","properties":{"highway":"footway","name":null,"category":"Footpath (pedestrian only)"},"geometry":{"type":"MultiLineString","coordinates":[[[-0.1672451,51.5181339],[-0.1672999,51.518097],[-0.1673266,51.5180779]]]}},
{"type":"Feature","properties":{"highway":"footway","name":null,"category":"Footpath (pedestrian only)"},"geometry":{"type":"MultiLineString","coordinates":[[[-0.1691491,51.519341],[-0.1691124,51.5193627],[-0.1690717,51.5193869]]]}},
{"type":"Feature","properties":{"highway":"footway","name":null,"category":"Footpath (pedestrian only)"},"geometry":{"type":"MultiLineString","coordinates":[[[-0.1635018,51.5194684],[-0.1634249,51.5192944]]]}},
{"type":"Feature","properties":{"highway":"footway","name":null,"category":"Footpath (pedestrian only)"},"geometry":{"type":"MultiLineString","coordinates":[[[-0.1594596,51.5142263],[-0.1610721,51.5140176],[-0.1611075,51.514013]]]}},
{"type":"Feature","properties":{"highway":"footway","name":null,"category":"Footpath (pedestrian only)"},"geometry":{"type":"MultiLineString","coordinates":[[[-0.1707292,51.5148603],[-0.1702388,51.5145218],[-0.1707138,51.5142552],[-0.1712007,51.5139821],[-0.1716912,51.5143206],[-0.171214,51.5145883],[-0.1707292,51.5148603]]]}},
{"type":"Feature","properties":{"highway":"footway","name":null,"category":"Footpath (pedestrian only)"},"geometry":{"type":"MultiLineString","coordinates":[[[-0.171214,51.5145883],[-0.1712668,51.5146242],[-0.1713286,51.5146664]]]}},
{"type":"Feature","properties":{"highway":"footway","name":null,"category":"Footpath (pedestrian only)"},"geometry":{"type":"MultiLineString","coordinates":[[[-0.1705861,51.5141658],[-0.1706354,51.5142004],[-0.1707138,51.5142552]]]}},
{"type":"Feature","properties":{"highway":"footway","name":null,"category":"Footpath (pedestrian only)"},"geometry":{"type":"MultiLineString","coordinates":[[[-0.1643328,51.5190799],[-0.1643986,51.5190654]]]}},
{"type":"Feature","properties":{"highway":"footway","name":null,"category":"Footpath (pedestrian only)"},"geometry":{"type":"MultiLineString","coordinates":[[[-0.1643986,51.5190654],[-0.1644832,51.5190534]]]}},
{"type":"Feature","properties":{"highway":"footway","name":null,"category":"Footpath (pedestrian only)"},"geometry":{"type":"MultiLineString","coordinates":[[[-0.1643017,51.5190972],[-0.1643328,51.5190799]]]}},
{"type":"Feature","properties":{"highway":"footway","name":null,"category":"Footpath (pedestrian only)"},"geometry":{"type":"MultiLineString","coordinates":[[[-0.163565,51.5225079],[-0.1635467,51.5225063],[-0.1634523,51.5225251],[-0.163088,51.5225977],[-0.162901,51.522635],[-0.1629479,51.5227321],[-0.1627255,51.5227685],[-0.162751,51.5228406]]]}},
{"type":"Feature","properties":{"highway":"footway","name":null,"category":"Footpath (pedestrian only)"},"geometry":{"type":"MultiLineString","coordinates":[[[-0.162751,51.5228406],[-0.1627802,51.5229121]]]}},
{"type":"Feature","properties":{"highway":"footway","name":null,"category":"Footpath (pedestrian only)"},"geometry":{"type":"MultiLineString","coordinates":[[[-0.1626474,51.5225608],[-0.1626698,51.5226205],[-0.1627255,51.5227685]]]}},
{"type":"Feature","properties":{"highway":"footway","name":null,"category":"Footpath (pedestrian only)"},"geometry":{"type":"MultiLineString","coordinates":[[[-0.1626698,51.5226205],[-0.162901,51.522635]]]}},
{"type":"Feature","properties":{"highway":"footway","name":null,"category":"Footpath (pedestrian only)"},"geometry":{"type":"MultiLineString","coordinates":[[[-0.1629479,51.5227321],[-0.1630943,51.5227363]]]}},
{"type":"Feature","properties":{"highway":"footway","name":null,"category":"Footpath (pedestrian only)"},"geometry":{"type":"MultiLineString","coordinates":[[[-0.1631157,51.5227102],[-0.1630943,51.5227363]]]}},
{"type":"Feature","properties":{"highway":"footway","name":null,"category":"Footpath (pedestrian only)"},"geometry":{"type":"MultiLineString","coordinates":[[[-0.1631271,51.5227313],[-0.1630943,51.5227363]]]}},
{"type":"Feature","properties":{"highway":"footway","name":null,"category":"Footpath (pedestrian only)"},"geometry":{"type":"MultiLineString","coordinates":[[[-0.1631387,51.5227528],[-0.1630943,51.5227363]]]}},
{"type":"Feature","properties":{"highway":"footway","name":null,"category":"Footpath (pedestrian only)"},"geometry":{"type":"MultiLineString","coordinates":[[[-0.1630853,51.5224847],[-0.163088,51.5225977]]]}},
{"type":"Feature","properties":{"highway":"footway","name":null,"category":"Footpath (pedestrian only)"},"geometry":{"type":"MultiLineString","coordinates":[[[-0.1634073,51.5224292],[-0.1634523,51.5225251]]]}},
{"type":"Feature","properties":{"highway":"footway","name":null,"category":"Footpath (pedestrian only)"},"geometry":{"type":"MultiLineString","coordinates":[[[-0.1677747,51.5205192],[-0.1676845,51.5205389],[-0.1675704,51.5205564],[-0.1666071,51.5207319],[-0.1664572,51.520761],[-0.166271,51.5207924],[-0.166121,51.5208149],[-0.1657038,51.5208605]]]}},
{"type":"Feature","properties":{"highway":"footway","name":"Joe Strummer Subway","category":"Footpath (pedestrian only)"},"geometry":{"type":"MultiLineString","coordinates":[[[-0.1701683,51.519742],[-0.1701556,51.5197303]]]}},
{"type":"Feature","properties":{"highway":"footway","name":"Joe Strummer Subway","category":"Footpath (pedestrian only)"},"geometry":{"type":"MultiLineString","coordinates":[[[-0.1708703,51.5202555],[-0.1705403,51.5200845],[-0.1703151,51.5198771],[-0.1701683,51.519742]]]}},
{"type":"Feature","properties":{"highway":"footway","name":null,"category":"Footpath (pedestrian only)"},"geometry":{"type":"MultiLineString","coordinates":[[[-0.1706108,51.5199972],[-0.1707131,51.5199982],[-0.1707849,51.5199988]]]}},
{"type":"Feature","properties":{"highway":"footway","name":null,"category":"Footpath (pedestrian only)"},"geometry":{"type":"MultiLineString","coordinates":[[[-0.1636802,51.5225179],[-0.163565,51.5225079]]]}},
{"type":"Feature","properties":{"highway":"footway","name":null,"category":"Footpath (pedestrian only)"},"geometry":{"type":"MultiLineString","coordinates":[[[-0.1637583,51.5225247],[-0.1636802,51.5225179]]]}},
{"type":"Feature","properties":{"highway":"footway","name":null,"category":"Footpath (pedestrian only)"},"geometry":{"type":"MultiLineString","coordinates":[[[-0.1627802,51.5229121],[-0.1630607,51.5231672]]]}},
{"type":"Feature","properties":{"highway":"footway","name":null,"category":"Footpath (pedestrian only)"},"geometry":{"type":"MultiLineString","coordinates":[[[-0.1627802,51.5229121],[-0.162872,51.5232]]]}},
{"type":"Feature","properties":{"highway":"footway","name":null,"category":"Footpath (pedestrian only)"},"geometry":{"type":"MultiLineString","coordinates":[[[-0.1627802,51.5229121],[-0.1628146,51.5232108]]]}},
{"type":"Feature","properties":{"highway":"footway","name":null,"category":"Footpath (pedestrian only)"},"geometry":{"type":"MultiLineString","coordinates":[[[-0.1626079,51.5224868],[-0.1625866,51.5224424],[-0.1625769,51.5224252],[-0.1625664,51.5224065]]]}},
{"type":"Feature","properties":{"highway":"footway","name":null,"category":"Footpath (pedestrian only)"},"geometry":{"type":"MultiLineString","coordinates":[[[-0.1628204,51.5129549],[-0.1628283,51.5129777]]]}},
{"type":"Feature","properties":{"highway":"footway","name":null,"category":"Footpath (pedestrian only)"},"geometry":{"type":"MultiLineString","coordinates":[[[-0.1628283,51.5129777],[-0.1628384,51.513005],[-0.1628486,51.5130323]]]}},
{"type":"Feature","properties":{"highway":"footway","name":null,"category":"Footpath (pedestrian only)"},"geometry":{"type":"MultiLineString","coordinates":[[[-0.1628053,51.5129142],[-0.1628125,51.5129321],[-0.1628204,51.5129549]]]}},
{"type":"Feature","properties":{"highway":"footway","name":null,"category":"Footpath (pedestrian only)"},"geometry":{"type":"MultiLineString","coordinates":[[[-0.1627999,51.5128976],[-0.1664524,51.5125064],[-0.1665404,51.5124978],[-0.1676507,51.5123964],[-0.1685328,51.5123155]]]}},
{"type":"Feature","properties":{"highway":"footway","name":null,"category":"Footpath (pedestrian only)"},"geometry":{"type":"MultiLineString","coordinates":[[[-0.1727417,51.5190903],[-0.1731207,51.5189349]]]}},
{"type":"Feature","properties":{"highway":"footway","name":null,"category":"Footpath (pedestrian only)"},"geometry":{"type":"MultiLineString","coordinates":[[[-0.1722463,51.518838],[-0.1720964,51.5187224],[-0.1719804,51.5187406],[-0.1718507,51.518765]]]}},
{"type":"Feature","properties":{"highway":"footway","name":null,"category":"Footpath (pedestrian only)"},"geometry":{"type":"MultiLineString","coordinates":[[[-0.1600493,51.5130849],[-0.1600081,51.5129872],[-0.159967,51.5129907]]]}},
{"type":"Feature","properties":{"highway":"footway","name":null,"category":"Footpath (pedestrian only)"},"geometry":{"type":"MultiLineString","coordinates":[[[-0.1665322,51.5207778],[-0.166473,51.5207899]]]}},
{"type":"Feature","properties":{"highway":"footway","name":null,"category":"Footpath (pedestrian only)"},"geometry":{"type":"MultiLineString","coordinates":[[[-0.1680118,51.5196382],[-0.1679473,51.5197272],[-0.1677466,51.519816],[-0.1677176,51.5199163],[-0.1675935,51.5199669]]]}},
{"type":"Feature","properties":{"highway":"footway","name":null,"category":"Footpath (pedestrian only)"},"geometry":{"type":"MultiLineString","coordinates":[[[-0.1680208,51.5196133],[-0.1680118,51.5196382]]]}},
{"type":"Feature","properties":{"highway":"footway","name":null,"category":"Footpath (pedestrian only)"},"geometry":{"type":"MultiLineString","coordinates":[[[-0.1512735,51.514252],[-0.1512565,51.5142169]]]}},
{"type":"Feature","properties":{"highway":"footway","name":null,"category":"Footpath (pedestrian only)"},"geometry":{"type":"MultiLineString","coordinates":[[[-0.1512437,51.514156],[-0.1512258,51.5141074]]]}},
{"type":"Feature","properties":{"highway":"footway","name":null,"category":"Footpath (pedestrian only)"},"geometry":{"type":"MultiLineString","coordinates":[[[-0.1512785,51.5141016],[-0.1512258,51.5141074]]]}},
{"type":"Feature","properties":{"highway":"footway","name":null,"category":"Footpath (pedestrian only)"},"geometry":{"type":"MultiLineString","coordinates":[[[-0.1514073,51.5140853],[-0.1513349,51.5140946]]]}},
{"type":"Feature","properties":{"highway":"footway","name":null,"category":"Footpath (pedestrian only)"},"geometry":{"type":"MultiLineString","coordinates":[[[-0.1514073,51.5140853],[-0.1514275,51.5141368]]]}},
{"type":"Feature","properties":{"highway":"footway","name":null,"category":"Footpath (pedestrian only)"},"geometry":{"type":"MultiLineString","coordinates":[[[-0.1514181,51.5142549],[-0.151467,51.5142394]]]}},
{"type":"Feature","properties":{"highway":"footway","name":null,"category":"Footpath (pedestrian only)"},"geometry":{"type":"MultiLineString","coordinates":[[[-0.1512735,51.514252],[-0.1513343,51.5142645]]]}},
{"type":"Feature","properties":{"highway":"footway","name":null,"category":"Footpath (pedestrian only)"},"geometry":{"type":"MultiLineString","coordinates":[[[-0.1514496,51.514199],[-0.151467,51.5142394]]]}},
{"type":"Feature","properties":{"highway":"footway","name":null,"category":"Footpath (pedestrian only)"},"geometry":{"type":"MultiLineString","coordinates":[[[-0.1701264,51.5166769],[-0.1700803,51.5166442]]]}},
{"type":"Feature","properties":{"highway":"footway","name":null,"category":"Footpath (pedestrian only)"},"geometry":{"type":"MultiLineString","coordinates":[[[-0.1700803,51.5166442],[-0.1700677,51.5166352],[-0.1700578,51.5166282]]]}},
{"type":"Feature","properties":{"highway":"footway","name":null,"category":"Footpath (pedestrian only)"},"geometry":{"type":"MultiLineString","coordinates":[[[-0.170011,51.5165949],[-0.1699993,51.516586],[-0.1700431,51.5165617],[-0.1700841,51.516539]]]}},
{"type":"Feature","properties":{"highway":"footway","name":null,"category":"Footpath (pedestrian only)"},"geometry":{"type":"MultiLineString","coordinates":[[[-0.1702627,51.5166612],[-0.1702576,51.5166644],[-0.1702244,51.5166541],[-0.1702015,51.5166533],[-0.1701382,51.5166856],[-0.1701139,51.5167006]]]}},
{"type":"Feature","properties":{"highway":"footway","name":null,"category":"Footpath (pedestrian only)"},"geometry":{"type":"MultiLineString","coordinates":[[[-0.1677274,51.5245806],[-0.1677575,51.5245631],[-0.1677087,51.5245273],[-0.167747,51.5245061],[-0.1677891,51.5244869]]]}},
{"type":"Feature","properties":{"highway":"footway","name":null,"category":"Footpath (pedestrian only)"},"geometry":{"type":"MultiLineString","coordinates":[[[-0.1657753,51.5250288],[-0.1658128,51.5250154],[-0.1657486,51.5249419],[-0.1657863,51.5248963],[-0.1659051,51.5248595],[-0.1662415,51.5247212],[-0.1666558,51.5245235],[-0.1670062,51.5243385]]]}},
{"type":"Feature","properties":{"highway":"footway","name":null,"category":"Footpath (pedestrian only)"},"geometry":{"type":"MultiLineString","coordinates":[[[-0.1540646,51.5213694],[-0.1541014,51.5213669],[-0.154127,51.5213651],[-0.1541484,51.5213636],[-0.1546654,51.5213319],[-0.1547387,51.5213657]]]}},
{"type":"Feature","properties":{"highway":"footway","name":null,"category":"Footpath (pedestrian only)"},"geometry":{"type":"MultiLineString","coordinates":[[[-0.1696166,51.5216054],[-0.1696376,51.5215997],[-0.1696512,51.5215943],[-0.1697067,51.5215724]]]}},
{"type":"Feature","properties":{"highway":"footway","name":"Joe Strummer Subway","category":"Footpath (pedestrian only)"},"geometry":{"type":"MultiLineString","coordinates":[[[-0.1701096,51.5201681],[-0.1700853,51.5201522]]]}},
{"type":"Feature","properties":{"highway":"footway","name":null,"category":"Footpath (pedestrian only)"},"geometry":{"type":"MultiLineString","coordinates":[[[-0.1559504,51.5136266],[-0.1560083,51.5136175],[-0.1560657,51.5136141],[-0.1561373,51.5136059],[-0.1571349,51.5134953]]]}},
{"type":"Feature","properties":{"highway":"footway","name":null,"category":"Footpath (pedestrian only)"},"geometry":{"type":"MultiLineString","coordinates":[[[-0.1558548,51.5136412],[-0.1559072,51.5136332],[-0.1559504,51.5136266]]]}},
{"type":"Feature","properties":{"highway":"footway","name":null,"category":"Footpath (pedestrian only)"},"geometry":{"type":"MultiLineString","coordinates":[[[-0.1558134,51.5138205],[-0.1558018,51.5137851]]]}},
{"type":"Feature","properties":{"highway":"footway","name":null,"category":"Footpath (pedestrian only)"},"geometry":{"type":"MultiLineString","coordinates":[[[-0.1547796,51.5138529],[-0.1547905,51.5139008]]]}},
{"type":"Feature","properties":{"highway":"footway","name":null,"category":"Footpath (pedestrian only)"},"geometry":{"type":"MultiLineString","coordinates":[[[-0.1547557,51.513735],[-0.1547636,51.5137726]]]}},
{"type":"Feature","properties":{"highway":"footway","name":null,"category":"Footpath (pedestrian only)"},"geometry":{"type":"MultiLineString","coordinates":[[[-0.1583846,51.5117902],[-0.158361,51.5117947],[-0.1583455,51.5117977]]]}},
{"type":"Feature","properties":{"highway":"footway","name":null,"category":"Footpath (pedestrian only)"},"geometry":{"type":"MultiLineString","coordinates":[[[-0.158434,51.5117805],[-0.1583846,51.5117902]]]}},
{"type":"Feature","properties":{"highway":"footway","name":null,"category":"Footpath (pedestrian only)"},"geometry":{"type":"MultiLineString","coordinates":[[[-0.1585457,51.5120048],[-0.1584814,51.5120166]]]}},
{"type":"Feature","properties":{"highway":"footway","name":null,"category":"Footpath (pedestrian only)"},"geometry":{"type":"MultiLineString","coordinates":[[[-0.161873,51.5204807],[-0.1618056,51.5204953],[-0.1617767,51.5205016],[-0.1616788,51.5205221]]]}},
{"type":"Feature","properties":{"highway":"footway","name":null,"category":"Footpath (pedestrian only)"},"geometry":{"type":"MultiLineString","coordinates":[[[-0.1626435,51.5214557],[-0.1626127,51.5213943]]]}},
{"type":"Feature","properties":{"highway":"footway","name":null,"category":"Footpath (pedestrian only)"},"geometry":{"type":"MultiLineString","coordinates":[[[-0.1703392,51.5231098],[-0.1703209,51.5230982],[-0.1703016,51.5230875]]]}},
{"type":"Feature","properties":{"highway":"footway","name":null,"category":"Footpath (pedestrian only)"},"geometry":{"type":"MultiLineString","coordinates":[[[-0.1703209,51.5230982],[-0.1702014,51.5231719],[-0.1701358,51.5231304],[-0.1702582,51.5230593],[-0.1702326,51.5230428]]]}},
{"type":"Feature","properties":{"highway":"footway","name":null,"category":"Footpath (pedestrian only)"},"geometry":{"type":"MultiLineString","coordinates":[[[-0.1680204,51.5249359],[-0.1679782,51.5249028],[-0.1679346,51.5248687],[-0.1679145,51.524853]]]}},
{"type":"Feature","properties":{"highway":"footway","name":null,"category":"Footpath (pedestrian only)"},"geometry":{"type":"MultiLineString","coordinates":[[[-0.1665393,51.5126351],[-0.166519,51.5126077],[-0.1664978,51.5125806]]]}},
{"type":"Feature","properties":{"highway":"footway","name":null,"category":"Footpath (pedestrian only)"},"geometry":{"type":"MultiLineString","coordinates":[[[-0.1664978,51.5125806],[-0.1664862,51.5125656]]]}},
{"type":"Feature","properties":{"highway":"footway","name":null,"category":"Footpath (pedestrian only)"},"geometry":{"type":"MultiLineString","coordinates":[[[-0.1715963,51.5189386],[-0.1715605,51.5188552]]]}},
{"type":"Feature","properties":{"highway":"footway","name":null,"category":"Footpath (pedestrian only)"},"geometry":{"type":"MultiLineString","coordinates":[[[-0.1711803,51.5190105],[-0.1711563,51.5189585]]]}},
{"type":"Feature","properties":{"highway":"footway","name":null,"category":"Footpath (pedestrian only)"},"geometry":{"type":"MultiLineString","coordinates":[[[-0.1588428,51.5119021],[-0.1589995,51.5119759]]]}},
{"type":"Feature","properties":{"highway":"footway","name":null,"category":"Footpath (pedestrian only)"},"geometry":{"type":"MultiLineString","coordinates":[[[-0.1720027,51.5119662],[-0.1712627,51.5120419],[-0.1708566,51.5120841],[-0.170546,51.5121112],[-0.1698464,51.5121719],[-0.1694331,51.5122141],[-0.1692759,51.5122329],[-0.1687854,51.5122894],[-0.1686694,51.5123006],[-0.1685328,51.5123155]]]}},
{"type":"Feature","properties":{"highway":"footway","name":null,"category":"Footpath (pedestrian only)"},"geometry":{"type":"MultiLineString","coordinates":[[[-0.1639685,51.5225291],[-0.1639938,51.5225229]]]}},
{"type":"Feature","properties":{"highway":"footway","name":null,"category":"Footpath (pedestrian only)"},"geometry":{"type":"MultiLineString","coordinates":[[[-0.159125,51.5123492],[-0.1590269,51.5123962]]]}},
{"type":"Feature","properties":{"highway":"footway","name":null,"category":"Footpath (pedestrian only)"},"geometry":{"type":"MultiLineString","coordinates":[[[-0.1616238,51.5129738],[-0.1616891,51.5129426]]]}},
{"type":"Feature","properties":{"highway":"footway","name":null,"category":"Footpath (pedestrian only)"},"geometry":{"type":"MultiLineString","coordinates":[[[-0.1612462,51.5124019],[-0.1612156,51.5124316],[-0.1612116,51.5124616],[-0.1612317,51.5125042],[-0.1617065,51.5129349],[-0.1616891,51.5129426]]]}},
{"type":"Feature","properties":{"highway":"footway","name":null,"category":"Footpath (pedestrian only)"},"geometry":{"type":"MultiLineString","coordinates":[[[-0.1689291,51.5205714],[-0.1688539,51.5205924],[-0.1686705,51.5206472],[-0.1685631,51.5205304],[-0.1684843,51.5205541]]]}},
{"type":"Feature","properties":{"highway":"footway","name":null,"category":"Footpath (pedestrian only)"},"geometry":{"type":"MultiLineString","coordinates":[[[-0.1590733,51.5135086],[-0.1589983,51.5135203],[-0.1589504,51.513528]]]}},
{"type":"Feature","properties":{"highway":"footway","name":null,"category":"Footpath (pedestrian only)"},"geometry":{"type":"MultiLineString","coordinates":[[[-0.1725699,51.5191198],[-0.1726748,51.5193166]]]}},
{"type":"Feature","properties":{"highway":"footway","name":"Merchant Square","category":"Footpath (pedestrian only)"},"geometry":{"type":"MultiLineString","coordinates":[[[-0.1734628,51.5191718],[-0.1734458,51.5191398],[-0.1734277,51.5191057],[-0.1731207,51.5189349],[-0.1728128,51.518755],[-0.1727801,51.5187359]]]}},
{"type":"Feature","properties":{"highway":"footway","name":null,"category":"Footpath (pedestrian only)"},"geometry":{"type":"MultiLineString","coordinates":[[[-0.1684779,51.5222083],[-0.1683389,51.5223286]]]}},
{"type":"Feature","properties":{"highway":"footway","name":null,"category":"Footpath (pedestrian only)"},"geometry":{"type":"MultiLineString","coordinates":[[[-0.1687124,51.5223727],[-0.1688693,51.5223923],[-0.1690854,51.5224068]]]}},
{"type":"Feature","properties":{"highway":"footway","name":null,"category":"Footpath (pedestrian only)"},"geometry":{"type":"MultiLineString","coordinates":[[[-0.170709,51.5187943],[-0.1708577,51.5187676],[-0.1715371,51.5186479],[-0.1717764,51.5186028],[-0.1720342,51.5185626],[-0.1722839,51.5185141]]]}},
{"type":"Feature","properties":{"highway":"footway","name":null,"category":"Footpath (pedestrian only)"},"geometry":{"type":"MultiLineString","coordinates":[[[-0.1715017,51.5190691],[-0.1715538,51.5191897]]]}},
{"type":"Feature","properties":{"highway":"footway","name":null,"category":"Footpath (pedestrian only)"},"geometry":{"type":"MultiLineString","coordinates":[[[-0.1714559,51.5189629],[-0.1715017,51.5190691]]]}},
{"type":"Feature","properties":{"highway":"footway","name":null,"category":"Footpath (pedestrian only)"},"geometry":{"type":"MultiLineString","coordinates":[[[-0.1715538,51.5191897],[-0.1715974,51.5192909],[-0.1716052,51.519341],[-0.1716077,51.5193566]]]}},
{"type":"Feature","properties":{"highway":"footway","name":null,"category":"Footpath (pedestrian only)"},"geometry":{"type":"MultiLineString","coordinates":[[[-0.1725242,51.5191456],[-0.1723597,51.5189432],[-0.1722463,51.518838]]]}},
{"type":"Feature","properties":{"highway":"footway","name":null,"category":"Footpath (pedestrian only)"},"geometry":{"type":"MultiLineString","coordinates":[[[-0.1545574,51.5206283],[-0.1545772,51.5206758],[-0.1545857,51.5206994],[-0.1546061,51.520745]]]}},
{"type":"Feature","properties":{"highway":"footway","name":null,"category":"Footpath (pedestrian only)"},"geometry":{"type":"MultiLineString","coordinates":[[[-0.1546061,51.520745],[-0.1543723,51.5207631],[-0.1545679,51.5211065],[-0.1550714,51.5210898],[-0.1547956,51.5207448],[-0.1546061,51.520745]]]}},
{"type":"Feature","properties":{"highway":"footway","name":null,"category":"Footpath (pedestrian only)"},"geometry":{"type":"MultiLineString","coordinates":[[[-0.1518561,51.5208765],[-0.151839,51.5208775]]]}},
{"type":"Feature","properties":{"highway":"footway","name":null,"category":"Footpath (pedestrian only)"},"geometry":{"type":"MultiLineString","coordinates":[[[-0.1520009,51.520872],[-0.1519531,51.5208736]]]}},
{"type":"Feature","properties":{"highway":"footway","name":null,"category":"Footpath (pedestrian only)"},"geometry":{"type":"MultiLineString","coordinates":[[[-0.1520898,51.5207873],[-0.1520879,51.5207736]]]}},
{"type":"Feature","properties":{"highway":"footway","name":null,"category":"Footpath (pedestrian only)"},"geometry":{"type":"MultiLineString","coordinates":[[[-0.1520806,51.5207224],[-0.152079,51.5207115]]]}},
{"type":"Feature","properties":{"highway":"footway","name":null,"category":"Footpath (pedestrian only)"},"geometry":{"type":"MultiLineString","coordinates":[[[-0.1703453,51.5166187],[-0.170292,51.5166461],[-0.1702627,51.5166612]]]}},
{"type":"Feature","properties":{"highway":"footway","name":null,"category":"Footpath (pedestrian only)"},"geometry":{"type":"MultiLineString","coordinates":[[[-0.1700841,51.516539],[-0.1701126,51.5165236],[-0.1701606,51.5164975]]]}},
{"type":"Feature","properties":{"highway":"footway","name":null,"category":"Footpath (pedestrian only)"},"geometry":{"type":"MultiLineString","coordinates":[[[-0.1701382,51.5166856],[-0.1701264,51.5166769]]]}},
{"type":"Feature","properties":{"highway":"footway","name":null,"category":"Footpath (pedestrian only)"},"geometry":{"type":"MultiLineString","coordinates":[[[-0.1701139,51.5167006],[-0.1700837,51.516718]]]}},
{"type":"Feature","properties":{"highway":"footway","name":null,"category":"Footpath (pedestrian only)"},"geometry":{"type":"MultiLineString","coordinates":[[[-0.1573744,51.5222588],[-0.1573821,51.522277]]]}},
{"type":"Feature","properties":{"highway":"footway","name":null,"category":"Footpath (pedestrian only)"},"geometry":{"type":"MultiLineString","coordinates":[[[-0.1574212,51.5227967],[-0.1574373,51.5228261]]]}},
{"type":"Feature","properties":{"highway":"footway","name":null,"category":"Footpath (pedestrian only)"},"geometry":{"type":"MultiLineString","coordinates":[[[-0.1520034,51.5130982],[-0.1519776,51.5131042]]]}},
{"type":"Feature","properties":{"highway":"footway","name":null,"category":"Footpath (pedestrian only)"},"geometry":{"type":"MultiLineString","coordinates":[[[-0.1697313,51.522038],[-0.1697313,51.5220094],[-0.1697671,51.5219882]]]}},
{"type":"Feature","properties":{"highway":"footway","name":null,"category":"Footpath (pedestrian only)"},"geometry":{"type":"MultiLineString","coordinates":[[[-0.169035,51.5226202],[-0.1694179,51.5224013],[-0.1697187,51.5222293],[-0.1700534,51.5220379],[-0.1700777,51.522024]]]}},
{"type":"Feature","properties":{"highway":"footway","name":null,"category":"Footpath (pedestrian only)"},"geometry":{"type":"MultiLineString","coordinates":[[[-0.1697705,51.5222712],[-0.1697187,51.5222293],[-0.1695192,51.5220869]]]}},
{"type":"Feature","properties":{"highway":"footway","name":null,"category":"Footpath (pedestrian only)"},"geometry":{"type":"MultiLineString","coordinates":[[[-0.1694779,51.5224402],[-0.1694179,51.5224013],[-0.1691913,51.5222513]]]}},
{"type":"Feature","properties":{"highway":"footway","name":"Wyndham Place","category":"Footpath (pedestrian only)"},"geometry":{"type":"MultiLineString","coordinates":[[[-0.162197,51.519687],[-0.1621898,51.5196749],[-0.1621588,51.5196226]]]}},
{"type":"Feature","properties":{"highway":"footway","name":null,"category":"Footpath (pedestrian only)"},"geometry":{"type":"MultiLineString","coordinates":[[[-0.1685751,51.5220322],[-0.168647,51.5220099],[-0.168784,51.5219642]]]}},
{"type":"Feature","properties":{"highway":"footway","name":null,"category":"Footpath (pedestrian only)"},"geometry":{"type":"MultiLineString","coordinates":[[[-0.1656933,51.5197657],[-0.1656267,51.5197578],[-0.1653246,51.519626],[-0.1653089,51.5196192],[-0.1642469,51.5191438],[-0.1640307,51.5190392]]]}},
{"type":"Feature","properties":{"highway":"footway","name":null,"category":"Footpath (pedestrian only)"},"geometry":{"type":"MultiLineString","coordinates":[[[-0.1639936,51.5190456],[-0.1639688,51.5190499],[-0.1639005,51.5190612]]]}},
{"type":"Feature","properties":{"highway":"footway","name":null,"category":"Footpath (pedestrian only)"},"geometry":{"type":"MultiLineString","coordinates":[[[-0.1639005,51.5190612],[-0.1638742,51.5190644]]]}},
{"type":"Feature","properties":{"highway":"footway","name":null,"category":"Footpath (pedestrian only)"},"geometry":{"type":"MultiLineString","coordinates":[[[-0.1631677,51.5191697],[-0.1631417,51.519119],[-0.1631244,51.5190859]]]}},
{"type":"Feature","properties":{"highway":"footway","name":null,"category":"Footpath (pedestrian only)"},"geometry":{"type":"MultiLineString","coordinates":[[[-0.1645169,51.518808],[-0.1631086,51.5190561]]]}},
{"type":"Feature","properties":{"highway":"footway","name":null,"category":"Footpath (pedestrian only)"},"geometry":{"type":"MultiLineString","coordinates":[[[-0.1645195,51.5188154],[-0.1645444,51.5188754],[-0.1645605,51.5189154]]]}},
{"type":"Feature","properties":{"highway":"footway","name":null,"category":"Footpath (pedestrian only)"},"geometry":{"type":"MultiLineString","coordinates":[[[-0.1645709,51.5189268],[-0.1640411,51.5190253],[-0.1640307,51.5190392]]]}},
{"type":"Feature","properties":{"highway":"footway","name":null,"category":"Footpath (pedestrian only)"},"geometry":{"type":"MultiLineString","coordinates":[[[-0.1645709,51.5189268],[-0.1647732,51.5188941],[-0.1648758,51.5189047],[-0.1649092,51.5189392],[-0.1652357,51.5191128],[-0.1657603,51.5194066]]]}},
{"type":"Feature","properties":{"highway":"footway","name":"Old Marylebone Road","category":"Footpath (pedestrian only)"},"geometry":{"type":"MultiLineString","coordinates":[[[-0.1657603,51.5194066],[-0.1657929,51.5194314],[-0.1657962,51.5194606],[-0.1656933,51.5197657]]]}},
{"type":"Feature","properties":{"highway":"footway","name":"Old Marylebone Road","category":"Footpath (pedestrian only)"},"geometry":{"type":"MultiLineString","coordinates":[[[-0.1671702,51.5181668],[-0.1671556,51.5181882],[-0.1670675,51.5182827],[-0.1669662,51.5183844],[-0.166881,51.5184698],[-0.166266,51.5189175],[-0.1662286,51.5189447],[-0.1659736,51.5191934],[-0.1659469,51.5192173],[-0.1658216,51.5193615]]]}},
{"type":"Feature","properties":{"highway":"footway","name":null,"category":"Footpath (pedestrian only)"},"geometry":{"type":"MultiLineString","coordinates":[[[-0.1658216,51.5193615],[-0.1658012,51.5193752],[-0.1657722,51.5193974]]]}},
{"type":"Feature","properties":{"highway":"footway","name":"Old Marylebone Road","category":"Footpath (pedestrian only)"},"geometry":{"type":"MultiLineString","coordinates":[[[-0.1674116,51.5182693],[-0.1671033,51.5185023]]]}},
{"type":"Feature","properties":{"highway":"footway","name":"Old Marylebone Road","category":"Footpath (pedestrian only)"},"geometry":{"type":"MultiLineString","coordinates":[[[-0.1666915,51.5188178],[-0.166684,51.5188244],[-0.166448,51.5190033],[-0.1661646,51.519218]]]}},
{"type":"Feature","properties":{"highway":"footway","name":"Old Marylebone Road","category":"Footpath (pedestrian only)"},"geometry":{"type":"MultiLineString","coordinates":[[[-0.1661646,51.519218],[-0.1661396,51.5192477],[-0.1660857,51.5193357],[-0.1660111,51.5195363],[-0.1659493,51.5197199],[-0.1658827,51.5199251],[-0.1658661,51.5199493]]]}},
{"type":"Feature","properties":{"highway":"footway","name":null,"category":"Footpath (pedestrian only)"},"geometry":{"type":"MultiLineString","coordinates":[[[-0.1583455,51.5117977],[-0.1583235,51.5118019]]]}},
{"type":"Feature","properties":{"highway":"footway","name":null,"category":"Footpath (pedestrian only)"},"geometry":{"type":"MultiLineString","coordinates":[[[-0.1584814,51.5120166],[-0.1584566,51.5120209],[-0.1584359,51.5120246]]]}},
{"type":"Feature","properties":{"highway":"footway","name":null,"category":"Footpath (pedestrian only)"},"geometry":{"type":"MultiLineString","coordinates":[[[-0.1584359,51.5120246],[-0.1584158,51.5120289]]]}},
{"type":"Feature","properties":{"highway":"footway","name":null,"category":"Footpath (pedestrian only)"},"geometry":{"type":"MultiLineString","coordinates":[[[-0.160585,51.5214519],[-0.160563,51.5214173],[-0.1605365,51.5213701]]]}},
{"type":"Feature","properties":{"highway":"footway","name":null,"category":"Footpath (pedestrian only)"},"geometry":{"type":"MultiLineString","coordinates":[[[-0.1605183,51.5213375],[-0.1604864,51.5212805]]]}},
{"type":"Feature","properties":{"highway":"footway","name":null,"category":"Footpath (pedestrian only)"},"geometry":{"type":"MultiLineString","coordinates":[[[-0.1600109,51.5141086],[-0.1600052,51.5140612],[-0.1599949,51.5139751],[-0.1600171,51.5138808],[-0.1600697,51.5137801],[-0.1601991,51.5136015],[-0.1602926,51.5135301],[-0.160359,51.5134781]]]}},
{"type":"Feature","properties":{"highway":"footway","name":null,"category":"Footpath (pedestrian only)"},"geometry":{"type":"MultiLineString","coordinates":[[[-0.1648391,51.5188233],[-0.1648054,51.5187958],[-0.1632978,51.5177739]]]}},
{"type":"Feature","properties":{"highway":"footway","name":null,"category":"Footpath (pedestrian only)"},"geometry":{"type":"MultiLineString","coordinates":[[[-0.1645195,51.5188154],[-0.1646692,51.5188039],[-0.1648054,51.5187958]]]}},
{"type":"Feature","properties":{"highway":"footway","name":null,"category":"Footpath (pedestrian only)"},"geometry":{"type":"MultiLineString","coordinates":[[[-0.1645169,51.518808],[-0.1645468,51.5187949],[-0.1643747,51.5186702],[-0.163773,51.5182512]]]}},
{"type":"Feature","properties":{"highway":"footway","name":"Seymour Place","category":"Footpath (pedestrian only)"},"geometry":{"type":"MultiLineString","coordinates":[[[-0.1627788,51.5184167],[-0.1628236,51.5185228],[-0.1630624,51.5190639]]]}},
{"type":"Feature","properties":{"highway":"footway","name":null,"category":"Footpath (pedestrian only)"},"geometry":{"type":"MultiLineString","coordinates":[[[-0.1631086,51.5190561],[-0.1630624,51.5190639]]]}},
{"type":"Feature","properties":{"highway":"footway","name":null,"category":"Footpath (pedestrian only)"},"geometry":{"type":"MultiLineString","coordinates":[[[-0.163773,51.5182512],[-0.1627788,51.5184167]]]}},
{"type":"Feature","properties":{"highway":"footway","name":"Seymour Place","category":"Footpath (pedestrian only)"},"geometry":{"type":"MultiLineString","coordinates":[[[-0.1625621,51.5183479],[-0.1621351,51.5173286]]]}},
{"type":"Feature","properties":{"highway":"footway","name":null,"category":"Footpath (pedestrian only)"},"geometry":{"type":"MultiLineString","coordinates":[[[-0.1627949,51.5185276],[-0.1627254,51.5185391],[-0.1626744,51.5185481]]]}},
{"type":"Feature","properties":{"highway":"footway","name":null,"category":"Footpath (pedestrian only)"},"geometry":{"type":"MultiLineString","coordinates":[[[-0.1636491,51.518177],[-0.1636378,51.5181676],[-0.163355,51.5179332],[-0.1631443,51.5177967],[-0.1631124,51.5177845]]]}},
{"type":"Feature","properties":{"highway":"footway","name":null,"category":"Footpath (pedestrian only)"},"geometry":{"type":"MultiLineString","coordinates":[[[-0.1631124,51.5177845],[-0.1630378,51.5177958],[-0.1625388,51.5178876]]]}},
{"type":"Feature","properties":{"highway":"footway","name":"Seymour Place","category":"Footpath (pedestrian only)"},"geometry":{"type":"MultiLineString","coordinates":[[[-0.1625388,51.5178876],[-0.162734,51.5183288]]]}},
{"type":"Feature","properties":{"highway":"footway","name":null,"category":"Footpath (pedestrian only)"},"geometry":{"type":"MultiLineString","coordinates":[[[-0.1627747,51.5184099],[-0.1627515,51.5183604],[-0.16274,51.5183381]]]}},
{"type":"Feature","properties":{"highway":"footway","name":"Seymour Place","category":"Footpath (pedestrian only)"},"geometry":{"type":"MultiLineString","coordinates":[[[-0.1629195,51.5191017],[-0.1629137,51.5190881],[-0.1626578,51.5185517],[-0.1626094,51.5184507]]]}},
{"type":"Feature","properties":{"highway":"footway","name":null,"category":"Footpath (pedestrian only)"},"geometry":{"type":"MultiLineString","coordinates":[[[-0.1626143,51.5184419],[-0.1625859,51.5183894],[-0.1625705,51.51836]]]}},
{"type":"Feature","properties":{"highway":"footway","name":null,"category":"Footpath (pedestrian only)"},"geometry":{"type":"MultiLineString","coordinates":[[[-0.1637649,51.5182426],[-0.1636922,51.5181959],[-0.1636616,51.5181771]]]}},
{"type":"Feature","properties":{"highway":"footway","name":null,"category":"Footpath (pedestrian only)"},"geometry":{"type":"MultiLineString","coordinates":[[[-0.1574799,51.5151198],[-0.1574144,51.5149721],[-0.1574216,51.5149625],[-0.15792,51.5148768],[-0.1580134,51.5148591],[-0.1580169,51.514867],[-0.1580195,51.5148728],[-0.1583947,51.5157009]]]}},
{"type":"Feature","properties":{"highway":"footway","name":null,"category":"Footpath (pedestrian only)"},"geometry":{"type":"MultiLineString","coordinates":[[[-0.157094,51.5158847],[-0.1570381,51.515895]]]}},
{"type":"Feature","properties":{"highway":"footway","name":null,"category":"Footpath (pedestrian only)"},"geometry":{"type":"MultiLineString","coordinates":[[[-0.1570381,51.515895],[-0.1569806,51.5159056],[-0.1569037,51.5159197]]]}},
{"type":"Feature","properties":{"highway":"footway","name":null,"category":"Footpath (pedestrian only)"},"geometry":{"type":"MultiLineString","coordinates":[[[-0.157124,51.5159106],[-0.1571304,51.5159252]]]}},
{"type":"Feature","properties":{"highway":"footway","name":null,"category":"Footpath (pedestrian only)"},"geometry":{"type":"MultiLineString","coordinates":[[[-0.1571304,51.5159252],[-0.1571447,51.5159576],[-0.1571633,51.5159997]]]}},
{"type":"Feature","properties":{"highway":"footway","name":null,"category":"Footpath (pedestrian only)"},"geometry":{"type":"MultiLineString","coordinates":[[[-0.1571889,51.5160555],[-0.1571341,51.5160656]]]}},
{"type":"Feature","properties":{"highway":"footway","name":null,"category":"Footpath (pedestrian only)"},"geometry":{"type":"MultiLineString","coordinates":[[[-0.1571341,51.5160656],[-0.1570649,51.5160783],[-0.1569777,51.5160944]]]}},
{"type":"Feature","properties":{"highway":"footway","name":null,"category":"Footpath (pedestrian only)"},"geometry":{"type":"MultiLineString","coordinates":[[[-0.1571803,51.5165818],[-0.1571779,51.5165765],[-0.1569443,51.5161005],[-0.1569208,51.5160503],[-0.1568921,51.5160555]]]}},
{"type":"Feature","properties":{"highway":"footway","name":null,"category":"Footpath (pedestrian only)"},"geometry":{"type":"MultiLineString","coordinates":[[[-0.1568801,51.5160295],[-0.1568669,51.5160007],[-0.1568528,51.5159701]]]}},
{"type":"Feature","properties":{"highway":"footway","name":null,"category":"Footpath (pedestrian only)"},"geometry":{"type":"MultiLineString","coordinates":[[[-0.1565536,51.5159841],[-0.1568343,51.5159325],[-0.1569037,51.5159197]]]}},
{"type":"Feature","properties":{"highway":"footway","name":null,"category":"Footpath (pedestrian only)"},"geometry":{"type":"MultiLineString","coordinates":[[[-0.1577918,51.5158006],[-0.1583947,51.5157009],[-0.1584214,51.5156965]]]}},
{"type":"Feature","properties":{"highway":"footway","name":null,"category":"Footpath (pedestrian only)"},"geometry":{"type":"MultiLineString","coordinates":[[[-0.1584214,51.5156965],[-0.1584582,51.5156904],[-0.1584852,51.5156859]]]}},
{"type":"Feature","properties":{"highway":"footway","name":null,"category":"Footpath (pedestrian only)"},"geometry":{"type":"MultiLineString","coordinates":[[[-0.1585067,51.5156823],[-0.1586174,51.5156639],[-0.1597743,51.5154675],[-0.1598153,51.5154605]]]}},
{"type":"Feature","properties":{"highway":"footway","name":null,"category":"Footpath (pedestrian only)"},"geometry":{"type":"MultiLineString","coordinates":[[[-0.1586222,51.5156744],[-0.158638,51.5157101],[-0.158653,51.5157441]]]}},
{"type":"Feature","properties":{"highway":"footway","name":null,"category":"Footpath (pedestrian only)"},"geometry":{"type":"MultiLineString","coordinates":[[[-0.1567135,51.5151002],[-0.1567018,51.5150795]]]}},
{"type":"Feature","properties":{"highway":"footway","name":null,"category":"Footpath (pedestrian only)"},"geometry":{"type":"MultiLineString","coordinates":[[[-0.1567018,51.5150795],[-0.1566686,51.5150165],[-0.156653,51.5149923]]]}},
{"type":"Feature","properties":{"highway":"footway","name":null,"category":"Footpath (pedestrian only)"},"geometry":{"type":"MultiLineString","coordinates":[[[-0.1568921,51.5160555],[-0.1559399,51.5162304],[-0.1550553,51.516385]]]}},
{"type":"Feature","properties":{"highway":"footway","name":null,"category":"Footpath (pedestrian only)"},"geometry":{"type":"MultiLineString","coordinates":[[[-0.1550036,51.5164339],[-0.1549488,51.516442]]]}},
{"type":"Feature","properties":{"highway":"footway","name":null,"category":"Footpath (pedestrian only)"},"geometry":{"type":"MultiLineString","coordinates":[[[-0.1549488,51.516442],[-0.1548347,51.5164534]]]}},
{"type":"Feature","properties":{"highway":"footway","name":null,"category":"Footpath (pedestrian only)"},"geometry":{"type":"MultiLineString","coordinates":[[[-0.154159,51.5165586],[-0.1532978,51.5166922]]]}},
{"type":"Feature","properties":{"highway":"footway","name":null,"category":"Footpath (pedestrian only)"},"geometry":{"type":"MultiLineString","coordinates":[[[-0.1656773,51.51984],[-0.1656408,51.5198363],[-0.1653103,51.5196927],[-0.1638742,51.5190644]]]}},
{"type":"Feature","properties":{"highway":"footway","name":"Seymour Place","category":"Footpath (pedestrian only)"},"geometry":{"type":"MultiLineString","coordinates":[[[-0.1631262,51.5191957],[-0.1631386,51.5192218],[-0.1632789,51.5195093],[-0.1633808,51.519687]]]}},
{"type":"Feature","properties":{"highway":"footway","name":null,"category":"Footpath (pedestrian only)"},"geometry":{"type":"MultiLineString","coordinates":[[[-0.1634397,51.5197775],[-0.1634584,51.5198072],[-0.1639286,51.5205758],[-0.1640651,51.5208163],[-0.1641167,51.5208385],[-0.1644847,51.5207846],[-0.1649426,51.5207104],[-0.1650773,51.5206796],[-0.1652176,51.5206262],[-0.1652334,51.5206133],[-0.1652983,51.5205602],[-0.1654468,51.5203006],[-0.1654535,51.520289]]]}},
{"type":"Feature","properties":{"highway":"footway","name":null,"category":"Footpath (pedestrian only)"},"geometry":{"type":"MultiLineString","coordinates":[[[-0.1633808,51.519687],[-0.1634043,51.5197228],[-0.1634397,51.5197775]]]}},
{"type":"Feature","properties":{"highway":"footway","name":null,"category":"Footpath (pedestrian only)"},"geometry":{"type":"MultiLineString","coordinates":[[[-0.1633808,51.519687],[-0.1632832,51.5197043],[-0.1632029,51.5197185]]]}},
{"type":"Feature","properties":{"highway":"footway","name":null,"category":"Footpath (pedestrian only)"},"geometry":{"type":"MultiLineString","coordinates":[[[-0.1629701,51.5192172],[-0.1629251,51.5192256],[-0.1624498,51.5193141],[-0.1617244,51.5194492]]]}},
{"type":"Feature","properties":{"highway":"footway","name":null,"category":"Footpath (pedestrian only)"},"geometry":{"type":"MultiLineString","coordinates":[[[-0.163107,51.5192274],[-0.1630561,51.5192363],[-0.1629888,51.5192495]]]}},
{"type":"Feature","properties":{"highway":"footway","name":null,"category":"Footpath (pedestrian only)"},"geometry":{"type":"MultiLineString","coordinates":[[[-0.1617395,51.5193289],[-0.1617596,51.5193252],[-0.1621423,51.5192519],[-0.1628713,51.519111],[-0.1629195,51.5191017]]]}},
{"type":"Feature","properties":{"highway":"footway","name":null,"category":"Footpath (pedestrian only)"},"geometry":{"type":"MultiLineString","coordinates":[[[-0.1630624,51.5190639],[-0.1629844,51.5190759],[-0.1629137,51.5190881]]]}},
{"type":"Feature","properties":{"highway":"footway","name":null,"category":"Footpath (pedestrian only)"},"geometry":{"type":"MultiLineString","coordinates":[[[-0.1628713,51.519111],[-0.1628973,51.5191663],[-0.1629251,51.5192256]]]}},
{"type":"Feature","properties":{"highway":"footway","name":null,"category":"Footpath (pedestrian only)"},"geometry":{"type":"MultiLineString","coordinates":[[[-0.1623347,51.5198826],[-0.1632029,51.5197185]]]}},
{"type":"Feature","properties":{"highway":"footway","name":null,"category":"Footpath (pedestrian only)"},"geometry":{"type":"MultiLineString","coordinates":[[[-0.1621898,51.5196749],[-0.1622298,51.5196695],[-0.1622651,51.5197471],[-0.1623347,51.5198826]]]}},
{"type":"Feature","properties":{"highway":"footway","name":null,"category":"Footpath (pedestrian only)"},"geometry":{"type":"MultiLineString","coordinates":[[[-0.1622423,51.5199003],[-0.1621379,51.5196911],[-0.1621898,51.5196749]]]}},
{"type":"Feature","properties":{"highway":"footway","name":null,"category":"Footpath (pedestrian only)"},"geometry":{"type":"MultiLineString","coordinates":[[[-0.1616625,51.520006],[-0.1622423,51.5199003]]]}},
{"type":"Feature","properties":{"highway":"footway","name":"Upper Montagu Street","category":"Footpath (pedestrian only)"},"geometry":{"type":"MultiLineString","coordinates":[[[-0.1611982,51.5200901],[-0.1615459,51.520031],[-0.1615421,51.5200235]]]}},
{"type":"Feature","properties":{"highway":"footway","name":null,"category":"Footpath (pedestrian only)"},"geometry":{"type":"MultiLineString","coordinates":[[[-0.1615609,51.5197804],[-0.1616445,51.5200044],[-0.1616625,51.520006]]]}},
{"type":"Feature","properties":{"highway":"footway","name":null,"category":"Footpath (pedestrian only)"},"geometry":{"type":"MultiLineString","coordinates":[[[-0.1615609,51.5197804],[-0.1615059,51.5197741]]]}},
{"type":"Feature","properties":{"highway":"footway","name":null,"category":"Footpath (pedestrian only)"},"geometry":{"type":"MultiLineString","coordinates":[[[-0.1615059,51.5197741],[-0.161446,51.5198143]]]}},
{"type":"Feature","properties":{"highway":"footway","name":null,"category":"Footpath (pedestrian only)"},"geometry":{"type":"MultiLineString","coordinates":[[[-0.1623347,51.5198826],[-0.1622893,51.5198913],[-0.1622423,51.5199003]]]}},
{"type":"Feature","properties":{"highway":"footway","name":null,"category":"Footpath (pedestrian only)"},"geometry":{"type":"MultiLineString","coordinates":[[[-0.1632672,51.5198101],[-0.1622886,51.5199926]]]}},
{"type":"Feature","properties":{"highway":"footway","name":null,"category":"Footpath (pedestrian only)"},"geometry":{"type":"MultiLineString","coordinates":[[[-0.1622886,51.5199926],[-0.162699,51.5206731],[-0.1629148,51.5210286]]]}},
{"type":"Feature","properties":{"highway":"footway","name":null,"category":"Footpath (pedestrian only)"},"geometry":{"type":"MultiLineString","coordinates":[[[-0.1632672,51.5198101],[-0.1632897,51.5198439],[-0.16339,51.5199943],[-0.1636505,51.5204031],[-0.1637225,51.5205375]]]}},
{"type":"Feature","properties":{"highway":"footway","name":null,"category":"Footpath (pedestrian only)"},"geometry":{"type":"MultiLineString","coordinates":[[[-0.1634584,51.5198072],[-0.1633594,51.5198284],[-0.1632897,51.5198439]]]}},
{"type":"Feature","properties":{"highway":"footway","name":null,"category":"Footpath (pedestrian only)"},"geometry":{"type":"MultiLineString","coordinates":[[[-0.1632672,51.5198101],[-0.16323,51.5197571],[-0.1632029,51.5197185]]]}},
{"type":"Feature","properties":{"highway":"footway","name":null,"category":"Footpath (pedestrian only)"},"geometry":{"type":"MultiLineString","coordinates":[[[-0.163672,51.5197334],[-0.1636857,51.5197309],[-0.1640109,51.5196716],[-0.1649662,51.5201246]]]}},
{"type":"Feature","properties":{"highway":"footway","name":null,"category":"Footpath (pedestrian only)"},"geometry":{"type":"MultiLineString","coordinates":[[[-0.1634397,51.5197775],[-0.1636037,51.5197486],[-0.1636122,51.5197464]]]}},
{"type":"Feature","properties":{"highway":"footway","name":null,"category":"Footpath (pedestrian only)"},"geometry":{"type":"MultiLineString","coordinates":[[[-0.1636122,51.5197464],[-0.163652,51.5197374],[-0.163672,51.5197334]]]}},
{"type":"Feature","properties":{"highway":"footway","name":"York Street","category":"Footpath (pedestrian only)"},"geometry":{"type":"MultiLineString","coordinates":[[[-0.162182,51.5200109],[-0.1617579,51.5200943]]]}},
{"type":"Feature","properties":{"highway":"footway","name":null,"category":"Footpath (pedestrian only)"},"geometry":{"type":"MultiLineString","coordinates":[[[-0.1622886,51.5199926],[-0.1622461,51.5199999],[-0.162182,51.5200109]]]}},
{"type":"Feature","properties":{"highway":"footway","name":null,"category":"Footpath (pedestrian only)"},"geometry":{"type":"MultiLineString","coordinates":[[[-0.1626594,51.5207857],[-0.1626524,51.5207742],[-0.1621954,51.5200182],[-0.162182,51.5200109]]]}},
{"type":"Feature","properties":{"highway":"footway","name":null,"category":"Footpath (pedestrian only)"},"geometry":{"type":"MultiLineString","coordinates":[[[-0.1569264,51.5109728],[-0.1569217,51.5109933],[-0.1564827,51.5110729]]]}},
{"type":"Feature","properties":{"highway":"footway","name":null,"category":"Footpath (pedestrian only)"},"geometry":{"type":"MultiLineString","coordinates":[[[-0.1569978,51.5110929],[-0.1569359,51.5110955],[-0.1550228,51.5114612],[-0.1549841,51.5114686]]]}},
{"type":"Feature","properties":{"highway":"footway","name":null,"category":"Footpath (pedestrian only)"},"geometry":{"type":"MultiLineString","coordinates":[[[-0.1572225,51.5114972],[-0.1568048,51.5115773]]]}},
{"type":"Feature","properties":{"highway":"footway","name":null,"category":"Footpath (pedestrian only)"},"geometry":{"type":"MultiLineString","coordinates":[[[-0.1571766,51.5122504],[-0.1568669,51.5116338]]]}},
{"type":"Feature","properties":{"highway":"footway","name":null,"category":"Footpath (pedestrian only)"},"geometry":{"type":"MultiLineString","coordinates":[[[-0.1567732,51.5116736],[-0.1570566,51.5122701]]]}},
{"type":"Feature","properties":{"highway":"footway","name":null,"category":"Footpath (pedestrian only)"},"geometry":{"type":"MultiLineString","coordinates":[[[-0.1568669,51.5116338],[-0.1568211,51.5116538],[-0.1567802,51.5116707]]]}},
{"type":"Feature","properties":{"highway":"footway","name":null,"category":"Footpath (pedestrian only)"},"geometry":{"type":"MultiLineString","coordinates":[[[-0.1567732,51.5116736],[-0.1567619,51.5116689],[-0.1565236,51.5117117]]]}},
{"type":"Feature","properties":{"highway":"footway","name":"York Street","category":"Footpath (pedestrian only)"},"geometry":{"type":"MultiLineString","coordinates":[[[-0.1616398,51.5201175],[-0.161191,51.5201996],[-0.1612035,51.5202225],[-0.1612314,51.5202818],[-0.1612765,51.5203813],[-0.1613176,51.5204752],[-0.1613687,51.5205906],[-0.1614925,51.5208797],[-0.1616565,51.5212433],[-0.1616639,51.5212599]]]}},
{"type":"Feature","properties":{"highway":"footway","name":"Knox Street","category":"Footpath (pedestrian only)"},"geometry":{"type":"MultiLineString","coordinates":[[[-0.1615864,51.521273],[-0.1615785,51.5212565],[-0.1612767,51.5206198],[-0.1611902,51.5204096],[-0.1611363,51.5202938],[-0.1611132,51.5202394],[-0.1611003,51.5202165]]]}},
{"type":"Feature","properties":{"highway":"footway","name":null,"category":"Footpath (pedestrian only)"},"geometry":{"type":"MultiLineString","coordinates":[[[-0.1598112,51.520344],[-0.1598071,51.520347],[-0.1592256,51.5204458],[-0.1592152,51.5204477],[-0.159177,51.5204451]]]}},
{"type":"Feature","properties":{"highway":"footway","name":null,"category":"Footpath (pedestrian only)"},"geometry":{"type":"MultiLineString","coordinates":[[[-0.1626094,51.5184507],[-0.1620346,51.5185456],[-0.1614788,51.5186368],[-0.1614619,51.5186411],[-0.1614564,51.5186492],[-0.1614585,51.5186629],[-0.1616127,51.5190042]]]}},
{"type":"Feature","properties":{"highway":"footway","name":null,"category":"Footpath (pedestrian only)"},"geometry":{"type":"MultiLineString","coordinates":[[[-0.1625621,51.5183479],[-0.16238,51.5183814]]]}},
{"type":"Feature","properties":{"highway":"footway","name":null,"category":"Footpath (pedestrian only)"},"geometry":{"type":"MultiLineString","coordinates":[[[-0.1623454,51.5183898],[-0.1623145,51.5183962]]]}},
{"type":"Feature","properties":{"highway":"footway","name":null,"category":"Footpath (pedestrian only)"},"geometry":{"type":"MultiLineString","coordinates":[[[-0.1646455,51.5172693],[-0.1642682,51.5174094],[-0.1639133,51.5175464],[-0.1638977,51.5175524]]]}},
{"type":"Feature","properties":{"highway":"footway","name":null,"category":"Footpath (pedestrian only)"},"geometry":{"type":"MultiLineString","coordinates":[[[-0.1638977,51.5175524],[-0.1638817,51.5175584],[-0.163771,51.5175962]]]}},
{"type":"Feature","properties":{"highway":"footway","name":null,"category":"Footpath (pedestrian only)"},"geometry":{"type":"MultiLineString","coordinates":[[[-0.16588,51.5181473],[-0.1646455,51.5172693]]]}},
{"type":"Feature","properties":{"highway":"footway","name":null,"category":"Footpath (pedestrian only)"},"geometry":{"type":"MultiLineString","coordinates":[[[-0.1648215,51.5177722],[-0.1645707,51.5175959],[-0.1645162,51.5175981]]]}},
{"type":"Feature","properties":{"highway":"footway","name":null,"category":"Footpath (pedestrian only)"},"geometry":{"type":"MultiLineString","coordinates":[[[-0.1649536,51.5179331],[-0.1644519,51.5175836],[-0.1644763,51.5175707]]]}},
{"type":"Feature","properties":{"highway":"footway","name":"Crawford Street","category":"Footpath (pedestrian only)"},"geometry":{"type":"MultiLineString","coordinates":[[[-0.1595376,51.5197437],[-0.1589394,51.5198484]]]}},
{"type":"Feature","properties":{"highway":"footway","name":"Crawford Street","category":"Footpath (pedestrian only)"},"geometry":{"type":"MultiLineString","coordinates":[[[-0.1596179,51.5198392],[-0.1596161,51.5198341],[-0.160149,51.5197384],[-0.1602061,51.5197295]]]}},
{"type":"Feature","properties":{"highway":"footway","name":"Upper Montagu Street","category":"Footpath (pedestrian only)"},"geometry":{"type":"MultiLineString","coordinates":[[[-0.1606091,51.5202019],[-0.1605891,51.5201645],[-0.1603943,51.5197217],[-0.1603842,51.5196997]]]}},
{"type":"Feature","properties":{"highway":"footway","name":null,"category":"Footpath (pedestrian only)"},"geometry":{"type":"MultiLineString","coordinates":[[[-0.1639133,51.5175464],[-0.1653212,51.5185501]]]}},
{"type":"Feature","properties":{"highway":"footway","name":null,"category":"Footpath (pedestrian only)"},"geometry":{"type":"MultiLineString","coordinates":[[[-0.1652132,51.5186366],[-0.1637652,51.5176018]]]}},
{"type":"Feature","properties":{"highway":"footway","name":null,"category":"Footpath (pedestrian only)"},"geometry":{"type":"MultiLineString","coordinates":[[[-0.1637652,51.5176018],[-0.1632978,51.5177739]]]}},
{"type":"Feature","properties":{"highway":"footway","name":null,"category":"Footpath (pedestrian only)"},"geometry":{"type":"MultiLineString","coordinates":[[[-0.1632107,51.5176853],[-0.1643068,51.5172677],[-0.1649028,51.5170534],[-0.1649199,51.5170497]]]}},
{"type":"Feature","properties":{"highway":"footway","name":null,"category":"Footpath (pedestrian only)"},"geometry":{"type":"MultiLineString","coordinates":[[[-0.1632107,51.5176853],[-0.1631526,51.5176642],[-0.1630056,51.5174623]]]}},
{"type":"Feature","properties":{"highway":"footway","name":null,"category":"Footpath (pedestrian only)"},"geometry":{"type":"MultiLineString","coordinates":[[[-0.1630056,51.5174623],[-0.1630245,51.517455]]]}},
{"type":"Feature","properties":{"highway":"footway","name":null,"category":"Footpath (pedestrian only)"},"geometry":{"type":"MultiLineString","coordinates":[[[-0.1629881,51.5176886],[-0.1629792,51.517696],[-0.1629702,51.5177207],[-0.1625257,51.5177867],[-0.1624981,51.5177729]]]}},
{"type":"Feature","properties":{"highway":"footway","name":null,"category":"Footpath (pedestrian only)"},"geometry":{"type":"MultiLineString","coordinates":[[[-0.1631526,51.5176642],[-0.1630822,51.5176746],[-0.1629881,51.5176886]]]}},
{"type":"Feature","properties":{"highway":"footway","name":null,"category":"Footpath (pedestrian only)"},"geometry":{"type":"MultiLineString","coordinates":[[[-0.1630004,51.5174005],[-0.1630066,51.5174134],[-0.1630201,51.5174477]]]}},
{"type":"Feature","properties":{"highway":"footway","name":null,"category":"Footpath (pedestrian only)"},"geometry":{"type":"MultiLineString","coordinates":[[[-0.1636491,51.518177],[-0.1636189,51.5181863],[-0.1632111,51.5182549],[-0.162734,51.5183288]]]}},
{"type":"Feature","properties":{"highway":"footway","name":null,"category":"Footpath (pedestrian only)"},"geometry":{"type":"MultiLineString","coordinates":[[[-0.1626591,51.5169374],[-0.1626436,51.5168978],[-0.1626338,51.516868]]]}},
{"type":"Feature","properties":{"highway":"footway","name":null,"category":"Footpath (pedestrian only)"},"geometry":{"type":"MultiLineString","coordinates":[[[-0.1628204,51.5169127],[-0.1628047,51.5168682],[-0.1627937,51.5168369]]]}},
{"type":"Feature","properties":{"highway":"footway","name":null,"category":"Footpath (pedestrian only)"},"geometry":{"type":"MultiLineString","coordinates":[[[-0.1627687,51.5168281],[-0.1627211,51.5168381],[-0.1626633,51.5168488]]]}},
{"type":"Feature","properties":{"highway":"footway","name":null,"category":"Footpath (pedestrian only)"},"geometry":{"type":"MultiLineString","coordinates":[[[-0.1628204,51.5169127],[-0.1628241,51.516928],[-0.1627968,51.5169347],[-0.1627527,51.5169419],[-0.1627006,51.5169509]]]}},
{"type":"Feature","properties":{"highway":"footway","name":null,"category":"Footpath (pedestrian only)"},"geometry":{"type":"MultiLineString","coordinates":[[[-0.1630018,51.5173918],[-0.1628241,51.516928]]]}},
{"type":"Feature","properties":{"highway":"footway","name":null,"category":"Footpath (pedestrian only)"},"geometry":{"type":"MultiLineString","coordinates":[[[-0.1629881,51.5176886],[-0.1626668,51.5169567]]]}},
{"type":"Feature","properties":{"highway":"footway","name":null,"category":"Footpath (pedestrian only)"},"geometry":{"type":"MultiLineString","coordinates":[[[-0.1627937,51.5168369],[-0.1627906,51.5168242],[-0.1627687,51.5168281]]]}},
{"type":"Feature","properties":{"highway":"footway","name":null,"category":"Footpath (pedestrian only)"},"geometry":{"type":"MultiLineString","coordinates":[[[-0.1632837,51.5177739],[-0.1632155,51.517782],[-0.1631535,51.5177931]]]}},
{"type":"Feature","properties":{"highway":"footway","name":null,"category":"Footpath (pedestrian only)"},"geometry":{"type":"MultiLineString","coordinates":[[[-0.1632827,51.5177625],[-0.1632414,51.5177183],[-0.1632107,51.5176853]]]}},
{"type":"Feature","properties":{"highway":"footway","name":null,"category":"Footpath (pedestrian only)"},"geometry":{"type":"MultiLineString","coordinates":[[[-0.1629702,51.5177207],[-0.1630051,51.5177585],[-0.163032,51.5177889]]]}},
{"type":"Feature","properties":{"highway":"footway","name":null,"category":"Footpath (pedestrian only)"},"geometry":{"type":"MultiLineString","coordinates":[[[-0.1516627,51.5183532],[-0.151668,51.5183657],[-0.1516539,51.5183707],[-0.1516522,51.5183987],[-0.151628,51.5184001]]]}},
{"type":"Feature","properties":{"highway":"footway","name":null,"category":"Footpath (pedestrian only)"},"geometry":{"type":"MultiLineString","coordinates":[[[-0.1516521,51.5182749],[-0.1516569,51.5183107],[-0.1516627,51.5183532]]]}},
{"type":"Feature","properties":{"highway":"footway","name":null,"category":"Footpath (pedestrian only)"},"geometry":{"type":"MultiLineString","coordinates":[[[-0.151628,51.5184001],[-0.1515714,51.5184032],[-0.1515196,51.518406]]]}},
{"type":"Feature","properties":{"highway":"footway","name":null,"category":"Footpath (pedestrian only)"},"geometry":{"type":"MultiLineString","coordinates":[[[-0.1516395,51.5179868],[-0.1516387,51.5180243],[-0.1516378,51.5180674]]]}},
{"type":"Feature","properties":{"highway":"footway","name":null,"category":"Footpath (pedestrian only)"},"geometry":{"type":"MultiLineString","coordinates":[[[-0.1516378,51.5180674],[-0.1516301,51.5180805],[-0.1516018,51.5181059],[-0.151609,51.5181603],[-0.1516211,51.5182388],[-0.1516486,51.5182568],[-0.1516521,51.5182749]]]}},
{"type":"Feature","properties":{"highway":"footway","name":null,"category":"Footpath (pedestrian only)"},"geometry":{"type":"MultiLineString","coordinates":[[[-0.1516358,51.51797],[-0.1516072,51.5179618],[-0.1515869,51.5179395]]]}},
{"type":"Feature","properties":{"highway":"footway","name":null,"category":"Footpath (pedestrian only)"},"geometry":{"type":"MultiLineString","coordinates":[[[-0.1515612,51.5179419],[-0.1514968,51.5179474],[-0.1514443,51.5179518]]]}},
{"type":"Feature","properties":{"highway":"footway","name":null,"category":"Footpath (pedestrian only)"},"geometry":{"type":"MultiLineString","coordinates":[[[-0.1514247,51.5179529],[-0.1514417,51.5180305],[-0.1514602,51.5181373]]]}},
{"type":"Feature","properties":{"highway":"footway","name":null,"category":"Footpath (pedestrian only)"},"geometry":{"type":"MultiLineString","coordinates":[[[-0.1514704,51.5181997],[-0.1514718,51.5182168],[-0.1514954,51.5184074],[-0.1515107,51.5185634]]]}},
{"type":"Feature","properties":{"highway":"footway","name":null,"category":"Footpath (pedestrian only)"},"geometry":{"type":"MultiLineString","coordinates":[[[-0.1514602,51.5181373],[-0.1514654,51.518169],[-0.1514704,51.5181997]]]}},
{"type":"Feature","properties":{"highway":"footway","name":null,"category":"Footpath (pedestrian only)"},"geometry":{"type":"MultiLineString","coordinates":[[[-0.1515869,51.5179395],[-0.1513745,51.5170135],[-0.1513679,51.5169868]]]}},
{"type":"Feature","properties":{"highway":"footway","name":null,"category":"Footpath (pedestrian only)"},"geometry":{"type":"MultiLineString","coordinates":[[[-0.1513412,51.5170163],[-0.1512911,51.5170213],[-0.1512295,51.5170274]]]}},
{"type":"Feature","properties":{"highway":"footway","name":null,"category":"Footpath (pedestrian only)"},"geometry":{"type":"MultiLineString","coordinates":[[[-0.1512038,51.5170168],[-0.1512082,51.5170305],[-0.1513624,51.517657]]]}},
{"type":"Feature","properties":{"highway":"footway","name":null,"category":"Footpath (pedestrian only)"},"geometry":{"type":"MultiLineString","coordinates":[[[-0.1513758,51.5177128],[-0.1514247,51.5179529]]]}},
{"type":"Feature","properties":{"highway":"footway","name":null,"category":"Footpath (pedestrian only)"},"geometry":{"type":"MultiLineString","coordinates":[[[-0.1513624,51.517657],[-0.1513704,51.517692],[-0.1513758,51.5177128]]]}},
{"type":"Feature","properties":{"highway":"footway","name":null,"category":"Footpath (pedestrian only)"},"geometry":{"type":"MultiLineString","coordinates":[[[-0.1672382,51.5181659],[-0.1672237,51.518159]]]}},
{"type":"Feature","properties":{"highway":"footway","name":"Edgware Road","category":"Footpath (pedestrian only)"},"geometry":{"type":"MultiLineString","coordinates":[[[-0.1674373,51.518283],[-0.1674116,51.5182693],[-0.1673901,51.5182554]]]}},
{"type":"Feature","properties":{"highway":"footway","name":null,"category":"Footpath (pedestrian only)"},"geometry":{"type":"MultiLineString","coordinates":[[[-0.1674639,51.5182656],[-0.1674373,51.518283]]]}},
{"type":"Feature","properties":{"highway":"footway","name":null,"category":"Footpath (pedestrian only)"},"geometry":{"type":"MultiLineString","coordinates":[[[-0.1675377,51.5182234],[-0.1675139,51.5182366],[-0.1674639,51.5182656]]]}},
{"type":"Feature","properties":{"highway":"footway","name":null,"category":"Footpath (pedestrian only)"},"geometry":{"type":"MultiLineString","coordinates":[[[-0.1675528,51.518215],[-0.1675377,51.5182234]]]}},
{"type":"Feature","properties":{"highway":"footway","name":null,"category":"Footpath (pedestrian only)"},"geometry":{"type":"MultiLineString","coordinates":[[[-0.1676526,51.5181603],[-0.1676252,51.5181752]]]}},
{"type":"Feature","properties":{"highway":"footway","name":"Edgware Road","category":"Footpath (pedestrian only)"},"geometry":{"type":"MultiLineString","coordinates":[[[-0.1675971,51.5181181],[-0.1676526,51.5181603]]]}},
{"type":"Feature","properties":{"highway":"footway","name":null,"category":"Footpath (pedestrian only)"},"geometry":{"type":"MultiLineString","coordinates":[[[-0.1676198,51.5181782],[-0.1675815,51.5181992],[-0.1675528,51.518215]]]}},
{"type":"Feature","properties":{"highway":"footway","name":null,"category":"Footpath (pedestrian only)"},"geometry":{"type":"MultiLineString","coordinates":[[[-0.1652132,51.5186366],[-0.165013,51.5187853],[-0.1648391,51.5188233]]]}},
{"type":"Feature","properties":{"highway":"footway","name":null,"category":"Footpath (pedestrian only)"},"geometry":{"type":"MultiLineString","coordinates":[[[-0.16588,51.5181473],[-0.1656082,51.5183473],[-0.1653212,51.5185501]]]}},
{"type":"Feature","properties":{"highway":"footway","name":null,"category":"Footpath (pedestrian only)"},"geometry":{"type":"MultiLineString","coordinates":[[[-0.1665434,51.5176589],[-0.165977,51.5180821]]]}},
{"type":"Feature","properties":{"highway":"footway","name":null,"category":"Footpath (pedestrian only)"},"geometry":{"type":"MultiLineString","coordinates":[[[-0.1659724,51.5180864],[-0.1659289,51.5181181],[-0.1658912,51.5181448]]]}},
{"type":"Feature","properties":{"highway":"footway","name":null,"category":"Footpath (pedestrian only)"},"geometry":{"type":"MultiLineString","coordinates":[[[-0.1665434,51.5176589],[-0.1656957,51.5170851],[-0.1654949,51.5169598],[-0.1654701,51.5169536]]]}},
{"type":"Feature","properties":{"highway":"footway","name":null,"category":"Footpath (pedestrian only)"},"geometry":{"type":"MultiLineString","coordinates":[[[-0.1654701,51.5169536],[-0.165432,51.516922],[-0.1654016,51.5168967]]]}},
{"type":"Feature","properties":{"highway":"footway","name":null,"category":"Footpath (pedestrian only)"},"geometry":{"type":"MultiLineString","coordinates":[[[-0.1654016,51.5168967],[-0.1653904,51.5168884],[-0.1653396,51.5168511],[-0.1647837,51.5164651],[-0.1641331,51.5160135],[-0.1640747,51.5160131]]]}},
{"type":"Feature","properties":{"highway":"footway","name":null,"category":"Footpath (pedestrian only)"},"geometry":{"type":"MultiLineString","coordinates":[[[-0.1671702,51.5181668],[-0.1671751,51.518145],[-0.1671753,51.5181087],[-0.1671505,51.5180699],[-0.166664,51.5177172]]]}},
{"type":"Feature","properties":{"highway":"footway","name":null,"category":"Footpath (pedestrian only)"},"geometry":{"type":"MultiLineString","coordinates":[[[-0.1666584,51.5177141],[-0.1666169,51.5176953],[-0.1665544,51.517667]]]}},
{"type":"Feature","properties":{"highway":"footway","name":null,"category":"Footpath (pedestrian only)"},"geometry":{"type":"MultiLineString","coordinates":[[[-0.1659143,51.5169625],[-0.1674081,51.5179401],[-0.1674641,51.5179709]]]}},
{"type":"Feature","properties":{"highway":"footway","name":null,"category":"Footpath (pedestrian only)"},"geometry":{"type":"MultiLineString","coordinates":[[[-0.1656957,51.5170851],[-0.165722,51.51707]]]}},
{"type":"Feature","properties":{"highway":"footway","name":null,"category":"Footpath (pedestrian only)"},"geometry":{"type":"MultiLineString","coordinates":[[[-0.1659143,51.5169625],[-0.1658813,51.5169795]]]}},
{"type":"Feature","properties":{"highway":"footway","name":null,"category":"Footpath (pedestrian only)"},"geometry":{"type":"MultiLineString","coordinates":[[[-0.165977,51.5180821],[-0.1652475,51.5175906]]]}},
{"type":"Feature","properties":{"highway":"footway","name":null,"category":"Footpath (pedestrian only)"},"geometry":{"type":"MultiLineString","coordinates":[[[-0.1647409,51.5172322],[-0.1651667,51.5175357]]]}},
{"type":"Feature","properties":{"highway":"footway","name":null,"category":"Footpath (pedestrian only)"},"geometry":{"type":"MultiLineString","coordinates":[[[-0.1652475,51.5175906],[-0.1652265,51.5175763],[-0.1651667,51.5175357]]]}},
{"type":"Feature","properties":{"highway":"footway","name":null,"category":"Footpath (pedestrian only)"},"geometry":{"type":"MultiLineString","coordinates":[[[-0.1647243,51.5172387],[-0.164692,51.5172512],[-0.1646586,51.5172642]]]}},
{"type":"Feature","properties":{"highway":"footway","name":null,"category":"Footpath (pedestrian only)"},"geometry":{"type":"MultiLineString","coordinates":[[[-0.1649092,51.5189392],[-0.1649397,51.5189249],[-0.1649725,51.5189169]]]}},
{"type":"Feature","properties":{"highway":"footway","name":null,"category":"Footpath (pedestrian only)"},"geometry":{"type":"MultiLineString","coordinates":[[[-0.1653433,51.5186673],[-0.166664,51.5177172]]]}},
{"type":"Feature","properties":{"highway":"footway","name":null,"category":"Footpath (pedestrian only)"},"geometry":{"type":"MultiLineString","coordinates":[[[-0.1649725,51.5189169],[-0.1650272,51.5188972],[-0.1651022,51.5188498],[-0.1652999,51.5187019]]]}},
{"type":"Feature","properties":{"highway":"footway","name":null,"category":"Footpath (pedestrian only)"},"geometry":{"type":"MultiLineString","coordinates":[[[-0.1652999,51.5187019],[-0.165329,51.5186802],[-0.1653433,51.5186673]]]}},
{"type":"Feature","properties":{"highway":"footway","name":null,"category":"Footpath (pedestrian only)"},"geometry":{"type":"MultiLineString","coordinates":[[[-0.1667938,51.5187377],[-0.1672386,51.5196455]]]}},
{"type":"Feature","properties":{"highway":"footway","name":null,"category":"Footpath (pedestrian only)"},"geometry":{"type":"MultiLineString","coordinates":[[[-0.1671023,51.5196755],[-0.1670982,51.5196658],[-0.1670423,51.5195545],[-0.166684,51.5188244]]]}},
{"type":"Feature","properties":{"highway":"footway","name":null,"category":"Footpath (pedestrian only)"},"geometry":{"type":"MultiLineString","coordinates":[[[-0.1670025,51.5185784],[-0.1671046,51.5186155],[-0.1672249,51.5186909],[-0.1678637,51.5193397],[-0.1679558,51.5195019]]]}},
{"type":"Feature","properties":{"highway":"footway","name":null,"category":"Footpath (pedestrian only)"},"geometry":{"type":"MultiLineString","coordinates":[[[-0.1679558,51.5195019],[-0.1672386,51.5196455]]]}},
{"type":"Feature","properties":{"highway":"footway","name":null,"category":"Footpath (pedestrian only)"},"geometry":{"type":"MultiLineString","coordinates":[[[-0.1671033,51.5185023],[-0.1672833,51.5186064],[-0.1679784,51.51929],[-0.1680922,51.5194658]]]}},
{"type":"Feature","properties":{"highway":"footway","name":null,"category":"Footpath (pedestrian only)"},"geometry":{"type":"MultiLineString","coordinates":[[[-0.1680778,51.5194781],[-0.1680261,51.5194865],[-0.1679558,51.5195019]]]}},
{"type":"Feature","properties":{"highway":"footway","name":null,"category":"Footpath (pedestrian only)"},"geometry":{"type":"MultiLineString","coordinates":[[[-0.1674373,51.518283],[-0.1677709,51.5184954],[-0.1680391,51.5186799],[-0.1688288,51.5192231]]]}},
{"type":"Feature","properties":{"highway":"footway","name":null,"category":"Footpath (pedestrian only)"},"geometry":{"type":"MultiLineString","coordinates":[[[-0.1705138,51.5185097],[-0.169934,51.5188455]]]}},
{"type":"Feature","properties":{"highway":"footway","name":null,"category":"Footpath (pedestrian only)"},"geometry":{"type":"MultiLineString","coordinates":[[[-0.1700588,51.5181287],[-0.1700468,51.5181206],[-0.1697216,51.5178996],[-0.1697065,51.5178893]]]}},
{"type":"Feature","properties":{"highway":"footway","name":null,"category":"Footpath (pedestrian only)"},"geometry":{"type":"MultiLineString","coordinates":[[[-0.1688117,51.5172668],[-0.1688725,51.5173093],[-0.1689163,51.5173399]]]}},
{"type":"Feature","properties":{"highway":"footway","name":null,"category":"Footpath (pedestrian only)"},"geometry":{"type":"MultiLineString","coordinates":[[[-0.1689163,51.5173399],[-0.1689404,51.5173569],[-0.169352,51.5176403],[-0.1696224,51.5178315],[-0.1696302,51.5178367]]]}},
{"type":"Feature","properties":{"highway":"footway","name":null,"category":"Footpath (pedestrian only)"},"geometry":{"type":"MultiLineString","coordinates":[[[-0.1697065,51.5178893],[-0.1696684,51.5178629],[-0.1696302,51.5178367]]]}},
{"type":"Feature","properties":{"highway":"footway","name":null,"category":"Footpath (pedestrian only)"},"geometry":{"type":"MultiLineString","coordinates":[[[-0.170384,51.5184056],[-0.1704161,51.5183882],[-0.1701088,51.5181638],[-0.1700996,51.5181575]]]}},
{"type":"Feature","properties":{"highway":"footway","name":null,"category":"Footpath (pedestrian only)"},"geometry":{"type":"MultiLineString","coordinates":[[[-0.1700996,51.5181575],[-0.1700785,51.5181426],[-0.1700588,51.5181287]]]}},
{"type":"Feature","properties":{"highway":"footway","name":null,"category":"Footpath (pedestrian only)"},"geometry":{"type":"MultiLineString","coordinates":[[[-0.1688418,51.5174139],[-0.16883,51.5174205],[-0.1687199,51.5174821],[-0.167885,51.5179493],[-0.1678106,51.5179909],[-0.1676146,51.5181006],[-0.1675971,51.5181181]]]}},
{"type":"Feature","properties":{"highway":"footway","name":null,"category":"Footpath (pedestrian only)"},"geometry":{"type":"MultiLineString","coordinates":[[[-0.1683541,51.5186723],[-0.1687125,51.5189122],[-0.1690115,51.519113]]]}},
{"type":"Feature","properties":{"highway":"footway","name":null,"category":"Footpath (pedestrian only)"},"geometry":{"type":"MultiLineString","coordinates":[[[-0.1676252,51.5181752],[-0.1682166,51.5185791],[-0.1682591,51.5186064]]]}},
{"type":"Feature","properties":{"highway":"footway","name":null,"category":"Footpath (pedestrian only)"},"geometry":{"type":"MultiLineString","coordinates":[[[-0.1682648,51.5186115],[-0.1683055,51.5186388],[-0.1683462,51.5186645]]]}},
{"type":"Feature","properties":{"highway":"footway","name":null,"category":"Footpath (pedestrian only)"},"geometry":{"type":"MultiLineString","coordinates":[[[-0.1686347,51.5173044],[-0.1675035,51.5179388],[-0.1674641,51.5179709],[-0.1673987,51.5180241]]]}},
{"type":"Feature","properties":{"highway":"footway","name":null,"category":"Footpath (pedestrian only)"},"geometry":{"type":"MultiLineString","coordinates":[[[-0.1687485,51.5172466],[-0.168781,51.5172465]]]}},
{"type":"Feature","properties":{"highway":"footway","name":null,"category":"Footpath (pedestrian only)"},"geometry":{"type":"MultiLineString","coordinates":[[[-0.1686347,51.5173044],[-0.1686467,51.5172983],[-0.1687058,51.5172683],[-0.1687267,51.5172579],[-0.1687428,51.5172495]]]}},
{"type":"Feature","properties":{"highway":"footway","name":null,"category":"Footpath (pedestrian only)"},"geometry":{"type":"MultiLineString","coordinates":[[[-0.1695176,51.5178904],[-0.1692801,51.5177265],[-0.1688418,51.5174139]]]}},
{"type":"Feature","properties":{"highway":"footway","name":null,"category":"Footpath (pedestrian only)"},"geometry":{"type":"MultiLineString","coordinates":[[[-0.1700111,51.5182321],[-0.1703122,51.5184451],[-0.1703281,51.5184567]]]}},
{"type":"Feature","properties":{"highway":"footway","name":null,"category":"Footpath (pedestrian only)"},"geometry":{"type":"MultiLineString","coordinates":[[[-0.1699478,51.5181896],[-0.1699684,51.5182034],[-0.1700111,51.5182321]]]}},
{"type":"Feature","properties":{"highway":"footway","name":null,"category":"Footpath (pedestrian only)"},"geometry":{"type":"MultiLineString","coordinates":[[[-0.1696124,51.5179615],[-0.1699478,51.5181896]]]}},
{"type":"Feature","properties":{"highway":"footway","name":null,"category":"Footpath (pedestrian only)"},"geometry":{"type":"MultiLineString","coordinates":[[[-0.1695253,51.517898],[-0.1695598,51.5179248],[-0.1695976,51.5179525]]]}},
{"type":"Feature","properties":{"highway":"footway","name":null,"category":"Footpath (pedestrian only)"},"geometry":{"type":"MultiLineString","coordinates":[[[-0.1703281,51.5184567],[-0.169801,51.518758],[-0.169099,51.5191593]]]}},
{"type":"Feature","properties":{"highway":"footway","name":null,"category":"Footpath (pedestrian only)"},"geometry":{"type":"MultiLineString","coordinates":[[[-0.1696124,51.5179615],[-0.1683541,51.5186723]]]}},
{"type":"Feature","properties":{"highway":"footway","name":null,"category":"Footpath (pedestrian only)"},"geometry":{"type":"MultiLineString","coordinates":[[[-0.1695176,51.5178904],[-0.1682591,51.5186064]]]}},
{"type":"Feature","properties":{"highway":"footway","name":"Marylebone Road","category":"Footpath (pedestrian only)"},"geometry":{"type":"MultiLineString","coordinates":[[[-0.1696378,51.5197741],[-0.169617,51.5197846],[-0.169561,51.5198128],[-0.1693003,51.5198534],[-0.1684949,51.5199788],[-0.1684778,51.5199812]]]}},
{"type":"Feature","properties":{"highway":"footway","name":null,"category":"Footpath (pedestrian only)"},"geometry":{"type":"MultiLineString","coordinates":[[[-0.1684778,51.5199812],[-0.168431,51.5199896],[-0.1683747,51.5200016]]]}},
{"type":"Feature","properties":{"highway":"footway","name":null,"category":"Footpath (pedestrian only)"},"geometry":{"type":"MultiLineString","coordinates":[[[-0.1621466,51.5170294],[-0.1621287,51.516989],[-0.1621079,51.5169419]]]}},
{"type":"Feature","properties":{"highway":"footway","name":"Seymour Place","category":"Footpath (pedestrian only)"},"geometry":{"type":"MultiLineString","coordinates":[[[-0.1621079,51.5169419],[-0.1621052,51.5169359],[-0.1619031,51.5164298]]]}},
{"type":"Feature","properties":{"highway":"footway","name":null,"category":"Footpath (pedestrian only)"},"geometry":{"type":"MultiLineString","coordinates":[[[-0.1618993,51.5164258],[-0.1618744,51.5163534],[-0.1618498,51.5163079]]]}},
{"type":"Feature","properties":{"highway":"footway","name":"Seymour Place","category":"Footpath (pedestrian only)"},"geometry":{"type":"MultiLineString","coordinates":[[[-0.1618548,51.5163049],[-0.1614556,51.5153247]]]}},
{"type":"Feature","properties":{"highway":"footway","name":"Crawford Street","category":"Footpath (pedestrian only)"},"geometry":{"type":"MultiLineString","coordinates":[[[-0.1589295,51.5199517],[-0.1589746,51.5199421],[-0.1592779,51.5198915],[-0.1594036,51.5198716],[-0.1595079,51.5198561],[-0.1595496,51.5198495]]]}},
{"type":"Feature","properties":{"highway":"footway","name":null,"category":"Footpath (pedestrian only)"},"geometry":{"type":"MultiLineString","coordinates":[[[-0.1604136,51.5202345],[-0.1603274,51.5202511],[-0.1601529,51.5202814],[-0.159965,51.5203148],[-0.1598457,51.5203376]]]}},
{"type":"Feature","properties":{"highway":"footway","name":"Durweston Street","category":"Footpath (pedestrian only)"},"geometry":{"type":"MultiLineString","coordinates":[[[-0.15971,51.520036],[-0.1596179,51.5198392]]]}},
{"type":"Feature","properties":{"highway":"footway","name":null,"category":"Footpath (pedestrian only)"},"geometry":{"type":"MultiLineString","coordinates":[[[-0.161231,51.5216297],[-0.1611695,51.5216412],[-0.1611156,51.5216513]]]}},
{"type":"Feature","properties":{"highway":"footway","name":null,"category":"Footpath (pedestrian only)"},"geometry":{"type":"MultiLineString","coordinates":[[[-0.1609318,51.5215047],[-0.1609511,51.521539],[-0.1609716,51.5215761],[-0.160998,51.5216279]]]}},
{"type":"Feature","properties":{"highway":"footway","name":"Marylebone Road","category":"Footpath (pedestrian only)"},"geometry":{"type":"MultiLineString","coordinates":[[[-0.1611156,51.5216513],[-0.1610929,51.5216555],[-0.161052,51.5216467],[-0.1610115,51.5216541],[-0.1598487,51.5218609]]]}},
{"type":"Feature","properties":{"highway":"footway","name":null,"category":"Footpath (pedestrian only)"},"geometry":{"type":"MultiLineString","coordinates":[[[-0.1598487,51.5218609],[-0.1598394,51.5218385]]]}},
{"type":"Feature","properties":{"highway":"footway","name":null,"category":"Footpath (pedestrian only)"},"geometry":{"type":"MultiLineString","coordinates":[[[-0.161231,51.5216297],[-0.1612616,51.5216231],[-0.1612967,51.5216022],[-0.1618896,51.5214995],[-0.161904,51.5214967]]]}},
{"type":"Feature","properties":{"highway":"footway","name":null,"category":"Footpath (pedestrian only)"},"geometry":{"type":"MultiLineString","coordinates":[[[-0.1612554,51.5215867],[-0.1611985,51.5215422]]]}},
{"type":"Feature","properties":{"highway":"footway","name":"Balcombe Street","category":"Footpath (pedestrian only)"},"geometry":{"type":"MultiLineString","coordinates":[[[-0.1612554,51.5215867],[-0.1612616,51.5216231],[-0.1616146,51.5223952]]]}},
{"type":"Feature","properties":{"highway":"footway","name":null,"category":"Footpath (pedestrian only)"},"geometry":{"type":"MultiLineString","coordinates":[[[-0.1640307,51.5190392],[-0.1639936,51.5190456]]]}},
{"type":"Feature","properties":{"highway":"footway","name":null,"category":"Footpath (pedestrian only)"},"geometry":{"type":"MultiLineString","coordinates":[[[-0.1631244,51.5190859],[-0.1631086,51.5190561]]]}},
{"type":"Feature","properties":{"highway":"footway","name":null,"category":"Footpath (pedestrian only)"},"geometry":{"type":"MultiLineString","coordinates":[[[-0.1638742,51.5190644],[-0.1631762,51.5191865],[-0.1631262,51.5191957]]]}},
{"type":"Feature","properties":{"highway":"footway","name":null,"category":"Footpath (pedestrian only)"},"geometry":{"type":"MultiLineString","coordinates":[[[-0.1631677,51.5191697],[-0.1631762,51.5191865]]]}},
{"type":"Feature","properties":{"highway":"footway","name":null,"category":"Footpath (pedestrian only)"},"geometry":{"type":"MultiLineString","coordinates":[[[-0.1631386,51.5192218],[-0.163107,51.5192274]]]}},
{"type":"Feature","properties":{"highway":"footway","name":null,"category":"Footpath (pedestrian only)"},"geometry":{"type":"MultiLineString","coordinates":[[[-0.1603412,51.5195862],[-0.1603702,51.5195858],[-0.1615771,51.5193623]]]}},
{"type":"Feature","properties":{"highway":"footway","name":null,"category":"Footpath (pedestrian only)"},"geometry":{"type":"MultiLineString","coordinates":[[[-0.1615961,51.5193587],[-0.1616773,51.5193418],[-0.1617395,51.5193289]]]}},
{"type":"Feature","properties":{"highway":"footway","name":null,"category":"Footpath (pedestrian only)"},"geometry":{"type":"MultiLineString","coordinates":[[[-0.1603124,51.5195898],[-0.1602549,51.5195988],[-0.160182,51.5196109]]]}},
{"type":"Feature","properties":{"highway":"footway","name":null,"category":"Footpath (pedestrian only)"},"geometry":{"type":"MultiLineString","coordinates":[[[-0.1603688,51.519726],[-0.1603146,51.5197351],[-0.1602421,51.5197473]]]}},
{"type":"Feature","properties":{"highway":"footway","name":null,"category":"Footpath (pedestrian only)"},"geometry":{"type":"MultiLineString","coordinates":[[[-0.1603574,51.519621],[-0.1603701,51.5196481],[-0.1603869,51.5196841]]]}},
{"type":"Feature","properties":{"highway":"footway","name":null,"category":"Footpath (pedestrian only)"},"geometry":{"type":"MultiLineString","coordinates":[[[-0.1601412,51.5197238],[-0.1601245,51.5196923],[-0.1601078,51.5196608]]]}},
{"type":"Feature","properties":{"highway":"footway","name":null,"category":"Footpath (pedestrian only)"},"geometry":{"type":"MultiLineString","coordinates":[[[-0.1603412,51.5195862],[-0.1603574,51.519621]]]}},
{"type":"Feature","properties":{"highway":"footway","name":null,"category":"Footpath (pedestrian only)"},"geometry":{"type":"MultiLineString","coordinates":[[[-0.1603412,51.5195862],[-0.160228,51.5193436]]]}},
{"type":"Feature","properties":{"highway":"footway","name":null,"category":"Footpath (pedestrian only)"},"geometry":{"type":"MultiLineString","coordinates":[[[-0.1603412,51.5195862],[-0.1603124,51.5195898]]]}},
{"type":"Feature","properties":{"highway":"footway","name":null,"category":"Footpath (pedestrian only)"},"geometry":{"type":"MultiLineString","coordinates":[[[-0.1656902,51.5197728],[-0.165684,51.5197981],[-0.1656779,51.5198324]]]}},
{"type":"Feature","properties":{"highway":"footway","name":null,"category":"Footpath (pedestrian only)"},"geometry":{"type":"MultiLineString","coordinates":[[[-0.1596399,51.5215746],[-0.1595509,51.5215904],[-0.1594953,51.5215993]]]}},
{"type":"Feature","properties":{"highway":"footway","name":null,"category":"Footpath (pedestrian only)"},"geometry":{"type":"MultiLineString","coordinates":[[[-0.1614382,51.5153281],[-0.1613638,51.5153448],[-0.1613104,51.5153563]]]}},
{"type":"Feature","properties":{"highway":"footway","name":null,"category":"Footpath (pedestrian only)"},"geometry":{"type":"MultiLineString","coordinates":[[[-0.1618993,51.5164258],[-0.1618054,51.5164339],[-0.1617222,51.5164349]]]}},
{"type":"Feature","properties":{"highway":"footway","name":null,"category":"Footpath (pedestrian only)"},"geometry":{"type":"MultiLineString","coordinates":[[[-0.1618498,51.5163079],[-0.1617552,51.51632],[-0.1616925,51.5163339]]]}},
{"type":"Feature","properties":{"highway":"footway","name":null,"category":"Footpath (pedestrian only)"},"geometry":{"type":"MultiLineString","coordinates":[[[-0.1617163,51.5164378],[-0.1614308,51.516483]]]}},
{"type":"Feature","properties":{"highway":"footway","name":null,"category":"Footpath (pedestrian only)"},"geometry":{"type":"MultiLineString","coordinates":[[[-0.1617222,51.5164349],[-0.1616994,51.5163816],[-0.1616925,51.5163339]]]}},
{"type":"Feature","properties":{"highway":"footway","name":"Seymour Place","category":"Footpath (pedestrian only)"},"geometry":{"type":"MultiLineString","coordinates":[[[-0.1617163,51.5164378],[-0.1617413,51.5164641],[-0.1617948,51.5165715],[-0.1621351,51.5173286]]]}},
{"type":"Feature","properties":{"highway":"footway","name":"Duke Street","category":"Footpath (pedestrian only)"},"geometry":{"type":"MultiLineString","coordinates":[[[-0.1521059,51.5158724],[-0.1521144,51.515892],[-0.152209,51.5160739]]]}},
{"type":"Feature","properties":{"highway":"footway","name":"Duke Street","category":"Footpath (pedestrian only)"},"geometry":{"type":"MultiLineString","coordinates":[[[-0.1525721,51.5164075],[-0.1525513,51.5163695],[-0.1522853,51.5158621],[-0.1522789,51.5158493]]]}},
{"type":"Feature","properties":{"highway":"footway","name":null,"category":"Footpath (pedestrian only)"},"geometry":{"type":"MultiLineString","coordinates":[[[-0.1521407,51.5158874],[-0.1521889,51.515879],[-0.1522371,51.5158705]]]}},
{"type":"Feature","properties":{"highway":"footway","name":null,"category":"Footpath (pedestrian only)"},"geometry":{"type":"MultiLineString","coordinates":[[[-0.1521647,51.5156896],[-0.1521063,51.5156991],[-0.1520479,51.5157086]]]}},
{"type":"Feature","properties":{"highway":"footway","name":null,"category":"Footpath (pedestrian only)"},"geometry":{"type":"MultiLineString","coordinates":[[[-0.1520242,51.5157605],[-0.1520482,51.5158075],[-0.152074,51.5158583]]]}},
{"type":"Feature","properties":{"highway":"footway","name":"Duke Street","category":"Footpath (pedestrian only)"},"geometry":{"type":"MultiLineString","coordinates":[[[-0.1520303,51.5157115],[-0.1520423,51.5157385]]]}},
{"type":"Feature","properties":{"highway":"footway","name":"Wigmore Street","category":"Footpath (pedestrian only)"},"geometry":{"type":"MultiLineString","coordinates":[[[-0.1522399,51.5157045],[-0.1521976,51.5157115]]]}},
{"type":"Feature","properties":{"highway":"footway","name":null,"category":"Footpath (pedestrian only)"},"geometry":{"type":"MultiLineString","coordinates":[[[-0.152295,51.5158237],[-0.1522702,51.51577],[-0.1522468,51.5157194]]]}},
{"type":"Feature","properties":{"highway":"footway","name":null,"category":"Footpath (pedestrian only)"},"geometry":{"type":"MultiLineString","coordinates":[[[-0.1523047,51.5158448],[-0.152295,51.5158237]]]}},
{"type":"Feature","properties":{"highway":"footway","name":null,"category":"Footpath (pedestrian only)"},"geometry":{"type":"MultiLineString","coordinates":[[[-0.1522371,51.5158705],[-0.1522853,51.5158621]]]}},
{"type":"Feature","properties":{"highway":"footway","name":null,"category":"Footpath (pedestrian only)"},"geometry":{"type":"MultiLineString","coordinates":[[[-0.1521144,51.515892],[-0.1521407,51.5158874]]]}},
{"type":"Feature","properties":{"highway":"footway","name":null,"category":"Footpath (pedestrian only)"},"geometry":{"type":"MultiLineString","coordinates":[[[-0.1522468,51.5157194],[-0.1522399,51.5157045]]]}},
{"type":"Feature","properties":{"highway":"footway","name":null,"category":"Footpath (pedestrian only)"},"geometry":{"type":"MultiLineString","coordinates":[[[-0.1521851,51.5156863],[-0.1521647,51.5156896]]]}},
{"type":"Feature","properties":{"highway":"footway","name":null,"category":"Footpath (pedestrian only)"},"geometry":{"type":"MultiLineString","coordinates":[[[-0.1520154,51.5157431],[-0.1520242,51.5157605]]]}},
{"type":"Feature","properties":{"highway":"footway","name":null,"category":"Footpath (pedestrian only)"},"geometry":{"type":"MultiLineString","coordinates":[[[-0.1520479,51.5157086],[-0.1520303,51.5157115]]]}},
{"type":"Feature","properties":{"highway":"footway","name":null,"category":"Footpath (pedestrian only)"},"geometry":{"type":"MultiLineString","coordinates":[[[-0.152074,51.5158583],[-0.1520832,51.5158764]]]}},
{"type":"Feature","properties":{"highway":"footway","name":null,"category":"Footpath (pedestrian only)"},"geometry":{"type":"MultiLineString","coordinates":[[[-0.1613104,51.5153563],[-0.1612865,51.5153559],[-0.1612531,51.5153475],[-0.1612337,51.5153507],[-0.1612179,51.5153533],[-0.1601183,51.5155346],[-0.1600932,51.5155428],[-0.1600876,51.5155586]]]}},
{"type":"Feature","properties":{"highway":"footway","name":null,"category":"Footpath (pedestrian only)"},"geometry":{"type":"MultiLineString","coordinates":[[[-0.1614556,51.5153247],[-0.1614382,51.5153281]]]}},
{"type":"Feature","properties":{"highway":"footway","name":"Seymour Place","category":"Footpath (pedestrian only)"},"geometry":{"type":"MultiLineString","coordinates":[[[-0.1624981,51.5177729],[-0.1624471,51.5177381],[-0.1621506,51.5170357],[-0.1621466,51.5170294]]]}},
{"type":"Feature","properties":{"highway":"footway","name":"Seymour Place","category":"Footpath (pedestrian only)"},"geometry":{"type":"MultiLineString","coordinates":[[[-0.1632029,51.5197185],[-0.1629888,51.5192495],[-0.1629701,51.5192172]]]}},
{"type":"Feature","properties":{"highway":"footway","name":null,"category":"Footpath (pedestrian only)"},"geometry":{"type":"MultiLineString","coordinates":[[[-0.1589394,51.5198484],[-0.1588885,51.5198581],[-0.1588749,51.5198317]]]}},
{"type":"Feature","properties":{"highway":"footway","name":null,"category":"Footpath (pedestrian only)"},"geometry":{"type":"MultiLineString","coordinates":[[[-0.1588528,51.5198354],[-0.1587783,51.5198477],[-0.1587464,51.5198534]]]}},
{"type":"Feature","properties":{"highway":"footway","name":null,"category":"Footpath (pedestrian only)"},"geometry":{"type":"MultiLineString","coordinates":[[[-0.158661,51.5198686],[-0.1586731,51.5198938]]]}},
{"type":"Feature","properties":{"highway":"footway","name":null,"category":"Footpath (pedestrian only)"},"geometry":{"type":"MultiLineString","coordinates":[[[-0.1572227,51.5201491],[-0.1567903,51.5202214],[-0.1567986,51.5202408]]]}},
{"type":"Feature","properties":{"highway":"footway","name":null,"category":"Footpath (pedestrian only)"},"geometry":{"type":"MultiLineString","coordinates":[[[-0.1586731,51.5198938],[-0.1586502,51.5198983],[-0.1581919,51.5199767],[-0.1581825,51.5199783]]]}},
{"type":"Feature","properties":{"highway":"footway","name":null,"category":"Footpath (pedestrian only)"},"geometry":{"type":"MultiLineString","coordinates":[[[-0.1577371,51.5200422],[-0.1576879,51.5200522],[-0.1576408,51.520061]]]}},
{"type":"Feature","properties":{"highway":"footway","name":null,"category":"Footpath (pedestrian only)"},"geometry":{"type":"MultiLineString","coordinates":[[[-0.1567986,51.5202408],[-0.1568122,51.5202717],[-0.1568319,51.5203166]]]}},
{"type":"Feature","properties":{"highway":"footway","name":null,"category":"Footpath (pedestrian only)"},"geometry":{"type":"MultiLineString","coordinates":[[[-0.1571388,51.520907],[-0.1571498,51.5209307],[-0.1571165,51.5209679],[-0.1573307,51.521438],[-0.157378,51.5214554]]]}},
{"type":"Feature","properties":{"highway":"footway","name":"Baker Street","category":"Footpath (pedestrian only)"},"geometry":{"type":"MultiLineString","coordinates":[[[-0.1574014,51.5215094],[-0.1574148,51.5215404],[-0.1573823,51.5215769],[-0.1574692,51.5218248],[-0.157544,51.522]]]}},
{"type":"Feature","properties":{"highway":"footway","name":null,"category":"Footpath (pedestrian only)"},"geometry":{"type":"MultiLineString","coordinates":[[[-0.1573826,51.5214661],[-0.157392,51.5214878],[-0.1574014,51.5215094]]]}},
{"type":"Feature","properties":{"highway":"footway","name":null,"category":"Footpath (pedestrian only)"},"geometry":{"type":"MultiLineString","coordinates":[[[-0.1567944,51.5203804],[-0.1568265,51.5203751],[-0.1570549,51.5208187]]]}},
{"type":"Feature","properties":{"highway":"footway","name":null,"category":"Footpath (pedestrian only)"},"geometry":{"type":"MultiLineString","coordinates":[[[-0.1571152,51.520856],[-0.1571271,51.5208817],[-0.1571388,51.520907]]]}},
{"type":"Feature","properties":{"highway":"footway","name":"Upper Montagu Street","category":"Footpath (pedestrian only)"},"geometry":{"type":"MultiLineString","coordinates":[[[-0.1611003,51.5202165],[-0.1610507,51.5202249],[-0.1609475,51.5202446],[-0.1606761,51.520296],[-0.1606552,51.5203]]]}},
{"type":"Feature","properties":{"highway":"footway","name":null,"category":"Footpath (pedestrian only)"},"geometry":{"type":"MultiLineString","coordinates":[[[-0.1597717,51.5202236],[-0.159761,51.5202317]]]}},
{"type":"Feature","properties":{"highway":"footway","name":null,"category":"Footpath (pedestrian only)"},"geometry":{"type":"MultiLineString","coordinates":[[[-0.1596417,51.519969],[-0.159661,51.5199711]]]}},
{"type":"Feature","properties":{"highway":"footway","name":"Gloucester Place","category":"Footpath (pedestrian only)"},"geometry":{"type":"MultiLineString","coordinates":[[[-0.159177,51.5204451],[-0.159158,51.5204236],[-0.158939,51.5199809],[-0.1589295,51.5199517]]]}},
{"type":"Feature","properties":{"highway":"footway","name":"Durweston Street","category":"Footpath (pedestrian only)"},"geometry":{"type":"MultiLineString","coordinates":[[[-0.1595496,51.5198495],[-0.1595843,51.5198448],[-0.1595918,51.5198587],[-0.1596417,51.519969]]]}},
{"type":"Feature","properties":{"highway":"footway","name":null,"category":"Footpath (pedestrian only)"},"geometry":{"type":"MultiLineString","coordinates":[[[-0.1601649,51.5196137],[-0.1601782,51.5196389]]]}},
{"type":"Feature","properties":{"highway":"footway","name":null,"category":"Footpath (pedestrian only)"},"geometry":{"type":"MultiLineString","coordinates":[[[-0.1617244,51.5194492],[-0.1615032,51.5194903],[-0.1613243,51.5195241],[-0.161193,51.519549],[-0.1609219,51.5195994],[-0.1606159,51.5196564],[-0.1603934,51.5196981],[-0.1603842,51.5196997]]]}},
{"type":"Feature","properties":{"highway":"footway","name":"Upper Montagu Street","category":"Footpath (pedestrian only)"},"geometry":{"type":"MultiLineString","coordinates":[[[-0.1606091,51.5202019],[-0.1606317,51.5201988],[-0.1610042,51.5201268],[-0.1611748,51.5200946]]]}},
{"type":"Feature","properties":{"highway":"footway","name":"Durweston Street","category":"Footpath (pedestrian only)"},"geometry":{"type":"MultiLineString","coordinates":[[[-0.159761,51.5202317],[-0.1598112,51.520344]]]}},
{"type":"Feature","properties":{"highway":"footway","name":"Upper Montagu Street","category":"Footpath (pedestrian only)"},"geometry":{"type":"MultiLineString","coordinates":[[[-0.1602061,51.5197295],[-0.1602179,51.5197514],[-0.1603263,51.5199708],[-0.1603788,51.5200889],[-0.1604211,51.5201943],[-0.1604359,51.5202301],[-0.1604136,51.5202345],[-0.1604193,51.5202467]]]}},
{"type":"Feature","properties":{"highway":"footway","name":null,"category":"Footpath (pedestrian only)"},"geometry":{"type":"MultiLineString","coordinates":[[[-0.1599549,51.5215646],[-0.1599637,51.5215807]]]}},
{"type":"Feature","properties":{"highway":"footway","name":null,"category":"Footpath (pedestrian only)"},"geometry":{"type":"MultiLineString","coordinates":[[[-0.1608762,51.5213999],[-0.160886,51.5214192]]]}},
{"type":"Feature","properties":{"highway":"footway","name":"Marylebone Road","category":"Footpath (pedestrian only)"},"geometry":{"type":"MultiLineString","coordinates":[[[-0.1609823,51.521357],[-0.1609684,51.5213836],[-0.1608762,51.5213999],[-0.160585,51.5214519],[-0.1599549,51.5215646],[-0.1597186,51.521606],[-0.1596481,51.5215731]]]}},
{"type":"Feature","properties":{"highway":"footway","name":"Marylebone Road","category":"Footpath (pedestrian only)"},"geometry":{"type":"MultiLineString","coordinates":[[[-0.1620913,51.5211876],[-0.1616639,51.5212599]]]}},
{"type":"Feature","properties":{"highway":"footway","name":null,"category":"Footpath (pedestrian only)"},"geometry":{"type":"MultiLineString","coordinates":[[[-0.1616434,51.5212454],[-0.1616258,51.5212484],[-0.1615933,51.5212539]]]}},
{"type":"Feature","properties":{"highway":"footway","name":null,"category":"Footpath (pedestrian only)"},"geometry":{"type":"MultiLineString","coordinates":[[[-0.1609823,51.521357],[-0.1610448,51.5213446],[-0.1611026,51.521334]]]}},
{"type":"Feature","properties":{"highway":"footway","name":null,"category":"Footpath (pedestrian only)"},"geometry":{"type":"MultiLineString","coordinates":[[[-0.1617493,51.520096],[-0.1617051,51.5201047],[-0.1616398,51.5201175]]]}},
{"type":"Feature","properties":{"highway":"footway","name":null,"category":"Footpath (pedestrian only)"},"geometry":{"type":"MultiLineString","coordinates":[[[-0.160182,51.5196109],[-0.1601649,51.5196137]]]}},
{"type":"Feature","properties":{"highway":"footway","name":null,"category":"Footpath (pedestrian only)"},"geometry":{"type":"MultiLineString","coordinates":[[[-0.1603869,51.5196841],[-0.1603934,51.5196981]]]}},
{"type":"Feature","properties":{"highway":"footway","name":null,"category":"Footpath (pedestrian only)"},"geometry":{"type":"MultiLineString","coordinates":[[[-0.1602421,51.5197473],[-0.1602179,51.5197514]]]}},
{"type":"Feature","properties":{"highway":"footway","name":null,"category":"Footpath (pedestrian only)"},"geometry":{"type":"MultiLineString","coordinates":[[[-0.1603943,51.5197217],[-0.1603688,51.519726]]]}},
{"type":"Feature","properties":{"highway":"footway","name":null,"category":"Footpath (pedestrian only)"},"geometry":{"type":"MultiLineString","coordinates":[[[-0.1601078,51.5196608],[-0.1601045,51.5196546]]]}},
{"type":"Feature","properties":{"highway":"footway","name":null,"category":"Footpath (pedestrian only)"},"geometry":{"type":"MultiLineString","coordinates":[[[-0.160149,51.5197384],[-0.1601412,51.5197238]]]}},
{"type":"Feature","properties":{"highway":"footway","name":null,"category":"Footpath (pedestrian only)"},"geometry":{"type":"MultiLineString","coordinates":[[[-0.1615559,51.5200217],[-0.1615421,51.5200235],[-0.161446,51.5198143]]]}},
{"type":"Feature","properties":{"highway":"footway","name":"Marylebone Road","category":"Footpath (pedestrian only)"},"geometry":{"type":"MultiLineString","coordinates":[[[-0.1611026,51.521334],[-0.1611574,51.5213497],[-0.1615864,51.521273]]]}},
{"type":"Feature","properties":{"highway":"footway","name":"Upper Montagu Street","category":"Footpath (pedestrian only)"},"geometry":{"type":"MultiLineString","coordinates":[[[-0.1606552,51.5203],[-0.1606608,51.5203184],[-0.1606816,51.5203693],[-0.1607433,51.5204976],[-0.1607926,51.5206101],[-0.1610119,51.5210502],[-0.1611574,51.5213497]]]}},
{"type":"Feature","properties":{"highway":"footway","name":null,"category":"Footpath (pedestrian only)"},"geometry":{"type":"MultiLineString","coordinates":[[[-0.1606335,51.520307],[-0.1606552,51.5203]]]}},
{"type":"Feature","properties":{"highway":"footway","name":null,"category":"Footpath (pedestrian only)"},"geometry":{"type":"MultiLineString","coordinates":[[[-0.1605049,51.5203247],[-0.1605779,51.5203147],[-0.1606335,51.520307]]]}},
{"type":"Feature","properties":{"highway":"footway","name":null,"category":"Footpath (pedestrian only)"},"geometry":{"type":"MultiLineString","coordinates":[[[-0.1604403,51.5201909],[-0.1604211,51.5201943]]]}},
{"type":"Feature","properties":{"highway":"footway","name":null,"category":"Footpath (pedestrian only)"},"geometry":{"type":"MultiLineString","coordinates":[[[-0.1605891,51.5201645],[-0.1605716,51.5201676]]]}},
{"type":"Feature","properties":{"highway":"footway","name":null,"category":"Footpath (pedestrian only)"},"geometry":{"type":"MultiLineString","coordinates":[[[-0.1605716,51.5201676],[-0.1605175,51.5201772],[-0.1604403,51.5201909]]]}},
{"type":"Feature","properties":{"highway":"footway","name":null,"category":"Footpath (pedestrian only)"},"geometry":{"type":"MultiLineString","coordinates":[[[-0.1586564,51.5199125],[-0.1586502,51.5198983]]]}},
{"type":"Feature","properties":{"highway":"footway","name":null,"category":"Footpath (pedestrian only)"},"geometry":{"type":"MultiLineString","coordinates":[[[-0.1586852,51.5199827],[-0.1586675,51.5199391],[-0.1586564,51.5199125]]]}},
{"type":"Feature","properties":{"highway":"footway","name":null,"category":"Footpath (pedestrian only)"},"geometry":{"type":"MultiLineString","coordinates":[[[-0.1589718,51.5199307],[-0.1589746,51.5199421]]]}},
{"type":"Feature","properties":{"highway":"footway","name":null,"category":"Footpath (pedestrian only)"},"geometry":{"type":"MultiLineString","coordinates":[[[-0.1589394,51.5198484],[-0.1589469,51.5198638]]]}},
{"type":"Feature","properties":{"highway":"footway","name":null,"category":"Footpath (pedestrian only)"},"geometry":{"type":"MultiLineString","coordinates":[[[-0.1589469,51.5198638],[-0.1589558,51.5198876],[-0.1589718,51.5199307]]]}},
{"type":"Feature","properties":{"highway":"footway","name":null,"category":"Footpath (pedestrian only)"},"geometry":{"type":"MultiLineString","coordinates":[[[-0.1589223,51.5199837],[-0.1588414,51.5199987],[-0.1587612,51.5200136]]]}},
{"type":"Feature","properties":{"highway":"footway","name":null,"category":"Footpath (pedestrian only)"},"geometry":{"type":"MultiLineString","coordinates":[[[-0.158939,51.5199809],[-0.1589223,51.5199837]]]}},
{"type":"Feature","properties":{"highway":"footway","name":null,"category":"Footpath (pedestrian only)"},"geometry":{"type":"MultiLineString","coordinates":[[[-0.1592193,51.5204563],[-0.1592152,51.5204477]]]}},
{"type":"Feature","properties":{"highway":"footway","name":null,"category":"Footpath (pedestrian only)"},"geometry":{"type":"MultiLineString","coordinates":[[[-0.1592528,51.5205277],[-0.1592376,51.5204953],[-0.1592193,51.5204563]]]}},
{"type":"Feature","properties":{"highway":"footway","name":null,"category":"Footpath (pedestrian only)"},"geometry":{"type":"MultiLineString","coordinates":[[[-0.1591417,51.5204265],[-0.1590561,51.5204414],[-0.1589705,51.5204563]]]}},
{"type":"Feature","properties":{"highway":"footway","name":null,"category":"Footpath (pedestrian only)"},"geometry":{"type":"MultiLineString","coordinates":[[[-0.159158,51.5204236],[-0.1591417,51.5204265]]]}},
{"type":"Feature","properties":{"highway":"footway","name":null,"category":"Footpath (pedestrian only)"},"geometry":{"type":"MultiLineString","coordinates":[[[-0.1683154,51.5223339],[-0.1683009,51.5223372],[-0.1682596,51.5223464]]]}},
{"type":"Feature","properties":{"highway":"footway","name":null,"category":"Footpath (pedestrian only)"},"geometry":{"type":"MultiLineString","coordinates":[[[-0.1685328,51.5123155],[-0.1685365,51.5123299]]]}},
{"type":"Feature","properties":{"highway":"footway","name":null,"category":"Footpath (pedestrian only)"},"geometry":{"type":"MultiLineString","coordinates":[[[-0.1627999,51.5128976],[-0.1628053,51.5129142]]]}},
{"type":"Feature","properties":{"highway":"footway","name":null,"category":"Footpath (pedestrian only)"},"geometry":{"type":"MultiLineString","coordinates":[[[-0.1623451,51.5123085],[-0.1622533,51.5123069],[-0.1620861,51.5123041],[-0.1617167,51.5123245],[-0.1616259,51.5123314],[-0.1614242,51.512351],[-0.1612978,51.5123693]]]}},
{"type":"Feature","properties":{"highway":"footway","name":null,"category":"Footpath (pedestrian only)"},"geometry":{"type":"MultiLineString","coordinates":[[[-0.1735116,51.5192046],[-0.1733135,51.5192578],[-0.1733393,51.5194301],[-0.173372,51.5194645],[-0.1734052,51.5196597],[-0.1734138,51.5197589],[-0.1734187,51.5198157],[-0.174187,51.5198319],[-0.1744515,51.5198368],[-0.1750151,51.5198433],[-0.1755908,51.5198542],[-0.1756577,51.5198383],[-0.1757098,51.5198306],[-0.1759176,51.5198027],[-0.176085,51.5197709]]]}},
{"type":"Feature","properties":{"highway":"footway","name":null,"category":"Footpath (pedestrian only)"},"geometry":{"type":"MultiLineString","coordinates":[[[-0.1734458,51.5191398],[-0.1730336,51.5192119],[-0.1728297,51.5192498]]]}},
{"type":"Feature","properties":{"highway":"footway","name":null,"category":"Footpath (pedestrian only)"},"geometry":{"type":"MultiLineString","coordinates":[[[-0.1728297,51.5192498],[-0.1727659,51.51925],[-0.1726903,51.5190991]]]}},
{"type":"Feature","properties":{"highway":"footway","name":null,"category":"Footpath (pedestrian only)"},"geometry":{"type":"MultiLineString","coordinates":[[[-0.1731884,51.5137073],[-0.1726366,51.5140208],[-0.1724632,51.5141112],[-0.1724577,51.5141346],[-0.1724669,51.5141514],[-0.1727879,51.51437]]]}},
{"type":"Feature","properties":{"highway":"footway","name":null,"category":"Footpath (pedestrian only)"},"geometry":{"type":"MultiLineString","coordinates":[[[-0.1727879,51.51437],[-0.1728129,51.5143874],[-0.1731872,51.5146482]]]}},
{"type":"Feature","properties":{"highway":"footway","name":null,"category":"Footpath (pedestrian only)"},"geometry":{"type":"MultiLineString","coordinates":[[[-0.168781,51.5172465],[-0.1699993,51.516586]]]}},
{"type":"Feature","properties":{"highway":"footway","name":null,"category":"Footpath (pedestrian only)"},"geometry":{"type":"MultiLineString","coordinates":[[[-0.1684633,51.5170364],[-0.1687485,51.5172466]]]}},
{"type":"Feature","properties":{"highway":"footway","name":null,"category":"Footpath (pedestrian only)"},"geometry":{"type":"MultiLineString","coordinates":[[[-0.1684633,51.5170364],[-0.1684341,51.517017],[-0.1684188,51.5170068]]]}},
{"type":"Feature","properties":{"highway":"footway","name":null,"category":"Footpath (pedestrian only)"},"geometry":{"type":"MultiLineString","coordinates":[[[-0.1684188,51.5170068],[-0.1679146,51.5166535]]]}},
{"type":"Feature","properties":{"highway":"footway","name":null,"category":"Footpath (pedestrian only)"},"geometry":{"type":"MultiLineString","coordinates":[[[-0.1679146,51.5166535],[-0.1678561,51.5166131],[-0.1677807,51.516561]]]}},
{"type":"Feature","properties":{"highway":"footway","name":null,"category":"Footpath (pedestrian only)"},"geometry":{"type":"MultiLineString","coordinates":[[[-0.1677807,51.516561],[-0.1676342,51.5164637]]]}},
{"type":"Feature","properties":{"highway":"footway","name":null,"category":"Footpath (pedestrian only)"},"geometry":{"type":"MultiLineString","coordinates":[[[-0.1676342,51.5164637],[-0.1675449,51.5164034],[-0.1674869,51.5163643]]]}},
{"type":"Feature","properties":{"highway":"footway","name":null,"category":"Footpath (pedestrian only)"},"geometry":{"type":"MultiLineString","coordinates":[[[-0.1674869,51.5163643],[-0.1676643,51.5162596],[-0.167898,51.5161217],[-0.168541,51.5157422]]]}},
{"type":"Feature","properties":{"highway":"footway","name":null,"category":"Footpath (pedestrian only)"},"geometry":{"type":"MultiLineString","coordinates":[[[-0.1688418,51.515957],[-0.1688838,51.5159895],[-0.1690863,51.5158687],[-0.169091,51.5158705]]]}},
{"type":"Feature","properties":{"highway":"footway","name":null,"category":"Footpath (pedestrian only)"},"geometry":{"type":"MultiLineString","coordinates":[[[-0.169091,51.5158705],[-0.1691196,51.5158898],[-0.1691809,51.5159312]]]}},
{"type":"Feature","properties":{"highway":"footway","name":null,"category":"Footpath (pedestrian only)"},"geometry":{"type":"MultiLineString","coordinates":[[[-0.1691809,51.5159312],[-0.1695687,51.5162142]]]}},
{"type":"Feature","properties":{"highway":"footway","name":null,"category":"Footpath (pedestrian only)"},"geometry":{"type":"MultiLineString","coordinates":[[[-0.1695687,51.5162142],[-0.1696201,51.5162495],[-0.169656,51.5162742]]]}},
{"type":"Feature","properties":{"highway":"footway","name":null,"category":"Footpath (pedestrian only)"},"geometry":{"type":"MultiLineString","coordinates":[[[-0.169656,51.5162742],[-0.1696969,51.516303]]]}},
{"type":"Feature","properties":{"highway":"footway","name":null,"category":"Footpath (pedestrian only)"},"geometry":{"type":"MultiLineString","coordinates":[[[-0.1696969,51.516303],[-0.1697257,51.5163243],[-0.1697493,51.5163418]]]}},
{"type":"Feature","properties":{"highway":"footway","name":null,"category":"Footpath (pedestrian only)"},"geometry":{"type":"MultiLineString","coordinates":[[[-0.1697493,51.5163418],[-0.1700431,51.5165617]]]}},
{"type":"Feature","properties":{"highway":"footway","name":null,"category":"Footpath (pedestrian only)"},"geometry":{"type":"MultiLineString","coordinates":[[[-0.1507945,51.5211637],[-0.1503651,51.5201825],[-0.1503552,51.5201597]]]}},
{"type":"Feature","properties":{"highway":"footway","name":"Lisson Grove","category":"Footpath (pedestrian only)"},"geometry":{"type":"MultiLineString","coordinates":[[[-0.1711976,51.526026],[-0.1698598,51.5254041],[-0.169332,51.5251655],[-0.1688949,51.5249615],[-0.1686805,51.5248542],[-0.1684981,51.524756],[-0.1684584,51.5247285]]]}},
{"type":"Feature","properties":{"highway":"footway","name":null,"category":"Footpath (pedestrian only)"},"geometry":{"type":"MultiLineString","coordinates":[[[-0.1689656,51.5244316],[-0.1689942,51.5244124],[-0.1690224,51.5243933]]]}},
{"type":"Feature","properties":{"highway":"footway","name":null,"category":"Footpath (pedestrian only)"},"geometry":{"type":"MultiLineString","coordinates":[[[-0.1689481,51.5244387],[-0.1689986,51.5244584],[-0.1690613,51.5244846],[-0.1691821,51.5245442],[-0.1692069,51.5245557],[-0.1692615,51.5245785]]]}},
{"type":"Feature","properties":{"highway":"footway","name":null,"category":"Footpath (pedestrian only)"},"geometry":{"type":"MultiLineString","coordinates":[[[-0.1684584,51.5247285],[-0.1684203,51.5247102],[-0.1683887,51.524695]]]}},
{"type":"Feature","properties":{"highway":"footway","name":null,"category":"Footpath (pedestrian only)"},"geometry":{"type":"MultiLineString","coordinates":[[[-0.1683599,51.524678],[-0.1688577,51.5243384],[-0.1691264,51.5241417]]]}},
{"type":"Feature","properties":{"highway":"footway","name":null,"category":"Footpath (pedestrian only)"},"geometry":{"type":"MultiLineString","coordinates":[[[-0.1683599,51.524678],[-0.168311,51.5246855],[-0.1682811,51.5246614],[-0.1675747,51.5241348]]]}},
{"type":"Feature","properties":{"highway":"footway","name":null,"category":"Footpath (pedestrian only)"},"geometry":{"type":"MultiLineString","coordinates":[[[-0.1684755,51.5248006],[-0.1684981,51.524756],[-0.1689481,51.5244387],[-0.1689656,51.5244316]]]}},
{"type":"Feature","properties":{"highway":"footway","name":"Lilestone Street","category":"Footpath (pedestrian only)"},"geometry":{"type":"MultiLineString","coordinates":[[[-0.1679564,51.5250272],[-0.1682803,51.5248633]]]}},
{"type":"Feature","properties":{"highway":"footway","name":null,"category":"Footpath (pedestrian only)"},"geometry":{"type":"MultiLineString","coordinates":[[[-0.1677838,51.525117],[-0.1678622,51.5250778],[-0.1679564,51.5250272]]]}},
{"type":"Feature","properties":{"highway":"footway","name":null,"category":"Footpath (pedestrian only)"},"geometry":{"type":"MultiLineString","coordinates":[[[-0.1677575,51.5245631],[-0.1678533,51.5246212],[-0.1679842,51.5247337]]]}},
{"type":"Feature","properties":{"highway":"footway","name":null,"category":"Footpath (pedestrian only)"},"geometry":{"type":"MultiLineString","coordinates":[[[-0.1682803,51.5248633],[-0.1683575,51.524898],[-0.1690384,51.5251974],[-0.1705659,51.5259332]]]}},
{"type":"Feature","properties":{"highway":"footway","name":null,"category":"Footpath (pedestrian only)"},"geometry":{"type":"MultiLineString","coordinates":[[[-0.1684755,51.5248006],[-0.168453,51.524833]]]}},
{"type":"Feature","properties":{"highway":"footway","name":null,"category":"Footpath (pedestrian only)"},"geometry":{"type":"MultiLineString","coordinates":[[[-0.1683887,51.524695],[-0.1683599,51.524678]]]}},
{"type":"Feature","properties":{"highway":"footway","name":"Wigmore Street","category":"Footpath (pedestrian only)"},"geometry":{"type":"MultiLineString","coordinates":[[[-0.1520832,51.5158764],[-0.1521059,51.5158724]]]}},
{"type":"Feature","properties":{"highway":"footway","name":"Wigmore Street","category":"Footpath (pedestrian only)"},"geometry":{"type":"MultiLineString","coordinates":[[[-0.1520423,51.5157385],[-0.1520154,51.5157431]]]}},
{"type":"Feature","properties":{"highway":"footway","name":"Duke Street","category":"Footpath (pedestrian only)"},"geometry":{"type":"MultiLineString","coordinates":[[[-0.1521976,51.5157115],[-0.1521851,51.5156863]]]}},
{"type":"Feature","properties":{"highway":"footway","name":"Wigmore Street","category":"Footpath (pedestrian only)"},"geometry":{"type":"MultiLineString","coordinates":[[[-0.1522789,51.5158493],[-0.1523047,51.5158448]]]}},
{"type":"Feature","properties":{"highway":"footway","name":"Duke Street","category":"Footpath (pedestrian only)"},"geometry":{"type":"MultiLineString","coordinates":[[[-0.1522244,51.5161037],[-0.1523802,51.5164039],[-0.152401,51.5164419]]]}},
{"type":"Feature","properties":{"highway":"footway","name":null,"category":"Footpath (pedestrian only)"},"geometry":{"type":"MultiLineString","coordinates":[[[-0.152209,51.5160739],[-0.1522173,51.5160899],[-0.1522244,51.5161037]]]}},
{"type":"Feature","properties":{"highway":"footway","name":null,"category":"Footpath (pedestrian only)"},"geometry":{"type":"MultiLineString","coordinates":[[[-0.1524046,51.516399],[-0.1523802,51.5164039]]]}},
{"type":"Feature","properties":{"highway":"footway","name":null,"category":"Footpath (pedestrian only)"},"geometry":{"type":"MultiLineString","coordinates":[[[-0.1525513,51.5163695],[-0.1525339,51.516373]]]}},
{"type":"Feature","properties":{"highway":"footway","name":null,"category":"Footpath (pedestrian only)"},"geometry":{"type":"MultiLineString","coordinates":[[[-0.1525339,51.516373],[-0.1524681,51.5163863],[-0.1524046,51.516399]]]}},
{"type":"Feature","properties":{"highway":"footway","name":"Edgware Road","category":"Footpath (pedestrian only)"},"geometry":{"type":"MultiLineString","coordinates":[[[-0.1697148,51.5198447],[-0.169617,51.5197846],[-0.1690496,51.5194002],[-0.1690298,51.5193868],[-0.1689812,51.519356]]]}},
{"type":"Feature","properties":{"highway":"footway","name":null,"category":"Footpath (pedestrian only)"},"geometry":{"type":"MultiLineString","coordinates":[[[-0.1680643,51.5186656],[-0.1680391,51.5186799]]]}},
{"type":"Feature","properties":{"highway":"footway","name":null,"category":"Footpath (pedestrian only)"},"geometry":{"type":"MultiLineString","coordinates":[[[-0.1682005,51.5185882],[-0.1682166,51.5185791]]]}},
{"type":"Feature","properties":{"highway":"footway","name":null,"category":"Footpath (pedestrian only)"},"geometry":{"type":"MultiLineString","coordinates":[[[-0.1640547,51.5159942],[-0.1639991,51.5159446],[-0.1639627,51.5159121]]]}},
{"type":"Feature","properties":{"highway":"footway","name":null,"category":"Footpath (pedestrian only)"},"geometry":{"type":"MultiLineString","coordinates":[[[-0.1640365,51.5158113],[-0.1640679,51.5157945],[-0.1641074,51.5157734]]]}},
{"type":"Feature","properties":{"highway":"footway","name":null,"category":"Footpath (pedestrian only)"},"geometry":{"type":"MultiLineString","coordinates":[[[-0.1639474,51.515859],[-0.1639837,51.5158395],[-0.164019,51.5158207]]]}},
{"type":"Feature","properties":{"highway":"footway","name":null,"category":"Footpath (pedestrian only)"},"geometry":{"type":"MultiLineString","coordinates":[[[-0.164019,51.5158207],[-0.1640365,51.5158113]]]}},
{"type":"Feature","properties":{"highway":"footway","name":null,"category":"Footpath (pedestrian only)"},"geometry":{"type":"MultiLineString","coordinates":[[[-0.1732222,51.518105],[-0.1731612,51.5179447],[-0.1731367,51.5178834]]]}},
{"type":"Feature","properties":{"highway":"footway","name":null,"category":"Footpath (pedestrian only)"},"geometry":{"type":"MultiLineString","coordinates":[[[-0.1638972,51.5208448],[-0.1638645,51.5208779],[-0.1638432,51.5208813],[-0.16295,51.5210424],[-0.1629148,51.5210286]]]}},
{"type":"Feature","properties":{"highway":"footway","name":null,"category":"Footpath (pedestrian only)"},"geometry":{"type":"MultiLineString","coordinates":[[[-0.1644969,51.5208056],[-0.1644847,51.5207846],[-0.1644802,51.5207768],[-0.1644133,51.5206668]]]}},
{"type":"Feature","properties":{"highway":"footway","name":null,"category":"Footpath (pedestrian only)"},"geometry":{"type":"MultiLineString","coordinates":[[[-0.1638432,51.5208813],[-0.163882,51.5209592],[-0.1638991,51.5209989]]]}},
{"type":"Feature","properties":{"highway":"footway","name":null,"category":"Footpath (pedestrian only)"},"geometry":{"type":"MultiLineString","coordinates":[[[-0.1640651,51.5208163],[-0.163983,51.5208299],[-0.1638972,51.5208448]]]}},
{"type":"Feature","properties":{"highway":"footway","name":"Rossmore Road","category":"Footpath (pedestrian only)"},"geometry":{"type":"MultiLineString","coordinates":[[[-0.1648147,51.5250999],[-0.165473,51.52496],[-0.1655137,51.5249617],[-0.1655505,51.5249454]]]}},
{"type":"Feature","properties":{"highway":"footway","name":null,"category":"Footpath (pedestrian only)"},"geometry":{"type":"MultiLineString","coordinates":[[[-0.1622354,51.5211633],[-0.1622102,51.5211025],[-0.161874,51.5203518],[-0.1617579,51.5200943],[-0.1617493,51.520096]]]}},
{"type":"Feature","properties":{"highway":"footway","name":null,"category":"Footpath (pedestrian only)"},"geometry":{"type":"MultiLineString","coordinates":[[[-0.1616445,51.5200044],[-0.1616093,51.5200113],[-0.1615559,51.5200217]]]}},
{"type":"Feature","properties":{"highway":"footway","name":null,"category":"Footpath (pedestrian only)"},"geometry":{"type":"MultiLineString","coordinates":[[[-0.161191,51.5201996],[-0.1611371,51.5202096],[-0.1611003,51.5202165]]]}},
{"type":"Feature","properties":{"highway":"footway","name":null,"category":"Footpath (pedestrian only)"},"geometry":{"type":"MultiLineString","coordinates":[[[-0.1605049,51.5203247],[-0.1604824,51.5203278],[-0.160457,51.5203323],[-0.1598877,51.5204338]]]}},
{"type":"Feature","properties":{"highway":"footway","name":null,"category":"Footpath (pedestrian only)"},"geometry":{"type":"MultiLineString","coordinates":[[[-0.1598877,51.5204338],[-0.1598681,51.5204375],[-0.1598464,51.5204418]]]}},
{"type":"Feature","properties":{"highway":"footway","name":null,"category":"Footpath (pedestrian only)"},"geometry":{"type":"MultiLineString","coordinates":[[[-0.1598464,51.5204418],[-0.159715,51.5204691],[-0.1594949,51.5205079],[-0.1593073,51.5205327],[-0.1592587,51.5205402]]]}},
{"type":"Feature","properties":{"highway":"footway","name":null,"category":"Footpath (pedestrian only)"},"geometry":{"type":"MultiLineString","coordinates":[[[-0.1598457,51.5203376],[-0.1598241,51.5203416],[-0.1598112,51.520344]]]}},
{"type":"Feature","properties":{"highway":"footway","name":null,"category":"Footpath (pedestrian only)"},"geometry":{"type":"MultiLineString","coordinates":[[[-0.1596179,51.5198392],[-0.1596049,51.5198413],[-0.1595843,51.5198448]]]}},
{"type":"Feature","properties":{"highway":"footway","name":"Crawford Street","category":"Footpath (pedestrian only)"},"geometry":{"type":"MultiLineString","coordinates":[[[-0.1601782,51.5196389],[-0.1601045,51.5196546],[-0.1595695,51.5197389]]]}},
{"type":"Feature","properties":{"highway":"footway","name":"Crawford Street","category":"Footpath (pedestrian only)"},"geometry":{"type":"MultiLineString","coordinates":[[[-0.1595695,51.5197389],[-0.1595607,51.51974],[-0.1595376,51.5197437]]]}},
{"type":"Feature","properties":{"highway":"footway","name":null,"category":"Footpath (pedestrian only)"},"geometry":{"type":"MultiLineString","coordinates":[[[-0.1616229,51.5190267],[-0.1617596,51.5193252]]]}},
{"type":"Feature","properties":{"highway":"footway","name":null,"category":"Footpath (pedestrian only)"},"geometry":{"type":"MultiLineString","coordinates":[[[-0.1615771,51.5193623],[-0.1612745,51.5186886],[-0.1612632,51.5186794],[-0.1612301,51.518677],[-0.1611759,51.5186861],[-0.1600469,51.5188766],[-0.1600271,51.5188846],[-0.160022,51.5188941],[-0.1600243,51.5189071],[-0.1601215,51.5191154]]]}},
{"type":"Feature","properties":{"highway":"footway","name":null,"category":"Footpath (pedestrian only)"},"geometry":{"type":"MultiLineString","coordinates":[[[-0.159524,51.5196363],[-0.1595625,51.5197251],[-0.1595695,51.5197389]]]}},
{"type":"Feature","properties":{"highway":"footway","name":null,"category":"Footpath (pedestrian only)"},"geometry":{"type":"MultiLineString","coordinates":[[[-0.1594771,51.5196134],[-0.1594894,51.5196323],[-0.1595001,51.5196529],[-0.1595207,51.5196987],[-0.1595376,51.5197437]]]}},
{"type":"Feature","properties":{"highway":"footway","name":null,"category":"Footpath (pedestrian only)"},"geometry":{"type":"MultiLineString","coordinates":[[[-0.1601649,51.5196137],[-0.1600039,51.5192797],[-0.1598816,51.5190071],[-0.1598478,51.5189328],[-0.1598315,51.5189251],[-0.1598084,51.5189231],[-0.1592957,51.5190077],[-0.1592423,51.5190174]]]}},
{"type":"Feature","properties":{"highway":"footway","name":null,"category":"Footpath (pedestrian only)"},"geometry":{"type":"MultiLineString","coordinates":[[[-0.1602192,51.5193249],[-0.1601447,51.519165]]]}},
{"type":"Feature","properties":{"highway":"footway","name":null,"category":"Footpath (pedestrian only)"},"geometry":{"type":"MultiLineString","coordinates":[[[-0.160228,51.5193436],[-0.1602239,51.5193349],[-0.1602192,51.5193249]]]}},
{"type":"Feature","properties":{"highway":"footway","name":null,"category":"Footpath (pedestrian only)"},"geometry":{"type":"MultiLineString","coordinates":[[[-0.1601215,51.5191154],[-0.1601303,51.5191343],[-0.1601447,51.519165]]]}},
{"type":"Feature","properties":{"highway":"footway","name":null,"category":"Footpath (pedestrian only)"},"geometry":{"type":"MultiLineString","coordinates":[[[-0.1565345,51.5221725],[-0.1564825,51.5220626],[-0.1563116,51.521702]]]}},
{"type":"Feature","properties":{"highway":"footway","name":null,"category":"Footpath (pedestrian only)"},"geometry":{"type":"MultiLineString","coordinates":[[[-0.1563047,51.5216916],[-0.1562819,51.5216608],[-0.1562594,51.5216297]]]}},
{"type":"Feature","properties":{"highway":"footway","name":null,"category":"Footpath (pedestrian only)"},"geometry":{"type":"MultiLineString","coordinates":[[[-0.1565482,51.5215799],[-0.1565053,51.5215926]]]}},
{"type":"Feature","properties":{"highway":"footway","name":null,"category":"Footpath (pedestrian only)"},"geometry":{"type":"MultiLineString","coordinates":[[[-0.1565053,51.5215926],[-0.1564922,51.5215945],[-0.1564552,51.5215974]]]}},
{"type":"Feature","properties":{"highway":"footway","name":null,"category":"Footpath (pedestrian only)"},"geometry":{"type":"MultiLineString","coordinates":[[[-0.1564552,51.5215974],[-0.1562527,51.5216178]]]}},
{"type":"Feature","properties":{"highway":"footway","name":null,"category":"Footpath (pedestrian only)"},"geometry":{"type":"MultiLineString","coordinates":[[[-0.1562594,51.5216297],[-0.1562527,51.5216178],[-0.1562338,51.5216209],[-0.1562269,51.521608],[-0.1560664,51.5212445],[-0.1558262,51.5207178]]]}},
{"type":"Feature","properties":{"highway":"footway","name":null,"category":"Footpath (pedestrian only)"},"geometry":{"type":"MultiLineString","coordinates":[[[-0.1556691,51.5207172],[-0.1558386,51.5210882],[-0.1560665,51.5215698],[-0.1561497,51.5217604],[-0.1562587,51.5219973],[-0.1563367,51.5221597],[-0.1563441,51.5221738],[-0.1563595,51.5222043]]]}},
{"type":"Feature","properties":{"highway":"footway","name":null,"category":"Footpath (pedestrian only)"},"geometry":{"type":"MultiLineString","coordinates":[[[-0.1565345,51.5221725],[-0.1564692,51.5221837],[-0.1563595,51.5222043]]]}},
{"type":"Feature","properties":{"highway":"footway","name":null,"category":"Footpath (pedestrian only)"},"geometry":{"type":"MultiLineString","coordinates":[[[-0.1563595,51.5222043],[-0.1563026,51.52221],[-0.1561314,51.5222383],[-0.1558137,51.5222965],[-0.1550912,51.5224248],[-0.1543271,51.5225636],[-0.15428,51.5225431],[-0.1542633,51.5224092]]]}},
{"type":"Feature","properties":{"highway":"footway","name":null,"category":"Footpath (pedestrian only)"},"geometry":{"type":"MultiLineString","coordinates":[[[-0.1539856,51.5207192],[-0.1539993,51.520718],[-0.154046,51.5209853],[-0.1541014,51.5213669],[-0.154155,51.521713]]]}},
{"type":"Feature","properties":{"highway":"footway","name":null,"category":"Footpath (pedestrian only)"},"geometry":{"type":"MultiLineString","coordinates":[[[-0.154155,51.521713],[-0.1541562,51.5217202],[-0.1541582,51.521733],[-0.1541617,51.5217554],[-0.1541666,51.5217746]]]}},
{"type":"Feature","properties":{"highway":"footway","name":null,"category":"Footpath (pedestrian only)"},"geometry":{"type":"MultiLineString","coordinates":[[[-0.1541666,51.5217746],[-0.1541881,51.5219148]]]}},
{"type":"Feature","properties":{"highway":"footway","name":null,"category":"Footpath (pedestrian only)"},"geometry":{"type":"MultiLineString","coordinates":[[[-0.1533109,51.522424],[-0.1533488,51.5226812],[-0.1533505,51.5227454],[-0.1541476,51.5225874],[-0.154146,51.5225644],[-0.1541345,51.5224018],[-0.1541296,51.5223562],[-0.1541129,51.5222411],[-0.1540891,51.5220805],[-0.154053,51.5218356],[-0.1540168,51.5215801],[-0.1539988,51.5214593],[-0.1539749,51.5213209]]]}},
{"type":"Feature","properties":{"highway":"footway","name":null,"category":"Footpath (pedestrian only)"},"geometry":{"type":"MultiLineString","coordinates":[[[-0.1539749,51.5213209],[-0.1539723,51.5213084],[-0.1539628,51.521263],[-0.1539593,51.5212464],[-0.1539554,51.5212277]]]}},
{"type":"Feature","properties":{"highway":"footway","name":null,"category":"Footpath (pedestrian only)"},"geometry":{"type":"MultiLineString","coordinates":[[[-0.1539554,51.5212277],[-0.1539359,51.5210433]]]}},
{"type":"Feature","properties":{"highway":"footway","name":null,"category":"Footpath (pedestrian only)"},"geometry":{"type":"MultiLineString","coordinates":[[[-0.1539359,51.5210433],[-0.1539344,51.5210309],[-0.1539329,51.5210193]]]}},
{"type":"Feature","properties":{"highway":"footway","name":null,"category":"Footpath (pedestrian only)"},"geometry":{"type":"MultiLineString","coordinates":[[[-0.1539329,51.5210193],[-0.1539098,51.5208667],[-0.1538916,51.5207261]]]}},
{"type":"Feature","properties":{"highway":"footway","name":null,"category":"Footpath (pedestrian only)"},"geometry":{"type":"MultiLineString","coordinates":[[[-0.1539856,51.5207192],[-0.1539595,51.5207203],[-0.1538916,51.5207261]]]}},
{"type":"Feature","properties":{"highway":"footway","name":null,"category":"Footpath (pedestrian only)"},"geometry":{"type":"MultiLineString","coordinates":[[[-0.1539749,51.5213209],[-0.1538287,51.5213294],[-0.1536531,51.5213385],[-0.1536565,51.5213661],[-0.1538123,51.5225058],[-0.153736,51.5225078]]]}},
{"type":"Feature","properties":{"highway":"footway","name":null,"category":"Footpath (pedestrian only)"},"geometry":{"type":"MultiLineString","coordinates":[[[-0.1539554,51.5212277],[-0.153822,51.5212345],[-0.1531817,51.5212657],[-0.1531533,51.5212671],[-0.153145,51.5212109],[-0.1531093,51.5207598],[-0.1531517,51.5207531],[-0.1537604,51.5207308],[-0.1538916,51.5207261]]]}},
{"type":"Feature","properties":{"highway":"footway","name":null,"category":"Footpath (pedestrian only)"},"geometry":{"type":"MultiLineString","coordinates":[[[-0.154155,51.521713],[-0.1541814,51.5217127],[-0.1542169,51.5217055],[-0.1543695,51.5216716],[-0.1543799,51.5216559]]]}},
{"type":"Feature","properties":{"highway":"footway","name":null,"category":"Footpath (pedestrian only)"},"geometry":{"type":"MultiLineString","coordinates":[[[-0.1541666,51.5217746],[-0.15443,51.5217253]]]}},
{"type":"Feature","properties":{"highway":"footway","name":null,"category":"Footpath (pedestrian only)"},"geometry":{"type":"MultiLineString","coordinates":[[[-0.1566013,51.520377],[-0.1565407,51.5203884],[-0.156127,51.5204595],[-0.1561604,51.5205311],[-0.1561695,51.5205447],[-0.1561824,51.5205504]]]}},
{"type":"Feature","properties":{"highway":"footway","name":null,"category":"Footpath (pedestrian only)"},"geometry":{"type":"MultiLineString","coordinates":[[[-0.156127,51.5204595],[-0.1561079,51.520464],[-0.156093,51.5204663]]]}},
{"type":"Feature","properties":{"highway":"footway","name":null,"category":"Footpath (pedestrian only)"},"geometry":{"type":"MultiLineString","coordinates":[[[-0.156093,51.5204663],[-0.1560994,51.5204786],[-0.1561316,51.520551]]]}},
{"type":"Feature","properties":{"highway":"footway","name":null,"category":"Footpath (pedestrian only)"},"geometry":{"type":"MultiLineString","coordinates":[[[-0.1558678,51.5205097],[-0.1557324,51.5205343],[-0.1558262,51.5207178]]]}},
{"type":"Feature","properties":{"highway":"footway","name":null,"category":"Footpath (pedestrian only)"},"geometry":{"type":"MultiLineString","coordinates":[[[-0.1557324,51.5205343],[-0.1556818,51.5205435],[-0.1556256,51.5205539]]]}},
{"type":"Feature","properties":{"highway":"footway","name":null,"category":"Footpath (pedestrian only)"},"geometry":{"type":"MultiLineString","coordinates":[[[-0.155599,51.5205584],[-0.1556691,51.5207172]]]}},
{"type":"Feature","properties":{"highway":"footway","name":null,"category":"Footpath (pedestrian only)"},"geometry":{"type":"MultiLineString","coordinates":[[[-0.1555331,51.520569],[-0.1551667,51.5206279],[-0.1549145,51.520666],[-0.1545772,51.5206758]]]}},
{"type":"Feature","properties":{"highway":"footway","name":null,"category":"Footpath (pedestrian only)"},"geometry":{"type":"MultiLineString","coordinates":[[[-0.1545772,51.5206758],[-0.1540178,51.5207005],[-0.1539993,51.520718]]]}},
{"type":"Feature","properties":{"highway":"footway","name":null,"category":"Footpath (pedestrian only)"},"geometry":{"type":"MultiLineString","coordinates":[[[-0.154674,51.5205687],[-0.1547874,51.5205665],[-0.1550051,51.5205407],[-0.1553572,51.5204804],[-0.1554715,51.5204537]]]}},
{"type":"Feature","properties":{"highway":"footway","name":null,"category":"Footpath (pedestrian only)"},"geometry":{"type":"MultiLineString","coordinates":[[[-0.1555484,51.5204358],[-0.1556257,51.5204191],[-0.1556593,51.5204117]]]}},
{"type":"Feature","properties":{"highway":"footway","name":null,"category":"Footpath (pedestrian only)"},"geometry":{"type":"MultiLineString","coordinates":[[[-0.1558117,51.5203957],[-0.1560455,51.5203546]]]}},
{"type":"Feature","properties":{"highway":"footway","name":null,"category":"Footpath (pedestrian only)"},"geometry":{"type":"MultiLineString","coordinates":[[[-0.1560455,51.5203546],[-0.1560554,51.5203525],[-0.1560711,51.5203496]]]}},
{"type":"Feature","properties":{"highway":"footway","name":null,"category":"Footpath (pedestrian only)"},"geometry":{"type":"MultiLineString","coordinates":[[[-0.1560711,51.5203496],[-0.15622,51.5203263],[-0.1565545,51.5202647],[-0.1565427,51.5202395],[-0.1564672,51.5200788],[-0.1562416,51.5195635]]]}},
{"type":"Feature","properties":{"highway":"footway","name":null,"category":"Footpath (pedestrian only)"},"geometry":{"type":"MultiLineString","coordinates":[[[-0.1565521,51.5198325],[-0.1565369,51.5197827],[-0.1564354,51.5195308]]]}},
{"type":"Feature","properties":{"highway":"footway","name":null,"category":"Footpath (pedestrian only)"},"geometry":{"type":"MultiLineString","coordinates":[[[-0.1564102,51.5195348],[-0.1563442,51.5195462],[-0.1562667,51.5195592]]]}},
{"type":"Feature","properties":{"highway":"footway","name":null,"category":"Footpath (pedestrian only)"},"geometry":{"type":"MultiLineString","coordinates":[[[-0.1561603,51.5195304],[-0.1561422,51.5194796],[-0.1561316,51.51945]]]}},
{"type":"Feature","properties":{"highway":"footway","name":null,"category":"Footpath (pedestrian only)"},"geometry":{"type":"MultiLineString","coordinates":[[[-0.1564861,51.5194746],[-0.1564652,51.5194266],[-0.1564564,51.5194073]]]}},
{"type":"Feature","properties":{"highway":"footway","name":null,"category":"Footpath (pedestrian only)"},"geometry":{"type":"MultiLineString","coordinates":[[[-0.1565399,51.5193589],[-0.1564414,51.5193714]]]}},
{"type":"Feature","properties":{"highway":"footway","name":null,"category":"Footpath (pedestrian only)"},"geometry":{"type":"MultiLineString","coordinates":[[[-0.156352,51.5193839],[-0.1562757,51.5193983],[-0.1561914,51.5194128]]]}},
{"type":"Feature","properties":{"highway":"footway","name":null,"category":"Footpath (pedestrian only)"},"geometry":{"type":"MultiLineString","coordinates":[[[-0.1563957,51.5193774],[-0.1562219,51.5190085]]]}},
{"type":"Feature","properties":{"highway":"footway","name":null,"category":"Footpath (pedestrian only)"},"geometry":{"type":"MultiLineString","coordinates":[[[-0.1559836,51.5190153],[-0.1561599,51.519402],[-0.1561682,51.5194177],[-0.1561914,51.5194128]]]}},
{"type":"Feature","properties":{"highway":"footway","name":null,"category":"Footpath (pedestrian only)"},"geometry":{"type":"MultiLineString","coordinates":[[[-0.1561682,51.5194177],[-0.1561221,51.519428],[-0.1561316,51.51945]]]}},
{"type":"Feature","properties":{"highway":"footway","name":null,"category":"Footpath (pedestrian only)"},"geometry":{"type":"MultiLineString","coordinates":[[[-0.1561221,51.519428],[-0.1556819,51.5194991]]]}},
{"type":"Feature","properties":{"highway":"footway","name":null,"category":"Footpath (pedestrian only)"},"geometry":{"type":"MultiLineString","coordinates":[[[-0.156167,51.5195467],[-0.1557458,51.5196137]]]}},
{"type":"Feature","properties":{"highway":"footway","name":null,"category":"Footpath (pedestrian only)"},"geometry":{"type":"MultiLineString","coordinates":[[[-0.1557458,51.5196137],[-0.1557192,51.5196187],[-0.1556821,51.5196256]]]}},
{"type":"Feature","properties":{"highway":"footway","name":null,"category":"Footpath (pedestrian only)"},"geometry":{"type":"MultiLineString","coordinates":[[[-0.1556819,51.5194991],[-0.1556646,51.5195018],[-0.1556434,51.519505]]]}},
{"type":"Feature","properties":{"highway":"footway","name":null,"category":"Footpath (pedestrian only)"},"geometry":{"type":"MultiLineString","coordinates":[[[-0.1556821,51.5196256],[-0.1553085,51.5196933],[-0.1552999,51.5196733]]]}},
{"type":"Feature","properties":{"highway":"footway","name":null,"category":"Footpath (pedestrian only)"},"geometry":{"type":"MultiLineString","coordinates":[[[-0.1556434,51.519505],[-0.1552489,51.5195693],[-0.155257,51.5195853]]]}},
{"type":"Feature","properties":{"highway":"footway","name":null,"category":"Footpath (pedestrian only)"},"geometry":{"type":"MultiLineString","coordinates":[[[-0.155257,51.5195853],[-0.1552726,51.5196173],[-0.1552999,51.5196733]]]}},
{"type":"Feature","properties":{"highway":"footway","name":null,"category":"Footpath (pedestrian only)"},"geometry":{"type":"MultiLineString","coordinates":[[[-0.1552968,51.519695],[-0.1553537,51.5198035],[-0.1555291,51.5201242],[-0.1556739,51.5204087]]]}},
{"type":"Feature","properties":{"highway":"footway","name":null,"category":"Footpath (pedestrian only)"},"geometry":{"type":"MultiLineString","coordinates":[[[-0.1552843,51.5196973],[-0.1552375,51.5197067],[-0.155183,51.5197179]]]}},
{"type":"Feature","properties":{"highway":"footway","name":null,"category":"Footpath (pedestrian only)"},"geometry":{"type":"MultiLineString","coordinates":[[[-0.155183,51.5197179],[-0.1551987,51.5197542],[-0.1553691,51.5200844],[-0.1554196,51.5201809]]]}},
{"type":"Feature","properties":{"highway":"footway","name":null,"category":"Footpath (pedestrian only)"},"geometry":{"type":"MultiLineString","coordinates":[[[-0.1554196,51.5201809],[-0.1554286,51.5202008],[-0.1554327,51.5202104]]]}},
{"type":"Feature","properties":{"highway":"footway","name":null,"category":"Footpath (pedestrian only)"},"geometry":{"type":"MultiLineString","coordinates":[[[-0.1554327,51.5202104],[-0.1554632,51.5202712],[-0.1555484,51.5204358]]]}},
{"type":"Feature","properties":{"highway":"footway","name":null,"category":"Footpath (pedestrian only)"},"geometry":{"type":"MultiLineString","coordinates":[[[-0.1551503,51.5197083],[-0.1549434,51.5197383]]]}},
{"type":"Feature","properties":{"highway":"footway","name":null,"category":"Footpath (pedestrian only)"},"geometry":{"type":"MultiLineString","coordinates":[[[-0.1549434,51.5197383],[-0.1549213,51.5197417],[-0.1548941,51.5197458]]]}},
{"type":"Feature","properties":{"highway":"footway","name":null,"category":"Footpath (pedestrian only)"},"geometry":{"type":"MultiLineString","coordinates":[[[-0.1548941,51.5197458],[-0.1546585,51.5197869]]]}},
{"type":"Feature","properties":{"highway":"footway","name":null,"category":"Footpath (pedestrian only)"},"geometry":{"type":"MultiLineString","coordinates":[[[-0.1546585,51.5197869],[-0.1546166,51.5197939],[-0.1545998,51.5197962]]]}},
{"type":"Feature","properties":{"highway":"footway","name":null,"category":"Footpath (pedestrian only)"},"geometry":{"type":"MultiLineString","coordinates":[[[-0.1545998,51.5197962],[-0.154537,51.5197897],[-0.1543868,51.5195146],[-0.154219,51.5192021],[-0.1541111,51.5190063]]]}},
{"type":"Feature","properties":{"highway":"footway","name":null,"category":"Footpath (pedestrian only)"},"geometry":{"type":"MultiLineString","coordinates":[[[-0.1542686,51.5190048],[-0.1544033,51.5192609],[-0.1546162,51.5196666],[-0.1546651,51.519672],[-0.1550962,51.5195926],[-0.1551096,51.5195901],[-0.1551241,51.5195863]]]}},
{"type":"Feature","properties":{"highway":"footway","name":null,"category":"Footpath (pedestrian only)"},"geometry":{"type":"MultiLineString","coordinates":[[[-0.1551926,51.5195739],[-0.1552489,51.5195693],[-0.1551951,51.5194669],[-0.1549564,51.5190013]]]}},
{"type":"Feature","properties":{"highway":"footway","name":null,"category":"Footpath (pedestrian only)"},"geometry":{"type":"MultiLineString","coordinates":[[[-0.1551241,51.5195863],[-0.1551679,51.5195782],[-0.1551926,51.5195739]]]}},
{"type":"Feature","properties":{"highway":"footway","name":null,"category":"Footpath (pedestrian only)"},"geometry":{"type":"MultiLineString","coordinates":[[[-0.1551096,51.5195901],[-0.1550107,51.5193902],[-0.1548161,51.5190029]]]}},
{"type":"Feature","properties":{"highway":"footway","name":null,"category":"Footpath (pedestrian only)"},"geometry":{"type":"MultiLineString","coordinates":[[[-0.1556819,51.5194991],[-0.1556298,51.51939],[-0.1556443,51.5193735]]]}},
{"type":"Feature","properties":{"highway":"footway","name":null,"category":"Footpath (pedestrian only)"},"geometry":{"type":"MultiLineString","coordinates":[[[-0.1556434,51.519505],[-0.1556179,51.519452],[-0.1555874,51.5193934]]]}},
{"type":"Feature","properties":{"highway":"footway","name":null,"category":"Footpath (pedestrian only)"},"geometry":{"type":"MultiLineString","coordinates":[[[-0.1551462,51.5196997],[-0.1551215,51.5196422],[-0.1551048,51.5196097]]]}},
{"type":"Feature","properties":{"highway":"footway","name":null,"category":"Footpath (pedestrian only)"},"geometry":{"type":"MultiLineString","coordinates":[[[-0.1551048,51.5196097],[-0.1550962,51.5195926]]]}},
{"type":"Feature","properties":{"highway":"footway","name":null,"category":"Footpath (pedestrian only)"},"geometry":{"type":"MultiLineString","coordinates":[[[-0.1558592,51.5204947],[-0.1558387,51.5204512],[-0.1558193,51.5204124]]]}},
{"type":"Feature","properties":{"highway":"footway","name":null,"category":"Footpath (pedestrian only)"},"geometry":{"type":"MultiLineString","coordinates":[[[-0.1555267,51.5205554],[-0.155501,51.5205092],[-0.1554822,51.5204727]]]}},
{"type":"Feature","properties":{"highway":"footway","name":null,"category":"Footpath (pedestrian only)"},"geometry":{"type":"MultiLineString","coordinates":[[[-0.1562219,51.5190085],[-0.156098,51.518751],[-0.1559942,51.5185344],[-0.1558404,51.5181854]]]}},
{"type":"Feature","properties":{"highway":"footway","name":null,"category":"Footpath (pedestrian only)"},"geometry":{"type":"MultiLineString","coordinates":[[[-0.1558761,51.5181589],[-0.1565362,51.518054]]]}},
{"type":"Feature","properties":{"highway":"footway","name":null,"category":"Footpath (pedestrian only)"},"geometry":{"type":"MultiLineString","coordinates":[[[-0.1559836,51.5190153],[-0.1559512,51.518947],[-0.1558646,51.518758],[-0.1557657,51.5185417],[-0.1556272,51.5182222]]]}},
{"type":"Feature","properties":{"highway":"footway","name":null,"category":"Footpath (pedestrian only)"},"geometry":{"type":"MultiLineString","coordinates":[[[-0.1558088,51.5181917],[-0.155738,51.5182031],[-0.1556561,51.5182167]]]}},
{"type":"Feature","properties":{"highway":"footway","name":null,"category":"Footpath (pedestrian only)"},"geometry":{"type":"MultiLineString","coordinates":[[[-0.1558688,51.5181401],[-0.1558556,51.5181117],[-0.1558346,51.5180667]]]}},
{"type":"Feature","properties":{"highway":"footway","name":null,"category":"Footpath (pedestrian only)"},"geometry":{"type":"MultiLineString","coordinates":[[[-0.1558346,51.5180667],[-0.1558305,51.5180551],[-0.1562475,51.5179888]]]}},
{"type":"Feature","properties":{"highway":"footway","name":null,"category":"Footpath (pedestrian only)"},"geometry":{"type":"MultiLineString","coordinates":[[[-0.1562475,51.5179888],[-0.1562649,51.5179858],[-0.1562963,51.5179805]]]}},
{"type":"Feature","properties":{"highway":"footway","name":null,"category":"Footpath (pedestrian only)"},"geometry":{"type":"MultiLineString","coordinates":[[[-0.1562963,51.5179805],[-0.1565422,51.5179398]]]}},
{"type":"Feature","properties":{"highway":"footway","name":null,"category":"Footpath (pedestrian only)"},"geometry":{"type":"MultiLineString","coordinates":[[[-0.1555767,51.5182107],[-0.1551149,51.5182945]]]}},
{"type":"Feature","properties":{"highway":"footway","name":null,"category":"Footpath (pedestrian only)"},"geometry":{"type":"MultiLineString","coordinates":[[[-0.1551149,51.5182945],[-0.155085,51.5182985],[-0.1550584,51.5183021]]]}},
{"type":"Feature","properties":{"highway":"footway","name":null,"category":"Footpath (pedestrian only)"},"geometry":{"type":"MultiLineString","coordinates":[[[-0.1550584,51.5183021],[-0.1546194,51.5183783],[-0.1545898,51.5183834]]]}},
{"type":"Feature","properties":{"highway":"footway","name":null,"category":"Footpath (pedestrian only)"},"geometry":{"type":"MultiLineString","coordinates":[[[-0.1545898,51.5183834],[-0.15455,51.5183895],[-0.1545089,51.5183959]]]}},
{"type":"Feature","properties":{"highway":"footway","name":null,"category":"Footpath (pedestrian only)"},"geometry":{"type":"MultiLineString","coordinates":[[[-0.1545089,51.5183959],[-0.1544565,51.518396],[-0.1541524,51.5184457],[-0.1539884,51.5184764],[-0.1539696,51.5184801]]]}},
{"type":"Feature","properties":{"highway":"footway","name":null,"category":"Footpath (pedestrian only)"},"geometry":{"type":"MultiLineString","coordinates":[[[-0.1539696,51.5184801],[-0.1539065,51.5184926],[-0.1538398,51.5185071]]]}},
{"type":"Feature","properties":{"highway":"footway","name":null,"category":"Footpath (pedestrian only)"},"geometry":{"type":"MultiLineString","coordinates":[[[-0.1539156,51.5183638],[-0.1539384,51.5183602],[-0.1545447,51.5182652],[-0.1550102,51.5181879]]]}},
{"type":"Feature","properties":{"highway":"footway","name":null,"category":"Footpath (pedestrian only)"},"geometry":{"type":"MultiLineString","coordinates":[[[-0.1550102,51.5181879],[-0.1550308,51.5181844],[-0.1550451,51.5181819]]]}},
{"type":"Feature","properties":{"highway":"footway","name":null,"category":"Footpath (pedestrian only)"},"geometry":{"type":"MultiLineString","coordinates":[[[-0.1550451,51.5181819],[-0.1552451,51.5181512],[-0.1555219,51.5181026],[-0.155527,51.5181137]]]}},
{"type":"Feature","properties":{"highway":"footway","name":null,"category":"Footpath (pedestrian only)"},"geometry":{"type":"MultiLineString","coordinates":[[[-0.1555688,51.5181912],[-0.1555529,51.5181618],[-0.155527,51.5181137]]]}},
{"type":"Feature","properties":{"highway":"footway","name":null,"category":"Footpath (pedestrian only)"},"geometry":{"type":"MultiLineString","coordinates":[[[-0.1558305,51.5180551],[-0.1557844,51.5180621],[-0.1557692,51.5180302],[-0.1557388,51.5180352]]]}},
{"type":"Feature","properties":{"highway":"footway","name":null,"category":"Footpath (pedestrian only)"},"geometry":{"type":"MultiLineString","coordinates":[[[-0.1555219,51.5181026],[-0.1555667,51.5180946],[-0.155552,51.5180618],[-0.1555842,51.5180565]]]}},
{"type":"Feature","properties":{"highway":"footway","name":null,"category":"Footpath (pedestrian only)"},"geometry":{"type":"MultiLineString","coordinates":[[[-0.1557388,51.5180352],[-0.1556665,51.5180452],[-0.1555842,51.5180565]]]}},
{"type":"Feature","properties":{"highway":"footway","name":null,"category":"Footpath (pedestrian only)"},"geometry":{"type":"MultiLineString","coordinates":[[[-0.1551149,51.5182945],[-0.1551879,51.5184479],[-0.1556443,51.5193735]]]}},
{"type":"Feature","properties":{"highway":"footway","name":null,"category":"Footpath (pedestrian only)"},"geometry":{"type":"MultiLineString","coordinates":[[[-0.1550584,51.5183021],[-0.155108,51.5184055],[-0.1550899,51.5184178],[-0.1555874,51.5193934]]]}},
{"type":"Feature","properties":{"highway":"footway","name":null,"category":"Footpath (pedestrian only)"},"geometry":{"type":"MultiLineString","coordinates":[[[-0.1546194,51.5183783],[-0.1546996,51.5185326],[-0.1548348,51.5187941],[-0.1549564,51.5190013]]]}},
{"type":"Feature","properties":{"highway":"footway","name":null,"category":"Footpath (pedestrian only)"},"geometry":{"type":"MultiLineString","coordinates":[[[-0.1545089,51.5183959],[-0.1545404,51.5184842],[-0.1548161,51.5190029]]]}},
{"type":"Feature","properties":{"highway":"footway","name":null,"category":"Footpath (pedestrian only)"},"geometry":{"type":"MultiLineString","coordinates":[[[-0.1539828,51.518465],[-0.1539884,51.5184764],[-0.1541064,51.5187023],[-0.1542686,51.5190048]]]}},
{"type":"Feature","properties":{"highway":"footway","name":null,"category":"Footpath (pedestrian only)"},"geometry":{"type":"MultiLineString","coordinates":[[[-0.1538215,51.5185106],[-0.1538402,51.5185458],[-0.1541111,51.5190063]]]}},
{"type":"Feature","properties":{"highway":"footway","name":null,"category":"Footpath (pedestrian only)"},"geometry":{"type":"MultiLineString","coordinates":[[[-0.1539465,51.5183778],[-0.1539653,51.518424],[-0.1539828,51.518465]]]}},
{"type":"Feature","properties":{"highway":"footway","name":null,"category":"Footpath (pedestrian only)"},"geometry":{"type":"MultiLineString","coordinates":[[[-0.1557692,51.5180302],[-0.155526,51.5175242],[-0.1554974,51.5175308]]]}},
{"type":"Feature","properties":{"highway":"footway","name":null,"category":"Footpath (pedestrian only)"},"geometry":{"type":"MultiLineString","coordinates":[[[-0.155552,51.5180618],[-0.1553276,51.5175607],[-0.1553555,51.5175562]]]}},
{"type":"Feature","properties":{"highway":"footway","name":null,"category":"Footpath (pedestrian only)"},"geometry":{"type":"MultiLineString","coordinates":[[[-0.1554974,51.5175308],[-0.1554346,51.517542],[-0.1553555,51.5175562]]]}},
{"type":"Feature","properties":{"highway":"footway","name":null,"category":"Footpath (pedestrian only)"},"geometry":{"type":"MultiLineString","coordinates":[[[-0.155526,51.5175242],[-0.155519,51.5174956],[-0.1555491,51.5174852],[-0.1555435,51.5174712]]]}},
{"type":"Feature","properties":{"highway":"footway","name":null,"category":"Footpath (pedestrian only)"},"geometry":{"type":"MultiLineString","coordinates":[[[-0.1555491,51.5174852],[-0.1561668,51.5173749],[-0.1571403,51.517212],[-0.1573998,51.5171686]]]}},
{"type":"Feature","properties":{"highway":"footway","name":null,"category":"Footpath (pedestrian only)"},"geometry":{"type":"MultiLineString","coordinates":[[[-0.1560092,51.5172933],[-0.1555074,51.5173776]]]}},
{"type":"Feature","properties":{"highway":"footway","name":null,"category":"Footpath (pedestrian only)"},"geometry":{"type":"MultiLineString","coordinates":[[[-0.1555074,51.5173776],[-0.1555212,51.5174135],[-0.1555435,51.5174712]]]}},
{"type":"Feature","properties":{"highway":"footway","name":null,"category":"Footpath (pedestrian only)"},"geometry":{"type":"MultiLineString","coordinates":[[[-0.1555074,51.5173776],[-0.1554724,51.517337],[-0.1554248,51.5173441]]]}},
{"type":"Feature","properties":{"highway":"footway","name":null,"category":"Footpath (pedestrian only)"},"geometry":{"type":"MultiLineString","coordinates":[[[-0.1554724,51.517337],[-0.1554534,51.5172937]]]}},
{"type":"Feature","properties":{"highway":"footway","name":null,"category":"Footpath (pedestrian only)"},"geometry":{"type":"MultiLineString","coordinates":[[[-0.1554248,51.5173441],[-0.1553688,51.5173543],[-0.155261,51.5173738]]]}},
{"type":"Feature","properties":{"highway":"footway","name":null,"category":"Footpath (pedestrian only)"},"geometry":{"type":"MultiLineString","coordinates":[[[-0.155261,51.5173738],[-0.1552241,51.5172937]]]}},
{"type":"Feature","properties":{"highway":"footway","name":null,"category":"Footpath (pedestrian only)"},"geometry":{"type":"MultiLineString","coordinates":[[[-0.155261,51.5173738],[-0.1552718,51.5174026],[-0.1552206,51.5174118],[-0.1552287,51.5174303]]]}},
{"type":"Feature","properties":{"highway":"footway","name":null,"category":"Footpath (pedestrian only)"},"geometry":{"type":"MultiLineString","coordinates":[[[-0.1552287,51.5174303],[-0.1552444,51.5174634],[-0.1552695,51.5175162]]]}},
{"type":"Feature","properties":{"highway":"footway","name":null,"category":"Footpath (pedestrian only)"},"geometry":{"type":"MultiLineString","coordinates":[[[-0.1553276,51.5175607],[-0.1553119,51.5175266],[-0.1552751,51.5175295],[-0.1552695,51.5175162]]]}},
{"type":"Feature","properties":{"highway":"footway","name":null,"category":"Footpath (pedestrian only)"},"geometry":{"type":"MultiLineString","coordinates":[[[-0.1552695,51.5175162],[-0.1547793,51.5176048]]]}},
{"type":"Feature","properties":{"highway":"footway","name":null,"category":"Footpath (pedestrian only)"},"geometry":{"type":"MultiLineString","coordinates":[[[-0.1547793,51.5176048],[-0.1547612,51.5176081],[-0.1547367,51.5176126]]]}},
{"type":"Feature","properties":{"highway":"footway","name":null,"category":"Footpath (pedestrian only)"},"geometry":{"type":"MultiLineString","coordinates":[[[-0.1547367,51.5176126],[-0.1543691,51.5176792],[-0.1538146,51.5177782],[-0.1536889,51.5178026],[-0.1536727,51.5178058],[-0.1537694,51.5179984]]]}},
{"type":"Feature","properties":{"highway":"footway","name":null,"category":"Footpath (pedestrian only)"},"geometry":{"type":"MultiLineString","coordinates":[[[-0.1535548,51.5175696],[-0.1536057,51.5176784],[-0.1536366,51.5176735],[-0.1538195,51.5176442],[-0.1545621,51.5175165],[-0.154935,51.5174522],[-0.1552206,51.5174118]]]}},
{"type":"Feature","properties":{"highway":"footway","name":null,"category":"Footpath (pedestrian only)"},"geometry":{"type":"MultiLineString","coordinates":[[[-0.1565528,51.5172014],[-0.1560092,51.5172933]]]}},
{"type":"Feature","properties":{"highway":"footway","name":null,"category":"Footpath (pedestrian only)"},"geometry":{"type":"MultiLineString","coordinates":[[[-0.1553268,51.5169994],[-0.1565498,51.5167674]]]}},
{"type":"Feature","properties":{"highway":"footway","name":null,"category":"Footpath (pedestrian only)"},"geometry":{"type":"MultiLineString","coordinates":[[[-0.1552241,51.5172937],[-0.1551025,51.5170648],[-0.1548129,51.5171111]]]}},
{"type":"Feature","properties":{"highway":"footway","name":null,"category":"Footpath (pedestrian only)"},"geometry":{"type":"MultiLineString","coordinates":[[[-0.1553204,51.5169854],[-0.1553097,51.5169621],[-0.1552955,51.5169311]]]}},
{"type":"Feature","properties":{"highway":"footway","name":null,"category":"Footpath (pedestrian only)"},"geometry":{"type":"MultiLineString","coordinates":[[[-0.1552955,51.5169311],[-0.1555943,51.5168753],[-0.1558143,51.516831],[-0.155854,51.516823],[-0.1560321,51.516791],[-0.1560465,51.5167882],[-0.1565505,51.5166918]]]}},
{"type":"Feature","properties":{"highway":"footway","name":null,"category":"Footpath (pedestrian only)"},"geometry":{"type":"MultiLineString","coordinates":[[[-0.1551025,51.5170648],[-0.1550739,51.5170066],[-0.1550662,51.5169894]]]}},
{"type":"Feature","properties":{"highway":"footway","name":null,"category":"Footpath (pedestrian only)"},"geometry":{"type":"MultiLineString","coordinates":[[[-0.1550662,51.5169894],[-0.1550565,51.5169647],[-0.1548347,51.5164534]]]}},
{"type":"Feature","properties":{"highway":"footway","name":null,"category":"Footpath (pedestrian only)"},"geometry":{"type":"MultiLineString","coordinates":[[[-0.1552955,51.5169311],[-0.1550465,51.5164288],[-0.1550036,51.5164339]]]}},
{"type":"Feature","properties":{"highway":"footway","name":null,"category":"Footpath (pedestrian only)"},"geometry":{"type":"MultiLineString","coordinates":[[[-0.1565536,51.5159841],[-0.155909,51.5160949],[-0.1553072,51.5162036],[-0.155003,51.5162572],[-0.1550193,51.5162934]]]}},
{"type":"Feature","properties":{"highway":"footway","name":null,"category":"Footpath (pedestrian only)"},"geometry":{"type":"MultiLineString","coordinates":[[[-0.1550193,51.5162934],[-0.155035,51.5163333],[-0.1550497,51.5163667]]]}},
{"type":"Feature","properties":{"highway":"footway","name":null,"category":"Footpath (pedestrian only)"},"geometry":{"type":"MultiLineString","coordinates":[[[-0.1547953,51.5164395],[-0.1547715,51.5163898],[-0.1547445,51.5163328]]]}},
{"type":"Feature","properties":{"highway":"footway","name":null,"category":"Footpath (pedestrian only)"},"geometry":{"type":"MultiLineString","coordinates":[[[-0.1547433,51.5163302],[-0.1547623,51.5163268],[-0.1547514,51.5163041],[-0.1547232,51.5162353],[-0.1545779,51.5159167]]]}},
{"type":"Feature","properties":{"highway":"footway","name":null,"category":"Footpath (pedestrian only)"},"geometry":{"type":"MultiLineString","coordinates":[[[-0.155003,51.5162572],[-0.1549455,51.5162667]]]}},
{"type":"Feature","properties":{"highway":"footway","name":null,"category":"Footpath (pedestrian only)"},"geometry":{"type":"MultiLineString","coordinates":[[[-0.1549455,51.5162667],[-0.1548787,51.5162796],[-0.154761,51.5163022]]]}},
{"type":"Feature","properties":{"highway":"footway","name":null,"category":"Footpath (pedestrian only)"},"geometry":{"type":"MultiLineString","coordinates":[[[-0.155003,51.5162572],[-0.1548129,51.5158876],[-0.1546313,51.5154846],[-0.1546195,51.5154584]]]}},
{"type":"Feature","properties":{"highway":"footway","name":null,"category":"Footpath (pedestrian only)"},"geometry":{"type":"MultiLineString","coordinates":[[[-0.1545779,51.5159167],[-0.1545741,51.5159074],[-0.1545708,51.5158994]]]}},
{"type":"Feature","properties":{"highway":"footway","name":null,"category":"Footpath (pedestrian only)"},"geometry":{"type":"MultiLineString","coordinates":[[[-0.1545708,51.5158994],[-0.1543949,51.5155046],[-0.1543873,51.5154875]]]}},
{"type":"Feature","properties":{"highway":"footway","name":null,"category":"Footpath (pedestrian only)"},"geometry":{"type":"MultiLineString","coordinates":[[[-0.1548129,51.5171111],[-0.1547814,51.5171162],[-0.1547282,51.5171247]]]}},
{"type":"Feature","properties":{"highway":"footway","name":null,"category":"Footpath (pedestrian only)"},"geometry":{"type":"MultiLineString","coordinates":[[[-0.1547282,51.5171247],[-0.1543567,51.5171884],[-0.1534411,51.5173515]]]}},
{"type":"Feature","properties":{"highway":"footway","name":null,"category":"Footpath (pedestrian only)"},"geometry":{"type":"MultiLineString","coordinates":[[[-0.1550662,51.5169894],[-0.1545422,51.5170781]]]}},
{"type":"Feature","properties":{"highway":"footway","name":null,"category":"Footpath (pedestrian only)"},"geometry":{"type":"MultiLineString","coordinates":[[[-0.1545422,51.5170781],[-0.1545174,51.5170822],[-0.1544659,51.5170907]]]}},
{"type":"Feature","properties":{"highway":"footway","name":null,"category":"Footpath (pedestrian only)"},"geometry":{"type":"MultiLineString","coordinates":[[[-0.1544659,51.5170907],[-0.1544518,51.517093],[-0.1541658,51.5171403],[-0.1538146,51.5172029],[-0.1534014,51.5172735],[-0.1533813,51.5172769]]]}},
{"type":"Feature","properties":{"highway":"footway","name":null,"category":"Footpath (pedestrian only)"},"geometry":{"type":"MultiLineString","coordinates":[[[-0.1548129,51.5171111],[-0.1548245,51.5171401],[-0.1548461,51.5171827],[-0.1548573,51.517224],[-0.1548876,51.5172815]]]}},
{"type":"Feature","properties":{"highway":"footway","name":null,"category":"Footpath (pedestrian only)"},"geometry":{"type":"MultiLineString","coordinates":[[[-0.1547282,51.5171247],[-0.1547684,51.5172106],[-0.1547687,51.5172415]]]}},
{"type":"Feature","properties":{"highway":"footway","name":null,"category":"Footpath (pedestrian only)"},"geometry":{"type":"MultiLineString","coordinates":[[[-0.154268,51.5165419],[-0.1543353,51.5166889]]]}},
{"type":"Feature","properties":{"highway":"footway","name":null,"category":"Footpath (pedestrian only)"},"geometry":{"type":"MultiLineString","coordinates":[[[-0.154302,51.5168674],[-0.154159,51.5165586]]]}},
{"type":"Feature","properties":{"highway":"footway","name":null,"category":"Footpath (pedestrian only)"},"geometry":{"type":"MultiLineString","coordinates":[[[-0.1548038,51.5164582],[-0.154268,51.5165419]]]}},
{"type":"Feature","properties":{"highway":"footway","name":null,"category":"Footpath (pedestrian only)"},"geometry":{"type":"MultiLineString","coordinates":[[[-0.154268,51.5165419],[-0.15422,51.5165494],[-0.154159,51.5165586]]]}},
{"type":"Feature","properties":{"highway":"footway","name":null,"category":"Footpath (pedestrian only)"},"geometry":{"type":"MultiLineString","coordinates":[[[-0.1547433,51.5163302],[-0.1545659,51.5163624],[-0.1541066,51.5164428]]]}},
{"type":"Feature","properties":{"highway":"footway","name":null,"category":"Footpath (pedestrian only)"},"geometry":{"type":"MultiLineString","coordinates":[[[-0.1541066,51.5164428],[-0.1540674,51.5164499],[-0.1540368,51.5164555]]]}},
{"type":"Feature","properties":{"highway":"footway","name":null,"category":"Footpath (pedestrian only)"},"geometry":{"type":"MultiLineString","coordinates":[[[-0.1540368,51.5164555],[-0.1538124,51.5164905],[-0.1532431,51.5165829]]]}},
{"type":"Feature","properties":{"highway":"footway","name":null,"category":"Footpath (pedestrian only)"},"geometry":{"type":"MultiLineString","coordinates":[[[-0.1588195,51.5222519],[-0.158733,51.5220639]]]}},
{"type":"Feature","properties":{"highway":"footway","name":"Marylebone Road","category":"Footpath (pedestrian only)"},"geometry":{"type":"MultiLineString","coordinates":[[[-0.1595484,51.5219326],[-0.159481,51.5219324],[-0.1593935,51.521947],[-0.1592986,51.5219637],[-0.158733,51.5220639],[-0.158692,51.5220706]]]}},
{"type":"Feature","properties":{"highway":"footway","name":null,"category":"Footpath (pedestrian only)"},"geometry":{"type":"MultiLineString","coordinates":[[[-0.158692,51.5220706],[-0.1586528,51.5220775],[-0.1585946,51.5220883]]]}},
{"type":"Feature","properties":{"highway":"footway","name":null,"category":"Footpath (pedestrian only)"},"geometry":{"type":"MultiLineString","coordinates":[[[-0.1585463,51.5220973],[-0.1586775,51.5223779]]]}},
{"type":"Feature","properties":{"highway":"footway","name":null,"category":"Footpath (pedestrian only)"},"geometry":{"type":"MultiLineString","coordinates":[[[-0.1585946,51.5220883],[-0.1585463,51.5220973],[-0.15776,51.5222349],[-0.157701,51.5222473],[-0.1576827,51.5222667],[-0.1576525,51.522272]]]}},
{"type":"Feature","properties":{"highway":"footway","name":"Marylebone Road","category":"Footpath (pedestrian only)"},"geometry":{"type":"MultiLineString","coordinates":[[[-0.1574789,51.5223024],[-0.1573821,51.522277],[-0.1572833,51.5222947],[-0.1572158,51.5223058]]]}},
{"type":"Feature","properties":{"highway":"footway","name":null,"category":"Footpath (pedestrian only)"},"geometry":{"type":"MultiLineString","coordinates":[[[-0.1572158,51.5223058],[-0.1571814,51.522312],[-0.1571329,51.5223202]]]}},
{"type":"Feature","properties":{"highway":"footway","name":"Marylebone Road","category":"Footpath (pedestrian only)"},"geometry":{"type":"MultiLineString","coordinates":[[[-0.1571329,51.5223202],[-0.1556286,51.5225881]]]}},
{"type":"Feature","properties":{"highway":"footway","name":"Marylebone Road","category":"Footpath (pedestrian only)"},"geometry":{"type":"MultiLineString","coordinates":[[[-0.1565345,51.5221725],[-0.1565781,51.5221736],[-0.1567274,51.5221496],[-0.1570509,51.522091],[-0.1572837,51.5220503],[-0.1573143,51.5220254]]]}},
{"type":"Feature","properties":{"highway":"footway","name":null,"category":"Footpath (pedestrian only)"},"geometry":{"type":"MultiLineString","coordinates":[[[-0.156539,51.5216571],[-0.1565646,51.5216459],[-0.1571102,51.5215419],[-0.1571315,51.5215378]]]}},
{"type":"Feature","properties":{"highway":"footway","name":null,"category":"Footpath (pedestrian only)"},"geometry":{"type":"MultiLineString","coordinates":[[[-0.1565482,51.5215799],[-0.1570796,51.5214806],[-0.1570966,51.5214774],[-0.1567503,51.5207089]]]}},
{"type":"Feature","properties":{"highway":"footway","name":null,"category":"Footpath (pedestrian only)"},"geometry":{"type":"MultiLineString","coordinates":[[[-0.1570549,51.5208187],[-0.1571063,51.5208368],[-0.1572619,51.5207997]]]}},
{"type":"Feature","properties":{"highway":"footway","name":null,"category":"Footpath (pedestrian only)"},"geometry":{"type":"MultiLineString","coordinates":[[[-0.1584038,51.5207012],[-0.1581312,51.5207511],[-0.1574879,51.5208688],[-0.1571498,51.5209307]]]}},
{"type":"Feature","properties":{"highway":"footway","name":null,"category":"Footpath (pedestrian only)"},"geometry":{"type":"MultiLineString","coordinates":[[[-0.1574148,51.5215404],[-0.1579762,51.5214394],[-0.1587837,51.5212941],[-0.15929,51.521203]]]}},
{"type":"Feature","properties":{"highway":"footway","name":null,"category":"Footpath (pedestrian only)"},"geometry":{"type":"MultiLineString","coordinates":[[[-0.159266,51.521175],[-0.1592548,51.5211499],[-0.1592435,51.5211246]]]}},
{"type":"Feature","properties":{"highway":"footway","name":null,"category":"Footpath (pedestrian only)"},"geometry":{"type":"MultiLineString","coordinates":[[[-0.1592435,51.5211246],[-0.1592432,51.5210984],[-0.1589321,51.5211513]]]}},
{"type":"Feature","properties":{"highway":"footway","name":null,"category":"Footpath (pedestrian only)"},"geometry":{"type":"MultiLineString","coordinates":[[[-0.1589321,51.5211513],[-0.1589112,51.5211536],[-0.1588903,51.5211559]]]}},
{"type":"Feature","properties":{"highway":"footway","name":null,"category":"Footpath (pedestrian only)"},"geometry":{"type":"MultiLineString","coordinates":[[[-0.1588903,51.5211559],[-0.1585892,51.5212103],[-0.1582109,51.5212787],[-0.1577752,51.5213574],[-0.1576898,51.5214006],[-0.157378,51.5214554],[-0.1573826,51.5214661]]]}},
{"type":"Feature","properties":{"highway":"footway","name":null,"category":"Footpath (pedestrian only)"},"geometry":{"type":"MultiLineString","coordinates":[[[-0.1571077,51.521537],[-0.1570956,51.5215128],[-0.1570836,51.5214886]]]}},
{"type":"Feature","properties":{"highway":"footway","name":null,"category":"Footpath (pedestrian only)"},"geometry":{"type":"MultiLineString","coordinates":[[[-0.1594847,51.5211447],[-0.1594841,51.5211434],[-0.1592227,51.5205688],[-0.1592293,51.5205486],[-0.1592587,51.5205402],[-0.1592528,51.5205277]]]}},
{"type":"Feature","properties":{"highway":"footway","name":null,"category":"Footpath (pedestrian only)"},"geometry":{"type":"MultiLineString","coordinates":[[[-0.1589779,51.5205853],[-0.1589588,51.5205458],[-0.1589397,51.5205064]]]}},
{"type":"Feature","properties":{"highway":"footway","name":null,"category":"Footpath (pedestrian only)"},"geometry":{"type":"MultiLineString","coordinates":[[[-0.1586894,51.5199931],[-0.1587233,51.5199876],[-0.1587393,51.5200177],[-0.158894,51.5203312],[-0.1589556,51.5204589],[-0.1589598,51.5204818],[-0.1589358,51.5204985]]]}},
{"type":"Feature","properties":{"highway":"footway","name":null,"category":"Footpath (pedestrian only)"},"geometry":{"type":"MultiLineString","coordinates":[[[-0.1592092,51.5205711],[-0.1591234,51.5205857],[-0.1590376,51.5206003]]]}},
{"type":"Feature","properties":{"highway":"footway","name":null,"category":"Footpath (pedestrian only)"},"geometry":{"type":"MultiLineString","coordinates":[[[-0.1588528,51.5198354],[-0.1588749,51.5198317],[-0.1588569,51.5197904],[-0.1586935,51.519435],[-0.1585787,51.5191623],[-0.1585578,51.519166]]]}},
{"type":"Feature","properties":{"highway":"footway","name":null,"category":"Footpath (pedestrian only)"},"geometry":{"type":"MultiLineString","coordinates":[[[-0.1587464,51.5198534],[-0.158661,51.5198686],[-0.1586416,51.5198248],[-0.1585923,51.5197047],[-0.1584914,51.5194783],[-0.1583705,51.5192002],[-0.1583862,51.5191967]]]}},
{"type":"Feature","properties":{"highway":"footway","name":null,"category":"Footpath (pedestrian only)"},"geometry":{"type":"MultiLineString","coordinates":[[[-0.1585578,51.519166],[-0.1584801,51.5191799],[-0.1583862,51.5191967]]]}},
{"type":"Feature","properties":{"highway":"footway","name":null,"category":"Footpath (pedestrian only)"},"geometry":{"type":"MultiLineString","coordinates":[[[-0.1592423,51.5190174],[-0.1592333,51.5190194],[-0.159206,51.5190243]]]}},
{"type":"Feature","properties":{"highway":"footway","name":null,"category":"Footpath (pedestrian only)"},"geometry":{"type":"MultiLineString","coordinates":[[[-0.159206,51.5190243],[-0.1589537,51.5190683],[-0.1586243,51.5191273],[-0.1586187,51.519115]]]}},
{"type":"Feature","properties":{"highway":"footway","name":null,"category":"Footpath (pedestrian only)"},"geometry":{"type":"MultiLineString","coordinates":[[[-0.1586243,51.5191273],[-0.1585694,51.5191375],[-0.1585787,51.5191623]]]}},
{"type":"Feature","properties":{"highway":"footway","name":null,"category":"Footpath (pedestrian only)"},"geometry":{"type":"MultiLineString","coordinates":[[[-0.1586187,51.519115],[-0.158599,51.5190675],[-0.1585829,51.5190305]]]}},
{"type":"Feature","properties":{"highway":"footway","name":null,"category":"Footpath (pedestrian only)"},"geometry":{"type":"MultiLineString","coordinates":[[[-0.1585792,51.5190223],[-0.15872,51.5189963]]]}},
{"type":"Feature","properties":{"highway":"footway","name":null,"category":"Footpath (pedestrian only)"},"geometry":{"type":"MultiLineString","coordinates":[[[-0.1585829,51.5190305],[-0.1585792,51.5190223],[-0.1585137,51.5190323],[-0.158496,51.519002],[-0.1584799,51.5190048]]]}},
{"type":"Feature","properties":{"highway":"footway","name":null,"category":"Footpath (pedestrian only)"},"geometry":{"type":"MultiLineString","coordinates":[[[-0.1584799,51.5190048],[-0.1584011,51.5190159],[-0.1583087,51.5190295]]]}},
{"type":"Feature","properties":{"highway":"footway","name":null,"category":"Footpath (pedestrian only)"},"geometry":{"type":"MultiLineString","coordinates":[[[-0.1583705,51.5192002],[-0.1583563,51.5191711],[-0.1583182,51.519177]]]}},
{"type":"Feature","properties":{"highway":"footway","name":null,"category":"Footpath (pedestrian only)"},"geometry":{"type":"MultiLineString","coordinates":[[[-0.1583129,51.5191616],[-0.1582973,51.5191163],[-0.1582833,51.5190792]]]}},
{"type":"Feature","properties":{"highway":"footway","name":null,"category":"Footpath (pedestrian only)"},"geometry":{"type":"MultiLineString","coordinates":[[[-0.1582876,51.5190329],[-0.1582998,51.5190616],[-0.158278,51.5190646],[-0.1582833,51.5190792]]]}},
{"type":"Feature","properties":{"highway":"footway","name":null,"category":"Footpath (pedestrian only)"},"geometry":{"type":"MultiLineString","coordinates":[[[-0.1583087,51.5190295],[-0.1582876,51.5190329]]]}},
{"type":"Feature","properties":{"highway":"footway","name":null,"category":"Footpath (pedestrian only)"},"geometry":{"type":"MultiLineString","coordinates":[[[-0.1589827,51.5205953],[-0.1584038,51.5207012]]]}},
{"type":"Feature","properties":{"highway":"footway","name":null,"category":"Footpath (pedestrian only)"},"geometry":{"type":"MultiLineString","coordinates":[[[-0.1589397,51.5205064],[-0.1589358,51.5204985],[-0.1585734,51.5205639],[-0.1580782,51.5206533],[-0.1580545,51.5206454]]]}},
{"type":"Feature","properties":{"highway":"footway","name":null,"category":"Footpath (pedestrian only)"},"geometry":{"type":"MultiLineString","coordinates":[[[-0.1580438,51.520647],[-0.1579967,51.5206552],[-0.1579499,51.5206637]]]}},
{"type":"Feature","properties":{"highway":"footway","name":null,"category":"Footpath (pedestrian only)"},"geometry":{"type":"MultiLineString","coordinates":[[[-0.1579291,51.5206675],[-0.1579184,51.5206797],[-0.1572619,51.5207997]]]}},
{"type":"Feature","properties":{"highway":"footway","name":null,"category":"Footpath (pedestrian only)"},"geometry":{"type":"MultiLineString","coordinates":[[[-0.1580236,51.520582],[-0.1578095,51.5201558],[-0.1577919,51.5201591]]]}},
{"type":"Feature","properties":{"highway":"footway","name":null,"category":"Footpath (pedestrian only)"},"geometry":{"type":"MultiLineString","coordinates":[[[-0.1579499,51.5206637],[-0.1579291,51.5206675],[-0.1578985,51.5206042],[-0.1578246,51.5204668],[-0.157685,51.5201776]]]}},
{"type":"Feature","properties":{"highway":"footway","name":null,"category":"Footpath (pedestrian only)"},"geometry":{"type":"MultiLineString","coordinates":[[[-0.1577919,51.5201591],[-0.157752,51.5201661],[-0.157701,51.5201748]]]}},
{"type":"Feature","properties":{"highway":"footway","name":null,"category":"Footpath (pedestrian only)"},"geometry":{"type":"MultiLineString","coordinates":[[[-0.1586852,51.5199827],[-0.1586894,51.5199931],[-0.1581252,51.5200939]]]}},
{"type":"Feature","properties":{"highway":"footway","name":null,"category":"Footpath (pedestrian only)"},"geometry":{"type":"MultiLineString","coordinates":[[[-0.1581252,51.5200939],[-0.1581118,51.5200959],[-0.1580828,51.5201003]]]}},
{"type":"Feature","properties":{"highway":"footway","name":null,"category":"Footpath (pedestrian only)"},"geometry":{"type":"MultiLineString","coordinates":[[[-0.1581252,51.5200939],[-0.1581968,51.5202591]]]}},
{"type":"Feature","properties":{"highway":"footway","name":null,"category":"Footpath (pedestrian only)"},"geometry":{"type":"MultiLineString","coordinates":[[[-0.1581622,51.5202667],[-0.1581145,51.5201588],[-0.1580897,51.5201087],[-0.1580828,51.5201003]]]}},
{"type":"Feature","properties":{"highway":"footway","name":null,"category":"Footpath (pedestrian only)"},"geometry":{"type":"MultiLineString","coordinates":[[[-0.1580828,51.5201003],[-0.1578072,51.5201483],[-0.1578095,51.5201558]]]}},
{"type":"Feature","properties":{"highway":"footway","name":null,"category":"Footpath (pedestrian only)"},"geometry":{"type":"MultiLineString","coordinates":[[[-0.157701,51.5201748],[-0.157685,51.5201776],[-0.1576632,51.52018],[-0.1573339,51.5202356]]]}},
{"type":"Feature","properties":{"highway":"footway","name":null,"category":"Footpath (pedestrian only)"},"geometry":{"type":"MultiLineString","coordinates":[[[-0.1573339,51.5202356],[-0.1573244,51.5202378],[-0.1573077,51.5202413]]]}},
{"type":"Feature","properties":{"highway":"footway","name":null,"category":"Footpath (pedestrian only)"},"geometry":{"type":"MultiLineString","coordinates":[[[-0.1573077,51.5202413],[-0.1570454,51.5202881],[-0.1568348,51.5203248]]]}},
{"type":"Feature","properties":{"highway":"footway","name":null,"category":"Footpath (pedestrian only)"},"geometry":{"type":"MultiLineString","coordinates":[[[-0.1567503,51.5207089],[-0.156616,51.5204097],[-0.1566525,51.5204037]]]}},
{"type":"Feature","properties":{"highway":"footway","name":null,"category":"Footpath (pedestrian only)"},"geometry":{"type":"MultiLineString","coordinates":[[[-0.1567944,51.5203804],[-0.1567268,51.5203915],[-0.1566525,51.5204037]]]}},
{"type":"Feature","properties":{"highway":"footway","name":null,"category":"Footpath (pedestrian only)"},"geometry":{"type":"MultiLineString","coordinates":[[[-0.1567903,51.5202214],[-0.1567596,51.5202269],[-0.1567485,51.5202027],[-0.156713,51.5202091]]]}},
{"type":"Feature","properties":{"highway":"footway","name":null,"category":"Footpath (pedestrian only)"},"geometry":{"type":"MultiLineString","coordinates":[[[-0.156713,51.5202091],[-0.1566478,51.5202207],[-0.1565755,51.5202336]]]}},
{"type":"Feature","properties":{"highway":"footway","name":null,"category":"Footpath (pedestrian only)"},"geometry":{"type":"MultiLineString","coordinates":[[[-0.1565755,51.5202336],[-0.1565427,51.5202395]]]}},
{"type":"Feature","properties":{"highway":"footway","name":null,"category":"Footpath (pedestrian only)"},"geometry":{"type":"MultiLineString","coordinates":[[[-0.1567485,51.5202027],[-0.1565521,51.5198325]]]}},
{"type":"Feature","properties":{"highway":"footway","name":null,"category":"Footpath (pedestrian only)"},"geometry":{"type":"MultiLineString","coordinates":[[[-0.1576284,51.5200633],[-0.1576344,51.5200795],[-0.1576084,51.5200845],[-0.157248,51.5201449]]]}},
{"type":"Feature","properties":{"highway":"footway","name":null,"category":"Footpath (pedestrian only)"},"geometry":{"type":"MultiLineString","coordinates":[[[-0.157248,51.5201449],[-0.157234,51.5201472],[-0.1572227,51.5201491]]]}},
{"type":"Feature","properties":{"highway":"footway","name":null,"category":"Footpath (pedestrian only)"},"geometry":{"type":"MultiLineString","coordinates":[[[-0.1583129,51.5191616],[-0.1583182,51.519177],[-0.157846,51.5192533]]]}},
{"type":"Feature","properties":{"highway":"footway","name":null,"category":"Footpath (pedestrian only)"},"geometry":{"type":"MultiLineString","coordinates":[[[-0.157846,51.5192533],[-0.157829,51.5192565],[-0.1578059,51.5192605]]]}},
{"type":"Feature","properties":{"highway":"footway","name":null,"category":"Footpath (pedestrian only)"},"geometry":{"type":"MultiLineString","coordinates":[[[-0.1578059,51.5192605],[-0.1574199,51.5193302],[-0.1574083,51.5193324]]]}},
{"type":"Feature","properties":{"highway":"footway","name":null,"category":"Footpath (pedestrian only)"},"geometry":{"type":"MultiLineString","coordinates":[[[-0.1574083,51.5193324],[-0.1573795,51.5193374],[-0.1573227,51.5193476]]]}},
{"type":"Feature","properties":{"highway":"footway","name":null,"category":"Footpath (pedestrian only)"},"geometry":{"type":"MultiLineString","coordinates":[[[-0.1573227,51.5193476],[-0.1573104,51.5193496],[-0.1569303,51.5194119]]]}},
{"type":"Feature","properties":{"highway":"footway","name":null,"category":"Footpath (pedestrian only)"},"geometry":{"type":"MultiLineString","coordinates":[[[-0.1569303,51.5194119],[-0.1569147,51.5194145],[-0.1568841,51.5194196]]]}},
{"type":"Feature","properties":{"highway":"footway","name":null,"category":"Footpath (pedestrian only)"},"geometry":{"type":"MultiLineString","coordinates":[[[-0.1568841,51.5194196],[-0.1564944,51.5194858]]]}},
{"type":"Feature","properties":{"highway":"footway","name":null,"category":"Footpath (pedestrian only)"},"geometry":{"type":"MultiLineString","coordinates":[[[-0.1565399,51.5193589],[-0.156699,51.5193297],[-0.1576234,51.5191722]]]}},
{"type":"Feature","properties":{"highway":"footway","name":null,"category":"Footpath (pedestrian only)"},"geometry":{"type":"MultiLineString","coordinates":[[[-0.1576459,51.5191671],[-0.1577076,51.5191566],[-0.1577618,51.5191472]]]}},
{"type":"Feature","properties":{"highway":"footway","name":null,"category":"Footpath (pedestrian only)"},"geometry":{"type":"MultiLineString","coordinates":[[[-0.1577771,51.5191451],[-0.158278,51.5190646]]]}},
{"type":"Feature","properties":{"highway":"footway","name":null,"category":"Footpath (pedestrian only)"},"geometry":{"type":"MultiLineString","coordinates":[[[-0.157846,51.5192533],[-0.1579171,51.5194123]]]}},
{"type":"Feature","properties":{"highway":"footway","name":null,"category":"Footpath (pedestrian only)"},"geometry":{"type":"MultiLineString","coordinates":[[[-0.1578059,51.5192605],[-0.1578114,51.5192689],[-0.1578658,51.5193879]]]}},
{"type":"Feature","properties":{"highway":"footway","name":null,"category":"Footpath (pedestrian only)"},"geometry":{"type":"MultiLineString","coordinates":[[[-0.1574199,51.5193302],[-0.1574796,51.5194441],[-0.1576271,51.5197719],[-0.1577517,51.5200392],[-0.1577371,51.5200422]]]}},
{"type":"Feature","properties":{"highway":"footway","name":null,"category":"Footpath (pedestrian only)"},"geometry":{"type":"MultiLineString","coordinates":[[[-0.1576408,51.520061],[-0.1576284,51.5200633],[-0.1575977,51.5199963],[-0.1574975,51.5197723],[-0.1573689,51.5194791],[-0.1573104,51.5193496]]]}},
{"type":"Feature","properties":{"highway":"footway","name":null,"category":"Footpath (pedestrian only)"},"geometry":{"type":"MultiLineString","coordinates":[[[-0.1575483,51.5190076],[-0.1570599,51.5179642],[-0.1565362,51.518054]]]}},
{"type":"Feature","properties":{"highway":"footway","name":null,"category":"Footpath (pedestrian only)"},"geometry":{"type":"MultiLineString","coordinates":[[[-0.1571738,51.5179452],[-0.15714,51.5179508],[-0.1570735,51.5179619]]]}},
{"type":"Feature","properties":{"highway":"footway","name":null,"category":"Footpath (pedestrian only)"},"geometry":{"type":"MultiLineString","coordinates":[[[-0.1582876,51.5190329],[-0.1577546,51.5178485],[-0.1571738,51.5179452],[-0.1572416,51.5180841],[-0.157272,51.5180791],[-0.1575097,51.518585],[-0.1575464,51.5185975],[-0.1575777,51.5186137],[-0.1575953,51.5186331],[-0.1577482,51.5189704],[-0.1577454,51.519004]]]}},
{"type":"Feature","properties":{"highway":"footway","name":null,"category":"Footpath (pedestrian only)"},"geometry":{"type":"MultiLineString","coordinates":[[[-0.1577116,51.5177553],[-0.1577329,51.5178014],[-0.1577496,51.5178376]]]}},
{"type":"Feature","properties":{"highway":"footway","name":null,"category":"Footpath (pedestrian only)"},"geometry":{"type":"MultiLineString","coordinates":[[[-0.1577496,51.5178376],[-0.1577546,51.5178485]]]}},
{"type":"Feature","properties":{"highway":"footway","name":null,"category":"Footpath (pedestrian only)"},"geometry":{"type":"MultiLineString","coordinates":[[[-0.1577064,51.5177441],[-0.1577116,51.5177553]]]}},
{"type":"Feature","properties":{"highway":"footway","name":null,"category":"Footpath (pedestrian only)"},"geometry":{"type":"MultiLineString","coordinates":[[[-0.1570735,51.5179619],[-0.1570599,51.5179642]]]}},
{"type":"Feature","properties":{"highway":"footway","name":null,"category":"Footpath (pedestrian only)"},"geometry":{"type":"MultiLineString","coordinates":[[[-0.1565422,51.5179398],[-0.1577064,51.5177441],[-0.1574716,51.5172097]]]}},
{"type":"Feature","properties":{"highway":"footway","name":null,"category":"Footpath (pedestrian only)"},"geometry":{"type":"MultiLineString","coordinates":[[[-0.1574917,51.5172061],[-0.1575803,51.5171904],[-0.1576494,51.5171781]]]}},
{"type":"Feature","properties":{"highway":"footway","name":null,"category":"Footpath (pedestrian only)"},"geometry":{"type":"MultiLineString","coordinates":[[[-0.1574716,51.5172097],[-0.1574917,51.5172061]]]}},
{"type":"Feature","properties":{"highway":"footway","name":null,"category":"Footpath (pedestrian only)"},"geometry":{"type":"MultiLineString","coordinates":[[[-0.1576494,51.5171781],[-0.1576727,51.517174]]]}},
{"type":"Feature","properties":{"highway":"footway","name":null,"category":"Footpath (pedestrian only)"},"geometry":{"type":"MultiLineString","coordinates":[[[-0.15872,51.5189963],[-0.1589552,51.5189544]]]}},
{"type":"Feature","properties":{"highway":"footway","name":null,"category":"Footpath (pedestrian only)"},"geometry":{"type":"MultiLineString","coordinates":[[[-0.1589552,51.5189544],[-0.1589919,51.5189478],[-0.159008,51.518945]]]}},
{"type":"Feature","properties":{"highway":"footway","name":null,"category":"Footpath (pedestrian only)"},"geometry":{"type":"MultiLineString","coordinates":[[[-0.159008,51.518945],[-0.1594112,51.5188731],[-0.158549,51.5169877],[-0.158521,51.5169788],[-0.1582108,51.5170341]]]}},
{"type":"Feature","properties":{"highway":"footway","name":null,"category":"Footpath (pedestrian only)"},"geometry":{"type":"MultiLineString","coordinates":[[[-0.1581758,51.51704],[-0.1576941,51.5171221],[-0.1576505,51.5171295],[-0.1576727,51.517174],[-0.158496,51.519002]]]}},
{"type":"Feature","properties":{"highway":"footway","name":null,"category":"Footpath (pedestrian only)"},"geometry":{"type":"MultiLineString","coordinates":[[[-0.1582108,51.5170341],[-0.1581958,51.5170366],[-0.1581758,51.51704]]]}},
{"type":"Feature","properties":{"highway":"footway","name":null,"category":"Footpath (pedestrian only)"},"geometry":{"type":"MultiLineString","coordinates":[[[-0.1594584,51.5216055],[-0.15929,51.521203],[-0.159266,51.521175]]]}},
{"type":"Feature","properties":{"highway":"footway","name":null,"category":"Footpath (pedestrian only)"},"geometry":{"type":"MultiLineString","coordinates":[[[-0.1594584,51.5216055],[-0.1594295,51.5216629],[-0.1578432,51.5219467],[-0.1578565,51.5219752]]]}},
{"type":"Feature","properties":{"highway":"footway","name":"Gloucester Place","category":"Footpath (pedestrian only)"},"geometry":{"type":"MultiLineString","coordinates":[[[-0.1598487,51.5218609],[-0.1598191,51.5218899],[-0.1598833,51.5220323],[-0.1599038,51.5220779],[-0.1599606,51.522204],[-0.1599662,51.5222165]]]}},
{"type":"Feature","properties":{"highway":"footway","name":null,"category":"Footpath (pedestrian only)"},"geometry":{"type":"MultiLineString","coordinates":[[[-0.1599662,51.5222165],[-0.1599772,51.5222408],[-0.1599883,51.5222637]]]}},
{"type":"Feature","properties":{"highway":"footway","name":"Gloucester Place","category":"Footpath (pedestrian only)"},"geometry":{"type":"MultiLineString","coordinates":[[[-0.1599883,51.5222637],[-0.1599894,51.5222743],[-0.1599941,51.5223205],[-0.1601466,51.5226332],[-0.1601544,51.5226466]]]}},
{"type":"Feature","properties":{"highway":"footway","name":"Gloucester Place","category":"Footpath (pedestrian only)"},"geometry":{"type":"MultiLineString","coordinates":[[[-0.1595484,51.5219326],[-0.1596034,51.5219696],[-0.1596758,51.5221237],[-0.1597155,51.5222084],[-0.1597886,51.5223574],[-0.1599373,51.5226693],[-0.1599173,51.5226862]]]}},
{"type":"Feature","properties":{"highway":"footway","name":null,"category":"Footpath (pedestrian only)"},"geometry":{"type":"MultiLineString","coordinates":[[[-0.161904,51.5214967],[-0.1619433,51.5214895],[-0.1620318,51.5214734],[-0.162079,51.521465]]]}},
{"type":"Feature","properties":{"highway":"footway","name":null,"category":"Footpath (pedestrian only)"},"geometry":{"type":"MultiLineString","coordinates":[[[-0.162079,51.521465],[-0.1621023,51.5214609],[-0.1626013,51.5213724],[-0.1630043,51.521301]]]}},
{"type":"Feature","properties":{"highway":"footway","name":null,"category":"Footpath (pedestrian only)"},"geometry":{"type":"MultiLineString","coordinates":[[[-0.1621023,51.5214609],[-0.162114,51.5215155]]]}},
{"type":"Feature","properties":{"highway":"footway","name":null,"category":"Footpath (pedestrian only)"},"geometry":{"type":"MultiLineString","coordinates":[[[-0.162114,51.5215155],[-0.1621158,51.521528],[-0.1621192,51.5215495]]]}},
{"type":"Feature","properties":{"highway":"footway","name":null,"category":"Footpath (pedestrian only)"},"geometry":{"type":"MultiLineString","coordinates":[[[-0.1621192,51.5215495],[-0.1624754,51.5222625]]]}},
{"type":"Feature","properties":{"highway":"footway","name":null,"category":"Footpath (pedestrian only)"},"geometry":{"type":"MultiLineString","coordinates":[[[-0.1624306,51.5222707],[-0.1623513,51.5222804],[-0.1623194,51.5222822]]]}},
{"type":"Feature","properties":{"highway":"footway","name":"Melcombe Place","category":"Footpath (pedestrian only)"},"geometry":{"type":"MultiLineString","coordinates":[[[-0.1615736,51.5224016],[-0.1616146,51.5223952],[-0.1620142,51.5223266],[-0.1622082,51.5222959],[-0.1622845,51.5222846],[-0.1623194,51.5222822]]]}},
{"type":"Feature","properties":{"highway":"footway","name":null,"category":"Footpath (pedestrian only)"},"geometry":{"type":"MultiLineString","coordinates":[[[-0.1614941,51.522414],[-0.1615305,51.5224083],[-0.1615736,51.5224016]]]}},
{"type":"Feature","properties":{"highway":"footway","name":"Balcombe Street","category":"Footpath (pedestrian only)"},"geometry":{"type":"MultiLineString","coordinates":[[[-0.161461,51.5224192],[-0.1612473,51.521975],[-0.1610929,51.5216555]]]}},
{"type":"Feature","properties":{"highway":"footway","name":null,"category":"Footpath (pedestrian only)"},"geometry":{"type":"MultiLineString","coordinates":[[[-0.1609823,51.521357],[-0.1609852,51.5213488],[-0.1607952,51.5209662]]]}},
{"type":"Feature","properties":{"highway":"footway","name":null,"category":"Footpath (pedestrian only)"},"geometry":{"type":"MultiLineString","coordinates":[[[-0.1607686,51.5209172],[-0.1605125,51.5203964],[-0.1604824,51.5203278]]]}},
{"type":"Feature","properties":{"highway":"footway","name":null,"category":"Footpath (pedestrian only)"},"geometry":{"type":"MultiLineString","coordinates":[[[-0.1607686,51.5209172],[-0.1601794,51.521022],[-0.1599763,51.5205877],[-0.1599467,51.5205571],[-0.159927,51.5205229],[-0.1598918,51.5204441],[-0.1598877,51.5204338]]]}},
{"type":"Feature","properties":{"highway":"footway","name":null,"category":"Footpath (pedestrian only)"},"geometry":{"type":"MultiLineString","coordinates":[[[-0.1601794,51.521022],[-0.1601444,51.5210279]]]}},
{"type":"Feature","properties":{"highway":"footway","name":null,"category":"Footpath (pedestrian only)"},"geometry":{"type":"MultiLineString","coordinates":[[[-0.1604934,51.5209999],[-0.1604437,51.521022],[-0.1595054,51.5211902]]]}},
{"type":"Feature","properties":{"highway":"footway","name":null,"category":"Footpath (pedestrian only)"},"geometry":{"type":"MultiLineString","coordinates":[[[-0.1595029,51.5211847],[-0.1594938,51.5211647],[-0.1594847,51.5211447]]]}},
{"type":"Feature","properties":{"highway":"footway","name":null,"category":"Footpath (pedestrian only)"},"geometry":{"type":"MultiLineString","coordinates":[[[-0.1599038,51.5220779],[-0.1598715,51.5220843]]]}},
{"type":"Feature","properties":{"highway":"footway","name":null,"category":"Footpath (pedestrian only)"},"geometry":{"type":"MultiLineString","coordinates":[[[-0.1598715,51.5220843],[-0.1597772,51.5221031],[-0.1597014,51.5221185]]]}},
{"type":"Feature","properties":{"highway":"footway","name":null,"category":"Footpath (pedestrian only)"},"geometry":{"type":"MultiLineString","coordinates":[[[-0.1620913,51.5211876],[-0.1621107,51.5211563],[-0.1619484,51.5207957],[-0.1618056,51.5204953],[-0.1617114,51.5202825],[-0.1616601,51.5201615],[-0.1616398,51.5201175]]]}},
{"type":"Feature","properties":{"highway":"footway","name":null,"category":"Footpath (pedestrian only)"},"geometry":{"type":"MultiLineString","coordinates":[[[-0.160998,51.5216279],[-0.1610115,51.5216541]]]}},
{"type":"Feature","properties":{"highway":"footway","name":null,"category":"Footpath (pedestrian only)"},"geometry":{"type":"MultiLineString","coordinates":[[[-0.1597014,51.5221185],[-0.1596758,51.5221237]]]}},
{"type":"Feature","properties":{"highway":"footway","name":null,"category":"Footpath (pedestrian only)"},"geometry":{"type":"MultiLineString","coordinates":[[[-0.1596481,51.5215731],[-0.1596399,51.5215746]]]}},
{"type":"Feature","properties":{"highway":"footway","name":null,"category":"Footpath (pedestrian only)"},"geometry":{"type":"MultiLineString","coordinates":[[[-0.1594953,51.5215993],[-0.1594584,51.5216055]]]}},
{"type":"Feature","properties":{"highway":"footway","name":null,"category":"Footpath (pedestrian only)"},"geometry":{"type":"MultiLineString","coordinates":[[[-0.1624754,51.5222625],[-0.1624306,51.5222707]]]}},
{"type":"Feature","properties":{"highway":"footway","name":null,"category":"Footpath (pedestrian only)"},"geometry":{"type":"MultiLineString","coordinates":[[[-0.1618896,51.5214995],[-0.1622606,51.5222347],[-0.1622845,51.5222846]]]}},
{"type":"Feature","properties":{"highway":"footway","name":null,"category":"Footpath (pedestrian only)"},"geometry":{"type":"MultiLineString","coordinates":[[[-0.1596481,51.5215731],[-0.1595054,51.5211902],[-0.1595029,51.5211847]]]}},
{"type":"Feature","properties":{"highway":"footway","name":null,"category":"Footpath (pedestrian only)"},"geometry":{"type":"MultiLineString","coordinates":[[[-0.161461,51.5224192],[-0.1614941,51.522414]]]}},
{"type":"Feature","properties":{"highway":"footway","name":null,"category":"Footpath (pedestrian only)"},"geometry":{"type":"MultiLineString","coordinates":[[[-0.1563441,51.5221738],[-0.1563148,51.5221785]]]}},
{"type":"Feature","properties":{"highway":"footway","name":null,"category":"Footpath (pedestrian only)"},"geometry":{"type":"MultiLineString","coordinates":[[[-0.1607852,51.5209477],[-0.1607754,51.5209295],[-0.1607686,51.5209172]]]}},
{"type":"Feature","properties":{"highway":"footway","name":null,"category":"Footpath (pedestrian only)"},"geometry":{"type":"MultiLineString","coordinates":[[[-0.1607952,51.5209662],[-0.1607852,51.5209477]]]}},
{"type":"Feature","properties":{"highway":"footway","name":null,"category":"Footpath (pedestrian only)"},"geometry":{"type":"MultiLineString","coordinates":[[[-0.1586299,51.5169737],[-0.1588373,51.5169382],[-0.1590349,51.5169046]]]}},
{"type":"Feature","properties":{"highway":"footway","name":null,"category":"Footpath (pedestrian only)"},"geometry":{"type":"MultiLineString","coordinates":[[[-0.158549,51.5169877],[-0.158571,51.5169839]]]}},
{"type":"Feature","properties":{"highway":"footway","name":null,"category":"Footpath (pedestrian only)"},"geometry":{"type":"MultiLineString","coordinates":[[[-0.158571,51.5169839],[-0.1585982,51.5169792],[-0.1586299,51.5169737]]]}},
{"type":"Feature","properties":{"highway":"footway","name":null,"category":"Footpath (pedestrian only)"},"geometry":{"type":"MultiLineString","coordinates":[[[-0.1591807,51.5168552],[-0.1591644,51.5168143],[-0.1591495,51.5167769]]]}},
{"type":"Feature","properties":{"highway":"footway","name":null,"category":"Footpath (pedestrian only)"},"geometry":{"type":"MultiLineString","coordinates":[[[-0.1590349,51.5169046],[-0.1590698,51.5168986],[-0.1591122,51.5168912]]]}},
{"type":"Feature","properties":{"highway":"footway","name":null,"category":"Footpath (pedestrian only)"},"geometry":{"type":"MultiLineString","coordinates":[[[-0.1591122,51.5168912],[-0.1591315,51.5168879]]]}},
{"type":"Feature","properties":{"highway":"footway","name":null,"category":"Footpath (pedestrian only)"},"geometry":{"type":"MultiLineString","coordinates":[[[-0.1594561,51.51682],[-0.1591848,51.5168655],[-0.1591399,51.5168737],[-0.1591315,51.5168879],[-0.1599963,51.5187674],[-0.160004,51.5187751],[-0.1600178,51.5187777],[-0.160331,51.5187217]]]}},
{"type":"Feature","properties":{"highway":"footway","name":null,"category":"Footpath (pedestrian only)"},"geometry":{"type":"MultiLineString","coordinates":[[[-0.1591848,51.5168655],[-0.1591807,51.5168552]]]}},
{"type":"Feature","properties":{"highway":"footway","name":null,"category":"Footpath (pedestrian only)"},"geometry":{"type":"MultiLineString","coordinates":[[[-0.1576463,51.5170185],[-0.1576221,51.516969],[-0.1573835,51.5164658]]]}},
{"type":"Feature","properties":{"highway":"footway","name":null,"category":"Footpath (pedestrian only)"},"geometry":{"type":"MultiLineString","coordinates":[[[-0.1591495,51.5167769],[-0.1591453,51.5167665]]]}},
{"type":"Feature","properties":{"highway":"footway","name":null,"category":"Footpath (pedestrian only)"},"geometry":{"type":"MultiLineString","coordinates":[[[-0.1594889,51.5167058],[-0.1602685,51.5165699],[-0.1603143,51.5165624],[-0.160344,51.5165524],[-0.1603355,51.5165336],[-0.1600404,51.5158653]]]}},
{"type":"Feature","properties":{"highway":"footway","name":null,"category":"Footpath (pedestrian only)"},"geometry":{"type":"MultiLineString","coordinates":[[[-0.1590583,51.5167704],[-0.159008,51.5167793],[-0.1589294,51.5167931]]]}},
{"type":"Feature","properties":{"highway":"footway","name":null,"category":"Footpath (pedestrian only)"},"geometry":{"type":"MultiLineString","coordinates":[[[-0.1590777,51.516767],[-0.1590583,51.5167704]]]}},
{"type":"Feature","properties":{"highway":"footway","name":null,"category":"Footpath (pedestrian only)"},"geometry":{"type":"MultiLineString","coordinates":[[[-0.1586642,51.5157694],[-0.158653,51.5157441]]]}},
{"type":"Feature","properties":{"highway":"footway","name":null,"category":"Footpath (pedestrian only)"},"geometry":{"type":"MultiLineString","coordinates":[[[-0.1586174,51.5156639],[-0.1586222,51.5156744]]]}},
{"type":"Feature","properties":{"highway":"footway","name":null,"category":"Footpath (pedestrian only)"},"geometry":{"type":"MultiLineString","coordinates":[[[-0.1589069,51.516797],[-0.1584389,51.5158017],[-0.1574626,51.5159759],[-0.1571745,51.5160251]]]}},
{"type":"Feature","properties":{"highway":"footway","name":null,"category":"Footpath (pedestrian only)"},"geometry":{"type":"MultiLineString","coordinates":[[[-0.158477,51.5157949],[-0.1585425,51.5157833],[-0.1586065,51.5157719]]]}},
{"type":"Feature","properties":{"highway":"footway","name":null,"category":"Footpath (pedestrian only)"},"geometry":{"type":"MultiLineString","coordinates":[[[-0.1584389,51.5158017],[-0.158477,51.5157949]]]}},
{"type":"Feature","properties":{"highway":"footway","name":null,"category":"Footpath (pedestrian only)"},"geometry":{"type":"MultiLineString","coordinates":[[[-0.1586252,51.5157757],[-0.1586642,51.5157694],[-0.159816,51.5155838],[-0.1598524,51.5155779],[-0.1598796,51.5155774],[-0.1599055,51.5155882]]]}},
{"type":"Feature","properties":{"highway":"footway","name":null,"category":"Footpath (pedestrian only)"},"geometry":{"type":"MultiLineString","coordinates":[[[-0.1586065,51.5157719],[-0.1586252,51.5157757]]]}},
{"type":"Feature","properties":{"highway":"footway","name":null,"category":"Footpath (pedestrian only)"},"geometry":{"type":"MultiLineString","coordinates":[[[-0.157441,51.5158554],[-0.1576804,51.5158139]]]}},
{"type":"Feature","properties":{"highway":"footway","name":null,"category":"Footpath (pedestrian only)"},"geometry":{"type":"MultiLineString","coordinates":[[[-0.1576804,51.5158139],[-0.1577574,51.5158047],[-0.1577918,51.5158006]]]}},
{"type":"Feature","properties":{"highway":"footway","name":null,"category":"Footpath (pedestrian only)"},"geometry":{"type":"MultiLineString","coordinates":[[[-0.1584852,51.5156859],[-0.1585067,51.5156823]]]}},
{"type":"Feature","properties":{"highway":"footway","name":null,"category":"Footpath (pedestrian only)"},"geometry":{"type":"MultiLineString","coordinates":[[[-0.1583233,51.5153063],[-0.1583311,51.5153224],[-0.1585067,51.5156823]]]}},
{"type":"Feature","properties":{"highway":"footway","name":null,"category":"Footpath (pedestrian only)"},"geometry":{"type":"MultiLineString","coordinates":[[[-0.1568801,51.5160295],[-0.1568921,51.5160555]]]}},
{"type":"Feature","properties":{"highway":"footway","name":null,"category":"Footpath (pedestrian only)"},"geometry":{"type":"MultiLineString","coordinates":[[[-0.1568528,51.5159701],[-0.1568343,51.5159325],[-0.1566358,51.5155281],[-0.1564535,51.5151496],[-0.1564483,51.5151388]]]}},
{"type":"Feature","properties":{"highway":"footway","name":null,"category":"Footpath (pedestrian only)"},"geometry":{"type":"MultiLineString","coordinates":[[[-0.1569777,51.5160944],[-0.1569443,51.5161005]]]}},
{"type":"Feature","properties":{"highway":"footway","name":null,"category":"Footpath (pedestrian only)"},"geometry":{"type":"MultiLineString","coordinates":[[[-0.1571633,51.5159997],[-0.1571745,51.5160251]]]}},
{"type":"Feature","properties":{"highway":"footway","name":null,"category":"Footpath (pedestrian only)"},"geometry":{"type":"MultiLineString","coordinates":[[[-0.1574716,51.5172097],[-0.1574542,51.517172],[-0.1574273,51.5171644],[-0.1573998,51.5171686]]]}},
{"type":"Feature","properties":{"highway":"footway","name":null,"category":"Footpath (pedestrian only)"},"geometry":{"type":"MultiLineString","coordinates":[[[-0.1573998,51.5171686],[-0.1573936,51.5171553]]]}},
{"type":"Feature","properties":{"highway":"footway","name":null,"category":"Footpath (pedestrian only)"},"geometry":{"type":"MultiLineString","coordinates":[[[-0.1573936,51.5171553],[-0.1573722,51.5171092],[-0.1573583,51.5170792]]]}},
{"type":"Feature","properties":{"highway":"footway","name":null,"category":"Footpath (pedestrian only)"},"geometry":{"type":"MultiLineString","coordinates":[[[-0.1573583,51.5170792],[-0.1573522,51.5170661]]]}},
{"type":"Feature","properties":{"highway":"footway","name":null,"category":"Footpath (pedestrian only)"},"geometry":{"type":"MultiLineString","coordinates":[[[-0.1589294,51.5167931],[-0.1589069,51.516797],[-0.1581485,51.5169303]]]}},
{"type":"Feature","properties":{"highway":"footway","name":null,"category":"Footpath (pedestrian only)"},"geometry":{"type":"MultiLineString","coordinates":[[[-0.1576941,51.5171221],[-0.1576869,51.5171064]]]}},
{"type":"Feature","properties":{"highway":"footway","name":null,"category":"Footpath (pedestrian only)"},"geometry":{"type":"MultiLineString","coordinates":[[[-0.1576869,51.5171064],[-0.1576685,51.5170667],[-0.1576542,51.5170356]]]}},
{"type":"Feature","properties":{"highway":"footway","name":null,"category":"Footpath (pedestrian only)"},"geometry":{"type":"MultiLineString","coordinates":[[[-0.1576542,51.5170356],[-0.1576463,51.5170185]]]}},
{"type":"Feature","properties":{"highway":"footway","name":null,"category":"Footpath (pedestrian only)"},"geometry":{"type":"MultiLineString","coordinates":[[[-0.1576221,51.516969],[-0.1575654,51.5169795]]]}},
{"type":"Feature","properties":{"highway":"footway","name":null,"category":"Footpath (pedestrian only)"},"geometry":{"type":"MultiLineString","coordinates":[[[-0.1575654,51.5169795],[-0.1574915,51.5169931],[-0.1574015,51.5170098]]]}},
{"type":"Feature","properties":{"highway":"footway","name":null,"category":"Footpath (pedestrian only)"},"geometry":{"type":"MultiLineString","coordinates":[[[-0.1574015,51.5170098],[-0.1573786,51.517014]]]}},
{"type":"Feature","properties":{"highway":"footway","name":null,"category":"Footpath (pedestrian only)"},"geometry":{"type":"MultiLineString","coordinates":[[[-0.1565528,51.5172014],[-0.1573522,51.5170661],[-0.1573986,51.5170583],[-0.1573786,51.517014],[-0.1572082,51.5166434],[-0.1572047,51.5166357]]]}},
{"type":"Feature","properties":{"highway":"footway","name":null,"category":"Footpath (pedestrian only)"},"geometry":{"type":"MultiLineString","coordinates":[[[-0.1572047,51.5166357],[-0.1571909,51.5166052],[-0.1571803,51.5165818]]]}},
{"type":"Feature","properties":{"highway":"footway","name":null,"category":"Footpath (pedestrian only)"},"geometry":{"type":"MultiLineString","coordinates":[[[-0.1572082,51.5166434],[-0.156769,51.5167251],[-0.1568905,51.5169911]]]}},
{"type":"Feature","properties":{"highway":"footway","name":null,"category":"Footpath (pedestrian only)"},"geometry":{"type":"MultiLineString","coordinates":[[[-0.1568115,51.517005],[-0.1566864,51.5167419],[-0.1565498,51.5167674]]]}},
{"type":"Feature","properties":{"highway":"footway","name":null,"category":"Footpath (pedestrian only)"},"geometry":{"type":"MultiLineString","coordinates":[[[-0.1567581,51.5167273],[-0.1567272,51.5167336],[-0.1566944,51.5167403]]]}},
{"type":"Feature","properties":{"highway":"footway","name":null,"category":"Footpath (pedestrian only)"},"geometry":{"type":"MultiLineString","coordinates":[[[-0.156769,51.5167251],[-0.1567581,51.5167273]]]}},
{"type":"Feature","properties":{"highway":"footway","name":null,"category":"Footpath (pedestrian only)"},"geometry":{"type":"MultiLineString","coordinates":[[[-0.1566944,51.5167403],[-0.1566864,51.5167419]]]}},
{"type":"Feature","properties":{"highway":"footway","name":null,"category":"Footpath (pedestrian only)"},"geometry":{"type":"MultiLineString","coordinates":[[[-0.1565505,51.5166918],[-0.1571779,51.5165765]]]}},
{"type":"Feature","properties":{"highway":"footway","name":null,"category":"Footpath (pedestrian only)"},"geometry":{"type":"MultiLineString","coordinates":[[[-0.1563525,51.522253],[-0.1563752,51.5222953]]]}},
{"type":"Feature","properties":{"highway":"footway","name":null,"category":"Footpath (pedestrian only)"},"geometry":{"type":"MultiLineString","coordinates":[[[-0.1606761,51.520296],[-0.1606689,51.5202812]]]}},
{"type":"Feature","properties":{"highway":"footway","name":null,"category":"Footpath (pedestrian only)"},"geometry":{"type":"MultiLineString","coordinates":[[[-0.1606689,51.5202812],[-0.1606483,51.5202339],[-0.1606382,51.5202105]]]}},
{"type":"Feature","properties":{"highway":"footway","name":null,"category":"Footpath (pedestrian only)"},"geometry":{"type":"MultiLineString","coordinates":[[[-0.1606382,51.5202105],[-0.1606317,51.5201988]]]}},
{"type":"Feature","properties":{"highway":"footway","name":null,"category":"Footpath (pedestrian only)"},"geometry":{"type":"MultiLineString","coordinates":[[[-0.160457,51.5203323],[-0.1604432,51.5203023]]]}},
{"type":"Feature","properties":{"highway":"footway","name":null,"category":"Footpath (pedestrian only)"},"geometry":{"type":"MultiLineString","coordinates":[[[-0.1604432,51.5203023],[-0.1604308,51.5202733],[-0.1604193,51.5202467]]]}},
{"type":"Feature","properties":{"highway":"footway","name":"Upper Montagu Street","category":"Footpath (pedestrian only)"},"geometry":{"type":"MultiLineString","coordinates":[[[-0.1611982,51.5200901],[-0.1611894,51.5200917],[-0.1611748,51.5200946]]]}},
{"type":"Feature","properties":{"highway":"footway","name":null,"category":"Footpath (pedestrian only)"},"geometry":{"type":"MultiLineString","coordinates":[[[-0.1616127,51.5190042],[-0.1616184,51.5190169],[-0.1616229,51.5190267]]]}},
{"type":"Feature","properties":{"highway":"footway","name":"Durweston Street","category":"Footpath (pedestrian only)"},"geometry":{"type":"MultiLineString","coordinates":[[[-0.1598457,51.5203376],[-0.1598426,51.5203326],[-0.1598039,51.5202581],[-0.1597349,51.5200932]]]}},
{"type":"Feature","properties":{"highway":"footway","name":"Durweston Street","category":"Footpath (pedestrian only)"},"geometry":{"type":"MultiLineString","coordinates":[[[-0.1597349,51.5200932],[-0.1597195,51.5200564],[-0.15971,51.520036]]]}},
{"type":"Feature","properties":{"highway":"footway","name":null,"category":"Footpath (pedestrian only)"},"geometry":{"type":"MultiLineString","coordinates":[[[-0.1592227,51.5205688],[-0.1592092,51.5205711]]]}},
{"type":"Feature","properties":{"highway":"footway","name":null,"category":"Footpath (pedestrian only)"},"geometry":{"type":"MultiLineString","coordinates":[[[-0.1590376,51.5206003],[-0.1590216,51.520603]]]}},
{"type":"Feature","properties":{"highway":"footway","name":null,"category":"Footpath (pedestrian only)"},"geometry":{"type":"MultiLineString","coordinates":[[[-0.1589705,51.5204563],[-0.1589556,51.5204589]]]}},
{"type":"Feature","properties":{"highway":"footway","name":null,"category":"Footpath (pedestrian only)"},"geometry":{"type":"MultiLineString","coordinates":[[[-0.1587612,51.5200136],[-0.1587393,51.5200177]]]}},
{"type":"Feature","properties":{"highway":"footway","name":null,"category":"Footpath (pedestrian only)"},"geometry":{"type":"MultiLineString","coordinates":[[[-0.1577454,51.519004],[-0.1577264,51.5190235],[-0.1577771,51.5191451],[-0.1577618,51.5191472]]]}},
{"type":"Feature","properties":{"highway":"footway","name":null,"category":"Footpath (pedestrian only)"},"geometry":{"type":"MultiLineString","coordinates":[[[-0.1576459,51.5191671],[-0.1576234,51.5191722],[-0.1575483,51.5190076]]]}},
{"type":"Feature","properties":{"highway":"footway","name":null,"category":"Footpath (pedestrian only)"},"geometry":{"type":"MultiLineString","coordinates":[[[-0.1580438,51.520647],[-0.1580545,51.5206454],[-0.1580236,51.520582]]]}},
{"type":"Feature","properties":{"highway":"footway","name":null,"category":"Footpath (pedestrian only)"},"geometry":{"type":"MultiLineString","coordinates":[[[-0.156616,51.5204097],[-0.1566013,51.520377],[-0.156595,51.5203624]]]}},
{"type":"Feature","properties":{"highway":"footway","name":null,"category":"Footpath (pedestrian only)"},"geometry":{"type":"MultiLineString","coordinates":[[[-0.156595,51.5203624],[-0.1565742,51.5203144],[-0.1565588,51.5202758]]]}},
{"type":"Feature","properties":{"highway":"footway","name":null,"category":"Footpath (pedestrian only)"},"geometry":{"type":"MultiLineString","coordinates":[[[-0.1565588,51.5202758],[-0.1565545,51.5202647]]]}},
{"type":"Feature","properties":{"highway":"footway","name":null,"category":"Footpath (pedestrian only)"},"geometry":{"type":"MultiLineString","coordinates":[[[-0.1568319,51.5203166],[-0.1568348,51.5203248],[-0.1568134,51.5203462],[-0.1568265,51.5203751]]]}},
{"type":"Feature","properties":{"highway":"footway","name":null,"category":"Footpath (pedestrian only)"},"geometry":{"type":"MultiLineString","coordinates":[[[-0.1581495,51.5199843],[-0.1581404,51.519986],[-0.1577606,51.5200583],[-0.1577517,51.5200392]]]}},
{"type":"Feature","properties":{"highway":"footway","name":null,"category":"Footpath (pedestrian only)"},"geometry":{"type":"MultiLineString","coordinates":[[[-0.1581825,51.5199783],[-0.1581656,51.5199812],[-0.1581495,51.5199843]]]}},
{"type":"Feature","properties":{"highway":"footway","name":null,"category":"Footpath (pedestrian only)"},"geometry":{"type":"MultiLineString","coordinates":[[[-0.160205,51.51584],[-0.1605163,51.5165271],[-0.1605275,51.5165356],[-0.1605455,51.5165358],[-0.1605716,51.516532],[-0.1608158,51.5164881],[-0.1616897,51.5163312],[-0.1615153,51.5158979],[-0.1615063,51.5158756]]]}},
{"type":"Feature","properties":{"highway":"footway","name":null,"category":"Footpath (pedestrian only)"},"geometry":{"type":"MultiLineString","coordinates":[[[-0.1609637,51.5186071],[-0.1603574,51.5172939],[-0.1600873,51.5167318],[-0.1600821,51.5167242],[-0.1600727,51.5167187],[-0.1600612,51.5167177],[-0.160043,51.51672],[-0.1596104,51.5167943]]]}},
{"type":"Feature","properties":{"highway":"footway","name":null,"category":"Footpath (pedestrian only)"},"geometry":{"type":"MultiLineString","coordinates":[[[-0.1595348,51.5168073],[-0.1595786,51.5168],[-0.1596104,51.5167943]]]}},
{"type":"Feature","properties":{"highway":"footway","name":null,"category":"Footpath (pedestrian only)"},"geometry":{"type":"MultiLineString","coordinates":[[[-0.1594561,51.51682],[-0.1595122,51.5168112]]]}},
{"type":"Feature","properties":{"highway":"footway","name":null,"category":"Footpath (pedestrian only)"},"geometry":{"type":"MultiLineString","coordinates":[[[-0.1595122,51.5168112],[-0.1595348,51.5168073]]]}},
{"type":"Feature","properties":{"highway":"footway","name":null,"category":"Footpath (pedestrian only)"},"geometry":{"type":"MultiLineString","coordinates":[[[-0.1601837,51.5167186],[-0.1601498,51.5167232],[-0.1600957,51.5167306]]]}},
{"type":"Feature","properties":{"highway":"footway","name":null,"category":"Footpath (pedestrian only)"},"geometry":{"type":"MultiLineString","coordinates":[[[-0.1608327,51.5166079],[-0.1611631,51.5172993],[-0.1616933,51.5184902],[-0.161702,51.5184969],[-0.1617193,51.5184967],[-0.1622213,51.5184084]]]}},
{"type":"Feature","properties":{"highway":"footway","name":null,"category":"Footpath (pedestrian only)"},"geometry":{"type":"MultiLineString","coordinates":[[[-0.160236,51.5167094],[-0.1602743,51.5167832],[-0.1605298,51.5172974],[-0.1611327,51.5185001],[-0.1611349,51.5185362],[-0.1611193,51.5185637],[-0.1610906,51.5185759],[-0.1610904,51.5185849],[-0.161103,51.5185919],[-0.1611239,51.5185912],[-0.1614458,51.5185375],[-0.1614823,51.5185305],[-0.1615077,51.5185206],[-0.1615097,51.5185011],[-0.1615076,51.5184809],[-0.1609917,51.517303],[-0.1606642,51.5166365]]]}},
{"type":"Feature","properties":{"highway":"footway","name":null,"category":"Footpath (pedestrian only)"},"geometry":{"type":"MultiLineString","coordinates":[[[-0.1607295,51.5166261],[-0.1606642,51.5166365],[-0.1604501,51.516673],[-0.160236,51.5167094],[-0.1601837,51.5167186]]]}},
{"type":"Feature","properties":{"highway":"footway","name":null,"category":"Footpath (pedestrian only)"},"geometry":{"type":"MultiLineString","coordinates":[[[-0.1608168,51.5166107],[-0.1607896,51.5166155],[-0.1607295,51.5166261]]]}},
{"type":"Feature","properties":{"highway":"footway","name":null,"category":"Footpath (pedestrian only)"},"geometry":{"type":"MultiLineString","coordinates":[[[-0.1614308,51.516483],[-0.1614047,51.5164876],[-0.1608564,51.5165799],[-0.1608408,51.5165832],[-0.1608361,51.5165894],[-0.1608338,51.5165975],[-0.1608327,51.5166079]]]}},
{"type":"Feature","properties":{"highway":"footway","name":null,"category":"Footpath (pedestrian only)"},"geometry":{"type":"MultiLineString","coordinates":[[[-0.1619031,51.5164298],[-0.1620416,51.5164066]]]}},
{"type":"Feature","properties":{"highway":"footway","name":null,"category":"Footpath (pedestrian only)"},"geometry":{"type":"MultiLineString","coordinates":[[[-0.1618548,51.5163049],[-0.1620416,51.5162841]]]}},
{"type":"Feature","properties":{"highway":"footway","name":null,"category":"Footpath (pedestrian only)"},"geometry":{"type":"MultiLineString","coordinates":[[[-0.1593149,51.5182651],[-0.1595441,51.518771],[-0.1595365,51.5187955],[-0.1595146,51.5188158],[-0.159509,51.5188348],[-0.1595219,51.5188535],[-0.1595374,51.5188574],[-0.1595536,51.5188572],[-0.159577,51.5188534],[-0.1598192,51.5188139],[-0.1598422,51.518806],[-0.1598579,51.5187979],[-0.159863,51.5187796],[-0.1598605,51.5187645],[-0.1597703,51.5185593]]]}},
{"type":"Feature","properties":{"highway":"footway","name":null,"category":"Footpath (pedestrian only)"},"geometry":{"type":"MultiLineString","coordinates":[[[-0.160004,51.5187751],[-0.1599287,51.5187869],[-0.1598579,51.5187979]]]}},
{"type":"Feature","properties":{"highway":"footway","name":null,"category":"Footpath (pedestrian only)"},"geometry":{"type":"MultiLineString","coordinates":[[[-0.160022,51.5188941],[-0.1599442,51.5189068],[-0.1598315,51.5189251]]]}},
{"type":"Feature","properties":{"highway":"footway","name":null,"category":"Footpath (pedestrian only)"},"geometry":{"type":"MultiLineString","coordinates":[[[-0.1603082,51.5184448],[-0.1603792,51.5185999],[-0.160375,51.5186091],[-0.1603618,51.5186175],[-0.1603581,51.5186262],[-0.1604047,51.5187092],[-0.1604142,51.5187132],[-0.1604384,51.518713],[-0.1609399,51.5186264],[-0.1609574,51.5186189],[-0.1609637,51.5186071]]]}},
{"type":"Feature","properties":{"highway":"footway","name":null,"category":"Footpath (pedestrian only)"},"geometry":{"type":"MultiLineString","coordinates":[[[-0.1614564,51.5186492],[-0.1613712,51.5186625],[-0.1612632,51.5186794]]]}},
{"type":"Feature","properties":{"highway":"footway","name":null,"category":"Footpath (pedestrian only)"},"geometry":{"type":"MultiLineString","coordinates":[[[-0.1595219,51.5188535],[-0.1594805,51.5188606],[-0.1594112,51.5188731]]]}},
{"type":"Feature","properties":{"highway":"footway","name":null,"category":"Footpath (pedestrian only)"},"geometry":{"type":"MultiLineString","coordinates":[[[-0.1610904,51.5185849],[-0.1610348,51.5185949],[-0.1609637,51.5186071]]]}},
{"type":"Feature","properties":{"highway":"footway","name":null,"category":"Footpath (pedestrian only)"},"geometry":{"type":"MultiLineString","coordinates":[[[-0.1604047,51.5187092],[-0.1603762,51.5187141],[-0.160331,51.5187217]]]}},
{"type":"Feature","properties":{"highway":"footway","name":null,"category":"Footpath (pedestrian only)"},"geometry":{"type":"MultiLineString","coordinates":[[[-0.1616886,51.518491],[-0.1616129,51.5185039],[-0.1615289,51.5185172]]]}},
{"type":"Feature","properties":{"highway":"footway","name":null,"category":"Footpath (pedestrian only)"},"geometry":{"type":"MultiLineString","coordinates":[[[-0.1626668,51.5169567],[-0.1621506,51.5170357]]]}},
{"type":"Feature","properties":{"highway":"footway","name":null,"category":"Footpath (pedestrian only)"},"geometry":{"type":"MultiLineString","coordinates":[[[-0.1620416,51.5164066],[-0.1623911,51.5163468],[-0.1624243,51.516342],[-0.1624406,51.5163443],[-0.1624515,51.5163528],[-0.1624587,51.5163615],[-0.162649,51.5168403],[-0.1626432,51.5168532],[-0.162626,51.5168565],[-0.1621052,51.5169359]]]}},
{"type":"Feature","properties":{"highway":"footway","name":null,"category":"Footpath (pedestrian only)"},"geometry":{"type":"MultiLineString","coordinates":[[[-0.1628241,51.516928],[-0.1628433,51.5169195],[-0.1641384,51.5166592],[-0.164208,51.5166372],[-0.1642963,51.5166307],[-0.1643795,51.5166428]]]}},
{"type":"Feature","properties":{"highway":"footway","name":null,"category":"Footpath (pedestrian only)"},"geometry":{"type":"MultiLineString","coordinates":[[[-0.1643795,51.5166428],[-0.1644458,51.5166825],[-0.1644985,51.5167371],[-0.1645667,51.5167814],[-0.1645827,51.516806],[-0.1648837,51.5170211],[-0.1649028,51.5170534]]]}},
{"type":"Feature","properties":{"highway":"footway","name":null,"category":"Footpath (pedestrian only)"},"geometry":{"type":"MultiLineString","coordinates":[[[-0.1627906,51.5168242],[-0.1628106,51.5168249],[-0.1628613,51.5168145],[-0.1634135,51.5167089]]]}},
{"type":"Feature","properties":{"highway":"footway","name":null,"category":"Footpath (pedestrian only)"},"geometry":{"type":"MultiLineString","coordinates":[[[-0.1636927,51.516653],[-0.1642092,51.5165501],[-0.1642087,51.5165345],[-0.1640803,51.516452]]]}},
{"type":"Feature","properties":{"highway":"footway","name":null,"category":"Footpath (pedestrian only)"},"geometry":{"type":"MultiLineString","coordinates":[[[-0.1634135,51.5167089],[-0.1635587,51.5166798],[-0.1636927,51.516653]]]}},
{"type":"Feature","properties":{"highway":"footway","name":null,"category":"Footpath (pedestrian only)"},"geometry":{"type":"MultiLineString","coordinates":[[[-0.1640803,51.516452],[-0.1636181,51.5161332],[-0.1635902,51.5161262],[-0.1635104,51.5161371],[-0.1626204,51.5163049],[-0.1626013,51.516313],[-0.1625953,51.5163291],[-0.1626459,51.5164553]]]}},
{"type":"Feature","properties":{"highway":"footway","name":null,"category":"Footpath (pedestrian only)"},"geometry":{"type":"MultiLineString","coordinates":[[[-0.1627348,51.516684],[-0.1627826,51.5168155],[-0.1627906,51.5168242]]]}},
{"type":"Feature","properties":{"highway":"footway","name":null,"category":"Footpath (pedestrian only)"},"geometry":{"type":"MultiLineString","coordinates":[[[-0.1626983,51.516594],[-0.1627154,51.5166384],[-0.1627348,51.516684]]]}},
{"type":"Feature","properties":{"highway":"footway","name":null,"category":"Footpath (pedestrian only)"},"geometry":{"type":"MultiLineString","coordinates":[[[-0.1626459,51.5164553],[-0.1626607,51.5164977],[-0.1626787,51.5165442]]]}},
{"type":"Feature","properties":{"highway":"footway","name":null,"category":"Footpath (pedestrian only)"},"geometry":{"type":"MultiLineString","coordinates":[[[-0.1626787,51.5165442],[-0.1626983,51.516594]]]}},
{"type":"Feature","properties":{"highway":"footway","name":null,"category":"Footpath (pedestrian only)"},"geometry":{"type":"MultiLineString","coordinates":[[[-0.1654949,51.5169598],[-0.16541,51.5169822],[-0.1647409,51.5172322]]]}},
{"type":"Feature","properties":{"highway":"footway","name":null,"category":"Footpath (pedestrian only)"},"geometry":{"type":"MultiLineString","coordinates":[[[-0.1639356,51.5221025],[-0.1639638,51.522094],[-0.164748,51.5218656],[-0.1647664,51.5218688],[-0.1647808,51.5218878]]]}},
{"type":"Feature","properties":{"highway":"footway","name":null,"category":"Footpath (pedestrian only)"},"geometry":{"type":"MultiLineString","coordinates":[[[-0.1639828,51.5222433],[-0.1639013,51.5222685],[-0.1638515,51.5222839]]]}},
{"type":"Feature","properties":{"highway":"footway","name":null,"category":"Footpath (pedestrian only)"},"geometry":{"type":"MultiLineString","coordinates":[[[-0.1638515,51.5222839],[-0.1638243,51.5222933]]]}},
{"type":"Feature","properties":{"highway":"footway","name":null,"category":"Footpath (pedestrian only)"},"geometry":{"type":"MultiLineString","coordinates":[[[-0.1639185,51.5220842],[-0.1639065,51.5220712],[-0.1638908,51.5220555]]]}},
{"type":"Feature","properties":{"highway":"footway","name":null,"category":"Footpath (pedestrian only)"},"geometry":{"type":"MultiLineString","coordinates":[[[-0.1638908,51.5220555],[-0.1638873,51.5220514]]]}},
{"type":"Feature","properties":{"highway":"footway","name":null,"category":"Footpath (pedestrian only)"},"geometry":{"type":"MultiLineString","coordinates":[[[-0.1647434,51.5218597],[-0.1647223,51.5218268],[-0.1647119,51.521814]]]}},
{"type":"Feature","properties":{"highway":"footway","name":null,"category":"Footpath (pedestrian only)"},"geometry":{"type":"MultiLineString","coordinates":[[[-0.1647119,51.521814],[-0.1647092,51.5218096]]]}},
{"type":"Feature","properties":{"highway":"footway","name":null,"category":"Footpath (pedestrian only)"},"geometry":{"type":"MultiLineString","coordinates":[[[-0.164748,51.5218656],[-0.1647434,51.5218597]]]}},
{"type":"Feature","properties":{"highway":"footway","name":"Lisson Grove","category":"Footpath (pedestrian only)"},"geometry":{"type":"MultiLineString","coordinates":[[[-0.1651275,51.5221511],[-0.1649477,51.521858],[-0.164544,51.5211792]]]}},
{"type":"Feature","properties":{"highway":"footway","name":"Lisson Grove","category":"Footpath (pedestrian only)"},"geometry":{"type":"MultiLineString","coordinates":[[[-0.1645078,51.5211155],[-0.1644681,51.5210479],[-0.1644754,51.5210399]]]}},
{"type":"Feature","properties":{"highway":"footway","name":null,"category":"Footpath (pedestrian only)"},"geometry":{"type":"MultiLineString","coordinates":[[[-0.164544,51.5211792],[-0.1645244,51.5211452],[-0.1645078,51.5211155]]]}},
{"type":"Feature","properties":{"highway":"footway","name":"Marylebone Road","category":"Footpath (pedestrian only)"},"geometry":{"type":"MultiLineString","coordinates":[[[-0.1640025,51.5211175],[-0.1638214,51.5211514],[-0.1632889,51.5212509],[-0.1632707,51.5212565],[-0.163258,51.5212709]]]}},
{"type":"Feature","properties":{"highway":"footway","name":null,"category":"Footpath (pedestrian only)"},"geometry":{"type":"MultiLineString","coordinates":[[[-0.1643211,51.5211328],[-0.1643154,51.5211245],[-0.1643101,51.5211165]]]}},
{"type":"Feature","properties":{"highway":"footway","name":null,"category":"Footpath (pedestrian only)"},"geometry":{"type":"MultiLineString","coordinates":[[[-0.1644532,51.5209289],[-0.1644718,51.5209637],[-0.1644902,51.5209998]]]}},
{"type":"Feature","properties":{"highway":"footway","name":null,"category":"Footpath (pedestrian only)"},"geometry":{"type":"MultiLineString","coordinates":[[[-0.1638136,51.5211364],[-0.1638214,51.5211514]]]}},
{"type":"Feature","properties":{"highway":"footway","name":"Lisson Grove","category":"Footpath (pedestrian only)"},"geometry":{"type":"MultiLineString","coordinates":[[[-0.1643101,51.5211165],[-0.1642935,51.5210937],[-0.1642836,51.5210805],[-0.1642718,51.5210762]]]}},
{"type":"Feature","properties":{"highway":"footway","name":null,"category":"Footpath (pedestrian only)"},"geometry":{"type":"MultiLineString","coordinates":[[[-0.1640342,51.5211116],[-0.1640175,51.5211147],[-0.1640025,51.5211175]]]}},
{"type":"Feature","properties":{"highway":"footway","name":null,"category":"Footpath (pedestrian only)"},"geometry":{"type":"MultiLineString","coordinates":[[[-0.1628979,51.522374],[-0.1627114,51.5224092],[-0.1626417,51.5224252],[-0.1625769,51.5224252],[-0.1625175,51.5224252],[-0.1624716,51.5224082],[-0.1623987,51.5223878],[-0.1622856,51.5224026],[-0.1622693,51.5224046],[-0.1622459,51.5224076],[-0.1622178,51.5223982],[-0.1621936,51.5223993]]]}},
{"type":"Feature","properties":{"highway":"footway","name":null,"category":"Footpath (pedestrian only)"},"geometry":{"type":"MultiLineString","coordinates":[[[-0.1622586,51.5223839],[-0.1622324,51.5223412],[-0.1622157,51.5223142]]]}},
{"type":"Feature","properties":{"highway":"footway","name":null,"category":"Footpath (pedestrian only)"},"geometry":{"type":"MultiLineString","coordinates":[[[-0.1624754,51.5222625],[-0.1630188,51.5221538],[-0.1635642,51.5220447],[-0.1635952,51.5220295],[-0.1635943,51.5220057],[-0.1635261,51.5219137],[-0.1631051,51.5213909],[-0.1630695,51.5213587]]]}},
{"type":"Feature","properties":{"highway":"footway","name":"Marylebone Road","category":"Footpath (pedestrian only)"},"geometry":{"type":"MultiLineString","coordinates":[[[-0.1632288,51.5212766],[-0.163258,51.5212709]]]}},
{"type":"Feature","properties":{"highway":"footway","name":null,"category":"Footpath (pedestrian only)"},"geometry":{"type":"MultiLineString","coordinates":[[[-0.1644397,51.5210551],[-0.1643462,51.5210799],[-0.1643137,51.5210887]]]}},
{"type":"Feature","properties":{"highway":"footway","name":null,"category":"Footpath (pedestrian only)"},"geometry":{"type":"MultiLineString","coordinates":[[[-0.1643137,51.5210887],[-0.1642935,51.5210937]]]}},
{"type":"Feature","properties":{"highway":"footway","name":null,"category":"Footpath (pedestrian only)"},"geometry":{"type":"MultiLineString","coordinates":[[[-0.1644681,51.5210479],[-0.1644397,51.5210551]]]}},
{"type":"Feature","properties":{"highway":"footway","name":null,"category":"Footpath (pedestrian only)"},"geometry":{"type":"MultiLineString","coordinates":[[[-0.1622157,51.5223142],[-0.1622082,51.5222959]]]}},
{"type":"Feature","properties":{"highway":"footway","name":null,"category":"Footpath (pedestrian only)"},"geometry":{"type":"MultiLineString","coordinates":[[[-0.1622693,51.5224046],[-0.1622586,51.5223839]]]}},
{"type":"Feature","properties":{"highway":"footway","name":null,"category":"Footpath (pedestrian only)"},"geometry":{"type":"MultiLineString","coordinates":[[[-0.1632288,51.5212766],[-0.163122,51.5212937],[-0.1630519,51.521305]]]}},
{"type":"Feature","properties":{"highway":"footway","name":null,"category":"Footpath (pedestrian only)"},"geometry":{"type":"MultiLineString","coordinates":[[[-0.1630519,51.521305],[-0.1630239,51.5213094]]]}},
{"type":"Feature","properties":{"highway":"footway","name":null,"category":"Footpath (pedestrian only)"},"geometry":{"type":"MultiLineString","coordinates":[[[-0.1630443,51.5213327],[-0.1630239,51.5213094],[-0.1630155,51.5213033],[-0.1630043,51.521301]]]}},
{"type":"Feature","properties":{"highway":"footway","name":null,"category":"Footpath (pedestrian only)"},"geometry":{"type":"MultiLineString","coordinates":[[[-0.1630695,51.5213587],[-0.163054,51.5213432],[-0.1630443,51.5213327]]]}},
{"type":"Feature","properties":{"highway":"footway","name":"Lisson Grove","category":"Footpath (pedestrian only)"},"geometry":{"type":"MultiLineString","coordinates":[[[-0.164511,51.5214172],[-0.1643211,51.5211328]]]}},
{"type":"Feature","properties":{"highway":"footway","name":null,"category":"Footpath (pedestrian only)"},"geometry":{"type":"MultiLineString","coordinates":[[[-0.1645905,51.5215926],[-0.1645866,51.5215879],[-0.1645832,51.5215839]]]}},
{"type":"Feature","properties":{"highway":"footway","name":null,"category":"Footpath (pedestrian only)"},"geometry":{"type":"MultiLineString","coordinates":[[[-0.1645832,51.5215839],[-0.164575,51.5215734],[-0.1646142,51.5215625],[-0.1645783,51.5215115],[-0.1645244,51.521435]]]}},
{"type":"Feature","properties":{"highway":"footway","name":null,"category":"Footpath (pedestrian only)"},"geometry":{"type":"MultiLineString","coordinates":[[[-0.1645244,51.521435],[-0.1645175,51.5214259],[-0.164511,51.5214172]]]}},
{"type":"Feature","properties":{"highway":"footway","name":null,"category":"Footpath (pedestrian only)"},"geometry":{"type":"MultiLineString","coordinates":[[[-0.1637137,51.5222184],[-0.1637017,51.5221938],[-0.1636614,51.5221257],[-0.1636113,51.5220461]]]}},
{"type":"Feature","properties":{"highway":"footway","name":null,"category":"Footpath (pedestrian only)"},"geometry":{"type":"MultiLineString","coordinates":[[[-0.1636113,51.5220461],[-0.1635952,51.5220295]]]}},
{"type":"Feature","properties":{"highway":"footway","name":null,"category":"Footpath (pedestrian only)"},"geometry":{"type":"MultiLineString","coordinates":[[[-0.1637201,51.5222355],[-0.1637137,51.5222184]]]}},
{"type":"Feature","properties":{"highway":"footway","name":null,"category":"Footpath (pedestrian only)"},"geometry":{"type":"MultiLineString","coordinates":[[[-0.1640065,51.522238],[-0.1639828,51.5222433]]]}},
{"type":"Feature","properties":{"highway":"footway","name":"Harewood Avenue","category":"Footpath (pedestrian only)"},"geometry":{"type":"MultiLineString","coordinates":[[[-0.1639185,51.5220842],[-0.1639356,51.5221025],[-0.1639282,51.5221176],[-0.1639299,51.5221331],[-0.1640065,51.522238],[-0.1640463,51.5222946]]]}},
{"type":"Feature","properties":{"highway":"footway","name":null,"category":"Footpath (pedestrian only)"},"geometry":{"type":"MultiLineString","coordinates":[[[-0.1640463,51.5222946],[-0.1640556,51.5223069],[-0.1640706,51.5223259]]]}},
{"type":"Feature","properties":{"highway":"footway","name":null,"category":"Footpath (pedestrian only)"},"geometry":{"type":"MultiLineString","coordinates":[[[-0.1625832,51.5213241],[-0.1626013,51.5213724]]]}},
{"type":"Feature","properties":{"highway":"footway","name":null,"category":"Footpath (pedestrian only)"},"geometry":{"type":"MultiLineString","coordinates":[[[-0.1625619,51.5212673],[-0.1625715,51.5212928],[-0.1625832,51.5213241]]]}},
{"type":"Feature","properties":{"highway":"footway","name":null,"category":"Footpath (pedestrian only)"},"geometry":{"type":"MultiLineString","coordinates":[[[-0.1624551,51.5163412],[-0.1625159,51.516328],[-0.1625868,51.5163155]]]}},
{"type":"Feature","properties":{"highway":"footway","name":null,"category":"Footpath (pedestrian only)"},"geometry":{"type":"MultiLineString","coordinates":[[[-0.162313,51.5157727],[-0.1623116,51.5159244],[-0.1623214,51.5160135],[-0.1624026,51.5162197],[-0.1623989,51.5162251],[-0.1623907,51.5162297],[-0.162378,51.5162322],[-0.1620416,51.5162841]]]}},
{"type":"Feature","properties":{"highway":"footway","name":null,"category":"Footpath (pedestrian only)"},"geometry":{"type":"MultiLineString","coordinates":[[[-0.162313,51.5157727],[-0.1623165,51.5157056],[-0.1623237,51.5156467]]]}},
{"type":"Feature","properties":{"highway":"footway","name":null,"category":"Footpath (pedestrian only)"},"geometry":{"type":"MultiLineString","coordinates":[[[-0.1623237,51.5156467],[-0.1623273,51.5156246],[-0.1623135,51.5155514],[-0.1623195,51.5155314],[-0.1623505,51.515514],[-0.1630208,51.5152507]]]}},
{"type":"Feature","properties":{"highway":"footway","name":null,"category":"Footpath (pedestrian only)"},"geometry":{"type":"MultiLineString","coordinates":[[[-0.1630978,51.5153018],[-0.1625139,51.5155385],[-0.1624612,51.5155805],[-0.1624214,51.515636],[-0.1624064,51.5156898],[-0.1624033,51.5157538],[-0.1624064,51.5159212],[-0.1624403,51.516043],[-0.1624513,51.5161112],[-0.1624763,51.516198],[-0.162486,51.5162084],[-0.1625034,51.5162105],[-0.162533,51.5162051],[-0.1634273,51.5160396],[-0.1634424,51.5160305],[-0.1634471,51.5160191],[-0.1634415,51.5160059],[-0.163288,51.5159088]]]}},
{"type":"Feature","properties":{"highway":"footway","name":null,"category":"Footpath (pedestrian only)"},"geometry":{"type":"MultiLineString","coordinates":[[[-0.1635787,51.5160156],[-0.1638155,51.5159676],[-0.1639329,51.5159308],[-0.1639474,51.5159138],[-0.1639473,51.5158983],[-0.1639437,51.515885],[-0.1639277,51.5158695],[-0.1630978,51.5153018],[-0.1630861,51.5152942]]]}},
{"type":"Feature","properties":{"highway":"footway","name":null,"category":"Footpath (pedestrian only)"},"geometry":{"type":"MultiLineString","coordinates":[[[-0.1635621,51.516019],[-0.1635105,51.5160232],[-0.1634553,51.5160291]]]}},
{"type":"Feature","properties":{"highway":"footway","name":null,"category":"Footpath (pedestrian only)"},"geometry":{"type":"MultiLineString","coordinates":[[[-0.1631115,51.5150404],[-0.1631339,51.5150732],[-0.1641264,51.5157632],[-0.1641522,51.5157792],[-0.1641751,51.5157844],[-0.1641992,51.5157806],[-0.1642288,51.5157715],[-0.164422,51.5156776]]]}},
{"type":"Feature","properties":{"highway":"footway","name":null,"category":"Footpath (pedestrian only)"},"geometry":{"type":"MultiLineString","coordinates":[[[-0.1647297,51.5154952],[-0.1647147,51.5155025],[-0.1645348,51.5156152]]]}},
{"type":"Feature","properties":{"highway":"footway","name":null,"category":"Footpath (pedestrian only)"},"geometry":{"type":"MultiLineString","coordinates":[[[-0.1645348,51.5156152],[-0.1644838,51.5156427],[-0.164422,51.5156776]]]}},
{"type":"Feature","properties":{"highway":"footway","name":null,"category":"Footpath (pedestrian only)"},"geometry":{"type":"MultiLineString","coordinates":[[[-0.1645476,51.5157415],[-0.164329,51.5158636],[-0.1643155,51.5158751],[-0.1643137,51.5158887],[-0.1643259,51.5159024],[-0.1643491,51.5159147],[-0.1643716,51.5159245],[-0.1655596,51.5167239],[-0.1656893,51.5168112],[-0.1657086,51.5168242]]]}},
{"type":"Feature","properties":{"highway":"footway","name":null,"category":"Footpath (pedestrian only)"},"geometry":{"type":"MultiLineString","coordinates":[[[-0.1652758,51.5153264],[-0.1651228,51.5154113]]]}},
{"type":"Feature","properties":{"highway":"footway","name":null,"category":"Footpath (pedestrian only)"},"geometry":{"type":"MultiLineString","coordinates":[[[-0.1641969,51.5157994],[-0.1642492,51.515833],[-0.1643024,51.5158672]]]}},
{"type":"Feature","properties":{"highway":"footway","name":null,"category":"Footpath (pedestrian only)"},"geometry":{"type":"MultiLineString","coordinates":[[[-0.164305,51.5159134],[-0.1642689,51.5159323],[-0.1642417,51.5159474]]]}},
{"type":"Feature","properties":{"highway":"footway","name":null,"category":"Footpath (pedestrian only)"},"geometry":{"type":"MultiLineString","coordinates":[[[-0.1646507,51.5156806],[-0.1646114,51.5157041],[-0.1645476,51.5157415]]]}},
{"type":"Feature","properties":{"highway":"footway","name":null,"category":"Footpath (pedestrian only)"},"geometry":{"type":"MultiLineString","coordinates":[[[-0.1640747,51.5160131],[-0.1637703,51.5160845],[-0.1637559,51.5160907],[-0.1637552,51.5161015],[-0.1637544,51.5161181],[-0.1638034,51.516188],[-0.1643834,51.5165658]]]}},
{"type":"Feature","properties":{"highway":"footway","name":null,"category":"Footpath (pedestrian only)"},"geometry":{"type":"MultiLineString","coordinates":[[[-0.1643834,51.5165658],[-0.1650449,51.5170206]]]}},
{"type":"Feature","properties":{"highway":"footway","name":null,"category":"Footpath (pedestrian only)"},"geometry":{"type":"MultiLineString","coordinates":[[[-0.1637552,51.5161015],[-0.1636605,51.5161161],[-0.1636043,51.5161242]]]}},
{"type":"Feature","properties":{"highway":"footway","name":null,"category":"Footpath (pedestrian only)"},"geometry":{"type":"MultiLineString","coordinates":[[[-0.1563047,51.5216916],[-0.1563116,51.521702],[-0.156539,51.5216571]]]}},
{"type":"Feature","properties":{"highway":"footway","name":null,"category":"Footpath (pedestrian only)"},"geometry":{"type":"MultiLineString","coordinates":[[[-0.1554534,51.5172937],[-0.1553268,51.5169994],[-0.1553204,51.5169854]]]}},
{"type":"Feature","properties":{"highway":"footway","name":null,"category":"Footpath (pedestrian only)"},"geometry":{"type":"MultiLineString","coordinates":[[[-0.1550497,51.5163667],[-0.1550553,51.516385],[-0.1550289,51.5163909],[-0.1550465,51.5164288]]]}},
{"type":"Feature","properties":{"highway":"footway","name":null,"category":"Footpath (pedestrian only)"},"geometry":{"type":"MultiLineString","coordinates":[[[-0.1548347,51.5164534],[-0.1548038,51.5164582],[-0.1547953,51.5164395]]]}},
{"type":"Feature","properties":{"highway":"footway","name":null,"category":"Footpath (pedestrian only)"},"geometry":{"type":"MultiLineString","coordinates":[[[-0.1556593,51.5204117],[-0.1556739,51.5204087],[-0.1556787,51.5204202],[-0.1558117,51.5203957],[-0.1558193,51.5204124]]]}},
{"type":"Feature","properties":{"highway":"footway","name":null,"category":"Footpath (pedestrian only)"},"geometry":{"type":"MultiLineString","coordinates":[[[-0.156093,51.5204663],[-0.1558678,51.5205097],[-0.1558592,51.5204947]]]}},
{"type":"Feature","properties":{"highway":"footway","name":null,"category":"Footpath (pedestrian only)"},"geometry":{"type":"MultiLineString","coordinates":[[[-0.1554822,51.5204727],[-0.1554715,51.5204537],[-0.1555484,51.5204358]]]}},
{"type":"Feature","properties":{"highway":"footway","name":null,"category":"Footpath (pedestrian only)"},"geometry":{"type":"MultiLineString","coordinates":[[[-0.1556256,51.5205539],[-0.155599,51.5205584],[-0.1555331,51.520569],[-0.1555267,51.5205554]]]}},
{"type":"Feature","properties":{"highway":"footway","name":null,"category":"Footpath (pedestrian only)"},"geometry":{"type":"MultiLineString","coordinates":[[[-0.1562667,51.5195592],[-0.1562416,51.5195635],[-0.156231,51.5195339],[-0.156167,51.5195467],[-0.1561603,51.5195304]]]}},
{"type":"Feature","properties":{"highway":"footway","name":null,"category":"Footpath (pedestrian only)"},"geometry":{"type":"MultiLineString","coordinates":[[[-0.1564102,51.5195348],[-0.1564354,51.5195308],[-0.1564231,51.5195015],[-0.1564944,51.5194858],[-0.1564861,51.5194746]]]}},
{"type":"Feature","properties":{"highway":"footway","name":null,"category":"Footpath (pedestrian only)"},"geometry":{"type":"MultiLineString","coordinates":[[[-0.1564564,51.5194073],[-0.1564414,51.5193714],[-0.1563957,51.5193774],[-0.156352,51.5193839]]]}},
{"type":"Feature","properties":{"highway":"footway","name":null,"category":"Footpath (pedestrian only)"},"geometry":{"type":"MultiLineString","coordinates":[[[-0.1553085,51.5196933],[-0.1552968,51.519695],[-0.1552843,51.5196973]]]}},
{"type":"Feature","properties":{"highway":"footway","name":null,"category":"Footpath (pedestrian only)"},"geometry":{"type":"MultiLineString","coordinates":[[[-0.155183,51.5197179],[-0.1551503,51.5197083],[-0.1551462,51.5196997]]]}},
{"type":"Feature","properties":{"highway":"footway","name":null,"category":"Footpath (pedestrian only)"},"geometry":{"type":"MultiLineString","coordinates":[[[-0.1556561,51.5182167],[-0.1556272,51.5182222],[-0.15562,51.5182048],[-0.1555767,51.5182107],[-0.1555688,51.5181912]]]}},
{"type":"Feature","properties":{"highway":"footway","name":null,"category":"Footpath (pedestrian only)"},"geometry":{"type":"MultiLineString","coordinates":[[[-0.1558088,51.5181917],[-0.1558404,51.5181854],[-0.1558314,51.518165],[-0.1558761,51.5181589],[-0.1558688,51.5181401]]]}},
{"type":"Feature","properties":{"highway":"footway","name":null,"category":"Footpath (pedestrian only)"},"geometry":{"type":"MultiLineString","coordinates":[[[-0.1586775,51.5223779],[-0.1586826,51.5223892],[-0.1586872,51.522399]]]}},
{"type":"Feature","properties":{"highway":"footway","name":null,"category":"Footpath (pedestrian only)"},"geometry":{"type":"MultiLineString","coordinates":[[[-0.1588448,51.5223054],[-0.1588285,51.5222717],[-0.1588195,51.5222519]]]}},
{"type":"Feature","properties":{"highway":"footway","name":null,"category":"Footpath (pedestrian only)"},"geometry":{"type":"MultiLineString","coordinates":[[[-0.1592432,51.5210984],[-0.1592249,51.5210575],[-0.1590216,51.520603],[-0.159004,51.5205953],[-0.1589827,51.5205953],[-0.1589779,51.5205853]]]}},
{"type":"Feature","properties":{"highway":"footway","name":null,"category":"Footpath (pedestrian only)"},"geometry":{"type":"MultiLineString","coordinates":[[[-0.1580644,51.5169451],[-0.1576463,51.5170185]]]}},
{"type":"Feature","properties":{"highway":"footway","name":null,"category":"Footpath (pedestrian only)"},"geometry":{"type":"MultiLineString","coordinates":[[[-0.1581485,51.5169303],[-0.1581087,51.5169372],[-0.1580644,51.5169451]]]}},
{"type":"Feature","properties":{"highway":"footway","name":null,"category":"Footpath (pedestrian only)"},"geometry":{"type":"MultiLineString","coordinates":[[[-0.1572975,51.5162864],[-0.1571889,51.5160555],[-0.1571745,51.5160251]]]}},
{"type":"Feature","properties":{"highway":"footway","name":null,"category":"Footpath (pedestrian only)"},"geometry":{"type":"MultiLineString","coordinates":[[[-0.157325,51.5163441],[-0.1573123,51.5163179],[-0.1572975,51.5162864]]]}},
{"type":"Feature","properties":{"highway":"footway","name":null,"category":"Footpath (pedestrian only)"},"geometry":{"type":"MultiLineString","coordinates":[[[-0.1573568,51.5164099],[-0.157325,51.5163441]]]}},
{"type":"Feature","properties":{"highway":"footway","name":null,"category":"Footpath (pedestrian only)"},"geometry":{"type":"MultiLineString","coordinates":[[[-0.1573835,51.5164658],[-0.1573712,51.5164398],[-0.1573568,51.5164099]]]}},
{"type":"Feature","properties":{"highway":"footway","name":null,"category":"Footpath (pedestrian only)"},"geometry":{"type":"MultiLineString","coordinates":[[[-0.1571061,51.5159134],[-0.157124,51.5159106],[-0.1573768,51.5158665]]]}},
{"type":"Feature","properties":{"highway":"footway","name":null,"category":"Footpath (pedestrian only)"},"geometry":{"type":"MultiLineString","coordinates":[[[-0.1573768,51.5158665],[-0.1574113,51.5158605],[-0.157441,51.5158554]]]}},
{"type":"Feature","properties":{"highway":"footway","name":null,"category":"Footpath (pedestrian only)"},"geometry":{"type":"MultiLineString","coordinates":[[[-0.1529325,51.52076],[-0.1529378,51.5207769],[-0.1529895,51.5212751],[-0.1529718,51.521276],[-0.1529027,51.5212803],[-0.1520849,51.521321]]]}},
{"type":"Feature","properties":{"highway":"footway","name":null,"category":"Footpath (pedestrian only)"},"geometry":{"type":"MultiLineString","coordinates":[[[-0.1536531,51.5213385],[-0.1536253,51.5213381],[-0.1535675,51.5213391]]]}},
{"type":"Feature","properties":{"highway":"footway","name":null,"category":"Footpath (pedestrian only)"},"geometry":{"type":"MultiLineString","coordinates":[[[-0.153736,51.5225078],[-0.1535679,51.5213571],[-0.1535675,51.5213391],[-0.153495,51.5213404],[-0.1531832,51.5213545],[-0.1531587,51.5213691],[-0.1531647,51.5214517],[-0.1533109,51.522424]]]}},
{"type":"Feature","properties":{"highway":"footway","name":null,"category":"Footpath (pedestrian only)"},"geometry":{"type":"MultiLineString","coordinates":[[[-0.1531819,51.5212764],[-0.1531829,51.5213065],[-0.153183,51.5213447]]]}},
{"type":"Feature","properties":{"highway":"footway","name":null,"category":"Footpath (pedestrian only)"},"geometry":{"type":"MultiLineString","coordinates":[[[-0.1531399,51.5213693],[-0.1530878,51.5213698],[-0.1529986,51.5213706],[-0.1529837,51.5213708]]]}},
{"type":"Feature","properties":{"highway":"footway","name":null,"category":"Footpath (pedestrian only)"},"geometry":{"type":"MultiLineString","coordinates":[[[-0.1681235,51.5247607],[-0.1681154,51.524788],[-0.1681079,51.5248338],[-0.1679782,51.5249028],[-0.1678032,51.5250047],[-0.1675561,51.5251274],[-0.1671869,51.5253289],[-0.1671457,51.525311],[-0.1671222,51.5253127],[-0.1671102,51.5253188],[-0.167101,51.5253277],[-0.1671049,51.5253435],[-0.167113,51.5253687],[-0.166962,51.5254496],[-0.1668074,51.5255325]]]}},
{"type":"Feature","properties":{"highway":"footway","name":null,"category":"Footpath (pedestrian only)"},"geometry":{"type":"MultiLineString","coordinates":[[[-0.1681315,51.5247544],[-0.1682212,51.5246987],[-0.1682634,51.5246719]]]}},
{"type":"Feature","properties":{"highway":"footway","name":"Rossmore Road","category":"Footpath (pedestrian only)"},"geometry":{"type":"MultiLineString","coordinates":[[[-0.1673456,51.524172],[-0.1672894,51.5241735],[-0.1671881,51.5241994],[-0.1663773,51.5246227],[-0.1659816,51.5247903],[-0.1658001,51.5248587],[-0.1656657,51.5249091],[-0.1656514,51.5249141]]]}},
{"type":"Feature","properties":{"highway":"footway","name":null,"category":"Footpath (pedestrian only)"},"geometry":{"type":"MultiLineString","coordinates":[[[-0.1682593,51.5248548],[-0.1682168,51.5248364],[-0.1681456,51.5247962]]]}},
{"type":"Feature","properties":{"highway":"footway","name":null,"category":"Footpath (pedestrian only)"},"geometry":{"type":"MultiLineString","coordinates":[[[-0.1657781,51.5248365],[-0.1657511,51.5248054],[-0.165724,51.5247743]]]}},
{"type":"Feature","properties":{"highway":"footway","name":null,"category":"Footpath (pedestrian only)"},"geometry":{"type":"MultiLineString","coordinates":[[[-0.1657781,51.5248365],[-0.1658001,51.5248587]]]}},
{"type":"Feature","properties":{"highway":"footway","name":null,"category":"Footpath (pedestrian only)"},"geometry":{"type":"MultiLineString","coordinates":[[[-0.1658768,51.5251227],[-0.1659754,51.525175],[-0.1660059,51.5251964]]]}},
{"type":"Feature","properties":{"highway":"footway","name":"Lilestone Street","category":"Footpath (pedestrian only)"},"geometry":{"type":"MultiLineString","coordinates":[[[-0.1660059,51.5251964],[-0.1660178,51.5252046],[-0.1662808,51.52543],[-0.1663161,51.5254966],[-0.1663791,51.5256]]]}},
{"type":"Feature","properties":{"highway":"footway","name":"Lilestone Street","category":"Footpath (pedestrian only)"},"geometry":{"type":"MultiLineString","coordinates":[[[-0.1655137,51.5249617],[-0.1655401,51.5249673],[-0.1655663,51.524978],[-0.165594,51.5249971],[-0.1656217,51.5250198],[-0.1656446,51.5250401],[-0.1657315,51.5251329],[-0.1659668,51.5253274],[-0.1662551,51.525566],[-0.1662848,51.5255922],[-0.1662897,51.5256061]]]}},
{"type":"Feature","properties":{"highway":"footway","name":null,"category":"Footpath (pedestrian only)"},"geometry":{"type":"MultiLineString","coordinates":[[[-0.1655505,51.5249454],[-0.1656057,51.5249289],[-0.1656514,51.5249141]]]}},
{"type":"Feature","properties":{"highway":"footway","name":null,"category":"Footpath (pedestrian only)"},"geometry":{"type":"MultiLineString","coordinates":[[[-0.165609,51.5247704],[-0.1655262,51.5247921],[-0.1654574,51.5248067]]]}},
{"type":"Feature","properties":{"highway":"footway","name":"Rossmore Road","category":"Footpath (pedestrian only)"},"geometry":{"type":"MultiLineString","coordinates":[[[-0.1654361,51.5248244],[-0.1653998,51.5248396],[-0.1653684,51.5248498],[-0.1650837,51.5249272],[-0.1647701,51.5249829]]]}},
{"type":"Feature","properties":{"highway":"footway","name":null,"category":"Footpath (pedestrian only)"},"geometry":{"type":"MultiLineString","coordinates":[[[-0.1654052,51.5248504],[-0.1654372,51.5249023],[-0.1654706,51.5249554]]]}},
{"type":"Feature","properties":{"highway":"footway","name":"Harewood Avenue","category":"Footpath (pedestrian only)"},"geometry":{"type":"MultiLineString","coordinates":[[[-0.1654361,51.5248244],[-0.1654409,51.5248115],[-0.1653538,51.5246255]]]}},
{"type":"Feature","properties":{"highway":"footway","name":null,"category":"Footpath (pedestrian only)"},"geometry":{"type":"MultiLineString","coordinates":[[[-0.1653538,51.5246255],[-0.1653382,51.5245902],[-0.1653181,51.5245447]]]}},
{"type":"Feature","properties":{"highway":"footway","name":"Harewood Avenue","category":"Footpath (pedestrian only)"},"geometry":{"type":"MultiLineString","coordinates":[[[-0.1653181,51.5245447],[-0.1652585,51.524403],[-0.1651232,51.524131]]]}},
{"type":"Feature","properties":{"highway":"footway","name":"Harewood Avenue","category":"Footpath (pedestrian only)"},"geometry":{"type":"MultiLineString","coordinates":[[[-0.1653175,51.5241146],[-0.165495,51.5245215],[-0.1654995,51.5245319]]]}},
{"type":"Feature","properties":{"highway":"footway","name":null,"category":"Footpath (pedestrian only)"},"geometry":{"type":"MultiLineString","coordinates":[[[-0.165543,51.5246325],[-0.1655245,51.5245861],[-0.1655129,51.524561],[-0.1654995,51.5245319]]]}},
{"type":"Feature","properties":{"highway":"footway","name":"Broadley Terrace","category":"Footpath (pedestrian only)"},"geometry":{"type":"MultiLineString","coordinates":[[[-0.1655588,51.5246385],[-0.1656111,51.5245957],[-0.1665518,51.5241126]]]}},
{"type":"Feature","properties":{"highway":"footway","name":"Broadley Terrace","category":"Footpath (pedestrian only)"},"geometry":{"type":"MultiLineString","coordinates":[[[-0.165495,51.5245215],[-0.1655544,51.5245213],[-0.1660164,51.5242797],[-0.1663577,51.5240885]]]}},
{"type":"Feature","properties":{"highway":"footway","name":null,"category":"Footpath (pedestrian only)"},"geometry":{"type":"MultiLineString","coordinates":[[[-0.1673284,51.5241633],[-0.1672289,51.5241018],[-0.1671829,51.5240684]]]}},
{"type":"Feature","properties":{"highway":"footway","name":null,"category":"Footpath (pedestrian only)"},"geometry":{"type":"MultiLineString","coordinates":[[[-0.1647701,51.5249829],[-0.1641631,51.5250921],[-0.1640925,51.5251048]]]}},
{"type":"Feature","properties":{"highway":"footway","name":null,"category":"Footpath (pedestrian only)"},"geometry":{"type":"MultiLineString","coordinates":[[[-0.1629317,51.5251726],[-0.1633947,51.5250977],[-0.163416,51.525094],[-0.1629393,51.5241037]]]}},
{"type":"Feature","properties":{"highway":"footway","name":null,"category":"Footpath (pedestrian only)"},"geometry":{"type":"MultiLineString","coordinates":[[[-0.1629317,51.5251726],[-0.162432,51.5241537],[-0.1625896,51.5241219]]]}},
{"type":"Feature","properties":{"highway":"footway","name":null,"category":"Footpath (pedestrian only)"},"geometry":{"type":"MultiLineString","coordinates":[[[-0.1627821,51.5251988],[-0.1622814,51.5241851],[-0.162264,51.5241854],[-0.1620269,51.5242332]]]}},
{"type":"Feature","properties":{"highway":"footway","name":null,"category":"Footpath (pedestrian only)"},"geometry":{"type":"MultiLineString","coordinates":[[[-0.1634798,51.5250975],[-0.1635053,51.525088],[-0.1630477,51.5241018]]]}},
{"type":"Feature","properties":{"highway":"footway","name":null,"category":"Footpath (pedestrian only)"},"geometry":{"type":"MultiLineString","coordinates":[[[-0.16242,51.5241559],[-0.1623525,51.5241711],[-0.1623022,51.5241812]]]}},
{"type":"Feature","properties":{"highway":"footway","name":"Manchester Square","category":"Footpath (pedestrian only)"},"geometry":{"type":"MultiLineString","coordinates":[[[-0.1532459,51.5165892],[-0.1532431,51.5165829],[-0.1531147,51.5162966],[-0.1525721,51.5164075]]]}},
{"type":"Feature","properties":{"highway":"footway","name":"Manchester Square","category":"Footpath (pedestrian only)"},"geometry":{"type":"MultiLineString","coordinates":[[[-0.1532898,51.5166804],[-0.1532712,51.5166455],[-0.1532459,51.5165892]]]}},
{"type":"Feature","properties":{"highway":"footway","name":"Manchester Square","category":"Footpath (pedestrian only)"},"geometry":{"type":"MultiLineString","coordinates":[[[-0.1532708,51.5170261],[-0.1534359,51.5169976],[-0.1533129,51.5167213],[-0.1532978,51.5166922]]]}},
{"type":"Feature","properties":{"highway":"footway","name":"Manchester Square","category":"Footpath (pedestrian only)"},"geometry":{"type":"MultiLineString","coordinates":[[[-0.1531353,51.5170527],[-0.1531942,51.5170413],[-0.1532564,51.5170293]]]}},
{"type":"Feature","properties":{"highway":"footway","name":null,"category":"Footpath (pedestrian only)"},"geometry":{"type":"MultiLineString","coordinates":[[[-0.1532708,51.5170261],[-0.1533813,51.5172769]]]}},
{"type":"Feature","properties":{"highway":"footway","name":null,"category":"Footpath (pedestrian only)"},"geometry":{"type":"MultiLineString","coordinates":[[[-0.1531196,51.5170559],[-0.1532443,51.5173037]]]}},
{"type":"Feature","properties":{"highway":"footway","name":"Manchester Square","category":"Footpath (pedestrian only)"},"geometry":{"type":"MultiLineString","coordinates":[[[-0.1526567,51.5171445],[-0.1530118,51.5170761]]]}},
{"type":"Feature","properties":{"highway":"footway","name":"Manchester Square","category":"Footpath (pedestrian only)"},"geometry":{"type":"MultiLineString","coordinates":[[[-0.1524317,51.5171915],[-0.1524963,51.5171781],[-0.1525556,51.5171659]]]}},
{"type":"Feature","properties":{"highway":"footway","name":null,"category":"Footpath (pedestrian only)"},"geometry":{"type":"MultiLineString","coordinates":[[[-0.1525668,51.5171627],[-0.1526448,51.5173159],[-0.1528974,51.5178176],[-0.1534415,51.5177271],[-0.1534584,51.5176986],[-0.1532443,51.5173037]]]}},
{"type":"Feature","properties":{"highway":"footway","name":null,"category":"Footpath (pedestrian only)"},"geometry":{"type":"MultiLineString","coordinates":[[[-0.1524172,51.5171943],[-0.1524721,51.5173228]]]}},
{"type":"Feature","properties":{"highway":"footway","name":null,"category":"Footpath (pedestrian only)"},"geometry":{"type":"MultiLineString","coordinates":[[[-0.1520321,51.5167798],[-0.1520134,51.5167893],[-0.1514353,51.5168636],[-0.1513928,51.5168596],[-0.1513827,51.5168392],[-0.151098,51.5160773]]]}},
{"type":"Feature","properties":{"highway":"footway","name":null,"category":"Footpath (pedestrian only)"},"geometry":{"type":"MultiLineString","coordinates":[[[-0.1520811,51.5168834],[-0.1520574,51.5168878],[-0.1514642,51.5169728],[-0.1513679,51.5169868]]]}},
{"type":"Feature","properties":{"highway":"footway","name":"Manchester Square","category":"Footpath (pedestrian only)"},"geometry":{"type":"MultiLineString","coordinates":[[[-0.1520811,51.5168834],[-0.1522319,51.517229],[-0.1524172,51.5171943]]]}},
{"type":"Feature","properties":{"highway":"footway","name":"Manchester Square","category":"Footpath (pedestrian only)"},"geometry":{"type":"MultiLineString","coordinates":[[[-0.152016,51.5167987],[-0.1520305,51.5168295],[-0.1520519,51.5168784]]]}},
{"type":"Feature","properties":{"highway":"footway","name":null,"category":"Footpath (pedestrian only)"},"geometry":{"type":"MultiLineString","coordinates":[[[-0.1509957,51.5169283],[-0.1511309,51.5169079],[-0.1511835,51.5168996],[-0.1512123,51.5168815],[-0.1512071,51.5168555],[-0.1509272,51.5161032],[-0.1509176,51.5160792],[-0.1508757,51.5160858],[-0.1505836,51.5161319],[-0.150516,51.5161441],[-0.1500795,51.5162237],[-0.1500761,51.5162416],[-0.1501022,51.5162627],[-0.1502169,51.5163152],[-0.150302,51.5163575],[-0.1503842,51.5164149],[-0.1504548,51.5164722],[-0.1505189,51.5165129],[-0.1505644,51.5165894],[-0.1505829,51.5166292],[-0.1506083,51.5166345]]]}},
{"type":"Feature","properties":{"highway":"footway","name":null,"category":"Footpath (pedestrian only)"},"geometry":{"type":"MultiLineString","coordinates":[[[-0.1514607,51.5169635],[-0.1514501,51.5169262],[-0.1514354,51.5168743]]]}},
{"type":"Feature","properties":{"highway":"footway","name":null,"category":"Footpath (pedestrian only)"},"geometry":{"type":"MultiLineString","coordinates":[[[-0.1512339,51.5168785],[-0.1512941,51.5168711],[-0.1513737,51.5168613]]]}},
{"type":"Feature","properties":{"highway":"footway","name":null,"category":"Footpath (pedestrian only)"},"geometry":{"type":"MultiLineString","coordinates":[[[-0.1511699,51.5170077],[-0.1511555,51.516969],[-0.1511385,51.5169234]]]}},
{"type":"Feature","properties":{"highway":"footway","name":null,"category":"Footpath (pedestrian only)"},"geometry":{"type":"MultiLineString","coordinates":[[[-0.1512038,51.5170168],[-0.1511721,51.5170199],[-0.1507724,51.5170729],[-0.1508368,51.5172915]]]}},
{"type":"Feature","properties":{"highway":"footway","name":null,"category":"Footpath (pedestrian only)"},"geometry":{"type":"MultiLineString","coordinates":[[[-0.1509193,51.5156413],[-0.1510357,51.515897],[-0.1510426,51.5159113],[-0.1510917,51.5159032],[-0.1520154,51.5157431]]]}},
{"type":"Feature","properties":{"highway":"footway","name":null,"category":"Footpath (pedestrian only)"},"geometry":{"type":"MultiLineString","coordinates":[[[-0.1521851,51.5156863],[-0.1520737,51.5154425]]]}},
{"type":"Feature","properties":{"highway":"footway","name":null,"category":"Footpath (pedestrian only)"},"geometry":{"type":"MultiLineString","coordinates":[[[-0.1520303,51.5157115],[-0.1518035,51.5152688],[-0.1508348,51.5154456],[-0.150898,51.5155949]]]}},
{"type":"Feature","properties":{"highway":"footway","name":null,"category":"Footpath (pedestrian only)"},"geometry":{"type":"MultiLineString","coordinates":[[[-0.1501985,51.5143393],[-0.1505246,51.5150144],[-0.1507741,51.5155572],[-0.1509245,51.5159172],[-0.1509253,51.515929],[-0.1509204,51.5159388],[-0.1509083,51.5159463],[-0.1508334,51.5159596],[-0.15054,51.5160143]]]}},
{"type":"Feature","properties":{"highway":"footway","name":null,"category":"Footpath (pedestrian only)"},"geometry":{"type":"MultiLineString","coordinates":[[[-0.1509409,51.5159149],[-0.1510013,51.5159036],[-0.1510263,51.5158988]]]}},
{"type":"Feature","properties":{"highway":"footway","name":null,"category":"Footpath (pedestrian only)"},"geometry":{"type":"MultiLineString","coordinates":[[[-0.1511414,51.5160315],[-0.1511163,51.5159656],[-0.1510968,51.5159162]]]}},
{"type":"Feature","properties":{"highway":"footway","name":null,"category":"Footpath (pedestrian only)"},"geometry":{"type":"MultiLineString","coordinates":[[[-0.1508757,51.5160858],[-0.1508549,51.5160266],[-0.150839,51.5159758]]]}},
{"type":"Feature","properties":{"highway":"footway","name":null,"category":"Footpath (pedestrian only)"},"geometry":{"type":"MultiLineString","coordinates":[[[-0.1509272,51.5161032],[-0.1510408,51.5160866],[-0.1510893,51.5160787]]]}},
{"type":"Feature","properties":{"highway":"footway","name":"Manchester Square","category":"Footpath (pedestrian only)"},"geometry":{"type":"MultiLineString","coordinates":[[[-0.1530548,51.5170676],[-0.1531196,51.5170559]]]}},
{"type":"Feature","properties":{"highway":"footway","name":"Manchester Square","category":"Footpath (pedestrian only)"},"geometry":{"type":"MultiLineString","coordinates":[[[-0.1530118,51.5170761],[-0.1530335,51.5170718],[-0.1530548,51.5170676]]]}},
{"type":"Feature","properties":{"highway":"footway","name":"Manchester Square","category":"Footpath (pedestrian only)"},"geometry":{"type":"MultiLineString","coordinates":[[[-0.1525668,51.5171627],[-0.1526145,51.5171525]]]}},
{"type":"Feature","properties":{"highway":"footway","name":"Manchester Square","category":"Footpath (pedestrian only)"},"geometry":{"type":"MultiLineString","coordinates":[[[-0.1526145,51.5171525],[-0.1526353,51.5171486],[-0.1526567,51.5171445]]]}},
{"type":"Feature","properties":{"highway":"footway","name":null,"category":"Footpath (pedestrian only)"},"geometry":{"type":"MultiLineString","coordinates":[[[-0.1513745,51.5170135],[-0.1513412,51.5170163]]]}},
{"type":"Feature","properties":{"highway":"footway","name":null,"category":"Footpath (pedestrian only)"},"geometry":{"type":"MultiLineString","coordinates":[[[-0.1512295,51.5170274],[-0.1512082,51.5170305]]]}},
{"type":"Feature","properties":{"highway":"footway","name":null,"category":"Footpath (pedestrian only)"},"geometry":{"type":"MultiLineString","coordinates":[[[-0.1511699,51.5170077],[-0.1511721,51.5170199]]]}},
{"type":"Feature","properties":{"highway":"footway","name":null,"category":"Footpath (pedestrian only)"},"geometry":{"type":"MultiLineString","coordinates":[[[-0.1511385,51.5169234],[-0.1511309,51.5169079]]]}},
{"type":"Feature","properties":{"highway":"footway","name":null,"category":"Footpath (pedestrian only)"},"geometry":{"type":"MultiLineString","coordinates":[[[-0.1512339,51.5168785],[-0.1512123,51.5168815]]]}},
{"type":"Feature","properties":{"highway":"footway","name":null,"category":"Footpath (pedestrian only)"},"geometry":{"type":"MultiLineString","coordinates":[[[-0.1513928,51.5168596],[-0.1513737,51.5168613]]]}},
{"type":"Feature","properties":{"highway":"footway","name":null,"category":"Footpath (pedestrian only)"},"geometry":{"type":"MultiLineString","coordinates":[[[-0.1514354,51.5168743],[-0.1514353,51.5168636]]]}},
{"type":"Feature","properties":{"highway":"footway","name":null,"category":"Footpath (pedestrian only)"},"geometry":{"type":"MultiLineString","coordinates":[[[-0.1514642,51.5169728],[-0.1514607,51.5169635]]]}},
{"type":"Feature","properties":{"highway":"footway","name":null,"category":"Footpath (pedestrian only)"},"geometry":{"type":"MultiLineString","coordinates":[[[-0.152016,51.5167987],[-0.1520134,51.5167893]]]}},
{"type":"Feature","properties":{"highway":"footway","name":null,"category":"Footpath (pedestrian only)"},"geometry":{"type":"MultiLineString","coordinates":[[[-0.1520574,51.5168878],[-0.1520519,51.5168784]]]}},
{"type":"Feature","properties":{"highway":"footway","name":null,"category":"Footpath (pedestrian only)"},"geometry":{"type":"MultiLineString","coordinates":[[[-0.1523047,51.5158448],[-0.1536695,51.5156235]]]}},
{"type":"Feature","properties":{"highway":"footway","name":null,"category":"Footpath (pedestrian only)"},"geometry":{"type":"MultiLineString","coordinates":[[[-0.1537185,51.5156153],[-0.1543949,51.5155046],[-0.1544154,51.5155013]]]}},
{"type":"Feature","properties":{"highway":"footway","name":null,"category":"Footpath (pedestrian only)"},"geometry":{"type":"MultiLineString","coordinates":[[[-0.1537185,51.5156153],[-0.153697,51.5156189],[-0.1536695,51.5156235]]]}},
{"type":"Feature","properties":{"highway":"footway","name":null,"category":"Footpath (pedestrian only)"},"geometry":{"type":"MultiLineString","coordinates":[[[-0.1522399,51.5157045],[-0.1543142,51.5153595],[-0.1543426,51.5153548]]]}},
{"type":"Feature","properties":{"highway":"footway","name":null,"category":"Footpath (pedestrian only)"},"geometry":{"type":"MultiLineString","coordinates":[[[-0.1534014,51.5172735],[-0.1534066,51.5172828]]]}},
{"type":"Feature","properties":{"highway":"footway","name":null,"category":"Footpath (pedestrian only)"},"geometry":{"type":"MultiLineString","coordinates":[[[-0.1534066,51.5172828],[-0.1534198,51.5173096],[-0.1534347,51.5173397]]]}},
{"type":"Feature","properties":{"highway":"footway","name":null,"category":"Footpath (pedestrian only)"},"geometry":{"type":"MultiLineString","coordinates":[[[-0.1532708,51.5170261],[-0.1532564,51.5170293]]]}},
{"type":"Feature","properties":{"highway":"footway","name":null,"category":"Footpath (pedestrian only)"},"geometry":{"type":"MultiLineString","coordinates":[[[-0.1531353,51.5170527],[-0.1531196,51.5170559]]]}},
{"type":"Feature","properties":{"highway":"footway","name":null,"category":"Footpath (pedestrian only)"},"geometry":{"type":"MultiLineString","coordinates":[[[-0.1525668,51.5171627],[-0.1525556,51.5171659]]]}},
{"type":"Feature","properties":{"highway":"footway","name":null,"category":"Footpath (pedestrian only)"},"geometry":{"type":"MultiLineString","coordinates":[[[-0.1524317,51.5171915],[-0.1524172,51.5171943]]]}},
{"type":"Feature","properties":{"highway":"footway","name":null,"category":"Footpath (pedestrian only)"},"geometry":{"type":"MultiLineString","coordinates":[[[-0.1520737,51.5154425],[-0.1520543,51.5154043],[-0.1520484,51.5153925]]]}},
{"type":"Feature","properties":{"highway":"footway","name":null,"category":"Footpath (pedestrian only)"},"geometry":{"type":"MultiLineString","coordinates":[[[-0.1520484,51.5153925],[-0.1520417,51.5153793],[-0.151467,51.5142394]]]}},
{"type":"Feature","properties":{"highway":"footway","name":null,"category":"Footpath (pedestrian only)"},"geometry":{"type":"MultiLineString","coordinates":[[[-0.1525506,51.5140053],[-0.1525325,51.5139488]]]}},
{"type":"Feature","properties":{"highway":"footway","name":null,"category":"Footpath (pedestrian only)"},"geometry":{"type":"MultiLineString","coordinates":[[[-0.1525849,51.5141085],[-0.1525719,51.5140711]]]}},
{"type":"Feature","properties":{"highway":"footway","name":null,"category":"Footpath (pedestrian only)"},"geometry":{"type":"MultiLineString","coordinates":[[[-0.15104,51.5149843],[-0.1506563,51.5150518],[-0.1508077,51.5153681],[-0.151004,51.5153325],[-0.1517592,51.5151969],[-0.1516139,51.5148837],[-0.15104,51.5149843]]]}},
{"type":"Feature","properties":{"highway":"footway","name":null,"category":"Footpath (pedestrian only)"},"geometry":{"type":"MultiLineString","coordinates":[[[-0.1517989,51.5152619],[-0.1517744,51.5152253],[-0.1517624,51.5152029]]]}},
{"type":"Feature","properties":{"highway":"footway","name":null,"category":"Footpath (pedestrian only)"},"geometry":{"type":"MultiLineString","coordinates":[[[-0.1512735,51.514252],[-0.151314,51.5142951],[-0.1515527,51.5147918],[-0.1510449,51.5148922]]]}},
{"type":"Feature","properties":{"highway":"footway","name":null,"category":"Footpath (pedestrian only)"},"geometry":{"type":"MultiLineString","coordinates":[[[-0.1515527,51.5147918],[-0.1515592,51.5148]]]}},
{"type":"Feature","properties":{"highway":"footway","name":null,"category":"Footpath (pedestrian only)"},"geometry":{"type":"MultiLineString","coordinates":[[[-0.1516139,51.5148837],[-0.1516032,51.5148718]]]}},
{"type":"Feature","properties":{"highway":"footway","name":null,"category":"Footpath (pedestrian only)"},"geometry":{"type":"MultiLineString","coordinates":[[[-0.1516032,51.5148718],[-0.1515807,51.5148351],[-0.1515592,51.5148]]]}},
{"type":"Feature","properties":{"highway":"footway","name":null,"category":"Footpath (pedestrian only)"},"geometry":{"type":"MultiLineString","coordinates":[[[-0.1514073,51.5140853],[-0.1513827,51.5140692],[-0.1512316,51.5137864]]]}},
{"type":"Feature","properties":{"highway":"footway","name":null,"category":"Footpath (pedestrian only)"},"geometry":{"type":"MultiLineString","coordinates":[[[-0.1512258,51.5141074],[-0.1511803,51.5140567],[-0.1510639,51.5137801]]]}},
{"type":"Feature","properties":{"highway":"footway","name":null,"category":"Footpath (pedestrian only)"},"geometry":{"type":"MultiLineString","coordinates":[[[-0.1506252,51.5166604],[-0.1506077,51.5166762],[-0.1507376,51.5169654],[-0.1509957,51.5169283]]]}},
{"type":"Feature","properties":{"highway":"footway","name":null,"category":"Footpath (pedestrian only)"},"geometry":{"type":"MultiLineString","coordinates":[[[-0.1506252,51.5166604],[-0.1506158,51.5166461],[-0.1506083,51.5166345]]]}},
{"type":"Feature","properties":{"highway":"footway","name":null,"category":"Footpath (pedestrian only)"},"geometry":{"type":"MultiLineString","coordinates":[[[-0.1507011,51.5173667],[-0.1507114,51.5173074],[-0.1507151,51.5172042],[-0.1506744,51.5170891],[-0.1506729,51.5170847],[-0.1506642,51.5170817],[-0.1506571,51.5170818],[-0.1493029,51.5173186]]]}},
{"type":"Feature","properties":{"highway":"footway","name":null,"category":"Footpath (pedestrian only)"},"geometry":{"type":"MultiLineString","coordinates":[[[-0.1507724,51.5170729],[-0.1507546,51.5170751]]]}},
{"type":"Feature","properties":{"highway":"footway","name":null,"category":"Footpath (pedestrian only)"},"geometry":{"type":"MultiLineString","coordinates":[[[-0.1506927,51.5170819],[-0.1506729,51.5170847]]]}},
{"type":"Feature","properties":{"highway":"footway","name":null,"category":"Footpath (pedestrian only)"},"geometry":{"type":"MultiLineString","coordinates":[[[-0.1507546,51.5170751],[-0.1507379,51.5170769],[-0.1506927,51.5170819]]]}},
{"type":"Feature","properties":{"highway":"footway","name":null,"category":"Footpath (pedestrian only)"},"geometry":{"type":"MultiLineString","coordinates":[[[-0.1492647,51.5172327],[-0.150654,51.5169849],[-0.1506493,51.5169742],[-0.1504684,51.5165664],[-0.1501771,51.5163544],[-0.1499369,51.5162652],[-0.1498985,51.516251],[-0.1497684,51.516271],[-0.14969,51.5162831]]]}},
{"type":"Feature","properties":{"highway":"footway","name":null,"category":"Footpath (pedestrian only)"},"geometry":{"type":"MultiLineString","coordinates":[[[-0.1496561,51.5162875],[-0.14959,51.5162992],[-0.1489363,51.5164147],[-0.1488958,51.5164219]]]}},
{"type":"Feature","properties":{"highway":"footway","name":null,"category":"Footpath (pedestrian only)"},"geometry":{"type":"MultiLineString","coordinates":[[[-0.14969,51.5162831],[-0.1496783,51.5162846],[-0.1496561,51.5162875]]]}},
{"type":"Feature","properties":{"highway":"footway","name":null,"category":"Footpath (pedestrian only)"},"geometry":{"type":"MultiLineString","coordinates":[[[-0.1493029,51.5173186],[-0.1492989,51.5173097]]]}},
{"type":"Feature","properties":{"highway":"footway","name":null,"category":"Footpath (pedestrian only)"},"geometry":{"type":"MultiLineString","coordinates":[[[-0.1492647,51.5172327],[-0.1492695,51.5172436]]]}},
{"type":"Feature","properties":{"highway":"footway","name":null,"category":"Footpath (pedestrian only)"},"geometry":{"type":"MultiLineString","coordinates":[[[-0.1492989,51.5173097],[-0.1492855,51.5172795],[-0.1492695,51.5172436]]]}},
{"type":"Feature","properties":{"highway":"footway","name":null,"category":"Footpath (pedestrian only)"},"geometry":{"type":"MultiLineString","coordinates":[[[-0.149283,51.5176141],[-0.1491359,51.5172994],[-0.1490206,51.5170553],[-0.1490041,51.5170584],[-0.1485131,51.5171432]]]}},
{"type":"Feature","properties":{"highway":"footway","name":null,"category":"Footpath (pedestrian only)"},"geometry":{"type":"MultiLineString","coordinates":[[[-0.1490041,51.5170584],[-0.1490026,51.5170553]]]}},
{"type":"Feature","properties":{"highway":"footway","name":null,"category":"Footpath (pedestrian only)"},"geometry":{"type":"MultiLineString","coordinates":[[[-0.1482752,51.5165271],[-0.1487208,51.5164527],[-0.1487623,51.5164458],[-0.1487775,51.5164815],[-0.149002,51.5170077],[-0.1489845,51.5170114],[-0.148281,51.517136],[-0.1478681,51.5172099],[-0.1476487,51.5166699],[-0.1476358,51.5166411],[-0.1476621,51.5166364],[-0.1482752,51.5165271]]]}},
{"type":"Feature","properties":{"highway":"footway","name":null,"category":"Footpath (pedestrian only)"},"geometry":{"type":"MultiLineString","coordinates":[[[-0.1489845,51.5170114],[-0.1489864,51.5170152]]]}},
{"type":"Feature","properties":{"highway":"footway","name":null,"category":"Footpath (pedestrian only)"},"geometry":{"type":"MultiLineString","coordinates":[[[-0.1490026,51.5170553],[-0.1489981,51.5170441],[-0.1489864,51.5170152]]]}},
{"type":"Feature","properties":{"highway":"footway","name":null,"category":"Footpath (pedestrian only)"},"geometry":{"type":"MultiLineString","coordinates":[[[-0.1484598,51.515473],[-0.1488358,51.5162784],[-0.148845,51.5162981],[-0.1488872,51.5162898],[-0.149513,51.5161669],[-0.1495473,51.5161602],[-0.1495423,51.5161542],[-0.1491824,51.5157179],[-0.1490558,51.5155545],[-0.1488623,51.5153865],[-0.1488176,51.5153961],[-0.1484978,51.5154412],[-0.1484598,51.515473]]]}},
{"type":"Feature","properties":{"highway":"footway","name":null,"category":"Footpath (pedestrian only)"},"geometry":{"type":"MultiLineString","coordinates":[[[-0.1489299,51.5164006],[-0.1489135,51.5163552],[-0.1488958,51.5163064]]]}},
{"type":"Feature","properties":{"highway":"footway","name":null,"category":"Footpath (pedestrian only)"},"geometry":{"type":"MultiLineString","coordinates":[[[-0.1489363,51.5164147],[-0.1489299,51.5164006]]]}},
{"type":"Feature","properties":{"highway":"footway","name":null,"category":"Footpath (pedestrian only)"},"geometry":{"type":"MultiLineString","coordinates":[[[-0.1489115,51.5164597],[-0.1488968,51.516463]]]}},
{"type":"Feature","properties":{"highway":"footway","name":null,"category":"Footpath (pedestrian only)"},"geometry":{"type":"MultiLineString","coordinates":[[[-0.1488968,51.516463],[-0.148852,51.51647],[-0.1487978,51.5164785]]]}},
{"type":"Feature","properties":{"highway":"footway","name":null,"category":"Footpath (pedestrian only)"},"geometry":{"type":"MultiLineString","coordinates":[[[-0.14959,51.5162992],[-0.1495829,51.5162872]]]}},
{"type":"Feature","properties":{"highway":"footway","name":null,"category":"Footpath (pedestrian only)"},"geometry":{"type":"MultiLineString","coordinates":[[[-0.149513,51.5161669],[-0.1495228,51.5161811]]]}},
{"type":"Feature","properties":{"highway":"footway","name":null,"category":"Footpath (pedestrian only)"},"geometry":{"type":"MultiLineString","coordinates":[[[-0.1495829,51.5162872],[-0.1495596,51.516246],[-0.1495228,51.5161811]]]}},
{"type":"Feature","properties":{"highway":"footway","name":null,"category":"Footpath (pedestrian only)"},"geometry":{"type":"MultiLineString","coordinates":[[[-0.1497684,51.516271],[-0.1497623,51.5162577]]]}},
{"type":"Feature","properties":{"highway":"footway","name":null,"category":"Footpath (pedestrian only)"},"geometry":{"type":"MultiLineString","coordinates":[[[-0.149711,51.5161658],[-0.1497147,51.5161714]]]}},
{"type":"Feature","properties":{"highway":"footway","name":null,"category":"Footpath (pedestrian only)"},"geometry":{"type":"MultiLineString","coordinates":[[[-0.1497623,51.5162577],[-0.149737,51.5162161],[-0.1497147,51.5161714]]]}},
{"type":"Feature","properties":{"highway":"footway","name":null,"category":"Footpath (pedestrian only)"},"geometry":{"type":"MultiLineString","coordinates":[[[-0.1496263,51.5161375],[-0.149642,51.5161341]]]}},
{"type":"Feature","properties":{"highway":"footway","name":null,"category":"Footpath (pedestrian only)"},"geometry":{"type":"MultiLineString","coordinates":[[[-0.1495423,51.5161542],[-0.149547,51.5161523]]]}},
{"type":"Feature","properties":{"highway":"footway","name":null,"category":"Footpath (pedestrian only)"},"geometry":{"type":"MultiLineString","coordinates":[[[-0.1496263,51.5161375],[-0.1495996,51.5161425],[-0.149547,51.5161523]]]}},
{"type":"Feature","properties":{"highway":"footway","name":null,"category":"Footpath (pedestrian only)"},"geometry":{"type":"MultiLineString","coordinates":[[[-0.1491909,51.5155627],[-0.1493232,51.5157195],[-0.1493194,51.5157383],[-0.1493283,51.5157493]]]}},
{"type":"Feature","properties":{"highway":"footway","name":null,"category":"Footpath (pedestrian only)"},"geometry":{"type":"MultiLineString","coordinates":[[[-0.1493283,51.5157493],[-0.1493346,51.5157565],[-0.1493409,51.5157637]]]}},
{"type":"Feature","properties":{"highway":"footway","name":null,"category":"Footpath (pedestrian only)"},"geometry":{"type":"MultiLineString","coordinates":[[[-0.1493409,51.5157637],[-0.1493517,51.515778],[-0.1493485,51.5157892],[-0.1495104,51.5159838]]]}},
{"type":"Feature","properties":{"highway":"footway","name":null,"category":"Footpath (pedestrian only)"},"geometry":{"type":"MultiLineString","coordinates":[[[-0.1495104,51.5159838],[-0.1495263,51.5160014],[-0.1495452,51.5160223]]]}},
{"type":"Feature","properties":{"highway":"footway","name":null,"category":"Footpath (pedestrian only)"},"geometry":{"type":"MultiLineString","coordinates":[[[-0.1495452,51.5160223],[-0.1496391,51.5161309],[-0.149642,51.5161341],[-0.1496689,51.5161632],[-0.149711,51.5161658],[-0.15054,51.5160143]]]}},
{"type":"Feature","properties":{"highway":"footway","name":null,"category":"Footpath (pedestrian only)"},"geometry":{"type":"MultiLineString","coordinates":[[[-0.1500761,51.5162416],[-0.150056,51.5162439]]]}},
{"type":"Feature","properties":{"highway":"footway","name":null,"category":"Footpath (pedestrian only)"},"geometry":{"type":"MultiLineString","coordinates":[[[-0.1499666,51.5162584],[-0.1499369,51.5162652]]]}},
{"type":"Feature","properties":{"highway":"footway","name":null,"category":"Footpath (pedestrian only)"},"geometry":{"type":"MultiLineString","coordinates":[[[-0.150056,51.5162439],[-0.1500226,51.5162493],[-0.1499666,51.5162584]]]}},
{"type":"Feature","properties":{"highway":"footway","name":null,"category":"Footpath (pedestrian only)"},"geometry":{"type":"MultiLineString","coordinates":[[[-0.1507376,51.5169654],[-0.1507176,51.5169681]]]}},
{"type":"Feature","properties":{"highway":"footway","name":null,"category":"Footpath (pedestrian only)"},"geometry":{"type":"MultiLineString","coordinates":[[[-0.1506493,51.5169742],[-0.1506639,51.5169726]]]}},
{"type":"Feature","properties":{"highway":"footway","name":null,"category":"Footpath (pedestrian only)"},"geometry":{"type":"MultiLineString","coordinates":[[[-0.1507176,51.5169681],[-0.150695,51.51697],[-0.1506639,51.5169726]]]}},
{"type":"Feature","properties":{"highway":"footway","name":null,"category":"Footpath (pedestrian only)"},"geometry":{"type":"MultiLineString","coordinates":[[[-0.1709522,51.5225148],[-0.1708846,51.5224639]]]}},
{"type":"Feature","properties":{"highway":"footway","name":null,"category":"Footpath (pedestrian only)"},"geometry":{"type":"MultiLineString","coordinates":[[[-0.1708846,51.5224639],[-0.1708163,51.5224214]]]}},
{"type":"Feature","properties":{"highway":"footway","name":null,"category":"Footpath (pedestrian only)"},"geometry":{"type":"MultiLineString","coordinates":[[[-0.17088,51.5225857],[-0.1705923,51.5223982]]]}},
{"type":"Feature","properties":{"highway":"footway","name":null,"category":"Footpath (pedestrian only)"},"geometry":{"type":"MultiLineString","coordinates":[[[-0.1510449,51.5148922],[-0.1506235,51.5149636],[-0.1504773,51.5146169],[-0.1503485,51.5143621],[-0.1503301,51.5143273]]]}},
{"type":"Feature","properties":{"highway":"footway","name":null,"category":"Footpath (pedestrian only)"},"geometry":{"type":"MultiLineString","coordinates":[[[-0.1509193,51.5156413],[-0.1509076,51.5156159],[-0.150898,51.5155949]]]}},
{"type":"Feature","properties":{"highway":"footway","name":null,"category":"Footpath (pedestrian only)"},"geometry":{"type":"MultiLineString","coordinates":[[[-0.1700552,51.523512],[-0.1700272,51.523531],[-0.1692561,51.5240478],[-0.168904,51.5238248],[-0.1697157,51.523283],[-0.1697378,51.5233347],[-0.1700272,51.523531]]]}},
{"type":"Feature","properties":{"highway":"footway","name":null,"category":"Footpath (pedestrian only)"},"geometry":{"type":"MultiLineString","coordinates":[[[-0.1697034,51.523276],[-0.169679,51.5232568],[-0.1696513,51.5232368]]]}},
{"type":"Feature","properties":{"highway":"footway","name":null,"category":"Footpath (pedestrian only)"},"geometry":{"type":"MultiLineString","coordinates":[[[-0.1696401,51.5232312],[-0.1692935,51.5234711],[-0.1688302,51.5237811],[-0.1684807,51.5235315],[-0.1693846,51.5230477],[-0.1695578,51.52318],[-0.1696401,51.5232312]]]}},
{"type":"Feature","properties":{"highway":"footway","name":null,"category":"Footpath (pedestrian only)"},"geometry":{"type":"MultiLineString","coordinates":[[[-0.1693682,51.5230348],[-0.1693222,51.5230028],[-0.169307,51.5229904]]]}},
{"type":"Feature","properties":{"highway":"footway","name":null,"category":"Footpath (pedestrian only)"},"geometry":{"type":"MultiLineString","coordinates":[[[-0.1692888,51.522978],[-0.169003,51.5227889]]]}},
{"type":"Feature","properties":{"highway":"footway","name":null,"category":"Footpath (pedestrian only)"},"geometry":{"type":"MultiLineString","coordinates":[[[-0.1689908,51.5227796],[-0.1690341,51.5227561],[-0.169063,51.5227396]]]}},
{"type":"Feature","properties":{"highway":"footway","name":null,"category":"Footpath (pedestrian only)"},"geometry":{"type":"MultiLineString","coordinates":[[[-0.1690834,51.5227305],[-0.1692611,51.5228449],[-0.1693261,51.5228841],[-0.1699169,51.5233071],[-0.1701149,51.5234594],[-0.1701197,51.5234701]]]}},
{"type":"Feature","properties":{"highway":"footway","name":null,"category":"Footpath (pedestrian only)"},"geometry":{"type":"MultiLineString","coordinates":[[[-0.1690834,51.5227305],[-0.1698189,51.5223336]]]}},
{"type":"Feature","properties":{"highway":"footway","name":null,"category":"Footpath (pedestrian only)"},"geometry":{"type":"MultiLineString","coordinates":[[[-0.169035,51.5226202],[-0.1689948,51.5226432],[-0.1689288,51.522681],[-0.168848,51.5227274]]]}},
{"type":"Feature","properties":{"highway":"footway","name":null,"category":"Footpath (pedestrian only)"},"geometry":{"type":"MultiLineString","coordinates":[[[-0.169003,51.5227889],[-0.1689326,51.5228358],[-0.1687223,51.52294],[-0.1681226,51.5232792],[-0.1684205,51.5234761]]]}},
{"type":"Feature","properties":{"highway":"footway","name":null,"category":"Footpath (pedestrian only)"},"geometry":{"type":"MultiLineString","coordinates":[[[-0.1684268,51.5234848],[-0.1684446,51.5234983],[-0.1684754,51.5235218]]]}},
{"type":"Feature","properties":{"highway":"footway","name":null,"category":"Footpath (pedestrian only)"},"geometry":{"type":"MultiLineString","coordinates":[[[-0.1692888,51.522978],[-0.1692796,51.5230118],[-0.1685752,51.5233925],[-0.1684205,51.5234761]]]}},
{"type":"Feature","properties":{"highway":"footway","name":null,"category":"Footpath (pedestrian only)"},"geometry":{"type":"MultiLineString","coordinates":[[[-0.1677375,51.5226078],[-0.1682566,51.5225038],[-0.168414,51.5224685]]]}},
{"type":"Feature","properties":{"highway":"footway","name":null,"category":"Footpath (pedestrian only)"},"geometry":{"type":"MultiLineString","coordinates":[[[-0.1677375,51.5226078],[-0.1676359,51.5226293],[-0.1675659,51.5226441]]]}},
{"type":"Feature","properties":{"highway":"footway","name":null,"category":"Footpath (pedestrian only)"},"geometry":{"type":"MultiLineString","coordinates":[[[-0.1692498,51.5240589],[-0.1691865,51.524101],[-0.1691345,51.5241356]]]}},
{"type":"Feature","properties":{"highway":"footway","name":null,"category":"Footpath (pedestrian only)"},"geometry":{"type":"MultiLineString","coordinates":[[[-0.1680175,51.5233434],[-0.1680667,51.5233147],[-0.1681123,51.5232879]]]}},
{"type":"Feature","properties":{"highway":"footway","name":null,"category":"Footpath (pedestrian only)"},"geometry":{"type":"MultiLineString","coordinates":[[[-0.1680274,51.5232089],[-0.1680673,51.52324],[-0.1681114,51.5232676]]]}},
{"type":"Feature","properties":{"highway":"footway","name":null,"category":"Footpath (pedestrian only)"},"geometry":{"type":"MultiLineString","coordinates":[[[-0.1679998,51.5232059],[-0.1679524,51.5232344],[-0.1678969,51.5232681]]]}},
{"type":"Feature","properties":{"highway":"footway","name":null,"category":"Footpath (pedestrian only)"},"geometry":{"type":"MultiLineString","coordinates":[[[-0.1679011,51.5232817],[-0.1679448,51.5233077],[-0.167996,51.5233413]]]}},
{"type":"Feature","properties":{"highway":"footway","name":"Broadley Street","category":"Footpath (pedestrian only)"},"geometry":{"type":"MultiLineString","coordinates":[[[-0.1678864,51.5232715],[-0.1678864,51.5232922],[-0.1675224,51.5234971]]]}},
{"type":"Feature","properties":{"highway":"footway","name":"Ashbridge Street","category":"Footpath (pedestrian only)"},"geometry":{"type":"MultiLineString","coordinates":[[[-0.1679011,51.5232817],[-0.1678864,51.5232715],[-0.1673526,51.5228819],[-0.1671436,51.5227292]]]}},
{"type":"Feature","properties":{"highway":"footway","name":null,"category":"Footpath (pedestrian only)"},"geometry":{"type":"MultiLineString","coordinates":[[[-0.167667,51.523524],[-0.1676518,51.5235322],[-0.1676225,51.5235486]]]}},
{"type":"Feature","properties":{"highway":"footway","name":"Broadley Street","category":"Footpath (pedestrian only)"},"geometry":{"type":"MultiLineString","coordinates":[[[-0.1676225,51.5235486],[-0.1675296,51.5236008]]]}},
{"type":"Feature","properties":{"highway":"footway","name":null,"category":"Footpath (pedestrian only)"},"geometry":{"type":"MultiLineString","coordinates":[[[-0.1688394,51.5237868],[-0.168851,51.5237934],[-0.1688948,51.5238182]]]}},
{"type":"Feature","properties":{"highway":"footway","name":null,"category":"Footpath (pedestrian only)"},"geometry":{"type":"MultiLineString","coordinates":[[[-0.1671391,51.5236901],[-0.1670264,51.5236243],[-0.1669977,51.523605],[-0.1663104,51.5231282],[-0.1661898,51.52306],[-0.1661447,51.5230345]]]}},
{"type":"Feature","properties":{"highway":"footway","name":null,"category":"Footpath (pedestrian only)"},"geometry":{"type":"MultiLineString","coordinates":[[[-0.1675296,51.5236008],[-0.1674531,51.5236453]]]}},
{"type":"Feature","properties":{"highway":"footway","name":null,"category":"Footpath (pedestrian only)"},"geometry":{"type":"MultiLineString","coordinates":[[[-0.1671886,51.5237909],[-0.1672075,51.5238213],[-0.1672262,51.5238582],[-0.1675747,51.5241348]]]}},
{"type":"Feature","properties":{"highway":"footway","name":null,"category":"Footpath (pedestrian only)"},"geometry":{"type":"MultiLineString","coordinates":[[[-0.1671864,51.523827],[-0.1671324,51.5238553],[-0.1670466,51.5238915]]]}},
{"type":"Feature","properties":{"highway":"footway","name":null,"category":"Footpath (pedestrian only)"},"geometry":{"type":"MultiLineString","coordinates":[[[-0.1661594,51.5230772],[-0.1661173,51.5231018],[-0.1660507,51.5231384]]]}},
{"type":"Feature","properties":{"highway":"footway","name":null,"category":"Footpath (pedestrian only)"},"geometry":{"type":"MultiLineString","coordinates":[[[-0.1661594,51.5230772],[-0.1661898,51.52306]]]}},
{"type":"Feature","properties":{"highway":"footway","name":null,"category":"Footpath (pedestrian only)"},"geometry":{"type":"MultiLineString","coordinates":[[[-0.1661447,51.5230345],[-0.1661384,51.5230017],[-0.1661957,51.5229493],[-0.1662429,51.522922],[-0.1663466,51.5228858],[-0.1665774,51.5228424],[-0.1671436,51.5227292],[-0.16716,51.522724]]]}},
{"type":"Feature","properties":{"highway":"footway","name":null,"category":"Footpath (pedestrian only)"},"geometry":{"type":"MultiLineString","coordinates":[[[-0.16716,51.522724],[-0.1672102,51.5227132],[-0.1672954,51.5226944]]]}},
{"type":"Feature","properties":{"highway":"footway","name":null,"category":"Footpath (pedestrian only)"},"geometry":{"type":"MultiLineString","coordinates":[[[-0.1673018,51.5227037],[-0.1675659,51.5226441]]]}},
{"type":"Feature","properties":{"highway":"footway","name":"Ashbridge Street","category":"Footpath (pedestrian only)"},"geometry":{"type":"MultiLineString","coordinates":[[[-0.1680274,51.5232089],[-0.1680147,51.5231982],[-0.1673018,51.5227037]]]}},
{"type":"Feature","properties":{"highway":"footway","name":null,"category":"Footpath (pedestrian only)"},"geometry":{"type":"MultiLineString","coordinates":[[[-0.1660394,51.5231456],[-0.1662254,51.5232776]]]}},
{"type":"Feature","properties":{"highway":"footway","name":"Lisson Grove","category":"Footpath (pedestrian only)"},"geometry":{"type":"MultiLineString","coordinates":[[[-0.166297,51.5233294],[-0.1668167,51.5237421],[-0.1668903,51.5238024],[-0.1668924,51.5238123],[-0.1668987,51.5238191]]]}},
{"type":"Feature","properties":{"highway":"footway","name":"Lisson Grove","category":"Footpath (pedestrian only)"},"geometry":{"type":"MultiLineString","coordinates":[[[-0.1671763,51.5240607],[-0.167206,51.5240334],[-0.1670373,51.5238962],[-0.1670154,51.5238763]]]}},
{"type":"Feature","properties":{"highway":"footway","name":null,"category":"Footpath (pedestrian only)"},"geometry":{"type":"MultiLineString","coordinates":[[[-0.1660394,51.5231456],[-0.1658016,51.5229852],[-0.1654224,51.5227031],[-0.1653584,51.5227417],[-0.164773,51.5228945]]]}},
{"type":"Feature","properties":{"highway":"footway","name":null,"category":"Footpath (pedestrian only)"},"geometry":{"type":"MultiLineString","coordinates":[[[-0.1654174,51.5226952],[-0.1653845,51.5226574],[-0.1653652,51.5226367]]]}},
{"type":"Feature","properties":{"highway":"footway","name":null,"category":"Footpath (pedestrian only)"},"geometry":{"type":"MultiLineString","coordinates":[[[-0.1656766,51.5227],[-0.1657028,51.5227351],[-0.1657425,51.5227765],[-0.1657802,51.5228135],[-0.1659724,51.5229531],[-0.1660185,51.5229487],[-0.166213,51.522843],[-0.1663091,51.5228172],[-0.1668804,51.5226991],[-0.1675674,51.5225642]]]}},
{"type":"Feature","properties":{"highway":"footway","name":null,"category":"Footpath (pedestrian only)"},"geometry":{"type":"MultiLineString","coordinates":[[[-0.1659785,51.522958],[-0.1660328,51.5229828],[-0.1661119,51.5230234]]]}},
{"type":"Feature","properties":{"highway":"footway","name":null,"category":"Footpath (pedestrian only)"},"geometry":{"type":"MultiLineString","coordinates":[[[-0.1661119,51.5230234],[-0.1661447,51.5230345]]]}},
{"type":"Feature","properties":{"highway":"footway","name":null,"category":"Footpath (pedestrian only)"},"geometry":{"type":"MultiLineString","coordinates":[[[-0.1656679,51.5226914],[-0.1656212,51.5226571],[-0.165597,51.5226392]]]}},
{"type":"Feature","properties":{"highway":"footway","name":null,"category":"Footpath (pedestrian only)"},"geometry":{"type":"MultiLineString","coordinates":[[[-0.1655894,51.5226325],[-0.165549,51.5226374],[-0.1655319,51.5226329],[-0.1653211,51.5224071]]]}},
{"type":"Feature","properties":{"highway":"footway","name":null,"category":"Footpath (pedestrian only)"},"geometry":{"type":"MultiLineString","coordinates":[[[-0.1655894,51.5226325],[-0.1664368,51.5224595],[-0.1664445,51.5224465]]]}},
{"type":"Feature","properties":{"highway":"footway","name":null,"category":"Footpath (pedestrian only)"},"geometry":{"type":"MultiLineString","coordinates":[[[-0.1656766,51.5227],[-0.1657162,51.5226758],[-0.167054,51.5224107]]]}},
{"type":"Feature","properties":{"highway":"footway","name":null,"category":"Footpath (pedestrian only)"},"geometry":{"type":"MultiLineString","coordinates":[[[-0.1664633,51.5224418],[-0.1665179,51.522429],[-0.1665739,51.5224166]]]}},
{"type":"Feature","properties":{"highway":"footway","name":null,"category":"Footpath (pedestrian only)"},"geometry":{"type":"MultiLineString","coordinates":[[[-0.1665895,51.522413],[-0.1666217,51.5224262],[-0.1667092,51.5224077]]]}},
{"type":"Feature","properties":{"highway":"footway","name":null,"category":"Footpath (pedestrian only)"},"geometry":{"type":"MultiLineString","coordinates":[[[-0.1653569,51.5226271],[-0.165241,51.5225087],[-0.1651531,51.5224055]]]}},
{"type":"Feature","properties":{"highway":"footway","name":null,"category":"Footpath (pedestrian only)"},"geometry":{"type":"MultiLineString","coordinates":[[[-0.1662254,51.5232776],[-0.1662642,51.5233083],[-0.166297,51.5233294]]]}},
{"type":"Feature","properties":{"highway":"footway","name":"Broadley Terrace","category":"Footpath (pedestrian only)"},"geometry":{"type":"MultiLineString","coordinates":[[[-0.1670154,51.5238763],[-0.1669781,51.5238896],[-0.1665518,51.5241126]]]}},
{"type":"Feature","properties":{"highway":"footway","name":"Harewood Avenue","category":"Footpath (pedestrian only)"},"geometry":{"type":"MultiLineString","coordinates":[[[-0.1653175,51.5241146],[-0.1651939,51.5238626],[-0.1650545,51.5235635],[-0.1647663,51.5232174]]]}},
{"type":"Feature","properties":{"highway":"footway","name":null,"category":"Footpath (pedestrian only)"},"geometry":{"type":"MultiLineString","coordinates":[[[-0.1651232,51.524131],[-0.1651009,51.5240886],[-0.1650799,51.5240481]]]}},
{"type":"Feature","properties":{"highway":"footway","name":"Harewood Avenue","category":"Footpath (pedestrian only)"},"geometry":{"type":"MultiLineString","coordinates":[[[-0.1650799,51.5240481],[-0.1650562,51.5239888],[-0.1648264,51.5236028]]]}},
{"type":"Feature","properties":{"highway":"footway","name":null,"category":"Footpath (pedestrian only)"},"geometry":{"type":"MultiLineString","coordinates":[[[-0.1648264,51.5236028],[-0.1647956,51.5235619],[-0.1647756,51.5235344]]]}},
{"type":"Feature","properties":{"highway":"footway","name":null,"category":"Footpath (pedestrian only)"},"geometry":{"type":"MultiLineString","coordinates":[[[-0.1653569,51.5226271],[-0.1651345,51.5226835],[-0.1650087,51.5227226],[-0.1648975,51.5227572],[-0.1647738,51.5227957]]]}},
{"type":"Feature","properties":{"highway":"footway","name":null,"category":"Footpath (pedestrian only)"},"geometry":{"type":"MultiLineString","coordinates":[[[-0.1669884,51.5236491],[-0.1669193,51.5236825],[-0.1668339,51.5237317]]]}},
{"type":"Feature","properties":{"highway":"footway","name":null,"category":"Footpath (pedestrian only)"},"geometry":{"type":"MultiLineString","coordinates":[[[-0.1669726,51.5238836],[-0.1669369,51.5238505],[-0.1668987,51.5238191]]]}},
{"type":"Feature","properties":{"highway":"footway","name":null,"category":"Footpath (pedestrian only)"},"geometry":{"type":"MultiLineString","coordinates":[[[-0.1672031,51.5237664],[-0.1671705,51.5237281],[-0.1671435,51.5236968]]]}},
{"type":"Feature","properties":{"highway":"footway","name":"Harewood Avenue","category":"Footpath (pedestrian only)"},"geometry":{"type":"MultiLineString","coordinates":[[[-0.1647756,51.5235344],[-0.1646699,51.5233873]]]}},
{"type":"Feature","properties":{"highway":"footway","name":null,"category":"Footpath (pedestrian only)"},"geometry":{"type":"MultiLineString","coordinates":[[[-0.1646699,51.5233873],[-0.1646422,51.5233462],[-0.1646041,51.5232877]]]}},
{"type":"Feature","properties":{"highway":"footway","name":"Harewood Avenue","category":"Footpath (pedestrian only)"},"geometry":{"type":"MultiLineString","coordinates":[[[-0.1646041,51.5232877],[-0.164428,51.5230638],[-0.1642378,51.5228342],[-0.1641007,51.522669]]]}},
{"type":"Feature","properties":{"highway":"footway","name":"Harewood Avenue","category":"Footpath (pedestrian only)"},"geometry":{"type":"MultiLineString","coordinates":[[[-0.1647663,51.5232174],[-0.1646211,51.5230086],[-0.1645855,51.5229549],[-0.1645798,51.5229491]]]}},
{"type":"Feature","properties":{"highway":"footway","name":null,"category":"Footpath (pedestrian only)"},"geometry":{"type":"MultiLineString","coordinates":[[[-0.1645777,51.5230208],[-0.1645002,51.5230425],[-0.1644397,51.5230593]]]}},
{"type":"Feature","properties":{"highway":"footway","name":null,"category":"Footpath (pedestrian only)"},"geometry":{"type":"MultiLineString","coordinates":[[[-0.1645777,51.5230208],[-0.1646211,51.5230086]]]}},
{"type":"Feature","properties":{"highway":"footway","name":null,"category":"Footpath (pedestrian only)"},"geometry":{"type":"MultiLineString","coordinates":[[[-0.1645855,51.5229549],[-0.164773,51.5228945]]]}},
{"type":"Feature","properties":{"highway":"footway","name":null,"category":"Footpath (pedestrian only)"},"geometry":{"type":"MultiLineString","coordinates":[[[-0.1645798,51.5229491],[-0.1645394,51.5228991],[-0.1645233,51.5228793]]]}},
{"type":"Feature","properties":{"highway":"footway","name":"Harewood Avenue","category":"Footpath (pedestrian only)"},"geometry":{"type":"MultiLineString","coordinates":[[[-0.1645233,51.5228793],[-0.1645187,51.5228719],[-0.1644358,51.5227721],[-0.1640706,51.5223259]]]}},
{"type":"Feature","properties":{"highway":"footway","name":null,"category":"Footpath (pedestrian only)"},"geometry":{"type":"MultiLineString","coordinates":[[[-0.1647738,51.5227957],[-0.1645187,51.5228719]]]}},
{"type":"Feature","properties":{"highway":"footway","name":null,"category":"Footpath (pedestrian only)"},"geometry":{"type":"MultiLineString","coordinates":[[[-0.1643773,51.522792],[-0.1643163,51.5228118],[-0.164271,51.5228264],[-0.164259,51.5228303]]]}},
{"type":"Feature","properties":{"highway":"footway","name":null,"category":"Footpath (pedestrian only)"},"geometry":{"type":"MultiLineString","coordinates":[[[-0.1642378,51.5228342],[-0.164259,51.5228303]]]}},
{"type":"Feature","properties":{"highway":"footway","name":null,"category":"Footpath (pedestrian only)"},"geometry":{"type":"MultiLineString","coordinates":[[[-0.1641007,51.522669],[-0.1640774,51.5226393],[-0.1640518,51.522605]]]}},
{"type":"Feature","properties":{"highway":"footway","name":"Harewood Avenue","category":"Footpath (pedestrian only)"},"geometry":{"type":"MultiLineString","coordinates":[[[-0.1640518,51.522605],[-0.1639938,51.5225229],[-0.1638243,51.5222933]]]}},
{"type":"Feature","properties":{"highway":"footway","name":null,"category":"Footpath (pedestrian only)"},"geometry":{"type":"MultiLineString","coordinates":[[[-0.1622459,51.5224076],[-0.1622553,51.5224282],[-0.1623315,51.5225943],[-0.162447,51.5228395],[-0.1630477,51.5241018]]]}},
{"type":"Feature","properties":{"highway":"footway","name":null,"category":"Footpath (pedestrian only)"},"geometry":{"type":"MultiLineString","coordinates":[[[-0.1629393,51.5241037],[-0.1629183,51.5240648],[-0.1628886,51.5240613],[-0.1625896,51.5241219]]]}},
{"type":"Feature","properties":{"highway":"footway","name":null,"category":"Footpath (pedestrian only)"},"geometry":{"type":"MultiLineString","coordinates":[[[-0.1628853,51.5239846],[-0.1625109,51.5231798],[-0.1623762,51.5229053],[-0.162412,51.522899]]]}},
{"type":"Feature","properties":{"highway":"footway","name":null,"category":"Footpath (pedestrian only)"},"geometry":{"type":"MultiLineString","coordinates":[[[-0.1628901,51.5239956],[-0.162895,51.5240091],[-0.1629147,51.5240556]]]}},
{"type":"Feature","properties":{"highway":"footway","name":null,"category":"Footpath (pedestrian only)"},"geometry":{"type":"MultiLineString","coordinates":[[[-0.1628853,51.5239846],[-0.1623997,51.5240874],[-0.1620271,51.5233073]]]}},
{"type":"Feature","properties":{"highway":"footway","name":null,"category":"Footpath (pedestrian only)"},"geometry":{"type":"MultiLineString","coordinates":[[[-0.161973,51.5235302],[-0.1622508,51.524119]]]}},
{"type":"Feature","properties":{"highway":"footway","name":null,"category":"Footpath (pedestrian only)"},"geometry":{"type":"MultiLineString","coordinates":[[[-0.1622568,51.5241319],[-0.1622621,51.524143],[-0.1622774,51.5241772]]]}},
{"type":"Feature","properties":{"highway":"footway","name":null,"category":"Footpath (pedestrian only)"},"geometry":{"type":"MultiLineString","coordinates":[[[-0.1624066,51.5241019],[-0.1624105,51.5241111],[-0.1624291,51.5241471]]]}},
{"type":"Feature","properties":{"highway":"footway","name":null,"category":"Footpath (pedestrian only)"},"geometry":{"type":"MultiLineString","coordinates":[[[-0.1622679,51.5241153],[-0.1623204,51.5241042],[-0.1623736,51.524093]]]}},
{"type":"Feature","properties":{"highway":"footway","name":null,"category":"Footpath (pedestrian only)"},"geometry":{"type":"MultiLineString","coordinates":[[[-0.16204,51.5247311],[-0.161834,51.5242933],[-0.1618339,51.5242844],[-0.1618375,51.5242779],[-0.1618401,51.524273],[-0.1618513,51.5242687],[-0.1620269,51.5242332]]]}},
{"type":"Feature","properties":{"highway":"footway","name":null,"category":"Footpath (pedestrian only)"},"geometry":{"type":"MultiLineString","coordinates":[[[-0.1617424,51.5241016],[-0.161793,51.524195],[-0.1618108,51.5242109],[-0.1620627,51.5241588],[-0.1622508,51.524119]]]}},
{"type":"Feature","properties":{"highway":"footway","name":null,"category":"Footpath (pedestrian only)"},"geometry":{"type":"MultiLineString","coordinates":[[[-0.1620142,51.5248818],[-0.1617324,51.5243118],[-0.1617244,51.5243036],[-0.1617058,51.5243013],[-0.1616813,51.5243044],[-0.1614145,51.5243575]]]}},
{"type":"Feature","properties":{"highway":"footway","name":null,"category":"Footpath (pedestrian only)"},"geometry":{"type":"MultiLineString","coordinates":[[[-0.1616455,51.5241126],[-0.1616914,51.5242351],[-0.1613956,51.5242964]]]}},
{"type":"Feature","properties":{"highway":"footway","name":null,"category":"Footpath (pedestrian only)"},"geometry":{"type":"MultiLineString","coordinates":[[[-0.1617016,51.524233],[-0.1617557,51.5242221],[-0.1617971,51.5242136]]]}},
{"type":"Feature","properties":{"highway":"footway","name":null,"category":"Footpath (pedestrian only)"},"geometry":{"type":"MultiLineString","coordinates":[[[-0.1617356,51.5243018],[-0.1617897,51.5242927],[-0.1618198,51.5242859]]]}},
{"type":"Feature","properties":{"highway":"footway","name":null,"category":"Footpath (pedestrian only)"},"geometry":{"type":"MultiLineString","coordinates":[[[-0.1613956,51.5242964],[-0.1613655,51.5243017],[-0.1613229,51.5243075]]]}},
{"type":"Feature","properties":{"highway":"footway","name":null,"category":"Footpath (pedestrian only)"},"geometry":{"type":"MultiLineString","coordinates":[[[-0.1613229,51.5243075],[-0.1609481,51.5243824],[-0.1608121,51.524114]]]}},
{"type":"Feature","properties":{"highway":"footway","name":null,"category":"Footpath (pedestrian only)"},"geometry":{"type":"MultiLineString","coordinates":[[[-0.1598957,51.5245754],[-0.1596239,51.5240278],[-0.159322,51.5234201]]]}},
{"type":"Feature","properties":{"highway":"footway","name":null,"category":"Footpath (pedestrian only)"},"geometry":{"type":"MultiLineString","coordinates":[[[-0.1616255,51.5225032],[-0.1616426,51.5225372],[-0.1616739,51.5226024],[-0.1617137,51.5225937],[-0.1620271,51.5233073]]]}},
{"type":"Feature","properties":{"highway":"footway","name":null,"category":"Footpath (pedestrian only)"},"geometry":{"type":"MultiLineString","coordinates":[[[-0.161973,51.5235302],[-0.1619107,51.5233849]]]}},
{"type":"Feature","properties":{"highway":"footway","name":null,"category":"Footpath (pedestrian only)"},"geometry":{"type":"MultiLineString","coordinates":[[[-0.1617458,51.5230409],[-0.1604374,51.5232688],[-0.1605754,51.5235643],[-0.1605797,51.5235735]]]}},
{"type":"Feature","properties":{"highway":"footway","name":null,"category":"Footpath (pedestrian only)"},"geometry":{"type":"MultiLineString","coordinates":[[[-0.1618869,51.5233308],[-0.1618801,51.5233169],[-0.1617458,51.5230409]]]}},
{"type":"Feature","properties":{"highway":"footway","name":null,"category":"Footpath (pedestrian only)"},"geometry":{"type":"MultiLineString","coordinates":[[[-0.1618869,51.5233308],[-0.1618951,51.5233513],[-0.1619107,51.5233849]]]}},
{"type":"Feature","properties":{"highway":"footway","name":null,"category":"Footpath (pedestrian only)"},"geometry":{"type":"MultiLineString","coordinates":[[[-0.1604374,51.5232688],[-0.1604592,51.5232482],[-0.1604256,51.5231828],[-0.1603954,51.5231245]]]}},
{"type":"Feature","properties":{"highway":"footway","name":null,"category":"Footpath (pedestrian only)"},"geometry":{"type":"MultiLineString","coordinates":[[[-0.1603954,51.5231245],[-0.1604026,51.5230881],[-0.1604078,51.5230529]]]}},
{"type":"Feature","properties":{"highway":"footway","name":null,"category":"Footpath (pedestrian only)"},"geometry":{"type":"MultiLineString","coordinates":[[[-0.1615365,51.5225591],[-0.161496,51.5225665],[-0.1614576,51.52255],[-0.1614015,51.5225472],[-0.1606674,51.5226794],[-0.1605754,51.5226976],[-0.160391,51.5227358],[-0.1602584,51.5227722],[-0.1602483,51.5227803],[-0.1602351,51.5227929],[-0.1602342,51.5227979],[-0.1602372,51.5228072],[-0.1603073,51.5229497],[-0.1603395,51.5230041],[-0.160371,51.5230321],[-0.1604078,51.5230529],[-0.1604579,51.5230767],[-0.1605264,51.5230921],[-0.16059,51.5231003],[-0.1606668,51.5230957],[-0.1610321,51.5230323],[-0.1613985,51.5229687],[-0.161472,51.5229484],[-0.1615167,51.5229285],[-0.161559,51.5229036],[-0.1615978,51.5228646],[-0.1616019,51.522858],[-0.1616204,51.5228284],[-0.1616287,51.5228005],[-0.1616284,51.5227629],[-0.1616125,51.5227226],[-0.1615567,51.5226251],[-0.1615364,51.5225999],[-0.1615171,51.522583],[-0.1615066,51.5225748],[-0.161496,51.5225665]]]}},
{"type":"Feature","properties":{"highway":"footway","name":null,"category":"Footpath (pedestrian only)"},"geometry":{"type":"MultiLineString","coordinates":[[[-0.1616229,51.5225414],[-0.1615925,51.5225478],[-0.1615365,51.5225591]]]}},
{"type":"Feature","properties":{"highway":"footway","name":null,"category":"Footpath (pedestrian only)"},"geometry":{"type":"MultiLineString","coordinates":[[[-0.1601544,51.5226466],[-0.1602032,51.5226391],[-0.161461,51.5224192]]]}},
{"type":"Feature","properties":{"highway":"footway","name":null,"category":"Footpath (pedestrian only)"},"geometry":{"type":"MultiLineString","coordinates":[[[-0.1599173,51.5226862],[-0.1592804,51.5227808]]]}},
{"type":"Feature","properties":{"highway":"footway","name":null,"category":"Footpath (pedestrian only)"},"geometry":{"type":"MultiLineString","coordinates":[[[-0.1602499,51.5227516],[-0.1602271,51.5226968],[-0.1602165,51.5226712]]]}},
{"type":"Feature","properties":{"highway":"footway","name":null,"category":"Footpath (pedestrian only)"},"geometry":{"type":"MultiLineString","coordinates":[[[-0.1599706,51.5226636],[-0.1600498,51.5226499],[-0.160126,51.5226367]]]}},
{"type":"Feature","properties":{"highway":"footway","name":null,"category":"Footpath (pedestrian only)"},"geometry":{"type":"MultiLineString","coordinates":[[[-0.1599291,51.5227127],[-0.1599365,51.5227294],[-0.159949,51.5227574],[-0.1599576,51.5227767]]]}},
{"type":"Feature","properties":{"highway":"footway","name":null,"category":"Footpath (pedestrian only)"},"geometry":{"type":"MultiLineString","coordinates":[[[-0.1599642,51.5227915],[-0.160018,51.5227836],[-0.1600428,51.5228284]]]}},
{"type":"Feature","properties":{"highway":"footway","name":null,"category":"Footpath (pedestrian only)"},"geometry":{"type":"MultiLineString","coordinates":[[[-0.1600428,51.5228284],[-0.1606236,51.5240909]]]}},
{"type":"Feature","properties":{"highway":"footway","name":null,"category":"Footpath (pedestrian only)"},"geometry":{"type":"MultiLineString","coordinates":[[[-0.1608121,51.524114],[-0.1606043,51.5236274],[-0.1605987,51.5236143]]]}},
{"type":"Feature","properties":{"highway":"footway","name":null,"category":"Footpath (pedestrian only)"},"geometry":{"type":"MultiLineString","coordinates":[[[-0.1605987,51.5236143],[-0.1605858,51.5235861],[-0.1605797,51.5235735]]]}},
{"type":"Feature","properties":{"highway":"footway","name":null,"category":"Footpath (pedestrian only)"},"geometry":{"type":"MultiLineString","coordinates":[[[-0.1617424,51.5241016],[-0.1614677,51.5234722]]]}},
{"type":"Feature","properties":{"highway":"footway","name":null,"category":"Footpath (pedestrian only)"},"geometry":{"type":"MultiLineString","coordinates":[[[-0.1613598,51.5234937],[-0.1616455,51.5241126]]]}},
{"type":"Feature","properties":{"highway":"footway","name":null,"category":"Footpath (pedestrian only)"},"geometry":{"type":"MultiLineString","coordinates":[[[-0.1599642,51.5227915],[-0.1595199,51.5228609],[-0.1595056,51.5228631]]]}},
{"type":"Feature","properties":{"highway":"footway","name":null,"category":"Footpath (pedestrian only)"},"geometry":{"type":"MultiLineString","coordinates":[[[-0.1595056,51.5228631],[-0.1594734,51.5228696],[-0.1594433,51.5228747]]]}},
{"type":"Feature","properties":{"highway":"footway","name":null,"category":"Footpath (pedestrian only)"},"geometry":{"type":"MultiLineString","coordinates":[[[-0.1594433,51.5228747],[-0.159433,51.5228766],[-0.1592871,51.5229029]]]}},
{"type":"Feature","properties":{"highway":"footway","name":"Edgware Road","category":"Footpath (pedestrian only)"},"geometry":{"type":"MultiLineString","coordinates":[[[-0.1727423,51.5217761],[-0.1726719,51.5217363],[-0.1723252,51.5215267],[-0.1721836,51.5214347],[-0.1720593,51.5213506],[-0.171904,51.5212438],[-0.1717128,51.5211023],[-0.1715672,51.5209855],[-0.1715594,51.5209803],[-0.1713781,51.520831],[-0.1713687,51.5208209]]]}},
{"type":"Feature","properties":{"highway":"footway","name":"Edgware Road","category":"Footpath (pedestrian only)"},"geometry":{"type":"MultiLineString","coordinates":[[[-0.1725517,51.5219089],[-0.1725331,51.5218959],[-0.1724647,51.5218482],[-0.1716521,51.5213012],[-0.1716272,51.5212891]]]}},
{"type":"Feature","properties":{"highway":"footway","name":null,"category":"Footpath (pedestrian only)"},"geometry":{"type":"MultiLineString","coordinates":[[[-0.1716521,51.5213012],[-0.1713599,51.5214613]]]}},
{"type":"Feature","properties":{"highway":"footway","name":null,"category":"Footpath (pedestrian only)"},"geometry":{"type":"MultiLineString","coordinates":[[[-0.1713599,51.5214613],[-0.1712308,51.5215363]]]}},
{"type":"Feature","properties":{"highway":"footway","name":null,"category":"Footpath (pedestrian only)"},"geometry":{"type":"MultiLineString","coordinates":[[[-0.1712308,51.5215363],[-0.1703115,51.5220572],[-0.1703206,51.5220653],[-0.1708163,51.5224214]]]}},
{"type":"Feature","properties":{"highway":"footway","name":null,"category":"Footpath (pedestrian only)"},"geometry":{"type":"MultiLineString","coordinates":[[[-0.1702996,51.5220474],[-0.1702448,51.5219979],[-0.1702321,51.5219849]]]}},
{"type":"Feature","properties":{"highway":"footway","name":null,"category":"Footpath (pedestrian only)"},"geometry":{"type":"MultiLineString","coordinates":[[[-0.1702998,51.5220642],[-0.1702791,51.5220745],[-0.170202,51.5221102]]]}},
{"type":"Feature","properties":{"highway":"footway","name":null,"category":"Footpath (pedestrian only)"},"geometry":{"type":"MultiLineString","coordinates":[[[-0.1705923,51.5223982],[-0.170366,51.5222348],[-0.1702933,51.5221823]]]}},
{"type":"Feature","properties":{"highway":"footway","name":null,"category":"Footpath (pedestrian only)"},"geometry":{"type":"MultiLineString","coordinates":[[[-0.1716272,51.5212891],[-0.1715846,51.5212426],[-0.1715744,51.5212318]]]}},
{"type":"Feature","properties":{"highway":"footway","name":"Edgware Road","category":"Footpath (pedestrian only)"},"geometry":{"type":"MultiLineString","coordinates":[[[-0.1715744,51.5212318],[-0.1715673,51.5212268],[-0.1713861,51.5210746],[-0.1712204,51.5209379],[-0.1710603,51.5208224]]]}},
{"type":"Feature","properties":{"highway":"footway","name":null,"category":"Footpath (pedestrian only)"},"geometry":{"type":"MultiLineString","coordinates":[[[-0.1713986,51.5210685],[-0.1714748,51.5210299],[-0.1715566,51.5209909]]]}},
{"type":"Feature","properties":{"highway":"footway","name":null,"category":"Footpath (pedestrian only)"},"geometry":{"type":"MultiLineString","coordinates":[[[-0.1713861,51.5210746],[-0.1713986,51.5210685]]]}},
{"type":"Feature","properties":{"highway":"footway","name":null,"category":"Footpath (pedestrian only)"},"geometry":{"type":"MultiLineString","coordinates":[[[-0.1715566,51.5209909],[-0.1715672,51.5209855]]]}},
{"type":"Feature","properties":{"highway":"footway","name":null,"category":"Footpath (pedestrian only)"},"geometry":{"type":"MultiLineString","coordinates":[[[-0.1710603,51.5208224],[-0.1710267,51.5207995],[-0.170986,51.5207681]]]}},
{"type":"Feature","properties":{"highway":"footway","name":null,"category":"Footpath (pedestrian only)"},"geometry":{"type":"MultiLineString","coordinates":[[[-0.1713687,51.5208209],[-0.1713432,51.5207905],[-0.1713098,51.5207548]]]}},
{"type":"Feature","properties":{"highway":"footway","name":"Edgware Road","category":"Footpath (pedestrian only)"},"geometry":{"type":"MultiLineString","coordinates":[[[-0.1713098,51.5207548],[-0.1712979,51.5207416],[-0.1712313,51.520668]]]}},
{"type":"Feature","properties":{"highway":"footway","name":null,"category":"Footpath (pedestrian only)"},"geometry":{"type":"MultiLineString","coordinates":[[[-0.1715673,51.5212268],[-0.1710799,51.5214982],[-0.17022,51.5219753]]]}},
{"type":"Feature","properties":{"highway":"footway","name":null,"category":"Footpath (pedestrian only)"},"geometry":{"type":"MultiLineString","coordinates":[[[-0.17022,51.5219753],[-0.1700073,51.5218128]]]}},
{"type":"Feature","properties":{"highway":"footway","name":null,"category":"Footpath (pedestrian only)"},"geometry":{"type":"MultiLineString","coordinates":[[[-0.1702933,51.5221823],[-0.170192,51.5221173]]]}},
{"type":"Feature","properties":{"highway":"footway","name":null,"category":"Footpath (pedestrian only)"},"geometry":{"type":"MultiLineString","coordinates":[[[-0.170192,51.5221173],[-0.1698189,51.5223336]]]}},
{"type":"Feature","properties":{"highway":"footway","name":null,"category":"Footpath (pedestrian only)"},"geometry":{"type":"MultiLineString","coordinates":[[[-0.1699711,51.5217844],[-0.169666,51.5214854]]]}},
{"type":"Feature","properties":{"highway":"footway","name":null,"category":"Footpath (pedestrian only)"},"geometry":{"type":"MultiLineString","coordinates":[[[-0.1700073,51.5218128],[-0.1699855,51.5217957],[-0.1699711,51.5217844]]]}},
{"type":"Feature","properties":{"highway":"footway","name":null,"category":"Footpath (pedestrian only)"},"geometry":{"type":"MultiLineString","coordinates":[[[-0.1696572,51.5214713],[-0.1696295,51.5214416],[-0.1696113,51.5214196]]]}},
{"type":"Feature","properties":{"highway":"footway","name":null,"category":"Footpath (pedestrian only)"},"geometry":{"type":"MultiLineString","coordinates":[[[-0.1696075,51.5214133],[-0.1692118,51.5209921],[-0.1692007,51.5209814]]]}},
{"type":"Feature","properties":{"highway":"footway","name":null,"category":"Footpath (pedestrian only)"},"geometry":{"type":"MultiLineString","coordinates":[[[-0.1698801,51.5207272],[-0.1699446,51.5207053],[-0.1699942,51.5206884]]]}},
{"type":"Feature","properties":{"highway":"footway","name":"Bell Street","category":"Footpath (pedestrian only)"},"geometry":{"type":"MultiLineString","coordinates":[[[-0.1699942,51.5206884],[-0.1700753,51.5206609]]]}},
{"type":"Feature","properties":{"highway":"footway","name":null,"category":"Footpath (pedestrian only)"},"geometry":{"type":"MultiLineString","coordinates":[[[-0.1691881,51.5209867],[-0.1691684,51.5209938],[-0.1691199,51.5210101]]]}},
{"type":"Feature","properties":{"highway":"footway","name":null,"category":"Footpath (pedestrian only)"},"geometry":{"type":"MultiLineString","coordinates":[[[-0.1691078,51.5210136],[-0.1695052,51.5214403],[-0.1696512,51.5215943],[-0.1697809,51.5217311],[-0.1698037,51.5217551],[-0.1700777,51.522024]]]}},
{"type":"Feature","properties":{"highway":"footway","name":"Bell Street","category":"Footpath (pedestrian only)"},"geometry":{"type":"MultiLineString","coordinates":[[[-0.1691199,51.5210101],[-0.1691078,51.5210136],[-0.1687029,51.5211677],[-0.1682089,51.521333],[-0.1681087,51.5213614],[-0.1676914,51.5214797],[-0.1676598,51.5214877]]]}},
{"type":"Feature","properties":{"highway":"footway","name":null,"category":"Footpath (pedestrian only)"},"geometry":{"type":"MultiLineString","coordinates":[[[-0.1676598,51.5214877],[-0.1676413,51.5214945],[-0.1676008,51.5215064]]]}},
{"type":"Feature","properties":{"highway":"footway","name":"Bell Street","category":"Footpath (pedestrian only)"},"geometry":{"type":"MultiLineString","coordinates":[[[-0.1680699,51.5212746],[-0.1680964,51.5212742],[-0.1682958,51.5212316],[-0.1688872,51.5209999],[-0.1691298,51.5208948]]]}},
{"type":"Feature","properties":{"highway":"footway","name":null,"category":"Footpath (pedestrian only)"},"geometry":{"type":"MultiLineString","coordinates":[[[-0.1680964,51.5212742],[-0.1680595,51.5212151],[-0.1677011,51.5205705],[-0.1676845,51.5205389]]]}},
{"type":"Feature","properties":{"highway":"footway","name":null,"category":"Footpath (pedestrian only)"},"geometry":{"type":"MultiLineString","coordinates":[[[-0.1691298,51.5208948],[-0.1691791,51.5208704],[-0.1692026,51.5208587]]]}},
{"type":"Feature","properties":{"highway":"footway","name":"Bell Street","category":"Footpath (pedestrian only)"},"geometry":{"type":"MultiLineString","coordinates":[[[-0.1692026,51.5208587],[-0.1695302,51.520735],[-0.1700274,51.5205521],[-0.1702982,51.5204524]]]}},
{"type":"Feature","properties":{"highway":"footway","name":null,"category":"Footpath (pedestrian only)"},"geometry":{"type":"MultiLineString","coordinates":[[[-0.1692026,51.5208587],[-0.1689537,51.5205641],[-0.1689291,51.5205714]]]}},
{"type":"Feature","properties":{"highway":"footway","name":null,"category":"Footpath (pedestrian only)"},"geometry":{"type":"MultiLineString","coordinates":[[[-0.1680699,51.5212746],[-0.168054,51.5212791],[-0.1680094,51.5212932]]]}},
{"type":"Feature","properties":{"highway":"footway","name":"Bell Street","category":"Footpath (pedestrian only)"},"geometry":{"type":"MultiLineString","coordinates":[[[-0.1680094,51.5212932],[-0.1679965,51.5213035],[-0.1675233,51.5214473],[-0.1671975,51.5215452],[-0.1671798,51.5215482]]]}},
{"type":"Feature","properties":{"highway":"footway","name":null,"category":"Footpath (pedestrian only)"},"geometry":{"type":"MultiLineString","coordinates":[[[-0.1679965,51.5213035],[-0.1679405,51.5211944],[-0.1679394,51.5211594],[-0.167867,51.5210572],[-0.1678571,51.5210407],[-0.1677065,51.5207906],[-0.1675704,51.5205564]]]}},
{"type":"Feature","properties":{"highway":"footway","name":null,"category":"Footpath (pedestrian only)"},"geometry":{"type":"MultiLineString","coordinates":[[[-0.1702964,51.5210174],[-0.1699817,51.5207105],[-0.1699942,51.5206884]]]}},
{"type":"Feature","properties":{"highway":"footway","name":null,"category":"Footpath (pedestrian only)"},"geometry":{"type":"MultiLineString","coordinates":[[[-0.1698801,51.5207272],[-0.1699307,51.5207367],[-0.170296,51.5211135],[-0.1696075,51.5214133]]]}},
{"type":"Feature","properties":{"highway":"footway","name":null,"category":"Footpath (pedestrian only)"},"geometry":{"type":"MultiLineString","coordinates":[[[-0.169666,51.5214854],[-0.1696908,51.5214581],[-0.1699036,51.5213572],[-0.1702288,51.5212058],[-0.1703411,51.5211479]]]}},
{"type":"Feature","properties":{"highway":"footway","name":null,"category":"Footpath (pedestrian only)"},"geometry":{"type":"MultiLineString","coordinates":[[[-0.1678328,51.5224258],[-0.1676309,51.5221604],[-0.1675263,51.5220138]]]}},
{"type":"Feature","properties":{"highway":"footway","name":null,"category":"Footpath (pedestrian only)"},"geometry":{"type":"MultiLineString","coordinates":[[[-0.1676479,51.5222887],[-0.1677617,51.5224266]]]}},
{"type":"Feature","properties":{"highway":"footway","name":null,"category":"Footpath (pedestrian only)"},"geometry":{"type":"MultiLineString","coordinates":[[[-0.1676479,51.5222887],[-0.1676244,51.5222489],[-0.1676124,51.5222291]]]}},
{"type":"Feature","properties":{"highway":"footway","name":null,"category":"Footpath (pedestrian only)"},"geometry":{"type":"MultiLineString","coordinates":[[[-0.1676124,51.5222291],[-0.1675156,51.5221004]]]}},
{"type":"Feature","properties":{"highway":"footway","name":null,"category":"Footpath (pedestrian only)"},"geometry":{"type":"MultiLineString","coordinates":[[[-0.1676124,51.5222291],[-0.1675236,51.5222506]]]}},
{"type":"Feature","properties":{"highway":"footway","name":null,"category":"Footpath (pedestrian only)"},"geometry":{"type":"MultiLineString","coordinates":[[[-0.1676914,51.5214797],[-0.1676762,51.521498],[-0.1682518,51.5222618]]]}},
{"type":"Feature","properties":{"highway":"footway","name":null,"category":"Footpath (pedestrian only)"},"geometry":{"type":"MultiLineString","coordinates":[[[-0.1682474,51.5224072],[-0.168238,51.5223818],[-0.168184,51.5222839],[-0.1680155,51.52203],[-0.1676253,51.5215108],[-0.1675901,51.5215097]]]}},
{"type":"Feature","properties":{"highway":"footway","name":null,"category":"Footpath (pedestrian only)"},"geometry":{"type":"MultiLineString","coordinates":[[[-0.1678328,51.5224258],[-0.1678986,51.5225018],[-0.1682282,51.5224376],[-0.1682358,51.5224255],[-0.1682474,51.5224072]]]}},
{"type":"Feature","properties":{"highway":"footway","name":null,"category":"Footpath (pedestrian only)"},"geometry":{"type":"MultiLineString","coordinates":[[[-0.1682518,51.5222618],[-0.1683009,51.5223372],[-0.1683657,51.5224367]]]}},
{"type":"Feature","properties":{"highway":"footway","name":null,"category":"Footpath (pedestrian only)"},"geometry":{"type":"MultiLineString","coordinates":[[[-0.1675156,51.5221004],[-0.1671621,51.5216431]]]}},
{"type":"Feature","properties":{"highway":"footway","name":null,"category":"Footpath (pedestrian only)"},"geometry":{"type":"MultiLineString","coordinates":[[[-0.1675263,51.5220138],[-0.1672527,51.5216145]]]}},
{"type":"Feature","properties":{"highway":"footway","name":null,"category":"Footpath (pedestrian only)"},"geometry":{"type":"MultiLineString","coordinates":[[[-0.1672324,51.5216201],[-0.1672127,51.5216267],[-0.1671705,51.5216404]]]}},
{"type":"Feature","properties":{"highway":"footway","name":null,"category":"Footpath (pedestrian only)"},"geometry":{"type":"MultiLineString","coordinates":[[[-0.1668141,51.5217525],[-0.1672129,51.5223128],[-0.1675236,51.5222506]]]}},
{"type":"Feature","properties":{"highway":"footway","name":null,"category":"Footpath (pedestrian only)"},"geometry":{"type":"MultiLineString","coordinates":[[[-0.1667092,51.5224077],[-0.1671356,51.5223243]]]}},
{"type":"Feature","properties":{"highway":"footway","name":null,"category":"Footpath (pedestrian only)"},"geometry":{"type":"MultiLineString","coordinates":[[[-0.1671448,51.5223266],[-0.1671704,51.5223188],[-0.1672035,51.5223153]]]}},
{"type":"Feature","properties":{"highway":"footway","name":"Cosway Street","category":"Footpath (pedestrian only)"},"geometry":{"type":"MultiLineString","coordinates":[[[-0.1664445,51.5224465],[-0.1664125,51.522401],[-0.1661184,51.5219747]]]}},
{"type":"Feature","properties":{"highway":"footway","name":null,"category":"Footpath (pedestrian only)"},"geometry":{"type":"MultiLineString","coordinates":[[[-0.1651929,51.5222457],[-0.1651601,51.5222023],[-0.1651313,51.52216]]]}},
{"type":"Feature","properties":{"highway":"footway","name":null,"category":"Footpath (pedestrian only)"},"geometry":{"type":"MultiLineString","coordinates":[[[-0.1649276,51.5218642],[-0.1648947,51.521873],[-0.1648092,51.5218963]]]}},
{"type":"Feature","properties":{"highway":"footway","name":null,"category":"Footpath (pedestrian only)"},"geometry":{"type":"MultiLineString","coordinates":[[[-0.1647808,51.5218878],[-0.1647905,51.5219017],[-0.1649674,51.5221738],[-0.1650394,51.5222696],[-0.1651531,51.5224055]]]}},
{"type":"Feature","properties":{"highway":"footway","name":null,"category":"Footpath (pedestrian only)"},"geometry":{"type":"MultiLineString","coordinates":[[[-0.1671798,51.5215482],[-0.1671535,51.5215544],[-0.1671206,51.5215669]]]}},
{"type":"Feature","properties":{"highway":"footway","name":"Bell Street","category":"Footpath (pedestrian only)"},"geometry":{"type":"MultiLineString","coordinates":[[[-0.1671206,51.5215669],[-0.1671063,51.5215724],[-0.1662571,51.5218231],[-0.166226,51.5218323],[-0.1662122,51.5218371]]]}},
{"type":"Feature","properties":{"highway":"footway","name":null,"category":"Footpath (pedestrian only)"},"geometry":{"type":"MultiLineString","coordinates":[[[-0.1660639,51.5216216],[-0.166029,51.5215692]]]}},
{"type":"Feature","properties":{"highway":"footway","name":"Cosway Street","category":"Footpath (pedestrian only)"},"geometry":{"type":"MultiLineString","coordinates":[[[-0.166029,51.5215692],[-0.1660425,51.5215364],[-0.1657749,51.5211398]]]}},
{"type":"Feature","properties":{"highway":"footway","name":null,"category":"Footpath (pedestrian only)"},"geometry":{"type":"MultiLineString","coordinates":[[[-0.1657749,51.5211398],[-0.1657322,51.5210741],[-0.1657212,51.5210572]]]}},
{"type":"Feature","properties":{"highway":"footway","name":"Cosway Street","category":"Footpath (pedestrian only)"},"geometry":{"type":"MultiLineString","coordinates":[[[-0.1657212,51.5210572],[-0.1656005,51.5208696]]]}},
{"type":"Feature","properties":{"highway":"footway","name":null,"category":"Footpath (pedestrian only)"},"geometry":{"type":"MultiLineString","coordinates":[[[-0.1662122,51.5218371],[-0.1661667,51.5218523],[-0.1661211,51.5218675]]]}},
{"type":"Feature","properties":{"highway":"footway","name":"Bell Street","category":"Footpath (pedestrian only)"},"geometry":{"type":"MultiLineString","coordinates":[[[-0.1661211,51.5218675],[-0.1660771,51.5218855],[-0.1660511,51.521893],[-0.1656655,51.5220048]]]}},
{"type":"Feature","properties":{"highway":"footway","name":null,"category":"Footpath (pedestrian only)"},"geometry":{"type":"MultiLineString","coordinates":[[[-0.1656496,51.5220033],[-0.1656201,51.5220115],[-0.1655989,51.5220176]]]}},
{"type":"Feature","properties":{"highway":"footway","name":"Bell Street","category":"Footpath (pedestrian only)"},"geometry":{"type":"MultiLineString","coordinates":[[[-0.1655989,51.5220176],[-0.1655881,51.5220176],[-0.1655835,51.5220237],[-0.1651275,51.5221511]]]}},
{"type":"Feature","properties":{"highway":"footway","name":null,"category":"Footpath (pedestrian only)"},"geometry":{"type":"MultiLineString","coordinates":[[[-0.1654388,51.520881],[-0.1655079,51.5208764],[-0.165566,51.5208715]]]}},
{"type":"Feature","properties":{"highway":"footway","name":null,"category":"Footpath (pedestrian only)"},"geometry":{"type":"MultiLineString","coordinates":[[[-0.1622863,51.5184],[-0.1623145,51.5183962]]]}},
{"type":"Feature","properties":{"highway":"footway","name":null,"category":"Footpath (pedestrian only)"},"geometry":{"type":"MultiLineString","coordinates":[[[-0.1625309,51.5178807],[-0.1625084,51.5178397],[-0.1624796,51.5177943],[-0.1624611,51.5177666]]]}},
{"type":"Feature","properties":{"highway":"footway","name":null,"category":"Footpath (pedestrian only)"},"geometry":{"type":"MultiLineString","coordinates":[[[-0.1509845,51.5181371],[-0.1509909,51.5181346],[-0.151004,51.5181296],[-0.1510453,51.5181312],[-0.1514318,51.5182007],[-0.1514718,51.5182168]]]}},
{"type":"Feature","properties":{"highway":"footway","name":null,"category":"Footpath (pedestrian only)"},"geometry":{"type":"MultiLineString","coordinates":[[[-0.1515107,51.5185634],[-0.1514939,51.5185661],[-0.1510181,51.5186425],[-0.1499591,51.5188034],[-0.1499445,51.518806]]]}},
{"type":"Feature","properties":{"highway":"footway","name":null,"category":"Footpath (pedestrian only)"},"geometry":{"type":"MultiLineString","coordinates":[[[-0.1509483,51.5187752],[-0.151517,51.518678]]]}},
{"type":"Feature","properties":{"highway":"footway","name":null,"category":"Footpath (pedestrian only)"},"geometry":{"type":"MultiLineString","coordinates":[[[-0.1517107,51.5187347],[-0.1517095,51.5187279],[-0.1516522,51.5183987]]]}},
{"type":"Feature","properties":{"highway":"footway","name":null,"category":"Footpath (pedestrian only)"},"geometry":{"type":"MultiLineString","coordinates":[[[-0.1534313,51.5197155],[-0.1531598,51.5197374],[-0.1530409,51.5190208],[-0.1529876,51.5187411],[-0.1529371,51.5184728],[-0.1536659,51.518504],[-0.1538215,51.5185106],[-0.1538398,51.5185071]]]}},
{"type":"Feature","properties":{"highway":"footway","name":null,"category":"Footpath (pedestrian only)"},"geometry":{"type":"MultiLineString","coordinates":[[[-0.1529876,51.5187411],[-0.1529561,51.5187432]]]}},
{"type":"Feature","properties":{"highway":"footway","name":null,"category":"Footpath (pedestrian only)"},"geometry":{"type":"MultiLineString","coordinates":[[[-0.1528589,51.5187495],[-0.1528692,51.5187488]]]}},
{"type":"Feature","properties":{"highway":"footway","name":null,"category":"Footpath (pedestrian only)"},"geometry":{"type":"MultiLineString","coordinates":[[[-0.1529561,51.5187432],[-0.1529091,51.5187462],[-0.1528692,51.5187488]]]}},
{"type":"Feature","properties":{"highway":"footway","name":null,"category":"Footpath (pedestrian only)"},"geometry":{"type":"MultiLineString","coordinates":[[[-0.1529371,51.5184728],[-0.1529189,51.5184707]]]}},
{"type":"Feature","properties":{"highway":"footway","name":null,"category":"Footpath (pedestrian only)"},"geometry":{"type":"MultiLineString","coordinates":[[[-0.1527923,51.5184558],[-0.1528,51.5184567]]]}},
{"type":"Feature","properties":{"highway":"footway","name":null,"category":"Footpath (pedestrian only)"},"geometry":{"type":"MultiLineString","coordinates":[[[-0.1529189,51.5184707],[-0.1528619,51.518464],[-0.1528,51.5184567]]]}},
{"type":"Feature","properties":{"highway":"footway","name":null,"category":"Footpath (pedestrian only)"},"geometry":{"type":"MultiLineString","coordinates":[[[-0.1516358,51.51797],[-0.1522629,51.5178979],[-0.1527379,51.5178354],[-0.1524721,51.5173228]]]}},
{"type":"Feature","properties":{"highway":"footway","name":null,"category":"Footpath (pedestrian only)"},"geometry":{"type":"MultiLineString","coordinates":[[[-0.1535321,51.5175228],[-0.1534411,51.5173515],[-0.1534347,51.5173397]]]}},
{"type":"Feature","properties":{"highway":"footway","name":null,"category":"Footpath (pedestrian only)"},"geometry":{"type":"MultiLineString","coordinates":[[[-0.1535548,51.5175696],[-0.1535374,51.5175337],[-0.1535321,51.5175228]]]}},
{"type":"Feature","properties":{"highway":"footway","name":null,"category":"Footpath (pedestrian only)"},"geometry":{"type":"MultiLineString","coordinates":[[[-0.1536208,51.5180769],[-0.1535113,51.5178313],[-0.1528186,51.5179436],[-0.1521071,51.5180223],[-0.1516301,51.5180805]]]}},
{"type":"Feature","properties":{"highway":"footway","name":null,"category":"Footpath (pedestrian only)"},"geometry":{"type":"MultiLineString","coordinates":[[[-0.1536314,51.5181007],[-0.1536257,51.5180879],[-0.1536208,51.5180769]]]}},
{"type":"Feature","properties":{"highway":"footway","name":null,"category":"Footpath (pedestrian only)"},"geometry":{"type":"MultiLineString","coordinates":[[[-0.1537872,51.5180334],[-0.1539384,51.5183602],[-0.1539465,51.5183778]]]}},
{"type":"Feature","properties":{"highway":"footway","name":null,"category":"Footpath (pedestrian only)"},"geometry":{"type":"MultiLineString","coordinates":[[[-0.1537694,51.5179984],[-0.1537746,51.5180088],[-0.1537872,51.5180334]]]}},
{"type":"Feature","properties":{"highway":"footway","name":null,"category":"Footpath (pedestrian only)"},"geometry":{"type":"MultiLineString","coordinates":[[[-0.1514975,51.5185883],[-0.1515051,51.5186186],[-0.1515173,51.5186632]]]}},
{"type":"Feature","properties":{"highway":"footway","name":null,"category":"Footpath (pedestrian only)"},"geometry":{"type":"MultiLineString","coordinates":[[[-0.1515173,51.5186632],[-0.151517,51.518678],[-0.1515253,51.5187437],[-0.1515599,51.5190181]]]}},
{"type":"Feature","properties":{"highway":"footway","name":null,"category":"Footpath (pedestrian only)"},"geometry":{"type":"MultiLineString","coordinates":[[[-0.1514975,51.5185883],[-0.1514939,51.5185661]]]}},
{"type":"Feature","properties":{"highway":"footway","name":null,"category":"Footpath (pedestrian only)"},"geometry":{"type":"MultiLineString","coordinates":[[[-0.1517107,51.5187347],[-0.1516736,51.5187357]]]}},
{"type":"Feature","properties":{"highway":"footway","name":null,"category":"Footpath (pedestrian only)"},"geometry":{"type":"MultiLineString","coordinates":[[[-0.1515711,51.5187411],[-0.1516331,51.5187381],[-0.1516736,51.5187357]]]}},
{"type":"Feature","properties":{"highway":"footway","name":null,"category":"Footpath (pedestrian only)"},"geometry":{"type":"MultiLineString","coordinates":[[[-0.1515711,51.5187411],[-0.1515253,51.5187437]]]}},
{"type":"Feature","properties":{"highway":"footway","name":null,"category":"Footpath (pedestrian only)"},"geometry":{"type":"MultiLineString","coordinates":[[[-0.1528842,51.5178199],[-0.1528067,51.517828],[-0.1527467,51.5178342]]]}},
{"type":"Feature","properties":{"highway":"footway","name":null,"category":"Footpath (pedestrian only)"},"geometry":{"type":"MultiLineString","coordinates":[[[-0.1528974,51.5178176],[-0.1528842,51.5178199]]]}},
{"type":"Feature","properties":{"highway":"footway","name":null,"category":"Footpath (pedestrian only)"},"geometry":{"type":"MultiLineString","coordinates":[[[-0.1527379,51.5178354],[-0.1527467,51.5178342]]]}},
{"type":"Feature","properties":{"highway":"footway","name":null,"category":"Footpath (pedestrian only)"},"geometry":{"type":"MultiLineString","coordinates":[[[-0.1536494,51.5177008],[-0.1536629,51.517737],[-0.1536827,51.5177905]]]}},
{"type":"Feature","properties":{"highway":"footway","name":null,"category":"Footpath (pedestrian only)"},"geometry":{"type":"MultiLineString","coordinates":[[[-0.1536494,51.5177008],[-0.1536366,51.5176735]]]}},
{"type":"Feature","properties":{"highway":"footway","name":null,"category":"Footpath (pedestrian only)"},"geometry":{"type":"MultiLineString","coordinates":[[[-0.1536827,51.5177905],[-0.1536889,51.5178026]]]}},
{"type":"Feature","properties":{"highway":"footway","name":null,"category":"Footpath (pedestrian only)"},"geometry":{"type":"MultiLineString","coordinates":[[[-0.1536057,51.5176784],[-0.1535637,51.5176849]]]}},
{"type":"Feature","properties":{"highway":"footway","name":null,"category":"Footpath (pedestrian only)"},"geometry":{"type":"MultiLineString","coordinates":[[[-0.1534916,51.5176938],[-0.1534584,51.5176986]]]}},
{"type":"Feature","properties":{"highway":"footway","name":null,"category":"Footpath (pedestrian only)"},"geometry":{"type":"MultiLineString","coordinates":[[[-0.1535637,51.5176849],[-0.1535259,51.5176895],[-0.1534916,51.5176938]]]}},
{"type":"Feature","properties":{"highway":"footway","name":null,"category":"Footpath (pedestrian only)"},"geometry":{"type":"MultiLineString","coordinates":[[[-0.1516486,51.5182568],[-0.1529143,51.518366],[-0.1535697,51.5184013],[-0.1536849,51.5183933],[-0.1537744,51.5183871],[-0.1537888,51.5183847]]]}},
{"type":"Feature","properties":{"highway":"footway","name":null,"category":"Footpath (pedestrian only)"},"geometry":{"type":"MultiLineString","coordinates":[[[-0.1539156,51.5183638],[-0.1538492,51.5183753],[-0.1537888,51.5183847]]]}},
{"type":"Feature","properties":{"highway":"footway","name":null,"category":"Footpath (pedestrian only)"},"geometry":{"type":"MultiLineString","coordinates":[[[-0.1536659,51.518504],[-0.1536677,51.5184932]]]}},
{"type":"Feature","properties":{"highway":"footway","name":null,"category":"Footpath (pedestrian only)"},"geometry":{"type":"MultiLineString","coordinates":[[[-0.1536849,51.5183933],[-0.1536785,51.5184341]]]}},
{"type":"Feature","properties":{"highway":"footway","name":null,"category":"Footpath (pedestrian only)"},"geometry":{"type":"MultiLineString","coordinates":[[[-0.1536785,51.5184341],[-0.1536731,51.5184637],[-0.1536677,51.5184932]]]}},
{"type":"Feature","properties":{"highway":"footway","name":null,"category":"Footpath (pedestrian only)"},"geometry":{"type":"MultiLineString","coordinates":[[[-0.1513758,51.5177128],[-0.1509789,51.5177527],[-0.1507369,51.5177806]]]}},
{"type":"Feature","properties":{"highway":"footway","name":null,"category":"Footpath (pedestrian only)"},"geometry":{"type":"MultiLineString","coordinates":[[[-0.1507706,51.5177092],[-0.1507723,51.5176952],[-0.1508368,51.5172915]]]}},
{"type":"Feature","properties":{"highway":"footway","name":null,"category":"Footpath (pedestrian only)"},"geometry":{"type":"MultiLineString","coordinates":[[[-0.1630245,51.517455],[-0.1634189,51.5173079],[-0.1637041,51.5171958]]]}},
{"type":"Feature","properties":{"highway":"footway","name":null,"category":"Footpath (pedestrian only)"},"geometry":{"type":"MultiLineString","coordinates":[[[-0.1633808,51.519687],[-0.1634559,51.5196829],[-0.1640251,51.5195798],[-0.1643214,51.5197161],[-0.1653583,51.5201997],[-0.1654375,51.5202144],[-0.1654882,51.5202051],[-0.1655016,51.5202026],[-0.1655371,51.520172],[-0.1655802,51.5201029],[-0.1656331,51.5199758],[-0.1656799,51.5198569],[-0.1656773,51.51984]]]}},
{"type":"Feature","properties":{"highway":"footway","name":null,"category":"Footpath (pedestrian only)"},"geometry":{"type":"MultiLineString","coordinates":[[[-0.1507898,51.5188008],[-0.1497603,51.5189715],[-0.1497327,51.5189761]]]}},
{"type":"Feature","properties":{"highway":"footway","name":null,"category":"Footpath (pedestrian only)"},"geometry":{"type":"MultiLineString","coordinates":[[[-0.1509483,51.5187752],[-0.1509333,51.5187704]]]}},
{"type":"Feature","properties":{"highway":"footway","name":null,"category":"Footpath (pedestrian only)"},"geometry":{"type":"MultiLineString","coordinates":[[[-0.1507898,51.5188008],[-0.1508035,51.5187884]]]}},
{"type":"Feature","properties":{"highway":"footway","name":null,"category":"Footpath (pedestrian only)"},"geometry":{"type":"MultiLineString","coordinates":[[[-0.1509333,51.5187704],[-0.1508735,51.5187787],[-0.1508035,51.5187884]]]}},
{"type":"Feature","properties":{"highway":"footway","name":null,"category":"Footpath (pedestrian only)"},"geometry":{"type":"MultiLineString","coordinates":[[[-0.1507716,51.5181093],[-0.1507776,51.518113],[-0.1508631,51.51811],[-0.1509248,51.5181291],[-0.150934,51.518132]]]}},
{"type":"Feature","properties":{"highway":"footway","name":null,"category":"Footpath (pedestrian only)"},"geometry":{"type":"MultiLineString","coordinates":[[[-0.1514602,51.5181373],[-0.150853,51.5180202]]]}},
{"type":"Feature","properties":{"highway":"footway","name":null,"category":"Footpath (pedestrian only)"},"geometry":{"type":"MultiLineString","coordinates":[[[-0.150653,51.5177049],[-0.1495635,51.5179019]]]}},
{"type":"Feature","properties":{"highway":"footway","name":null,"category":"Footpath (pedestrian only)"},"geometry":{"type":"MultiLineString","coordinates":[[[-0.148697,51.5190177],[-0.1487254,51.5190124],[-0.148737,51.5190103],[-0.1492478,51.5189229]]]}},
{"type":"Feature","properties":{"highway":"footway","name":null,"category":"Footpath (pedestrian only)"},"geometry":{"type":"MultiLineString","coordinates":[[[-0.1498178,51.5188237],[-0.1493328,51.517729]]]}},
{"type":"Feature","properties":{"highway":"footway","name":null,"category":"Footpath (pedestrian only)"},"geometry":{"type":"MultiLineString","coordinates":[[[-0.1492478,51.5189229],[-0.1492609,51.5189207],[-0.1492723,51.5189188]]]}},
{"type":"Feature","properties":{"highway":"footway","name":null,"category":"Footpath (pedestrian only)"},"geometry":{"type":"MultiLineString","coordinates":[[[-0.1495765,51.518992],[-0.1496303,51.5191087],[-0.1497603,51.519333],[-0.1500262,51.519892],[-0.149777,51.5199148],[-0.149716,51.5199444]]]}},
{"type":"Feature","properties":{"highway":"footway","name":null,"category":"Footpath (pedestrian only)"},"geometry":{"type":"MultiLineString","coordinates":[[[-0.1497173,51.5189716],[-0.1496573,51.5189813],[-0.1495928,51.5189917]]]}},
{"type":"Feature","properties":{"highway":"footway","name":null,"category":"Footpath (pedestrian only)"},"geometry":{"type":"MultiLineString","coordinates":[[[-0.1497327,51.5189761],[-0.1497173,51.5189716]]]}},
{"type":"Feature","properties":{"highway":"footway","name":null,"category":"Footpath (pedestrian only)"},"geometry":{"type":"MultiLineString","coordinates":[[[-0.1493365,51.5190322],[-0.1495765,51.518992],[-0.1495928,51.5189917]]]}},
{"type":"Feature","properties":{"highway":"footway","name":null,"category":"Footpath (pedestrian only)"},"geometry":{"type":"MultiLineString","coordinates":[[[-0.1497603,51.5189715],[-0.1497532,51.5189553]]]}},
{"type":"Feature","properties":{"highway":"footway","name":null,"category":"Footpath (pedestrian only)"},"geometry":{"type":"MultiLineString","coordinates":[[[-0.1497086,51.5188446],[-0.1497141,51.5188576]]]}},
{"type":"Feature","properties":{"highway":"footway","name":null,"category":"Footpath (pedestrian only)"},"geometry":{"type":"MultiLineString","coordinates":[[[-0.1497532,51.5189553],[-0.1497287,51.518894],[-0.1497141,51.5188576]]]}},
{"type":"Feature","properties":{"highway":"footway","name":null,"category":"Footpath (pedestrian only)"},"geometry":{"type":"MultiLineString","coordinates":[[[-0.1493328,51.517729],[-0.149326,51.5177163]]]}},
{"type":"Feature","properties":{"highway":"footway","name":null,"category":"Footpath (pedestrian only)"},"geometry":{"type":"MultiLineString","coordinates":[[[-0.149283,51.5176141],[-0.1492883,51.5176262]]]}},
{"type":"Feature","properties":{"highway":"footway","name":null,"category":"Footpath (pedestrian only)"},"geometry":{"type":"MultiLineString","coordinates":[[[-0.149326,51.5177163],[-0.1493096,51.5176771],[-0.1492883,51.5176262]]]}},
{"type":"Feature","properties":{"highway":"footway","name":null,"category":"Footpath (pedestrian only)"},"geometry":{"type":"MultiLineString","coordinates":[[[-0.1493029,51.5173186],[-0.1495635,51.5179019],[-0.1495665,51.5179091]]]}},
{"type":"Feature","properties":{"highway":"footway","name":null,"category":"Footpath (pedestrian only)"},"geometry":{"type":"MultiLineString","coordinates":[[[-0.1495665,51.5179091],[-0.1495814,51.5179432],[-0.1495946,51.5179736]]]}},
{"type":"Feature","properties":{"highway":"footway","name":null,"category":"Footpath (pedestrian only)"},"geometry":{"type":"MultiLineString","coordinates":[[[-0.1509845,51.5181371],[-0.1509589,51.5181345],[-0.150934,51.518132]]]}},
{"type":"Feature","properties":{"highway":"footway","name":null,"category":"Footpath (pedestrian only)"},"geometry":{"type":"MultiLineString","coordinates":[[[-0.1492723,51.5189188],[-0.1497086,51.5188446],[-0.1498178,51.5188237],[-0.1498329,51.5188214]]]}},
{"type":"Feature","properties":{"highway":"footway","name":null,"category":"Footpath (pedestrian only)"},"geometry":{"type":"MultiLineString","coordinates":[[[-0.1499445,51.518806],[-0.1498776,51.5188152],[-0.1498329,51.5188214]]]}},
{"type":"Feature","properties":{"highway":"footway","name":null,"category":"Footpath (pedestrian only)"},"geometry":{"type":"MultiLineString","coordinates":[[[-0.1507716,51.5181093],[-0.150761,51.5180789],[-0.1507553,51.5180642]]]}},
{"type":"Feature","properties":{"highway":"footway","name":null,"category":"Footpath (pedestrian only)"},"geometry":{"type":"MultiLineString","coordinates":[[[-0.150853,51.5180202],[-0.1508263,51.5180244],[-0.1507419,51.5180379]]]}},
{"type":"Feature","properties":{"highway":"footway","name":null,"category":"Footpath (pedestrian only)"},"geometry":{"type":"MultiLineString","coordinates":[[[-0.1507369,51.5177806],[-0.1507241,51.5177832]]]}},
{"type":"Feature","properties":{"highway":"footway","name":null,"category":"Footpath (pedestrian only)"},"geometry":{"type":"MultiLineString","coordinates":[[[-0.150622,51.5178025],[-0.1506344,51.5178001]]]}},
{"type":"Feature","properties":{"highway":"footway","name":null,"category":"Footpath (pedestrian only)"},"geometry":{"type":"MultiLineString","coordinates":[[[-0.1507241,51.5177832],[-0.1506925,51.5177892],[-0.1506344,51.5178001]]]}},
{"type":"Feature","properties":{"highway":"footway","name":null,"category":"Footpath (pedestrian only)"},"geometry":{"type":"MultiLineString","coordinates":[[[-0.1506168,51.517792],[-0.1506278,51.5177649],[-0.1506479,51.5177155]]]}},
{"type":"Feature","properties":{"highway":"footway","name":null,"category":"Footpath (pedestrian only)"},"geometry":{"type":"MultiLineString","coordinates":[[[-0.150622,51.5178025],[-0.1506168,51.517792]]]}},
{"type":"Feature","properties":{"highway":"footway","name":null,"category":"Footpath (pedestrian only)"},"geometry":{"type":"MultiLineString","coordinates":[[[-0.1506923,51.5174184],[-0.1507217,51.5174409],[-0.150653,51.5177049],[-0.1506479,51.5177155]]]}},
{"type":"Feature","properties":{"highway":"footway","name":null,"category":"Footpath (pedestrian only)"},"geometry":{"type":"MultiLineString","coordinates":[[[-0.150653,51.5177049],[-0.1506642,51.517703]]]}},
{"type":"Feature","properties":{"highway":"footway","name":null,"category":"Footpath (pedestrian only)"},"geometry":{"type":"MultiLineString","coordinates":[[[-0.1507706,51.5177092],[-0.1507693,51.517717]]]}},
{"type":"Feature","properties":{"highway":"footway","name":null,"category":"Footpath (pedestrian only)"},"geometry":{"type":"MultiLineString","coordinates":[[[-0.1507706,51.5177092],[-0.1507601,51.5177095]]]}},
{"type":"Feature","properties":{"highway":"footway","name":null,"category":"Footpath (pedestrian only)"},"geometry":{"type":"MultiLineString","coordinates":[[[-0.1507693,51.517717],[-0.1507509,51.5177475],[-0.1507342,51.5177753]]]}},
{"type":"Feature","properties":{"highway":"footway","name":null,"category":"Footpath (pedestrian only)"},"geometry":{"type":"MultiLineString","coordinates":[[[-0.1507369,51.5177806],[-0.1507342,51.5177753]]]}},
{"type":"Feature","properties":{"highway":"footway","name":null,"category":"Footpath (pedestrian only)"},"geometry":{"type":"MultiLineString","coordinates":[[[-0.1507601,51.5177095],[-0.1507026,51.5177056],[-0.1506642,51.517703]]]}},
{"type":"Feature","properties":{"highway":"footway","name":null,"category":"Footpath (pedestrian only)"},"geometry":{"type":"MultiLineString","coordinates":[[[-0.1507011,51.5173667],[-0.1506976,51.5173875],[-0.1506923,51.5174184]]]}},
{"type":"Feature","properties":{"highway":"footway","name":null,"category":"Footpath (pedestrian only)"},"geometry":{"type":"MultiLineString","coordinates":[[[-0.1667472,51.5217738],[-0.1670879,51.5222459],[-0.1671069,51.5222788],[-0.1671356,51.5223243]]]}},
{"type":"Feature","properties":{"highway":"footway","name":null,"category":"Footpath (pedestrian only)"},"geometry":{"type":"MultiLineString","coordinates":[[[-0.1667531,51.5217721],[-0.1667763,51.5217642],[-0.1668008,51.5217568]]]}},
{"type":"Feature","properties":{"highway":"footway","name":"Bell Street","category":"Footpath (pedestrian only)"},"geometry":{"type":"MultiLineString","coordinates":[[[-0.1667472,51.5217738],[-0.1663109,51.5219088],[-0.1662804,51.5219182],[-0.1662722,51.5219216]]]}},
{"type":"Feature","properties":{"highway":"footway","name":"Cosway Street","category":"Footpath (pedestrian only)"},"geometry":{"type":"MultiLineString","coordinates":[[[-0.1665895,51.522413],[-0.1663884,51.5221103],[-0.1662804,51.5219182]]]}},
{"type":"Feature","properties":{"highway":"footway","name":null,"category":"Footpath (pedestrian only)"},"geometry":{"type":"MultiLineString","coordinates":[[[-0.1662722,51.5219216],[-0.1662024,51.5219438],[-0.1661356,51.5219644]]]}},
{"type":"Feature","properties":{"highway":"footway","name":null,"category":"Footpath (pedestrian only)"},"geometry":{"type":"MultiLineString","coordinates":[[[-0.1656655,51.5220048],[-0.1653287,51.521487]]]}},
{"type":"Feature","properties":{"highway":"footway","name":null,"category":"Footpath (pedestrian only)"},"geometry":{"type":"MultiLineString","coordinates":[[[-0.1667514,51.5209815],[-0.1670634,51.5213738],[-0.1671975,51.5215452]]]}},
{"type":"Feature","properties":{"highway":"footway","name":null,"category":"Footpath (pedestrian only)"},"geometry":{"type":"MultiLineString","coordinates":[[[-0.1671063,51.5215724],[-0.1669381,51.5213596]]]}},
{"type":"Feature","properties":{"highway":"footway","name":null,"category":"Footpath (pedestrian only)"},"geometry":{"type":"MultiLineString","coordinates":[[[-0.1669381,51.5213596],[-0.1669147,51.5213293],[-0.1668941,51.5213015]]]}},
{"type":"Feature","properties":{"highway":"footway","name":null,"category":"Footpath (pedestrian only)"},"geometry":{"type":"MultiLineString","coordinates":[[[-0.1668941,51.5213015],[-0.1668216,51.5212084]]]}},
{"type":"Feature","properties":{"highway":"footway","name":null,"category":"Footpath (pedestrian only)"},"geometry":{"type":"MultiLineString","coordinates":[[[-0.1668216,51.5212084],[-0.1667981,51.521178],[-0.1667774,51.5211533]]]}},
{"type":"Feature","properties":{"highway":"footway","name":null,"category":"Footpath (pedestrian only)"},"geometry":{"type":"MultiLineString","coordinates":[[[-0.1667774,51.5211533],[-0.1666197,51.5209614]]]}},
{"type":"Feature","properties":{"highway":"footway","name":null,"category":"Footpath (pedestrian only)"},"geometry":{"type":"MultiLineString","coordinates":[[[-0.1585436,51.5240666],[-0.1581089,51.5231411],[-0.158107,51.5231367],[-0.1580993,51.5231191],[-0.1581214,51.5231149],[-0.1585389,51.5230385]]]}},
{"type":"Feature","properties":{"highway":"footway","name":null,"category":"Footpath (pedestrian only)"},"geometry":{"type":"MultiLineString","coordinates":[[[-0.1581149,51.5231006],[-0.1580998,51.5230676],[-0.1580866,51.5230387]]]}},
{"type":"Feature","properties":{"highway":"footway","name":null,"category":"Footpath (pedestrian only)"},"geometry":{"type":"MultiLineString","coordinates":[[[-0.1580582,51.5230249],[-0.158034,51.522976],[-0.1579942,51.5228957],[-0.1576827,51.5222667]]]}},
{"type":"Feature","properties":{"highway":"footway","name":null,"category":"Footpath (pedestrian only)"},"geometry":{"type":"MultiLineString","coordinates":[[[-0.1580582,51.5230249],[-0.1580788,51.5230211],[-0.1584194,51.5229599],[-0.1589125,51.5228712],[-0.1587699,51.5225665],[-0.1586872,51.522399]]]}},
{"type":"Feature","properties":{"highway":"footway","name":null,"category":"Footpath (pedestrian only)"},"geometry":{"type":"MultiLineString","coordinates":[[[-0.1581089,51.5231411],[-0.1580664,51.5231478]]]}},
{"type":"Feature","properties":{"highway":"footway","name":null,"category":"Footpath (pedestrian only)"},"geometry":{"type":"MultiLineString","coordinates":[[[-0.1580664,51.5231478],[-0.1579982,51.5231582],[-0.1579265,51.5231692]]]}},
{"type":"Feature","properties":{"highway":"footway","name":null,"category":"Footpath (pedestrian only)"},"geometry":{"type":"MultiLineString","coordinates":[[[-0.1578928,51.5231744],[-0.1582589,51.5239688],[-0.1582266,51.5240061],[-0.1581941,51.5240137],[-0.1581302,51.5240241],[-0.1569215,51.523518],[-0.1567993,51.5234668]]]}},
{"type":"Feature","properties":{"highway":"footway","name":null,"category":"Footpath (pedestrian only)"},"geometry":{"type":"MultiLineString","coordinates":[[[-0.157501,51.5223633],[-0.157819,51.5230164],[-0.1578645,51.5231166],[-0.1578928,51.5231744]]]}},
{"type":"Feature","properties":{"highway":"footway","name":null,"category":"Footpath (pedestrian only)"},"geometry":{"type":"MultiLineString","coordinates":[[[-0.1592871,51.5229029],[-0.1590941,51.5229367],[-0.159322,51.5234201]]]}},
{"type":"Feature","properties":{"highway":"footway","name":null,"category":"Footpath (pedestrian only)"},"geometry":{"type":"MultiLineString","coordinates":[[[-0.1590941,51.5229367],[-0.1590501,51.5229448],[-0.1589767,51.5229582]]]}},
{"type":"Feature","properties":{"highway":"footway","name":null,"category":"Footpath (pedestrian only)"},"geometry":{"type":"MultiLineString","coordinates":[[[-0.1589563,51.522962],[-0.1591788,51.5234091],[-0.1593103,51.523696],[-0.1594694,51.5240309]]]}},
{"type":"Feature","properties":{"highway":"footway","name":null,"category":"Footpath (pedestrian only)"},"geometry":{"type":"MultiLineString","coordinates":[[[-0.1585494,51.5230366],[-0.1585745,51.523032],[-0.158592,51.5230288]]]}},
{"type":"Feature","properties":{"highway":"footway","name":null,"category":"Footpath (pedestrian only)"},"geometry":{"type":"MultiLineString","coordinates":[[[-0.1586035,51.5230267],[-0.1589563,51.522962]]]}},
{"type":"Feature","properties":{"highway":"footway","name":null,"category":"Footpath (pedestrian only)"},"geometry":{"type":"MultiLineString","coordinates":[[[-0.1592804,51.5227808],[-0.1590637,51.5228161],[-0.1588448,51.5223054]]]}},
{"type":"Feature","properties":{"highway":"footway","name":null,"category":"Footpath (pedestrian only)"},"geometry":{"type":"MultiLineString","coordinates":[[[-0.1589221,51.5228724],[-0.1590096,51.5228568],[-0.1590676,51.5228465]]]}},
{"type":"Feature","properties":{"highway":"footway","name":null,"category":"Footpath (pedestrian only)"},"geometry":{"type":"MultiLineString","coordinates":[[[-0.1590676,51.5228465],[-0.1590637,51.5228161]]]}},
{"type":"Feature","properties":{"highway":"footway","name":null,"category":"Footpath (pedestrian only)"},"geometry":{"type":"MultiLineString","coordinates":[[[-0.1594694,51.5240309],[-0.159313,51.5240589],[-0.1592822,51.5240441],[-0.1590955,51.5239407],[-0.1588066,51.5233303],[-0.1587103,51.5231409],[-0.1586946,51.5231438],[-0.1586868,51.5231275],[-0.1586555,51.5231328],[-0.1586035,51.5230267]]]}},
{"type":"Feature","properties":{"highway":"footway","name":null,"category":"Footpath (pedestrian only)"},"geometry":{"type":"MultiLineString","coordinates":[[[-0.1594851,51.524064],[-0.1592899,51.5240992],[-0.1592719,51.5241022],[-0.1592535,51.5240982],[-0.1590193,51.5239783],[-0.1590014,51.5239642],[-0.1587236,51.5233522]]]}},
{"type":"Feature","properties":{"highway":"footway","name":null,"category":"Footpath (pedestrian only)"},"geometry":{"type":"MultiLineString","coordinates":[[[-0.1587236,51.5233522],[-0.1586368,51.5232065]]]}},
{"type":"Feature","properties":{"highway":"footway","name":null,"category":"Footpath (pedestrian only)"},"geometry":{"type":"MultiLineString","coordinates":[[[-0.1586368,51.5232065],[-0.1585539,51.5230422],[-0.1585389,51.5230385]]]}},
{"type":"Feature","properties":{"highway":"footway","name":"Harrow Road","category":"Footpath (pedestrian only)"},"geometry":{"type":"MultiLineString","coordinates":[[[-0.1706866,51.5201953],[-0.1708757,51.5201179],[-0.1712521,51.5201392]]]}},
{"type":"Feature","properties":{"highway":"footway","name":null,"category":"Footpath (pedestrian only)"},"geometry":{"type":"MultiLineString","coordinates":[[[-0.1705673,51.520438],[-0.1705145,51.5204027],[-0.170451,51.5203602]]]}},
{"type":"Feature","properties":{"highway":"footway","name":"Bell Street","category":"Footpath (pedestrian only)"},"geometry":{"type":"MultiLineString","coordinates":[[[-0.1704461,51.5203545],[-0.1702982,51.5204524]]]}},
{"type":"Feature","properties":{"highway":"footway","name":null,"category":"Footpath (pedestrian only)"},"geometry":{"type":"MultiLineString","coordinates":[[[-0.1706014,51.5197632],[-0.1711557,51.5197693],[-0.1720081,51.5197602],[-0.1720172,51.5197601]]]}},
{"type":"Feature","properties":{"highway":"footway","name":null,"category":"Footpath (pedestrian only)"},"geometry":{"type":"MultiLineString","coordinates":[[[-0.1699254,51.5189646],[-0.1704723,51.519339],[-0.1716052,51.519341],[-0.1717405,51.5193319],[-0.1719297,51.519299]]]}},
{"type":"Feature","properties":{"highway":"footway","name":null,"category":"Footpath (pedestrian only)"},"geometry":{"type":"MultiLineString","coordinates":[[[-0.1719902,51.51948],[-0.1720081,51.5197602]]]}},
{"type":"Feature","properties":{"highway":"footway","name":null,"category":"Footpath (pedestrian only)"},"geometry":{"type":"MultiLineString","coordinates":[[[-0.1719902,51.51948],[-0.171875,51.5194257]]]}},
{"type":"Feature","properties":{"highway":"footway","name":null,"category":"Footpath (pedestrian only)"},"geometry":{"type":"MultiLineString","coordinates":[[[-0.171875,51.5194257],[-0.171827,51.5193938],[-0.1707571,51.5193968]]]}},
{"type":"Feature","properties":{"highway":"footway","name":"Newcastle Place","category":"Footpath (pedestrian only)"},"geometry":{"type":"MultiLineString","coordinates":[[[-0.1726888,51.5204708],[-0.1725523,51.5204901],[-0.1725316,51.5205069],[-0.1723655,51.5205202],[-0.1719732,51.5205897],[-0.1717501,51.5206415],[-0.1716426,51.5206935]]]}},
{"type":"Feature","properties":{"highway":"footway","name":null,"category":"Footpath (pedestrian only)"},"geometry":{"type":"MultiLineString","coordinates":[[[-0.1716426,51.5206935],[-0.1715522,51.5207287]]]}},
{"type":"Feature","properties":{"highway":"footway","name":"Newcastle Place","category":"Footpath (pedestrian only)"},"geometry":{"type":"MultiLineString","coordinates":[[[-0.1726678,51.5204127],[-0.1725806,51.5204357],[-0.172425,51.5204309],[-0.172371,51.5204327],[-0.1717347,51.5205678],[-0.1716436,51.5206044],[-0.1716212,51.5206149],[-0.171523,51.5206609],[-0.1714435,51.5206982]]]}},
{"type":"Feature","properties":{"highway":"footway","name":null,"category":"Footpath (pedestrian only)"},"geometry":{"type":"MultiLineString","coordinates":[[[-0.153441,51.5197845],[-0.1530183,51.5198076],[-0.1530705,51.5202228],[-0.1530723,51.5202345],[-0.1530777,51.5202648]]]}},
{"type":"Feature","properties":{"highway":"footway","name":null,"category":"Footpath (pedestrian only)"},"geometry":{"type":"MultiLineString","coordinates":[[[-0.153033,51.5202653],[-0.1529656,51.5198095],[-0.1525458,51.5198351],[-0.1525978,51.5202554]]]}},
{"type":"Feature","properties":{"highway":"footway","name":null,"category":"Footpath (pedestrian only)"},"geometry":{"type":"MultiLineString","coordinates":[[[-0.1525474,51.5202583],[-0.1525039,51.5198392],[-0.1518627,51.5198767],[-0.1518841,51.5200439],[-0.1519889,51.5206427]]]}},
{"type":"Feature","properties":{"highway":"footway","name":null,"category":"Footpath (pedestrian only)"},"geometry":{"type":"MultiLineString","coordinates":[[[-0.1518098,51.520653],[-0.1516939,51.5200529],[-0.1516874,51.5200194],[-0.151665,51.5200192],[-0.1513418,51.5200282],[-0.1510176,51.5200732],[-0.1510512,51.5201749],[-0.1510397,51.5201924]]]}},
{"type":"Feature","properties":{"highway":"footway","name":null,"category":"Footpath (pedestrian only)"},"geometry":{"type":"MultiLineString","coordinates":[[[-0.1509797,51.5190098],[-0.1511283,51.5199453],[-0.1516663,51.5199341],[-0.1516886,51.5199335],[-0.1515892,51.5192266],[-0.1515599,51.5190181]]]}},
{"type":"Feature","properties":{"highway":"footway","name":null,"category":"Footpath (pedestrian only)"},"geometry":{"type":"MultiLineString","coordinates":[[[-0.1518542,51.5198206],[-0.1518556,51.5198297]]]}},
{"type":"Feature","properties":{"highway":"footway","name":null,"category":"Footpath (pedestrian only)"},"geometry":{"type":"MultiLineString","coordinates":[[[-0.1518627,51.5198767],[-0.1518615,51.519869]]]}},
{"type":"Feature","properties":{"highway":"footway","name":null,"category":"Footpath (pedestrian only)"},"geometry":{"type":"MultiLineString","coordinates":[[[-0.1518615,51.519869],[-0.1518578,51.5198443],[-0.1518556,51.5198297]]]}},
{"type":"Feature","properties":{"highway":"footway","name":null,"category":"Footpath (pedestrian only)"},"geometry":{"type":"MultiLineString","coordinates":[[[-0.1516663,51.5199341],[-0.1516661,51.5199464]]]}},
{"type":"Feature","properties":{"highway":"footway","name":null,"category":"Footpath (pedestrian only)"},"geometry":{"type":"MultiLineString","coordinates":[[[-0.151665,51.5200192],[-0.1516651,51.5200096]]]}},
{"type":"Feature","properties":{"highway":"footway","name":null,"category":"Footpath (pedestrian only)"},"geometry":{"type":"MultiLineString","coordinates":[[[-0.1516651,51.5200096],[-0.1516657,51.5199766],[-0.1516661,51.5199464]]]}},
{"type":"Feature","properties":{"highway":"footway","name":null,"category":"Footpath (pedestrian only)"},"geometry":{"type":"MultiLineString","coordinates":[[[-0.1518841,51.5200439],[-0.151864,51.5200446]]]}},
{"type":"Feature","properties":{"highway":"footway","name":null,"category":"Footpath (pedestrian only)"},"geometry":{"type":"MultiLineString","coordinates":[[[-0.1517221,51.520051],[-0.1516939,51.5200529]]]}},
{"type":"Feature","properties":{"highway":"footway","name":null,"category":"Footpath (pedestrian only)"},"geometry":{"type":"MultiLineString","coordinates":[[[-0.151864,51.5200446],[-0.1517971,51.5200476],[-0.1517221,51.520051]]]}},
{"type":"Feature","properties":{"highway":"footway","name":null,"category":"Footpath (pedestrian only)"},"geometry":{"type":"MultiLineString","coordinates":[[[-0.1530183,51.5198076],[-0.1529955,51.5198084],[-0.1529656,51.5198095]]]}},
{"type":"Feature","properties":{"highway":"footway","name":null,"category":"Footpath (pedestrian only)"},"geometry":{"type":"MultiLineString","coordinates":[[[-0.1525039,51.5198392],[-0.1525265,51.519837],[-0.1525458,51.5198351]]]}},
{"type":"Feature","properties":{"highway":"footway","name":null,"category":"Footpath (pedestrian only)"},"geometry":{"type":"MultiLineString","coordinates":[[[-0.1517417,51.51922],[-0.151689,51.5192224],[-0.1516023,51.5192265]]]}},
{"type":"Feature","properties":{"highway":"footway","name":null,"category":"Footpath (pedestrian only)"},"geometry":{"type":"MultiLineString","coordinates":[[[-0.1517679,51.519219],[-0.1517417,51.51922]]]}},
{"type":"Feature","properties":{"highway":"footway","name":null,"category":"Footpath (pedestrian only)"},"geometry":{"type":"MultiLineString","coordinates":[[[-0.1516023,51.5192265],[-0.1515892,51.5192266]]]}},
{"type":"Feature","properties":{"highway":"footway","name":null,"category":"Footpath (pedestrian only)"},"geometry":{"type":"MultiLineString","coordinates":[[[-0.1509643,51.5200806],[-0.1503651,51.5201825],[-0.1503427,51.5201864]]]}},
{"type":"Feature","properties":{"highway":"footway","name":null,"category":"Footpath (pedestrian only)"},"geometry":{"type":"MultiLineString","coordinates":[[[-0.1503265,51.5200856],[-0.1503399,51.5201203],[-0.1503552,51.5201597]]]}},
{"type":"Feature","properties":{"highway":"footway","name":null,"category":"Footpath (pedestrian only)"},"geometry":{"type":"MultiLineString","coordinates":[[[-0.150217,51.5202083],[-0.1502597,51.5202009],[-0.1503427,51.5201864]]]}},
{"type":"Feature","properties":{"highway":"footway","name":null,"category":"Footpath (pedestrian only)"},"geometry":{"type":"MultiLineString","coordinates":[[[-0.1506343,51.5199926],[-0.15049,51.5195633],[-0.1508782,51.5195056],[-0.150955,51.5199563],[-0.1506372,51.5200039],[-0.1506343,51.5199926]]]}},
{"type":"Feature","properties":{"highway":"footway","name":null,"category":"Footpath (pedestrian only)"},"geometry":{"type":"MultiLineString","coordinates":[[[-0.1509864,51.5199542],[-0.1510424,51.5199502],[-0.1511067,51.5199456]]]}},
{"type":"Feature","properties":{"highway":"footway","name":null,"category":"Footpath (pedestrian only)"},"geometry":{"type":"MultiLineString","coordinates":[[[-0.1511283,51.5199453],[-0.1511067,51.5199456]]]}},
{"type":"Feature","properties":{"highway":"footway","name":null,"category":"Footpath (pedestrian only)"},"geometry":{"type":"MultiLineString","coordinates":[[[-0.1509864,51.5199542],[-0.150955,51.5199563]]]}},
{"type":"Feature","properties":{"highway":"footway","name":null,"category":"Footpath (pedestrian only)"},"geometry":{"type":"MultiLineString","coordinates":[[[-0.1509643,51.5200806],[-0.1510042,51.5200748],[-0.1510176,51.5200732]]]}},
{"type":"Feature","properties":{"highway":"footway","name":null,"category":"Footpath (pedestrian only)"},"geometry":{"type":"MultiLineString","coordinates":[[[-0.1505538,51.5200201],[-0.1505008,51.5198835],[-0.1503827,51.5195776],[-0.1500593,51.5196328],[-0.1502089,51.5199183]]]}},
{"type":"Feature","properties":{"highway":"footway","name":null,"category":"Footpath (pedestrian only)"},"geometry":{"type":"MultiLineString","coordinates":[[[-0.1502089,51.5199183],[-0.1502146,51.51993],[-0.1502343,51.5199706]]]}},
{"type":"Feature","properties":{"highway":"footway","name":null,"category":"Footpath (pedestrian only)"},"geometry":{"type":"MultiLineString","coordinates":[[[-0.1502343,51.5199706],[-0.1502833,51.5200701],[-0.1503179,51.5200637],[-0.1505538,51.5200201]]]}},
{"type":"Feature","properties":{"highway":"footway","name":null,"category":"Footpath (pedestrian only)"},"geometry":{"type":"MultiLineString","coordinates":[[[-0.1505643,51.5200181],[-0.1505929,51.5200125],[-0.1506276,51.5200058]]]}},
{"type":"Feature","properties":{"highway":"footway","name":null,"category":"Footpath (pedestrian only)"},"geometry":{"type":"MultiLineString","coordinates":[[[-0.1506372,51.5200039],[-0.1506276,51.5200058]]]}},
{"type":"Feature","properties":{"highway":"footway","name":null,"category":"Footpath (pedestrian only)"},"geometry":{"type":"MultiLineString","coordinates":[[[-0.1505538,51.5200201],[-0.1505643,51.5200181]]]}},
{"type":"Feature","properties":{"highway":"footway","name":null,"category":"Footpath (pedestrian only)"},"geometry":{"type":"MultiLineString","coordinates":[[[-0.1503265,51.5200856],[-0.1503179,51.5200637]]]}},
{"type":"Feature","properties":{"highway":"footway","name":null,"category":"Footpath (pedestrian only)"},"geometry":{"type":"MultiLineString","coordinates":[[[-0.1502833,51.5200701],[-0.1502677,51.5200739]]]}},
{"type":"Feature","properties":{"highway":"footway","name":null,"category":"Footpath (pedestrian only)"},"geometry":{"type":"MultiLineString","coordinates":[[[-0.1500349,51.5198999],[-0.1500432,51.5199274],[-0.1500472,51.5199382]]]}},
{"type":"Feature","properties":{"highway":"footway","name":null,"category":"Footpath (pedestrian only)"},"geometry":{"type":"MultiLineString","coordinates":[[[-0.1500262,51.519892],[-0.1500349,51.5198999]]]}},
{"type":"Feature","properties":{"highway":"footway","name":null,"category":"Footpath (pedestrian only)"},"geometry":{"type":"MultiLineString","coordinates":[[[-0.1500472,51.5199382],[-0.1500498,51.5199477]]]}},
{"type":"Feature","properties":{"highway":"footway","name":null,"category":"Footpath (pedestrian only)"},"geometry":{"type":"MultiLineString","coordinates":[[[-0.149716,51.5199444],[-0.1497756,51.5199619],[-0.1500498,51.5199477],[-0.1501166,51.5200941],[-0.1501226,51.5201072]]]}},
{"type":"Feature","properties":{"highway":"footway","name":null,"category":"Footpath (pedestrian only)"},"geometry":{"type":"MultiLineString","coordinates":[[[-0.149256,51.5202441],[-0.1492529,51.5202373],[-0.148755,51.5191497],[-0.1487499,51.5191386]]]}},
{"type":"Feature","properties":{"highway":"footway","name":null,"category":"Footpath (pedestrian only)"},"geometry":{"type":"MultiLineString","coordinates":[[[-0.1492832,51.5190416],[-0.1493216,51.5190347],[-0.1493365,51.5190322]]]}},
{"type":"Feature","properties":{"highway":"footway","name":null,"category":"Footpath (pedestrian only)"},"geometry":{"type":"MultiLineString","coordinates":[[[-0.150131,51.5200919],[-0.1501975,51.5200831],[-0.1502677,51.5200739]]]}},
{"type":"Feature","properties":{"highway":"footway","name":null,"category":"Footpath (pedestrian only)"},"geometry":{"type":"MultiLineString","coordinates":[[[-0.1501226,51.5201072],[-0.150154,51.5201506],[-0.1501837,51.5201916]]]}},
{"type":"Feature","properties":{"highway":"footway","name":null,"category":"Footpath (pedestrian only)"},"geometry":{"type":"MultiLineString","coordinates":[[[-0.1491101,51.5202679],[-0.1491058,51.5202586],[-0.1486028,51.5191662],[-0.1485973,51.5191542]]]}},
{"type":"Feature","properties":{"highway":"footway","name":null,"category":"Footpath (pedestrian only)"},"geometry":{"type":"MultiLineString","coordinates":[[[-0.148693,51.5190112],[-0.1486675,51.5190163]]]}},
{"type":"Feature","properties":{"highway":"footway","name":null,"category":"Footpath (pedestrian only)"},"geometry":{"type":"MultiLineString","coordinates":[[[-0.1487254,51.5190124],[-0.1487317,51.5190288]]]}},
{"type":"Feature","properties":{"highway":"footway","name":null,"category":"Footpath (pedestrian only)"},"geometry":{"type":"MultiLineString","coordinates":[[[-0.1487766,51.5191337],[-0.1487697,51.5191185]]]}},
{"type":"Feature","properties":{"highway":"footway","name":null,"category":"Footpath (pedestrian only)"},"geometry":{"type":"MultiLineString","coordinates":[[[-0.148755,51.5191497],[-0.1487333,51.5191535]]]}},
{"type":"Feature","properties":{"highway":"footway","name":null,"category":"Footpath (pedestrian only)"},"geometry":{"type":"MultiLineString","coordinates":[[[-0.1486028,51.5191662],[-0.1486156,51.5191638]]]}},
{"type":"Feature","properties":{"highway":"footway","name":null,"category":"Footpath (pedestrian only)"},"geometry":{"type":"MultiLineString","coordinates":[[[-0.148543,51.5191643],[-0.14854,51.519157]]]}},
{"type":"Feature","properties":{"highway":"footway","name":null,"category":"Footpath (pedestrian only)"},"geometry":{"type":"MultiLineString","coordinates":[[[-0.1485425,51.5190385],[-0.1484934,51.5190472],[-0.1482278,51.5190942],[-0.147219,51.5192836],[-0.1471868,51.5192895],[-0.1471791,51.519273],[-0.1469487,51.5187624],[-0.146948,51.5187608]]]}},
{"type":"Feature","properties":{"highway":"footway","name":null,"category":"Footpath (pedestrian only)"},"geometry":{"type":"MultiLineString","coordinates":[[[-0.1484934,51.5190472],[-0.1484999,51.51906]]]}},
{"type":"Feature","properties":{"highway":"footway","name":null,"category":"Footpath (pedestrian only)"},"geometry":{"type":"MultiLineString","coordinates":[[[-0.14854,51.519157],[-0.1485226,51.5191148],[-0.1484999,51.51906]]]}},
{"type":"Feature","properties":{"highway":"footway","name":null,"category":"Footpath (pedestrian only)"},"geometry":{"type":"MultiLineString","coordinates":[[[-0.1485569,51.51903],[-0.1485403,51.5190339]]]}},
{"type":"Feature","properties":{"highway":"footway","name":null,"category":"Footpath (pedestrian only)"},"geometry":{"type":"MultiLineString","coordinates":[[[-0.1486675,51.5190163],[-0.1486191,51.5190227],[-0.1485569,51.51903]]]}},
{"type":"Feature","properties":{"highway":"footway","name":null,"category":"Footpath (pedestrian only)"},"geometry":{"type":"MultiLineString","coordinates":[[[-0.1487697,51.5191185],[-0.1487507,51.5190737],[-0.1487317,51.5190288]]]}},
{"type":"Feature","properties":{"highway":"footway","name":null,"category":"Footpath (pedestrian only)"},"geometry":{"type":"MultiLineString","coordinates":[[[-0.1487333,51.5191535],[-0.14868,51.5191582],[-0.1486156,51.5191638]]]}},
{"type":"Feature","properties":{"highway":"footway","name":null,"category":"Footpath (pedestrian only)"},"geometry":{"type":"MultiLineString","coordinates":[[[-0.1508494,51.5191685],[-0.1508733,51.5193981],[-0.150005,51.5195336],[-0.1499026,51.5193222],[-0.1508494,51.5191685]]]}},
{"type":"Feature","properties":{"highway":"footway","name":null,"category":"Footpath (pedestrian only)"},"geometry":{"type":"MultiLineString","coordinates":[[[-0.1508494,51.5191685],[-0.1508495,51.5191573]]]}},
{"type":"Feature","properties":{"highway":"footway","name":null,"category":"Footpath (pedestrian only)"},"geometry":{"type":"MultiLineString","coordinates":[[[-0.1508459,51.5190817],[-0.1508484,51.5190955]]]}},
{"type":"Feature","properties":{"highway":"footway","name":null,"category":"Footpath (pedestrian only)"},"geometry":{"type":"MultiLineString","coordinates":[[[-0.1508495,51.5191573],[-0.1508489,51.5191211],[-0.1508484,51.5190955]]]}},
{"type":"Feature","properties":{"highway":"footway","name":null,"category":"Footpath (pedestrian only)"},"geometry":{"type":"MultiLineString","coordinates":[[[-0.1499026,51.5193222],[-0.1498984,51.5193115]]]}},
{"type":"Feature","properties":{"highway":"footway","name":null,"category":"Footpath (pedestrian only)"},"geometry":{"type":"MultiLineString","coordinates":[[[-0.1498651,51.5192472],[-0.1498756,51.5192609]]]}},
{"type":"Feature","properties":{"highway":"footway","name":null,"category":"Footpath (pedestrian only)"},"geometry":{"type":"MultiLineString","coordinates":[[[-0.1498984,51.5193115],[-0.1498843,51.5192803],[-0.1498756,51.5192609]]]}},
{"type":"Feature","properties":{"highway":"footway","name":null,"category":"Footpath (pedestrian only)"},"geometry":{"type":"MultiLineString","coordinates":[[[-0.1500593,51.5196328],[-0.1500564,51.5196265]]]}},
{"type":"Feature","properties":{"highway":"footway","name":null,"category":"Footpath (pedestrian only)"},"geometry":{"type":"MultiLineString","coordinates":[[[-0.150005,51.5195336],[-0.1500145,51.5195468]]]}},
{"type":"Feature","properties":{"highway":"footway","name":null,"category":"Footpath (pedestrian only)"},"geometry":{"type":"MultiLineString","coordinates":[[[-0.1500564,51.5196265],[-0.1500342,51.5195842],[-0.1500145,51.5195468]]]}},
{"type":"Feature","properties":{"highway":"footway","name":null,"category":"Footpath (pedestrian only)"},"geometry":{"type":"MultiLineString","coordinates":[[[-0.1508782,51.5195056],[-0.1508759,51.5194946]]]}},
{"type":"Feature","properties":{"highway":"footway","name":null,"category":"Footpath (pedestrian only)"},"geometry":{"type":"MultiLineString","coordinates":[[[-0.1508733,51.5193981],[-0.1508729,51.5194116]]]}},
{"type":"Feature","properties":{"highway":"footway","name":null,"category":"Footpath (pedestrian only)"},"geometry":{"type":"MultiLineString","coordinates":[[[-0.1508759,51.5194946],[-0.1508741,51.5194449],[-0.1508729,51.5194116]]]}},
{"type":"Feature","properties":{"highway":"footway","name":null,"category":"Footpath (pedestrian only)"},"geometry":{"type":"MultiLineString","coordinates":[[[-0.15049,51.5195633],[-0.1504773,51.519565]]]}},
{"type":"Feature","properties":{"highway":"footway","name":null,"category":"Footpath (pedestrian only)"},"geometry":{"type":"MultiLineString","coordinates":[[[-0.1503827,51.5195776],[-0.1503943,51.5195755]]]}},
{"type":"Feature","properties":{"highway":"footway","name":null,"category":"Footpath (pedestrian only)"},"geometry":{"type":"MultiLineString","coordinates":[[[-0.1504773,51.519565],[-0.1504494,51.5195685],[-0.1503943,51.5195755]]]}},
{"type":"Feature","properties":{"highway":"footway","name":null,"category":"Footpath (pedestrian only)"},"geometry":{"type":"MultiLineString","coordinates":[[[-0.146927,51.5187102],[-0.1466828,51.5181828],[-0.148055,51.5179482],[-0.1480883,51.5179422]]]}},
{"type":"Feature","properties":{"highway":"footway","name":null,"category":"Footpath (pedestrian only)"},"geometry":{"type":"MultiLineString","coordinates":[[[-0.1468512,51.5167714],[-0.1474364,51.5166708],[-0.1474752,51.5166641],[-0.1474882,51.5166917],[-0.1480201,51.517825],[-0.1480232,51.5178315]]]}},
{"type":"Feature","properties":{"highway":"footway","name":null,"category":"Footpath (pedestrian only)"},"geometry":{"type":"MultiLineString","coordinates":[[[-0.1493328,51.517729],[-0.1482305,51.5179211],[-0.1481989,51.5179266],[-0.1481585,51.5179335]]]}},
{"type":"Feature","properties":{"highway":"footway","name":null,"category":"Footpath (pedestrian only)"},"geometry":{"type":"MultiLineString","coordinates":[[[-0.1481585,51.5179335],[-0.1481303,51.517937],[-0.1480883,51.5179422]]]}},
{"type":"Feature","properties":{"highway":"footway","name":null,"category":"Footpath (pedestrian only)"},"geometry":{"type":"MultiLineString","coordinates":[[[-0.1482227,51.517907],[-0.1482069,51.5178658],[-0.1481943,51.5178329]]]}},
{"type":"Feature","properties":{"highway":"footway","name":null,"category":"Footpath (pedestrian only)"},"geometry":{"type":"MultiLineString","coordinates":[[[-0.1482305,51.5179211],[-0.1482227,51.517907]]]}},
{"type":"Feature","properties":{"highway":"footway","name":null,"category":"Footpath (pedestrian only)"},"geometry":{"type":"MultiLineString","coordinates":[[[-0.148182,51.5178092],[-0.1481943,51.5178329]]]}},
{"type":"Feature","properties":{"highway":"footway","name":null,"category":"Footpath (pedestrian only)"},"geometry":{"type":"MultiLineString","coordinates":[[[-0.1481449,51.5178083],[-0.1481232,51.5178117]]]}},
{"type":"Feature","properties":{"highway":"footway","name":null,"category":"Footpath (pedestrian only)"},"geometry":{"type":"MultiLineString","coordinates":[[[-0.1480201,51.517825],[-0.1480364,51.5178225]]]}},
{"type":"Feature","properties":{"highway":"footway","name":null,"category":"Footpath (pedestrian only)"},"geometry":{"type":"MultiLineString","coordinates":[[[-0.1481232,51.5178117],[-0.148086,51.5178163],[-0.1480364,51.5178225]]]}},
{"type":"Feature","properties":{"highway":"footway","name":null,"category":"Footpath (pedestrian only)"},"geometry":{"type":"MultiLineString","coordinates":[[[-0.1480437,51.5179231],[-0.148055,51.5179482],[-0.1485159,51.5189826],[-0.1485403,51.5190339],[-0.1485425,51.5190385]]]}},
{"type":"Feature","properties":{"highway":"footway","name":null,"category":"Footpath (pedestrian only)"},"geometry":{"type":"MultiLineString","coordinates":[[[-0.1480045,51.5178348],[-0.1480128,51.5178532]]]}},
{"type":"Feature","properties":{"highway":"footway","name":null,"category":"Footpath (pedestrian only)"},"geometry":{"type":"MultiLineString","coordinates":[[[-0.1480437,51.5179231],[-0.1480312,51.5178948],[-0.1480128,51.5178532]]]}},
{"type":"Feature","properties":{"highway":"footway","name":null,"category":"Footpath (pedestrian only)"},"geometry":{"type":"MultiLineString","coordinates":[[[-0.1703015,51.519323],[-0.1697937,51.5189763],[-0.1697585,51.518954],[-0.1694181,51.519145],[-0.1693797,51.5191433],[-0.1692855,51.5192028],[-0.1692545,51.5192556]]]}},
{"type":"Feature","properties":{"highway":"footway","name":null,"category":"Footpath (pedestrian only)"},"geometry":{"type":"MultiLineString","coordinates":[[[-0.1699254,51.5189646],[-0.1698502,51.518911],[-0.1698344,51.5189141]]]}},
{"type":"Feature","properties":{"highway":"footway","name":null,"category":"Footpath (pedestrian only)"},"geometry":{"type":"MultiLineString","coordinates":[[[-0.169934,51.5188455],[-0.1698681,51.5188801],[-0.1698502,51.518911]]]}},
{"type":"Feature","properties":{"highway":"footway","name":null,"category":"Footpath (pedestrian only)"},"geometry":{"type":"MultiLineString","coordinates":[[[-0.1697585,51.518954],[-0.1698006,51.5189328],[-0.1698344,51.5189141]]]}},
{"type":"Feature","properties":{"highway":"footway","name":null,"category":"Footpath (pedestrian only)"},"geometry":{"type":"MultiLineString","coordinates":[[[-0.1692344,51.5192888],[-0.1692545,51.5192556],[-0.1692179,51.5192306]]]}},
{"type":"Feature","properties":{"highway":"footway","name":null,"category":"Footpath (pedestrian only)"},"geometry":{"type":"MultiLineString","coordinates":[[[-0.1697465,51.5195282],[-0.1693269,51.5192511],[-0.1692545,51.5192556]]]}},
{"type":"Feature","properties":{"highway":"footway","name":null,"category":"Footpath (pedestrian only)"},"geometry":{"type":"MultiLineString","coordinates":[[[-0.1691086,51.5191641],[-0.169099,51.5191593]]]}},
{"type":"Feature","properties":{"highway":"footway","name":"Chapel Street","category":"Footpath (pedestrian only)"},"geometry":{"type":"MultiLineString","coordinates":[[[-0.1689149,51.5192979],[-0.1680922,51.5194658],[-0.1680778,51.5194781]]]}},
{"type":"Feature","properties":{"highway":"footway","name":"Chapel Street","category":"Footpath (pedestrian only)"},"geometry":{"type":"MultiLineString","coordinates":[[[-0.1690298,51.5193868],[-0.1681354,51.5195856],[-0.1681122,51.51959]]]}},
{"type":"Feature","properties":{"highway":"footway","name":null,"category":"Footpath (pedestrian only)"},"geometry":{"type":"MultiLineString","coordinates":[[[-0.1681122,51.51959],[-0.1680794,51.5195974],[-0.1680466,51.5196048]]]}},
{"type":"Feature","properties":{"highway":"footway","name":null,"category":"Footpath (pedestrian only)"},"geometry":{"type":"MultiLineString","coordinates":[[[-0.1680466,51.5196048],[-0.1680208,51.5196133],[-0.1679059,51.5196365]]]}},
{"type":"Feature","properties":{"highway":"footway","name":"Cabbell Street","category":"Footpath (pedestrian only)"},"geometry":{"type":"MultiLineString","coordinates":[[[-0.1684949,51.5199788],[-0.1684561,51.5199465],[-0.1683984,51.5198984],[-0.1682303,51.5197041],[-0.1681354,51.5195856]]]}},
{"type":"Feature","properties":{"highway":"footway","name":null,"category":"Footpath (pedestrian only)"},"geometry":{"type":"MultiLineString","coordinates":[[[-0.1685321,51.520349],[-0.1687376,51.5203049],[-0.1689409,51.5202688],[-0.1692142,51.5202272],[-0.1694599,51.5201947]]]}},
{"type":"Feature","properties":{"highway":"footway","name":null,"category":"Footpath (pedestrian only)"},"geometry":{"type":"MultiLineString","coordinates":[[[-0.1675404,51.5202009],[-0.1674637,51.52025],[-0.1672329,51.5203355],[-0.1670748,51.5203823],[-0.1668506,51.5204371],[-0.1663384,51.520536],[-0.1658475,51.5205941]]]}},
{"type":"Feature","properties":{"highway":"footway","name":null,"category":"Footpath (pedestrian only)"},"geometry":{"type":"MultiLineString","coordinates":[[[-0.170384,51.5184056],[-0.1703632,51.5184169],[-0.1703234,51.5184385]]]}},
{"type":"Feature","properties":{"highway":"footway","name":null,"category":"Footpath (pedestrian only)"},"geometry":{"type":"MultiLineString","coordinates":[[[-0.1703122,51.5184451],[-0.1703234,51.5184385]]]}},
{"type":"Feature","properties":{"highway":"footway","name":null,"category":"Footpath (pedestrian only)"},"geometry":{"type":"MultiLineString","coordinates":[[[-0.1704161,51.5183882],[-0.1704469,51.5183961],[-0.1704776,51.518391]]]}},
{"type":"Feature","properties":{"highway":"footway","name":null,"category":"Footpath (pedestrian only)"},"geometry":{"type":"MultiLineString","coordinates":[[[-0.1701088,51.5181638],[-0.1707888,51.5177858]]]}},
{"type":"Feature","properties":{"highway":"footway","name":null,"category":"Footpath (pedestrian only)"},"geometry":{"type":"MultiLineString","coordinates":[[[-0.1700468,51.5181206],[-0.170738,51.5177286]]]}},
{"type":"Feature","properties":{"highway":"footway","name":null,"category":"Footpath (pedestrian only)"},"geometry":{"type":"MultiLineString","coordinates":[[[-0.1697216,51.5178996],[-0.1704834,51.5174722]]]}},
{"type":"Feature","properties":{"highway":"footway","name":null,"category":"Footpath (pedestrian only)"},"geometry":{"type":"MultiLineString","coordinates":[[[-0.1696224,51.5178315],[-0.1704103,51.5173896]]]}},
{"type":"Feature","properties":{"highway":"footway","name":null,"category":"Footpath (pedestrian only)"},"geometry":{"type":"MultiLineString","coordinates":[[[-0.1700837,51.516718],[-0.1690024,51.5173227],[-0.1689404,51.5173569]]]}},
{"type":"Feature","properties":{"highway":"footway","name":null,"category":"Footpath (pedestrian only)"},"geometry":{"type":"MultiLineString","coordinates":[[[-0.1689305,51.5173624],[-0.1688959,51.5173815],[-0.1688481,51.5174079]]]}},
{"type":"Feature","properties":{"highway":"footway","name":null,"category":"Footpath (pedestrian only)"},"geometry":{"type":"MultiLineString","coordinates":[[[-0.1688132,51.5174099],[-0.1687842,51.5173925],[-0.1687552,51.517375],[-0.1686939,51.5173299]]]}},
{"type":"Feature","properties":{"highway":"footway","name":null,"category":"Footpath (pedestrian only)"},"geometry":{"type":"MultiLineString","coordinates":[[[-0.1686939,51.5173299],[-0.1686467,51.5172983]]]}},
{"type":"Feature","properties":{"highway":"footway","name":null,"category":"Footpath (pedestrian only)"},"geometry":{"type":"MultiLineString","coordinates":[[[-0.1537477,51.5206261],[-0.1535737,51.5206353],[-0.1530081,51.5206633]]]}},
{"type":"Feature","properties":{"highway":"footway","name":null,"category":"Footpath (pedestrian only)"},"geometry":{"type":"MultiLineString","coordinates":[[[-0.151041,51.5208199],[-0.1510503,51.5208365],[-0.1514409,51.5207641],[-0.1514718,51.5207407],[-0.1516423,51.5207157],[-0.1516383,51.5206722],[-0.1517322,51.5206656],[-0.1518098,51.520653]]]}},
{"type":"Feature","properties":{"highway":"footway","name":null,"category":"Footpath (pedestrian only)"},"geometry":{"type":"MultiLineString","coordinates":[[[-0.1682634,51.5246719],[-0.1682811,51.5246614]]]}},
{"type":"Feature","properties":{"highway":"footway","name":null,"category":"Footpath (pedestrian only)"},"geometry":{"type":"MultiLineString","coordinates":[[[-0.1682593,51.5248548],[-0.1682803,51.5248633]]]}},
{"type":"Feature","properties":{"highway":"footway","name":null,"category":"Footpath (pedestrian only)"},"geometry":{"type":"MultiLineString","coordinates":[[[-0.1649199,51.5170497],[-0.1649991,51.5170315],[-0.1650283,51.5170241]]]}},
{"type":"Feature","properties":{"highway":"footway","name":null,"category":"Footpath (pedestrian only)"},"geometry":{"type":"MultiLineString","coordinates":[[[-0.1650283,51.5170241],[-0.1650449,51.5170206],[-0.1653904,51.5168884]]]}},
{"type":"Feature","properties":{"highway":"footway","name":null,"category":"Footpath (pedestrian only)"},"geometry":{"type":"MultiLineString","coordinates":[[[-0.1647933,51.5154576],[-0.1647661,51.5154746],[-0.1647297,51.5154952]]]}},
{"type":"Feature","properties":{"highway":"footway","name":null,"category":"Footpath (pedestrian only)"},"geometry":{"type":"MultiLineString","coordinates":[[[-0.1647933,51.5154576],[-0.1648142,51.5154457],[-0.1654173,51.5150983],[-0.1654334,51.515089],[-0.1654362,51.5150764],[-0.1654264,51.5150646],[-0.1654385,51.5150566]]]}},
{"type":"Feature","properties":{"highway":"footway","name":null,"category":"Footpath (pedestrian only)"},"geometry":{"type":"MultiLineString","coordinates":[[[-0.1630272,51.5152549],[-0.1630428,51.5152656],[-0.1630861,51.5152942]]]}},
{"type":"Feature","properties":{"highway":"footway","name":null,"category":"Footpath (pedestrian only)"},"geometry":{"type":"MultiLineString","coordinates":[[[-0.1627451,51.5150861],[-0.1627649,51.5150989],[-0.1627859,51.5150974],[-0.1628237,51.5151213],[-0.1630208,51.5152507],[-0.1630272,51.5152549]]]}},
{"type":"Feature","properties":{"highway":"footway","name":null,"category":"Footpath (pedestrian only)"},"geometry":{"type":"MultiLineString","coordinates":[[[-0.161487,51.515826],[-0.1614823,51.5158136],[-0.1614227,51.5156584],[-0.1614192,51.5156477]]]}},
{"type":"Feature","properties":{"highway":"footway","name":null,"category":"Footpath (pedestrian only)"},"geometry":{"type":"MultiLineString","coordinates":[[[-0.1615063,51.5158756],[-0.161493,51.5158425],[-0.161487,51.515826]]]}},
{"type":"Feature","properties":{"highway":"footway","name":null,"category":"Footpath (pedestrian only)"},"geometry":{"type":"MultiLineString","coordinates":[[[-0.1614011,51.5156067],[-0.1612865,51.5153559],[-0.1612801,51.5153397]]]}},
{"type":"Feature","properties":{"highway":"footway","name":null,"category":"Footpath (pedestrian only)"},"geometry":{"type":"MultiLineString","coordinates":[[[-0.1614192,51.5156477],[-0.1614094,51.5156248],[-0.1614011,51.5156067]]]}},
{"type":"Feature","properties":{"highway":"footway","name":null,"category":"Footpath (pedestrian only)"},"geometry":{"type":"MultiLineString","coordinates":[[[-0.154607,51.5154916],[-0.1546313,51.5154846],[-0.1546745,51.5154723],[-0.1547124,51.5154641],[-0.1555641,51.5152901],[-0.1564535,51.5151496],[-0.1564793,51.5151455]]]}},
{"type":"Feature","properties":{"highway":"footway","name":null,"category":"Footpath (pedestrian only)"},"geometry":{"type":"MultiLineString","coordinates":[[[-0.1537604,51.5207308],[-0.153759,51.5207154]]]}},
{"type":"Feature","properties":{"highway":"footway","name":null,"category":"Footpath (pedestrian only)"},"geometry":{"type":"MultiLineString","coordinates":[[[-0.1632822,51.5223123],[-0.1631092,51.5223401],[-0.1628979,51.522374]]]}},
{"type":"Feature","properties":{"highway":"footway","name":null,"category":"Footpath (pedestrian only)"},"geometry":{"type":"MultiLineString","coordinates":[[[-0.1637783,51.5222366],[-0.1637201,51.5222355],[-0.1636315,51.5222484],[-0.1634697,51.5222716],[-0.1632822,51.5223123]]]}},
{"type":"Feature","properties":{"highway":"footway","name":null,"category":"Footpath (pedestrian only)"},"geometry":{"type":"MultiLineString","coordinates":[[[-0.1621936,51.5223993],[-0.1621719,51.5224029],[-0.1621237,51.5224108]]]}},
{"type":"Feature","properties":{"highway":"footway","name":null,"category":"Footpath (pedestrian only)"},"geometry":{"type":"MultiLineString","coordinates":[[[-0.1481989,51.5179266],[-0.148693,51.5190112],[-0.148697,51.5190177]]]}},
{"type":"Feature","properties":{"highway":"footway","name":null,"category":"Footpath (pedestrian only)"},"geometry":{"type":"MultiLineString","coordinates":[[[-0.1488958,51.5164219],[-0.1489115,51.5164597],[-0.1489717,51.5166044],[-0.1492647,51.5172327]]]}},
{"type":"Feature","properties":{"highway":"footway","name":null,"category":"Footpath (pedestrian only)"},"geometry":{"type":"MultiLineString","coordinates":[[[-0.1636623,51.5171596],[-0.1630323,51.517391],[-0.1630018,51.5173918]]]}},
{"type":"Feature","properties":{"highway":"footway","name":null,"category":"Footpath (pedestrian only)"},"geometry":{"type":"MultiLineString","coordinates":[[[-0.1657583,51.5168576],[-0.1658071,51.5168904],[-0.1659143,51.5169625]]]}},
{"type":"Feature","properties":{"highway":"footway","name":null,"category":"Footpath (pedestrian only)"},"geometry":{"type":"MultiLineString","coordinates":[[[-0.1657086,51.5168242],[-0.1657266,51.5168363],[-0.1657583,51.5168576]]]}},
{"type":"Feature","properties":{"highway":"footway","name":null,"category":"Footpath (pedestrian only)"},"geometry":{"type":"MultiLineString","coordinates":[[[-0.1655277,51.516741],[-0.1655596,51.5167239]]]}},
{"type":"Feature","properties":{"highway":"footway","name":null,"category":"Footpath (pedestrian only)"},"geometry":{"type":"MultiLineString","coordinates":[[[-0.1543386,51.514952],[-0.1562013,51.5146136]]]}},
{"type":"Feature","properties":{"highway":"footway","name":null,"category":"Footpath (pedestrian only)"},"geometry":{"type":"MultiLineString","coordinates":[[[-0.1560949,51.5138332],[-0.1561022,51.5138847],[-0.1563865,51.5144618],[-0.1563929,51.5144748]]]}},
{"type":"Feature","properties":{"highway":"footway","name":null,"category":"Footpath (pedestrian only)"},"geometry":{"type":"MultiLineString","coordinates":[[[-0.1564211,51.5145477],[-0.1564261,51.5145599],[-0.1565384,51.5148355],[-0.1565874,51.5149445],[-0.1565988,51.5149593],[-0.1566112,51.5149695],[-0.1566259,51.5149783],[-0.1566403,51.5149857],[-0.156653,51.5149923]]]}},
{"type":"Feature","properties":{"highway":"footway","name":null,"category":"Footpath (pedestrian only)"},"geometry":{"type":"MultiLineString","coordinates":[[[-0.1559047,51.5138583],[-0.1560557,51.5142153],[-0.1560492,51.5142345],[-0.1549985,51.5143262],[-0.1551203,51.5147096],[-0.1551226,51.5147163],[-0.1551033,51.5147285],[-0.1542927,51.5148624]]]}},
{"type":"Feature","properties":{"highway":"footway","name":null,"category":"Footpath (pedestrian only)"},"geometry":{"type":"MultiLineString","coordinates":[[[-0.1561842,51.5143968],[-0.1562436,51.5145304],[-0.1562286,51.5145394],[-0.156221,51.5145407],[-0.1552795,51.5147042],[-0.1552565,51.5146963],[-0.1551675,51.5144008],[-0.1561054,51.5143055],[-0.1561331,51.5143069],[-0.1561842,51.5143968]]]}},
{"type":"Feature","properties":{"highway":"footway","name":null,"category":"Footpath (pedestrian only)"},"geometry":{"type":"MultiLineString","coordinates":[[[-0.1537515,51.5140326],[-0.15387,51.5143393],[-0.1541281,51.5149508],[-0.15415,51.5150026],[-0.1541541,51.5150108]]]}},
{"type":"Feature","properties":{"highway":"footway","name":null,"category":"Footpath (pedestrian only)"},"geometry":{"type":"MultiLineString","coordinates":[[[-0.1564195,51.515016],[-0.1563995,51.5150195],[-0.1545353,51.5153469],[-0.1545068,51.5153499]]]}},
{"type":"Feature","properties":{"highway":"footway","name":null,"category":"Footpath (pedestrian only)"},"geometry":{"type":"MultiLineString","coordinates":[[[-0.1545598,51.5153699],[-0.1545353,51.5153469],[-0.1543386,51.514952],[-0.1543317,51.5149375]]]}},
{"type":"Feature","properties":{"highway":"footway","name":null,"category":"Footpath (pedestrian only)"},"geometry":{"type":"MultiLineString","coordinates":[[[-0.1542966,51.5148721],[-0.1542927,51.5148624],[-0.1539388,51.5140002]]]}},
{"type":"Feature","properties":{"highway":"footway","name":null,"category":"Footpath (pedestrian only)"},"geometry":{"type":"MultiLineString","coordinates":[[[-0.1542966,51.5148721],[-0.154315,51.5149063],[-0.1543317,51.5149375]]]}},
{"type":"Feature","properties":{"highway":"footway","name":null,"category":"Footpath (pedestrian only)"},"geometry":{"type":"MultiLineString","coordinates":[[[-0.1545598,51.5153699],[-0.1545797,51.5154011],[-0.1546195,51.5154584]]]}},
{"type":"Feature","properties":{"highway":"footway","name":null,"category":"Footpath (pedestrian only)"},"geometry":{"type":"MultiLineString","coordinates":[[[-0.1543207,51.5153741],[-0.1543142,51.5153595],[-0.1541998,51.5150971],[-0.1541949,51.515086]]]}},
{"type":"Feature","properties":{"highway":"footway","name":null,"category":"Footpath (pedestrian only)"},"geometry":{"type":"MultiLineString","coordinates":[[[-0.1545068,51.5153499],[-0.154444,51.5153518],[-0.1543426,51.5153548]]]}},
{"type":"Feature","properties":{"highway":"footway","name":null,"category":"Footpath (pedestrian only)"},"geometry":{"type":"MultiLineString","coordinates":[[[-0.1544154,51.5155013],[-0.1545187,51.5154961],[-0.154607,51.5154916]]]}},
{"type":"Feature","properties":{"highway":"footway","name":null,"category":"Footpath (pedestrian only)"},"geometry":{"type":"MultiLineString","coordinates":[[[-0.1543207,51.5153741],[-0.1543579,51.5154374],[-0.1543873,51.5154875]]]}},
{"type":"Feature","properties":{"highway":"footway","name":null,"category":"Footpath (pedestrian only)"},"geometry":{"type":"MultiLineString","coordinates":[[[-0.1541998,51.5150971],[-0.1538224,51.5151527]]]}},
{"type":"Feature","properties":{"highway":"footway","name":null,"category":"Footpath (pedestrian only)"},"geometry":{"type":"MultiLineString","coordinates":[[[-0.15415,51.5150026],[-0.153763,51.5150744],[-0.153578,51.5151046],[-0.1534861,51.5151196],[-0.1534251,51.5151311],[-0.1531466,51.5151837]]]}},
{"type":"Feature","properties":{"highway":"footway","name":null,"category":"Footpath (pedestrian only)"},"geometry":{"type":"MultiLineString","coordinates":[[[-0.1541541,51.5150108],[-0.154179,51.5150568],[-0.1541949,51.515086]]]}},
{"type":"Feature","properties":{"highway":"footway","name":null,"category":"Footpath (pedestrian only)"},"geometry":{"type":"MultiLineString","coordinates":[[[-0.1564483,51.5151388],[-0.1564176,51.5150635],[-0.1564043,51.5150309]]]}},
{"type":"Feature","properties":{"highway":"footway","name":null,"category":"Footpath (pedestrian only)"},"geometry":{"type":"MultiLineString","coordinates":[[[-0.1562013,51.5146136],[-0.1562209,51.5146176],[-0.1563053,51.5147978],[-0.1563995,51.5150195],[-0.1564043,51.5150309]]]}},
{"type":"Feature","properties":{"highway":"footway","name":null,"category":"Footpath (pedestrian only)"},"geometry":{"type":"MultiLineString","coordinates":[[[-0.1564793,51.5151455],[-0.1566055,51.5151209],[-0.1566626,51.5151098]]]}},
{"type":"Feature","properties":{"highway":"footway","name":null,"category":"Footpath (pedestrian only)"},"geometry":{"type":"MultiLineString","coordinates":[[[-0.1564195,51.515016],[-0.1565461,51.5149904],[-0.1565921,51.5149811]]]}},
{"type":"Feature","properties":{"highway":"footway","name":null,"category":"Footpath (pedestrian only)"},"geometry":{"type":"MultiLineString","coordinates":[[[-0.1571061,51.5159134],[-0.1570991,51.5158968],[-0.157094,51.5158847],[-0.157047,51.5157728],[-0.1570431,51.5157463],[-0.1569889,51.5156162],[-0.1569366,51.5154988],[-0.1569001,51.5154169],[-0.1568817,51.5154199],[-0.1567135,51.5151002]]]}},
{"type":"Feature","properties":{"highway":"footway","name":null,"category":"Footpath (pedestrian only)"},"geometry":{"type":"MultiLineString","coordinates":[[[-0.1592809,51.5145423],[-0.1583383,51.5146976],[-0.1582711,51.5147087],[-0.1582128,51.5147183],[-0.1581947,51.5147213],[-0.1581298,51.514732],[-0.1568528,51.5149424],[-0.1566259,51.5149783],[-0.1565921,51.5149811]]]}},
{"type":"Feature","properties":{"highway":"footway","name":null,"category":"Footpath (pedestrian only)"},"geometry":{"type":"MultiLineString","coordinates":[[[-0.1563865,51.5144618],[-0.156537,51.5144416]]]}},
{"type":"Feature","properties":{"highway":"footway","name":null,"category":"Footpath (pedestrian only)"},"geometry":{"type":"MultiLineString","coordinates":[[[-0.1592934,51.514343],[-0.1592559,51.5142617],[-0.1592159,51.5142477],[-0.1582019,51.5143765],[-0.1581871,51.5143784],[-0.1581134,51.5143754],[-0.1580927,51.5143745],[-0.1580499,51.5143525],[-0.1580441,51.5143498],[-0.1579995,51.5143288],[-0.1571844,51.5144453],[-0.1565392,51.5145402],[-0.1564261,51.5145599]]]}},
{"type":"Feature","properties":{"highway":"footway","name":null,"category":"Footpath (pedestrian only)"},"geometry":{"type":"MultiLineString","coordinates":[[[-0.1563929,51.5144748],[-0.1564019,51.5144981],[-0.1564211,51.5145477]]]}},
{"type":"Feature","properties":{"highway":"footway","name":null,"category":"Footpath (pedestrian only)"},"geometry":{"type":"MultiLineString","coordinates":[[[-0.156221,51.5145407],[-0.1562137,51.5145679],[-0.1562013,51.5146136]]]}},
{"type":"Feature","properties":{"highway":"footway","name":null,"category":"Footpath (pedestrian only)"},"geometry":{"type":"MultiLineString","coordinates":[[[-0.1560492,51.5142345],[-0.1560752,51.5142684],[-0.1561054,51.5143055]]]}},
{"type":"Feature","properties":{"highway":"footway","name":null,"category":"Footpath (pedestrian only)"},"geometry":{"type":"MultiLineString","coordinates":[[[-0.1552565,51.5146963],[-0.1551858,51.5147082],[-0.1551226,51.5147163]]]}},
{"type":"Feature","properties":{"highway":"footway","name":null,"category":"Footpath (pedestrian only)"},"geometry":{"type":"MultiLineString","coordinates":[[[-0.150131,51.5200919],[-0.1501166,51.5200941],[-0.1492942,51.5202372],[-0.149256,51.5202441]]]}},
{"type":"Feature","properties":{"highway":"footway","name":null,"category":"Footpath (pedestrian only)"},"geometry":{"type":"MultiLineString","coordinates":[[[-0.1487499,51.5191386],[-0.1487766,51.5191337],[-0.1492832,51.5190416]]]}},
{"type":"Feature","properties":{"highway":"footway","name":null,"category":"Footpath (pedestrian only)"},"geometry":{"type":"MultiLineString","coordinates":[[[-0.1485973,51.5191542],[-0.148543,51.5191643],[-0.148288,51.5192118],[-0.1479518,51.5192715],[-0.1479478,51.5192722]]]}},
{"type":"Feature","properties":{"highway":"footway","name":null,"category":"Footpath (pedestrian only)"},"geometry":{"type":"MultiLineString","coordinates":[[[-0.1484197,51.5171593],[-0.1478845,51.5172435],[-0.1481449,51.5178083],[-0.1481481,51.5178152]]]}},
{"type":"Feature","properties":{"highway":"footway","name":null,"category":"Footpath (pedestrian only)"},"geometry":{"type":"MultiLineString","coordinates":[[[-0.1480232,51.5178315],[-0.1480045,51.5178348],[-0.1466356,51.5180743],[-0.1462563,51.5172386]]]}},
{"type":"Feature","properties":{"highway":"footway","name":null,"category":"Footpath (pedestrian only)"},"geometry":{"type":"MultiLineString","coordinates":[[[-0.1481481,51.5178152],[-0.148182,51.5178092],[-0.149283,51.5176141]]]}},
{"type":"Feature","properties":{"highway":"footway","name":null,"category":"Footpath (pedestrian only)"},"geometry":{"type":"MultiLineString","coordinates":[[[-0.1495995,51.5179844],[-0.150622,51.5178025],[-0.1507419,51.5180379],[-0.150753,51.5180598],[-0.1507553,51.5180642]]]}},
{"type":"Feature","properties":{"highway":"footway","name":null,"category":"Footpath (pedestrian only)"},"geometry":{"type":"MultiLineString","coordinates":[[[-0.1499591,51.5188034],[-0.1495995,51.5179844],[-0.1495946,51.5179736]]]}},
{"type":"Feature","properties":{"highway":"footway","name":null,"category":"Footpath (pedestrian only)"},"geometry":{"type":"MultiLineString","coordinates":[[[-0.1497327,51.5189761],[-0.1497589,51.5190358],[-0.1498651,51.5192472],[-0.1508459,51.5190817]]]}},
{"type":"Feature","properties":{"highway":"footway","name":null,"category":"Footpath (pedestrian only)"},"geometry":{"type":"MultiLineString","coordinates":[[[-0.1508459,51.5190817],[-0.1508308,51.5190092],[-0.1507898,51.5188008]]]}},
{"type":"Feature","properties":{"highway":"footway","name":null,"category":"Footpath (pedestrian only)"},"geometry":{"type":"MultiLineString","coordinates":[[[-0.1509797,51.5190098],[-0.1509483,51.5187752]]]}},
{"type":"Feature","properties":{"highway":"footway","name":null,"category":"Footpath (pedestrian only)"},"geometry":{"type":"MultiLineString","coordinates":[[[-0.1514954,51.5184074],[-0.1515196,51.518406]]]}},
{"type":"Feature","properties":{"highway":"footway","name":null,"category":"Footpath (pedestrian only)"},"geometry":{"type":"MultiLineString","coordinates":[[[-0.1507369,51.5177806],[-0.150853,51.5180202]]]}},
{"type":"Feature","properties":{"highway":"footway","name":null,"category":"Footpath (pedestrian only)"},"geometry":{"type":"MultiLineString","coordinates":[[[-0.1513624,51.517657],[-0.150952,51.5176942],[-0.1507706,51.5177092]]]}},
{"type":"Feature","properties":{"highway":"footway","name":null,"category":"Footpath (pedestrian only)"},"geometry":{"type":"MultiLineString","coordinates":[[[-0.1681154,51.524788],[-0.1681456,51.5247962]]]}},
{"type":"Feature","properties":{"highway":"footway","name":null,"category":"Footpath (pedestrian only)"},"geometry":{"type":"MultiLineString","coordinates":[[[-0.1681235,51.5247607],[-0.1681315,51.5247544]]]}},
{"type":"Feature","properties":{"highway":"footway","name":null,"category":"Footpath (pedestrian only)"},"geometry":{"type":"MultiLineString","coordinates":[[[-0.1657117,51.5247605],[-0.165724,51.5247743]]]}},
{"type":"Feature","properties":{"highway":"footway","name":"Rossmore Road","category":"Footpath (pedestrian only)"},"geometry":{"type":"MultiLineString","coordinates":[[[-0.165609,51.5247704],[-0.1656327,51.524764],[-0.1657117,51.5247605],[-0.1659539,51.524657],[-0.1661357,51.5245661],[-0.1667541,51.5242571],[-0.1668433,51.5242169],[-0.1671763,51.5240607]]]}},
{"type":"Feature","properties":{"highway":"footway","name":null,"category":"Footpath (pedestrian only)"},"geometry":{"type":"MultiLineString","coordinates":[[[-0.1654409,51.5248115],[-0.1654574,51.5248067]]]}},
{"type":"Feature","properties":{"highway":"footway","name":"Harewood Avenue","category":"Footpath (pedestrian only)"},"geometry":{"type":"MultiLineString","coordinates":[[[-0.165543,51.5246325],[-0.1655588,51.5246385],[-0.1656327,51.524764]]]}},
{"type":"Feature","properties":{"highway":"footway","name":null,"category":"Footpath (pedestrian only)"},"geometry":{"type":"MultiLineString","coordinates":[[[-0.1653998,51.5248396],[-0.1654052,51.5248504]]]}},
{"type":"Feature","properties":{"highway":"footway","name":null,"category":"Footpath (pedestrian only)"},"geometry":{"type":"MultiLineString","coordinates":[[[-0.1654706,51.5249554],[-0.165473,51.52496]]]}},
{"type":"Feature","properties":{"highway":"footway","name":null,"category":"Footpath (pedestrian only)"},"geometry":{"type":"MultiLineString","coordinates":[[[-0.1673284,51.5241633],[-0.1673456,51.524172]]]}},
{"type":"Feature","properties":{"highway":"footway","name":null,"category":"Footpath (pedestrian only)"},"geometry":{"type":"MultiLineString","coordinates":[[[-0.16242,51.5241559],[-0.162432,51.5241537]]]}},
{"type":"Feature","properties":{"highway":"footway","name":null,"category":"Footpath (pedestrian only)"},"geometry":{"type":"MultiLineString","coordinates":[[[-0.1624291,51.5241471],[-0.162432,51.5241537]]]}},
{"type":"Feature","properties":{"highway":"footway","name":null,"category":"Footpath (pedestrian only)"},"geometry":{"type":"MultiLineString","coordinates":[[[-0.1622814,51.5241851],[-0.1623022,51.5241812]]]}},
{"type":"Feature","properties":{"highway":"footway","name":null,"category":"Footpath (pedestrian only)"},"geometry":{"type":"MultiLineString","coordinates":[[[-0.1622814,51.5241851],[-0.1622774,51.5241772]]]}},
{"type":"Feature","properties":{"highway":"footway","name":null,"category":"Footpath (pedestrian only)"},"geometry":{"type":"MultiLineString","coordinates":[[[-0.1692561,51.5240478],[-0.1692498,51.5240589]]]}},
{"type":"Feature","properties":{"highway":"footway","name":null,"category":"Footpath (pedestrian only)"},"geometry":{"type":"MultiLineString","coordinates":[[[-0.1691264,51.5241417],[-0.1691345,51.5241356]]]}},
{"type":"Feature","properties":{"highway":"footway","name":null,"category":"Footpath (pedestrian only)"},"geometry":{"type":"MultiLineString","coordinates":[[[-0.1688948,51.5238182],[-0.168904,51.5238248]]]}},
{"type":"Feature","properties":{"highway":"footway","name":null,"category":"Footpath (pedestrian only)"},"geometry":{"type":"MultiLineString","coordinates":[[[-0.1688302,51.5237811],[-0.1688394,51.5237868]]]}},
{"type":"Feature","properties":{"highway":"footway","name":null,"category":"Footpath (pedestrian only)"},"geometry":{"type":"MultiLineString","coordinates":[[[-0.1684754,51.5235218],[-0.1684807,51.5235315]]]}},
{"type":"Feature","properties":{"highway":"footway","name":null,"category":"Footpath (pedestrian only)"},"geometry":{"type":"MultiLineString","coordinates":[[[-0.1684205,51.5234761],[-0.1684268,51.5234848]]]}},
{"type":"Feature","properties":{"highway":"footway","name":null,"category":"Footpath (pedestrian only)"},"geometry":{"type":"MultiLineString","coordinates":[[[-0.1681123,51.5232879],[-0.1681226,51.5232792]]]}},
{"type":"Feature","properties":{"highway":"footway","name":null,"category":"Footpath (pedestrian only)"},"geometry":{"type":"MultiLineString","coordinates":[[[-0.1681114,51.5232676],[-0.1681226,51.5232792]]]}},
{"type":"Feature","properties":{"highway":"footway","name":null,"category":"Footpath (pedestrian only)"},"geometry":{"type":"MultiLineString","coordinates":[[[-0.1679998,51.5232059],[-0.1680147,51.5231982]]]}},
{"type":"Feature","properties":{"highway":"footway","name":"Broadley Street","category":"Footpath (pedestrian only)"},"geometry":{"type":"MultiLineString","coordinates":[[[-0.1680175,51.5233434],[-0.1680087,51.5233497],[-0.167667,51.523524]]]}},
{"type":"Feature","properties":{"highway":"footway","name":"Ashbridge Street","category":"Footpath (pedestrian only)"},"geometry":{"type":"MultiLineString","coordinates":[[[-0.167996,51.5233413],[-0.1680087,51.5233497],[-0.1691015,51.5241093],[-0.1691264,51.5241417]]]}},
{"type":"Feature","properties":{"highway":"footway","name":null,"category":"Footpath (pedestrian only)"},"geometry":{"type":"MultiLineString","coordinates":[[[-0.1678864,51.5232715],[-0.1678969,51.5232681]]]}},
{"type":"Feature","properties":{"highway":"footway","name":null,"category":"Footpath (pedestrian only)"},"geometry":{"type":"MultiLineString","coordinates":[[[-0.1697034,51.523276],[-0.1697157,51.523283]]]}},
{"type":"Feature","properties":{"highway":"footway","name":null,"category":"Footpath (pedestrian only)"},"geometry":{"type":"MultiLineString","coordinates":[[[-0.1696513,51.5232368],[-0.1696401,51.5232312]]]}},
{"type":"Feature","properties":{"highway":"footway","name":null,"category":"Footpath (pedestrian only)"},"geometry":{"type":"MultiLineString","coordinates":[[[-0.1693682,51.5230348],[-0.1693846,51.5230477]]]}},
{"type":"Feature","properties":{"highway":"footway","name":null,"category":"Footpath (pedestrian only)"},"geometry":{"type":"MultiLineString","coordinates":[[[-0.1692888,51.522978],[-0.169307,51.5229904]]]}},
{"type":"Feature","properties":{"highway":"footway","name":null,"category":"Footpath (pedestrian only)"},"geometry":{"type":"MultiLineString","coordinates":[[[-0.169063,51.5227396],[-0.1690834,51.5227305]]]}},
{"type":"Feature","properties":{"highway":"footway","name":null,"category":"Footpath (pedestrian only)"},"geometry":{"type":"MultiLineString","coordinates":[[[-0.169003,51.5227889],[-0.1689908,51.5227796]]]}},
{"type":"Feature","properties":{"highway":"footway","name":null,"category":"Footpath (pedestrian only)"},"geometry":{"type":"MultiLineString","coordinates":[[[-0.1675674,51.5225642],[-0.1678165,51.5225195],[-0.1677617,51.5224266]]]}},
{"type":"Feature","properties":{"highway":"footway","name":null,"category":"Footpath (pedestrian only)"},"geometry":{"type":"MultiLineString","coordinates":[[[-0.1678872,51.5225041],[-0.1678506,51.5225115],[-0.1678277,51.5225162]]]}},
{"type":"Feature","properties":{"highway":"footway","name":null,"category":"Footpath (pedestrian only)"},"geometry":{"type":"MultiLineString","coordinates":[[[-0.1678872,51.5225041],[-0.1678986,51.5225018]]]}},
{"type":"Feature","properties":{"highway":"footway","name":null,"category":"Footpath (pedestrian only)"},"geometry":{"type":"MultiLineString","coordinates":[[[-0.1678165,51.5225195],[-0.1678277,51.5225162]]]}},
{"type":"Feature","properties":{"highway":"footway","name":null,"category":"Footpath (pedestrian only)"},"geometry":{"type":"MultiLineString","coordinates":[[[-0.1672954,51.5226944],[-0.1673018,51.5227037]]]}},
{"type":"Feature","properties":{"highway":"footway","name":null,"category":"Footpath (pedestrian only)"},"geometry":{"type":"MultiLineString","coordinates":[[[-0.1659724,51.5229531],[-0.1659785,51.522958]]]}},
{"type":"Feature","properties":{"highway":"footway","name":null,"category":"Footpath (pedestrian only)"},"geometry":{"type":"MultiLineString","coordinates":[[[-0.1660394,51.5231456],[-0.1660507,51.5231384]]]}},
{"type":"Feature","properties":{"highway":"footway","name":null,"category":"Footpath (pedestrian only)"},"geometry":{"type":"MultiLineString","coordinates":[[[-0.1669884,51.5236491],[-0.1670264,51.5236243]]]}},
{"type":"Feature","properties":{"highway":"footway","name":null,"category":"Footpath (pedestrian only)"},"geometry":{"type":"MultiLineString","coordinates":[[[-0.1668167,51.5237421],[-0.1668339,51.5237317]]]}},
{"type":"Feature","properties":{"highway":"footway","name":null,"category":"Footpath (pedestrian only)"},"geometry":{"type":"MultiLineString","coordinates":[[[-0.1671864,51.523827],[-0.1672075,51.5238213]]]}},
{"type":"Feature","properties":{"highway":"footway","name":null,"category":"Footpath (pedestrian only)"},"geometry":{"type":"MultiLineString","coordinates":[[[-0.1672031,51.5237664],[-0.1672118,51.5237781]]]}},
{"type":"Feature","properties":{"highway":"footway","name":null,"category":"Footpath (pedestrian only)"},"geometry":{"type":"MultiLineString","coordinates":[[[-0.1670373,51.5238962],[-0.1670466,51.5238915]]]}},
{"type":"Feature","properties":{"highway":"footway","name":null,"category":"Footpath (pedestrian only)"},"geometry":{"type":"MultiLineString","coordinates":[[[-0.1669726,51.5238836],[-0.1669781,51.5238896]]]}},
{"type":"Feature","properties":{"highway":"footway","name":null,"category":"Footpath (pedestrian only)"},"geometry":{"type":"MultiLineString","coordinates":[[[-0.1655894,51.5226325],[-0.165597,51.5226392]]]}},
{"type":"Feature","properties":{"highway":"footway","name":null,"category":"Footpath (pedestrian only)"},"geometry":{"type":"MultiLineString","coordinates":[[[-0.1656766,51.5227],[-0.1656679,51.5226914]]]}},
{"type":"Feature","properties":{"highway":"footway","name":null,"category":"Footpath (pedestrian only)"},"geometry":{"type":"MultiLineString","coordinates":[[[-0.1654224,51.5227031],[-0.1654174,51.5226952]]]}},
{"type":"Feature","properties":{"highway":"footway","name":null,"category":"Footpath (pedestrian only)"},"geometry":{"type":"MultiLineString","coordinates":[[[-0.1653569,51.5226271],[-0.1653652,51.5226367]]]}},
{"type":"Feature","properties":{"highway":"footway","name":null,"category":"Footpath (pedestrian only)"},"geometry":{"type":"MultiLineString","coordinates":[[[-0.1665739,51.5224166],[-0.1665895,51.522413]]]}},
{"type":"Feature","properties":{"highway":"footway","name":null,"category":"Footpath (pedestrian only)"},"geometry":{"type":"MultiLineString","coordinates":[[[-0.1664445,51.5224465],[-0.1664633,51.5224418]]]}},
{"type":"Feature","properties":{"highway":"footway","name":null,"category":"Footpath (pedestrian only)"},"geometry":{"type":"MultiLineString","coordinates":[[[-0.1671763,51.5240607],[-0.1671829,51.5240684]]]}},
{"type":"Feature","properties":{"highway":"footway","name":null,"category":"Footpath (pedestrian only)"},"geometry":{"type":"MultiLineString","coordinates":[[[-0.1628853,51.5239846],[-0.1628901,51.5239956]]]}},
{"type":"Feature","properties":{"highway":"footway","name":null,"category":"Footpath (pedestrian only)"},"geometry":{"type":"MultiLineString","coordinates":[[[-0.1629147,51.5240556],[-0.1629183,51.5240648]]]}},
{"type":"Feature","properties":{"highway":"footway","name":null,"category":"Footpath (pedestrian only)"},"geometry":{"type":"MultiLineString","coordinates":[[[-0.1624066,51.5241019],[-0.1623997,51.5240874]]]}},
{"type":"Feature","properties":{"highway":"footway","name":null,"category":"Footpath (pedestrian only)"},"geometry":{"type":"MultiLineString","coordinates":[[[-0.1623736,51.524093],[-0.1623997,51.5240874]]]}},
{"type":"Feature","properties":{"highway":"footway","name":null,"category":"Footpath (pedestrian only)"},"geometry":{"type":"MultiLineString","coordinates":[[[-0.1622568,51.5241319],[-0.1622508,51.524119]]]}},
{"type":"Feature","properties":{"highway":"footway","name":null,"category":"Footpath (pedestrian only)"},"geometry":{"type":"MultiLineString","coordinates":[[[-0.1622508,51.524119],[-0.1622679,51.5241153]]]}},
{"type":"Feature","properties":{"highway":"footway","name":null,"category":"Footpath (pedestrian only)"},"geometry":{"type":"MultiLineString","coordinates":[[[-0.164428,51.5230638],[-0.1644397,51.5230593]]]}},
{"type":"Feature","properties":{"highway":"footway","name":null,"category":"Footpath (pedestrian only)"},"geometry":{"type":"MultiLineString","coordinates":[[[-0.1643773,51.522792],[-0.1644358,51.5227721]]]}},
{"type":"Feature","properties":{"highway":"footway","name":null,"category":"Footpath (pedestrian only)"},"geometry":{"type":"MultiLineString","coordinates":[[[-0.1702998,51.5220642],[-0.1703115,51.5220572]]]}},
{"type":"Feature","properties":{"highway":"footway","name":null,"category":"Footpath (pedestrian only)"},"geometry":{"type":"MultiLineString","coordinates":[[[-0.1702996,51.5220474],[-0.1703038,51.5220506],[-0.1703115,51.5220572]]]}},
{"type":"Feature","properties":{"highway":"footway","name":"Newcastle Place","category":"Footpath (pedestrian only)"},"geometry":{"type":"MultiLineString","coordinates":[[[-0.1714435,51.5206982],[-0.1712979,51.5207416]]]}},
{"type":"Feature","properties":{"highway":"footway","name":null,"category":"Footpath (pedestrian only)"},"geometry":{"type":"MultiLineString","coordinates":[[[-0.1507369,51.5141555],[-0.1507226,51.5141397],[-0.1503631,51.5134153],[-0.1508524,51.5133224],[-0.1510639,51.5137801]]]}},
{"type":"Feature","properties":{"highway":"footway","name":null,"category":"Footpath (pedestrian only)"},"geometry":{"type":"MultiLineString","coordinates":[[[-0.1696075,51.5214133],[-0.1696113,51.5214196]]]}},
{"type":"Feature","properties":{"highway":"footway","name":null,"category":"Footpath (pedestrian only)"},"geometry":{"type":"MultiLineString","coordinates":[[[-0.1696572,51.5214713],[-0.169666,51.5214854]]]}},
{"type":"Feature","properties":{"highway":"footway","name":"Bell Street","category":"Footpath (pedestrian only)"},"geometry":{"type":"MultiLineString","coordinates":[[[-0.1691881,51.5209867],[-0.1692007,51.5209814],[-0.1697489,51.5207718],[-0.1698801,51.5207272]]]}},
{"type":"Feature","properties":{"highway":"footway","name":null,"category":"Footpath (pedestrian only)"},"geometry":{"type":"MultiLineString","coordinates":[[[-0.17022,51.5219753],[-0.1702321,51.5219849]]]}},
{"type":"Feature","properties":{"highway":"footway","name":null,"category":"Footpath (pedestrian only)"},"geometry":{"type":"MultiLineString","coordinates":[[[-0.170192,51.5221173],[-0.170202,51.5221102]]]}},
{"type":"Feature","properties":{"highway":"footway","name":null,"category":"Footpath (pedestrian only)"},"geometry":{"type":"MultiLineString","coordinates":[[[-0.170192,51.5221173],[-0.1701507,51.5220984]]]}},
{"type":"Feature","properties":{"highway":"footway","name":null,"category":"Footpath (pedestrian only)"},"geometry":{"type":"MultiLineString","coordinates":[[[-0.1701507,51.5220984],[-0.1701126,51.5220736],[-0.1700831,51.5220544]]]}},
{"type":"Feature","properties":{"highway":"footway","name":null,"category":"Footpath (pedestrian only)"},"geometry":{"type":"MultiLineString","coordinates":[[[-0.1700831,51.5220544],[-0.1700534,51.5220379],[-0.1700287,51.5220241]]]}},
{"type":"Feature","properties":{"highway":"footway","name":"Bell Street","category":"Footpath (pedestrian only)"},"geometry":{"type":"MultiLineString","coordinates":[[[-0.1672324,51.5216201],[-0.1672527,51.5216145],[-0.1675182,51.5215323],[-0.1675901,51.5215097],[-0.1676008,51.5215064]]]}},
{"type":"Feature","properties":{"highway":"footway","name":"Bell Street","category":"Footpath (pedestrian only)"},"geometry":{"type":"MultiLineString","coordinates":[[[-0.1668008,51.5217568],[-0.1668141,51.5217525],[-0.1671621,51.5216431],[-0.1671705,51.5216404]]]}},
{"type":"Feature","properties":{"highway":"footway","name":null,"category":"Footpath (pedestrian only)"},"geometry":{"type":"MultiLineString","coordinates":[[[-0.1667472,51.5217738],[-0.1667531,51.5217721]]]}},
{"type":"Feature","properties":{"highway":"footway","name":null,"category":"Footpath (pedestrian only)"},"geometry":{"type":"MultiLineString","coordinates":[[[-0.1672035,51.5223153],[-0.1672129,51.5223128]]]}},
{"type":"Feature","properties":{"highway":"footway","name":null,"category":"Footpath (pedestrian only)"},"geometry":{"type":"MultiLineString","coordinates":[[[-0.1671356,51.5223243],[-0.1671448,51.5223266]]]}},
{"type":"Feature","properties":{"highway":"footway","name":"Bell Street","category":"Footpath (pedestrian only)"},"geometry":{"type":"MultiLineString","coordinates":[[[-0.1651989,51.5222528],[-0.1661023,51.5219796],[-0.1661184,51.5219747],[-0.1661356,51.5219644]]]}},
{"type":"Feature","properties":{"highway":"footway","name":null,"category":"Footpath (pedestrian only)"},"geometry":{"type":"MultiLineString","coordinates":[[[-0.1656496,51.5220033],[-0.1656655,51.5220048]]]}},
{"type":"Feature","properties":{"highway":"footway","name":null,"category":"Footpath (pedestrian only)"},"geometry":{"type":"MultiLineString","coordinates":[[[-0.1651275,51.5221511],[-0.1651313,51.52216]]]}},
{"type":"Feature","properties":{"highway":"footway","name":null,"category":"Footpath (pedestrian only)"},"geometry":{"type":"MultiLineString","coordinates":[[[-0.1651989,51.5222528],[-0.1651929,51.5222457]]]}},
{"type":"Feature","properties":{"highway":"footway","name":null,"category":"Footpath (pedestrian only)"},"geometry":{"type":"MultiLineString","coordinates":[[[-0.1647905,51.5219017],[-0.1648092,51.5218963]]]}},
{"type":"Feature","properties":{"highway":"footway","name":null,"category":"Footpath (pedestrian only)"},"geometry":{"type":"MultiLineString","coordinates":[[[-0.1649276,51.5218642],[-0.1649477,51.521858]]]}},
{"type":"Feature","properties":{"highway":"footway","name":null,"category":"Footpath (pedestrian only)"},"geometry":{"type":"MultiLineString","coordinates":[[[-0.1686467,51.5172983],[-0.1682838,51.5170475],[-0.1676731,51.5166253],[-0.1676019,51.516631],[-0.1674699,51.5166439],[-0.167176,51.5166489],[-0.1669567,51.5166217],[-0.1667627,51.5165789],[-0.166595,51.5165088],[-0.166556,51.516501],[-0.1665273,51.5165117],[-0.1663353,51.5166232],[-0.1661288,51.5167432],[-0.1660855,51.5167537],[-0.1660025,51.5167739],[-0.1658071,51.5168904]]]}},
{"type":"Feature","properties":{"highway":"footway","name":null,"category":"Footpath (pedestrian only)"},"geometry":{"type":"MultiLineString","coordinates":[[[-0.1656893,51.5168112],[-0.1659944,51.5166322],[-0.1660233,51.5166152],[-0.1662356,51.5164906],[-0.1663941,51.5163919],[-0.166389,51.5163636],[-0.1662863,51.5162434],[-0.1662313,51.5160974],[-0.1662325,51.5159652],[-0.1662692,51.515794],[-0.1663157,51.5156943],[-0.1663108,51.5156776],[-0.165586,51.5151777],[-0.1655602,51.5151679]]]}},
{"type":"Feature","properties":{"highway":"footway","name":"Marylebone Road","category":"Footpath (pedestrian only)"},"geometry":{"type":"MultiLineString","coordinates":[[[-0.1644754,51.5210399],[-0.1644872,51.5210269],[-0.1645016,51.5210242],[-0.1645343,51.5210181],[-0.1650313,51.5209319],[-0.1651894,51.5209091],[-0.1653107,51.5208943],[-0.1654207,51.520882],[-0.1654388,51.520881]]]}},
{"type":"Feature","properties":{"highway":"footway","name":null,"category":"Footpath (pedestrian only)"},"geometry":{"type":"MultiLineString","coordinates":[[[-0.1656971,51.5208367],[-0.1657038,51.5208605]]]}},
{"type":"Feature","properties":{"highway":"footway","name":null,"category":"Footpath (pedestrian only)"},"geometry":{"type":"MultiLineString","coordinates":[[[-0.165566,51.5208715],[-0.1656005,51.5208696]]]}},
{"type":"Feature","properties":{"highway":"footway","name":null,"category":"Footpath (pedestrian only)"},"geometry":{"type":"MultiLineString","coordinates":[[[-0.167054,51.5224107],[-0.1672917,51.5223534],[-0.1674879,51.5223113],[-0.1675769,51.5222964],[-0.1676479,51.5222887]]]}},
{"type":"Feature","properties":{"highway":"footway","name":null,"category":"Footpath (pedestrian only)"},"geometry":{"type":"MultiLineString","coordinates":[[[-0.1656745,51.515123],[-0.1656393,51.5151451],[-0.1656014,51.5151681]]]}},
{"type":"Feature","properties":{"highway":"footway","name":null,"category":"Footpath (pedestrian only)"},"geometry":{"type":"MultiLineString","coordinates":[[[-0.165586,51.5151777],[-0.1656014,51.5151681]]]}},
{"type":"Feature","properties":{"highway":"footway","name":null,"category":"Footpath (pedestrian only)"},"geometry":{"type":"MultiLineString","coordinates":[[[-0.1656745,51.515123],[-0.1656872,51.5151165],[-0.1663261,51.5155546],[-0.1663415,51.5155651]]]}},
{"type":"Feature","properties":{"highway":"footway","name":null,"category":"Footpath (pedestrian only)"},"geometry":{"type":"MultiLineString","coordinates":[[[-0.1664512,51.5156403],[-0.1666573,51.5157748]]]}},
{"type":"Feature","properties":{"highway":"footway","name":null,"category":"Footpath (pedestrian only)"},"geometry":{"type":"MultiLineString","coordinates":[[[-0.1663415,51.5155651],[-0.1663767,51.5155892],[-0.1664512,51.5156403]]]}},
{"type":"Feature","properties":{"highway":"footway","name":null,"category":"Footpath (pedestrian only)"},"geometry":{"type":"MultiLineString","coordinates":[[[-0.1666573,51.5157748],[-0.1666919,51.515802],[-0.1667557,51.5158495]]]}},
{"type":"Feature","properties":{"highway":"footway","name":null,"category":"Footpath (pedestrian only)"},"geometry":{"type":"MultiLineString","coordinates":[[[-0.1674869,51.5163643],[-0.1667652,51.5158562],[-0.1667557,51.5158495]]]}},
{"type":"Feature","properties":{"highway":"footway","name":null,"category":"Footpath (pedestrian only)"},"geometry":{"type":"MultiLineString","coordinates":[[[-0.1616426,51.5225372],[-0.1616229,51.5225414]]]}},
{"type":"Feature","properties":{"highway":"footway","name":null,"category":"Footpath (pedestrian only)"},"geometry":{"type":"MultiLineString","coordinates":[[[-0.1602095,51.5228019],[-0.1602342,51.5227979]]]}},
{"type":"Feature","properties":{"highway":"footway","name":null,"category":"Footpath (pedestrian only)"},"geometry":{"type":"MultiLineString","coordinates":[[[-0.1602499,51.5227516],[-0.1602584,51.5227722]]]}},
{"type":"Feature","properties":{"highway":"footway","name":null,"category":"Footpath (pedestrian only)"},"geometry":{"type":"MultiLineString","coordinates":[[[-0.1600428,51.5228284],[-0.1600575,51.522826]]]}},
{"type":"Feature","properties":{"highway":"footway","name":null,"category":"Footpath (pedestrian only)"},"geometry":{"type":"MultiLineString","coordinates":[[[-0.1599576,51.5227767],[-0.1599642,51.5227915]]]}},
{"type":"Feature","properties":{"highway":"footway","name":null,"category":"Footpath (pedestrian only)"},"geometry":{"type":"MultiLineString","coordinates":[[[-0.1599173,51.5226862],[-0.1599291,51.5227127]]]}},
{"type":"Feature","properties":{"highway":"footway","name":null,"category":"Footpath (pedestrian only)"},"geometry":{"type":"MultiLineString","coordinates":[[[-0.1599373,51.5226693],[-0.1599706,51.5226636]]]}},
{"type":"Feature","properties":{"highway":"footway","name":null,"category":"Footpath (pedestrian only)"},"geometry":{"type":"MultiLineString","coordinates":[[[-0.160126,51.5226367],[-0.1601466,51.5226332]]]}},
{"type":"Feature","properties":{"highway":"footway","name":null,"category":"Footpath (pedestrian only)"},"geometry":{"type":"MultiLineString","coordinates":[[[-0.1602032,51.5226391],[-0.1602165,51.5226712]]]}},
{"type":"Feature","properties":{"highway":"footway","name":null,"category":"Footpath (pedestrian only)"},"geometry":{"type":"MultiLineString","coordinates":[[[-0.1589125,51.5228712],[-0.1589221,51.5228724]]]}},
{"type":"Feature","properties":{"highway":"footway","name":null,"category":"Footpath (pedestrian only)"},"geometry":{"type":"MultiLineString","coordinates":[[[-0.1589563,51.522962],[-0.1589767,51.5229582]]]}},
{"type":"Feature","properties":{"highway":"footway","name":null,"category":"Footpath (pedestrian only)"},"geometry":{"type":"MultiLineString","coordinates":[[[-0.1586035,51.5230267],[-0.158592,51.5230288]]]}},
{"type":"Feature","properties":{"highway":"footway","name":null,"category":"Footpath (pedestrian only)"},"geometry":{"type":"MultiLineString","coordinates":[[[-0.1585389,51.5230385],[-0.1585494,51.5230366]]]}},
{"type":"Feature","properties":{"highway":"footway","name":null,"category":"Footpath (pedestrian only)"},"geometry":{"type":"MultiLineString","coordinates":[[[-0.1581149,51.5231006],[-0.1581214,51.5231149]]]}},
{"type":"Feature","properties":{"highway":"footway","name":null,"category":"Footpath (pedestrian only)"},"geometry":{"type":"MultiLineString","coordinates":[[[-0.1664093,51.5164037],[-0.1664596,51.5164388],[-0.1665357,51.5164917]]]}},
{"type":"Feature","properties":{"highway":"footway","name":null,"category":"Footpath (pedestrian only)"},"geometry":{"type":"MultiLineString","coordinates":[[[-0.1665357,51.5164917],[-0.166556,51.516501]]]}},
{"type":"Feature","properties":{"highway":"footway","name":null,"category":"Footpath (pedestrian only)"},"geometry":{"type":"MultiLineString","coordinates":[[[-0.1664093,51.5164037],[-0.1663941,51.5163919]]]}},
{"type":"Feature","properties":{"highway":"footway","name":null,"category":"Footpath (pedestrian only)"},"geometry":{"type":"MultiLineString","coordinates":[[[-0.1703015,51.519323],[-0.1704625,51.5193881],[-0.1707571,51.5193968]]]}},
{"type":"Feature","properties":{"highway":"footway","name":null,"category":"Footpath (pedestrian only)"},"geometry":{"type":"MultiLineString","coordinates":[[[-0.1706008,51.5197794],[-0.1706014,51.5197632]]]}},
{"type":"Feature","properties":{"highway":"footway","name":"Edgware Road","category":"Footpath (pedestrian only)"},"geometry":{"type":"MultiLineString","coordinates":[[[-0.170986,51.5207681],[-0.1708985,51.5206922],[-0.1705801,51.5204478],[-0.1705673,51.520438]]]}},
{"type":"Feature","properties":{"highway":"footway","name":null,"category":"Footpath (pedestrian only)"},"geometry":{"type":"MultiLineString","coordinates":[[[-0.1703541,51.520259],[-0.1703629,51.5202536]]]}},
{"type":"Feature","properties":{"highway":"footway","name":null,"category":"Footpath (pedestrian only)"},"geometry":{"type":"MultiLineString","coordinates":[[[-0.1672765,51.5197564],[-0.167221,51.5197686],[-0.1671285,51.5197888]]]}},
{"type":"Feature","properties":{"highway":"footway","name":null,"category":"Footpath (pedestrian only)"},"geometry":{"type":"MultiLineString","coordinates":[[[-0.1671285,51.5197888],[-0.1664278,51.5199357]]]}},
{"type":"Feature","properties":{"highway":"footway","name":null,"category":"Footpath (pedestrian only)"},"geometry":{"type":"MultiLineString","coordinates":[[[-0.1664278,51.5199357],[-0.1662506,51.5199724]]]}},
{"type":"Feature","properties":{"highway":"footway","name":null,"category":"Footpath (pedestrian only)"},"geometry":{"type":"MultiLineString","coordinates":[[[-0.1662506,51.5199724],[-0.1659722,51.5200293],[-0.165914,51.5200465],[-0.1658752,51.520066]]]}},
{"type":"Feature","properties":{"highway":"footway","name":null,"category":"Footpath (pedestrian only)"},"geometry":{"type":"MultiLineString","coordinates":[[[-0.1658752,51.520066],[-0.1657954,51.5201115],[-0.1657432,51.5201663],[-0.1656885,51.5202503]]]}},
{"type":"Feature","properties":{"highway":"footway","name":null,"category":"Footpath (pedestrian only)"},"geometry":{"type":"MultiLineString","coordinates":[[[-0.1656885,51.5202503],[-0.1656073,51.5203783]]]}},
{"type":"Feature","properties":{"highway":"footway","name":null,"category":"Footpath (pedestrian only)"},"geometry":{"type":"MultiLineString","coordinates":[[[-0.1656073,51.5203783],[-0.1655323,51.5205156],[-0.1655142,51.5205688]]]}},
{"type":"Feature","properties":{"highway":"footway","name":null,"category":"Footpath (pedestrian only)"},"geometry":{"type":"MultiLineString","coordinates":[[[-0.1672386,51.5196455],[-0.1672233,51.5196479]]]}},
{"type":"Feature","properties":{"highway":"footway","name":null,"category":"Footpath (pedestrian only)"},"geometry":{"type":"MultiLineString","coordinates":[[[-0.1672233,51.5196479],[-0.1671646,51.5196602],[-0.1671205,51.5196695]]]}},
{"type":"Feature","properties":{"highway":"footway","name":null,"category":"Footpath (pedestrian only)"},"geometry":{"type":"MultiLineString","coordinates":[[[-0.1671205,51.5196695],[-0.1671023,51.5196755]]]}},
{"type":"Feature","properties":{"highway":"footway","name":null,"category":"Footpath (pedestrian only)"},"geometry":{"type":"MultiLineString","coordinates":[[[-0.1671023,51.5196755],[-0.1670948,51.5196839],[-0.1670864,51.5196883],[-0.1660074,51.5199235],[-0.1659163,51.5199305],[-0.1658827,51.5199251]]]}},
{"type":"Feature","properties":{"highway":"footway","name":null,"category":"Footpath (pedestrian only)"},"geometry":{"type":"MultiLineString","coordinates":[[[-0.1654535,51.520289],[-0.1654635,51.5202653],[-0.1654785,51.5202293]]]}},
{"type":"Feature","properties":{"highway":"footway","name":null,"category":"Footpath (pedestrian only)"},"geometry":{"type":"MultiLineString","coordinates":[[[-0.1654785,51.5202293],[-0.1654882,51.5202051]]]}},
{"type":"Feature","properties":{"highway":"footway","name":null,"category":"Footpath (pedestrian only)"},"geometry":{"type":"MultiLineString","coordinates":[[[-0.1657722,51.5193974],[-0.1657603,51.5194066]]]}},
{"type":"Feature","properties":{"highway":"footway","name":null,"category":"Footpath (pedestrian only)"},"geometry":{"type":"MultiLineString","coordinates":[[[-0.1656933,51.5197657],[-0.1656902,51.5197728]]]}},
{"type":"Feature","properties":{"highway":"footway","name":null,"category":"Footpath (pedestrian only)"},"geometry":{"type":"MultiLineString","coordinates":[[[-0.1656779,51.5198324],[-0.1656773,51.51984]]]}},
{"type":"Feature","properties":{"highway":"footway","name":null,"category":"Footpath (pedestrian only)"},"geometry":{"type":"MultiLineString","coordinates":[[[-0.1649662,51.5201246],[-0.1649942,51.5201385],[-0.1650274,51.520155]]]}},
{"type":"Feature","properties":{"highway":"footway","name":null,"category":"Footpath (pedestrian only)"},"geometry":{"type":"MultiLineString","coordinates":[[[-0.1650274,51.520155],[-0.1651595,51.5202048],[-0.1651795,51.5201903],[-0.1654468,51.5203006]]]}},
{"type":"Feature","properties":{"highway":"footway","name":null,"category":"Footpath (pedestrian only)"},"geometry":{"type":"MultiLineString","coordinates":[[[-0.1658977,51.5200323],[-0.1658834,51.5200197],[-0.1658703,51.5200082]]]}},
{"type":"Feature","properties":{"highway":"footway","name":null,"category":"Footpath (pedestrian only)"},"geometry":{"type":"MultiLineString","coordinates":[[[-0.1658977,51.5200323],[-0.165914,51.5200465]]]}},
{"type":"Feature","properties":{"highway":"footway","name":null,"category":"Footpath (pedestrian only)"},"geometry":{"type":"MultiLineString","coordinates":[[[-0.1656331,51.5199758],[-0.165647,51.5199779]]]}},
{"type":"Feature","properties":{"highway":"footway","name":null,"category":"Footpath (pedestrian only)"},"geometry":{"type":"MultiLineString","coordinates":[[[-0.1667652,51.5158562],[-0.1668178,51.5158187],[-0.1668907,51.5157752]]]}},
{"type":"Feature","properties":{"highway":"footway","name":null,"category":"Footpath (pedestrian only)"},"geometry":{"type":"MultiLineString","coordinates":[[[-0.1668907,51.5157752],[-0.1669301,51.5157515],[-0.1669452,51.5157424]]]}},
{"type":"Feature","properties":{"highway":"footway","name":null,"category":"Footpath (pedestrian only)"},"geometry":{"type":"MultiLineString","coordinates":[[[-0.1669452,51.5157424],[-0.1671326,51.5156269]]]}},
{"type":"Feature","properties":{"highway":"footway","name":null,"category":"Footpath (pedestrian only)"},"geometry":{"type":"MultiLineString","coordinates":[[[-0.1671326,51.5156269],[-0.1671527,51.5156156],[-0.1671889,51.5155952]]]}},
{"type":"Feature","properties":{"highway":"footway","name":null,"category":"Footpath (pedestrian only)"},"geometry":{"type":"MultiLineString","coordinates":[[[-0.1671889,51.5155952],[-0.1672351,51.5155742]]]}},
{"type":"Feature","properties":{"highway":"footway","name":null,"category":"Footpath (pedestrian only)"},"geometry":{"type":"MultiLineString","coordinates":[[[-0.163771,51.5175962],[-0.1637652,51.5176018]]]}},
{"type":"Feature","properties":{"highway":"footway","name":null,"category":"Footpath (pedestrian only)"},"geometry":{"type":"MultiLineString","coordinates":[[[-0.1632978,51.5177739],[-0.1632827,51.5177625]]]}},
{"type":"Feature","properties":{"highway":"footway","name":null,"category":"Footpath (pedestrian only)"},"geometry":{"type":"MultiLineString","coordinates":[[[-0.1632837,51.5177739],[-0.1632978,51.5177739]]]}},
{"type":"Feature","properties":{"highway":"footway","name":null,"category":"Footpath (pedestrian only)"},"geometry":{"type":"MultiLineString","coordinates":[[[-0.1631443,51.5177967],[-0.1631535,51.5177931]]]}},
{"type":"Feature","properties":{"highway":"footway","name":null,"category":"Footpath (pedestrian only)"},"geometry":{"type":"MultiLineString","coordinates":[[[-0.1636491,51.518177],[-0.1636616,51.5181771]]]}},
{"type":"Feature","properties":{"highway":"footway","name":null,"category":"Footpath (pedestrian only)"},"geometry":{"type":"MultiLineString","coordinates":[[[-0.1637649,51.5182426],[-0.163773,51.5182512]]]}},
{"type":"Feature","properties":{"highway":"footway","name":null,"category":"Footpath (pedestrian only)"},"geometry":{"type":"MultiLineString","coordinates":[[[-0.162734,51.5183288],[-0.16274,51.5183381]]]}},
{"type":"Feature","properties":{"highway":"footway","name":null,"category":"Footpath (pedestrian only)"},"geometry":{"type":"MultiLineString","coordinates":[[[-0.1627747,51.5184099],[-0.1627788,51.5184167]]]}},
{"type":"Feature","properties":{"highway":"footway","name":null,"category":"Footpath (pedestrian only)"},"geometry":{"type":"MultiLineString","coordinates":[[[-0.1627949,51.5185276],[-0.1628236,51.5185228]]]}},
{"type":"Feature","properties":{"highway":"footway","name":null,"category":"Footpath (pedestrian only)"},"geometry":{"type":"MultiLineString","coordinates":[[[-0.1626578,51.5185517],[-0.1626744,51.5185481]]]}},
{"type":"Feature","properties":{"highway":"footway","name":null,"category":"Footpath (pedestrian only)"},"geometry":{"type":"MultiLineString","coordinates":[[[-0.1626143,51.5184419],[-0.1626094,51.5184507]]]}},
{"type":"Feature","properties":{"highway":"footway","name":null,"category":"Footpath (pedestrian only)"},"geometry":{"type":"MultiLineString","coordinates":[[[-0.1625621,51.5183479],[-0.1625705,51.51836]]]}},
{"type":"Feature","properties":{"highway":"footway","name":null,"category":"Footpath (pedestrian only)"},"geometry":{"type":"MultiLineString","coordinates":[[[-0.1624471,51.5177381],[-0.1624611,51.5177666]]]}},
{"type":"Feature","properties":{"highway":"footway","name":null,"category":"Footpath (pedestrian only)"},"geometry":{"type":"MultiLineString","coordinates":[[[-0.1625309,51.5178807],[-0.1625388,51.5178876]]]}},
{"type":"Feature","properties":{"highway":"footway","name":null,"category":"Footpath (pedestrian only)"},"geometry":{"type":"MultiLineString","coordinates":[[[-0.163032,51.5177889],[-0.1630378,51.5177958]]]}},
{"type":"Feature","properties":{"highway":"footway","name":null,"category":"Footpath (pedestrian only)"},"geometry":{"type":"MultiLineString","coordinates":[[[-0.1630018,51.5173918],[-0.1630004,51.5174005]]]}},
{"type":"Feature","properties":{"highway":"footway","name":null,"category":"Footpath (pedestrian only)"},"geometry":{"type":"MultiLineString","coordinates":[[[-0.1630201,51.5174477],[-0.1630245,51.517455]]]}},
{"type":"Feature","properties":{"highway":"footway","name":null,"category":"Footpath (pedestrian only)"},"geometry":{"type":"MultiLineString","coordinates":[[[-0.1645605,51.5189154],[-0.1645709,51.5189268]]]}},
{"type":"Feature","properties":{"highway":"footway","name":null,"category":"Footpath (pedestrian only)"},"geometry":{"type":"MultiLineString","coordinates":[[[-0.1645169,51.518808],[-0.1645195,51.5188154]]]}},
{"type":"Feature","properties":{"highway":"footway","name":null,"category":"Footpath (pedestrian only)"},"geometry":{"type":"MultiLineString","coordinates":[[[-0.1665434,51.5176589],[-0.1665544,51.517667]]]}},
{"type":"Feature","properties":{"highway":"footway","name":null,"category":"Footpath (pedestrian only)"},"geometry":{"type":"MultiLineString","coordinates":[[[-0.166664,51.5177172],[-0.1666584,51.5177141]]]}},
{"type":"Feature","properties":{"highway":"footway","name":null,"category":"Footpath (pedestrian only)"},"geometry":{"type":"MultiLineString","coordinates":[[[-0.16588,51.5181473],[-0.1658912,51.5181448]]]}},
{"type":"Feature","properties":{"highway":"footway","name":null,"category":"Footpath (pedestrian only)"},"geometry":{"type":"MultiLineString","coordinates":[[[-0.1659724,51.5180864],[-0.165977,51.5180821]]]}},
{"type":"Feature","properties":{"highway":"footway","name":null,"category":"Footpath (pedestrian only)"},"geometry":{"type":"MultiLineString","coordinates":[[[-0.1653171,51.5185582],[-0.1652961,51.5185738],[-0.1652213,51.5186294]]]}},
{"type":"Feature","properties":{"highway":"footway","name":null,"category":"Footpath (pedestrian only)"},"geometry":{"type":"MultiLineString","coordinates":[[[-0.1652132,51.5186366],[-0.1652213,51.5186294]]]}},
{"type":"Feature","properties":{"highway":"footway","name":null,"category":"Footpath (pedestrian only)"},"geometry":{"type":"MultiLineString","coordinates":[[[-0.1653171,51.5185582],[-0.1653212,51.5185501]]]}},
{"type":"Feature","properties":{"highway":"footway","name":null,"category":"Footpath (pedestrian only)"},"geometry":{"type":"MultiLineString","coordinates":[[[-0.1688481,51.5174079],[-0.1688418,51.5174139]]]}},
{"type":"Feature","properties":{"highway":"footway","name":null,"category":"Footpath (pedestrian only)"},"geometry":{"type":"MultiLineString","coordinates":[[[-0.1689305,51.5173624],[-0.1689404,51.5173569]]]}},
{"type":"Feature","properties":{"highway":"footway","name":null,"category":"Footpath (pedestrian only)"},"geometry":{"type":"MultiLineString","coordinates":[[[-0.1695976,51.5179525],[-0.1696124,51.5179615]]]}},
{"type":"Feature","properties":{"highway":"footway","name":null,"category":"Footpath (pedestrian only)"},"geometry":{"type":"MultiLineString","coordinates":[[[-0.1695176,51.5178904],[-0.1695253,51.517898]]]}},
{"type":"Feature","properties":{"highway":"footway","name":null,"category":"Footpath (pedestrian only)"},"geometry":{"type":"MultiLineString","coordinates":[[[-0.1676198,51.5181782],[-0.1676252,51.5181752]]]}},
{"type":"Feature","properties":{"highway":"footway","name":null,"category":"Footpath (pedestrian only)"},"geometry":{"type":"MultiLineString","coordinates":[[[-0.1682591,51.5186064],[-0.1682648,51.5186115]]]}},
{"type":"Feature","properties":{"highway":"footway","name":null,"category":"Footpath (pedestrian only)"},"geometry":{"type":"MultiLineString","coordinates":[[[-0.1683462,51.5186645],[-0.1683541,51.5186723]]]}},
{"type":"Feature","properties":{"highway":"footway","name":null,"category":"Footpath (pedestrian only)"},"geometry":{"type":"MultiLineString","coordinates":[[[-0.1598153,51.5154605],[-0.1598047,51.5154366],[-0.1597502,51.5153141],[-0.1597237,51.5153115],[-0.1596945,51.5153146],[-0.1596429,51.5153165],[-0.1595732,51.5153089],[-0.1594944,51.5152889],[-0.1594245,51.5152584],[-0.1593781,51.5152224],[-0.1593462,51.5151906],[-0.1593141,51.5151477],[-0.1592933,51.5151137],[-0.1592735,51.5150731],[-0.1592649,51.515038],[-0.159263,51.5149918],[-0.1592707,51.5149383],[-0.1592879,51.514893],[-0.1593133,51.5148545],[-0.1593506,51.5148266],[-0.1593923,51.514806],[-0.1594476,51.5147877],[-0.1595028,51.5147765],[-0.1594527,51.5146577],[-0.1594449,51.5146394],[-0.1594179,51.514629],[-0.1593941,51.5146328],[-0.1581771,51.5148275],[-0.1581222,51.5148363],[-0.1581148,51.5148441],[-0.1581183,51.5148519],[-0.1583026,51.5152604],[-0.1583107,51.5152784],[-0.1583233,51.5153063]]]}},
{"type":"Feature","properties":{"highway":"footway","name":null,"category":"Footpath (pedestrian only)"},"geometry":{"type":"MultiLineString","coordinates":[[[-0.1566626,51.5151098],[-0.1567135,51.5151002],[-0.1569514,51.5150553],[-0.1570317,51.5150401],[-0.1573352,51.5149858],[-0.1576039,51.5155741]]]}},
{"type":"Feature","properties":{"highway":"footway","name":null,"category":"Footpath (pedestrian only)"},"geometry":{"type":"MultiLineString","coordinates":[[[-0.1589013,51.5135308],[-0.1590477,51.5138777],[-0.1591892,51.5141507],[-0.1591831,51.5141571],[-0.1581736,51.5142846],[-0.1581396,51.5142636],[-0.1580836,51.5142528],[-0.1579809,51.514233],[-0.1578738,51.5142485],[-0.1571855,51.5143479],[-0.156537,51.5144416]]]}},
{"type":"Feature","properties":{"highway":"footway","name":null,"category":"Footpath (pedestrian only)"},"geometry":{"type":"MultiLineString","coordinates":[[[-0.1581098,51.5148533],[-0.1580814,51.5148573],[-0.1580285,51.5148653]]]}},
{"type":"Feature","properties":{"highway":"footway","name":null,"category":"Footpath (pedestrian only)"},"geometry":{"type":"MultiLineString","coordinates":[[[-0.1574063,51.5149735],[-0.1573898,51.5149762],[-0.1573352,51.5149858]]]}},
{"type":"Feature","properties":{"highway":"footway","name":null,"category":"Footpath (pedestrian only)"},"geometry":{"type":"MultiLineString","coordinates":[[[-0.1581673,51.5148064],[-0.1581771,51.5148275]]]}},
{"type":"Feature","properties":{"highway":"footway","name":null,"category":"Footpath (pedestrian only)"},"geometry":{"type":"MultiLineString","coordinates":[[[-0.1581298,51.514732],[-0.1581346,51.5147401]]]}},
{"type":"Feature","properties":{"highway":"footway","name":null,"category":"Footpath (pedestrian only)"},"geometry":{"type":"MultiLineString","coordinates":[[[-0.1581346,51.5147401],[-0.1581464,51.5147641],[-0.1581673,51.5148064]]]}},
{"type":"Feature","properties":{"highway":"footway","name":null,"category":"Footpath (pedestrian only)"},"geometry":{"type":"MultiLineString","coordinates":[[[-0.1591896,51.5141718],[-0.1592015,51.5142068],[-0.1592135,51.5142368]]]}},
{"type":"Feature","properties":{"highway":"footway","name":null,"category":"Footpath (pedestrian only)"},"geometry":{"type":"MultiLineString","coordinates":[[[-0.1592135,51.5142368],[-0.1592159,51.5142477]]]}},
{"type":"Feature","properties":{"highway":"footway","name":null,"category":"Footpath (pedestrian only)"},"geometry":{"type":"MultiLineString","coordinates":[[[-0.1591896,51.5141718],[-0.1591831,51.5141571]]]}},
{"type":"Feature","properties":{"highway":"footway","name":null,"category":"Footpath (pedestrian only)"},"geometry":{"type":"MultiLineString","coordinates":[[[-0.1531443,51.5212675],[-0.1530754,51.5212709],[-0.1530049,51.5212744]]]}},
{"type":"Feature","properties":{"highway":"footway","name":null,"category":"Footpath (pedestrian only)"},"geometry":{"type":"MultiLineString","coordinates":[[[-0.1529729,51.5212847],[-0.1529773,51.5213186],[-0.1529807,51.5213467],[-0.1529837,51.5213708]]]}},
{"type":"Feature","properties":{"highway":"footway","name":null,"category":"Footpath (pedestrian only)"},"geometry":{"type":"MultiLineString","coordinates":[[[-0.1594743,51.514654],[-0.1595527,51.5146406],[-0.1596292,51.5146276]]]}},
{"type":"Feature","properties":{"highway":"footway","name":null,"category":"Footpath (pedestrian only)"},"geometry":{"type":"MultiLineString","coordinates":[[[-0.1594527,51.5146577],[-0.1594743,51.514654]]]}},
{"type":"Feature","properties":{"highway":"footway","name":null,"category":"Footpath (pedestrian only)"},"geometry":{"type":"MultiLineString","coordinates":[[[-0.1612405,51.5152508],[-0.1612329,51.5152365],[-0.1600791,51.5154305],[-0.1600242,51.5154397],[-0.160005,51.5153982],[-0.1598458,51.5150544]]]}},
{"type":"Feature","properties":{"highway":"footway","name":null,"category":"Footpath (pedestrian only)"},"geometry":{"type":"MultiLineString","coordinates":[[[-0.1610846,51.5147846],[-0.1609234,51.514416],[-0.1609129,51.5143928],[-0.1609005,51.5143889],[-0.1596914,51.5145847],[-0.1596654,51.5145889],[-0.1596514,51.5146007],[-0.1596611,51.5146221],[-0.1597833,51.5148934]]]}},
{"type":"Feature","properties":{"highway":"footway","name":null,"category":"Footpath (pedestrian only)"},"geometry":{"type":"MultiLineString","coordinates":[[[-0.1596611,51.5146221],[-0.1596292,51.5146276]]]}},
{"type":"Feature","properties":{"highway":"footway","name":null,"category":"Footpath (pedestrian only)"},"geometry":{"type":"MultiLineString","coordinates":[[[-0.1596848,51.51457],[-0.1596601,51.5145187],[-0.1596497,51.5144946]]]}},
{"type":"Feature","properties":{"highway":"footway","name":null,"category":"Footpath (pedestrian only)"},"geometry":{"type":"MultiLineString","coordinates":[[[-0.1596914,51.5145847],[-0.1596848,51.51457]]]}},
{"type":"Feature","properties":{"highway":"footway","name":null,"category":"Footpath (pedestrian only)"},"geometry":{"type":"MultiLineString","coordinates":[[[-0.1594596,51.5142263],[-0.1595707,51.5144483],[-0.159578,51.5144629],[-0.1596429,51.5144803],[-0.1596497,51.5144946]]]}},
{"type":"Feature","properties":{"highway":"footway","name":null,"category":"Footpath (pedestrian only)"},"geometry":{"type":"MultiLineString","coordinates":[[[-0.1596429,51.5144803],[-0.1613202,51.5141932],[-0.1613343,51.514181],[-0.1613564,51.5141697],[-0.1611075,51.514013]]]}},
{"type":"Feature","properties":{"highway":"footway","name":null,"category":"Footpath (pedestrian only)"},"geometry":{"type":"MultiLineString","coordinates":[[[-0.1610142,51.5144022],[-0.1609703,51.5144092],[-0.1609479,51.5144128]]]}},
{"type":"Feature","properties":{"highway":"footway","name":null,"category":"Footpath (pedestrian only)"},"geometry":{"type":"MultiLineString","coordinates":[[[-0.1614153,51.5152209],[-0.1614097,51.5152101],[-0.1613836,51.5152151],[-0.1613787,51.5152033],[-0.1612085,51.5147945],[-0.1612069,51.5147899]]]}},
{"type":"Feature","properties":{"highway":"footway","name":null,"category":"Footpath (pedestrian only)"},"geometry":{"type":"MultiLineString","coordinates":[[[-0.1610333,51.514398],[-0.1610231,51.514369],[-0.1615067,51.5142925],[-0.1615544,51.514285],[-0.1616291,51.5143272],[-0.1616453,51.5143214]]]}},
{"type":"Feature","properties":{"highway":"footway","name":null,"category":"Footpath (pedestrian only)"},"geometry":{"type":"MultiLineString","coordinates":[[[-0.1609479,51.5144128],[-0.1609234,51.514416]]]}},
{"type":"Feature","properties":{"highway":"footway","name":null,"category":"Footpath (pedestrian only)"},"geometry":{"type":"MultiLineString","coordinates":[[[-0.161744,51.514295],[-0.1616453,51.5143214]]]}},
{"type":"Feature","properties":{"highway":"footway","name":null,"category":"Footpath (pedestrian only)"},"geometry":{"type":"MultiLineString","coordinates":[[[-0.161744,51.514295],[-0.1618445,51.5142691]]]}},
{"type":"Feature","properties":{"highway":"footway","name":null,"category":"Footpath (pedestrian only)"},"geometry":{"type":"MultiLineString","coordinates":[[[-0.1631663,51.5139773],[-0.1631868,51.5139821],[-0.1632023,51.5139948],[-0.1628424,51.514057],[-0.1618968,51.5142212],[-0.1618829,51.5142434],[-0.1618751,51.5142638],[-0.1618445,51.5142691]]]}},
{"type":"Feature","properties":{"highway":"footway","name":null,"category":"Footpath (pedestrian only)"},"geometry":{"type":"MultiLineString","coordinates":[[[-0.1618751,51.5142638],[-0.1620661,51.5143964]]]}},
{"type":"Feature","properties":{"highway":"footway","name":null,"category":"Footpath (pedestrian only)"},"geometry":{"type":"MultiLineString","coordinates":[[[-0.1616291,51.5143272],[-0.162083,51.5146332]]]}},
{"type":"Feature","properties":{"highway":"footway","name":null,"category":"Footpath (pedestrian only)"},"geometry":{"type":"MultiLineString","coordinates":[[[-0.1612801,51.5153397],[-0.1612558,51.5152855],[-0.1612405,51.5152508]]]}},
{"type":"Feature","properties":{"highway":"footway","name":null,"category":"Footpath (pedestrian only)"},"geometry":{"type":"MultiLineString","coordinates":[[[-0.1627649,51.5150989],[-0.1614616,51.5153132],[-0.1614556,51.5153247]]]}},
{"type":"Feature","properties":{"highway":"footway","name":null,"category":"Footpath (pedestrian only)"},"geometry":{"type":"MultiLineString","coordinates":[[[-0.1614616,51.5153132],[-0.1614579,51.5153038]]]}},
{"type":"Feature","properties":{"highway":"footway","name":null,"category":"Footpath (pedestrian only)"},"geometry":{"type":"MultiLineString","coordinates":[[[-0.1614579,51.5153038],[-0.1614364,51.515262],[-0.1614153,51.5152209]]]}},
{"type":"Feature","properties":{"highway":"footway","name":null,"category":"Footpath (pedestrian only)"},"geometry":{"type":"MultiLineString","coordinates":[[[-0.1594156,51.5141344],[-0.1592759,51.5138514],[-0.1590925,51.5135125],[-0.1590959,51.5135041],[-0.1591033,51.5134858],[-0.1591448,51.5134501],[-0.159177,51.513437],[-0.1592804,51.513428]]]}},
{"type":"Feature","properties":{"highway":"footway","name":null,"category":"Footpath (pedestrian only)"},"geometry":{"type":"MultiLineString","coordinates":[[[-0.1594156,51.5141344],[-0.1600052,51.5140612],[-0.1609335,51.5139554],[-0.1609095,51.513939],[-0.1608333,51.5138869]]]}},
{"type":"Feature","properties":{"highway":"footway","name":null,"category":"Footpath (pedestrian only)"},"geometry":{"type":"MultiLineString","coordinates":[[[-0.1598106,51.5155692],[-0.1597958,51.5155286],[-0.1597775,51.5154762]]]}},
{"type":"Feature","properties":{"highway":"footway","name":null,"category":"Footpath (pedestrian only)"},"geometry":{"type":"MultiLineString","coordinates":[[[-0.159816,51.5155838],[-0.1598106,51.5155692]]]}},
{"type":"Feature","properties":{"highway":"footway","name":null,"category":"Footpath (pedestrian only)"},"geometry":{"type":"MultiLineString","coordinates":[[[-0.1597775,51.5154762],[-0.1597743,51.5154675]]]}},
{"type":"Feature","properties":{"highway":"footway","name":null,"category":"Footpath (pedestrian only)"},"geometry":{"type":"MultiLineString","coordinates":[[[-0.1601183,51.5155346],[-0.1601131,51.5155217]]]}},
{"type":"Feature","properties":{"highway":"footway","name":null,"category":"Footpath (pedestrian only)"},"geometry":{"type":"MultiLineString","coordinates":[[[-0.1601131,51.5155217],[-0.1600972,51.5154785],[-0.1600825,51.5154397]]]}},
{"type":"Feature","properties":{"highway":"footway","name":null,"category":"Footpath (pedestrian only)"},"geometry":{"type":"MultiLineString","coordinates":[[[-0.1600825,51.5154397],[-0.1600791,51.5154305]]]}},
{"type":"Feature","properties":{"highway":"footway","name":null,"category":"Footpath (pedestrian only)"},"geometry":{"type":"MultiLineString","coordinates":[[[-0.1612329,51.5152365],[-0.1612675,51.51523],[-0.1612632,51.5152197],[-0.1611001,51.5148298],[-0.1610983,51.5148248],[-0.1610963,51.514819]]]}},
{"type":"Feature","properties":{"highway":"footway","name":null,"category":"Footpath (pedestrian only)"},"geometry":{"type":"MultiLineString","coordinates":[[[-0.1619995,51.5151051],[-0.1619806,51.5151084],[-0.1614097,51.5152101]]]}},
{"type":"Feature","properties":{"highway":"footway","name":null,"category":"Footpath (pedestrian only)"},"geometry":{"type":"MultiLineString","coordinates":[[[-0.1644902,51.5209998],[-0.1645016,51.5210242]]]}},
{"type":"Feature","properties":{"highway":"footway","name":null,"category":"Footpath (pedestrian only)"},"geometry":{"type":"MultiLineString","coordinates":[[[-0.1645363,51.5208815],[-0.1645163,51.5208421],[-0.1644969,51.5208056]]]}},
{"type":"Feature","properties":{"highway":"footway","name":null,"category":"Footpath (pedestrian only)"},"geometry":{"type":"MultiLineString","coordinates":[[[-0.1611239,51.5185912],[-0.1611306,51.5186038]]]}},
{"type":"Feature","properties":{"highway":"footway","name":null,"category":"Footpath (pedestrian only)"},"geometry":{"type":"MultiLineString","coordinates":[[[-0.1611306,51.5186038],[-0.161149,51.5186373],[-0.16117,51.5186755]]]}},
{"type":"Feature","properties":{"highway":"footway","name":null,"category":"Footpath (pedestrian only)"},"geometry":{"type":"MultiLineString","coordinates":[[[-0.16117,51.5186755],[-0.1611759,51.5186861]]]}},
{"type":"Feature","properties":{"highway":"footway","name":null,"category":"Footpath (pedestrian only)"},"geometry":{"type":"MultiLineString","coordinates":[[[-0.1608214,51.5165007],[-0.1608339,51.5165289],[-0.1608526,51.5165713]]]}},
{"type":"Feature","properties":{"highway":"footway","name":null,"category":"Footpath (pedestrian only)"},"geometry":{"type":"MultiLineString","coordinates":[[[-0.1605163,51.5165271],[-0.1604343,51.5165391],[-0.160344,51.5165524]]]}},
{"type":"Feature","properties":{"highway":"footway","name":null,"category":"Footpath (pedestrian only)"},"geometry":{"type":"MultiLineString","coordinates":[[[-0.1594324,51.5167162],[-0.1591453,51.5167665],[-0.159102,51.5167741],[-0.1590777,51.516767],[-0.1586252,51.5157757]]]}},
{"type":"Feature","properties":{"highway":"footway","name":null,"category":"Footpath (pedestrian only)"},"geometry":{"type":"MultiLineString","coordinates":[[[-0.1594889,51.5167058],[-0.1594654,51.5167099],[-0.1594324,51.5167162]]]}},
{"type":"Feature","properties":{"highway":"footway","name":null,"category":"Footpath (pedestrian only)"},"geometry":{"type":"MultiLineString","coordinates":[[[-0.1600876,51.5155586],[-0.1600935,51.5155729],[-0.1601962,51.5158202]]]}},
{"type":"Feature","properties":{"highway":"footway","name":null,"category":"Footpath (pedestrian only)"},"geometry":{"type":"MultiLineString","coordinates":[[[-0.1601962,51.5158202],[-0.160198,51.5158245],[-0.160205,51.51584]]]}},
{"type":"Feature","properties":{"highway":"footway","name":null,"category":"Footpath (pedestrian only)"},"geometry":{"type":"MultiLineString","coordinates":[[[-0.1599055,51.5155882],[-0.1599129,51.5156032],[-0.160029,51.5158407]]]}},
{"type":"Feature","properties":{"highway":"footway","name":null,"category":"Footpath (pedestrian only)"},"geometry":{"type":"MultiLineString","coordinates":[[[-0.160029,51.5158407],[-0.1600346,51.5158522],[-0.1600404,51.5158653]]]}},
{"type":"Feature","properties":{"highway":"footway","name":null,"category":"Footpath (pedestrian only)"},"geometry":{"type":"MultiLineString","coordinates":[[[-0.1506563,51.5150518],[-0.150654,51.5150449]]]}},
{"type":"Feature","properties":{"highway":"footway","name":null,"category":"Footpath (pedestrian only)"},"geometry":{"type":"MultiLineString","coordinates":[[[-0.1506235,51.5149636],[-0.1506265,51.5149711]]]}},
{"type":"Feature","properties":{"highway":"footway","name":null,"category":"Footpath (pedestrian only)"},"geometry":{"type":"MultiLineString","coordinates":[[[-0.1506265,51.5149711],[-0.1506357,51.5149959],[-0.150654,51.5150449]]]}},
{"type":"Feature","properties":{"highway":"footway","name":null,"category":"Footpath (pedestrian only)"},"geometry":{"type":"MultiLineString","coordinates":[[[-0.1508348,51.5154456],[-0.1508318,51.5154307]]]}},
{"type":"Feature","properties":{"highway":"footway","name":null,"category":"Footpath (pedestrian only)"},"geometry":{"type":"MultiLineString","coordinates":[[[-0.1508077,51.5153681],[-0.1508116,51.5153769]]]}},
{"type":"Feature","properties":{"highway":"footway","name":null,"category":"Footpath (pedestrian only)"},"geometry":{"type":"MultiLineString","coordinates":[[[-0.1508116,51.5153769],[-0.1508159,51.5153884],[-0.1508318,51.5154307]]]}},
{"type":"Feature","properties":{"highway":"footway","name":null,"category":"Footpath (pedestrian only)"},"geometry":{"type":"MultiLineString","coordinates":[[[-0.160177,51.5133657],[-0.1601166,51.5134054]]]}},
{"type":"Feature","properties":{"highway":"footway","name":null,"category":"Footpath (pedestrian only)"},"geometry":{"type":"MultiLineString","coordinates":[[[-0.1601069,51.513414],[-0.1599562,51.5133683],[-0.1592804,51.513428]]]}},
{"type":"Feature","properties":{"highway":"footway","name":null,"category":"Footpath (pedestrian only)"},"geometry":{"type":"MultiLineString","coordinates":[[[-0.1601069,51.513414],[-0.1602926,51.5135301],[-0.1608333,51.5138869]]]}},
{"type":"Feature","properties":{"highway":"footway","name":null,"category":"Footpath (pedestrian only)"},"geometry":{"type":"MultiLineString","coordinates":[[[-0.1601166,51.5134054],[-0.1601069,51.513414]]]}},
{"type":"Feature","properties":{"highway":"footway","name":null,"category":"Footpath (pedestrian only)"},"geometry":{"type":"MultiLineString","coordinates":[[[-0.1604976,51.5133783],[-0.1605771,51.5133809]]]}},
{"type":"Feature","properties":{"highway":"footway","name":null,"category":"Footpath (pedestrian only)"},"geometry":{"type":"MultiLineString","coordinates":[[[-0.1605771,51.5133809],[-0.1606083,51.5134027],[-0.1609688,51.5136544],[-0.1612344,51.5138399]]]}},
{"type":"Feature","properties":{"highway":"footway","name":null,"category":"Footpath (pedestrian only)"},"geometry":{"type":"MultiLineString","coordinates":[[[-0.1627039,51.5130654],[-0.1626855,51.5130688],[-0.162659,51.5130737],[-0.1623699,51.5131134],[-0.1620749,51.5131467],[-0.1606971,51.5133018],[-0.1606083,51.5134027]]]}},
{"type":"Feature","properties":{"highway":"footway","name":null,"category":"Footpath (pedestrian only)"},"geometry":{"type":"MultiLineString","coordinates":[[[-0.1613099,51.5136695],[-0.1614323,51.5136455],[-0.1615475,51.5136337],[-0.1620692,51.5135662],[-0.1622334,51.5135576],[-0.1623615,51.5135438],[-0.1624969,51.5135396]]]}},
{"type":"Feature","properties":{"highway":"footway","name":null,"category":"Footpath (pedestrian only)"},"geometry":{"type":"MultiLineString","coordinates":[[[-0.1612983,51.5135979],[-0.1620977,51.5135018]]]}},
{"type":"Feature","properties":{"highway":"footway","name":null,"category":"Footpath (pedestrian only)"},"geometry":{"type":"MultiLineString","coordinates":[[[-0.1612983,51.5135979],[-0.161079,51.513625],[-0.1610858,51.5136414]]]}},
{"type":"Feature","properties":{"highway":"footway","name":null,"category":"Footpath (pedestrian only)"},"geometry":{"type":"MultiLineString","coordinates":[[[-0.1613099,51.5136695],[-0.1613093,51.5136159],[-0.1613066,51.5136069]]]}},
{"type":"Feature","properties":{"highway":"footway","name":null,"category":"Footpath (pedestrian only)"},"geometry":{"type":"MultiLineString","coordinates":[[[-0.1613066,51.5136069],[-0.1612983,51.5135979]]]}},
{"type":"Feature","properties":{"highway":"footway","name":null,"category":"Footpath (pedestrian only)"},"geometry":{"type":"MultiLineString","coordinates":[[[-0.1578584,51.5127271],[-0.1574519,51.5127999],[-0.157439,51.5127979],[-0.1574303,51.5127906],[-0.1572155,51.5123316],[-0.1576171,51.5122609]]]}},
{"type":"Feature","properties":{"highway":"footway","name":null,"category":"Footpath (pedestrian only)"},"geometry":{"type":"MultiLineString","coordinates":[[[-0.1570943,51.5123561],[-0.1573102,51.5128128],[-0.1565233,51.5129494],[-0.1557835,51.5130809],[-0.1557497,51.5130871],[-0.1557331,51.513067],[-0.1555416,51.5126635],[-0.1555401,51.5126546],[-0.1555463,51.5126418],[-0.1555572,51.5126384],[-0.1570943,51.5123561]]]}},
{"type":"Feature","properties":{"highway":"footway","name":null,"category":"Footpath (pedestrian only)"},"geometry":{"type":"MultiLineString","coordinates":[[[-0.1570566,51.5122701],[-0.1565352,51.512359]]]}},
{"type":"Feature","properties":{"highway":"footway","name":null,"category":"Footpath (pedestrian only)"},"geometry":{"type":"MultiLineString","coordinates":[[[-0.1571766,51.5122504],[-0.1575694,51.5121799]]]}},
{"type":"Feature","properties":{"highway":"footway","name":null,"category":"Footpath (pedestrian only)"},"geometry":{"type":"MultiLineString","coordinates":[[[-0.1573307,51.5128092],[-0.1573751,51.5128021],[-0.1574148,51.512794]]]}},
{"type":"Feature","properties":{"highway":"footway","name":null,"category":"Footpath (pedestrian only)"},"geometry":{"type":"MultiLineString","coordinates":[[[-0.1573307,51.5128092],[-0.1573102,51.5128128]]]}},
{"type":"Feature","properties":{"highway":"footway","name":null,"category":"Footpath (pedestrian only)"},"geometry":{"type":"MultiLineString","coordinates":[[[-0.1574148,51.512794],[-0.1574303,51.5127906]]]}},
{"type":"Feature","properties":{"highway":"footway","name":null,"category":"Footpath (pedestrian only)"},"geometry":{"type":"MultiLineString","coordinates":[[[-0.1570943,51.5123561],[-0.1571138,51.5123524]]]}},
{"type":"Feature","properties":{"highway":"footway","name":null,"category":"Footpath (pedestrian only)"},"geometry":{"type":"MultiLineString","coordinates":[[[-0.1572155,51.5123316],[-0.157203,51.5123346]]]}},
{"type":"Feature","properties":{"highway":"footway","name":null,"category":"Footpath (pedestrian only)"},"geometry":{"type":"MultiLineString","coordinates":[[[-0.1571138,51.5123524],[-0.1571578,51.5123436],[-0.157203,51.5123346]]]}},
{"type":"Feature","properties":{"highway":"footway","name":null,"category":"Footpath (pedestrian only)"},"geometry":{"type":"MultiLineString","coordinates":[[[-0.1571766,51.5122504],[-0.1571609,51.5122554]]]}},
{"type":"Feature","properties":{"highway":"footway","name":null,"category":"Footpath (pedestrian only)"},"geometry":{"type":"MultiLineString","coordinates":[[[-0.1570566,51.5122701],[-0.1570715,51.5122676]]]}},
{"type":"Feature","properties":{"highway":"footway","name":null,"category":"Footpath (pedestrian only)"},"geometry":{"type":"MultiLineString","coordinates":[[[-0.1570715,51.5122676],[-0.1571189,51.5122627],[-0.1571609,51.5122554]]]}},
{"type":"Feature","properties":{"highway":"footway","name":null,"category":"Footpath (pedestrian only)"},"geometry":{"type":"MultiLineString","coordinates":[[[-0.1557497,51.5130871],[-0.155723,51.513092]]]}},
{"type":"Feature","properties":{"highway":"footway","name":null,"category":"Footpath (pedestrian only)"},"geometry":{"type":"MultiLineString","coordinates":[[[-0.1557835,51.5130809],[-0.1557906,51.513095]]]}},
{"type":"Feature","properties":{"highway":"footway","name":null,"category":"Footpath (pedestrian only)"},"geometry":{"type":"MultiLineString","coordinates":[[[-0.155723,51.513092],[-0.1556704,51.5131016],[-0.155615,51.5131117]]]}},
{"type":"Feature","properties":{"highway":"footway","name":null,"category":"Footpath (pedestrian only)"},"geometry":{"type":"MultiLineString","coordinates":[[[-0.155615,51.5131117],[-0.1555918,51.513115],[-0.1552224,51.5131832]]]}},
{"type":"Feature","properties":{"highway":"footway","name":null,"category":"Footpath (pedestrian only)"},"geometry":{"type":"MultiLineString","coordinates":[[[-0.1557611,51.5136506],[-0.155791,51.5135789],[-0.1557554,51.5134691],[-0.1557021,51.5133345],[-0.1556417,51.5132038]]]}},
{"type":"Feature","properties":{"highway":"footway","name":null,"category":"Footpath (pedestrian only)"},"geometry":{"type":"MultiLineString","coordinates":[[[-0.1556417,51.5132038],[-0.1556257,51.5131937],[-0.1555483,51.5132051],[-0.1538222,51.5135278],[-0.1537601,51.5135413]]]}},
{"type":"Feature","properties":{"highway":"footway","name":null,"category":"Footpath (pedestrian only)"},"geometry":{"type":"MultiLineString","coordinates":[[[-0.1537995,51.5134543],[-0.155085,51.5132086]]]}},
{"type":"Feature","properties":{"highway":"footway","name":null,"category":"Footpath (pedestrian only)"},"geometry":{"type":"MultiLineString","coordinates":[[[-0.155085,51.5132086],[-0.1550789,51.5131974],[-0.1550612,51.5131597],[-0.1548845,51.5127801],[-0.1548745,51.5127667],[-0.1548567,51.5127664],[-0.1535205,51.5130066],[-0.1535081,51.5130154],[-0.153729,51.5134507],[-0.1537995,51.5134543]]]}},
{"type":"Feature","properties":{"highway":"footway","name":null,"category":"Footpath (pedestrian only)"},"geometry":{"type":"MultiLineString","coordinates":[[[-0.1552224,51.5131832],[-0.1552062,51.5131865]]]}},
{"type":"Feature","properties":{"highway":"footway","name":null,"category":"Footpath (pedestrian only)"},"geometry":{"type":"MultiLineString","coordinates":[[[-0.155085,51.5132086],[-0.1551017,51.5132055]]]}},
{"type":"Feature","properties":{"highway":"footway","name":null,"category":"Footpath (pedestrian only)"},"geometry":{"type":"MultiLineString","coordinates":[[[-0.1551017,51.5132055],[-0.1551537,51.5131961],[-0.1552062,51.5131865]]]}},
{"type":"Feature","properties":{"highway":"footway","name":null,"category":"Footpath (pedestrian only)"},"geometry":{"type":"MultiLineString","coordinates":[[[-0.1550165,51.5127403],[-0.1549977,51.5127438]]]}},
{"type":"Feature","properties":{"highway":"footway","name":null,"category":"Footpath (pedestrian only)"},"geometry":{"type":"MultiLineString","coordinates":[[[-0.1549977,51.5127438],[-0.1549458,51.5127533],[-0.1548924,51.512763]]]}},
{"type":"Feature","properties":{"highway":"footway","name":null,"category":"Footpath (pedestrian only)"},"geometry":{"type":"MultiLineString","coordinates":[[[-0.1548924,51.512763],[-0.1548745,51.5127667]]]}},
{"type":"Feature","properties":{"highway":"footway","name":null,"category":"Footpath (pedestrian only)"},"geometry":{"type":"MultiLineString","coordinates":[[[-0.1553855,51.5126717],[-0.1554097,51.5126672]]]}},
{"type":"Feature","properties":{"highway":"footway","name":null,"category":"Footpath (pedestrian only)"},"geometry":{"type":"MultiLineString","coordinates":[[[-0.1555463,51.5126418],[-0.1555078,51.512649]]]}},
{"type":"Feature","properties":{"highway":"footway","name":null,"category":"Footpath (pedestrian only)"},"geometry":{"type":"MultiLineString","coordinates":[[[-0.1554097,51.5126672],[-0.1554635,51.5126572],[-0.1555078,51.512649]]]}},
{"type":"Feature","properties":{"highway":"footway","name":null,"category":"Footpath (pedestrian only)"},"geometry":{"type":"MultiLineString","coordinates":[[[-0.1565352,51.512359],[-0.1554935,51.5125549]]]}},
{"type":"Feature","properties":{"highway":"footway","name":null,"category":"Footpath (pedestrian only)"},"geometry":{"type":"MultiLineString","coordinates":[[[-0.1554935,51.5125549],[-0.1554826,51.512558]]]}},
{"type":"Feature","properties":{"highway":"footway","name":null,"category":"Footpath (pedestrian only)"},"geometry":{"type":"MultiLineString","coordinates":[[[-0.1554826,51.512558],[-0.1554384,51.5125655],[-0.1553557,51.5125794]]]}},
{"type":"Feature","properties":{"highway":"footway","name":null,"category":"Footpath (pedestrian only)"},"geometry":{"type":"MultiLineString","coordinates":[[[-0.1553557,51.5125794],[-0.1553329,51.5125838],[-0.1537978,51.5128791]]]}},
{"type":"Feature","properties":{"highway":"footway","name":null,"category":"Footpath (pedestrian only)"},"geometry":{"type":"MultiLineString","coordinates":[[[-0.1555834,51.5118612],[-0.1555951,51.5118847],[-0.1552255,51.5119565],[-0.1552085,51.5119654],[-0.1552863,51.5121502],[-0.15539,51.5123752],[-0.1554696,51.5125409],[-0.1554935,51.5125549]]]}},
{"type":"Feature","properties":{"highway":"footway","name":null,"category":"Footpath (pedestrian only)"},"geometry":{"type":"MultiLineString","coordinates":[[[-0.1551328,51.5121486],[-0.1553404,51.5125586],[-0.1553329,51.5125838]]]}},
{"type":"Feature","properties":{"highway":"footway","name":null,"category":"Footpath (pedestrian only)"},"geometry":{"type":"MultiLineString","coordinates":[[[-0.1558423,51.5131716],[-0.1558262,51.5131609]]]}},
{"type":"Feature","properties":{"highway":"footway","name":null,"category":"Footpath (pedestrian only)"},"geometry":{"type":"MultiLineString","coordinates":[[[-0.1556257,51.5131937],[-0.1556192,51.5131787]]]}},
{"type":"Feature","properties":{"highway":"footway","name":null,"category":"Footpath (pedestrian only)"},"geometry":{"type":"MultiLineString","coordinates":[[[-0.1555918,51.513115],[-0.1556005,51.5131352]]]}},
{"type":"Feature","properties":{"highway":"footway","name":null,"category":"Footpath (pedestrian only)"},"geometry":{"type":"MultiLineString","coordinates":[[[-0.1556005,51.5131352],[-0.1556108,51.5131592],[-0.1556192,51.5131787],[-0.1557024,51.5131703]]]}},
{"type":"Feature","properties":{"highway":"footway","name":null,"category":"Footpath (pedestrian only)"},"geometry":{"type":"MultiLineString","coordinates":[[[-0.1557024,51.5131703],[-0.1558262,51.5131609],[-0.1558057,51.5131256],[-0.1557906,51.513095]]]}},
{"type":"Feature","properties":{"highway":"footway","name":null,"category":"Footpath (pedestrian only)"},"geometry":{"type":"MultiLineString","coordinates":[[[-0.1538787,51.5138076],[-0.1537601,51.5135413]]]}},
{"type":"Feature","properties":{"highway":"footway","name":null,"category":"Footpath (pedestrian only)"},"geometry":{"type":"MultiLineString","coordinates":[[[-0.1569264,51.5109728],[-0.1569349,51.5109861]]]}},
{"type":"Feature","properties":{"highway":"footway","name":null,"category":"Footpath (pedestrian only)"},"geometry":{"type":"MultiLineString","coordinates":[[[-0.1631115,51.5150404],[-0.1630296,51.5149906],[-0.1629713,51.5149584]]]}},
{"type":"Feature","properties":{"highway":"footway","name":null,"category":"Footpath (pedestrian only)"},"geometry":{"type":"MultiLineString","coordinates":[[[-0.1629713,51.5149584],[-0.1629165,51.514931],[-0.1626043,51.5147348],[-0.1620661,51.5143964]]]}},
{"type":"Feature","properties":{"highway":"footway","name":null,"category":"Footpath (pedestrian only)"},"geometry":{"type":"MultiLineString","coordinates":[[[-0.1626198,51.5149975],[-0.1626023,51.514986],[-0.162083,51.5146332]]]}},
{"type":"Feature","properties":{"highway":"footway","name":null,"category":"Footpath (pedestrian only)"},"geometry":{"type":"MultiLineString","coordinates":[[[-0.1627451,51.5150861],[-0.1626891,51.5150483],[-0.1626198,51.5149975]]]}},
{"type":"Feature","properties":{"highway":"footway","name":null,"category":"Footpath (pedestrian only)"},"geometry":{"type":"MultiLineString","coordinates":[[[-0.1631339,51.5150732],[-0.1630857,51.5150821]]]}},
{"type":"Feature","properties":{"highway":"footway","name":null,"category":"Footpath (pedestrian only)"},"geometry":{"type":"MultiLineString","coordinates":[[[-0.1630857,51.5150821],[-0.1630298,51.5150918]]]}},
{"type":"Feature","properties":{"highway":"footway","name":null,"category":"Footpath (pedestrian only)"},"geometry":{"type":"MultiLineString","coordinates":[[[-0.1628237,51.5151213],[-0.1628613,51.5151168]]]}},
{"type":"Feature","properties":{"highway":"footway","name":null,"category":"Footpath (pedestrian only)"},"geometry":{"type":"MultiLineString","coordinates":[[[-0.1620283,51.5150999],[-0.1620384,51.5150981],[-0.1625788,51.5150001],[-0.1626023,51.514986]]]}},
{"type":"Feature","properties":{"highway":"footway","name":null,"category":"Footpath (pedestrian only)"},"geometry":{"type":"MultiLineString","coordinates":[[[-0.1628635,51.5149354],[-0.1629165,51.514931],[-0.1629967,51.51494],[-0.1636944,51.5148203],[-0.1636978,51.5148171],[-0.1637001,51.5148087],[-0.1632023,51.5139948]]]}},
{"type":"Feature","properties":{"highway":"footway","name":null,"category":"Footpath (pedestrian only)"},"geometry":{"type":"MultiLineString","coordinates":[[[-0.1626258,51.5149603],[-0.1627582,51.5149475],[-0.1628635,51.5149354]]]}},
{"type":"Feature","properties":{"highway":"footway","name":null,"category":"Footpath (pedestrian only)"},"geometry":{"type":"MultiLineString","coordinates":[[[-0.1626023,51.514986],[-0.1626258,51.5149603]]]}},
{"type":"Feature","properties":{"highway":"footway","name":null,"category":"Footpath (pedestrian only)"},"geometry":{"type":"MultiLineString","coordinates":[[[-0.1638786,51.51491],[-0.16385,51.5149123],[-0.163745,51.5149312],[-0.1636715,51.5149442],[-0.1631658,51.5150338],[-0.1631339,51.5150732]]]}},
{"type":"Feature","properties":{"highway":"footway","name":null,"category":"Footpath (pedestrian only)"},"geometry":{"type":"MultiLineString","coordinates":[[[-0.1631663,51.5139773],[-0.1631481,51.5139394],[-0.1631329,51.5139074]]]}},
{"type":"Feature","properties":{"highway":"footway","name":null,"category":"Footpath (pedestrian only)"},"geometry":{"type":"MultiLineString","coordinates":[[[-0.1628713,51.5134286],[-0.1628603,51.5134154],[-0.1626855,51.5130688]]]}},
{"type":"Feature","properties":{"highway":"footway","name":null,"category":"Footpath (pedestrian only)"},"geometry":{"type":"MultiLineString","coordinates":[[[-0.1616868,51.5141315],[-0.163084,51.5138984],[-0.1631235,51.51389],[-0.1631309,51.5138884]]]}},
{"type":"Feature","properties":{"highway":"footway","name":"Cabbell Street","category":"Footpath (pedestrian only)"},"geometry":{"type":"MultiLineString","coordinates":[[[-0.1683521,51.5200064],[-0.1683624,51.5199712],[-0.1682856,51.5198705],[-0.1682339,51.5198027],[-0.1680887,51.5196685]]]}},
{"type":"Feature","properties":{"highway":"footway","name":null,"category":"Footpath (pedestrian only)"},"geometry":{"type":"MultiLineString","coordinates":[[[-0.1690305,51.5194101],[-0.1690496,51.5194002]]]}},
{"type":"Feature","properties":{"highway":"footway","name":null,"category":"Footpath (pedestrian only)"},"geometry":{"type":"MultiLineString","coordinates":[[[-0.1551328,51.5121486],[-0.1550604,51.5120003],[-0.1550398,51.5120036],[-0.1547705,51.5120548],[-0.1547612,51.512066],[-0.1547755,51.5121024],[-0.1547797,51.5121242],[-0.154777,51.5121443]]]}},
{"type":"Feature","properties":{"highway":"footway","name":null,"category":"Footpath (pedestrian only)"},"geometry":{"type":"MultiLineString","coordinates":[[[-0.1548433,51.51196],[-0.1550422,51.5119243],[-0.1550435,51.5119169],[-0.1549218,51.5116354],[-0.1549373,51.5116325],[-0.1548703,51.5114993],[-0.1548528,51.5114972],[-0.1540591,51.5116493]]]}},
{"type":"Feature","properties":{"highway":"footway","name":null,"category":"Footpath (pedestrian only)"},"geometry":{"type":"MultiLineString","coordinates":[[[-0.1549841,51.5114686],[-0.1551822,51.5119104],[-0.1551751,51.5119182]]]}},
{"type":"Feature","properties":{"highway":"footway","name":null,"category":"Footpath (pedestrian only)"},"geometry":{"type":"MultiLineString","coordinates":[[[-0.1550422,51.5119243],[-0.1551123,51.5119292],[-0.1551751,51.5119182]]]}},
{"type":"Feature","properties":{"highway":"footway","name":null,"category":"Footpath (pedestrian only)"},"geometry":{"type":"MultiLineString","coordinates":[[[-0.1554243,51.5112845],[-0.1549754,51.5113653],[-0.1549608,51.511367],[-0.1549465,51.5113623],[-0.1549402,51.5113536],[-0.154744,51.5109204],[-0.1550827,51.5108561],[-0.1560804,51.5106601],[-0.1566746,51.5105434]]]}},
{"type":"Feature","properties":{"highway":"footway","name":null,"category":"Footpath (pedestrian only)"},"geometry":{"type":"MultiLineString","coordinates":[[[-0.1546616,51.511429],[-0.1547948,51.5114014],[-0.1547985,51.511381],[-0.1545986,51.5109399]]]}},
{"type":"Feature","properties":{"highway":"footway","name":null,"category":"Footpath (pedestrian only)"},"geometry":{"type":"MultiLineString","coordinates":[[[-0.1566259,51.5104732],[-0.156464,51.5105141],[-0.156071,51.5105779],[-0.1550295,51.5107801],[-0.1547209,51.5108379],[-0.1546945,51.5108356],[-0.1544872,51.5104055]]]}},
{"type":"Feature","properties":{"highway":"footway","name":null,"category":"Footpath (pedestrian only)"},"geometry":{"type":"MultiLineString","coordinates":[[[-0.154553,51.5108591],[-0.1545482,51.5108672],[-0.1545436,51.5108471],[-0.1543435,51.5104272]]]}},
{"type":"Feature","properties":{"highway":"footway","name":null,"category":"Footpath (pedestrian only)"},"geometry":{"type":"MultiLineString","coordinates":[[[-0.1549655,51.5114726],[-0.1549218,51.5114804],[-0.1548493,51.5114873],[-0.1548163,51.5114451],[-0.1548023,51.5114161]]]}},
{"type":"Feature","properties":{"highway":"footway","name":null,"category":"Footpath (pedestrian only)"},"geometry":{"type":"MultiLineString","coordinates":[[[-0.1547235,51.5109248],[-0.1546643,51.51093],[-0.1546192,51.5109361],[-0.1545703,51.5109004],[-0.154553,51.5108591],[-0.1546157,51.5108489],[-0.154695,51.510836],[-0.1547108,51.5108736],[-0.1547385,51.5109072]]]}},
{"type":"Feature","properties":{"highway":"footway","name":null,"category":"Footpath (pedestrian only)"},"geometry":{"type":"MultiLineString","coordinates":[[[-0.1545986,51.5109399],[-0.1538002,51.5110829]]]}},
{"type":"Feature","properties":{"highway":"footway","name":null,"category":"Footpath (pedestrian only)"},"geometry":{"type":"MultiLineString","coordinates":[[[-0.1534645,51.5129261],[-0.1534549,51.5129072],[-0.1531821,51.5124031],[-0.153178,51.5123942]]]}},
{"type":"Feature","properties":{"highway":"footway","name":null,"category":"Footpath (pedestrian only)"},"geometry":{"type":"MultiLineString","coordinates":[[[-0.1537578,51.5135318],[-0.1537455,51.5135023],[-0.1537395,51.5134835]]]}},
{"type":"Feature","properties":{"highway":"footway","name":null,"category":"Footpath (pedestrian only)"},"geometry":{"type":"MultiLineString","coordinates":[[[-0.1536995,51.5138184],[-0.1536749,51.5137334]]]}},
{"type":"Feature","properties":{"highway":"footway","name":null,"category":"Footpath (pedestrian only)"},"geometry":{"type":"MultiLineString","coordinates":[[[-0.1525276,51.5138618],[-0.1524905,51.5137714],[-0.1524853,51.513763]]]}},
{"type":"Feature","properties":{"highway":"footway","name":null,"category":"Footpath (pedestrian only)"},"geometry":{"type":"MultiLineString","coordinates":[[[-0.1525255,51.5136947],[-0.1524492,51.5137061],[-0.1521834,51.5131409]]]}},
{"type":"Feature","properties":{"highway":"footway","name":null,"category":"Footpath (pedestrian only)"},"geometry":{"type":"MultiLineString","coordinates":[[[-0.1521183,51.5132327],[-0.1520916,51.5132091],[-0.1518735,51.5132423],[-0.1516437,51.5132918],[-0.1519244,51.5138644]]]}},
{"type":"Feature","properties":{"highway":"footway","name":null,"category":"Footpath (pedestrian only)"},"geometry":{"type":"MultiLineString","coordinates":[[[-0.1512316,51.5137864],[-0.151039,51.5133908],[-0.1513397,51.5133397],[-0.1515374,51.5133085],[-0.1517963,51.5138537]]]}},
{"type":"Feature","properties":{"highway":"footway","name":null,"category":"Footpath (pedestrian only)"},"geometry":{"type":"MultiLineString","coordinates":[[[-0.1524853,51.513763],[-0.1524626,51.5137352],[-0.1524462,51.5137177]]]}},
{"type":"Feature","properties":{"highway":"footway","name":null,"category":"Footpath (pedestrian only)"},"geometry":{"type":"MultiLineString","coordinates":[[[-0.153501,51.5130008],[-0.1534903,51.5129783],[-0.1534645,51.5129261]]]}},
{"type":"Feature","properties":{"highway":"footway","name":null,"category":"Footpath (pedestrian only)"},"geometry":{"type":"MultiLineString","coordinates":[[[-0.1531564,51.5123232],[-0.1530984,51.5121704]]]}},
{"type":"Feature","properties":{"highway":"footway","name":null,"category":"Footpath (pedestrian only)"},"geometry":{"type":"MultiLineString","coordinates":[[[-0.153178,51.5123942],[-0.1531669,51.5123519],[-0.1531564,51.5123232]]]}},
{"type":"Feature","properties":{"highway":"footway","name":null,"category":"Footpath (pedestrian only)"},"geometry":{"type":"MultiLineString","coordinates":[[[-0.1524227,51.5126557],[-0.1531015,51.5125286]]]}},
{"type":"Feature","properties":{"highway":"footway","name":null,"category":"Footpath (pedestrian only)"},"geometry":{"type":"MultiLineString","coordinates":[[[-0.1531015,51.5125286],[-0.1530087,51.5123474]]]}},
{"type":"Feature","properties":{"highway":"footway","name":null,"category":"Footpath (pedestrian only)"},"geometry":{"type":"MultiLineString","coordinates":[[[-0.1520934,51.5132032],[-0.1521483,51.5131671],[-0.1521618,51.5131437],[-0.1521296,51.5131279],[-0.1520751,51.5131253]]]}},
{"type":"Feature","properties":{"highway":"footway","name":null,"category":"Footpath (pedestrian only)"},"geometry":{"type":"MultiLineString","coordinates":[[[-0.1520751,51.5131253],[-0.1520758,51.5131596],[-0.1520934,51.5132032]]]}},
{"type":"Feature","properties":{"highway":"footway","name":null,"category":"Footpath (pedestrian only)"},"geometry":{"type":"MultiLineString","coordinates":[[[-0.151629,51.5132928],[-0.1515981,51.5132983],[-0.1515612,51.5133053]]]}},
{"type":"Feature","properties":{"highway":"footway","name":null,"category":"Footpath (pedestrian only)"},"geometry":{"type":"MultiLineString","coordinates":[[[-0.1580788,51.5230211],[-0.1580866,51.5230387]]]}},
{"type":"Feature","properties":{"highway":"footway","name":"Marylebone Road","category":"Footpath (pedestrian only)"},"geometry":{"type":"MultiLineString","coordinates":[[[-0.1616565,51.5212433],[-0.1616434,51.5212454]]]}},
{"type":"Feature","properties":{"highway":"footway","name":"Marylebone Road","category":"Footpath (pedestrian only)"},"geometry":{"type":"MultiLineString","coordinates":[[[-0.1615785,51.5212565],[-0.1615933,51.5212539]]]}},
{"type":"Feature","properties":{"highway":"footway","name":null,"category":"Footpath (pedestrian only)"},"geometry":{"type":"MultiLineString","coordinates":[[[-0.1658475,51.5205941],[-0.165854,51.5206168]]]}},
{"type":"Feature","properties":{"highway":"footway","name":null,"category":"Footpath (pedestrian only)"},"geometry":{"type":"MultiLineString","coordinates":[[[-0.1571063,51.5208368],[-0.1571152,51.520856]]]}},
{"type":"Feature","properties":{"highway":"footway","name":null,"category":"Footpath (pedestrian only)"},"geometry":{"type":"MultiLineString","coordinates":[[[-0.1602095,51.5228019],[-0.1601261,51.5228151],[-0.1600575,51.522826]]]}},
{"type":"Feature","properties":{"highway":"footway","name":null,"category":"Footpath (pedestrian only)"},"geometry":{"type":"MultiLineString","coordinates":[[[-0.1631309,51.5138884],[-0.1632109,51.513881],[-0.1632582,51.5138793]]]}},
{"type":"Feature","properties":{"highway":"footway","name":null,"category":"Footpath (pedestrian only)"},"geometry":{"type":"MultiLineString","coordinates":[[[-0.1632582,51.5138793],[-0.1632946,51.5138803],[-0.163881,51.5137819],[-0.1639305,51.5137938],[-0.1639515,51.5138226],[-0.1644691,51.5146877]]]}},
{"type":"Feature","properties":{"highway":"footway","name":null,"category":"Footpath (pedestrian only)"},"geometry":{"type":"MultiLineString","coordinates":[[[-0.1639786,51.5148914],[-0.1639155,51.5149031],[-0.1638786,51.51491]]]}},
{"type":"Feature","properties":{"highway":"footway","name":null,"category":"Footpath (pedestrian only)"},"geometry":{"type":"MultiLineString","coordinates":[[[-0.1639974,51.5148876],[-0.1643998,51.5151665],[-0.1647506,51.5154097],[-0.1648142,51.5154457]]]}},
{"type":"Feature","properties":{"highway":"footway","name":null,"category":"Footpath (pedestrian only)"},"geometry":{"type":"MultiLineString","coordinates":[[[-0.1647147,51.5155025],[-0.1646773,51.5154756],[-0.1643888,51.5152766],[-0.1641275,51.5150974],[-0.1639049,51.5149443],[-0.16385,51.5149123]]]}},
{"type":"Feature","properties":{"highway":"footway","name":"Connaught Square","category":"Footpath (pedestrian only)"},"geometry":{"type":"MultiLineString","coordinates":[[[-0.1646772,51.5147666],[-0.1639974,51.5148876],[-0.1639786,51.5148914]]]}},
{"type":"Feature","properties":{"highway":"footway","name":null,"category":"Footpath (pedestrian only)"},"geometry":{"type":"MultiLineString","coordinates":[[[-0.1643326,51.5147111],[-0.164394,51.5147002],[-0.1644557,51.51469]]]}},
{"type":"Feature","properties":{"highway":"footway","name":"Connaught Square","category":"Footpath (pedestrian only)"},"geometry":{"type":"MultiLineString","coordinates":[[[-0.1638246,51.5147883],[-0.1639254,51.5147795],[-0.1641002,51.5147565],[-0.1643326,51.5147111]]]}},
{"type":"Feature","properties":{"highway":"footway","name":null,"category":"Footpath (pedestrian only)"},"geometry":{"type":"MultiLineString","coordinates":[[[-0.1637202,51.514805],[-0.1637764,51.514796],[-0.1638246,51.5147883]]]}},
{"type":"Feature","properties":{"highway":"footway","name":null,"category":"Footpath (pedestrian only)"},"geometry":{"type":"MultiLineString","coordinates":[[[-0.1646772,51.5146533],[-0.1646815,51.5146624]]]}},
{"type":"Feature","properties":{"highway":"footway","name":null,"category":"Footpath (pedestrian only)"},"geometry":{"type":"MultiLineString","coordinates":[[[-0.1647147,51.5147333],[-0.1647262,51.5147579]]]}},
{"type":"Feature","properties":{"highway":"footway","name":null,"category":"Footpath (pedestrian only)"},"geometry":{"type":"MultiLineString","coordinates":[[[-0.1646815,51.5146624],[-0.164699,51.5146997],[-0.1647147,51.5147333]]]}},
{"type":"Feature","properties":{"highway":"footway","name":"Connaught Street","category":"Footpath (pedestrian only)"},"geometry":{"type":"MultiLineString","coordinates":[[[-0.1644557,51.51469],[-0.1644691,51.5146877],[-0.1646772,51.5146533],[-0.164946,51.5146088],[-0.1668707,51.5142892],[-0.166889,51.5142862],[-0.1669068,51.5142754]]]}},
{"type":"Feature","properties":{"highway":"footway","name":null,"category":"Footpath (pedestrian only)"},"geometry":{"type":"MultiLineString","coordinates":[[[-0.1530984,51.5121704],[-0.1529655,51.5119004],[-0.1529549,51.5118779],[-0.1529651,51.5118541],[-0.1540591,51.5116493]]]}},
{"type":"Feature","properties":{"highway":"footway","name":null,"category":"Footpath (pedestrian only)"},"geometry":{"type":"MultiLineString","coordinates":[[[-0.1530087,51.5123474],[-0.1530037,51.5123378],[-0.1529162,51.5121683],[-0.1528259,51.5119611],[-0.1528512,51.5119568]]]}},
{"type":"Feature","properties":{"highway":"footway","name":null,"category":"Footpath (pedestrian only)"},"geometry":{"type":"MultiLineString","coordinates":[[[-0.1529655,51.5119004],[-0.1529066,51.5119072]]]}},
{"type":"Feature","properties":{"highway":"footway","name":null,"category":"Footpath (pedestrian only)"},"geometry":{"type":"MultiLineString","coordinates":[[[-0.1529066,51.5119072],[-0.1528899,51.5119203],[-0.1528512,51.5119568]]]}},
{"type":"Feature","properties":{"highway":"footway","name":null,"category":"Footpath (pedestrian only)"},"geometry":{"type":"MultiLineString","coordinates":[[[-0.1529273,51.5117678],[-0.1538545,51.5115882],[-0.1538529,51.5115845],[-0.1534456,51.5106258],[-0.1533941,51.5105975],[-0.1533822,51.510585]]]}},
{"type":"Feature","properties":{"highway":"footway","name":null,"category":"Footpath (pedestrian only)"},"geometry":{"type":"MultiLineString","coordinates":[[[-0.1544872,51.5104055],[-0.1561937,51.510066]]]}},
{"type":"Feature","properties":{"highway":"footway","name":null,"category":"Footpath (pedestrian only)"},"geometry":{"type":"MultiLineString","coordinates":[[[-0.1544308,51.5102933],[-0.1544734,51.5102947],[-0.155996,51.5100004],[-0.1560297,51.5099912],[-0.1560641,51.5099723]]]}},
{"type":"Feature","properties":{"highway":"footway","name":null,"category":"Footpath (pedestrian only)"},"geometry":{"type":"MultiLineString","coordinates":[[[-0.1658661,51.5199493],[-0.1658574,51.5199671],[-0.1658484,51.5199854]]]}},
{"type":"Feature","properties":{"highway":"footway","name":null,"category":"Footpath (pedestrian only)"},"geometry":{"type":"MultiLineString","coordinates":[[[-0.1579844,51.5229853],[-0.1579236,51.5229963],[-0.1578345,51.5230131]]]}},
{"type":"Feature","properties":{"highway":"footway","name":null,"category":"Footpath (pedestrian only)"},"geometry":{"type":"MultiLineString","coordinates":[[[-0.158034,51.522976],[-0.1579844,51.5229853]]]}},
{"type":"Feature","properties":{"highway":"footway","name":null,"category":"Footpath (pedestrian only)"},"geometry":{"type":"MultiLineString","coordinates":[[[-0.1578345,51.5230131],[-0.157819,51.5230164]]]}},
{"type":"Feature","properties":{"highway":"footway","name":null,"category":"Footpath (pedestrian only)"},"geometry":{"type":"MultiLineString","coordinates":[[[-0.1618198,51.5242859],[-0.1618339,51.5242844]]]}},
{"type":"Feature","properties":{"highway":"footway","name":null,"category":"Footpath (pedestrian only)"},"geometry":{"type":"MultiLineString","coordinates":[[[-0.1617356,51.5243018],[-0.1617244,51.5243036]]]}},
{"type":"Feature","properties":{"highway":"footway","name":null,"category":"Footpath (pedestrian only)"},"geometry":{"type":"MultiLineString","coordinates":[[[-0.1616914,51.5242351],[-0.1617016,51.524233]]]}},
{"type":"Feature","properties":{"highway":"footway","name":null,"category":"Footpath (pedestrian only)"},"geometry":{"type":"MultiLineString","coordinates":[[[-0.1617971,51.5242136],[-0.1618108,51.5242109]]]}},
{"type":"Feature","properties":{"highway":"footway","name":null,"category":"Footpath (pedestrian only)"},"geometry":{"type":"MultiLineString","coordinates":[[[-0.1637001,51.5148087],[-0.1637202,51.514805]]]}},
{"type":"Feature","properties":{"highway":"footway","name":null,"category":"Footpath (pedestrian only)"},"geometry":{"type":"MultiLineString","coordinates":[[[-0.1612632,51.5152197],[-0.1612717,51.5152186]]]}},
{"type":"Feature","properties":{"highway":"footway","name":null,"category":"Footpath (pedestrian only)"},"geometry":{"type":"MultiLineString","coordinates":[[[-0.1613787,51.5152033],[-0.1613577,51.5152064]]]}},
{"type":"Feature","properties":{"highway":"footway","name":null,"category":"Footpath (pedestrian only)"},"geometry":{"type":"MultiLineString","coordinates":[[[-0.1612717,51.5152186],[-0.1613079,51.5152135],[-0.1613577,51.5152064]]]}},
{"type":"Feature","properties":{"highway":"footway","name":null,"category":"Footpath (pedestrian only)"},"geometry":{"type":"MultiLineString","coordinates":[[[-0.1612085,51.5147945],[-0.161551,51.514746],[-0.1619069,51.5149753],[-0.1619533,51.5150219],[-0.1619806,51.5151084]]]}},
{"type":"Feature","properties":{"highway":"footway","name":null,"category":"Footpath (pedestrian only)"},"geometry":{"type":"MultiLineString","coordinates":[[[-0.1616344,51.5147232],[-0.1618307,51.5148432]]]}},
{"type":"Feature","properties":{"highway":"footway","name":null,"category":"Footpath (pedestrian only)"},"geometry":{"type":"MultiLineString","coordinates":[[[-0.1618307,51.5148432],[-0.1618982,51.5148874]]]}},
{"type":"Feature","properties":{"highway":"footway","name":null,"category":"Footpath (pedestrian only)"},"geometry":{"type":"MultiLineString","coordinates":[[[-0.1618982,51.5148874],[-0.161958,51.5149338]]]}},
{"type":"Feature","properties":{"highway":"footway","name":null,"category":"Footpath (pedestrian only)"},"geometry":{"type":"MultiLineString","coordinates":[[[-0.161958,51.5149338],[-0.1619974,51.5149907]]]}},
{"type":"Feature","properties":{"highway":"footway","name":null,"category":"Footpath (pedestrian only)"},"geometry":{"type":"MultiLineString","coordinates":[[[-0.1619974,51.5149907],[-0.1620384,51.5150981]]]}},
{"type":"Feature","properties":{"highway":"footway","name":null,"category":"Footpath (pedestrian only)"},"geometry":{"type":"MultiLineString","coordinates":[[[-0.1616344,51.5147232],[-0.1616116,51.5147162],[-0.1612231,51.5147748],[-0.1612018,51.5147769]]]}},
{"type":"Feature","properties":{"highway":"footway","name":null,"category":"Footpath (pedestrian only)"},"geometry":{"type":"MultiLineString","coordinates":[[[-0.1612036,51.5147811],[-0.1612018,51.5147769],[-0.1611952,51.5147608],[-0.1610333,51.514398],[-0.1610142,51.5144022]]]}},
{"type":"Feature","properties":{"highway":"footway","name":null,"category":"Footpath (pedestrian only)"},"geometry":{"type":"MultiLineString","coordinates":[[[-0.1612069,51.5147899],[-0.1612053,51.5147853],[-0.1612036,51.5147811]]]}},
{"type":"Feature","properties":{"highway":"footway","name":null,"category":"Footpath (pedestrian only)"},"geometry":{"type":"MultiLineString","coordinates":[[[-0.1615067,51.5142925],[-0.1614876,51.5142732]]]}},
{"type":"Feature","properties":{"highway":"footway","name":null,"category":"Footpath (pedestrian only)"},"geometry":{"type":"MultiLineString","coordinates":[[[-0.1614876,51.5142732],[-0.1614167,51.5142293],[-0.1613587,51.5141934]]]}},
{"type":"Feature","properties":{"highway":"footway","name":null,"category":"Footpath (pedestrian only)"},"geometry":{"type":"MultiLineString","coordinates":[[[-0.1613587,51.5141934],[-0.1613343,51.514181]]]}},
{"type":"Feature","properties":{"highway":"footway","name":null,"category":"Footpath (pedestrian only)"},"geometry":{"type":"MultiLineString","coordinates":[[[-0.1613564,51.5141697],[-0.1613747,51.5141656]]]}},
{"type":"Feature","properties":{"highway":"footway","name":null,"category":"Footpath (pedestrian only)"},"geometry":{"type":"MultiLineString","coordinates":[[[-0.1616868,51.5141315],[-0.1615925,51.5140743],[-0.1615596,51.5140528],[-0.1612344,51.5138399]]]}},
{"type":"Feature","properties":{"highway":"footway","name":null,"category":"Footpath (pedestrian only)"},"geometry":{"type":"MultiLineString","coordinates":[[[-0.1615397,51.5140655],[-0.1615596,51.5140528]]]}},
{"type":"Feature","properties":{"highway":"footway","name":null,"category":"Footpath (pedestrian only)"},"geometry":{"type":"MultiLineString","coordinates":[[[-0.1616868,51.5141315],[-0.1617257,51.5141526]]]}},
{"type":"Feature","properties":{"highway":"footway","name":null,"category":"Footpath (pedestrian only)"},"geometry":{"type":"MultiLineString","coordinates":[[[-0.1617257,51.5141526],[-0.161765,51.5141784],[-0.1618525,51.5142359]]]}},
{"type":"Feature","properties":{"highway":"footway","name":null,"category":"Footpath (pedestrian only)"},"geometry":{"type":"MultiLineString","coordinates":[[[-0.1618525,51.5142359],[-0.1618829,51.5142434]]]}},
{"type":"Feature","properties":{"highway":"footway","name":null,"category":"Footpath (pedestrian only)"},"geometry":{"type":"MultiLineString","coordinates":[[[-0.1592934,51.514343],[-0.1593551,51.514491],[-0.1593714,51.51453],[-0.159347,51.5145333],[-0.1592809,51.5145423]]]}},
{"type":"Feature","properties":{"highway":"footway","name":null,"category":"Footpath (pedestrian only)"},"geometry":{"type":"MultiLineString","coordinates":[[[-0.1595707,51.5144483],[-0.159542,51.5144586]]]}},
{"type":"Feature","properties":{"highway":"footway","name":null,"category":"Footpath (pedestrian only)"},"geometry":{"type":"MultiLineString","coordinates":[[[-0.1594146,51.5144818],[-0.1593551,51.514491]]]}},
{"type":"Feature","properties":{"highway":"footway","name":null,"category":"Footpath (pedestrian only)"},"geometry":{"type":"MultiLineString","coordinates":[[[-0.1594146,51.5144818],[-0.1594709,51.5144715],[-0.159542,51.5144586]]]}},
{"type":"Feature","properties":{"highway":"footway","name":null,"category":"Footpath (pedestrian only)"},"geometry":{"type":"MultiLineString","coordinates":[[[-0.1593941,51.5146328],[-0.1593842,51.514617]]]}},
{"type":"Feature","properties":{"highway":"footway","name":null,"category":"Footpath (pedestrian only)"},"geometry":{"type":"MultiLineString","coordinates":[[[-0.159347,51.5145333],[-0.1593558,51.5145471]]]}},
{"type":"Feature","properties":{"highway":"footway","name":null,"category":"Footpath (pedestrian only)"},"geometry":{"type":"MultiLineString","coordinates":[[[-0.1593842,51.514617],[-0.1593639,51.5145671],[-0.1593558,51.5145471]]]}},
{"type":"Feature","properties":{"highway":"footway","name":null,"category":"Footpath (pedestrian only)"},"geometry":{"type":"MultiLineString","coordinates":[[[-0.1594156,51.5141344],[-0.1594221,51.5141461]]]}},
{"type":"Feature","properties":{"highway":"footway","name":null,"category":"Footpath (pedestrian only)"},"geometry":{"type":"MultiLineString","coordinates":[[[-0.1594596,51.5142263],[-0.1594498,51.5142076]]]}},
{"type":"Feature","properties":{"highway":"footway","name":null,"category":"Footpath (pedestrian only)"},"geometry":{"type":"MultiLineString","coordinates":[[[-0.1594221,51.5141461],[-0.1594374,51.5141802],[-0.1594498,51.5142076]]]}},
{"type":"Feature","properties":{"highway":"footway","name":null,"category":"Footpath (pedestrian only)"},"geometry":{"type":"MultiLineString","coordinates":[[[-0.1609095,51.513939],[-0.1609612,51.5139488]]]}},
{"type":"Feature","properties":{"highway":"footway","name":null,"category":"Footpath (pedestrian only)"},"geometry":{"type":"MultiLineString","coordinates":[[[-0.1610721,51.5140176],[-0.1610357,51.5139951]]]}},
{"type":"Feature","properties":{"highway":"footway","name":null,"category":"Footpath (pedestrian only)"},"geometry":{"type":"MultiLineString","coordinates":[[[-0.1609612,51.5139488],[-0.160994,51.5139692],[-0.1610357,51.5139951]]]}},
{"type":"Feature","properties":{"highway":"footway","name":null,"category":"Footpath (pedestrian only)"},"geometry":{"type":"MultiLineString","coordinates":[[[-0.1531399,51.5213693],[-0.1531587,51.5213691]]]}},
{"type":"Feature","properties":{"highway":"footway","name":null,"category":"Footpath (pedestrian only)"},"geometry":{"type":"MultiLineString","coordinates":[[[-0.153183,51.5213447],[-0.1531832,51.5213545]]]}},
{"type":"Feature","properties":{"highway":"footway","name":null,"category":"Footpath (pedestrian only)"},"geometry":{"type":"MultiLineString","coordinates":[[[-0.1531817,51.5212657],[-0.1531819,51.5212764]]]}},
{"type":"Feature","properties":{"highway":"footway","name":null,"category":"Footpath (pedestrian only)"},"geometry":{"type":"MultiLineString","coordinates":[[[-0.1531443,51.5212675],[-0.1531533,51.5212671]]]}},
{"type":"Feature","properties":{"highway":"footway","name":null,"category":"Footpath (pedestrian only)"},"geometry":{"type":"MultiLineString","coordinates":[[[-0.1529895,51.5212751],[-0.1530049,51.5212744]]]}},
{"type":"Feature","properties":{"highway":"footway","name":null,"category":"Footpath (pedestrian only)"},"geometry":{"type":"MultiLineString","coordinates":[[[-0.153093,51.5207503],[-0.1531093,51.5207598]]]}},
{"type":"Feature","properties":{"highway":"footway","name":null,"category":"Footpath (pedestrian only)"},"geometry":{"type":"MultiLineString","coordinates":[[[-0.1529385,51.5207558],[-0.1529325,51.52076]]]}},
{"type":"Feature","properties":{"highway":"footway","name":null,"category":"Footpath (pedestrian only)"},"geometry":{"type":"MultiLineString","coordinates":[[[-0.1516358,51.51797],[-0.1516395,51.5179868]]]}},
{"type":"Feature","properties":{"highway":"footway","name":null,"category":"Footpath (pedestrian only)"},"geometry":{"type":"MultiLineString","coordinates":[[[-0.1515612,51.5179419],[-0.1515869,51.5179395]]]}},
{"type":"Feature","properties":{"highway":"footway","name":null,"category":"Footpath (pedestrian only)"},"geometry":{"type":"MultiLineString","coordinates":[[[-0.1514443,51.5179518],[-0.1514247,51.5179529]]]}},
{"type":"Feature","properties":{"highway":"footway","name":null,"category":"Footpath (pedestrian only)"},"geometry":{"type":"MultiLineString","coordinates":[[[-0.1532898,51.5166804],[-0.1532978,51.5166922]]]}},
{"type":"Feature","properties":{"highway":"footway","name":"Cabbell Street","category":"Footpath (pedestrian only)"},"geometry":{"type":"MultiLineString","coordinates":[[[-0.1680887,51.5196685],[-0.1680208,51.5196133]]]}},
{"type":"Feature","properties":{"highway":"footway","name":null,"category":"Footpath (pedestrian only)"},"geometry":{"type":"MultiLineString","coordinates":[[[-0.1679059,51.5196365],[-0.1672765,51.5197564]]]}},
{"type":"Feature","properties":{"highway":"footway","name":null,"category":"Footpath (pedestrian only)"},"geometry":{"type":"MultiLineString","coordinates":[[[-0.1484197,51.5171593],[-0.1484656,51.5171514],[-0.1485131,51.5171432]]]}},
{"type":"Feature","properties":{"highway":"footway","name":null,"category":"Footpath (pedestrian only)"},"geometry":{"type":"MultiLineString","coordinates":[[[-0.168848,51.5227274],[-0.1687094,51.5228068],[-0.1680147,51.5231982]]]}},
{"type":"Feature","properties":{"highway":"footway","name":null,"category":"Footpath (pedestrian only)"},"geometry":{"type":"MultiLineString","coordinates":[[[-0.1576108,51.5122504],[-0.1575896,51.5122091],[-0.1575735,51.5121858]]]}},
{"type":"Feature","properties":{"highway":"footway","name":null,"category":"Footpath (pedestrian only)"},"geometry":{"type":"MultiLineString","coordinates":[[[-0.1578624,51.5127352],[-0.1578584,51.5127271],[-0.1576171,51.5122609],[-0.1576108,51.5122504]]]}},
{"type":"Feature","properties":{"highway":"footway","name":null,"category":"Footpath (pedestrian only)"},"geometry":{"type":"MultiLineString","coordinates":[[[-0.1578888,51.5127858],[-0.1578758,51.5127607],[-0.1578624,51.5127352]]]}},
{"type":"Feature","properties":{"highway":"footway","name":null,"category":"Footpath (pedestrian only)"},"geometry":{"type":"MultiLineString","coordinates":[[[-0.1571433,51.5135171],[-0.1571402,51.5135082],[-0.1571349,51.5134953],[-0.1580888,51.5133833],[-0.1581437,51.5133524],[-0.1581588,51.5133353],[-0.1581604,51.5133181],[-0.1578956,51.5128007],[-0.1578888,51.5127858]]]}},
{"type":"Feature","properties":{"highway":"footway","name":null,"category":"Footpath (pedestrian only)"},"geometry":{"type":"MultiLineString","coordinates":[[[-0.1531495,51.5125886],[-0.1531538,51.5125971],[-0.1532264,51.5127426],[-0.1535692,51.5134897],[-0.1535598,51.5134979],[-0.1534731,51.5135174],[-0.1525255,51.5136947]]]}},
{"type":"Feature","properties":{"highway":"footway","name":null,"category":"Footpath (pedestrian only)"},"geometry":{"type":"MultiLineString","coordinates":[[[-0.1524492,51.5137061],[-0.1524462,51.5137177]]]}},
{"type":"Feature","properties":{"highway":"footway","name":null,"category":"Footpath (pedestrian only)"},"geometry":{"type":"MultiLineString","coordinates":[[[-0.1524905,51.5137714],[-0.1525375,51.5137525],[-0.153548,51.5135856]]]}},
{"type":"Feature","properties":{"highway":"footway","name":null,"category":"Footpath (pedestrian only)"},"geometry":{"type":"MultiLineString","coordinates":[[[-0.153548,51.5135856],[-0.1535906,51.513582],[-0.1536084,51.5135802],[-0.153623,51.5136148]]]}},
{"type":"Feature","properties":{"highway":"footway","name":null,"category":"Footpath (pedestrian only)"},"geometry":{"type":"MultiLineString","coordinates":[[[-0.1536749,51.5137334],[-0.1536471,51.5137221],[-0.15361,51.5136259],[-0.153623,51.5136148]]]}},
{"type":"Feature","properties":{"highway":"footway","name":null,"category":"Footpath (pedestrian only)"},"geometry":{"type":"MultiLineString","coordinates":[[[-0.1535906,51.513582],[-0.1535813,51.5135587]]]}},
{"type":"Feature","properties":{"highway":"footway","name":null,"category":"Footpath (pedestrian only)"},"geometry":{"type":"MultiLineString","coordinates":[[[-0.1535813,51.5135587],[-0.15357,51.5135261],[-0.153564,51.5135097]]]}},
{"type":"Feature","properties":{"highway":"footway","name":null,"category":"Footpath (pedestrian only)"},"geometry":{"type":"MultiLineString","coordinates":[[[-0.1535598,51.5134979],[-0.153564,51.5135097]]]}},
{"type":"Feature","properties":{"highway":"footway","name":null,"category":"Footpath (pedestrian only)"},"geometry":{"type":"MultiLineString","coordinates":[[[-0.1537578,51.5135318],[-0.1537601,51.5135413]]]}},
{"type":"Feature","properties":{"highway":"footway","name":null,"category":"Footpath (pedestrian only)"},"geometry":{"type":"MultiLineString","coordinates":[[[-0.153729,51.5134507],[-0.1537395,51.5134835]]]}},
{"type":"Feature","properties":{"highway":"footway","name":null,"category":"Footpath (pedestrian only)"},"geometry":{"type":"MultiLineString","coordinates":[[[-0.1535081,51.5130154],[-0.153501,51.5130008]]]}},
{"type":"Feature","properties":{"highway":"footway","name":null,"category":"Footpath (pedestrian only)"},"geometry":{"type":"MultiLineString","coordinates":[[[-0.1534549,51.5129072],[-0.15351,51.5129099],[-0.1535834,51.5129039],[-0.1537978,51.5128791]]]}},
{"type":"Feature","properties":{"highway":"footway","name":null,"category":"Footpath (pedestrian only)"},"geometry":{"type":"MultiLineString","coordinates":[[[-0.1531538,51.5125971],[-0.1527054,51.5126532],[-0.152468,51.5126994],[-0.1524452,51.5127163],[-0.1524137,51.5127273],[-0.1521682,51.5127782],[-0.1520504,51.5128093],[-0.1520721,51.5128855]]]}},
{"type":"Feature","properties":{"highway":"footway","name":null,"category":"Footpath (pedestrian only)"},"geometry":{"type":"MultiLineString","coordinates":[[[-0.1520721,51.5128855],[-0.1521114,51.5129709]]]}},
{"type":"Feature","properties":{"highway":"footway","name":null,"category":"Footpath (pedestrian only)"},"geometry":{"type":"MultiLineString","coordinates":[[[-0.1521387,51.5130424],[-0.1521761,51.5131205]]]}},
{"type":"Feature","properties":{"highway":"footway","name":null,"category":"Footpath (pedestrian only)"},"geometry":{"type":"MultiLineString","coordinates":[[[-0.1521761,51.5131205],[-0.1521834,51.5131409]]]}},
{"type":"Feature","properties":{"highway":"footway","name":null,"category":"Footpath (pedestrian only)"},"geometry":{"type":"MultiLineString","coordinates":[[[-0.1521114,51.5129709],[-0.1521387,51.5130424]]]}},
{"type":"Feature","properties":{"highway":"footway","name":null,"category":"Footpath (pedestrian only)"},"geometry":{"type":"MultiLineString","coordinates":[[[-0.1521834,51.5131409],[-0.1521618,51.5131437]]]}},
{"type":"Feature","properties":{"highway":"footway","name":null,"category":"Footpath (pedestrian only)"},"geometry":{"type":"MultiLineString","coordinates":[[[-0.1520934,51.5132032],[-0.1520916,51.5132091]]]}},
{"type":"Feature","properties":{"highway":"footway","name":null,"category":"Footpath (pedestrian only)"},"geometry":{"type":"MultiLineString","coordinates":[[[-0.1520578,51.513119],[-0.1520751,51.5131253]]]}},
{"type":"Feature","properties":{"highway":"footway","name":null,"category":"Footpath (pedestrian only)"},"geometry":{"type":"MultiLineString","coordinates":[[[-0.1521183,51.5132327],[-0.152412,51.5138784]]]}},
{"type":"Feature","properties":{"highway":"footway","name":null,"category":"Footpath (pedestrian only)"},"geometry":{"type":"MultiLineString","coordinates":[[[-0.151629,51.5132928],[-0.1516437,51.5132918]]]}},
{"type":"Feature","properties":{"highway":"footway","name":null,"category":"Footpath (pedestrian only)"},"geometry":{"type":"MultiLineString","coordinates":[[[-0.1515374,51.5133085],[-0.1515612,51.5133053]]]}},
{"type":"Feature","properties":{"highway":"footway","name":null,"category":"Footpath (pedestrian only)"},"geometry":{"type":"MultiLineString","coordinates":[[[-0.1509229,51.5130612],[-0.1514179,51.5129813],[-0.1519583,51.5128862],[-0.1519583,51.512859],[-0.1518937,51.5126982],[-0.1510901,51.5128524]]]}},
{"type":"Feature","properties":{"highway":"footway","name":null,"category":"Footpath (pedestrian only)"},"geometry":{"type":"MultiLineString","coordinates":[[[-0.1519583,51.5128862],[-0.1519592,51.5128997]]]}},
{"type":"Feature","properties":{"highway":"footway","name":null,"category":"Footpath (pedestrian only)"},"geometry":{"type":"MultiLineString","coordinates":[[[-0.15199,51.512968],[-0.1519835,51.5129538]]]}},
{"type":"Feature","properties":{"highway":"footway","name":null,"category":"Footpath (pedestrian only)"},"geometry":{"type":"MultiLineString","coordinates":[[[-0.1519592,51.5128997],[-0.1519661,51.5129152],[-0.1519835,51.5129538]]]}},
{"type":"Feature","properties":{"highway":"footway","name":null,"category":"Footpath (pedestrian only)"},"geometry":{"type":"MultiLineString","coordinates":[[[-0.1531495,51.5125886],[-0.1531327,51.512555],[-0.153116,51.5125337]]]}},
{"type":"Feature","properties":{"highway":"footway","name":null,"category":"Footpath (pedestrian only)"},"geometry":{"type":"MultiLineString","coordinates":[[[-0.153116,51.5125337],[-0.1531015,51.5125286]]]}},
{"type":"Feature","properties":{"highway":"footway","name":null,"category":"Footpath (pedestrian only)"},"geometry":{"type":"MultiLineString","coordinates":[[[-0.1551967,51.5119628],[-0.1552085,51.5119654]]]}},
{"type":"Feature","properties":{"highway":"footway","name":null,"category":"Footpath (pedestrian only)"},"geometry":{"type":"MultiLineString","coordinates":[[[-0.1550746,51.511991],[-0.1550604,51.5120003]]]}},
{"type":"Feature","properties":{"highway":"footway","name":null,"category":"Footpath (pedestrian only)"},"geometry":{"type":"MultiLineString","coordinates":[[[-0.1548493,51.5114873],[-0.1548528,51.5114972]]]}},
{"type":"Feature","properties":{"highway":"footway","name":null,"category":"Footpath (pedestrian only)"},"geometry":{"type":"MultiLineString","coordinates":[[[-0.1549655,51.5114726],[-0.1549841,51.5114686]]]}},
{"type":"Feature","properties":{"highway":"footway","name":null,"category":"Footpath (pedestrian only)"},"geometry":{"type":"MultiLineString","coordinates":[[[-0.1550161,51.5114486],[-0.1550228,51.5114612]]]}},
{"type":"Feature","properties":{"highway":"footway","name":null,"category":"Footpath (pedestrian only)"},"geometry":{"type":"MultiLineString","coordinates":[[[-0.1549754,51.5113653],[-0.1549824,51.5113798]]]}},
{"type":"Feature","properties":{"highway":"footway","name":null,"category":"Footpath (pedestrian only)"},"geometry":{"type":"MultiLineString","coordinates":[[[-0.1548023,51.5114161],[-0.1547948,51.5114014]]]}},
{"type":"Feature","properties":{"highway":"footway","name":null,"category":"Footpath (pedestrian only)"},"geometry":{"type":"MultiLineString","coordinates":[[[-0.1546616,51.511429],[-0.1539681,51.511564]]]}},
{"type":"Feature","properties":{"highway":"footway","name":null,"category":"Footpath (pedestrian only)"},"geometry":{"type":"MultiLineString","coordinates":[[[-0.1539573,51.5115664],[-0.153921,51.5115733],[-0.1538814,51.5115808]]]}},
{"type":"Feature","properties":{"highway":"footway","name":null,"category":"Footpath (pedestrian only)"},"geometry":{"type":"MultiLineString","coordinates":[[[-0.1538814,51.5115808],[-0.1538529,51.5115845]]]}},
{"type":"Feature","properties":{"highway":"footway","name":null,"category":"Footpath (pedestrian only)"},"geometry":{"type":"MultiLineString","coordinates":[[[-0.1539573,51.5115664],[-0.1539681,51.511564]]]}},
{"type":"Feature","properties":{"highway":"footway","name":null,"category":"Footpath (pedestrian only)"},"geometry":{"type":"MultiLineString","coordinates":[[[-0.1547385,51.5109072],[-0.154744,51.5109204]]]}},
{"type":"Feature","properties":{"highway":"footway","name":null,"category":"Footpath (pedestrian only)"},"geometry":{"type":"MultiLineString","coordinates":[[[-0.1547235,51.5109248],[-0.154744,51.5109204]]]}},
{"type":"Feature","properties":{"highway":"footway","name":null,"category":"Footpath (pedestrian only)"},"geometry":{"type":"MultiLineString","coordinates":[[[-0.1546192,51.5109361],[-0.1545986,51.5109399]]]}},
{"type":"Feature","properties":{"highway":"footway","name":null,"category":"Footpath (pedestrian only)"},"geometry":{"type":"MultiLineString","coordinates":[[[-0.1546945,51.5108356],[-0.154695,51.510836]]]}},
{"type":"Feature","properties":{"highway":"footway","name":null,"category":"Footpath (pedestrian only)"},"geometry":{"type":"MultiLineString","coordinates":[[[-0.1538769,51.5110003],[-0.1545482,51.5108672]]]}},
{"type":"Feature","properties":{"highway":"footway","name":null,"category":"Footpath (pedestrian only)"},"geometry":{"type":"MultiLineString","coordinates":[[[-0.1647092,51.5218096],[-0.1647266,51.5218005],[-0.1647255,51.5217888],[-0.1645905,51.5215926]]]}},
{"type":"Feature","properties":{"highway":"footway","name":null,"category":"Footpath (pedestrian only)"},"geometry":{"type":"MultiLineString","coordinates":[[[-0.1630188,51.5221538],[-0.1630464,51.522208],[-0.1630871,51.5222956],[-0.1631092,51.5223401]]]}},
{"type":"Feature","properties":{"highway":"footway","name":null,"category":"Footpath (pedestrian only)"},"geometry":{"type":"MultiLineString","coordinates":[[[-0.167815,51.5204937],[-0.168262,51.5203844]]]}},
{"type":"Feature","properties":{"highway":"footway","name":"Joe Strummer Subway","category":"Footpath (pedestrian only)"},"geometry":{"type":"MultiLineString","coordinates":[[[-0.1712566,51.5206175],[-0.1712313,51.520668]]]}},
{"type":"Feature","properties":{"highway":"footway","name":null,"category":"Footpath (pedestrian only)"},"geometry":{"type":"MultiLineString","coordinates":[[[-0.1560738,51.5099805],[-0.1560641,51.5099723],[-0.1560516,51.5099601],[-0.1558981,51.5098595],[-0.1555306,51.5095856],[-0.1548279,51.5090797],[-0.1547525,51.5090334],[-0.1547341,51.5090234]]]}},
{"type":"Feature","properties":{"highway":"footway","name":null,"category":"Footpath (pedestrian only)"},"geometry":{"type":"MultiLineString","coordinates":[[[-0.1550165,51.5127403],[-0.1553855,51.5126717],[-0.1555918,51.513115]]]}},
{"type":"Feature","properties":{"highway":"footway","name":null,"category":"Footpath (pedestrian only)"},"geometry":{"type":"MultiLineString","coordinates":[[[-0.1552224,51.5131832],[-0.1550165,51.5127403]]]}},
{"type":"Feature","properties":{"highway":"footway","name":null,"category":"Footpath (pedestrian only)"},"geometry":{"type":"MultiLineString","coordinates":[[[-0.1671391,51.5236901],[-0.1671435,51.5236968]]]}},
{"type":"Feature","properties":{"highway":"path","name":null,"category":"Shared path"},"geometry":{"type":"MultiLineString","coordinates":[[[-0.163666,51.5238701],[-0.1637185,51.5238613],[-0.1641442,51.5247328],[-0.1642564,51.5249432],[-0.1643582,51.5250308]]]}},
{"type":"Feature","properties":{"highway":"footway","name":null,"category":"Footpath (pedestrian only)"},"geometry":{"type":"MultiLineString","coordinates":[[[-0.1518542,51.5198206],[-0.151853,51.5198125],[-0.1517679,51.519219],[-0.151716,51.5187757],[-0.1517134,51.5187531],[-0.1517107,51.5187347]]]}},
{"type":"Feature","properties":{"highway":"footway","name":null,"category":"Footpath (pedestrian only)"},"geometry":{"type":"MultiLineString","coordinates":[[[-0.151668,51.5183657],[-0.1517807,51.5183708],[-0.1527923,51.5184558],[-0.1528589,51.5187495],[-0.152862,51.5187632],[-0.1528643,51.5187732],[-0.1528692,51.5188167],[-0.1528742,51.5188375],[-0.1529275,51.5190615],[-0.1530491,51.5197448]]]}},
{"type":"Feature","properties":{"highway":"footway","name":null,"category":"Footpath (pedestrian only)"},"geometry":{"type":"MultiLineString","coordinates":[[[-0.1524511,51.5197847],[-0.1525266,51.5197797],[-0.1530491,51.5197448],[-0.1531176,51.5197402],[-0.1531598,51.5197374]]]}},
{"type":"Feature","properties":{"highway":"footway","name":null,"category":"Footpath (pedestrian only)"},"geometry":{"type":"MultiLineString","coordinates":[[[-0.1529718,51.521276],[-0.1529729,51.5212847]]]}},
{"type":"Feature","properties":{"highway":"footway","name":null,"category":"Footpath (pedestrian only)"},"geometry":{"type":"MultiLineString","coordinates":[[[-0.1534355,51.5197501],[-0.1534329,51.5197287],[-0.1534313,51.5197155]]]}},
{"type":"Feature","properties":{"highway":"footway","name":null,"category":"Footpath (pedestrian only)"},"geometry":{"type":"MultiLineString","coordinates":[[[-0.1660561,51.5219023],[-0.1660734,51.521931],[-0.1660907,51.5219596]]]}},
{"type":"Feature","properties":{"highway":"footway","name":null,"category":"Footpath (pedestrian only)"},"geometry":{"type":"MultiLineString","coordinates":[[[-0.1663014,51.5218947],[-0.1662849,51.5218669],[-0.1662649,51.5218329]]]}},
{"type":"Feature","properties":{"highway":"footway","name":null,"category":"Footpath (pedestrian only)"},"geometry":{"type":"MultiLineString","coordinates":[[[-0.1671206,51.5215669],[-0.1671443,51.5216016],[-0.1671705,51.5216404]]]}},
{"type":"Feature","properties":{"highway":"footway","name":null,"category":"Footpath (pedestrian only)"},"geometry":{"type":"MultiLineString","coordinates":[[[-0.1671798,51.5215482],[-0.1672078,51.5215822],[-0.1672324,51.5216201]]]}},
{"type":"Feature","properties":{"highway":"footway","name":null,"category":"Footpath (pedestrian only)"},"geometry":{"type":"MultiLineString","coordinates":[[[-0.1683133,51.5224398],[-0.1682358,51.5224255]]]}},
{"type":"Feature","properties":{"highway":"footway","name":null,"category":"Footpath (pedestrian only)"},"geometry":{"type":"MultiLineString","coordinates":[[[-0.1690804,51.5142109],[-0.1690649,51.5141496]]]}},
{"type":"Feature","properties":{"highway":"footway","name":null,"category":"Footpath (pedestrian only)"},"geometry":{"type":"MultiLineString","coordinates":[[[-0.1700036,51.5139379],[-0.1699437,51.5139428]]]}},
{"type":"Feature","properties":{"highway":"footway","name":null,"category":"Footpath (pedestrian only)"},"geometry":{"type":"MultiLineString","coordinates":[[[-0.1616666,51.5227129],[-0.1616125,51.5227226],[-0.1616021,51.5227244]]]}},
{"type":"Feature","properties":{"highway":"footway","name":null,"category":"Footpath (pedestrian only)"},"geometry":{"type":"MultiLineString","coordinates":[[[-0.1610321,51.5230323],[-0.1610293,51.5230266]]]}},
{"type":"Feature","properties":{"highway":"footway","name":null,"category":"Footpath (pedestrian only)"},"geometry":{"type":"MultiLineString","coordinates":[[[-0.1641002,51.5147565],[-0.164094,51.5147467]]]}},
{"type":"Feature","properties":{"highway":"footway","name":null,"category":"Footpath (pedestrian only)"},"geometry":{"type":"MultiLineString","coordinates":[[[-0.1641415,51.5142826],[-0.1640898,51.514294]]]}},
{"type":"Feature","properties":{"highway":"footway","name":null,"category":"Footpath (pedestrian only)"},"geometry":{"type":"MultiLineString","coordinates":[[[-0.1636285,51.5143902],[-0.1635389,51.5144118]]]}},
{"type":"Feature","properties":{"highway":"footway","name":null,"category":"Footpath (pedestrian only)"},"geometry":{"type":"MultiLineString","coordinates":[[[-0.1636243,51.5139287],[-0.1635926,51.5138639]]]}},
{"type":"Feature","properties":{"highway":"footway","name":null,"category":"Footpath (pedestrian only)"},"geometry":{"type":"MultiLineString","coordinates":[[[-0.1670099,51.5143834],[-0.1669122,51.5143968],[-0.1668591,51.5144261],[-0.1665151,51.514622],[-0.1663983,51.5146831],[-0.1663337,51.5146443]]]}},
{"type":"Feature","properties":{"highway":"footway","name":null,"category":"Footpath (pedestrian only)"},"geometry":{"type":"MultiLineString","coordinates":[[[-0.1669049,51.5143795],[-0.166883,51.5143218],[-0.1668736,51.5142969]]]}},
{"type":"Feature","properties":{"highway":"footway","name":null,"category":"Footpath (pedestrian only)"},"geometry":{"type":"MultiLineString","coordinates":[[[-0.1669122,51.5143968],[-0.1669049,51.5143795]]]}},
{"type":"Feature","properties":{"highway":"footway","name":null,"category":"Footpath (pedestrian only)"},"geometry":{"type":"MultiLineString","coordinates":[[[-0.1668736,51.5142969],[-0.1668707,51.5142892]]]}},
{"type":"Feature","properties":{"highway":"footway","name":null,"category":"Footpath (pedestrian only)"},"geometry":{"type":"MultiLineString","coordinates":[[[-0.1671457,51.525311],[-0.1666049,51.5248894],[-0.1665898,51.5248777]]]}},
{"type":"Feature","properties":{"highway":"footway","name":null,"category":"Footpath (pedestrian only)"},"geometry":{"type":"MultiLineString","coordinates":[[[-0.1671049,51.5253435],[-0.166524,51.5249278],[-0.1665129,51.5249198],[-0.1660178,51.5252046]]]}},
{"type":"Feature","properties":{"highway":"footway","name":null,"category":"Footpath (pedestrian only)"},"geometry":{"type":"MultiLineString","coordinates":[[[-0.1598464,51.5204418],[-0.1598569,51.5204608],[-0.1598818,51.520512],[-0.1598903,51.5205294],[-0.1599057,51.5205606],[-0.1598953,51.5205762],[-0.1600129,51.5208197],[-0.1600437,51.5208126]]]}},
{"type":"Feature","properties":{"highway":"footway","name":null,"category":"Footpath (pedestrian only)"},"geometry":{"type":"MultiLineString","coordinates":[[[-0.1594841,51.5211434],[-0.1597619,51.5210907],[-0.1597724,51.5211126]]]}},
{"type":"Feature","properties":{"highway":"footway","name":null,"category":"Footpath (pedestrian only)"},"geometry":{"type":"MultiLineString","coordinates":[[[-0.1607852,51.5209477],[-0.1604934,51.5209999]]]}},
{"type":"Feature","properties":{"highway":"footway","name":null,"category":"Footpath (pedestrian only)"},"geometry":{"type":"MultiLineString","coordinates":[[[-0.1571102,51.5215419],[-0.1571077,51.521537]]]}},
{"type":"Feature","properties":{"highway":"footway","name":null,"category":"Footpath (pedestrian only)"},"geometry":{"type":"MultiLineString","coordinates":[[[-0.1570836,51.5214886],[-0.1570796,51.5214806]]]}},
{"type":"Feature","properties":{"highway":"footway","name":null,"category":"Footpath (pedestrian only)"},"geometry":{"type":"MultiLineString","coordinates":[[[-0.168781,51.5172465],[-0.1688117,51.5172668]]]}},
{"type":"Feature","properties":{"highway":"footway","name":null,"category":"Footpath (pedestrian only)"},"geometry":{"type":"MultiLineString","coordinates":[[[-0.16883,51.5174205],[-0.1688132,51.5174099]]]}},
{"type":"Feature","properties":{"highway":"footway","name":null,"category":"Footpath (pedestrian only)"},"geometry":{"type":"MultiLineString","coordinates":[[[-0.1687428,51.5172495],[-0.1687485,51.5172466]]]}},
{"type":"Feature","properties":{"highway":"footway","name":null,"category":"Footpath (pedestrian only)"},"geometry":{"type":"MultiLineString","coordinates":[[[-0.158054,51.5112021],[-0.1580735,51.5111977],[-0.1580987,51.5111918]]]}},
{"type":"Feature","properties":{"highway":"footway","name":null,"category":"Footpath (pedestrian only)"},"geometry":{"type":"MultiLineString","coordinates":[[[-0.158037,51.5112061],[-0.158054,51.5112021]]]}},
{"type":"Feature","properties":{"highway":"footway","name":null,"category":"Footpath (pedestrian only)"},"geometry":{"type":"MultiLineString","coordinates":[[[-0.1580987,51.5111918],[-0.1581375,51.5111829]]]}},
{"type":"Feature","properties":{"highway":"footway","name":null,"category":"Footpath (pedestrian only)"},"geometry":{"type":"MultiLineString","coordinates":[[[-0.1597703,51.5185593],[-0.1593105,51.5175134]]]}},
{"type":"Feature","properties":{"highway":"footway","name":null,"category":"Footpath (pedestrian only)"},"geometry":{"type":"MultiLineString","coordinates":[[[-0.1637225,51.5205375],[-0.163731,51.5205533],[-0.1637383,51.5205661]]]}},
{"type":"Feature","properties":{"highway":"footway","name":null,"category":"Footpath (pedestrian only)"},"geometry":{"type":"MultiLineString","coordinates":[[[-0.1637383,51.5205661],[-0.1638972,51.5208448]]]}},
{"type":"Feature","properties":{"highway":"footway","name":null,"category":"Footpath (pedestrian only)"},"geometry":{"type":"MultiLineString","coordinates":[[[-0.1561996,51.5222798],[-0.1561909,51.5222626],[-0.1561623,51.5222058]]]}},
{"type":"Feature","properties":{"highway":"footway","name":null,"category":"Footpath (pedestrian only)"},"geometry":{"type":"MultiLineString","coordinates":[[[-0.1563306,51.5225398],[-0.1562857,51.522458]]]}},
{"type":"Feature","properties":{"highway":"footway","name":null,"category":"Footpath (pedestrian only)"},"geometry":{"type":"MultiLineString","coordinates":[[[-0.1562721,51.5224326],[-0.1563015,51.5224279]]]}},
{"type":"Feature","properties":{"highway":"footway","name":null,"category":"Footpath (pedestrian only)"},"geometry":{"type":"MultiLineString","coordinates":[[[-0.15676,51.5225629],[-0.1567502,51.5225394],[-0.1567466,51.5225308]]]}},
{"type":"Feature","properties":{"highway":"footway","name":null,"category":"Footpath (pedestrian only)"},"geometry":{"type":"MultiLineString","coordinates":[[[-0.1567502,51.5225394],[-0.1567359,51.5225414]]]}},
{"type":"Feature","properties":{"highway":"footway","name":null,"category":"Footpath (pedestrian only)"},"geometry":{"type":"MultiLineString","coordinates":[[[-0.157259,51.5221344],[-0.1573007,51.5222316]]]}},
{"type":"Feature","properties":{"highway":"footway","name":null,"category":"Footpath (pedestrian only)"},"geometry":{"type":"MultiLineString","coordinates":[[[-0.1573007,51.5222316],[-0.1572765,51.5222364]]]}},
{"type":"Feature","properties":{"highway":"footway","name":null,"category":"Footpath (pedestrian only)"},"geometry":{"type":"MultiLineString","coordinates":[[[-0.1572022,51.522147],[-0.157195,51.522131]]]}},
{"type":"Feature","properties":{"highway":"footway","name":null,"category":"Footpath (pedestrian only)"},"geometry":{"type":"MultiLineString","coordinates":[[[-0.1571193,51.5225543],[-0.1569589,51.5225792]]]}},
{"type":"Feature","properties":{"highway":"footway","name":null,"category":"Footpath (pedestrian only)"},"geometry":{"type":"MultiLineString","coordinates":[[[-0.1567779,51.5225601],[-0.156799,51.5226039]]]}},
{"type":"Feature","properties":{"highway":"footway","name":null,"category":"Footpath (pedestrian only)"},"geometry":{"type":"MultiLineString","coordinates":[[[-0.1564297,51.5227105],[-0.1564427,51.5227229]]]}},
{"type":"Feature","properties":{"highway":"footway","name":"Connaught Street","category":"Footpath (pedestrian only)"},"geometry":{"type":"MultiLineString","coordinates":[[[-0.1649429,51.5147193],[-0.1647262,51.5147579],[-0.1646772,51.5147666]]]}},
{"type":"Feature","properties":{"highway":"footway","name":null,"category":"Footpath (pedestrian only)"},"geometry":{"type":"MultiLineString","coordinates":[[[-0.1551751,51.5119182],[-0.1551869,51.511943],[-0.1551967,51.5119628]]]}},
{"type":"Feature","properties":{"highway":"footway","name":null,"category":"Footpath (pedestrian only)"},"geometry":{"type":"MultiLineString","coordinates":[[[-0.1551967,51.5119628],[-0.1551364,51.5119791],[-0.1550746,51.511991]]]}},
{"type":"Feature","properties":{"highway":"footway","name":null,"category":"Footpath (pedestrian only)"},"geometry":{"type":"MultiLineString","coordinates":[[[-0.1550746,51.511991],[-0.1550592,51.5119596],[-0.1550422,51.5119243]]]}},
{"type":"Feature","properties":{"highway":"footway","name":null,"category":"Footpath (pedestrian only)"},"geometry":{"type":"MultiLineString","coordinates":[[[-0.1641264,51.5157632],[-0.1641074,51.5157734]]]}},
{"type":"Feature","properties":{"highway":"footway","name":null,"category":"Footpath (pedestrian only)"},"geometry":{"type":"MultiLineString","coordinates":[[[-0.1641751,51.5157844],[-0.1641969,51.5157994]]]}},
{"type":"Feature","properties":{"highway":"footway","name":null,"category":"Footpath (pedestrian only)"},"geometry":{"type":"MultiLineString","coordinates":[[[-0.1643259,51.5159024],[-0.164305,51.5159134]]]}},
{"type":"Feature","properties":{"highway":"footway","name":null,"category":"Footpath (pedestrian only)"},"geometry":{"type":"MultiLineString","coordinates":[[[-0.1643024,51.5158672],[-0.1643155,51.5158751]]]}},
{"type":"Feature","properties":{"highway":"footway","name":null,"category":"Footpath (pedestrian only)"},"geometry":{"type":"MultiLineString","coordinates":[[[-0.1641555,51.5159993],[-0.1641331,51.5160135]]]}},
{"type":"Feature","properties":{"highway":"footway","name":null,"category":"Footpath (pedestrian only)"},"geometry":{"type":"MultiLineString","coordinates":[[[-0.1640747,51.5160131],[-0.1640547,51.5159942]]]}},
{"type":"Feature","properties":{"highway":"footway","name":null,"category":"Footpath (pedestrian only)"},"geometry":{"type":"MultiLineString","coordinates":[[[-0.1639627,51.5159121],[-0.1639473,51.5158983]]]}},
{"type":"Feature","properties":{"highway":"footway","name":null,"category":"Footpath (pedestrian only)"},"geometry":{"type":"MultiLineString","coordinates":[[[-0.1639277,51.5158695],[-0.1639474,51.515859]]]}},
{"type":"Feature","properties":{"highway":"footway","name":null,"category":"Footpath (pedestrian only)"},"geometry":{"type":"MultiLineString","coordinates":[[[-0.1653396,51.5168511],[-0.1653717,51.5168323]]]}},
{"type":"Feature","properties":{"highway":"footway","name":null,"category":"Footpath (pedestrian only)"},"geometry":{"type":"MultiLineString","coordinates":[[[-0.1647409,51.5172322],[-0.1647243,51.5172387]]]}},
{"type":"Feature","properties":{"highway":"footway","name":null,"category":"Footpath (pedestrian only)"},"geometry":{"type":"MultiLineString","coordinates":[[[-0.1646586,51.5172642],[-0.1646455,51.5172693]]]}},
{"type":"Feature","properties":{"highway":"bridleway","name":null,"category":"Bridleway"},"geometry":{"type":"MultiLineString","coordinates":[[[-0.1681959,51.5116292],[-0.1681813,51.5115801]]]}},
{"type":"Feature","properties":{"highway":"footway","name":null,"category":"Footpath (pedestrian only)"},"geometry":{"type":"MultiLineString","coordinates":[[[-0.1588373,51.5169382],[-0.1588511,51.5169686],[-0.1588731,51.5170183]]]}},
{"type":"Feature","properties":{"highway":"footway","name":null,"category":"Footpath (pedestrian only)"},"geometry":{"type":"MultiLineString","coordinates":[[[-0.1702819,51.5202059],[-0.1702637,51.5202153]]]}},
{"type":"Feature","properties":{"highway":"footway","name":"Bell Street","category":"Footpath (pedestrian only)"},"geometry":{"type":"MultiLineString","coordinates":[[[-0.1705801,51.5204478],[-0.1700753,51.5206609]]]}},
{"type":"Feature","properties":{"highway":"footway","name":"Edgware Road","category":"Footpath (pedestrian only)"},"geometry":{"type":"MultiLineString","coordinates":[[[-0.1712313,51.520668],[-0.1706866,51.5201953]]]}},
{"type":"Feature","properties":{"highway":"footway","name":"Newcastle Place","category":"Footpath (pedestrian only)"},"geometry":{"type":"MultiLineString","coordinates":[[[-0.1713781,51.520831],[-0.1715522,51.5207287]]]}},
{"type":"Feature","properties":{"highway":"footway","name":"Broadley Street","category":"Footpath (pedestrian only)"},"geometry":{"type":"MultiLineString","coordinates":[[[-0.1675224,51.5234971],[-0.1671391,51.5236901]]]}},
{"type":"Feature","properties":{"highway":"footway","name":"Broadley Street","category":"Footpath (pedestrian only)"},"geometry":{"type":"MultiLineString","coordinates":[[[-0.1674531,51.5236453],[-0.1672118,51.5237781],[-0.1671886,51.5237909]]]}},
{"type":"Feature","properties":{"highway":"footway","name":null,"category":"Footpath (pedestrian only)"},"geometry":{"type":"MultiLineString","coordinates":[[[-0.163258,51.5212709],[-0.1632496,51.5212814],[-0.1632715,51.5213148],[-0.1638873,51.5220514]]]}},
{"type":"Feature","properties":{"highway":"footway","name":"Cosway Street","category":"Footpath (pedestrian only)"},"geometry":{"type":"MultiLineString","coordinates":[[[-0.1660771,51.5218855],[-0.1654207,51.520882]]]}},
{"type":"Feature","properties":{"highway":"footway","name":"Marylebone Road","category":"Footpath (pedestrian only)"},"geometry":{"type":"MultiLineString","coordinates":[[[-0.1642718,51.5210762],[-0.1642554,51.5210702],[-0.1640342,51.5211116]]]}},
{"type":"Feature","properties":{"highway":"footway","name":"Lilestone Street","category":"Footpath (pedestrian only)"},"geometry":{"type":"MultiLineString","coordinates":[[[-0.1656657,51.5249091],[-0.1657753,51.5250288],[-0.165866,51.5251127],[-0.1658768,51.5251227]]]}},
{"type":"Feature","properties":{"highway":"footway","name":"Harewood Avenue","category":"Footpath (pedestrian only)"},"geometry":{"type":"MultiLineString","coordinates":[[[-0.1638243,51.5222933],[-0.163808,51.5222719],[-0.1637941,51.5222536],[-0.1637783,51.5222366]]]}},
{"type":"Feature","properties":{"highway":"footway","name":"Broadley Terrace","category":"Footpath (pedestrian only)"},"geometry":{"type":"MultiLineString","coordinates":[[[-0.1668924,51.5238123],[-0.1668252,51.5238618],[-0.166646,51.5239487],[-0.1663577,51.5240885]]]}},
{"type":"Feature","properties":{"highway":"footway","name":null,"category":"Footpath (pedestrian only)"},"geometry":{"type":"MultiLineString","coordinates":[[[-0.1681235,51.5247607],[-0.1677891,51.5244869],[-0.1674573,51.5242319],[-0.1673811,51.5241778],[-0.1673456,51.524172]]]}},
{"type":"Feature","properties":{"highway":"footway","name":null,"category":"Footpath (pedestrian only)"},"geometry":{"type":"MultiLineString","coordinates":[[[-0.1660511,51.521893],[-0.1660561,51.5219023]]]}},
{"type":"Feature","properties":{"highway":"footway","name":null,"category":"Footpath (pedestrian only)"},"geometry":{"type":"MultiLineString","coordinates":[[[-0.1661023,51.5219796],[-0.1660907,51.5219596]]]}},
{"type":"Feature","properties":{"highway":"footway","name":null,"category":"Footpath (pedestrian only)"},"geometry":{"type":"MultiLineString","coordinates":[[[-0.1662571,51.5218231],[-0.1662649,51.5218329]]]}},
{"type":"Feature","properties":{"highway":"footway","name":null,"category":"Footpath (pedestrian only)"},"geometry":{"type":"MultiLineString","coordinates":[[[-0.1663109,51.5219088],[-0.1663014,51.5218947]]]}},
{"type":"Feature","properties":{"highway":"footway","name":null,"category":"Footpath (pedestrian only)"},"geometry":{"type":"MultiLineString","coordinates":[[[-0.1651989,51.5222528],[-0.1653211,51.5224071]]]}},
{"type":"Feature","properties":{"highway":"footway","name":"Cosway Street","category":"Footpath (pedestrian only)"},"geometry":{"type":"MultiLineString","coordinates":[[[-0.166226,51.5218323],[-0.1660639,51.5216216]]]}},
{"type":"Feature","properties":{"highway":"footway","name":null,"category":"Footpath (pedestrian only)"},"geometry":{"type":"MultiLineString","coordinates":[[[-0.15776,51.5222349],[-0.1577493,51.5222026]]]}},
{"type":"Feature","properties":{"highway":"footway","name":null,"category":"Footpath (pedestrian only)"},"geometry":{"type":"MultiLineString","coordinates":[[[-0.1572837,51.5220503],[-0.1572901,51.522062]]]}},
{"type":"Feature","properties":{"highway":"footway","name":null,"category":"Footpath (pedestrian only)"},"geometry":{"type":"MultiLineString","coordinates":[[[-0.1572682,51.5218573],[-0.1573034,51.5218529]]]}},
{"type":"Feature","properties":{"highway":"footway","name":null,"category":"Footpath (pedestrian only)"},"geometry":{"type":"MultiLineString","coordinates":[[[-0.1574692,51.5218248],[-0.1574514,51.5218269]]]}},
{"type":"Feature","properties":{"highway":"footway","name":"Melcombe Place","category":"Footpath (pedestrian only)"},"geometry":{"type":"MultiLineString","coordinates":[[[-0.1621237,51.5224108],[-0.1616255,51.5225032]]]}},
{"type":"Feature","properties":{"highway":"footway","name":null,"category":"Footpath (pedestrian only)"},"geometry":{"type":"MultiLineString","coordinates":[[[-0.1537744,51.5183871],[-0.1536314,51.5181007]]]}},
{"type":"Feature","properties":{"highway":"footway","name":null,"category":"Footpath (pedestrian only)"},"geometry":{"type":"MultiLineString","coordinates":[[[-0.1599361,51.515599],[-0.1600008,51.5155871],[-0.1600736,51.5155759]]]}},
{"type":"Feature","properties":{"highway":"footway","name":null,"category":"Footpath (pedestrian only)"},"geometry":{"type":"MultiLineString","coordinates":[[[-0.1599834,51.5154022],[-0.1599186,51.5154144],[-0.1598311,51.5154315]]]}},
{"type":"Feature","properties":{"highway":"footway","name":null,"category":"Footpath (pedestrian only)"},"geometry":{"type":"MultiLineString","coordinates":[[[-0.1598458,51.5150544],[-0.1598136,51.5149821],[-0.1597833,51.5148934]]]}},
{"type":"Feature","properties":{"highway":"footway","name":null,"category":"Footpath (pedestrian only)"},"geometry":{"type":"MultiLineString","coordinates":[[[-0.1597173,51.5152295],[-0.1597115,51.5152116],[-0.1597034,51.5151823],[-0.1595452,51.5148656],[-0.1595359,51.5148509]]]}},
{"type":"Feature","properties":{"highway":"footway","name":null,"category":"Footpath (pedestrian only)"},"geometry":{"type":"MultiLineString","coordinates":[[[-0.1597502,51.5153141],[-0.1597445,51.5153005]]]}},
{"type":"Feature","properties":{"highway":"footway","name":null,"category":"Footpath (pedestrian only)"},"geometry":{"type":"MultiLineString","coordinates":[[[-0.1597445,51.5153005],[-0.1597263,51.5152574],[-0.1597173,51.5152295]]]}},
{"type":"Feature","properties":{"highway":"footway","name":null,"category":"Footpath (pedestrian only)"},"geometry":{"type":"MultiLineString","coordinates":[[[-0.1595098,51.5148004],[-0.1595028,51.5147765]]]}},
{"type":"Feature","properties":{"highway":"footway","name":null,"category":"Footpath (pedestrian only)"},"geometry":{"type":"MultiLineString","coordinates":[[[-0.1595359,51.5148509],[-0.159518,51.5148164],[-0.1595098,51.5148004]]]}},
{"type":"Feature","properties":{"highway":"footway","name":null,"category":"Footpath (pedestrian only)"},"geometry":{"type":"MultiLineString","coordinates":[[[-0.1720335,51.5121186],[-0.168871,51.5124302]]]}},
{"type":"Feature","properties":{"highway":"footway","name":null,"category":"Footpath (pedestrian only)"},"geometry":{"type":"MultiLineString","coordinates":[[[-0.168871,51.5124302],[-0.1687856,51.5124393],[-0.168704,51.5124491]]]}},
{"type":"Feature","properties":{"highway":"footway","name":null,"category":"Footpath (pedestrian only)"},"geometry":{"type":"MultiLineString","coordinates":[[[-0.168704,51.5124491],[-0.168678,51.5124517],[-0.1685714,51.5124624],[-0.1685669,51.5124455]]]}},
{"type":"Feature","properties":{"highway":"footway","name":null,"category":"Footpath (pedestrian only)"},"geometry":{"type":"MultiLineString","coordinates":[[[-0.1574789,51.5223024],[-0.157489,51.5223003]]]}},
{"type":"Feature","properties":{"highway":"footway","name":null,"category":"Footpath (pedestrian only)"},"geometry":{"type":"MultiLineString","coordinates":[[[-0.1579265,51.5231692],[-0.1578928,51.5231744]]]}},
{"type":"Feature","properties":{"highway":"footway","name":null,"category":"Footpath (pedestrian only)"},"geometry":{"type":"MultiLineString","coordinates":[[[-0.1730674,51.5202212],[-0.1731141,51.5202688],[-0.1732459,51.5204025],[-0.1735776,51.5206915]]]}},
{"type":"Feature","properties":{"highway":"footway","name":null,"category":"Footpath (pedestrian only)"},"geometry":{"type":"MultiLineString","coordinates":[[[-0.1733411,51.5149499],[-0.1732517,51.5149941],[-0.1715217,51.5159234],[-0.1714877,51.5159412],[-0.1714064,51.5159839]]]}},
{"type":"Feature","properties":{"highway":"footway","name":null,"category":"Footpath (pedestrian only)"},"geometry":{"type":"MultiLineString","coordinates":[[[-0.1731768,51.5148329],[-0.1730952,51.5148779],[-0.1714488,51.5157855],[-0.1713425,51.5158441],[-0.1712922,51.5158718]]]}},
{"type":"Feature","properties":{"highway":"footway","name":null,"category":"Footpath (pedestrian only)"},"geometry":{"type":"MultiLineString","coordinates":[[[-0.1731768,51.5148329],[-0.1730035,51.5146831],[-0.1726636,51.5144442]]]}},
{"type":"Feature","properties":{"highway":"footway","name":null,"category":"Footpath (pedestrian only)"},"geometry":{"type":"MultiLineString","coordinates":[[[-0.1726636,51.5144442],[-0.1723041,51.5142115]]]}},
{"type":"Feature","properties":{"highway":"footway","name":null,"category":"Footpath (pedestrian only)"},"geometry":{"type":"MultiLineString","coordinates":[[[-0.1741954,51.5164438],[-0.1741598,51.516452],[-0.1737941,51.5166556],[-0.1729458,51.5171282]]]}},
{"type":"Feature","properties":{"highway":"footway","name":null,"category":"Footpath (pedestrian only)"},"geometry":{"type":"MultiLineString","coordinates":[[[-0.1748184,51.5159495],[-0.1747668,51.5159825],[-0.1745877,51.5160911],[-0.1741698,51.516333],[-0.1729298,51.5170272],[-0.1729093,51.51703],[-0.1728864,51.5170252],[-0.172872,51.5170333]]]}},
{"type":"Feature","properties":{"highway":"footway","name":null,"category":"Footpath (pedestrian only)"},"geometry":{"type":"MultiLineString","coordinates":[[[-0.1731914,51.5202111],[-0.1731427,51.5202108]]]}},
{"type":"Feature","properties":{"highway":"footway","name":"Harrow Road","category":"Footpath (pedestrian only)"},"geometry":{"type":"MultiLineString","coordinates":[[[-0.1731427,51.5202108],[-0.1731151,51.5202131],[-0.1730956,51.5202166]]]}},
{"type":"Feature","properties":{"highway":"footway","name":null,"category":"Footpath (pedestrian only)"},"geometry":{"type":"MultiLineString","coordinates":[[[-0.1720837,51.5197598],[-0.1720509,51.5197597]]]}},
{"type":"Feature","properties":{"highway":"footway","name":null,"category":"Footpath (pedestrian only)"},"geometry":{"type":"MultiLineString","coordinates":[[[-0.1720172,51.5197601],[-0.1720509,51.5197597]]]}},
{"type":"Feature","properties":{"highway":"footway","name":null,"category":"Footpath (pedestrian only)"},"geometry":{"type":"MultiLineString","coordinates":[[[-0.1733214,51.5197618],[-0.1732253,51.5197618]]]}},
{"type":"Feature","properties":{"highway":"footway","name":null,"category":"Footpath (pedestrian only)"},"geometry":{"type":"MultiLineString","coordinates":[[[-0.1733725,51.5197598],[-0.1733214,51.5197618]]]}},
{"type":"Feature","properties":{"highway":"footway","name":null,"category":"Footpath (pedestrian only)"},"geometry":{"type":"MultiLineString","coordinates":[[[-0.1734138,51.5197589],[-0.1733725,51.5197598]]]}},
{"type":"Feature","properties":{"highway":"footway","name":null,"category":"Footpath (pedestrian only)"},"geometry":{"type":"MultiLineString","coordinates":[[[-0.1702819,51.5202059],[-0.1701323,51.5201236]]]}},
{"type":"Feature","properties":{"highway":"footway","name":null,"category":"Footpath (pedestrian only)"},"geometry":{"type":"MultiLineString","coordinates":[[[-0.1590733,51.5135086],[-0.1590959,51.5135041]]]}},
{"type":"Feature","properties":{"highway":"footway","name":null,"category":"Footpath (pedestrian only)"},"geometry":{"type":"MultiLineString","coordinates":[[[-0.1664148,51.5189894],[-0.1663596,51.518966]]]}},
{"type":"Feature","properties":{"highway":"footway","name":null,"category":"Footpath (pedestrian only)"},"geometry":{"type":"MultiLineString","coordinates":[[[-0.1662782,51.5189246],[-0.166266,51.5189175]]]}},
{"type":"Feature","properties":{"highway":"footway","name":null,"category":"Footpath (pedestrian only)"},"geometry":{"type":"MultiLineString","coordinates":[[[-0.1663448,51.5189592],[-0.1663411,51.5189572],[-0.1662782,51.5189246]]]}},
{"type":"Feature","properties":{"highway":"footway","name":null,"category":"Footpath (pedestrian only)"},"geometry":{"type":"MultiLineString","coordinates":[[[-0.1663596,51.518966],[-0.1663448,51.5189592]]]}},
{"type":"Feature","properties":{"highway":"footway","name":null,"category":"Footpath (pedestrian only)"},"geometry":{"type":"MultiLineString","coordinates":[[[-0.166448,51.5190033],[-0.1664148,51.5189894]]]}},
{"type":"Feature","properties":{"highway":"footway","name":"Old Marylebone Road","category":"Footpath (pedestrian only)"},"geometry":{"type":"MultiLineString","coordinates":[[[-0.1671033,51.5185023],[-0.1670681,51.5185285]]]}},
{"type":"Feature","properties":{"highway":"footway","name":"Old Marylebone Road","category":"Footpath (pedestrian only)"},"geometry":{"type":"MultiLineString","coordinates":[[[-0.1670681,51.5185285],[-0.1670546,51.5185386],[-0.1670285,51.5185585]]]}},
{"type":"Feature","properties":{"highway":"footway","name":"Old Marylebone Road","category":"Footpath (pedestrian only)"},"geometry":{"type":"MultiLineString","coordinates":[[[-0.1670285,51.5185585],[-0.1670025,51.5185784],[-0.1667938,51.5187377],[-0.1667389,51.5187796]]]}},
{"type":"Feature","properties":{"highway":"footway","name":"Old Marylebone Road","category":"Footpath (pedestrian only)"},"geometry":{"type":"MultiLineString","coordinates":[[[-0.1667389,51.5187796],[-0.1667116,51.5188004],[-0.1666915,51.5188178]]]}},
{"type":"Feature","properties":{"highway":"footway","name":null,"category":"Footpath (pedestrian only)"},"geometry":{"type":"MultiLineString","coordinates":[[[-0.1728459,51.5171632],[-0.1728616,51.5171739],[-0.1729458,51.5171282]]]}},
{"type":"Feature","properties":{"highway":"footway","name":null,"category":"Footpath (pedestrian only)"},"geometry":{"type":"MultiLineString","coordinates":[[[-0.1727682,51.5171107],[-0.1728108,51.5171395],[-0.1728459,51.5171632]]]}},
{"type":"Feature","properties":{"highway":"footway","name":null,"category":"Footpath (pedestrian only)"},"geometry":{"type":"MultiLineString","coordinates":[[[-0.1727868,51.5170813],[-0.1727764,51.5170872],[-0.1727782,51.5170933],[-0.1727592,51.5171046],[-0.1727682,51.5171107]]]}},
{"type":"Feature","properties":{"highway":"footway","name":null,"category":"Footpath (pedestrian only)"},"geometry":{"type":"MultiLineString","coordinates":[[[-0.172872,51.5170333],[-0.1728358,51.5170537],[-0.1727868,51.5170813]]]}},
{"type":"Feature","properties":{"highway":"footway","name":null,"category":"Footpath (pedestrian only)"},"geometry":{"type":"MultiLineString","coordinates":[[[-0.1684506,51.5203665],[-0.1678933,51.5205051],[-0.1677747,51.5205192],[-0.167815,51.5204937]]]}},
{"type":"Feature","properties":{"highway":"footway","name":null,"category":"Footpath (pedestrian only)"},"geometry":{"type":"MultiLineString","coordinates":[[[-0.1711564,51.5159403],[-0.1707098,51.5161902],[-0.1701606,51.5164975]]]}},
{"type":"Feature","properties":{"highway":"footway","name":null,"category":"Footpath (pedestrian only)"},"geometry":{"type":"MultiLineString","coordinates":[[[-0.1711564,51.5159403],[-0.1712389,51.5158987],[-0.1712922,51.5158718]]]}},
{"type":"Feature","properties":{"highway":"footway","name":null,"category":"Footpath (pedestrian only)"},"geometry":{"type":"MultiLineString","coordinates":[[[-0.1714064,51.5159839],[-0.1713736,51.5160021],[-0.1713035,51.5160408]]]}},
{"type":"Feature","properties":{"highway":"footway","name":null,"category":"Footpath (pedestrian only)"},"geometry":{"type":"MultiLineString","coordinates":[[[-0.1713035,51.5160408],[-0.1711674,51.516114],[-0.170426,51.5165183],[-0.1703496,51.5165575],[-0.1703233,51.516579],[-0.1703264,51.5166031],[-0.1703453,51.5166187]]]}},
{"type":"Feature","properties":{"highway":"footway","name":null,"category":"Footpath (pedestrian only)"},"geometry":{"type":"MultiLineString","coordinates":[[[-0.1714877,51.5159412],[-0.1714045,51.5158856],[-0.1713425,51.5158441]]]}},
{"type":"Feature","properties":{"highway":"footway","name":null,"category":"Footpath (pedestrian only)"},"geometry":{"type":"MultiLineString","coordinates":[[[-0.1723041,51.5142115],[-0.1723686,51.5141792],[-0.1724577,51.5141346]]]}},
{"type":"Feature","properties":{"highway":"footway","name":null,"category":"Footpath (pedestrian only)"},"geometry":{"type":"MultiLineString","coordinates":[[[-0.1724632,51.5141112],[-0.1723952,51.5140676]]]}},
{"type":"Feature","properties":{"highway":"footway","name":null,"category":"Footpath (pedestrian only)"},"geometry":{"type":"MultiLineString","coordinates":[[[-0.1723041,51.5142115],[-0.1722205,51.514165]]]}},
{"type":"Feature","properties":{"highway":"footway","name":null,"category":"Footpath (pedestrian only)"},"geometry":{"type":"MultiLineString","coordinates":[[[-0.1658423,51.519998],[-0.1658209,51.520004],[-0.1658036,51.5200014]]]}},
{"type":"Feature","properties":{"highway":"footway","name":null,"category":"Footpath (pedestrian only)"},"geometry":{"type":"MultiLineString","coordinates":[[[-0.1572225,51.5114972],[-0.1569978,51.5110929],[-0.1569906,51.5110821]]]}},
{"type":"Feature","properties":{"highway":"footway","name":null,"category":"Footpath (pedestrian only)"},"geometry":{"type":"MultiLineString","coordinates":[[[-0.1572448,51.5115365],[-0.1572328,51.5115158],[-0.157228,51.5115068]]]}},
{"type":"Feature","properties":{"highway":"footway","name":null,"category":"Footpath (pedestrian only)"},"geometry":{"type":"MultiLineString","coordinates":[[[-0.1571667,51.5223554],[-0.1571134,51.522359],[-0.1564881,51.5224751],[-0.15635,51.5224974],[-0.1563073,51.5225381],[-0.1557356,51.5226432]]]}},
{"type":"Feature","properties":{"highway":"footway","name":"Berkeley Arcade","category":"Footpath (pedestrian only)"},"geometry":{"type":"MultiLineString","coordinates":[[[-0.1580353,51.5228885],[-0.1579942,51.5228957],[-0.1578858,51.5229159]]]}},
{"type":"Feature","properties":{"highway":"footway","name":"Berkeley Arcade","category":"Footpath (pedestrian only)"},"geometry":{"type":"MultiLineString","coordinates":[[[-0.1584421,51.5230075],[-0.1584194,51.5229599],[-0.1583956,51.5229062]]]}},
{"type":"Feature","properties":{"highway":"footway","name":null,"category":"Footpath (pedestrian only)"},"geometry":{"type":"MultiLineString","coordinates":[[[-0.1608327,51.5166079],[-0.1608168,51.5166107]]]}},
{"type":"Feature","properties":{"highway":"footway","name":null,"category":"Footpath (pedestrian only)"},"geometry":{"type":"MultiLineString","coordinates":[[[-0.1608526,51.5165713],[-0.1608564,51.5165799]]]}},
{"type":"Feature","properties":{"highway":"footway","name":null,"category":"Footpath (pedestrian only)"},"geometry":{"type":"MultiLineString","coordinates":[[[-0.1608158,51.5164881],[-0.1608214,51.5165007]]]}},
{"type":"Feature","properties":{"highway":"footway","name":null,"category":"Footpath (pedestrian only)"},"geometry":{"type":"MultiLineString","coordinates":[[[-0.1600957,51.5167306],[-0.1600873,51.5167318]]]}},
{"type":"Feature","properties":{"highway":"footway","name":null,"category":"Footpath (pedestrian only)"},"geometry":{"type":"MultiLineString","coordinates":[[[-0.1629013,51.5210309],[-0.1629148,51.5210286]]]}},
{"type":"Feature","properties":{"highway":"footway","name":null,"category":"Footpath (pedestrian only)"},"geometry":{"type":"MultiLineString","coordinates":[[[-0.1627126,51.5210826],[-0.1627166,51.5210934],[-0.1627307,51.5211311]]]}},
{"type":"Feature","properties":{"highway":"footway","name":null,"category":"Footpath (pedestrian only)"},"geometry":{"type":"MultiLineString","coordinates":[[[-0.1615771,51.5193623],[-0.1615961,51.5193587]]]}},
{"type":"Feature","properties":{"highway":"footway","name":"Hyde Park Place","category":"Footpath (pedestrian only)"},"geometry":{"type":"MultiLineString","coordinates":[[[-0.1666103,51.5126401],[-0.1666366,51.5126376],[-0.1675192,51.5125549],[-0.1675314,51.5125536]]]}},
{"type":"Feature","properties":{"highway":"footway","name":"Hyde Park Place","category":"Footpath (pedestrian only)"},"geometry":{"type":"MultiLineString","coordinates":[[[-0.1664802,51.512654],[-0.1664588,51.512656],[-0.1656586,51.5127321],[-0.1655406,51.5127346],[-0.1647172,51.5128224],[-0.1640446,51.5128978],[-0.1634417,51.5129784],[-0.1628521,51.5130417]]]}},
{"type":"Feature","properties":{"highway":"footway","name":null,"category":"Footpath (pedestrian only)"},"geometry":{"type":"MultiLineString","coordinates":[[[-0.1549824,51.5113798],[-0.1549974,51.5114106],[-0.1550161,51.5114486]]]}},
{"type":"Feature","properties":{"highway":"footway","name":null,"category":"Footpath (pedestrian only)"},"geometry":{"type":"MultiLineString","coordinates":[[[-0.1549176,51.5113579],[-0.1549402,51.5113536]]]}},
{"type":"Feature","properties":{"highway":"footway","name":null,"category":"Footpath (pedestrian only)"},"geometry":{"type":"MultiLineString","coordinates":[[[-0.1548168,51.5113764],[-0.1548686,51.5113669],[-0.1549176,51.5113579]]]}},
{"type":"Feature","properties":{"highway":"footway","name":null,"category":"Footpath (pedestrian only)"},"geometry":{"type":"MultiLineString","coordinates":[[[-0.1548168,51.5113764],[-0.1547985,51.511381]]]}},
{"type":"Feature","properties":{"highway":"footway","name":null,"category":"Footpath (pedestrian only)"},"geometry":{"type":"MultiLineString","coordinates":[[[-0.1627405,51.5130586],[-0.1627233,51.5130618],[-0.1627039,51.5130654]]]}},
{"type":"Feature","properties":{"highway":"footway","name":null,"category":"Footpath (pedestrian only)"},"geometry":{"type":"MultiLineString","coordinates":[[[-0.1628521,51.5130417],[-0.1628018,51.5130472],[-0.1627787,51.5130515],[-0.1627405,51.5130586]]]}},
{"type":"Feature","properties":{"highway":"footway","name":null,"category":"Footpath (pedestrian only)"},"geometry":{"type":"MultiLineString","coordinates":[[[-0.1617065,51.5129349],[-0.1617612,51.5129755],[-0.1618744,51.5130008],[-0.1627521,51.5129039]]]}},
{"type":"Feature","properties":{"highway":"footway","name":null,"category":"Footpath (pedestrian only)"},"geometry":{"type":"MultiLineString","coordinates":[[[-0.1627521,51.5129039],[-0.1627999,51.5128976]]]}},
{"type":"Feature","properties":{"highway":"footway","name":null,"category":"Footpath (pedestrian only)"},"geometry":{"type":"MultiLineString","coordinates":[[[-0.1628486,51.5130323],[-0.1628521,51.5130417]]]}},
{"type":"Feature","properties":{"highway":"footway","name":null,"category":"Footpath (pedestrian only)"},"geometry":{"type":"MultiLineString","coordinates":[[[-0.1638873,51.5220514],[-0.1647092,51.5218096]]]}},
{"type":"Feature","properties":{"highway":"footway","name":null,"category":"Footpath (pedestrian only)"},"geometry":{"type":"MultiLineString","coordinates":[[[-0.1565715,51.5099897],[-0.1565544,51.5099841],[-0.1564378,51.5100004]]]}},
{"type":"Feature","properties":{"highway":"footway","name":null,"category":"Footpath (pedestrian only)"},"geometry":{"type":"MultiLineString","coordinates":[[[-0.1564378,51.5100004],[-0.1564362,51.5100025],[-0.1564994,51.5100526]]]}},
{"type":"Feature","properties":{"highway":"footway","name":null,"category":"Footpath (pedestrian only)"},"geometry":{"type":"MultiLineString","coordinates":[[[-0.1654385,51.5150566],[-0.1654744,51.5150328]]]}},
{"type":"Feature","properties":{"highway":"footway","name":null,"category":"Footpath (pedestrian only)"},"geometry":{"type":"MultiLineString","coordinates":[[[-0.1519078,51.512612],[-0.1519268,51.5126417],[-0.1519696,51.5127366],[-0.1519856,51.5127445],[-0.1520271,51.5127412],[-0.152227,51.5126991],[-0.1524227,51.5126557]]]}},
{"type":"Feature","properties":{"highway":"footway","name":null,"category":"Footpath (pedestrian only)"},"geometry":{"type":"MultiLineString","coordinates":[[[-0.1520504,51.5128093],[-0.1520283,51.5128036]]]}},
{"type":"Feature","properties":{"highway":"footway","name":null,"category":"Footpath (pedestrian only)"},"geometry":{"type":"MultiLineString","coordinates":[[[-0.1520283,51.5128036],[-0.1520036,51.5127723],[-0.151992,51.5127616]]]}},
{"type":"Feature","properties":{"highway":"footway","name":null,"category":"Footpath (pedestrian only)"},"geometry":{"type":"MultiLineString","coordinates":[[[-0.1573131,51.511226],[-0.1572764,51.511163],[-0.1572196,51.5110696]]]}},
{"type":"Feature","properties":{"highway":"footway","name":null,"category":"Footpath (pedestrian only)"},"geometry":{"type":"MultiLineString","coordinates":[[[-0.1572768,51.5111641],[-0.1573131,51.511226]]]}},
{"type":"Feature","properties":{"highway":"footway","name":null,"category":"Footpath (pedestrian only)"},"geometry":{"type":"MultiLineString","coordinates":[[[-0.1572196,51.5110696],[-0.1572768,51.5111641]]]}},
{"type":"Feature","properties":{"highway":"footway","name":null,"category":"Footpath (pedestrian only)"},"geometry":{"type":"MultiLineString","coordinates":[[[-0.1564827,51.5110729],[-0.1554243,51.5112845]]]}},
{"type":"Feature","properties":{"highway":"footway","name":null,"category":"Footpath (pedestrian only)"},"geometry":{"type":"MultiLineString","coordinates":[[[-0.1567802,51.5116707],[-0.1567732,51.5116736]]]}},
{"type":"Feature","properties":{"highway":"footway","name":null,"category":"Footpath (pedestrian only)"},"geometry":{"type":"MultiLineString","coordinates":[[[-0.1575735,51.5121858],[-0.1575694,51.5121799]]]}},
{"type":"Feature","properties":{"highway":"footway","name":null,"category":"Footpath (pedestrian only)"},"geometry":{"type":"MultiLineString","coordinates":[[[-0.157228,51.5115068],[-0.1572225,51.5114972]]]}},
{"type":"Feature","properties":{"highway":"footway","name":null,"category":"Footpath (pedestrian only)"},"geometry":{"type":"MultiLineString","coordinates":[[[-0.1539681,51.511564],[-0.1539564,51.5115596],[-0.1539443,51.5115546],[-0.1539341,51.5115471],[-0.1538706,51.5114185],[-0.1538666,51.5114105],[-0.1538651,51.5114059],[-0.1538663,51.5114006],[-0.1538701,51.5113975],[-0.1538807,51.511394],[-0.1539592,51.5113806]]]}},
{"type":"Feature","properties":{"highway":"footway","name":null,"category":"Footpath (pedestrian only)"},"geometry":{"type":"MultiLineString","coordinates":[[[-0.1569264,51.5109728],[-0.156844,51.5108323],[-0.1566746,51.5105434],[-0.1566672,51.5105307]]]}},
{"type":"Feature","properties":{"highway":"footway","name":null,"category":"Footpath (pedestrian only)"},"geometry":{"type":"MultiLineString","coordinates":[[[-0.1566672,51.5105307],[-0.1566511,51.5105032],[-0.1566314,51.5104797]]]}},
{"type":"Feature","properties":{"highway":"footway","name":null,"category":"Footpath (pedestrian only)"},"geometry":{"type":"MultiLineString","coordinates":[[[-0.157203,51.5123346],[-0.1571781,51.5122868],[-0.1571609,51.5122554]]]}},
{"type":"Feature","properties":{"highway":"footway","name":null,"category":"Footpath (pedestrian only)"},"geometry":{"type":"MultiLineString","coordinates":[[[-0.1677937,51.5125639],[-0.1678751,51.5128812],[-0.1678971,51.512971],[-0.1678879,51.512991],[-0.1678664,51.513012],[-0.1678772,51.5130721],[-0.1679569,51.5133584],[-0.1680486,51.5136907],[-0.1680981,51.5138493],[-0.1681087,51.5138614],[-0.1681333,51.5138669],[-0.169071,51.5137644],[-0.1690741,51.5137597],[-0.1690773,51.5137547],[-0.1689997,51.5134559],[-0.1688942,51.5130739],[-0.1688878,51.5130653],[-0.1688784,51.5130384],[-0.1688042,51.5127665],[-0.1687281,51.5124766],[-0.1687118,51.5124672],[-0.1686862,51.5124636],[-0.168678,51.5124517]]]}},
{"type":"Feature","properties":{"highway":"footway","name":null,"category":"Footpath (pedestrian only)"},"geometry":{"type":"MultiLineString","coordinates":[[[-0.1677937,51.5125639],[-0.1677989,51.5125501],[-0.1678119,51.5125438],[-0.1685714,51.5124624]]]}},
{"type":"Feature","properties":{"highway":"footway","name":null,"category":"Footpath (pedestrian only)"},"geometry":{"type":"MultiLineString","coordinates":[[[-0.1677848,51.5125462],[-0.1677238,51.512549]]]}},
{"type":"Feature","properties":{"highway":"footway","name":null,"category":"Footpath (pedestrian only)"},"geometry":{"type":"MultiLineString","coordinates":[[[-0.1677989,51.5125501],[-0.1677848,51.5125462]]]}},
{"type":"Feature","properties":{"highway":"footway","name":null,"category":"Footpath (pedestrian only)"},"geometry":{"type":"MultiLineString","coordinates":[[[-0.1690873,51.5137678],[-0.1691724,51.5137596]]]}},
{"type":"Feature","properties":{"highway":"footway","name":null,"category":"Footpath (pedestrian only)"},"geometry":{"type":"MultiLineString","coordinates":[[[-0.1690741,51.5137597],[-0.1690873,51.5137678]]]}},
{"type":"Feature","properties":{"highway":"footway","name":null,"category":"Footpath (pedestrian only)"},"geometry":{"type":"MultiLineString","coordinates":[[[-0.1681057,51.5138743],[-0.1681294,51.5139143]]]}},
{"type":"Feature","properties":{"highway":"footway","name":null,"category":"Footpath (pedestrian only)"},"geometry":{"type":"MultiLineString","coordinates":[[[-0.1681087,51.5138614],[-0.1681057,51.5138743]]]}},
{"type":"Feature","properties":{"highway":"footway","name":null,"category":"Footpath (pedestrian only)"},"geometry":{"type":"MultiLineString","coordinates":[[[-0.1547475,51.5121684],[-0.1547039,51.5121879],[-0.1540255,51.5123153]]]}},
{"type":"Feature","properties":{"highway":"footway","name":null,"category":"Footpath (pedestrian only)"},"geometry":{"type":"MultiLineString","coordinates":[[[-0.1531821,51.5124031],[-0.1532507,51.5123681],[-0.1534337,51.5123236]]]}},
{"type":"Feature","properties":{"highway":"footway","name":null,"category":"Footpath (pedestrian only)"},"geometry":{"type":"MultiLineString","coordinates":[[[-0.1570943,51.5123561],[-0.1570871,51.5123446]]]}},
{"type":"Feature","properties":{"highway":"footway","name":null,"category":"Footpath (pedestrian only)"},"geometry":{"type":"MultiLineString","coordinates":[[[-0.1570566,51.5122701],[-0.157057,51.5122838]]]}},
{"type":"Feature","properties":{"highway":"footway","name":null,"category":"Footpath (pedestrian only)"},"geometry":{"type":"MultiLineString","coordinates":[[[-0.1570871,51.5123446],[-0.1570686,51.5123072],[-0.157057,51.5122838]]]}},
{"type":"Feature","properties":{"highway":"footway","name":null,"category":"Footpath (pedestrian only)"},"geometry":{"type":"MultiLineString","coordinates":[[[-0.1517963,51.5138537],[-0.1518844,51.5140245]]]}},
{"type":"Feature","properties":{"highway":"footway","name":null,"category":"Footpath (pedestrian only)"},"geometry":{"type":"MultiLineString","coordinates":[[[-0.1519244,51.5138644],[-0.1519971,51.5140108]]]}},
{"type":"Feature","properties":{"highway":"footway","name":null,"category":"Footpath (pedestrian only)"},"geometry":{"type":"MultiLineString","coordinates":[[[-0.1525276,51.5138618],[-0.1525762,51.5139436]]]}},
{"type":"Feature","properties":{"highway":"footway","name":null,"category":"Footpath (pedestrian only)"},"geometry":{"type":"MultiLineString","coordinates":[[[-0.152412,51.5138784],[-0.152451,51.5139582]]]}},
{"type":"Feature","properties":{"highway":"footway","name":null,"category":"Footpath (pedestrian only)"},"geometry":{"type":"MultiLineString","coordinates":[[[-0.1537601,51.5135413],[-0.1537222,51.5135504]]]}},
{"type":"Feature","properties":{"highway":"footway","name":null,"category":"Footpath (pedestrian only)"},"geometry":{"type":"MultiLineString","coordinates":[[[-0.1536084,51.5135802],[-0.1536186,51.5135694]]]}},
{"type":"Feature","properties":{"highway":"footway","name":null,"category":"Footpath (pedestrian only)"},"geometry":{"type":"MultiLineString","coordinates":[[[-0.1537222,51.5135504],[-0.1536628,51.5135607],[-0.1536186,51.5135694]]]}},
{"type":"Feature","properties":{"highway":"footway","name":null,"category":"Footpath (pedestrian only)"},"geometry":{"type":"MultiLineString","coordinates":[[[-0.153729,51.5134507],[-0.1536825,51.5134655]]]}},
{"type":"Feature","properties":{"highway":"footway","name":null,"category":"Footpath (pedestrian only)"},"geometry":{"type":"MultiLineString","coordinates":[[[-0.1535692,51.5134897],[-0.153598,51.5134846]]]}},
{"type":"Feature","properties":{"highway":"footway","name":null,"category":"Footpath (pedestrian only)"},"geometry":{"type":"MultiLineString","coordinates":[[[-0.1536825,51.5134655],[-0.1536268,51.5134791],[-0.153598,51.5134846]]]}},
{"type":"Feature","properties":{"highway":"footway","name":null,"category":"Footpath (pedestrian only)"},"geometry":{"type":"MultiLineString","coordinates":[[[-0.1547475,51.5121684],[-0.1547672,51.5121558],[-0.154777,51.5121443]]]}},
{"type":"Feature","properties":{"highway":"footway","name":null,"category":"Footpath (pedestrian only)"},"geometry":{"type":"MultiLineString","coordinates":[[[-0.1540255,51.5123153],[-0.1538546,51.5123407],[-0.1536751,51.5123737],[-0.1535955,51.5123831],[-0.1535662,51.5123704],[-0.1535561,51.5123571],[-0.1535438,51.512336],[-0.1535241,51.5123077],[-0.1534337,51.5123236]]]}},
{"type":"Feature","properties":{"highway":"footway","name":null,"category":"Footpath (pedestrian only)"},"geometry":{"type":"MultiLineString","coordinates":[[[-0.1555463,51.5126418],[-0.1555352,51.5126181]]]}},
{"type":"Feature","properties":{"highway":"footway","name":null,"category":"Footpath (pedestrian only)"},"geometry":{"type":"MultiLineString","coordinates":[[[-0.1554935,51.5125549],[-0.1555083,51.5125676]]]}},
{"type":"Feature","properties":{"highway":"footway","name":null,"category":"Footpath (pedestrian only)"},"geometry":{"type":"MultiLineString","coordinates":[[[-0.1555352,51.5126181],[-0.1555252,51.5125919],[-0.1555083,51.5125676]]]}},
{"type":"Feature","properties":{"highway":"footway","name":null,"category":"Footpath (pedestrian only)"},"geometry":{"type":"MultiLineString","coordinates":[[[-0.1553855,51.5126717],[-0.1553773,51.5126526]]]}},
{"type":"Feature","properties":{"highway":"footway","name":null,"category":"Footpath (pedestrian only)"},"geometry":{"type":"MultiLineString","coordinates":[[[-0.1553329,51.5125838],[-0.1553434,51.5125979]]]}},
{"type":"Feature","properties":{"highway":"footway","name":null,"category":"Footpath (pedestrian only)"},"geometry":{"type":"MultiLineString","coordinates":[[[-0.1553773,51.5126526],[-0.1553608,51.5126199],[-0.1553434,51.5125979]]]}},
{"type":"Feature","properties":{"highway":"footway","name":null,"category":"Footpath (pedestrian only)"},"geometry":{"type":"MultiLineString","coordinates":[[[-0.1583145,51.5130134],[-0.1582497,51.5128986],[-0.1582466,51.5128585],[-0.158256,51.5128252],[-0.1582821,51.5127908],[-0.1583274,51.5127651],[-0.1583986,51.5127444],[-0.1585377,51.5127185]]]}},
{"type":"Feature","properties":{"highway":"footway","name":null,"category":"Footpath (pedestrian only)"},"geometry":{"type":"MultiLineString","coordinates":[[[-0.1608871,51.5125001],[-0.1608406,51.5124831],[-0.1608046,51.5124747],[-0.1607633,51.51247],[-0.1607261,51.512467],[-0.1606828,51.512467],[-0.1604772,51.5124868]]]}},
{"type":"Feature","properties":{"highway":"footway","name":null,"category":"Footpath (pedestrian only)"},"geometry":{"type":"MultiLineString","coordinates":[[[-0.159801,51.5125904],[-0.1598135,51.5125817],[-0.1598469,51.512572],[-0.1604772,51.5124868]]]}},
{"type":"Feature","properties":{"highway":"footway","name":null,"category":"Footpath (pedestrian only)"},"geometry":{"type":"MultiLineString","coordinates":[[[-0.159951,51.5130461],[-0.159967,51.5129907]]]}},
{"type":"Feature","properties":{"highway":"footway","name":null,"category":"Footpath (pedestrian only)"},"geometry":{"type":"MultiLineString","coordinates":[[[-0.159801,51.5125904],[-0.1598011,51.5126001],[-0.159827,51.5126253],[-0.159967,51.5129907]]]}},
{"type":"Feature","properties":{"highway":"footway","name":null,"category":"Footpath (pedestrian only)"},"geometry":{"type":"MultiLineString","coordinates":[[[-0.1597072,51.5131794],[-0.1597453,51.5131795],[-0.1598112,51.5131791]]]}},
{"type":"Feature","properties":{"highway":"footway","name":null,"category":"Footpath (pedestrian only)"},"geometry":{"type":"MultiLineString","coordinates":[[[-0.1596726,51.5131649],[-0.1597072,51.5131794]]]}},
{"type":"Feature","properties":{"highway":"footway","name":null,"category":"Footpath (pedestrian only)"},"geometry":{"type":"MultiLineString","coordinates":[[[-0.1598112,51.5131791],[-0.159833,51.5131765],[-0.1598661,51.5131537],[-0.1599193,51.513095],[-0.159951,51.5130461]]]}},
{"type":"Feature","properties":{"highway":"footway","name":null,"category":"Footpath (pedestrian only)"},"geometry":{"type":"MultiLineString","coordinates":[[[-0.1591043,51.5132479],[-0.1589328,51.5132644],[-0.1587696,51.5132856],[-0.1587075,51.5132927],[-0.1586543,51.5132943],[-0.1586033,51.5132913],[-0.1585273,51.5132653],[-0.1584938,51.5132533],[-0.1584464,51.5132308],[-0.1584204,51.513199],[-0.1583828,51.5131399],[-0.1583145,51.5130134]]]}},
{"type":"Feature","properties":{"highway":"footway","name":null,"category":"Footpath (pedestrian only)"},"geometry":{"type":"MultiLineString","coordinates":[[[-0.1631235,51.51389],[-0.1631226,51.5138763],[-0.1629233,51.5135063]]]}},
{"type":"Feature","properties":{"highway":"footway","name":null,"category":"Footpath (pedestrian only)"},"geometry":{"type":"MultiLineString","coordinates":[[[-0.1629233,51.5135063],[-0.1628994,51.5134734],[-0.1628713,51.5134286]]]}},
{"type":"Feature","properties":{"highway":"footway","name":null,"category":"Footpath (pedestrian only)"},"geometry":{"type":"MultiLineString","coordinates":[[[-0.1631329,51.5139074],[-0.1631235,51.51389]]]}},
{"type":"Feature","properties":{"highway":"footway","name":null,"category":"Footpath (pedestrian only)"},"geometry":{"type":"MultiLineString","coordinates":[[[-0.159833,51.5131765],[-0.1598565,51.5131779],[-0.1599404,51.5131699],[-0.1602099,51.5131524],[-0.1602377,51.5131486],[-0.1603154,51.5131443],[-0.1606275,51.5131198],[-0.1609032,51.5130855],[-0.1611885,51.5130568],[-0.1612216,51.5130503],[-0.1612529,51.513039],[-0.1612788,51.5130243],[-0.161308,51.5129956]]]}},
{"type":"Feature","properties":{"highway":"footway","name":null,"category":"Footpath (pedestrian only)"},"geometry":{"type":"MultiLineString","coordinates":[[[-0.150839,51.5159758],[-0.1508334,51.5159596]]]}},
{"type":"Feature","properties":{"highway":"footway","name":null,"category":"Footpath (pedestrian only)"},"geometry":{"type":"MultiLineString","coordinates":[[[-0.1509245,51.5159172],[-0.1509409,51.5159149]]]}},
{"type":"Feature","properties":{"highway":"footway","name":null,"category":"Footpath (pedestrian only)"},"geometry":{"type":"MultiLineString","coordinates":[[[-0.167833,51.5135255],[-0.1679256,51.5138634]]]}},
{"type":"Feature","properties":{"highway":"footway","name":null,"category":"Footpath (pedestrian only)"},"geometry":{"type":"MultiLineString","coordinates":[[[-0.1675192,51.5125549],[-0.1676174,51.5128997],[-0.1676296,51.5129454],[-0.1676424,51.5129638],[-0.167659,51.5129782],[-0.1676769,51.5129897],[-0.1676942,51.5130012],[-0.1677072,51.513016]]]}},
{"type":"Feature","properties":{"highway":"footway","name":null,"category":"Footpath (pedestrian only)"},"geometry":{"type":"MultiLineString","coordinates":[[[-0.167833,51.5135255],[-0.1677072,51.513016]]]}},
{"type":"Feature","properties":{"highway":"footway","name":null,"category":"Footpath (pedestrian only)"},"geometry":{"type":"MultiLineString","coordinates":[[[-0.1681658,51.5148267],[-0.1681118,51.5145646]]]}},
{"type":"Feature","properties":{"highway":"footway","name":null,"category":"Footpath (pedestrian only)"},"geometry":{"type":"MultiLineString","coordinates":[[[-0.1681454,51.514837],[-0.168158,51.514834],[-0.1681658,51.5148267]]]}},
{"type":"Feature","properties":{"highway":"footway","name":null,"category":"Footpath (pedestrian only)"},"geometry":{"type":"MultiLineString","coordinates":[[[-0.1677538,51.5148486],[-0.1678097,51.5148712],[-0.1681454,51.514837]]]}},
{"type":"Feature","properties":{"highway":"footway","name":null,"category":"Footpath (pedestrian only)"},"geometry":{"type":"MultiLineString","coordinates":[[[-0.1677538,51.5148486],[-0.1675385,51.5146938],[-0.1671576,51.5144241],[-0.1671467,51.5144143],[-0.1671398,51.514402],[-0.1671335,51.5143805],[-0.1671337,51.5143611]]]}},
{"type":"Feature","properties":{"highway":"footway","name":null,"category":"Footpath (pedestrian only)"},"geometry":{"type":"MultiLineString","coordinates":[[[-0.167572,51.5141698],[-0.1672932,51.5142125],[-0.1670952,51.5142492]]]}},
{"type":"Feature","properties":{"highway":"footway","name":null,"category":"Footpath (pedestrian only)"},"geometry":{"type":"MultiLineString","coordinates":[[[-0.1670573,51.5142477],[-0.1670688,51.5142533],[-0.1670952,51.5142492]]]}},
{"type":"Feature","properties":{"highway":"footway","name":null,"category":"Footpath (pedestrian only)"},"geometry":{"type":"MultiLineString","coordinates":[[[-0.1670573,51.5142477],[-0.1669596,51.5138603],[-0.166764,51.5131248],[-0.1666366,51.5126376]]]}},
{"type":"Feature","properties":{"highway":"footway","name":null,"category":"Footpath (pedestrian only)"},"geometry":{"type":"MultiLineString","coordinates":[[[-0.1679784,51.514072],[-0.1679733,51.5140472],[-0.1679589,51.5139943]]]}},
{"type":"Feature","properties":{"highway":"footway","name":null,"category":"Footpath (pedestrian only)"},"geometry":{"type":"MultiLineString","coordinates":[[[-0.1679784,51.514072],[-0.1679748,51.5140878],[-0.1679581,51.5141025],[-0.1679457,51.5141094]]]}},
{"type":"Feature","properties":{"highway":"footway","name":null,"category":"Footpath (pedestrian only)"},"geometry":{"type":"MultiLineString","coordinates":[[[-0.1679457,51.5141094],[-0.167572,51.5141698]]]}},
{"type":"Feature","properties":{"highway":"footway","name":null,"category":"Footpath (pedestrian only)"},"geometry":{"type":"MultiLineString","coordinates":[[[-0.1679589,51.5139943],[-0.1679468,51.5139456]]]}},
{"type":"Feature","properties":{"highway":"footway","name":null,"category":"Footpath (pedestrian only)"},"geometry":{"type":"MultiLineString","coordinates":[[[-0.1679468,51.5139456],[-0.1679256,51.5138634]]]}},
{"type":"Feature","properties":{"highway":"footway","name":null,"category":"Footpath (pedestrian only)"},"geometry":{"type":"MultiLineString","coordinates":[[[-0.1680966,51.5144361],[-0.1681118,51.5145646]]]}},
{"type":"Feature","properties":{"highway":"footway","name":null,"category":"Footpath (pedestrian only)"},"geometry":{"type":"MultiLineString","coordinates":[[[-0.1680966,51.5144361],[-0.1680919,51.5144085],[-0.168071,51.514332],[-0.168038,51.5142551]]]}},
{"type":"Feature","properties":{"highway":"footway","name":null,"category":"Footpath (pedestrian only)"},"geometry":{"type":"MultiLineString","coordinates":[[[-0.168038,51.5142551],[-0.168017,51.5142347],[-0.1679886,51.5142181],[-0.1671337,51.5143611],[-0.1670099,51.5143834]]]}},
{"type":"Feature","properties":{"highway":"footway","name":null,"category":"Footpath (pedestrian only)"},"geometry":{"type":"MultiLineString","coordinates":[[[-0.1669694,51.5142669],[-0.1670342,51.514253]]]}},
{"type":"Feature","properties":{"highway":"footway","name":null,"category":"Footpath (pedestrian only)"},"geometry":{"type":"MultiLineString","coordinates":[[[-0.1681852,51.5148253],[-0.1682499,51.5148207]]]}},
{"type":"Feature","properties":{"highway":"footway","name":null,"category":"Footpath (pedestrian only)"},"geometry":{"type":"MultiLineString","coordinates":[[[-0.1681658,51.5148267],[-0.1681852,51.5148253]]]}},
{"type":"Feature","properties":{"highway":"footway","name":null,"category":"Footpath (pedestrian only)"},"geometry":{"type":"MultiLineString","coordinates":[[[-0.1679863,51.5142023],[-0.1679614,51.5141437],[-0.1679507,51.5141212]]]}},
{"type":"Feature","properties":{"highway":"footway","name":null,"category":"Footpath (pedestrian only)"},"geometry":{"type":"MultiLineString","coordinates":[[[-0.1679886,51.5142181],[-0.1679863,51.5142023]]]}},
{"type":"Feature","properties":{"highway":"footway","name":null,"category":"Footpath (pedestrian only)"},"geometry":{"type":"MultiLineString","coordinates":[[[-0.1679507,51.5141212],[-0.1679457,51.5141094]]]}},
{"type":"Feature","properties":{"highway":"footway","name":null,"category":"Footpath (pedestrian only)"},"geometry":{"type":"MultiLineString","coordinates":[[[-0.1670342,51.514253],[-0.1670573,51.5142477]]]}},
{"type":"Feature","properties":{"highway":"footway","name":"Hyde Park Place","category":"Footpath (pedestrian only)"},"geometry":{"type":"MultiLineString","coordinates":[[[-0.1675314,51.5125536],[-0.1675891,51.5125478]]]}},
{"type":"Feature","properties":{"highway":"footway","name":null,"category":"Footpath (pedestrian only)"},"geometry":{"type":"MultiLineString","coordinates":[[[-0.1632946,51.5138803],[-0.1632403,51.513804],[-0.1631624,51.5136694],[-0.1631456,51.5136438],[-0.1629958,51.5134114],[-0.1628181,51.5131193],[-0.1627787,51.5130515]]]}},
{"type":"Feature","properties":{"highway":"footway","name":"Connaught Street","category":"Footpath (pedestrian only)"},"geometry":{"type":"MultiLineString","coordinates":[[[-0.1669068,51.5142754],[-0.1669694,51.5142669]]]}},
{"type":"Feature","properties":{"highway":"footway","name":null,"category":"Footpath (pedestrian only)"},"geometry":{"type":"MultiLineString","coordinates":[[[-0.166889,51.5142862],[-0.1668419,51.5141451],[-0.1668306,51.5140868],[-0.1667206,51.5136098],[-0.1665075,51.5127182],[-0.166478,51.5126984],[-0.1664588,51.512656]]]}},
{"type":"Feature","properties":{"highway":"footway","name":null,"category":"Footpath (pedestrian only)"},"geometry":{"type":"MultiLineString","coordinates":[[[-0.1606377,51.5148676],[-0.1610877,51.5147941]]]}},
{"type":"Feature","properties":{"highway":"footway","name":null,"category":"Footpath (pedestrian only)"},"geometry":{"type":"MultiLineString","coordinates":[[[-0.1588687,51.5153687],[-0.1587475,51.5151055]]]}},
{"type":"Feature","properties":{"highway":"footway","name":null,"category":"Footpath (pedestrian only)"},"geometry":{"type":"MultiLineString","coordinates":[[[-0.1586688,51.5152038],[-0.158672,51.5152013],[-0.1586739,51.5151975]]]}},
{"type":"Feature","properties":{"highway":"footway","name":null,"category":"Footpath (pedestrian only)"},"geometry":{"type":"MultiLineString","coordinates":[[[-0.1586739,51.5151975],[-0.1586139,51.5150511]]]}},
{"type":"Feature","properties":{"highway":"footway","name":null,"category":"Footpath (pedestrian only)"},"geometry":{"type":"MultiLineString","coordinates":[[[-0.1583026,51.5152604],[-0.1583287,51.515264],[-0.158353,51.5152625],[-0.1586688,51.5152038]]]}},
{"type":"Feature","properties":{"highway":"footway","name":null,"category":"Footpath (pedestrian only)"},"geometry":{"type":"MultiLineString","coordinates":[[[-0.1586686,51.5152326],[-0.1586871,51.5152315],[-0.1586959,51.5152347],[-0.1587016,51.5152414],[-0.1587103,51.5152579],[-0.1587897,51.5154314]]]}},
{"type":"Feature","properties":{"highway":"footway","name":null,"category":"Footpath (pedestrian only)"},"geometry":{"type":"MultiLineString","coordinates":[[[-0.1583311,51.5153224],[-0.1583416,51.5153082],[-0.1583493,51.5152994],[-0.1583594,51.5152922],[-0.158371,51.5152874],[-0.1586686,51.5152326]]]}},
{"type":"Feature","properties":{"highway":"footway","name":null,"category":"Footpath (pedestrian only)"},"geometry":{"type":"MultiLineString","coordinates":[[[-0.1610983,51.5148248],[-0.1609891,51.5148429],[-0.1607758,51.5148801],[-0.1606516,51.5149007]]]}},
{"type":"Feature","properties":{"highway":"footway","name":null,"category":"Footpath (pedestrian only)"},"geometry":{"type":"MultiLineString","coordinates":[[[-0.1587897,51.5154314],[-0.1588005,51.515454],[-0.1588072,51.515458],[-0.1588165,51.5154592],[-0.1588433,51.5154571],[-0.1588796,51.5154497],[-0.1588929,51.5154455],[-0.1588982,51.5154378],[-0.1588938,51.5154244],[-0.1588687,51.5153687]]]}},
{"type":"Feature","properties":{"highway":"footway","name":null,"category":"Footpath (pedestrian only)"},"geometry":{"type":"MultiLineString","coordinates":[[[-0.1587475,51.5151055],[-0.1587076,51.5150211],[-0.1586838,51.5149681],[-0.158675,51.514956],[-0.1586664,51.5149506],[-0.158655,51.5149502],[-0.1586106,51.5149541],[-0.158593,51.5149592],[-0.1585824,51.5149646],[-0.1585793,51.514974],[-0.1585886,51.5150028],[-0.1586037,51.5150347],[-0.1586139,51.5150511]]]}},
{"type":"Feature","properties":{"highway":"footway","name":null,"category":"Footpath (pedestrian only)"},"geometry":{"type":"MultiLineString","coordinates":[[[-0.1582019,51.5143765],[-0.1581905,51.5143895],[-0.1581878,51.5144119],[-0.1582017,51.5144547],[-0.158308,51.5146817],[-0.1583208,51.5146887],[-0.1583383,51.5146976]]]}},
{"type":"Feature","properties":{"highway":"footway","name":null,"category":"Footpath (pedestrian only)"},"geometry":{"type":"MultiLineString","coordinates":[[[-0.1580441,51.5143498],[-0.1580479,51.5143716],[-0.1580779,51.5144491],[-0.1581668,51.5146326],[-0.1581937,51.5146848],[-0.1581993,51.5147046],[-0.1581947,51.5147213]]]}},
{"type":"Feature","properties":{"highway":"footway","name":null,"category":"Footpath (pedestrian only)"},"geometry":{"type":"MultiLineString","coordinates":[[[-0.1620183,51.5151017],[-0.1619995,51.5151051]]]}},
{"type":"Feature","properties":{"highway":"footway","name":null,"category":"Footpath (pedestrian only)"},"geometry":{"type":"MultiLineString","coordinates":[[[-0.1620183,51.5151017],[-0.1620283,51.5150999]]]}},
{"type":"Feature","properties":{"highway":"footway","name":null,"category":"Footpath (pedestrian only)"},"geometry":{"type":"MultiLineString","coordinates":[[[-0.1600736,51.5155759],[-0.1600935,51.5155729]]]}},
{"type":"Feature","properties":{"highway":"footway","name":null,"category":"Footpath (pedestrian only)"},"geometry":{"type":"MultiLineString","coordinates":[[[-0.160005,51.5153982],[-0.1599834,51.5154022]]]}},
{"type":"Feature","properties":{"highway":"footway","name":null,"category":"Footpath (pedestrian only)"},"geometry":{"type":"MultiLineString","coordinates":[[[-0.1598311,51.5154315],[-0.1598047,51.5154366]]]}},
{"type":"Feature","properties":{"highway":"footway","name":null,"category":"Footpath (pedestrian only)"},"geometry":{"type":"MultiLineString","coordinates":[[[-0.1610963,51.514819],[-0.1610907,51.5148033],[-0.1610892,51.5147987]]]}},
{"type":"Feature","properties":{"highway":"footway","name":null,"category":"Footpath (pedestrian only)"},"geometry":{"type":"MultiLineString","coordinates":[[[-0.1610892,51.5147987],[-0.1610877,51.5147941],[-0.1610846,51.5147846]]]}},
{"type":"Feature","properties":{"highway":"footway","name":null,"category":"Footpath (pedestrian only)"},"geometry":{"type":"MultiLineString","coordinates":[[[-0.1574799,51.5151198],[-0.1574554,51.5151243]]]}},
{"type":"Feature","properties":{"highway":"footway","name":null,"category":"Footpath (pedestrian only)"},"geometry":{"type":"MultiLineString","coordinates":[[[-0.1574144,51.5149721],[-0.1574063,51.5149735]]]}},
{"type":"Feature","properties":{"highway":"footway","name":null,"category":"Footpath (pedestrian only)"},"geometry":{"type":"MultiLineString","coordinates":[[[-0.1581183,51.5148519],[-0.1581098,51.5148533]]]}},
{"type":"Feature","properties":{"highway":"footway","name":null,"category":"Footpath (pedestrian only)"},"geometry":{"type":"MultiLineString","coordinates":[[[-0.1580285,51.5148653],[-0.1580169,51.514867]]]}},
{"type":"Feature","properties":{"highway":"footway","name":null,"category":"Footpath (pedestrian only)"},"geometry":{"type":"MultiLineString","coordinates":[[[-0.1634553,51.5160291],[-0.1634424,51.5160305]]]}},
{"type":"Feature","properties":{"highway":"footway","name":null,"category":"Footpath (pedestrian only)"},"geometry":{"type":"MultiLineString","coordinates":[[[-0.1531466,51.5151837],[-0.1524187,51.5153061]]]}},
{"type":"Feature","properties":{"highway":"footway","name":null,"category":"Footpath (pedestrian only)"},"geometry":{"type":"MultiLineString","coordinates":[[[-0.1520417,51.5153793],[-0.1524187,51.5153061]]]}},
{"type":"Feature","properties":{"highway":"footway","name":null,"category":"Footpath (pedestrian only)"},"geometry":{"type":"MultiLineString","coordinates":[[[-0.1547445,51.5163328],[-0.1547433,51.5163302]]]}},
{"type":"Feature","properties":{"highway":"footway","name":null,"category":"Footpath (pedestrian only)"},"geometry":{"type":"MultiLineString","coordinates":[[[-0.154761,51.5163022],[-0.1547514,51.5163041]]]}},
{"type":"Feature","properties":{"highway":"footway","name":null,"category":"Footpath (pedestrian only)"},"geometry":{"type":"MultiLineString","coordinates":[[[-0.153766,51.5140305],[-0.1537515,51.5140326]]]}},
{"type":"Feature","properties":{"highway":"footway","name":null,"category":"Footpath (pedestrian only)"},"geometry":{"type":"MultiLineString","coordinates":[[[-0.1510968,51.5159162],[-0.1510917,51.5159032]]]}},
{"type":"Feature","properties":{"highway":"footway","name":null,"category":"Footpath (pedestrian only)"},"geometry":{"type":"MultiLineString","coordinates":[[[-0.1510263,51.5158988],[-0.1510357,51.515897]]]}},
{"type":"Feature","properties":{"highway":"footway","name":null,"category":"Footpath (pedestrian only)"},"geometry":{"type":"MultiLineString","coordinates":[[[-0.1517624,51.5152029],[-0.1517592,51.5151969]]]}},
{"type":"Feature","properties":{"highway":"footway","name":null,"category":"Footpath (pedestrian only)"},"geometry":{"type":"MultiLineString","coordinates":[[[-0.1518035,51.5152688],[-0.1518013,51.5152655],[-0.1517989,51.5152619]]]}},
{"type":"Feature","properties":{"highway":"footway","name":null,"category":"Footpath (pedestrian only)"},"geometry":{"type":"MultiLineString","coordinates":[[[-0.1660564,51.5148833],[-0.1663143,51.5147323],[-0.1663983,51.5146831]]]}},
{"type":"Feature","properties":{"highway":"footway","name":null,"category":"Footpath (pedestrian only)"},"geometry":{"type":"MultiLineString","coordinates":[[[-0.1651284,51.5147055],[-0.1661363,51.5145238]]]}},
{"type":"Feature","properties":{"highway":"footway","name":null,"category":"Footpath (pedestrian only)"},"geometry":{"type":"MultiLineString","coordinates":[[[-0.1651284,51.5147055],[-0.1650897,51.5147032]]]}},
{"type":"Feature","properties":{"highway":"footway","name":null,"category":"Footpath (pedestrian only)"},"geometry":{"type":"MultiLineString","coordinates":[[[-0.1659112,51.514822],[-0.1660672,51.514728]]]}},
{"type":"Feature","properties":{"highway":"footway","name":null,"category":"Footpath (pedestrian only)"},"geometry":{"type":"MultiLineString","coordinates":[[[-0.1655375,51.5150064],[-0.1655568,51.5150119],[-0.1655833,51.5149977],[-0.1659112,51.514822]]]}},
{"type":"Feature","properties":{"highway":"footway","name":null,"category":"Footpath (pedestrian only)"},"geometry":{"type":"MultiLineString","coordinates":[[[-0.1651284,51.5147055],[-0.1655214,51.5149946],[-0.1655375,51.5150064]]]}},
{"type":"Feature","properties":{"highway":"footway","name":null,"category":"Footpath (pedestrian only)"},"geometry":{"type":"MultiLineString","coordinates":[[[-0.166348,51.514508],[-0.1663618,51.5145345],[-0.1663613,51.5145507],[-0.1663541,51.5145635],[-0.1663418,51.5145796]]]}},
{"type":"Feature","properties":{"highway":"footway","name":null,"category":"Footpath (pedestrian only)"},"geometry":{"type":"MultiLineString","coordinates":[[[-0.1663418,51.5145796],[-0.1663071,51.514603]]]}},
{"type":"Feature","properties":{"highway":"footway","name":null,"category":"Footpath (pedestrian only)"},"geometry":{"type":"MultiLineString","coordinates":[[[-0.166348,51.514508],[-0.1663273,51.5144908],[-0.1663164,51.5144912]]]}},
{"type":"Feature","properties":{"highway":"footway","name":null,"category":"Footpath (pedestrian only)"},"geometry":{"type":"MultiLineString","coordinates":[[[-0.1663164,51.5144912],[-0.1663141,51.5144908]]]}},
{"type":"Feature","properties":{"highway":"footway","name":null,"category":"Footpath (pedestrian only)"},"geometry":{"type":"MultiLineString","coordinates":[[[-0.1675432,51.5148539],[-0.1675699,51.5148608]]]}},
{"type":"Feature","properties":{"highway":"footway","name":null,"category":"Footpath (pedestrian only)"},"geometry":{"type":"MultiLineString","coordinates":[[[-0.1675432,51.5148539],[-0.1675023,51.5148852],[-0.1672557,51.5150319]]]}},
{"type":"Feature","properties":{"highway":"footway","name":null,"category":"Footpath (pedestrian only)"},"geometry":{"type":"MultiLineString","coordinates":[[[-0.1663261,51.5155546],[-0.1672557,51.5150319]]]}},
{"type":"Feature","properties":{"highway":"footway","name":null,"category":"Footpath (pedestrian only)"},"geometry":{"type":"MultiLineString","coordinates":[[[-0.1656872,51.5151165],[-0.1656932,51.5150948],[-0.1657092,51.5150793],[-0.1657117,51.515077],[-0.1658337,51.5150032],[-0.1659319,51.514953],[-0.1660066,51.5149147],[-0.1660319,51.5148987],[-0.1660564,51.5148833]]]}},
{"type":"Feature","properties":{"highway":"footway","name":null,"category":"Footpath (pedestrian only)"},"geometry":{"type":"MultiLineString","coordinates":[[[-0.1675699,51.5148608],[-0.1676031,51.5148784]]]}},
{"type":"Feature","properties":{"highway":"footway","name":null,"category":"Footpath (pedestrian only)"},"geometry":{"type":"MultiLineString","coordinates":[[[-0.1663141,51.5144908],[-0.1662323,51.5145064],[-0.1661363,51.5145238]]]}},
{"type":"Feature","properties":{"highway":"footway","name":null,"category":"Footpath (pedestrian only)"},"geometry":{"type":"MultiLineString","coordinates":[[[-0.1663071,51.514603],[-0.1660672,51.514728]]]}},
{"type":"Feature","properties":{"highway":"footway","name":null,"category":"Footpath (pedestrian only)"},"geometry":{"type":"MultiLineString","coordinates":[[[-0.1650897,51.5147032],[-0.1650232,51.5147214]]]}},
{"type":"Feature","properties":{"highway":"footway","name":null,"category":"Footpath (pedestrian only)"},"geometry":{"type":"MultiLineString","coordinates":[[[-0.1675432,51.5148539],[-0.167552,51.5148468],[-0.1675552,51.5148396],[-0.1675512,51.5148308],[-0.1675364,51.5148158],[-0.1672662,51.514631],[-0.1671268,51.5145386],[-0.1669122,51.5143968]]]}},
{"type":"Feature","properties":{"highway":"footway","name":null,"category":"Footpath (pedestrian only)"},"geometry":{"type":"MultiLineString","coordinates":[[[-0.165694,51.5150745],[-0.1656365,51.5150371],[-0.1655907,51.5150137]]]}},
{"type":"Feature","properties":{"highway":"footway","name":null,"category":"Footpath (pedestrian only)"},"geometry":{"type":"MultiLineString","coordinates":[[[-0.1657092,51.5150793],[-0.165694,51.5150745]]]}},
{"type":"Feature","properties":{"highway":"footway","name":null,"category":"Footpath (pedestrian only)"},"geometry":{"type":"MultiLineString","coordinates":[[[-0.1655907,51.5150137],[-0.1655833,51.5149977]]]}},
{"type":"Feature","properties":{"highway":"footway","name":null,"category":"Footpath (pedestrian only)"},"geometry":{"type":"MultiLineString","coordinates":[[[-0.1655122,51.5150082],[-0.1654744,51.5150328]]]}},
{"type":"Feature","properties":{"highway":"footway","name":null,"category":"Footpath (pedestrian only)"},"geometry":{"type":"MultiLineString","coordinates":[[[-0.1655214,51.5149946],[-0.1655122,51.5150082]]]}},
{"type":"Feature","properties":{"highway":"footway","name":null,"category":"Footpath (pedestrian only)"},"geometry":{"type":"MultiLineString","coordinates":[[[-0.1655141,51.5151744],[-0.1654601,51.5151375],[-0.1654211,51.5151094]]]}},
{"type":"Feature","properties":{"highway":"footway","name":null,"category":"Footpath (pedestrian only)"},"geometry":{"type":"MultiLineString","coordinates":[[[-0.1654211,51.5151094],[-0.1654173,51.5150983]]]}},
{"type":"Feature","properties":{"highway":"footway","name":null,"category":"Footpath (pedestrian only)"},"geometry":{"type":"MultiLineString","coordinates":[[[-0.1655302,51.515181],[-0.1655141,51.5151744]]]}},
{"type":"Feature","properties":{"highway":"footway","name":null,"category":"Footpath (pedestrian only)"},"geometry":{"type":"MultiLineString","coordinates":[[[-0.1669122,51.5143968],[-0.1668802,51.5143865],[-0.1668437,51.5143756],[-0.1667951,51.5143802],[-0.1666876,51.5144046],[-0.1665524,51.5144408],[-0.1664598,51.5144664],[-0.1664406,51.5144655]]]}},
{"type":"Feature","properties":{"highway":"footway","name":null,"category":"Footpath (pedestrian only)"},"geometry":{"type":"MultiLineString","coordinates":[[[-0.1663433,51.5144809],[-0.1663273,51.5144908]]]}},
{"type":"Feature","properties":{"highway":"footway","name":null,"category":"Footpath (pedestrian only)"},"geometry":{"type":"MultiLineString","coordinates":[[[-0.1664406,51.5144655],[-0.1663842,51.5144744],[-0.1663433,51.5144809]]]}},
{"type":"Feature","properties":{"highway":"footway","name":null,"category":"Footpath (pedestrian only)"},"geometry":{"type":"MultiLineString","coordinates":[[[-0.1651365,51.5148655],[-0.1654264,51.5150646]]]}},
{"type":"Feature","properties":{"highway":"footway","name":null,"category":"Footpath (pedestrian only)"},"geometry":{"type":"MultiLineString","coordinates":[[[-0.1651365,51.5148655],[-0.164975,51.5147437],[-0.1649429,51.5147193]]]}},
{"type":"Feature","properties":{"highway":"footway","name":null,"category":"Footpath (pedestrian only)"},"geometry":{"type":"MultiLineString","coordinates":[[[-0.1649893,51.5147363],[-0.1650232,51.5147214]]]}},
{"type":"Feature","properties":{"highway":"footway","name":null,"category":"Footpath (pedestrian only)"},"geometry":{"type":"MultiLineString","coordinates":[[[-0.164975,51.5147437],[-0.1649893,51.5147363]]]}},
{"type":"Feature","properties":{"highway":"footway","name":null,"category":"Footpath (pedestrian only)"},"geometry":{"type":"MultiLineString","coordinates":[[[-0.1648678,51.5155546],[-0.1646507,51.5156806]]]}},
{"type":"Feature","properties":{"highway":"footway","name":null,"category":"Footpath (pedestrian only)"},"geometry":{"type":"MultiLineString","coordinates":[[[-0.1649285,51.51552],[-0.1648985,51.5155368],[-0.1648678,51.5155546]]]}},
{"type":"Feature","properties":{"highway":"footway","name":null,"category":"Footpath (pedestrian only)"},"geometry":{"type":"MultiLineString","coordinates":[[[-0.1650522,51.5154507],[-0.1649285,51.51552]]]}},
{"type":"Feature","properties":{"highway":"footway","name":null,"category":"Footpath (pedestrian only)"},"geometry":{"type":"MultiLineString","coordinates":[[[-0.1651228,51.5154113],[-0.1651019,51.5154229],[-0.1650522,51.5154507]]]}},
{"type":"Feature","properties":{"highway":"footway","name":null,"category":"Footpath (pedestrian only)"},"geometry":{"type":"MultiLineString","coordinates":[[[-0.1655602,51.5151679],[-0.1655302,51.515181],[-0.1655281,51.5151817],[-0.1653509,51.515284]]]}},
{"type":"Feature","properties":{"highway":"footway","name":null,"category":"Footpath (pedestrian only)"},"geometry":{"type":"MultiLineString","coordinates":[[[-0.1653509,51.515284],[-0.165318,51.515303],[-0.1652758,51.5153264]]]}},
{"type":"Feature","properties":{"highway":"footway","name":null,"category":"Footpath (pedestrian only)"},"geometry":{"type":"MultiLineString","coordinates":[[[-0.1672351,51.5155742],[-0.1676707,51.5153254],[-0.1677268,51.5152844],[-0.1677506,51.5152394],[-0.1677176,51.5151971],[-0.1675131,51.5150462],[-0.1674909,51.5150182],[-0.1676616,51.5149228],[-0.1676668,51.5149199],[-0.1676832,51.5149148],[-0.1677352,51.5149415],[-0.1677547,51.5149546],[-0.1678028,51.5149795]]]}},
{"type":"Feature","properties":{"highway":"footway","name":null,"category":"Footpath (pedestrian only)"},"geometry":{"type":"MultiLineString","coordinates":[[[-0.1678479,51.5150098],[-0.1678958,51.5149982],[-0.16805,51.5149777],[-0.1682308,51.514968],[-0.1683426,51.5149724],[-0.1684648,51.5149959],[-0.1685887,51.5150409],[-0.1688007,51.5151418],[-0.1689095,51.5152414],[-0.1689438,51.5152792],[-0.1689906,51.5153638],[-0.1690327,51.5155061],[-0.1689986,51.5156611],[-0.1689539,51.5157321]]]}},
{"type":"Feature","properties":{"highway":"footway","name":null,"category":"Footpath (pedestrian only)"},"geometry":{"type":"MultiLineString","coordinates":[[[-0.1689539,51.5157321],[-0.1689527,51.5157579],[-0.1689843,51.5157844],[-0.169055,51.5158391]]]}},
{"type":"Feature","properties":{"highway":"footway","name":null,"category":"Footpath (pedestrian only)"},"geometry":{"type":"MultiLineString","coordinates":[[[-0.1676031,51.5148784],[-0.1676557,51.5149116]]]}},
{"type":"Feature","properties":{"highway":"footway","name":null,"category":"Footpath (pedestrian only)"},"geometry":{"type":"MultiLineString","coordinates":[[[-0.1676557,51.5149116],[-0.1676616,51.5149228]]]}},
{"type":"Feature","properties":{"highway":"footway","name":null,"category":"Footpath (pedestrian only)"},"geometry":{"type":"MultiLineString","coordinates":[[[-0.169055,51.5158391],[-0.1690863,51.5158687]]]}},
{"type":"Feature","properties":{"highway":"footway","name":null,"category":"Footpath (pedestrian only)"},"geometry":{"type":"MultiLineString","coordinates":[[[-0.1688851,51.5159999],[-0.1688683,51.51601]]]}},
{"type":"Feature","properties":{"highway":"footway","name":null,"category":"Footpath (pedestrian only)"},"geometry":{"type":"MultiLineString","coordinates":[[[-0.1688838,51.5159895],[-0.1688851,51.5159999]]]}},
{"type":"Feature","properties":{"highway":"footway","name":null,"category":"Footpath (pedestrian only)"},"geometry":{"type":"MultiLineString","coordinates":[[[-0.1674769,51.5150209],[-0.1674425,51.5150387]]]}},
{"type":"Feature","properties":{"highway":"footway","name":null,"category":"Footpath (pedestrian only)"},"geometry":{"type":"MultiLineString","coordinates":[[[-0.1674909,51.5150182],[-0.1674769,51.5150209]]]}},
{"type":"Feature","properties":{"highway":"footway","name":null,"category":"Footpath (pedestrian only)"},"geometry":{"type":"MultiLineString","coordinates":[[[-0.16274,51.5183381],[-0.1626389,51.5183516],[-0.1625705,51.51836]]]}},
{"type":"Feature","properties":{"highway":"footway","name":null,"category":"Footpath (pedestrian only)"},"geometry":{"type":"MultiLineString","coordinates":[[[-0.1622213,51.5184084],[-0.1622715,51.5184019],[-0.1622863,51.5184]]]}},
{"type":"Feature","properties":{"highway":"footway","name":null,"category":"Footpath (pedestrian only)"},"geometry":{"type":"MultiLineString","coordinates":[[[-0.16238,51.5183814],[-0.1623634,51.5183855],[-0.1623454,51.5183898]]]}},
{"type":"Feature","properties":{"highway":"footway","name":null,"category":"Footpath (pedestrian only)"},"geometry":{"type":"MultiLineString","coordinates":[[[-0.1615289,51.5185172],[-0.1615077,51.5185206]]]}},
{"type":"Feature","properties":{"highway":"footway","name":null,"category":"Footpath (pedestrian only)"},"geometry":{"type":"MultiLineString","coordinates":[[[-0.1616933,51.5184902],[-0.1616886,51.518491]]]}},
{"type":"Feature","properties":{"highway":"footway","name":null,"category":"Footpath (pedestrian only)"},"geometry":{"type":"MultiLineString","coordinates":[[[-0.1627006,51.5169509],[-0.1626668,51.5169567],[-0.1626591,51.5169374]]]}},
{"type":"Feature","properties":{"highway":"footway","name":null,"category":"Footpath (pedestrian only)"},"geometry":{"type":"MultiLineString","coordinates":[[[-0.1626338,51.516868],[-0.1626432,51.5168532],[-0.1626633,51.5168488]]]}},
{"type":"Feature","properties":{"highway":"footway","name":null,"category":"Footpath (pedestrian only)"},"geometry":{"type":"MultiLineString","coordinates":[[[-0.1642362,51.5165499],[-0.1642796,51.5165867]]]}},
{"type":"Feature","properties":{"highway":"footway","name":null,"category":"Footpath (pedestrian only)"},"geometry":{"type":"MultiLineString","coordinates":[[[-0.1642092,51.5165501],[-0.1642362,51.5165499]]]}},
{"type":"Feature","properties":{"highway":"footway","name":null,"category":"Footpath (pedestrian only)"},"geometry":{"type":"MultiLineString","coordinates":[[[-0.1636043,51.5161242],[-0.1635902,51.5161262]]]}},
{"type":"Feature","properties":{"highway":"footway","name":null,"category":"Footpath (pedestrian only)"},"geometry":{"type":"MultiLineString","coordinates":[[[-0.1635621,51.516019],[-0.1635787,51.5160156]]]}},
{"type":"Feature","properties":{"highway":"footway","name":null,"category":"Footpath (pedestrian only)"},"geometry":{"type":"MultiLineString","coordinates":[[[-0.162479,51.5162152],[-0.1624471,51.5162193],[-0.1624137,51.5162226]]]}},
{"type":"Feature","properties":{"highway":"footway","name":null,"category":"Footpath (pedestrian only)"},"geometry":{"type":"MultiLineString","coordinates":[[[-0.1624137,51.5162226],[-0.1624026,51.5162197]]]}},
{"type":"Feature","properties":{"highway":"footway","name":null,"category":"Footpath (pedestrian only)"},"geometry":{"type":"MultiLineString","coordinates":[[[-0.162486,51.5162084],[-0.162479,51.5162152]]]}},
{"type":"Feature","properties":{"highway":"footway","name":null,"category":"Footpath (pedestrian only)"},"geometry":{"type":"MultiLineString","coordinates":[[[-0.1625868,51.5163155],[-0.1626013,51.516313]]]}},
{"type":"Feature","properties":{"highway":"footway","name":null,"category":"Footpath (pedestrian only)"},"geometry":{"type":"MultiLineString","coordinates":[[[-0.1624406,51.5163443],[-0.1624551,51.5163412]]]}},
{"type":"Feature","properties":{"highway":"footway","name":null,"category":"Footpath (pedestrian only)"},"geometry":{"type":"MultiLineString","coordinates":[[[-0.1619031,51.5164298],[-0.1618993,51.5164258]]]}},
{"type":"Feature","properties":{"highway":"footway","name":null,"category":"Footpath (pedestrian only)"},"geometry":{"type":"MultiLineString","coordinates":[[[-0.1618548,51.5163049],[-0.1618498,51.5163079]]]}},
{"type":"Feature","properties":{"highway":"footway","name":null,"category":"Footpath (pedestrian only)"},"geometry":{"type":"MultiLineString","coordinates":[[[-0.1616925,51.5163339],[-0.1616897,51.5163312]]]}},
{"type":"Feature","properties":{"highway":"footway","name":null,"category":"Footpath (pedestrian only)"},"geometry":{"type":"MultiLineString","coordinates":[[[-0.1617222,51.5164349],[-0.1617163,51.5164378]]]}},
{"type":"Feature","properties":{"highway":"footway","name":null,"category":"Footpath (pedestrian only)"},"geometry":{"type":"MultiLineString","coordinates":[[[-0.1623634,51.5183855],[-0.1623395,51.5183683],[-0.1623189,51.5183488],[-0.1622622,51.5182435]]]}},
{"type":"Feature","properties":{"highway":"footway","name":null,"category":"Footpath (pedestrian only)"},"geometry":{"type":"MultiLineString","coordinates":[[[-0.1622715,51.5184019],[-0.1622758,51.5183859],[-0.162278,51.5183767],[-0.1622409,51.5182966],[-0.1622353,51.5182884]]]}},
{"type":"Feature","properties":{"highway":"footway","name":null,"category":"Footpath (pedestrian only)"},"geometry":{"type":"MultiLineString","coordinates":[[[-0.1636043,51.5161242],[-0.1635231,51.5160766],[-0.1634553,51.5160291]]]}},
{"type":"Feature","properties":{"highway":"footway","name":null,"category":"Footpath (pedestrian only)"},"geometry":{"type":"MultiLineString","coordinates":[[[-0.1543353,51.5166889],[-0.1544111,51.5168569]]]}},
{"type":"Feature","properties":{"highway":"footway","name":null,"category":"Footpath (pedestrian only)"},"geometry":{"type":"MultiLineString","coordinates":[[[-0.1544518,51.517093],[-0.1544476,51.5170727],[-0.1543899,51.5169423]]]}},
{"type":"Feature","properties":{"highway":"footway","name":null,"category":"Footpath (pedestrian only)"},"geometry":{"type":"MultiLineString","coordinates":[[[-0.1523546,51.5170185],[-0.1524137,51.5170397]]]}},
{"type":"Feature","properties":{"highway":"footway","name":null,"category":"Footpath (pedestrian only)"},"geometry":{"type":"MultiLineString","coordinates":[[[-0.1523546,51.5170185],[-0.1522803,51.5169638],[-0.1522373,51.5168911],[-0.1521865,51.5168052]]]}},
{"type":"Feature","properties":{"highway":"footway","name":null,"category":"Footpath (pedestrian only)"},"geometry":{"type":"MultiLineString","coordinates":[[[-0.1543899,51.5169423],[-0.154384,51.5169336],[-0.1543676,51.5169183],[-0.1543415,51.5168979],[-0.154302,51.5168674]]]}},
{"type":"Feature","properties":{"highway":"footway","name":null,"category":"Footpath (pedestrian only)"},"geometry":{"type":"MultiLineString","coordinates":[[[-0.1544111,51.5168569],[-0.1544266,51.5169101]]]}},
{"type":"Feature","properties":{"highway":"footway","name":null,"category":"Footpath (pedestrian only)"},"geometry":{"type":"MultiLineString","coordinates":[[[-0.1524137,51.5170397],[-0.152484,51.5170586],[-0.1525723,51.5170551],[-0.1528025,51.5170217],[-0.1530574,51.5169675],[-0.1531479,51.5169264],[-0.1531825,51.516868],[-0.1531836,51.5168124],[-0.1531691,51.5167366],[-0.1531535,51.5166872],[-0.1531065,51.5166169],[-0.1530596,51.5165662],[-0.1530171,51.5165363],[-0.1529501,51.5165133],[-0.1528517,51.5164952],[-0.1527511,51.5164897],[-0.152636,51.516498],[-0.1525097,51.5165224],[-0.1523678,51.5165641],[-0.1522929,51.5165947],[-0.1522471,51.5166309],[-0.1522057,51.5166788],[-0.1521901,51.5167345],[-0.1521865,51.5168052]]]}},
{"type":"Feature","properties":{"highway":"footway","name":null,"category":"Footpath (pedestrian only)"},"geometry":{"type":"MultiLineString","coordinates":[[[-0.1511441,51.5160376],[-0.1520832,51.5158764]]]}},
{"type":"Feature","properties":{"highway":"footway","name":null,"category":"Footpath (pedestrian only)"},"geometry":{"type":"MultiLineString","coordinates":[[[-0.151098,51.5160773],[-0.1510871,51.5160534],[-0.1510876,51.516049],[-0.1510921,51.5160457],[-0.1511441,51.5160376]]]}},
{"type":"Feature","properties":{"highway":"footway","name":null,"category":"Footpath (pedestrian only)"},"geometry":{"type":"MultiLineString","coordinates":[[[-0.1510893,51.5160787],[-0.151098,51.5160773]]]}},
{"type":"Feature","properties":{"highway":"footway","name":null,"category":"Footpath (pedestrian only)"},"geometry":{"type":"MultiLineString","coordinates":[[[-0.1511441,51.5160376],[-0.1511414,51.5160315]]]}},
{"type":"Feature","properties":{"highway":"footway","name":null,"category":"Footpath (pedestrian only)"},"geometry":{"type":"MultiLineString","coordinates":[[[-0.1614823,51.5158136],[-0.1614628,51.5158314],[-0.1613837,51.5158462],[-0.1613061,51.5158555],[-0.1613116,51.5158722]]]}},
{"type":"Feature","properties":{"highway":"footway","name":null,"category":"Footpath (pedestrian only)"},"geometry":{"type":"MultiLineString","coordinates":[[[-0.1615153,51.5158979],[-0.1614919,51.515885],[-0.1614674,51.5158747],[-0.1613573,51.5158913],[-0.1613481,51.5158659]]]}},
{"type":"Feature","properties":{"highway":"footway","name":null,"category":"Footpath (pedestrian only)"},"geometry":{"type":"MultiLineString","coordinates":[[[-0.1614227,51.5156584],[-0.1613949,51.5156582],[-0.1613776,51.5156576],[-0.1613618,51.5156599],[-0.161296,51.5156696],[-0.1612583,51.5156791],[-0.1612463,51.5156808],[-0.1612335,51.5156534]]]}},
{"type":"Feature","properties":{"highway":"footway","name":null,"category":"Footpath (pedestrian only)"},"geometry":{"type":"MultiLineString","coordinates":[[[-0.1599129,51.5156032],[-0.1599361,51.515599]]]}},
{"type":"Feature","properties":{"highway":"footway","name":null,"category":"Footpath (pedestrian only)"},"geometry":{"type":"MultiLineString","coordinates":[[[-0.150753,51.5180598],[-0.150108,51.518178]]]}},
{"type":"Feature","properties":{"highway":"footway","name":null,"category":"Footpath (pedestrian only)"},"geometry":{"type":"MultiLineString","coordinates":[[[-0.1507776,51.518113],[-0.1507668,51.5181191],[-0.1501057,51.5182254]]]}},
{"type":"Feature","properties":{"highway":"footway","name":null,"category":"Footpath (pedestrian only)"},"geometry":{"type":"MultiLineString","coordinates":[[[-0.1509909,51.5181346],[-0.1509841,51.5181434],[-0.1509728,51.5181555],[-0.1509706,51.5182344]]]}},
{"type":"Feature","properties":{"highway":"footway","name":null,"category":"Footpath (pedestrian only)"},"geometry":{"type":"MultiLineString","coordinates":[[[-0.1509248,51.5181291],[-0.1509268,51.5181331],[-0.1509275,51.5181423],[-0.1509239,51.5182989],[-0.1509163,51.5183045],[-0.1509007,51.5183112],[-0.1503552,51.5184008]]]}},
{"type":"Feature","properties":{"highway":"footway","name":null,"category":"Footpath (pedestrian only)"},"geometry":{"type":"MultiLineString","coordinates":[[[-0.1506923,51.5174184],[-0.15013,51.5175212]]]}},
{"type":"Feature","properties":{"highway":"footway","name":null,"category":"Footpath (pedestrian only)"},"geometry":{"type":"MultiLineString","coordinates":[[[-0.1581919,51.5199767],[-0.1581811,51.5199661],[-0.1581718,51.5199507],[-0.1581119,51.5198291],[-0.1580962,51.5198317],[-0.1580704,51.5198369],[-0.1580743,51.5198451],[-0.1581404,51.519986]]]}},
{"type":"Feature","properties":{"highway":"footway","name":null,"category":"Footpath (pedestrian only)"},"geometry":{"type":"MultiLineString","coordinates":[[[-0.1637237,51.51979],[-0.1638404,51.5198702],[-0.1641373,51.5200182]]]}},
{"type":"Feature","properties":{"highway":"footway","name":null,"category":"Footpath (pedestrian only)"},"geometry":{"type":"MultiLineString","coordinates":[[[-0.1637237,51.51979],[-0.1636857,51.5197309]]]}},
{"type":"Feature","properties":{"highway":"footway","name":null,"category":"Footpath (pedestrian only)"},"geometry":{"type":"MultiLineString","coordinates":[[[-0.1637319,51.5198723],[-0.1640157,51.5200218]]]}},
{"type":"Feature","properties":{"highway":"footway","name":null,"category":"Footpath (pedestrian only)"},"geometry":{"type":"MultiLineString","coordinates":[[[-0.1637319,51.5198723],[-0.163632,51.519777],[-0.1636037,51.5197486]]]}},
{"type":"Feature","properties":{"highway":"footway","name":null,"category":"Footpath (pedestrian only)"},"geometry":{"type":"MultiLineString","coordinates":[[[-0.1524202,51.5192483],[-0.1523806,51.5189959]]]}},
{"type":"Feature","properties":{"highway":"footway","name":null,"category":"Footpath (pedestrian only)"},"geometry":{"type":"MultiLineString","coordinates":[[[-0.152377,51.5197843],[-0.1523888,51.5197761],[-0.152393,51.5197655],[-0.1523908,51.5197376],[-0.1523828,51.5196819]]]}},
{"type":"Feature","properties":{"highway":"footway","name":null,"category":"Footpath (pedestrian only)"},"geometry":{"type":"MultiLineString","coordinates":[[[-0.152377,51.5197843],[-0.151853,51.5198125]]]}},
{"type":"Feature","properties":{"highway":"footway","name":null,"category":"Footpath (pedestrian only)"},"geometry":{"type":"MultiLineString","coordinates":[[[-0.1523828,51.5196819],[-0.1523585,51.5195887],[-0.1523751,51.5195822],[-0.1523933,51.5195731],[-0.1523964,51.5195628],[-0.152396,51.5195526],[-0.1523051,51.5188493]]]}},
{"type":"Feature","properties":{"highway":"footway","name":null,"category":"Footpath (pedestrian only)"},"geometry":{"type":"MultiLineString","coordinates":[[[-0.1523806,51.5189959],[-0.1523606,51.5188642],[-0.1523712,51.5188452],[-0.1523849,51.5188304],[-0.1524163,51.5188213],[-0.1528236,51.5188295],[-0.1528742,51.5188375]]]}},
{"type":"Feature","properties":{"highway":"footway","name":null,"category":"Footpath (pedestrian only)"},"geometry":{"type":"MultiLineString","coordinates":[[[-0.1523051,51.5188493],[-0.1522888,51.5188157],[-0.1522601,51.5188068],[-0.1520419,51.5187818],[-0.1518301,51.5187705],[-0.1517688,51.518769],[-0.1517319,51.5187725],[-0.151716,51.5187757]]]}},
{"type":"Feature","properties":{"highway":"footway","name":null,"category":"Footpath (pedestrian only)"},"geometry":{"type":"MultiLineString","coordinates":[[[-0.152862,51.5187632],[-0.1528332,51.5187759],[-0.1527902,51.5187863],[-0.1526502,51.518791],[-0.15236,51.5187743],[-0.1520016,51.5187482],[-0.1518139,51.5187389],[-0.1517382,51.5187336],[-0.1517095,51.5187279]]]}},
{"type":"Feature","properties":{"highway":"footway","name":null,"category":"Footpath (pedestrian only)"},"geometry":{"type":"MultiLineString","coordinates":[[[-0.1524202,51.5192483],[-0.1524971,51.5197452],[-0.152501,51.5197589],[-0.1525073,51.51977],[-0.1525201,51.5197764],[-0.1525266,51.5197797]]]}},
{"type":"Feature","properties":{"highway":"footway","name":null,"category":"Footpath (pedestrian only)"},"geometry":{"type":"MultiLineString","coordinates":[[[-0.1524511,51.5197847],[-0.152377,51.5197843]]]}},
{"type":"Feature","properties":{"highway":"footway","name":null,"category":"Footpath (pedestrian only)"},"geometry":{"type":"MultiLineString","coordinates":[[[-0.1653751,51.5207849],[-0.1653701,51.5207836],[-0.1649358,51.5208323],[-0.1644478,51.5209166]]]}},
{"type":"Feature","properties":{"highway":"footway","name":null,"category":"Footpath (pedestrian only)"},"geometry":{"type":"MultiLineString","coordinates":[[[-0.1655881,51.5220176],[-0.1655897,51.5220122],[-0.1655879,51.5220034],[-0.1655177,51.5218947],[-0.1652542,51.5214963]]]}},
{"type":"Feature","properties":{"highway":"footway","name":null,"category":"Footpath (pedestrian only)"},"geometry":{"type":"MultiLineString","coordinates":[[[-0.1683747,51.5200016],[-0.1683521,51.5200064]]]}},
{"type":"Feature","properties":{"highway":"footway","name":null,"category":"Footpath (pedestrian only)"},"geometry":{"type":"MultiLineString","coordinates":[[[-0.1656638,51.5207259],[-0.1656731,51.5207564]]]}},
{"type":"Feature","properties":{"highway":"footway","name":null,"category":"Footpath (pedestrian only)"},"geometry":{"type":"MultiLineString","coordinates":[[[-0.1626594,51.5207857],[-0.1626659,51.5207965],[-0.1626736,51.5208095],[-0.1628145,51.5210462]]]}},
{"type":"Feature","properties":{"highway":"footway","name":null,"category":"Footpath (pedestrian only)"},"geometry":{"type":"MultiLineString","coordinates":[[[-0.1626524,51.5207742],[-0.1625399,51.5207939],[-0.1624245,51.5208128],[-0.1624278,51.5208216]]]}},
{"type":"Feature","properties":{"highway":"footway","name":null,"category":"Footpath (pedestrian only)"},"geometry":{"type":"MultiLineString","coordinates":[[[-0.1625618,51.5208164],[-0.1625542,51.520802]]]}},
{"type":"Feature","properties":{"highway":"footway","name":null,"category":"Footpath (pedestrian only)"},"geometry":{"type":"MultiLineString","coordinates":[[[-0.1625618,51.5208164],[-0.1626659,51.5207965]]]}},
{"type":"Feature","properties":{"highway":"footway","name":null,"category":"Footpath (pedestrian only)"},"geometry":{"type":"MultiLineString","coordinates":[[[-0.1616285,51.522878],[-0.1616151,51.5228675],[-0.1616019,51.522858]]]}},
{"type":"Feature","properties":{"highway":"footway","name":null,"category":"Footpath (pedestrian only)"},"geometry":{"type":"MultiLineString","coordinates":[[[-0.1599606,51.522204],[-0.1599891,51.5222041],[-0.1600123,51.5222016],[-0.1601817,51.5221717]]]}},
{"type":"Feature","properties":{"highway":"footway","name":null,"category":"Footpath (pedestrian only)"},"geometry":{"type":"MultiLineString","coordinates":[[[-0.1603346,51.5222069],[-0.1604439,51.5221887]]]}},
{"type":"Feature","properties":{"highway":"footway","name":null,"category":"Footpath (pedestrian only)"},"geometry":{"type":"MultiLineString","coordinates":[[[-0.1603346,51.5222069],[-0.160287,51.5222132],[-0.1602412,51.5222179],[-0.1600992,51.5222409],[-0.1600317,51.5222542],[-0.1599894,51.5222743]]]}},
{"type":"Feature","properties":{"highway":"footway","name":null,"category":"Footpath (pedestrian only)"},"geometry":{"type":"MultiLineString","coordinates":[[[-0.1617458,51.5230409],[-0.1617295,51.5230157],[-0.1617126,51.5229885],[-0.1616894,51.522951],[-0.1616285,51.522878]]]}},
{"type":"Feature","properties":{"highway":"footway","name":null,"category":"Footpath (pedestrian only)"},"geometry":{"type":"MultiLineString","coordinates":[[[-0.1665898,51.5248777],[-0.1667129,51.524812],[-0.1668562,51.5247539],[-0.1671651,51.5246189],[-0.1672681,51.5246219],[-0.1673135,51.5246463],[-0.1673663,51.5246965],[-0.1673677,51.5247256],[-0.1673548,51.5247445]]]}},
{"type":"Feature","properties":{"highway":"footway","name":null,"category":"Footpath (pedestrian only)"},"geometry":{"type":"MultiLineString","coordinates":[[[-0.1665938,51.5248938],[-0.166561,51.524909],[-0.1665392,51.5249191]]]}},
{"type":"Feature","properties":{"highway":"footway","name":null,"category":"Footpath (pedestrian only)"},"geometry":{"type":"MultiLineString","coordinates":[[[-0.1666049,51.5248894],[-0.1665938,51.5248938]]]}},
{"type":"Feature","properties":{"highway":"footway","name":null,"category":"Footpath (pedestrian only)"},"geometry":{"type":"MultiLineString","coordinates":[[[-0.1665392,51.5249191],[-0.166524,51.5249278]]]}},
{"type":"Feature","properties":{"highway":"footway","name":null,"category":"Footpath (pedestrian only)"},"geometry":{"type":"MultiLineString","coordinates":[[[-0.1672634,51.5244689],[-0.1665199,51.5248319],[-0.1659406,51.5251125],[-0.165866,51.5251127]]]}},
{"type":"Feature","properties":{"highway":"footway","name":null,"category":"Footpath (pedestrian only)"},"geometry":{"type":"MultiLineString","coordinates":[[[-0.1605754,51.5235643],[-0.1611509,51.5234699]]]}},
{"type":"Feature","properties":{"highway":"footway","name":null,"category":"Footpath (pedestrian only)"},"geometry":{"type":"MultiLineString","coordinates":[[[-0.1600737,51.5240661],[-0.1594931,51.522884],[-0.1595056,51.5228631]]]}},
{"type":"Feature","properties":{"highway":"footway","name":null,"category":"Footpath (pedestrian only)"},"geometry":{"type":"MultiLineString","coordinates":[[[-0.1618801,51.5233169],[-0.1618666,51.5233426],[-0.1613774,51.5234331]]]}},
{"type":"Feature","properties":{"highway":"footway","name":null,"category":"Footpath (pedestrian only)"},"geometry":{"type":"MultiLineString","coordinates":[[[-0.1617356,51.5243018],[-0.1617152,51.5242605],[-0.1617016,51.524233]]]}},
{"type":"Feature","properties":{"highway":"footway","name":null,"category":"Footpath (pedestrian only)"},"geometry":{"type":"MultiLineString","coordinates":[[[-0.159433,51.5228766],[-0.1600245,51.5241323]]]}},
{"type":"Feature","properties":{"highway":"footway","name":null,"category":"Footpath (pedestrian only)"},"geometry":{"type":"MultiLineString","coordinates":[[[-0.1619107,51.5233849],[-0.1617105,51.5234181]]]}},
{"type":"Feature","properties":{"highway":"pedestrian","name":"Virgil Street","category":"Pedestrian area/street"},"geometry":{"type":"MultiLineString","coordinates":[[[-0.1634598,51.5199765],[-0.16339,51.5199943],[-0.1633755,51.5199979],[-0.1631601,51.5200557]]]}},
{"type":"Feature","properties":{"highway":"pedestrian","name":"Bird Street","category":"Pedestrian area/street"},"geometry":{"type":"MultiLineString","coordinates":[[[-0.1507591,51.5142771],[-0.1510449,51.5148922]]]}},
{"type":"Feature","properties":{"highway":"pedestrian","name":"Old Quebec Street","category":"Pedestrian area/street"},"geometry":{"type":"MultiLineString","coordinates":[[[-0.1581134,51.5143754],[-0.1581193,51.5143971],[-0.1581263,51.5144144],[-0.1581622,51.5144874],[-0.1582711,51.5147087]]]}},
{"type":"Feature","properties":{"highway":"pedestrian","name":"Old Quebec Street","category":"Pedestrian area/street"},"geometry":{"type":"MultiLineString","coordinates":[[[-0.1580836,51.5142528],[-0.1580901,51.5142329],[-0.1580819,51.5142104],[-0.1580605,51.5141853],[-0.1579589,51.5139407],[-0.1577768,51.5135949],[-0.1577428,51.5135151]]]}},
{"type":"Feature","properties":{"highway":"pedestrian","name":"Nutford Place","category":"Pedestrian area/street"},"geometry":{"type":"MultiLineString","coordinates":[[[-0.1643435,51.5165745],[-0.1643834,51.5165658],[-0.1647837,51.5164651],[-0.1648647,51.5164434]]]}},
{"type":"Feature","properties":{"highway":"pedestrian","name":null,"category":"Pedestrian area/street"},"geometry":{"type":"MultiLineString","coordinates":[[[-0.1732971,51.5172105],[-0.1732642,51.5171912]]]}},
{"type":"Feature","properties":{"highway":"pedestrian","name":null,"category":"Pedestrian area/street"},"geometry":{"type":"MultiLineString","coordinates":[[[-0.1731004,51.5171624],[-0.172954,51.5172419]]]}},
{"type":"Feature","properties":{"highway":"pedestrian","name":"St Vincent Street","category":"Pedestrian area/street"},"geometry":{"type":"MultiLineString","coordinates":[[[-0.1523268,51.5188021],[-0.1522957,51.5187991],[-0.151818,51.518753],[-0.1517642,51.518753]]]}},
{"type":"Feature","properties":{"highway":"pedestrian","name":"Lisson Street","category":"Pedestrian area/street"},"geometry":{"type":"MultiLineString","coordinates":[[[-0.1686274,51.5224235],[-0.1686943,51.5223854],[-0.1687124,51.5223727],[-0.1687243,51.5223506],[-0.1687293,51.5223296],[-0.1687358,51.5223032],[-0.1687313,51.5222772],[-0.1685751,51.5220322],[-0.1684808,51.5218842],[-0.1682569,51.5215474],[-0.1681181,51.5213731],[-0.1681087,51.5213614],[-0.1680784,51.5213234]]]}},
{"type":"Feature","properties":{"highway":"pedestrian","name":"St Vincent Street","category":"Pedestrian area/street"},"geometry":{"type":"MultiLineString","coordinates":[[[-0.1523268,51.5188021],[-0.1526876,51.518816],[-0.1528506,51.5188166],[-0.1528692,51.5188167],[-0.152926,51.5188164]]]}},
{"type":"Feature","properties":{"highway":"pedestrian","name":"St. Christopher's Place","category":"Pedestrian area/street"},"geometry":{"type":"MultiLineString","coordinates":[[[-0.150158,51.515156],[-0.1505273,51.5159835],[-0.15054,51.5160143],[-0.1505663,51.5160755]]]}},
{"type":"Feature","properties":{"highway":"pedestrian","name":"Barrett Street","category":"Pedestrian area/street"},"geometry":{"type":"MultiLineString","coordinates":[[[-0.1505246,51.5150144],[-0.1505998,51.515002]]]}},
{"type":"Feature","properties":{"highway":"pedestrian","name":"Gee's Court","category":"Pedestrian area/street"},"geometry":{"type":"MultiLineString","coordinates":[[[-0.1498868,51.5143503],[-0.1499935,51.5147343],[-0.1501167,51.5150133]]]}},
{"type":"Feature","properties":{"highway":"pedestrian","name":"Rossmore Close","category":"Pedestrian area/street"},"geometry":{"type":"MultiLineString","coordinates":[[[-0.1668237,51.5242025],[-0.1667342,51.5241366]]]}},
{"type":"Feature","properties":{"highway":"pedestrian","name":"Rossmore Close","category":"Pedestrian area/street"},"geometry":{"type":"MultiLineString","coordinates":[[[-0.1669099,51.5242659],[-0.1668433,51.5242169],[-0.1668237,51.5242025]]]}},
{"type":"Feature","properties":{"highway":"pedestrian","name":"Rossmore Close","category":"Pedestrian area/street"},"geometry":{"type":"MultiLineString","coordinates":[[[-0.1667342,51.5241366],[-0.166709,51.5241181],[-0.1666077,51.5241688]]]}},
{"type":"Feature","properties":{"highway":"pedestrian","name":"Speakers' Corner","category":"Pedestrian area/street"},"geometry":{"type":"MultiLineString","coordinates":[[[-0.1590031,51.512337],[-0.1589818,51.5123029],[-0.1588555,51.512092],[-0.1588089,51.5120036]]]}},
{"type":"Feature","properties":{"highway":"pedestrian","name":"Marble Arch","category":"Pedestrian area/street"},"geometry":{"type":"MultiLineString","coordinates":[[[-0.1589144,51.5132113],[-0.1589328,51.5132644],[-0.1589625,51.5133499]]]}},
{"type":"Feature","properties":{"highway":"pedestrian","name":"Marble Arch","category":"Pedestrian area/street"},"geometry":{"type":"MultiLineString","coordinates":[[[-0.1588955,51.5131571],[-0.1589144,51.5132113]]]}},
{"type":"Feature","properties":{"highway":"pedestrian","name":"Marble Arch","category":"Pedestrian area/street"},"geometry":{"type":"MultiLineString","coordinates":[[[-0.1588503,51.5130513],[-0.1588676,51.5131005]]]}},
{"type":"Feature","properties":{"highway":"pedestrian","name":"Walmer Place","category":"Pedestrian area/street"},"geometry":{"type":"MultiLineString","coordinates":[[[-0.1631601,51.5200557],[-0.1634965,51.5205713],[-0.1635064,51.5205922]]]}},
{"type":"Feature","properties":{"highway":"pedestrian","name":"Marble Arch","category":"Pedestrian area/street"},"geometry":{"type":"MultiLineString","coordinates":[[[-0.1588676,51.5131005],[-0.1588759,51.513124],[-0.1588955,51.5131571]]]}},
{"type":"Feature","properties":{"highway":"pedestrian","name":"Salisbury Street","category":"Pedestrian area/street"},"geometry":{"type":"MultiLineString","coordinates":[[[-0.1689873,51.5227233],[-0.1689515,51.5226981],[-0.1689288,51.522681],[-0.1686274,51.5224235]]]}},
{"type":"Feature","properties":{"highway":"pedestrian","name":"Ashmill Street","category":"Pedestrian area/street"},"geometry":{"type":"MultiLineString","coordinates":[[[-0.1683465,51.5224372],[-0.1683657,51.5224367],[-0.1683864,51.5224355],[-0.1684068,51.5224345],[-0.1684374,51.5224312]]]}},
{"type":"Feature","properties":{"highway":"pedestrian","name":"Ashmill Street","category":"Pedestrian area/street"},"geometry":{"type":"MultiLineString","coordinates":[[[-0.1683133,51.5224398],[-0.1683465,51.5224372]]]}},
{"type":"Feature","properties":{"highway":"pedestrian","name":"Ashmill Street","category":"Pedestrian area/street"},"geometry":{"type":"MultiLineString","coordinates":[[[-0.1684374,51.5224312],[-0.1686274,51.5224235]]]}}
]
}
