{
"type": "FeatureCollection",
"name": "WANDS_223_walking",
"crs": { "type": "name", "properties": { "name": "urn:ogc:def:crs:OGC:1.3:CRS84" } },
"features": [
{"type":"Feature","properties":{"highway":"footway","name":null,"category":"Footpath (pedestrian only)"},"geometry":{"type":"MultiLineString","coordinates":[[[-0.1365665,51.4406779],[-0.1366621,51.4406414],[-0.1367249,51.440645],[-0.1369087,51.4405474],[-0.1373725,51.4403863],[-0.1374137,51.4403453]]]}},
{"type":"Feature","properties":{"highway":"footway","name":null,"category":"Footpath (pedestrian only)"},"geometry":{"type":"MultiLineString","coordinates":[[[-0.1373725,51.4403863],[-0.136803,51.4409866],[-0.1364977,51.4413085],[-0.1360422,51.4418345],[-0.1360169,51.4418503],[-0.1359598,51.4418678],[-0.1358847,51.4418802]]]}},
{"type":"Feature","properties":{"highway":"track","name":null,"category":"Track"},"geometry":{"type":"MultiLineString","coordinates":[[[-0.140231,51.4368091],[-0.1400759,51.4364202],[-0.1399179,51.4359592],[-0.1397,51.4354667],[-0.1394379,51.4349245],[-0.1388261,51.43423],[-0.1384435,51.433959]]]}},
{"type":"Feature","properties":{"highway":"footway","name":null,"category":"Footpath (pedestrian only)"},"geometry":{"type":"MultiLineString","coordinates":[[[-0.1381336,51.4392509],[-0.1374384,51.4390494]]]}},
{"type":"Feature","properties":{"highway":"footway","name":null,"category":"Footpath (pedestrian only)"},"geometry":{"type":"MultiLineString","coordinates":[[[-0.1428701,51.4385774],[-0.1425745,51.4386455],[-0.1423498,51.4387024]]]}},
{"type":"Feature","properties":{"highway":"footway","name":null,"category":"Footpath (pedestrian only)"},"geometry":{"type":"MultiLineString","coordinates":[[[-0.1391066,51.4417072],[-0.1391037,51.4416903],[-0.1390598,51.4416454],[-0.1381912,51.4409511],[-0.1375523,51.4404433],[-0.1374137,51.4403453]]]}},
{"type":"Feature","properties":{"highway":"footway","name":null,"category":"Footpath (pedestrian only)"},"geometry":{"type":"MultiLineString","coordinates":[[[-0.1375834,51.4400783],[-0.137446,51.4398589],[-0.1374583,51.4396585],[-0.137386,51.4393721],[-0.1374602,51.4391274],[-0.1374384,51.4390494],[-0.1374497,51.4390261]]]}},
{"type":"Feature","properties":{"highway":"footway","name":null,"category":"Footpath (pedestrian only)"},"geometry":{"type":"MultiLineString","coordinates":[[[-0.1374137,51.4403453],[-0.1375834,51.4400783]]]}},
{"type":"Feature","properties":{"highway":"footway","name":null,"category":"Footpath (pedestrian only)"},"geometry":{"type":"MultiLineString","coordinates":[[[-0.1375834,51.4400783],[-0.1376522,51.4399777],[-0.1377486,51.4398366],[-0.1381336,51.4392509],[-0.1387383,51.4385296],[-0.1389033,51.4383296],[-0.1395556,51.4376871],[-0.1398359,51.4374284],[-0.140059,51.4372072],[-0.1401881,51.4370215],[-0.140231,51.4368091],[-0.1401484,51.4364047],[-0.1399704,51.4359476],[-0.1392832,51.4343801],[-0.1392541,51.4343466],[-0.139153,51.4343115],[-0.1390617,51.4342557],[-0.1390014,51.4341782],[-0.1389798,51.434114]]]}},
{"type":"Feature","properties":{"highway":"footway","name":null,"category":"Footpath (pedestrian only)"},"geometry":{"type":"MultiLineString","coordinates":[[[-0.1376964,51.4303596],[-0.1376993,51.4303519],[-0.1375209,51.4302559],[-0.1374424,51.4302348],[-0.1373878,51.4301978]]]}},
{"type":"Feature","properties":{"highway":"footway","name":null,"category":"Footpath (pedestrian only)"},"geometry":{"type":"MultiLineString","coordinates":[[[-0.1314386,51.4408432],[-0.131512,51.4408498],[-0.1315707,51.4408712],[-0.1316192,51.4409246],[-0.1316448,51.4409795],[-0.1316628,51.4410618]]]}},
{"type":"Feature","properties":{"highway":"footway","name":null,"category":"Footpath (pedestrian only)"},"geometry":{"type":"MultiLineString","coordinates":[[[-0.1305805,51.4404346],[-0.1305312,51.4403917],[-0.1302999,51.4399492],[-0.1303233,51.4398813]]]}},
{"type":"Feature","properties":{"highway":"footway","name":null,"category":"Footpath (pedestrian only)"},"geometry":{"type":"MultiLineString","coordinates":[[[-0.1332026,51.4318475],[-0.1332057,51.4318552],[-0.1333615,51.4322531]]]}},
{"type":"Feature","properties":{"highway":"footway","name":null,"category":"Footpath (pedestrian only)"},"geometry":{"type":"MultiLineString","coordinates":[[[-0.1431592,51.433478],[-0.143103,51.4335713],[-0.1430298,51.433661],[-0.1429785,51.4337016],[-0.1429057,51.4337373],[-0.1427852,51.433806],[-0.1424459,51.434006],[-0.1422571,51.4340936],[-0.1422344,51.4341041],[-0.1419052,51.4342039],[-0.1415307,51.4342757],[-0.1409264,51.4343719],[-0.1406538,51.4343879],[-0.1406293,51.4343893],[-0.1404044,51.4344921]]]}},
{"type":"Feature","properties":{"highway":"path","name":null,"category":"Shared path"},"geometry":{"type":"MultiLineString","coordinates":[[[-0.1429057,51.4337373],[-0.1432758,51.4336962],[-0.1433654,51.43373],[-0.1442285,51.4339765],[-0.1442845,51.4339942],[-0.1446316,51.4340467],[-0.1451267,51.4341014]]]}},
{"type":"Feature","properties":{"highway":"footway","name":null,"category":"Footpath (pedestrian only)"},"geometry":{"type":"MultiLineString","coordinates":[[[-0.131081,51.4397094],[-0.1311229,51.4396302],[-0.1311472,51.4396013],[-0.1311824,51.4395593]]]}},
{"type":"Feature","properties":{"highway":"footway","name":null,"category":"Footpath (pedestrian only)"},"geometry":{"type":"MultiLineString","coordinates":[[[-0.1314111,51.4396469],[-0.1313246,51.4396595],[-0.1312809,51.4396659],[-0.131081,51.4397094],[-0.1309498,51.439876]]]}},
{"type":"Feature","properties":{"highway":"footway","name":"Baxter Walk","category":"Footpath (pedestrian only)"},"geometry":{"type":"MultiLineString","coordinates":[[[-0.1333783,51.43818],[-0.1335577,51.4385303]]]}},
{"type":"Feature","properties":{"highway":"path","name":null,"category":"Shared path"},"geometry":{"type":"MultiLineString","coordinates":[[[-0.1398521,51.4314425],[-0.1397743,51.4315128],[-0.1396193,51.4316861]]]}},
{"type":"Feature","properties":{"highway":"footway","name":null,"category":"Footpath (pedestrian only)"},"geometry":{"type":"MultiLineString","coordinates":[[[-0.1397891,51.4325157],[-0.1398034,51.432515]]]}},
{"type":"Feature","properties":{"highway":"footway","name":null,"category":"Footpath (pedestrian only)"},"geometry":{"type":"MultiLineString","coordinates":[[[-0.135427,51.4301323],[-0.1354213,51.430146]]]}},
{"type":"Feature","properties":{"highway":"footway","name":null,"category":"Footpath (pedestrian only)"},"geometry":{"type":"MultiLineString","coordinates":[[[-0.135427,51.4301323],[-0.1353158,51.4301116],[-0.1351957,51.4300834],[-0.1351468,51.4300656],[-0.135137,51.430062],[-0.1350941,51.4300353]]]}},
{"type":"Feature","properties":{"highway":"footway","name":null,"category":"Footpath (pedestrian only)"},"geometry":{"type":"MultiLineString","coordinates":[[[-0.1358184,51.4301733],[-0.1357823,51.4301759],[-0.135427,51.4301323]]]}},
{"type":"Feature","properties":{"highway":"footway","name":null,"category":"Footpath (pedestrian only)"},"geometry":{"type":"MultiLineString","coordinates":[[[-0.1275545,51.4382256],[-0.1271577,51.4381652]]]}},
{"type":"Feature","properties":{"highway":"footway","name":null,"category":"Footpath (pedestrian only)"},"geometry":{"type":"MultiLineString","coordinates":[[[-0.1276913,51.4383494],[-0.1276716,51.4383845]]]}},
{"type":"Feature","properties":{"highway":"footway","name":null,"category":"Footpath (pedestrian only)"},"geometry":{"type":"MultiLineString","coordinates":[[[-0.1274133,51.43834],[-0.1274824,51.4383527],[-0.1275545,51.4382256],[-0.1275758,51.4381895],[-0.1276197,51.4381045]]]}},
{"type":"Feature","properties":{"highway":"footway","name":null,"category":"Footpath (pedestrian only)"},"geometry":{"type":"MultiLineString","coordinates":[[[-0.1375882,51.4335992],[-0.1377446,51.4337025],[-0.1378761,51.4338235]]]}},
{"type":"Feature","properties":{"highway":"footway","name":null,"category":"Footpath (pedestrian only)"},"geometry":{"type":"MultiLineString","coordinates":[[[-0.1362865,51.432691],[-0.1364977,51.4333837],[-0.1366802,51.4336753],[-0.1367033,51.433733],[-0.1367246,51.4337978],[-0.1367547,51.433821],[-0.136883,51.433851],[-0.1373734,51.4337622],[-0.1377446,51.4337025],[-0.1378964,51.4336836],[-0.1380425,51.4336981]]]}},
{"type":"Feature","properties":{"highway":"footway","name":null,"category":"Footpath (pedestrian only)"},"geometry":{"type":"MultiLineString","coordinates":[[[-0.1367547,51.433821],[-0.1367831,51.4339169],[-0.1367912,51.4339454]]]}},
{"type":"Feature","properties":{"highway":"footway","name":null,"category":"Footpath (pedestrian only)"},"geometry":{"type":"MultiLineString","coordinates":[[[-0.1366802,51.4336753],[-0.1363659,51.4337197],[-0.1363312,51.4337246]]]}},
{"type":"Feature","properties":{"highway":"footway","name":null,"category":"Footpath (pedestrian only)"},"geometry":{"type":"MultiLineString","coordinates":[[[-0.143344,51.4418997],[-0.143355,51.4418651],[-0.1433628,51.4418267]]]}},
{"type":"Feature","properties":{"highway":"footway","name":null,"category":"Footpath (pedestrian only)"},"geometry":{"type":"MultiLineString","coordinates":[[[-0.1434479,51.4415384],[-0.1433539,51.4415149],[-0.1420075,51.4412864],[-0.1403037,51.4409791],[-0.1375523,51.4404433]]]}},
{"type":"Feature","properties":{"highway":"footway","name":null,"category":"Footpath (pedestrian only)"},"geometry":{"type":"MultiLineString","coordinates":[[[-0.1427345,51.4403386],[-0.1423869,51.4400482],[-0.142276,51.4400329],[-0.1421944,51.4400396]]]}},
{"type":"Feature","properties":{"highway":"path","name":null,"category":"Shared path"},"geometry":{"type":"MultiLineString","coordinates":[[[-0.1374347,51.4318976],[-0.1373221,51.4318308],[-0.1372899,51.4317338],[-0.1372396,51.4314932],[-0.1371674,51.4313917]]]}},
{"type":"Feature","properties":{"highway":"path","name":null,"category":"Shared path"},"geometry":{"type":"MultiLineString","coordinates":[[[-0.1372419,51.4303773],[-0.1372358,51.4304316],[-0.1372335,51.4304509],[-0.137294,51.4305311],[-0.1373359,51.4305888],[-0.137345,51.4306797],[-0.1372987,51.4307373],[-0.137256,51.4308198],[-0.1372086,51.4308821],[-0.13708,51.4309334],[-0.1370194,51.430964],[-0.1369958,51.4310115],[-0.1370078,51.4310558],[-0.1370632,51.4311561],[-0.1370815,51.4312268],[-0.137089,51.4312559],[-0.1371674,51.4313917],[-0.1369536,51.4313821],[-0.1368983,51.4314261],[-0.1367696,51.43161],[-0.136671,51.4317845],[-0.1366033,51.4319043]]]}},
{"type":"Feature","properties":{"highway":"path","name":null,"category":"Shared path"},"geometry":{"type":"MultiLineString","coordinates":[[[-0.1359146,51.4317369],[-0.136093,51.431745],[-0.1363639,51.4317508],[-0.136671,51.4317845],[-0.1368018,51.4318241],[-0.1370324,51.4318508],[-0.1371612,51.4319077],[-0.1374347,51.4318976],[-0.1375367,51.4319478],[-0.1377405,51.4321318],[-0.1379551,51.4324528],[-0.1382072,51.432824],[-0.1385184,51.4331083],[-0.13869,51.4334528],[-0.1388566,51.4336645],[-0.1389177,51.4337821],[-0.1389834,51.4338811],[-0.1390445,51.4339743],[-0.1389911,51.4340223],[-0.1389798,51.434114]]]}},
{"type":"Feature","properties":{"highway":"path","name":null,"category":"Shared path"},"geometry":{"type":"MultiLineString","coordinates":[[[-0.1399472,51.4337184],[-0.140044,51.4340892],[-0.140009,51.4341886],[-0.139935,51.43424],[-0.1398651,51.4342964],[-0.1398272,51.4343457]]]}},
{"type":"Feature","properties":{"highway":"path","name":null,"category":"Shared path"},"geometry":{"type":"MultiLineString","coordinates":[[[-0.1429955,51.4331154],[-0.1432337,51.4330615],[-0.1433594,51.4330365],[-0.1434188,51.4330247],[-0.143518,51.4329578],[-0.1435421,51.432921],[-0.1434992,51.4328759],[-0.1434,51.4328174],[-0.1433785,51.4327538],[-0.1433919,51.4326802],[-0.1434563,51.4326251],[-0.1435636,51.4325598],[-0.1437514,51.4325247],[-0.1439525,51.4325197],[-0.1441644,51.4325615],[-0.1442368,51.43262],[-0.1442958,51.4326635],[-0.1443522,51.4327103],[-0.1444273,51.4327304],[-0.1445721,51.4327103],[-0.1446767,51.432722],[-0.1447545,51.4327638],[-0.1449318,51.4328357],[-0.1450361,51.4329174],[-0.1450727,51.4329696],[-0.1450613,51.4330113],[-0.1449047,51.4331836],[-0.1449074,51.4332805],[-0.1448725,51.4333474],[-0.1448591,51.4333859],[-0.1449342,51.4334628],[-0.1450388,51.4335882],[-0.145058,51.433626],[-0.1451059,51.4337203],[-0.1450925,51.4338006],[-0.1450817,51.4338725],[-0.1450335,51.4339243],[-0.1449744,51.4339444],[-0.1448618,51.4339494],[-0.1447465,51.4339176],[-0.1446338,51.4338524],[-0.1445131,51.4337855],[-0.1444279,51.4337926],[-0.1443495,51.4338206],[-0.1443169,51.4338573],[-0.1442285,51.4339765]]]}},
{"type":"Feature","properties":{"highway":"footway","name":null,"category":"Footpath (pedestrian only)"},"geometry":{"type":"MultiLineString","coordinates":[[[-0.1401881,51.4370215],[-0.1403674,51.4371836],[-0.1406987,51.4378166],[-0.141354,51.4389551],[-0.1417573,51.4395368],[-0.1420183,51.4398227],[-0.142276,51.4400329]]]}},
{"type":"Feature","properties":{"highway":"footway","name":null,"category":"Footpath (pedestrian only)"},"geometry":{"type":"MultiLineString","coordinates":[[[-0.1376522,51.4399777],[-0.1402225,51.4404921],[-0.1427216,51.4409629],[-0.1432993,51.4410592]]]}},
{"type":"Feature","properties":{"highway":"footway","name":null,"category":"Footpath (pedestrian only)"},"geometry":{"type":"MultiLineString","coordinates":[[[-0.1379501,51.4304465],[-0.1379674,51.4304985],[-0.1380253,51.4306726],[-0.137835,51.4306036],[-0.1377385,51.4305907],[-0.137294,51.4305311],[-0.1370208,51.4305052],[-0.1360623,51.4303882],[-0.135756,51.4303543],[-0.1356509,51.4303428],[-0.1355044,51.4303425],[-0.135412,51.4303753],[-0.135348,51.4304513],[-0.1353091,51.4305344],[-0.1353674,51.4305759],[-0.1356063,51.431121],[-0.135925,51.4318267]]]}},
{"type":"Feature","properties":{"highway":"footway","name":null,"category":"Footpath (pedestrian only)"},"geometry":{"type":"MultiLineString","coordinates":[[[-0.1370208,51.4305052],[-0.1367843,51.430531],[-0.1366182,51.430556],[-0.1364847,51.4305763],[-0.1363615,51.4306142],[-0.1362428,51.4306873],[-0.1361761,51.4307558],[-0.1361241,51.4308362],[-0.1360722,51.4308973],[-0.1359921,51.4309463],[-0.1359239,51.4309981],[-0.1358942,51.4310471],[-0.1358541,51.4312118],[-0.1359146,51.4317369],[-0.135925,51.4318267]]]}},
{"type":"Feature","properties":{"highway":"footway","name":null,"category":"Footpath (pedestrian only)"},"geometry":{"type":"MultiLineString","coordinates":[[[-0.1351805,51.4302399],[-0.1351324,51.4302366]]]}},
{"type":"Feature","properties":{"highway":"footway","name":null,"category":"Footpath (pedestrian only)"},"geometry":{"type":"MultiLineString","coordinates":[[[-0.1350411,51.4299902],[-0.1350204,51.4299985],[-0.1349802,51.4300186],[-0.1349647,51.4300235]]]}},
{"type":"Feature","properties":{"highway":"path","name":null,"category":"Shared path"},"geometry":{"type":"MultiLineString","coordinates":[[[-0.1373428,51.4302103],[-0.137339,51.4302313],[-0.1373196,51.4302574],[-0.1372957,51.4302726],[-0.1372551,51.4302927],[-0.1372139,51.4303065],[-0.1371907,51.4303143]]]}},
{"type":"Feature","properties":{"highway":"footway","name":null,"category":"Footpath (pedestrian only)"},"geometry":{"type":"MultiLineString","coordinates":[[[-0.1353999,51.4302132],[-0.1353911,51.4302428]]]}},
{"type":"Feature","properties":{"highway":"footway","name":null,"category":"Footpath (pedestrian only)"},"geometry":{"type":"MultiLineString","coordinates":[[[-0.1351324,51.4302366],[-0.1351135,51.4302361],[-0.1351135,51.4302832],[-0.1351006,51.4302845]]]}},
{"type":"Feature","properties":{"highway":"footway","name":null,"category":"Footpath (pedestrian only)"},"geometry":{"type":"MultiLineString","coordinates":[[[-0.1348741,51.4300539],[-0.134837,51.4300295]]]}},
{"type":"Feature","properties":{"highway":"footway","name":null,"category":"Footpath (pedestrian only)"},"geometry":{"type":"MultiLineString","coordinates":[[[-0.1351006,51.4302845],[-0.1350474,51.430287]]]}},
{"type":"Feature","properties":{"highway":"footway","name":null,"category":"Footpath (pedestrian only)"},"geometry":{"type":"MultiLineString","coordinates":[[[-0.1352564,51.4302506],[-0.1351805,51.4302399]]]}},
{"type":"Feature","properties":{"highway":"footway","name":null,"category":"Footpath (pedestrian only)"},"geometry":{"type":"MultiLineString","coordinates":[[[-0.1353911,51.4302428],[-0.1353868,51.4302544],[-0.1352974,51.4302463],[-0.1352781,51.4302536]]]}},
{"type":"Feature","properties":{"highway":"footway","name":null,"category":"Footpath (pedestrian only)"},"geometry":{"type":"MultiLineString","coordinates":[[[-0.1349008,51.4300483],[-0.1348741,51.4300539],[-0.1348742,51.4300716]]]}},
{"type":"Feature","properties":{"highway":"footway","name":null,"category":"Footpath (pedestrian only)"},"geometry":{"type":"MultiLineString","coordinates":[[[-0.136803,51.4409866],[-0.1367902,51.4409059],[-0.136758,51.4408491],[-0.1367177,51.4407872],[-0.1366621,51.4406414]]]}},
{"type":"Feature","properties":{"highway":"footway","name":null,"category":"Footpath (pedestrian only)"},"geometry":{"type":"MultiLineString","coordinates":[[[-0.1362865,51.432691],[-0.1359833,51.4324923]]]}},
{"type":"Feature","properties":{"highway":"path","name":null,"category":"Shared path"},"geometry":{"type":"MultiLineString","coordinates":[[[-0.1430412,51.441794],[-0.1429946,51.4417582],[-0.1429493,51.4417432],[-0.1427867,51.4417226],[-0.1423978,51.4417192],[-0.1419995,51.4417],[-0.1415663,51.4416916],[-0.141058,51.4416741],[-0.1405846,51.4416716],[-0.1397673,51.4416454],[-0.1390598,51.4416454],[-0.1386792,51.4416279],[-0.1381469,51.4416163],[-0.1377055,51.4416396],[-0.1373226,51.4416789],[-0.1370261,51.4417225],[-0.1366525,51.4417982],[-0.1362322,51.4419146],[-0.136159,51.4418782],[-0.1360169,51.4418503]]]}},
{"type":"Feature","properties":{"highway":"footway","name":null,"category":"Footpath (pedestrian only)"},"geometry":{"type":"MultiLineString","coordinates":[[[-0.1404344,51.4308039],[-0.1404541,51.430815],[-0.1407846,51.4310015],[-0.141424,51.4314554],[-0.1415652,51.431556],[-0.1417354,51.4316773],[-0.1419931,51.4318942],[-0.1423979,51.4323283],[-0.1426428,51.4325941],[-0.1427729,51.4327662],[-0.1428271,51.432838],[-0.1428962,51.4329519],[-0.1429955,51.4331154],[-0.1430926,51.4333305],[-0.1431592,51.433478],[-0.1432758,51.4336962],[-0.1435392,51.4343818],[-0.1436774,51.4347415],[-0.1440794,51.435813]]]}},
{"type":"Feature","properties":{"highway":"path","name":null,"category":"Shared path"},"geometry":{"type":"MultiLineString","coordinates":[[[-0.1400564,51.4344057],[-0.1401803,51.434708],[-0.1404511,51.4353572],[-0.140666,51.4358958],[-0.1408668,51.4364751],[-0.1410442,51.4369089],[-0.1413524,51.4376075],[-0.1416934,51.438213],[-0.1419035,51.4385071],[-0.1422868,51.4386817]]]}},
{"type":"Feature","properties":{"highway":"footway","name":null,"category":"Footpath (pedestrian only)"},"geometry":{"type":"MultiLineString","coordinates":[[[-0.1356781,51.4421052],[-0.1357326,51.4421494]]]}},
{"type":"Feature","properties":{"highway":"footway","name":null,"category":"Footpath (pedestrian only)"},"geometry":{"type":"MultiLineString","coordinates":[[[-0.1359063,51.4420208],[-0.1358316,51.44204],[-0.1357598,51.4420561]]]}},
{"type":"Feature","properties":{"highway":"footway","name":null,"category":"Footpath (pedestrian only)"},"geometry":{"type":"MultiLineString","coordinates":[[[-0.1359598,51.4418678],[-0.135895,51.4418477],[-0.1358021,51.4418423]]]}},
{"type":"Feature","properties":{"highway":"footway","name":null,"category":"Footpath (pedestrian only)"},"geometry":{"type":"MultiLineString","coordinates":[[[-0.1357598,51.4420561],[-0.1356781,51.4421052]]]}},
{"type":"Feature","properties":{"highway":"footway","name":null,"category":"Footpath (pedestrian only)"},"geometry":{"type":"MultiLineString","coordinates":[[[-0.135895,51.4418477],[-0.1358847,51.4418802],[-0.1358847,51.4419609],[-0.1359063,51.4420208]]]}},
{"type":"Feature","properties":{"highway":"footway","name":null,"category":"Footpath (pedestrian only)"},"geometry":{"type":"MultiLineString","coordinates":[[[-0.135731,51.4316916],[-0.1357345,51.4316864],[-0.135925,51.4318267],[-0.1362865,51.432691],[-0.1370177,51.4331785],[-0.1375882,51.4335992],[-0.1378847,51.4336501],[-0.1380425,51.4336981],[-0.1381816,51.4337405],[-0.1383342,51.4338271],[-0.1384435,51.433959]]]}},
{"type":"Feature","properties":{"highway":"footway","name":null,"category":"Footpath (pedestrian only)"},"geometry":{"type":"MultiLineString","coordinates":[[[-0.13867,51.437813],[-0.1385997,51.4377281],[-0.138372,51.4377958],[-0.1382888,51.4378192],[-0.1380953,51.4377865],[-0.1378357,51.4377268],[-0.137315,51.4375844],[-0.1372971,51.4375795]]]}},
{"type":"Feature","properties":{"highway":"footway","name":null,"category":"Footpath (pedestrian only)"},"geometry":{"type":"MultiLineString","coordinates":[[[-0.1376964,51.4303596],[-0.1381321,51.4304066]]]}},
{"type":"Feature","properties":{"highway":"footway","name":null,"category":"Footpath (pedestrian only)"},"geometry":{"type":"MultiLineString","coordinates":[[[-0.1371907,51.4303143],[-0.1372863,51.4303239],[-0.1376964,51.4303596]]]}},
{"type":"Feature","properties":{"highway":"footway","name":null,"category":"Footpath (pedestrian only)"},"geometry":{"type":"MultiLineString","coordinates":[[[-0.14293,51.4386304],[-0.1429132,51.4386312],[-0.1428856,51.4385722],[-0.1428701,51.4385774]]]}},
{"type":"Feature","properties":{"highway":"footway","name":null,"category":"Footpath (pedestrian only)"},"geometry":{"type":"MultiLineString","coordinates":[[[-0.1430674,51.4386378],[-0.1429938,51.4386344],[-0.14293,51.4386304]]]}},
{"type":"Feature","properties":{"highway":"footway","name":null,"category":"Footpath (pedestrian only)"},"geometry":{"type":"MultiLineString","coordinates":[[[-0.1448192,51.4382068],[-0.1447778,51.4382165],[-0.1446626,51.4382398],[-0.1438888,51.4384303],[-0.1436905,51.4384801],[-0.1435364,51.4385189],[-0.143414,51.4385496],[-0.1432992,51.4385785],[-0.1432706,51.4385857],[-0.1431694,51.4386116],[-0.1430674,51.4386378]]]}},
{"type":"Feature","properties":{"highway":"footway","name":null,"category":"Footpath (pedestrian only)"},"geometry":{"type":"MultiLineString","coordinates":[[[-0.1263474,51.4386009],[-0.1263198,51.4385875],[-0.1261914,51.4385641],[-0.1258551,51.4385221],[-0.1255273,51.4384813],[-0.1250678,51.4384214],[-0.1247661,51.4383821],[-0.1246374,51.4383653],[-0.1236543,51.4382369],[-0.1232649,51.4381859],[-0.1230112,51.43815],[-0.1229727,51.4381446],[-0.1229505,51.4381252],[-0.1229195,51.4381239],[-0.1229091,51.4381417],[-0.1229018,51.4381542],[-0.1227587,51.4385524]]]}},
{"type":"Feature","properties":{"highway":"footway","name":null,"category":"Footpath (pedestrian only)"},"geometry":{"type":"MultiLineString","coordinates":[[[-0.122324,51.4379264],[-0.1224281,51.437944],[-0.1227384,51.4379873],[-0.1227731,51.4380116],[-0.1229532,51.4380373],[-0.1230486,51.4380346],[-0.1232431,51.4380605],[-0.1246151,51.4382429],[-0.1253167,51.4383405],[-0.1264211,51.4384941],[-0.1264723,51.4385012]]]}},
{"type":"Feature","properties":{"highway":"footway","name":null,"category":"Footpath (pedestrian only)"},"geometry":{"type":"MultiLineString","coordinates":[[[-0.1263728,51.4385806],[-0.1264127,51.4385488],[-0.126434,51.4385318]]]}},
{"type":"Feature","properties":{"highway":"footway","name":null,"category":"Footpath (pedestrian only)"},"geometry":{"type":"MultiLineString","coordinates":[[[-0.1268171,51.4379599],[-0.1268421,51.4379153],[-0.1268689,51.4378676]]]}},
{"type":"Feature","properties":{"highway":"footway","name":null,"category":"Footpath (pedestrian only)"},"geometry":{"type":"MultiLineString","coordinates":[[[-0.1266431,51.4380563],[-0.1267123,51.438032],[-0.1267702,51.4380086]]]}},
{"type":"Feature","properties":{"highway":"footway","name":null,"category":"Footpath (pedestrian only)"},"geometry":{"type":"MultiLineString","coordinates":[[[-0.1269414,51.4378012],[-0.1270156,51.4378196],[-0.1270926,51.4378387]]]}},
{"type":"Feature","properties":{"highway":"footway","name":null,"category":"Footpath (pedestrian only)"},"geometry":{"type":"MultiLineString","coordinates":[[[-0.1270926,51.4378387],[-0.1270842,51.437852],[-0.1270757,51.4378675]]]}},
{"type":"Feature","properties":{"highway":"footway","name":null,"category":"Footpath (pedestrian only)"},"geometry":{"type":"MultiLineString","coordinates":[[[-0.1270757,51.4378675],[-0.1271442,51.4378823],[-0.1272362,51.4379022]]]}},
{"type":"Feature","properties":{"highway":"footway","name":null,"category":"Footpath (pedestrian only)"},"geometry":{"type":"MultiLineString","coordinates":[[[-0.1271837,51.4380282],[-0.1272147,51.4379883],[-0.1272501,51.4379426]]]}},
{"type":"Feature","properties":{"highway":"footway","name":null,"category":"Footpath (pedestrian only)"},"geometry":{"type":"MultiLineString","coordinates":[[[-0.1272501,51.4379426],[-0.1272362,51.4379022],[-0.1275032,51.4374769],[-0.1275927,51.4373287],[-0.1277458,51.437079]]]}},
{"type":"Feature","properties":{"highway":"footway","name":null,"category":"Footpath (pedestrian only)"},"geometry":{"type":"MultiLineString","coordinates":[[[-0.1267398,51.4382173],[-0.1268425,51.4382402],[-0.1269428,51.4382648]]]}},
{"type":"Feature","properties":{"highway":"footway","name":null,"category":"Footpath (pedestrian only)"},"geometry":{"type":"MultiLineString","coordinates":[[[-0.1269583,51.4382686],[-0.1269637,51.4382443],[-0.1270274,51.4381416],[-0.1271004,51.4380282],[-0.1271837,51.4380282]]]}},
{"type":"Feature","properties":{"highway":"footway","name":null,"category":"Footpath (pedestrian only)"},"geometry":{"type":"MultiLineString","coordinates":[[[-0.1269583,51.4382686],[-0.1269549,51.4382839],[-0.1269542,51.4383031],[-0.1269891,51.4383138]]]}},
{"type":"Feature","properties":{"highway":"footway","name":null,"category":"Footpath (pedestrian only)"},"geometry":{"type":"MultiLineString","coordinates":[[[-0.1269801,51.4383302],[-0.1269632,51.4383611],[-0.1269385,51.4384062]]]}},
{"type":"Feature","properties":{"highway":"footway","name":null,"category":"Footpath (pedestrian only)"},"geometry":{"type":"MultiLineString","coordinates":[[[-0.126804,51.4384178],[-0.1267828,51.438411],[-0.1267208,51.438391],[-0.1266443,51.4383664]]]}},
{"type":"Feature","properties":{"highway":"footway","name":null,"category":"Footpath (pedestrian only)"},"geometry":{"type":"MultiLineString","coordinates":[[[-0.1268753,51.4384408],[-0.1269289,51.4384237],[-0.127483,51.4385752],[-0.1275449,51.438592],[-0.1279508,51.4387342]]]}},
{"type":"Feature","properties":{"highway":"footway","name":null,"category":"Footpath (pedestrian only)"},"geometry":{"type":"MultiLineString","coordinates":[[[-0.1266173,51.4383573],[-0.1267234,51.4382136],[-0.1267238,51.4381851],[-0.1266749,51.4381064],[-0.1266431,51.4380563]]]}},
{"type":"Feature","properties":{"highway":"footway","name":null,"category":"Footpath (pedestrian only)"},"geometry":{"type":"MultiLineString","coordinates":[[[-0.1267702,51.4380086],[-0.1268171,51.4379599]]]}},
{"type":"Feature","properties":{"highway":"footway","name":null,"category":"Footpath (pedestrian only)"},"geometry":{"type":"MultiLineString","coordinates":[[[-0.1257599,51.4368319],[-0.1261496,51.4372162],[-0.1265632,51.4376318],[-0.1267052,51.4377713],[-0.1268272,51.4378445],[-0.1268689,51.4378676],[-0.126892,51.4378608],[-0.1269414,51.4378012],[-0.1270896,51.4375404],[-0.1272823,51.4372122]]]}},
{"type":"Feature","properties":{"highway":"footway","name":null,"category":"Footpath (pedestrian only)"},"geometry":{"type":"MultiLineString","coordinates":[[[-0.126434,51.4385318],[-0.1264723,51.4385012],[-0.1265231,51.4384631],[-0.1266173,51.4383573]]]}},
{"type":"Feature","properties":{"highway":"footway","name":null,"category":"Footpath (pedestrian only)"},"geometry":{"type":"MultiLineString","coordinates":[[[-0.1300607,51.4302331],[-0.1302616,51.4300592],[-0.1306542,51.4297495],[-0.1308207,51.4296004],[-0.1308508,51.4295735],[-0.1309125,51.4295227],[-0.1309995,51.4294528],[-0.1311939,51.4292922],[-0.1312726,51.4292323],[-0.1313467,51.4292005],[-0.1313989,51.4291833],[-0.1314252,51.4291752],[-0.1314692,51.4291717],[-0.1315223,51.4291772],[-0.1316002,51.4291963],[-0.1316729,51.4292175],[-0.1317276,51.4292352],[-0.1318157,51.4292783],[-0.1319432,51.4293862],[-0.1321284,51.4295488],[-0.1321569,51.4295711],[-0.1325386,51.4298694],[-0.1327005,51.4299837],[-0.1328205,51.4300533],[-0.132948,51.4300904],[-0.1331089,51.4301008],[-0.1333668,51.4300957],[-0.1337341,51.4300962],[-0.1341267,51.4300991],[-0.1342876,51.4300933],[-0.1345621,51.4300904],[-0.1346374,51.4300962],[-0.1347649,51.4301177],[-0.1348145,51.4301341],[-0.1348226,51.4301368],[-0.1348858,51.4301722],[-0.1349584,51.4302418],[-0.1349888,51.4302941],[-0.1350275,51.4303946],[-0.1351737,51.4307311],[-0.1351489,51.4307408],[-0.1351271,51.4307493],[-0.1347151,51.4307661],[-0.1346904,51.4307671],[-0.1344957,51.4307812],[-0.133862,51.4308189],[-0.1332117,51.4308574],[-0.1330301,51.430867],[-0.1329554,51.4308655],[-0.1326361,51.4308374],[-0.1318885,51.4307604],[-0.1311492,51.430662],[-0.1309051,51.4306238],[-0.1308655,51.4306176],[-0.1305701,51.4305252],[-0.1300111,51.4302773],[-0.1300607,51.4302331]]]}},
{"type":"Feature","properties":{"highway":"footway","name":null,"category":"Footpath (pedestrian only)"},"geometry":{"type":"MultiLineString","coordinates":[[[-0.1348742,51.4300716],[-0.1348478,51.4300992],[-0.1348145,51.4301341]]]}},
{"type":"Feature","properties":{"highway":"footway","name":null,"category":"Footpath (pedestrian only)"},"geometry":{"type":"MultiLineString","coordinates":[[[-0.1353868,51.4302544],[-0.1357735,51.4302893],[-0.1370375,51.4304108],[-0.1372358,51.4304316],[-0.1373587,51.4304442],[-0.1376859,51.4304734],[-0.1379674,51.4304985]]]}},
{"type":"Feature","properties":{"highway":"footway","name":null,"category":"Footpath (pedestrian only)"},"geometry":{"type":"MultiLineString","coordinates":[[[-0.1352781,51.4302536],[-0.1352374,51.4303334],[-0.1353091,51.4305344],[-0.1354564,51.430947],[-0.1356148,51.4313357],[-0.1357345,51.4316864]]]}},
{"type":"Feature","properties":{"highway":"footway","name":null,"category":"Footpath (pedestrian only)"},"geometry":{"type":"MultiLineString","coordinates":[[[-0.1350474,51.430287],[-0.1350037,51.4302924]]]}},
{"type":"Feature","properties":{"highway":"footway","name":null,"category":"Footpath (pedestrian only)"},"geometry":{"type":"MultiLineString","coordinates":[[[-0.1350846,51.428761],[-0.1350347,51.4291746],[-0.135024,51.4292802],[-0.1350092,51.4294254],[-0.1349993,51.4296886],[-0.1349949,51.4297522],[-0.1349962,51.4297819],[-0.1349965,51.4298714]]]}},
{"type":"Feature","properties":{"highway":"footway","name":null,"category":"Footpath (pedestrian only)"},"geometry":{"type":"MultiLineString","coordinates":[[[-0.1349965,51.4298714],[-0.1349983,51.4298882],[-0.1350042,51.4299147],[-0.1350114,51.4299463],[-0.1350149,51.4299628],[-0.1350284,51.429977],[-0.1350411,51.4299902],[-0.1350706,51.4300161],[-0.1350941,51.4300353]]]}},
{"type":"Feature","properties":{"highway":"footway","name":null,"category":"Footpath (pedestrian only)"},"geometry":{"type":"MultiLineString","coordinates":[[[-0.1359482,51.4301936],[-0.1358743,51.4301875],[-0.1358184,51.4301733]]]}},
{"type":"Feature","properties":{"highway":"footway","name":null,"category":"Footpath (pedestrian only)"},"geometry":{"type":"MultiLineString","coordinates":[[[-0.1358184,51.4301733],[-0.135843,51.4301448],[-0.1358623,51.4301109],[-0.1358612,51.4300869],[-0.1358193,51.4300805],[-0.1357883,51.4300446]]]}},
{"type":"Feature","properties":{"highway":"footway","name":null,"category":"Footpath (pedestrian only)"},"geometry":{"type":"MultiLineString","coordinates":[[[-0.1363097,51.4281177],[-0.1363255,51.4281205],[-0.136324,51.4281489],[-0.1362675,51.4286719],[-0.1362231,51.429166],[-0.1361766,51.4295978],[-0.1361378,51.4299923],[-0.136119,51.4300158],[-0.1360591,51.4300158],[-0.135802,51.4299944],[-0.1351064,51.4299481],[-0.1350678,51.4299471],[-0.1350254,51.429946],[-0.1350114,51.4299463]]]}},
{"type":"Feature","properties":{"highway":"footway","name":null,"category":"Footpath (pedestrian only)"},"geometry":{"type":"MultiLineString","coordinates":[[[-0.1360422,51.4300671],[-0.135975,51.4300984],[-0.1359433,51.4301],[-0.1359287,51.4301409],[-0.1359256,51.4301689],[-0.1359482,51.4301936],[-0.1366278,51.4302575],[-0.1371907,51.4303143]]]}},
{"type":"Feature","properties":{"highway":"footway","name":null,"category":"Footpath (pedestrian only)"},"geometry":{"type":"MultiLineString","coordinates":[[[-0.1373878,51.4301978],[-0.1373428,51.4302103],[-0.1373151,51.4302179],[-0.1371982,51.4302088],[-0.1371622,51.430168]]]}},
{"type":"Feature","properties":{"highway":"footway","name":null,"category":"Footpath (pedestrian only)"},"geometry":{"type":"MultiLineString","coordinates":[[[-0.129037,51.4383562],[-0.1290745,51.4383512],[-0.1291255,51.4383462],[-0.1292355,51.438357],[-0.1299114,51.4384941],[-0.1306208,51.4386262],[-0.130885,51.4386705],[-0.1309481,51.4386797],[-0.1310299,51.4386881]]]}},
{"type":"Feature","properties":{"highway":"footway","name":null,"category":"Footpath (pedestrian only)"},"geometry":{"type":"MultiLineString","coordinates":[[[-0.1276274,51.4380917],[-0.1280124,51.4381522],[-0.1285649,51.4382459],[-0.1286306,51.4382601],[-0.1287084,51.4382885],[-0.1287326,51.4383186]]]}},
{"type":"Feature","properties":{"highway":"footway","name":null,"category":"Footpath (pedestrian only)"},"geometry":{"type":"MultiLineString","coordinates":[[[-0.1288123,51.438304],[-0.1288538,51.4382964],[-0.1289036,51.4382873]]]}},
{"type":"Feature","properties":{"highway":"footway","name":null,"category":"Footpath (pedestrian only)"},"geometry":{"type":"MultiLineString","coordinates":[[[-0.1289662,51.4383025],[-0.1289888,51.4383197],[-0.129037,51.4383562]]]}},
{"type":"Feature","properties":{"highway":"footway","name":null,"category":"Footpath (pedestrian only)"},"geometry":{"type":"MultiLineString","coordinates":[[[-0.1289644,51.4382224],[-0.1284403,51.4381317],[-0.1280908,51.4380688],[-0.1278032,51.4380199],[-0.1274045,51.4379652],[-0.1272501,51.4379426]]]}},
{"type":"Feature","properties":{"highway":"footway","name":null,"category":"Footpath (pedestrian only)"},"geometry":{"type":"MultiLineString","coordinates":[[[-0.1276197,51.4381045],[-0.1276274,51.4380917]]]}},
{"type":"Feature","properties":{"highway":"footway","name":null,"category":"Footpath (pedestrian only)"},"geometry":{"type":"MultiLineString","coordinates":[[[-0.1271837,51.4380282],[-0.1272453,51.4380352],[-0.1275376,51.4380678],[-0.1276274,51.4380917]]]}},
{"type":"Feature","properties":{"highway":"footway","name":null,"category":"Footpath (pedestrian only)"},"geometry":{"type":"MultiLineString","coordinates":[[[-0.1289441,51.4382672],[-0.1289509,51.4382521],[-0.1289644,51.4382224]]]}},
{"type":"Feature","properties":{"highway":"footway","name":null,"category":"Footpath (pedestrian only)"},"geometry":{"type":"MultiLineString","coordinates":[[[-0.1280148,51.4387539],[-0.1281034,51.4387802],[-0.1283506,51.4388568],[-0.1285127,51.4389161]]]}},
{"type":"Feature","properties":{"highway":"footway","name":null,"category":"Footpath (pedestrian only)"},"geometry":{"type":"MultiLineString","coordinates":[[[-0.1287352,51.4387247],[-0.1289551,51.4384245],[-0.1289862,51.4383959]]]}},
{"type":"Feature","properties":{"highway":"footway","name":null,"category":"Footpath (pedestrian only)"},"geometry":{"type":"MultiLineString","coordinates":[[[-0.1286188,51.4388358],[-0.1286637,51.4388262],[-0.1287412,51.4388105]]]}},
{"type":"Feature","properties":{"highway":"footway","name":null,"category":"Footpath (pedestrian only)"},"geometry":{"type":"MultiLineString","coordinates":[[[-0.1285127,51.4389161],[-0.1285344,51.4388862],[-0.1285476,51.4388697]]]}},
{"type":"Feature","properties":{"highway":"footway","name":null,"category":"Footpath (pedestrian only)"},"geometry":{"type":"MultiLineString","coordinates":[[[-0.1285803,51.4386658],[-0.1286171,51.4386282],[-0.1287623,51.4383914],[-0.1287623,51.4383523]]]}},
{"type":"Feature","properties":{"highway":"footway","name":null,"category":"Footpath (pedestrian only)"},"geometry":{"type":"MultiLineString","coordinates":[[[-0.1285133,51.4387946],[-0.128497,51.4387763],[-0.1284643,51.4387235]]]}},
{"type":"Feature","properties":{"highway":"footway","name":null,"category":"Footpath (pedestrian only)"},"geometry":{"type":"MultiLineString","coordinates":[[[-0.1284643,51.4387235],[-0.1284313,51.4387278],[-0.1283799,51.4387318],[-0.1283228,51.4387341],[-0.1282797,51.4387306],[-0.1282264,51.4387171],[-0.1278148,51.438576],[-0.1276081,51.438508],[-0.1273392,51.4384203],[-0.1271483,51.4383645],[-0.1270322,51.4383293],[-0.1269891,51.4383138]]]}},
{"type":"Feature","properties":{"highway":"footway","name":null,"category":"Footpath (pedestrian only)"},"geometry":{"type":"MultiLineString","coordinates":[[[-0.1308913,51.4357269],[-0.1309342,51.4357153],[-0.1311386,51.4356636],[-0.1314055,51.4356006],[-0.1314595,51.4355879],[-0.1320138,51.4354751],[-0.1322306,51.4354309],[-0.132259,51.4354251],[-0.1324424,51.4353871],[-0.1327024,51.4353332],[-0.1327894,51.4353151],[-0.1328972,51.4352928],[-0.1329891,51.4352737],[-0.1331148,51.4352477],[-0.1332018,51.4352432],[-0.133336,51.4352522],[-0.1334881,51.4352781]]]}},
{"type":"Feature","properties":{"highway":"footway","name":null,"category":"Footpath (pedestrian only)"},"geometry":{"type":"MultiLineString","coordinates":[[[-0.1303849,51.4357654],[-0.1304499,51.4357974]]]}},
{"type":"Feature","properties":{"highway":"footway","name":null,"category":"Footpath (pedestrian only)"},"geometry":{"type":"MultiLineString","coordinates":[[[-0.1308485,51.4348645],[-0.1308052,51.4348637],[-0.1306364,51.4348603],[-0.1303336,51.4348543],[-0.1301686,51.434851],[-0.1301541,51.4348691],[-0.1301505,51.4352805],[-0.1301306,51.435771],[-0.1301414,51.4357834],[-0.1301741,51.4357891],[-0.1302647,51.4357845],[-0.1303681,51.4357699],[-0.1303849,51.4357654],[-0.1308485,51.4356421],[-0.1308648,51.4356263],[-0.1308721,51.4351754],[-0.1308866,51.4348962],[-0.1308739,51.4348747],[-0.1308485,51.4348645]]]}},
{"type":"Feature","properties":{"highway":"footway","name":null,"category":"Footpath (pedestrian only)"},"geometry":{"type":"MultiLineString","coordinates":[[[-0.130504,51.4358241],[-0.1305446,51.4358138],[-0.1308104,51.4357466],[-0.1308913,51.4357269]]]}},
{"type":"Feature","properties":{"highway":"footway","name":null,"category":"Footpath (pedestrian only)"},"geometry":{"type":"MultiLineString","coordinates":[[[-0.1304499,51.4357974],[-0.130504,51.4358241]]]}},
{"type":"Feature","properties":{"highway":"footway","name":null,"category":"Footpath (pedestrian only)"},"geometry":{"type":"MultiLineString","coordinates":[[[-0.1374384,51.4390494],[-0.1373898,51.4390638],[-0.1368617,51.4389177],[-0.1366441,51.4392034],[-0.1366652,51.4392153],[-0.136773,51.4392522],[-0.1368046,51.4392982],[-0.1367497,51.4393733],[-0.1366525,51.4393733],[-0.1361455,51.4392258],[-0.1361371,51.4391982],[-0.1361941,51.4391073],[-0.1362047,51.4390941],[-0.1363631,51.4391297],[-0.1363885,51.4391257],[-0.136587,51.4388492],[-0.1364941,51.4388176],[-0.1357537,51.4386018],[-0.1355498,51.4385424],[-0.1349461,51.4383723]]]}},
{"type":"Feature","properties":{"highway":"footway","name":null,"category":"Footpath (pedestrian only)"},"geometry":{"type":"MultiLineString","coordinates":[[[-0.1372971,51.4375795],[-0.1373328,51.4375284],[-0.1374357,51.4373864],[-0.1375351,51.4372493],[-0.1376252,51.437125],[-0.1377088,51.4370096],[-0.1379116,51.4367093],[-0.1379169,51.4366949],[-0.1379348,51.4366461],[-0.1379496,51.4365816],[-0.1379475,51.4364854],[-0.1378757,51.4363485],[-0.1376327,51.4360561],[-0.1374426,51.4358441],[-0.1374063,51.4358031],[-0.1372704,51.4356495],[-0.1372398,51.4355465],[-0.1371984,51.4353862],[-0.1371924,51.4353586]]]}},
{"type":"Feature","properties":{"highway":"footway","name":null,"category":"Footpath (pedestrian only)"},"geometry":{"type":"MultiLineString","coordinates":[[[-0.1373402,51.4355913],[-0.1373539,51.4355754],[-0.1373792,51.4355122],[-0.1373428,51.4354249],[-0.1373075,51.4353865],[-0.1372915,51.435366]]]}},
{"type":"Feature","properties":{"highway":"footway","name":null,"category":"Footpath (pedestrian only)"},"geometry":{"type":"MultiLineString","coordinates":[[[-0.1374497,51.4390261],[-0.1374572,51.438998],[-0.1374194,51.4389743],[-0.1369338,51.4388357],[-0.1365152,51.4387162],[-0.1365117,51.4386993],[-0.1365089,51.4386859],[-0.1368427,51.4382221],[-0.1368508,51.4382108],[-0.1370434,51.4379432],[-0.1372971,51.4375795]]]}},
{"type":"Feature","properties":{"highway":"footway","name":null,"category":"Footpath (pedestrian only)"},"geometry":{"type":"MultiLineString","coordinates":[[[-0.1353636,51.4383844],[-0.1362817,51.438649],[-0.1363279,51.4386595],[-0.1363615,51.4386556],[-0.1363866,51.4386412],[-0.1366617,51.4382512],[-0.1368611,51.4379723],[-0.1369732,51.4378155],[-0.1370718,51.4376775],[-0.1371969,51.4375025],[-0.1372642,51.4374084],[-0.137328,51.437325],[-0.137422,51.437202],[-0.1374343,51.4371859],[-0.1376493,51.4368813],[-0.1376736,51.4368469],[-0.1377639,51.4367082],[-0.1377668,51.4367025],[-0.1377954,51.4366467],[-0.1378101,51.4365891],[-0.137808,51.4365367],[-0.1377975,51.43647],[-0.1377521,51.4364004],[-0.1377429,51.4363862],[-0.1376453,51.4362668],[-0.1375686,51.4361729],[-0.1374954,51.436094],[-0.1372358,51.4358141],[-0.1371534,51.4356816],[-0.1371147,51.4356229],[-0.1371033,51.4355949],[-0.1370081,51.4355551],[-0.1369749,51.4355545],[-0.1369202,51.4355479],[-0.1368569,51.4355525],[-0.1367793,51.4355695],[-0.136729,51.4355894],[-0.1367008,51.435619],[-0.1362166,51.436665],[-0.1358051,51.4374084],[-0.1357232,51.437551],[-0.1356665,51.4377643],[-0.1356434,51.4379096],[-0.1355804,51.4380732],[-0.1355091,51.4381949],[-0.1353636,51.4383844]]]}},
{"type":"Feature","properties":{"highway":"footway","name":null,"category":"Footpath (pedestrian only)"},"geometry":{"type":"MultiLineString","coordinates":[[[-0.1332026,51.4318475],[-0.1332564,51.4318402],[-0.1333406,51.43183],[-0.1336971,51.4317911],[-0.1342159,51.4317277],[-0.1342354,51.4317258],[-0.1347361,51.4316763],[-0.1348452,51.4316655],[-0.1354817,51.431591],[-0.1354876,51.4315946],[-0.1355065,51.4316214],[-0.1355418,51.4317141],[-0.135639,51.4320496],[-0.1356445,51.4320752],[-0.1356224,51.4320964],[-0.1356188,51.4320998],[-0.1355405,51.4321312],[-0.1354264,51.4321434],[-0.1353462,51.4321645],[-0.1351233,51.4322435],[-0.1350253,51.4322746],[-0.1349743,51.4322801],[-0.1348363,51.432295],[-0.1347472,51.4323046],[-0.1347049,51.4323098],[-0.1345849,51.4323246],[-0.1345118,51.4323079],[-0.1344792,51.4322782],[-0.1344685,51.4322364],[-0.1344034,51.4322425],[-0.1343263,51.4322498],[-0.1344095,51.432499],[-0.1344902,51.4324875]]]}},
{"type":"Feature","properties":{"highway":"footway","name":null,"category":"Footpath (pedestrian only)"},"geometry":{"type":"MultiLineString","coordinates":[[[-0.1316668,51.4320959],[-0.1316434,51.4321001],[-0.1308109,51.4322367],[-0.1307451,51.4322475],[-0.1306758,51.4322575],[-0.130663,51.4322595]]]}},
{"type":"Feature","properties":{"highway":"footway","name":null,"category":"Footpath (pedestrian only)"},"geometry":{"type":"MultiLineString","coordinates":[[[-0.1316668,51.4320959],[-0.1317181,51.4320865],[-0.1317844,51.432076],[-0.1317967,51.432074]]]}},
{"type":"Feature","properties":{"highway":"footway","name":null,"category":"Footpath (pedestrian only)"},"geometry":{"type":"MultiLineString","coordinates":[[[-0.1317967,51.432074],[-0.1318074,51.4320723],[-0.1323583,51.43198],[-0.1326495,51.4319341],[-0.1332026,51.4318475]]]}},
{"type":"Feature","properties":{"highway":"footway","name":null,"category":"Footpath (pedestrian only)"},"geometry":{"type":"MultiLineString","coordinates":[[[-0.131378,51.4307783],[-0.1312641,51.4307636],[-0.1311932,51.4307576],[-0.1311706,51.4307937],[-0.1309687,51.4313067],[-0.1308269,51.4316958],[-0.1307646,51.4318961],[-0.1307581,51.4320461],[-0.1307667,51.4321137],[-0.130785,51.4321325],[-0.130814,51.4321338],[-0.1308581,51.4321263],[-0.1308806,51.4321224],[-0.130901,51.4321003],[-0.1312424,51.4320465],[-0.1316444,51.4319831],[-0.1319834,51.4319269],[-0.1321654,51.4318968],[-0.1325123,51.4318398],[-0.133144,51.4317374],[-0.1332503,51.4317273],[-0.1337015,51.4316751],[-0.1347069,51.4315646],[-0.1354063,51.4314849],[-0.1354444,51.4314742],[-0.1354449,51.4314567],[-0.1353908,51.431325],[-0.1352691,51.4310109],[-0.1352172,51.4308797],[-0.1352043,51.4308505],[-0.1351786,51.4308275],[-0.1351747,51.4308274],[-0.134491,51.4308701],[-0.1340227,51.4308982],[-0.1336467,51.4309203],[-0.1330462,51.4309558],[-0.1330075,51.4309551],[-0.1329302,51.4309498],[-0.1326917,51.4309257],[-0.1322857,51.4308888],[-0.1320322,51.430862],[-0.1318474,51.4308406],[-0.131378,51.4307783]]]}},
{"type":"Feature","properties":{"highway":"path","name":null,"category":"Shared path"},"geometry":{"type":"MultiLineString","coordinates":[[[-0.1394911,51.4362981],[-0.1394939,51.4362824],[-0.1391009,51.4361955],[-0.1390324,51.4362334],[-0.138068,51.435457]]]}},
{"type":"Feature","properties":{"highway":"footway","name":null,"category":"Footpath (pedestrian only)"},"geometry":{"type":"MultiLineString","coordinates":[[[-0.1345035,51.4324862],[-0.1345329,51.4324823],[-0.1345329,51.4324522],[-0.1345704,51.4324137],[-0.134608,51.432392],[-0.1347954,51.4323704],[-0.1349264,51.4323553],[-0.1350291,51.4323435],[-0.1350945,51.4323318],[-0.135183,51.4323064],[-0.1353759,51.4322281],[-0.1355086,51.4322027],[-0.1355865,51.4321972],[-0.1356502,51.4321994],[-0.1356563,51.4322008],[-0.1356944,51.4322093],[-0.1357051,51.4322282],[-0.1357456,51.4323794],[-0.1358737,51.4327989],[-0.1359079,51.4329108],[-0.1358916,51.4329144],[-0.1358054,51.4329302],[-0.1356453,51.4329459],[-0.1356377,51.4329579]]]}},
{"type":"Feature","properties":{"highway":"footway","name":null,"category":"Footpath (pedestrian only)"},"geometry":{"type":"MultiLineString","coordinates":[[[-0.1371924,51.4353586],[-0.137199,51.4352845],[-0.1372104,51.4352345],[-0.1372094,51.4350739],[-0.1371906,51.435003],[-0.1371354,51.4348424],[-0.1370905,51.4347417],[-0.1370085,51.4346339],[-0.1369883,51.4346039],[-0.1368799,51.4344686],[-0.1367735,51.4343327],[-0.1366373,51.4341589],[-0.1366285,51.4341091],[-0.1366242,51.4340853],[-0.1366379,51.434085],[-0.1368368,51.4340544],[-0.1370075,51.4340242],[-0.1373961,51.4339446],[-0.1375369,51.433916],[-0.1377725,51.4338933],[-0.1379886,51.4339137]]]}},
{"type":"Feature","properties":{"highway":"footway","name":null,"category":"Footpath (pedestrian only)"},"geometry":{"type":"MultiLineString","coordinates":[[[-0.1368321,51.4340435],[-0.1368099,51.4339919],[-0.1367912,51.4339454]]]}},
{"type":"Feature","properties":{"highway":"footway","name":null,"category":"Footpath (pedestrian only)"},"geometry":{"type":"MultiLineString","coordinates":[[[-0.1365895,51.4340899],[-0.1365287,51.4340969],[-0.136463,51.4341044]]]}},
{"type":"Feature","properties":{"highway":"footway","name":null,"category":"Footpath (pedestrian only)"},"geometry":{"type":"MultiLineString","coordinates":[[[-0.136073,51.4366595],[-0.1361509,51.4364768],[-0.1363303,51.4361082],[-0.1365534,51.435659],[-0.1366129,51.4355413],[-0.1366494,51.4355023],[-0.1367026,51.4354568],[-0.1367829,51.4354198],[-0.1369205,51.4353827],[-0.1369751,51.4353503],[-0.1369883,51.4353424],[-0.1370415,51.4352943],[-0.1370697,51.4352475],[-0.1370863,51.4351851],[-0.1370801,51.4351227],[-0.1369956,51.4348698],[-0.1369341,51.4347475],[-0.1368277,51.4346039],[-0.1367203,51.4344719],[-0.1365879,51.4342931],[-0.1365128,51.4341943],[-0.1364283,51.4341078],[-0.1363939,51.4340928],[-0.1363595,51.4340941],[-0.1363472,51.4341009],[-0.1362197,51.4341715],[-0.1360257,51.434282],[-0.1356159,51.434492],[-0.1355763,51.4345252],[-0.1354052,51.4347196],[-0.1350736,51.4351174]]]}},
{"type":"Feature","properties":{"highway":"footway","name":null,"category":"Footpath (pedestrian only)"},"geometry":{"type":"MultiLineString","coordinates":[[[-0.1363245,51.4340866],[-0.1362822,51.4340575],[-0.1362422,51.43403]]]}},
{"type":"Feature","properties":{"highway":"footway","name":null,"category":"Footpath (pedestrian only)"},"geometry":{"type":"MultiLineString","coordinates":[[[-0.1367831,51.4339169],[-0.1365878,51.4339307],[-0.1365121,51.4339322],[-0.1364625,51.433923],[-0.1364389,51.4338959],[-0.1363659,51.4337197]]]}},
{"type":"Feature","properties":{"highway":"footway","name":null,"category":"Footpath (pedestrian only)"},"geometry":{"type":"MultiLineString","coordinates":[[[-0.1347379,51.4332105],[-0.1343743,51.4332283],[-0.1340046,51.433257],[-0.1338023,51.4332864],[-0.1334016,51.4333637],[-0.1330058,51.4334356],[-0.1327191,51.433472],[-0.1324846,51.4334859],[-0.1321248,51.4334921],[-0.1320913,51.433479],[-0.1318978,51.4334797],[-0.1318432,51.4334921],[-0.1314722,51.4334921],[-0.1311632,51.4334867],[-0.1307017,51.433489],[-0.1301036,51.4335014],[-0.1294696,51.433513],[-0.1285055,51.4335347],[-0.1284792,51.4335409],[-0.1284635,51.4335523],[-0.1283889,51.4337644],[-0.1283579,51.4339578],[-0.1283802,51.4341782],[-0.1283831,51.4341878],[-0.1283901,51.4342107],[-0.1284236,51.4342184],[-0.1286767,51.434213],[-0.1291185,51.4341952],[-0.1298021,51.4341751],[-0.1304535,51.4341566],[-0.1308384,51.4341528],[-0.131294,51.4341661],[-0.1318749,51.4342024],[-0.1324055,51.4342362],[-0.1333302,51.4342984],[-0.1334886,51.4343091],[-0.1335083,51.4343043],[-0.1337192,51.4341442],[-0.1337713,51.434131],[-0.1342961,51.4341009],[-0.1348644,51.4340769],[-0.135285,51.4340483],[-0.1359693,51.4340175],[-0.1360161,51.4340168],[-0.1360272,51.4340169],[-0.1360539,51.4340172]]]}},
{"type":"Feature","properties":{"highway":"footway","name":null,"category":"Footpath (pedestrian only)"},"geometry":{"type":"MultiLineString","coordinates":[[[-0.1361546,51.4337509],[-0.1362407,51.4337381],[-0.1363312,51.4337246]]]}},
{"type":"Feature","properties":{"highway":"footway","name":null,"category":"Footpath (pedestrian only)"},"geometry":{"type":"MultiLineString","coordinates":[[[-0.1359985,51.4332099],[-0.1360838,51.4332004],[-0.1362019,51.4331873]]]}},
{"type":"Feature","properties":{"highway":"footway","name":null,"category":"Footpath (pedestrian only)"},"geometry":{"type":"MultiLineString","coordinates":[[[-0.1362019,51.4331873],[-0.1363659,51.4337197]]]}},
{"type":"Feature","properties":{"highway":"footway","name":null,"category":"Footpath (pedestrian only)"},"geometry":{"type":"MultiLineString","coordinates":[[[-0.1362019,51.4331873],[-0.1361588,51.433041],[-0.1359833,51.4324923]]]}},
{"type":"Feature","properties":{"highway":"footway","name":null,"category":"Footpath (pedestrian only)"},"geometry":{"type":"MultiLineString","coordinates":[[[-0.1359439,51.4323581],[-0.1358278,51.4323719],[-0.1357456,51.4323794]]]}},
{"type":"Feature","properties":{"highway":"footway","name":null,"category":"Footpath (pedestrian only)"},"geometry":{"type":"MultiLineString","coordinates":[[[-0.1359833,51.4324923],[-0.1359439,51.4323581],[-0.135731,51.4316916]]]}},
{"type":"Feature","properties":{"highway":"footway","name":null,"category":"Footpath (pedestrian only)"},"geometry":{"type":"MultiLineString","coordinates":[[[-0.1351786,51.4308275],[-0.1351649,51.4307775],[-0.1351489,51.4307408]]]}},
{"type":"Feature","properties":{"highway":"footway","name":null,"category":"Footpath (pedestrian only)"},"geometry":{"type":"MultiLineString","coordinates":[[[-0.1355418,51.4317141],[-0.1356337,51.4317009],[-0.135731,51.4316916]]]}},
{"type":"Feature","properties":{"highway":"footway","name":null,"category":"Footpath (pedestrian only)"},"geometry":{"type":"MultiLineString","coordinates":[[[-0.134363,51.4354513],[-0.1341605,51.435392],[-0.1337799,51.4352805],[-0.1334709,51.43519],[-0.1332667,51.4351498],[-0.133264,51.4351197],[-0.1334414,51.4346523],[-0.1335703,51.4344061],[-0.1336671,51.4343257],[-0.133796,51.4342436],[-0.1339089,51.4342134],[-0.1356039,51.4341113],[-0.1359865,51.4340952]]]}},
{"type":"Feature","properties":{"highway":"footway","name":null,"category":"Footpath (pedestrian only)"},"geometry":{"type":"MultiLineString","coordinates":[[[-0.1360051,51.4341584],[-0.1357824,51.4342781],[-0.1355866,51.4343837],[-0.1354917,51.4344439],[-0.135388,51.434534],[-0.1353003,51.4346406],[-0.1351549,51.4348207],[-0.1349812,51.4350108],[-0.1347915,51.4352351],[-0.1346152,51.4354335],[-0.1345513,51.4355042],[-0.1345239,51.4355014],[-0.134363,51.4354513]]]}},
{"type":"Feature","properties":{"highway":"footway","name":null,"category":"Footpath (pedestrian only)"},"geometry":{"type":"MultiLineString","coordinates":[[[-0.1362229,51.4339562],[-0.1362085,51.4339334],[-0.1362032,51.4339059],[-0.1361672,51.4337922],[-0.1361546,51.4337509],[-0.1361325,51.4336785],[-0.1360357,51.433349],[-0.1359985,51.4332099],[-0.1359848,51.4331587],[-0.135965,51.4331549],[-0.1356622,51.4331703],[-0.1347379,51.4332105]]]}},
{"type":"Feature","properties":{"highway":"footway","name":null,"category":"Footpath (pedestrian only)"},"geometry":{"type":"MultiLineString","coordinates":[[[-0.1360539,51.4340172],[-0.1361516,51.4340103],[-0.1362229,51.4339562]]]}},
{"type":"Feature","properties":{"highway":"footway","name":null,"category":"Footpath (pedestrian only)"},"geometry":{"type":"MultiLineString","coordinates":[[[-0.1359865,51.4340952],[-0.1360115,51.4341045],[-0.1360217,51.4341143],[-0.1360195,51.4341501]]]}},
{"type":"Feature","properties":{"highway":"footway","name":null,"category":"Footpath (pedestrian only)"},"geometry":{"type":"MultiLineString","coordinates":[[[-0.1360051,51.4341584],[-0.1360195,51.4341501],[-0.1360491,51.434133],[-0.1360984,51.434107],[-0.136229,51.4340247],[-0.1362326,51.4340222],[-0.1362422,51.4340158],[-0.1362422,51.433999],[-0.136228,51.4339642],[-0.1362229,51.4339562]]]}},
{"type":"Feature","properties":{"highway":"footway","name":null,"category":"Footpath (pedestrian only)"},"geometry":{"type":"MultiLineString","coordinates":[[[-0.1359263,51.4329688],[-0.1359525,51.4330517],[-0.1359403,51.433069],[-0.1359314,51.4330698],[-0.1358507,51.4330772],[-0.1356036,51.4330858],[-0.1352286,51.4331075],[-0.1350915,51.4331136]]]}},
{"type":"Feature","properties":{"highway":"footway","name":null,"category":"Footpath (pedestrian only)"},"geometry":{"type":"MultiLineString","coordinates":[[[-0.1359079,51.4329108],[-0.1359147,51.432932],[-0.1359263,51.4329688]]]}},
{"type":"Feature","properties":{"highway":"footway","name":null,"category":"Footpath (pedestrian only)"},"geometry":{"type":"MultiLineString","coordinates":[[[-0.135965,51.4331549],[-0.1359455,51.4331055],[-0.1359314,51.4330698]]]}},
{"type":"Feature","properties":{"highway":"footway","name":null,"category":"Footpath (pedestrian only)"},"geometry":{"type":"MultiLineString","coordinates":[[[-0.1356563,51.4322008],[-0.1356376,51.4321433],[-0.1356224,51.4320964]]]}},
{"type":"Feature","properties":{"highway":"footway","name":null,"category":"Footpath (pedestrian only)"},"geometry":{"type":"MultiLineString","coordinates":[[[-0.1336232,51.4299966],[-0.133665,51.4300005],[-0.1338296,51.430006],[-0.1340796,51.4299997],[-0.1344075,51.4299966],[-0.1346424,51.4299911],[-0.1347567,51.4299825],[-0.1347755,51.4299809]]]}},
{"type":"Feature","properties":{"highway":"footway","name":null,"category":"Footpath (pedestrian only)"},"geometry":{"type":"MultiLineString","coordinates":[[[-0.1347755,51.4299809],[-0.1348071,51.4300059],[-0.134837,51.4300295]]]}},
{"type":"Feature","properties":{"highway":"footway","name":null,"category":"Footpath (pedestrian only)"},"geometry":{"type":"MultiLineString","coordinates":[[[-0.1347755,51.4299809],[-0.1347821,51.429969],[-0.1347981,51.4297792],[-0.1348174,51.4295973],[-0.1348349,51.4294329],[-0.1348381,51.4294026],[-0.1348494,51.4292966],[-0.1348593,51.4292031],[-0.1348634,51.4291647],[-0.1348771,51.4290373],[-0.1348817,51.4289943],[-0.1348915,51.4289032],[-0.1349003,51.4288208],[-0.1349074,51.4287551],[-0.1348998,51.4287298],[-0.1348774,51.4286985],[-0.1348727,51.4286919],[-0.1347871,51.4286286]]]}},
{"type":"Feature","properties":{"highway":"footway","name":null,"category":"Footpath (pedestrian only)"},"geometry":{"type":"MultiLineString","coordinates":[[[-0.1329531,51.4430622],[-0.1328796,51.4430877],[-0.1327819,51.4431215]]]}},
{"type":"Feature","properties":{"highway":"footway","name":null,"category":"Footpath (pedestrian only)"},"geometry":{"type":"MultiLineString","coordinates":[[[-0.132955,51.4430188],[-0.1329193,51.4429811],[-0.1328774,51.4429395]]]}},
{"type":"Feature","properties":{"highway":"footway","name":null,"category":"Footpath (pedestrian only)"},"geometry":{"type":"MultiLineString","coordinates":[[[-0.1327602,51.443104],[-0.132731,51.4430479],[-0.1326964,51.443004]]]}},
{"type":"Feature","properties":{"highway":"footway","name":null,"category":"Footpath (pedestrian only)"},"geometry":{"type":"MultiLineString","coordinates":[[[-0.1326962,51.4429856],[-0.1327723,51.4429611],[-0.132847,51.4429369]]]}},
{"type":"Feature","properties":{"highway":"footway","name":null,"category":"Footpath (pedestrian only)"},"geometry":{"type":"MultiLineString","coordinates":[[[-0.1320974,51.4420349],[-0.1321191,51.4420843],[-0.132157,51.4421479],[-0.1322069,51.4422121],[-0.1323176,51.4423406],[-0.1324857,51.4425319],[-0.1327244,51.442797],[-0.1328188,51.4429031],[-0.132847,51.4429369],[-0.1328774,51.4429395],[-0.132893,51.4429374],[-0.1333428,51.4427618],[-0.1333562,51.4427571],[-0.1334784,51.4427138],[-0.13364,51.4426658],[-0.1337409,51.4426428],[-0.1340533,51.4425786],[-0.1340859,51.4425725],[-0.1340969,51.4425653],[-0.1340956,51.4425482],[-0.1340533,51.4424697],[-0.1338895,51.4421627],[-0.1338027,51.4420005],[-0.1337333,51.4418659],[-0.133717,51.4418503],[-0.1336595,51.4418517],[-0.1333037,51.4418869],[-0.1328383,51.4419153],[-0.1325834,51.4419159],[-0.1323859,51.4419301],[-0.1322449,51.4419457],[-0.1321343,51.44197],[-0.1320952,51.4419991],[-0.1320974,51.4420349]]]}},
{"type":"Feature","properties":{"highway":"footway","name":null,"category":"Footpath (pedestrian only)"},"geometry":{"type":"MultiLineString","coordinates":[[[-0.1319086,51.4420857],[-0.1320002,51.4420611],[-0.1320974,51.4420349]]]}},
{"type":"Feature","properties":{"highway":"footway","name":null,"category":"Footpath (pedestrian only)"},"geometry":{"type":"MultiLineString","coordinates":[[[-0.1316551,51.4435032],[-0.1319705,51.4432128],[-0.1320052,51.443204],[-0.1320844,51.4431486],[-0.1322113,51.4430742],[-0.1323078,51.4430519],[-0.1325606,51.4430242],[-0.1326246,51.4430194],[-0.1326964,51.443004],[-0.1326962,51.4429856],[-0.1326788,51.442966],[-0.1325509,51.4428074],[-0.1324386,51.4426806],[-0.1324,51.4426759],[-0.1323512,51.442682],[-0.1322362,51.4427023],[-0.1318772,51.4427578],[-0.1316135,51.4428044],[-0.1313033,51.4428558],[-0.1305678,51.4429728],[-0.130225,51.4430255],[-0.1301035,51.4430438],[-0.1300091,51.4430499],[-0.1299299,51.4430492],[-0.1293311,51.4430323],[-0.1291044,51.4430303],[-0.1290317,51.4430343],[-0.1290067,51.4430397],[-0.1290046,51.4430519],[-0.129023,51.4430708],[-0.1291109,51.4431452],[-0.1293311,51.4433352],[-0.1294157,51.4433731],[-0.1296305,51.4434752],[-0.1299093,51.4435921],[-0.1302554,51.4437287],[-0.1307489,51.4439153],[-0.1309854,51.4440141],[-0.131044,51.4440296],[-0.1310798,51.4440215],[-0.1313076,51.4438139],[-0.1316551,51.4435032]]]}},
{"type":"Feature","properties":{"highway":"footway","name":null,"category":"Footpath (pedestrian only)"},"geometry":{"type":"MultiLineString","coordinates":[[[-0.1332148,51.4436556],[-0.1332858,51.4437363],[-0.1333763,51.443829],[-0.1335055,51.4439803],[-0.1335286,51.4440224],[-0.1335358,51.4440707],[-0.133498,51.4441128],[-0.1334091,51.4442186],[-0.1333726,51.444263],[-0.1333153,51.4443488],[-0.1332806,51.4443822],[-0.1332497,51.4444031],[-0.1332412,51.4444088],[-0.1331923,51.4444142],[-0.1331076,51.4444013],[-0.1329196,51.4443498],[-0.1327219,51.4442936],[-0.1326208,51.4442611],[-0.1325404,51.444251],[-0.1324231,51.4442517],[-0.1323405,51.4442672],[-0.1322688,51.4442842],[-0.132196,51.4443112],[-0.1321189,51.4443587],[-0.1320243,51.4444203],[-0.131819,51.4445537],[-0.1316973,51.4446397],[-0.1316267,51.4446668],[-0.1315582,51.4446803],[-0.1315082,51.4446864],[-0.1314485,51.4446837],[-0.1313724,51.4446695],[-0.1312964,51.4446498],[-0.1311519,51.4446085],[-0.1309693,51.4445564],[-0.1309085,51.4445374],[-0.1308629,51.4445171],[-0.1308477,51.4444921],[-0.1308781,51.4444521],[-0.1311986,51.4441616],[-0.1313278,51.4440587],[-0.1314531,51.4439381],[-0.1317475,51.4436744],[-0.1318738,51.4435577],[-0.132033,51.4434085],[-0.132158,51.443286],[-0.1322753,51.4431857],[-0.1323459,51.4431539],[-0.1324915,51.4431282],[-0.1326882,51.4431133],[-0.1327602,51.443104],[-0.1327819,51.4431215],[-0.1328047,51.4431483],[-0.1328164,51.443168],[-0.1329542,51.443334],[-0.1330098,51.4434221],[-0.1332148,51.4436556]]]}},
{"type":"Feature","properties":{"highway":"footway","name":null,"category":"Footpath (pedestrian only)"},"geometry":{"type":"MultiLineString","coordinates":[[[-0.1329531,51.4430622],[-0.1329489,51.443049],[-0.132955,51.4430188],[-0.1330026,51.4429995],[-0.1332204,51.4429167],[-0.1333794,51.4428564],[-0.1336056,51.4427705],[-0.1337008,51.4427469],[-0.1339353,51.4426955],[-0.1341382,51.4426586],[-0.134324,51.4426248],[-0.1345515,51.4425966],[-0.1348318,51.4425627],[-0.1350172,51.4425448]]]}},
{"type":"Feature","properties":{"highway":"footway","name":null,"category":"Footpath (pedestrian only)"},"geometry":{"type":"MultiLineString","coordinates":[[[-0.1329531,51.4430622],[-0.1330087,51.4430862],[-0.1331988,51.4432968],[-0.133377,51.4435135],[-0.1335422,51.4437031],[-0.1336355,51.4438138]]]}},
{"type":"Feature","properties":{"highway":"footway","name":null,"category":"Footpath (pedestrian only)"},"geometry":{"type":"MultiLineString","coordinates":[[[-0.1335055,51.4439803],[-0.1336176,51.4439486],[-0.1337346,51.443915]]]}},
{"type":"Feature","properties":{"highway":"footway","name":null,"category":"Footpath (pedestrian only)"},"geometry":{"type":"MultiLineString","coordinates":[[[-0.1285678,51.4388457],[-0.1286188,51.4388358]]]}},
{"type":"Feature","properties":{"highway":"footway","name":null,"category":"Footpath (pedestrian only)"},"geometry":{"type":"MultiLineString","coordinates":[[[-0.1285678,51.4388457],[-0.1285133,51.4387946]]]}},
{"type":"Feature","properties":{"highway":"footway","name":null,"category":"Footpath (pedestrian only)"},"geometry":{"type":"MultiLineString","coordinates":[[[-0.1285476,51.4388697],[-0.1285678,51.4388457]]]}},
{"type":"Feature","properties":{"highway":"footway","name":null,"category":"Footpath (pedestrian only)"},"geometry":{"type":"MultiLineString","coordinates":[[[-0.1427184,51.4418985],[-0.1427148,51.4420082],[-0.1427115,51.4421101],[-0.1427101,51.4421512],[-0.1427371,51.4422017],[-0.1427844,51.4422926],[-0.1429613,51.442632],[-0.1430082,51.4427219],[-0.1430899,51.4428788],[-0.1431842,51.4430597],[-0.1432632,51.4432113],[-0.1432712,51.4432263],[-0.1433648,51.4434003],[-0.1434594,51.4435762],[-0.1436374,51.4439072],[-0.143731,51.4440316],[-0.1437509,51.4440311],[-0.1437802,51.4440222],[-0.1438324,51.4440063],[-0.1438489,51.4439912],[-0.1438712,51.4439803],[-0.1441634,51.4438817],[-0.1442421,51.4438551],[-0.1442678,51.4438457],[-0.1443961,51.4437987],[-0.1444687,51.4437727],[-0.1445178,51.4437595],[-0.1445207,51.4437431],[-0.1444178,51.443558],[-0.144178,51.4431478],[-0.1439266,51.4427169],[-0.1437877,51.4424241],[-0.1436256,51.4420744],[-0.1436173,51.4420599],[-0.1435469,51.441936],[-0.1435266,51.4419279],[-0.143344,51.4418997],[-0.1430704,51.4418862],[-0.1427471,51.4418795],[-0.1427286,51.4418838],[-0.1427184,51.4418985]]]}},
{"type":"Feature","properties":{"highway":"footway","name":null,"category":"Footpath (pedestrian only)"},"geometry":{"type":"MultiLineString","coordinates":[[[-0.1391061,51.4417536],[-0.1391065,51.4417151]]]}},
{"type":"Feature","properties":{"highway":"footway","name":null,"category":"Footpath (pedestrian only)"},"geometry":{"type":"MultiLineString","coordinates":[[[-0.1391044,51.4417762],[-0.1391061,51.4417536]]]}},
{"type":"Feature","properties":{"highway":"footway","name":null,"category":"Footpath (pedestrian only)"},"geometry":{"type":"MultiLineString","coordinates":[[[-0.1436499,51.4418528],[-0.1436049,51.441849],[-0.1435274,51.4418424]]]}},
{"type":"Feature","properties":{"highway":"footway","name":null,"category":"Footpath (pedestrian only)"},"geometry":{"type":"MultiLineString","coordinates":[[[-0.1438097,51.4419834],[-0.1438121,51.4419334],[-0.1438141,51.4419091]]]}},
{"type":"Feature","properties":{"highway":"footway","name":null,"category":"Footpath (pedestrian only)"},"geometry":{"type":"MultiLineString","coordinates":[[[-0.1436173,51.4420599],[-0.1436845,51.4420454],[-0.1437446,51.4420325]]]}},
{"type":"Feature","properties":{"highway":"footway","name":null,"category":"Footpath (pedestrian only)"},"geometry":{"type":"MultiLineString","coordinates":[[[-0.1437446,51.4420325],[-0.1437594,51.4420208],[-0.1438097,51.4419834]]]}},
{"type":"Feature","properties":{"highway":"footway","name":null,"category":"Footpath (pedestrian only)"},"geometry":{"type":"MultiLineString","coordinates":[[[-0.1436499,51.4418528],[-0.1436769,51.4418665],[-0.143742,51.4418798],[-0.1438156,51.4418914],[-0.1488413,51.4427869],[-0.1489899,51.4428077],[-0.1491073,51.4428188],[-0.1492432,51.4428247],[-0.1493794,51.4428166],[-0.1494527,51.4428077],[-0.1495126,51.4427904],[-0.1495539,51.4427703],[-0.1495414,51.4427492]]]}},
{"type":"Feature","properties":{"highway":"footway","name":null,"category":"Footpath (pedestrian only)"},"geometry":{"type":"MultiLineString","coordinates":[[[-0.1435274,51.4418424],[-0.1435061,51.4418456],[-0.1433628,51.4418267]]]}},
{"type":"Feature","properties":{"highway":"footway","name":null,"category":"Footpath (pedestrian only)"},"geometry":{"type":"MultiLineString","coordinates":[[[-0.1433628,51.4418267],[-0.1432465,51.4418038],[-0.1431508,51.4417944],[-0.1430412,51.441794]]]}},
{"type":"Feature","properties":{"highway":"footway","name":null,"category":"Footpath (pedestrian only)"},"geometry":{"type":"MultiLineString","coordinates":[[[-0.1391066,51.4417072],[-0.1393441,51.4417151],[-0.1398342,51.4417277],[-0.1402058,51.4417355],[-0.1407713,51.4417461],[-0.1412468,51.4417535],[-0.1417771,51.4417649],[-0.142143,51.4417712],[-0.1425858,51.4417826],[-0.1429202,51.4417908],[-0.1430412,51.441794]]]}},
{"type":"Feature","properties":{"highway":"footway","name":null,"category":"Footpath (pedestrian only)"},"geometry":{"type":"MultiLineString","coordinates":[[[-0.1391035,51.4417893],[-0.1390678,51.4417949],[-0.138482,51.4417882],[-0.1382787,51.4417897],[-0.1382405,51.4417912],[-0.1382512,51.4421347],[-0.1382536,51.4421481],[-0.1384401,51.4425125],[-0.1385884,51.4428061],[-0.1388884,51.4434089],[-0.1389076,51.4434388],[-0.1389231,51.4434499],[-0.1390821,51.4434164],[-0.1391682,51.4433993],[-0.1397384,51.4432853],[-0.1397982,51.4432726],[-0.139803,51.4432569],[-0.1397361,51.4431377],[-0.139442,51.4426079],[-0.1391897,51.442137],[-0.139173,51.4420937],[-0.1391694,51.4420252],[-0.1391849,51.4418143],[-0.1391789,51.4417972],[-0.1391575,51.4417912],[-0.1391035,51.4417893]]]}},
{"type":"Feature","properties":{"highway":"footway","name":null,"category":"Footpath (pedestrian only)"},"geometry":{"type":"MultiLineString","coordinates":[[[-0.1404463,51.4420142],[-0.1404508,51.4418492],[-0.1404605,51.4418321],[-0.1404647,51.4418246],[-0.1414414,51.4418477],[-0.1414539,51.4418745],[-0.1414335,51.442024],[-0.1414335,51.4421219],[-0.1414357,51.4421428],[-0.1425396,51.4442041],[-0.1426181,51.4442936],[-0.1426787,51.4443663],[-0.142672,51.4443831],[-0.1419102,51.4446633],[-0.1419024,51.4446572],[-0.1418777,51.4446376],[-0.1418082,51.4445621],[-0.1415053,51.4440335],[-0.1412181,51.4435133],[-0.1405495,51.442326],[-0.1404373,51.4421163],[-0.1404351,51.4420715],[-0.1404463,51.4420142]]]}},
{"type":"Feature","properties":{"highway":"footway","name":null,"category":"Footpath (pedestrian only)"},"geometry":{"type":"MultiLineString","coordinates":[[[-0.1414414,51.4418477],[-0.1415266,51.4418609],[-0.1415883,51.4418632]]]}},
{"type":"Feature","properties":{"highway":"footway","name":null,"category":"Footpath (pedestrian only)"},"geometry":{"type":"MultiLineString","coordinates":[[[-0.1415883,51.4418632],[-0.1415726,51.4421345],[-0.1416063,51.4422086],[-0.1426944,51.4442013],[-0.1428021,51.4443286],[-0.1428268,51.4443286],[-0.1435941,51.4440713],[-0.1435874,51.4440503],[-0.1434774,51.4439035],[-0.1434168,51.4437818],[-0.1432417,51.44345],[-0.1425575,51.442154],[-0.1425575,51.4421205],[-0.1425822,51.4418841],[-0.1425511,51.4418717],[-0.1416263,51.4418508],[-0.1415883,51.4418632]]]}},
{"type":"Feature","properties":{"highway":"footway","name":null,"category":"Footpath (pedestrian only)"},"geometry":{"type":"MultiLineString","coordinates":[[[-0.1397439,51.4418135],[-0.1393313,51.4418079],[-0.1393305,51.4418172],[-0.1393066,51.4420855],[-0.1399348,51.4432378],[-0.1399639,51.443242],[-0.1408008,51.4430658],[-0.140803,51.443049],[-0.1402937,51.4421303],[-0.1402846,51.4420785],[-0.1403072,51.4418576],[-0.1403021,51.4418338],[-0.1402711,51.4418303],[-0.1397439,51.4418135]]]}},
{"type":"Feature","properties":{"highway":"footway","name":null,"category":"Footpath (pedestrian only)"},"geometry":{"type":"MultiLineString","coordinates":[[[-0.1403021,51.4418338],[-0.140391,51.4418328],[-0.1404605,51.4418321]]]}},
{"type":"Feature","properties":{"highway":"footway","name":null,"category":"Footpath (pedestrian only)"},"geometry":{"type":"MultiLineString","coordinates":[[[-0.1438097,51.4419834],[-0.1438951,51.4419963],[-0.1458494,51.4423469],[-0.1459593,51.4423657],[-0.1465091,51.4424598],[-0.1466235,51.4424788],[-0.1466492,51.442474],[-0.1466836,51.4424818],[-0.1466979,51.4425055],[-0.1467026,51.4425311],[-0.146674,51.4425394],[-0.1465758,51.4427717],[-0.146409,51.4431401],[-0.1463852,51.4431847],[-0.1463575,51.4432043],[-0.146327,51.4432031],[-0.146287,51.4431942],[-0.1457064,51.4430819],[-0.1449905,51.4429524],[-0.1447159,51.4429179],[-0.1445281,51.4428983],[-0.1442812,51.4428834],[-0.1442555,51.4428888],[-0.1442335,51.4429013],[-0.1442097,51.4429024],[-0.1441925,51.4428965],[-0.1440963,51.44272],[-0.1440623,51.4426554],[-0.1439447,51.4424318],[-0.1439266,51.4423948],[-0.1438741,51.4422875],[-0.1437446,51.4420325]]]}},
{"type":"Feature","properties":{"highway":"footway","name":null,"category":"Footpath (pedestrian only)"},"geometry":{"type":"MultiLineString","coordinates":[[[-0.1442335,51.4429013],[-0.1442546,51.4429435],[-0.1442688,51.442972]]]}},
{"type":"Feature","properties":{"highway":"footway","name":null,"category":"Footpath (pedestrian only)"},"geometry":{"type":"MultiLineString","coordinates":[[[-0.1442688,51.442972],[-0.1442554,51.442984],[-0.144576,51.4435692],[-0.1447402,51.4438351],[-0.1447518,51.4438506],[-0.1447628,51.4438476],[-0.1447822,51.4438423],[-0.1448012,51.4438305],[-0.1452602,51.4438115],[-0.1459606,51.443786],[-0.1465385,51.4437671],[-0.147122,51.4437469],[-0.1477312,51.4437292],[-0.1489735,51.4436903],[-0.1490056,51.4436866],[-0.1490129,51.4436739],[-0.1489983,51.4436575],[-0.1489764,51.4436229],[-0.148946,51.4435424],[-0.1489075,51.4434635],[-0.1489004,51.4434507],[-0.1488916,51.4434279],[-0.1488785,51.4434143],[-0.1488478,51.4434188],[-0.1486008,51.4434352],[-0.1483012,51.4434407],[-0.1479285,51.4434471],[-0.1476991,51.4434398],[-0.1474132,51.4434233],[-0.1470892,51.4434023],[-0.1467828,51.4433667],[-0.1464588,51.4433247],[-0.1462155,51.4432845],[-0.1456511,51.443173],[-0.1452772,51.4431008],[-0.1449943,51.4430496],[-0.1447392,51.4430131],[-0.1446146,51.4429994],[-0.1445076,51.4429921],[-0.1443243,51.4429774],[-0.1442688,51.442972]]]}},
{"type":"Feature","properties":{"highway":"footway","name":null,"category":"Footpath (pedestrian only)"},"geometry":{"type":"MultiLineString","coordinates":[[[-0.1270446,51.4381447],[-0.1270274,51.4381416]]]}},
{"type":"Feature","properties":{"highway":"footway","name":null,"category":"Footpath (pedestrian only)"},"geometry":{"type":"MultiLineString","coordinates":[[[-0.1334244,51.4344144],[-0.1334035,51.4344435],[-0.1333318,51.4345741],[-0.133281,51.4347104],[-0.1332441,51.4348098],[-0.1332253,51.434822],[-0.1331786,51.4348276],[-0.1324906,51.4348133],[-0.1319043,51.4348007],[-0.1314587,51.4347899],[-0.1306753,51.4347751],[-0.1297785,51.4347599],[-0.1284123,51.434733],[-0.1284053,51.43472],[-0.1284025,51.4347101],[-0.1284116,51.4345402],[-0.1284123,51.4343766],[-0.1284053,51.4343197],[-0.1284368,51.4343099],[-0.1295208,51.4342775],[-0.1298647,51.4342698],[-0.1301823,51.4342581],[-0.1305054,51.4342529],[-0.130825,51.4342543],[-0.1310882,51.434259],[-0.131334,51.4342624],[-0.1317844,51.4342942],[-0.1322427,51.4343232],[-0.1326919,51.4343527],[-0.1333896,51.4343983],[-0.1334091,51.4344009],[-0.1334244,51.4344144]]]}},
{"type":"Feature","properties":{"highway":"footway","name":null,"category":"Footpath (pedestrian only)"},"geometry":{"type":"MultiLineString","coordinates":[[[-0.1331821,51.4349162],[-0.1331904,51.4349348],[-0.1331285,51.4351228],[-0.1331034,51.4351554],[-0.1330637,51.4351766],[-0.1322107,51.4353433],[-0.1314406,51.4355065],[-0.1310318,51.4355964],[-0.131011,51.4355938],[-0.1310033,51.4355721],[-0.1310096,51.435454],[-0.1310235,51.4351354],[-0.131036,51.4348832],[-0.1310451,51.4348715],[-0.1311453,51.4348715],[-0.1316564,51.4348819],[-0.1322873,51.4348958],[-0.1331118,51.4349162],[-0.1331821,51.4349162]]]}},
{"type":"Feature","properties":{"highway":"footway","name":null,"category":"Footpath (pedestrian only)"},"geometry":{"type":"MultiLineString","coordinates":[[[-0.1336091,51.4366288],[-0.1336592,51.436643],[-0.1336744,51.4367905],[-0.1337002,51.4367905],[-0.1338375,51.4367849],[-0.133872,51.43677],[-0.1338958,51.4367549],[-0.1338697,51.4363192],[-0.1338655,51.436286],[-0.1338512,51.4362623],[-0.1338219,51.4362466],[-0.1337439,51.4362301],[-0.1330203,51.4361633],[-0.1328633,51.4361474],[-0.1327957,51.4361406],[-0.132606,51.436133],[-0.1319477,51.4361263]]]}},
{"type":"Feature","properties":{"highway":"footway","name":null,"category":"Footpath (pedestrian only)"},"geometry":{"type":"MultiLineString","coordinates":[[[-0.133619,51.4367657],[-0.1335606,51.4367839],[-0.1330415,51.4367934]]]}},
{"type":"Feature","properties":{"highway":"footway","name":null,"category":"Footpath (pedestrian only)"},"geometry":{"type":"MultiLineString","coordinates":[[[-0.1329297,51.436999],[-0.1329478,51.4369766],[-0.1329433,51.4369541],[-0.1329328,51.4369298],[-0.1328749,51.4369276]]]}},
{"type":"Feature","properties":{"highway":"footway","name":null,"category":"Footpath (pedestrian only)"},"geometry":{"type":"MultiLineString","coordinates":[[[-0.1331303,51.4373312],[-0.133094,51.437326],[-0.1330808,51.4373028],[-0.1331023,51.4372848]]]}},
{"type":"Feature","properties":{"highway":"footway","name":null,"category":"Footpath (pedestrian only)"},"geometry":{"type":"MultiLineString","coordinates":[[[-0.1327404,51.4380087],[-0.1326754,51.4379666],[-0.1325896,51.4378183],[-0.1323946,51.4374755],[-0.1324271,51.4374269],[-0.1325012,51.437358],[-0.1326819,51.4372551],[-0.1327781,51.437221],[-0.1328717,51.4371643],[-0.1327137,51.4369387]]]}},
{"type":"Feature","properties":{"highway":"footway","name":null,"category":"Footpath (pedestrian only)"},"geometry":{"type":"MultiLineString","coordinates":[[[-0.1330835,51.437865],[-0.1332347,51.4381255]]]}},
{"type":"Feature","properties":{"highway":"footway","name":null,"category":"Footpath (pedestrian only)"},"geometry":{"type":"MultiLineString","coordinates":[[[-0.1369207,51.4419338],[-0.1370308,51.4421661],[-0.1371546,51.4424291],[-0.1371708,51.4424634],[-0.1372039,51.4425341],[-0.1373513,51.4428332],[-0.1373702,51.4428714],[-0.1374826,51.4431093],[-0.137514,51.4431756],[-0.1376074,51.4433672],[-0.1376581,51.4434713],[-0.1376891,51.4435349],[-0.1376997,51.4435611],[-0.13775,51.4436854],[-0.137737,51.4436956],[-0.1376935,51.4437125],[-0.1370332,51.4438468],[-0.1370071,51.4438474],[-0.1369962,51.4438366],[-0.1370038,51.4437871],[-0.1370027,51.4437206],[-0.1369723,51.4436467],[-0.1369277,51.4435627],[-0.1368657,51.4434867],[-0.136635,51.4432915],[-0.1355336,51.4423707],[-0.1355208,51.4423547],[-0.1355327,51.4423265],[-0.1356666,51.442254],[-0.1357558,51.4422109],[-0.1358685,51.4421633],[-0.1359743,51.4421249],[-0.1360698,51.4420963],[-0.1362799,51.4420515],[-0.1363997,51.4420223],[-0.1367026,51.4419599],[-0.1367512,51.4419508],[-0.1368725,51.441928],[-0.1369128,51.44193],[-0.1369207,51.4419338]]]}},
{"type":"Feature","properties":{"highway":"footway","name":null,"category":"Footpath (pedestrian only)"},"geometry":{"type":"MultiLineString","coordinates":[[[-0.1379363,51.4436654],[-0.1379118,51.4436667],[-0.1378991,51.4436515],[-0.1378384,51.4435307],[-0.1375595,51.4429455],[-0.1374531,51.4427239],[-0.1373126,51.4424221],[-0.1371412,51.442077],[-0.1370794,51.4419424],[-0.1370624,51.4419059],[-0.1370922,51.4418933],[-0.1373988,51.4418501],[-0.1375702,51.4418296],[-0.1376691,51.4418236],[-0.1380606,51.4417973],[-0.1380843,51.4418024],[-0.1380981,51.4418189],[-0.1381056,51.4419457],[-0.1381056,51.4421261],[-0.1381183,51.4421812],[-0.1381609,51.4422787],[-0.138361,51.4426642],[-0.1385505,51.4430338],[-0.1387421,51.4434047],[-0.1387783,51.4434863],[-0.1387666,51.4434949],[-0.1384781,51.44355],[-0.1379363,51.4436654]]]}},
{"type":"Feature","properties":{"highway":"path","name":null,"category":"Shared path"},"geometry":{"type":"MultiLineString","coordinates":[[[-0.1430325,51.4328218],[-0.1429566,51.4328691],[-0.1429239,51.4329179],[-0.1428962,51.4329519]]]}},
{"type":"Feature","properties":{"highway":"path","name":null,"category":"Shared path"},"geometry":{"type":"MultiLineString","coordinates":[[[-0.1372086,51.4308821],[-0.1371668,51.4309967],[-0.1371178,51.4311379],[-0.1370815,51.4312268],[-0.136994,51.4312849],[-0.1369427,51.4313403],[-0.1369536,51.4313821]]]}},
{"type":"Feature","properties":{"highway":"footway","name":null,"category":"Footpath (pedestrian only)"},"geometry":{"type":"MultiLineString","coordinates":[[[-0.1266431,51.4380563],[-0.1261588,51.4374898],[-0.1260476,51.4373713],[-0.1260318,51.4373435]]]}},
{"type":"Feature","properties":{"highway":"footway","name":null,"category":"Footpath (pedestrian only)"},"geometry":{"type":"MultiLineString","coordinates":[[[-0.1260318,51.4373435],[-0.1260196,51.4373231],[-0.1259958,51.4372834]]]}},
{"type":"Feature","properties":{"highway":"footway","name":null,"category":"Footpath (pedestrian only)"},"geometry":{"type":"MultiLineString","coordinates":[[[-0.1259958,51.4372834],[-0.1259803,51.4372617],[-0.1257748,51.4370457],[-0.1253403,51.4366193],[-0.1252065,51.4364986],[-0.125153,51.4364503],[-0.1250223,51.4363324],[-0.1249199,51.4362476],[-0.124871,51.436201],[-0.1247106,51.436064]]]}},
{"type":"Feature","properties":{"highway":"footway","name":null,"category":"Footpath (pedestrian only)"},"geometry":{"type":"MultiLineString","coordinates":[[[-0.1289036,51.4382873],[-0.1289378,51.438281]]]}},
{"type":"Feature","properties":{"highway":"footway","name":null,"category":"Footpath (pedestrian only)"},"geometry":{"type":"MultiLineString","coordinates":[[[-0.1287326,51.4383186],[-0.1288123,51.438304]]]}},
{"type":"Feature","properties":{"highway":"footway","name":null,"category":"Footpath (pedestrian only)"},"geometry":{"type":"MultiLineString","coordinates":[[[-0.1289378,51.438281],[-0.1289662,51.4383025]]]}},
{"type":"Feature","properties":{"highway":"footway","name":null,"category":"Footpath (pedestrian only)"},"geometry":{"type":"MultiLineString","coordinates":[[[-0.1289378,51.438281],[-0.1289441,51.4382672]]]}},
{"type":"Feature","properties":{"highway":"footway","name":null,"category":"Footpath (pedestrian only)"},"geometry":{"type":"MultiLineString","coordinates":[[[-0.1354092,51.4301883],[-0.1353999,51.4302132]]]}},
{"type":"Feature","properties":{"highway":"footway","name":null,"category":"Footpath (pedestrian only)"},"geometry":{"type":"MultiLineString","coordinates":[[[-0.1354133,51.4301737],[-0.1354092,51.4301883]]]}},
{"type":"Feature","properties":{"highway":"footway","name":null,"category":"Footpath (pedestrian only)"},"geometry":{"type":"MultiLineString","coordinates":[[[-0.1391065,51.4417151],[-0.1391066,51.4417072]]]}},
{"type":"Feature","properties":{"highway":"footway","name":null,"category":"Footpath (pedestrian only)"},"geometry":{"type":"MultiLineString","coordinates":[[[-0.1391035,51.4417893],[-0.1391044,51.4417762]]]}},
{"type":"Feature","properties":{"highway":"footway","name":null,"category":"Footpath (pedestrian only)"},"geometry":{"type":"MultiLineString","coordinates":[[[-0.1287623,51.4383523],[-0.1287326,51.4383186]]]}},
{"type":"Feature","properties":{"highway":"footway","name":null,"category":"Footpath (pedestrian only)"},"geometry":{"type":"MultiLineString","coordinates":[[[-0.1289862,51.4383959],[-0.1289983,51.4383847],[-0.1290209,51.438369],[-0.129037,51.4383562]]]}},
{"type":"Feature","properties":{"highway":"footway","name":null,"category":"Footpath (pedestrian only)"},"geometry":{"type":"MultiLineString","coordinates":[[[-0.1287412,51.4388105],[-0.1287346,51.4387856],[-0.1287326,51.4387579],[-0.1287352,51.4387247]]]}},
{"type":"Feature","properties":{"highway":"footway","name":null,"category":"Footpath (pedestrian only)"},"geometry":{"type":"MultiLineString","coordinates":[[[-0.1284643,51.4387235],[-0.128482,51.4387183],[-0.1285404,51.4386911],[-0.1285803,51.4386658]]]}},
{"type":"Feature","properties":{"highway":"footway","name":null,"category":"Footpath (pedestrian only)"},"geometry":{"type":"MultiLineString","coordinates":[[[-0.1271577,51.4381652],[-0.1270446,51.4381447]]]}},
{"type":"Feature","properties":{"highway":"footway","name":null,"category":"Footpath (pedestrian only)"},"geometry":{"type":"MultiLineString","coordinates":[[[-0.1368368,51.4340544],[-0.1368321,51.4340435]]]}},
{"type":"Feature","properties":{"highway":"footway","name":null,"category":"Footpath (pedestrian only)"},"geometry":{"type":"MultiLineString","coordinates":[[[-0.1366242,51.4340853],[-0.1365895,51.4340899]]]}},
{"type":"Feature","properties":{"highway":"footway","name":null,"category":"Footpath (pedestrian only)"},"geometry":{"type":"MultiLineString","coordinates":[[[-0.136463,51.4341044],[-0.1364283,51.4341078]]]}},
{"type":"Feature","properties":{"highway":"footway","name":null,"category":"Footpath (pedestrian only)"},"geometry":{"type":"MultiLineString","coordinates":[[[-0.1363472,51.4341009],[-0.1363245,51.4340866]]]}},
{"type":"Feature","properties":{"highway":"footway","name":null,"category":"Footpath (pedestrian only)"},"geometry":{"type":"MultiLineString","coordinates":[[[-0.1362422,51.43403],[-0.1362326,51.4340222]]]}},
{"type":"Feature","properties":{"highway":"footway","name":null,"category":"Footpath (pedestrian only)"},"geometry":{"type":"MultiLineString","coordinates":[[[-0.1391849,51.4418143],[-0.1392585,51.4418158],[-0.1393305,51.4418172]]]}},
{"type":"Feature","properties":{"highway":"footway","name":null,"category":"Footpath (pedestrian only)"},"geometry":{"type":"MultiLineString","coordinates":[[[-0.1354208,51.4301594],[-0.1354133,51.4301737]]]}},
{"type":"Feature","properties":{"highway":"footway","name":null,"category":"Footpath (pedestrian only)"},"geometry":{"type":"MultiLineString","coordinates":[[[-0.1282791,51.4353875],[-0.1282147,51.4353841],[-0.1281278,51.4353787]]]}},
{"type":"Feature","properties":{"highway":"footway","name":null,"category":"Footpath (pedestrian only)"},"geometry":{"type":"MultiLineString","coordinates":[[[-0.1281278,51.4353787],[-0.1281181,51.4354326]]]}},
{"type":"Feature","properties":{"highway":"footway","name":null,"category":"Footpath (pedestrian only)"},"geometry":{"type":"MultiLineString","coordinates":[[[-0.1281181,51.4354326],[-0.1280424,51.4354276],[-0.1279744,51.4354232]]]}},
{"type":"Feature","properties":{"highway":"footway","name":null,"category":"Footpath (pedestrian only)"},"geometry":{"type":"MultiLineString","coordinates":[[[-0.1277335,51.4369876],[-0.1276665,51.4369751],[-0.1275855,51.43696]]]}},
{"type":"Feature","properties":{"highway":"footway","name":null,"category":"Footpath (pedestrian only)"},"geometry":{"type":"MultiLineString","coordinates":[[[-0.1275855,51.43696],[-0.1275531,51.4370152]]]}},
{"type":"Feature","properties":{"highway":"footway","name":null,"category":"Footpath (pedestrian only)"},"geometry":{"type":"MultiLineString","coordinates":[[[-0.1275531,51.4370152],[-0.1274775,51.4369999],[-0.1274062,51.4369855]]]}},
{"type":"Feature","properties":{"highway":"footway","name":null,"category":"Footpath (pedestrian only)"},"geometry":{"type":"MultiLineString","coordinates":[[[-0.1423498,51.4387024],[-0.1422999,51.4387151]]]}},
{"type":"Feature","properties":{"highway":"footway","name":null,"category":"Footpath (pedestrian only)"},"geometry":{"type":"MultiLineString","coordinates":[[[-0.1364817,51.4280168],[-0.136473,51.428048],[-0.1364229,51.4285479],[-0.1363914,51.4289107],[-0.1363544,51.4292492],[-0.1363392,51.4294235],[-0.1363,51.4297816],[-0.1362837,51.4300176],[-0.1362967,51.4300277],[-0.1363185,51.4300345]]]}},
{"type":"Feature","properties":{"highway":"footway","name":null,"category":"Footpath (pedestrian only)"},"geometry":{"type":"MultiLineString","coordinates":[[[-0.1363185,51.4300345],[-0.1364447,51.4300454],[-0.1372308,51.4301192],[-0.1372532,51.430122],[-0.1372674,51.4301144]]]}},
{"type":"Feature","properties":{"highway":"footway","name":null,"category":"Footpath (pedestrian only)"},"geometry":{"type":"MultiLineString","coordinates":[[[-0.1354213,51.430146],[-0.1354208,51.4301594]]]}},
{"type":"Feature","properties":{"highway":"footway","name":null,"category":"Footpath (pedestrian only)"},"geometry":{"type":"MultiLineString","coordinates":[[[-0.1352781,51.4302536],[-0.1352564,51.4302506]]]}},
{"type":"Feature","properties":{"highway":"footway","name":null,"category":"Footpath (pedestrian only)"},"geometry":{"type":"MultiLineString","coordinates":[[[-0.1350037,51.4302924],[-0.1349888,51.4302941]]]}},
{"type":"Feature","properties":{"highway":"footway","name":null,"category":"Footpath (pedestrian only)"},"geometry":{"type":"MultiLineString","coordinates":[[[-0.1349484,51.4300285],[-0.1349368,51.4300343],[-0.1349008,51.4300483]]]}},
{"type":"Feature","properties":{"highway":"footway","name":null,"category":"Footpath (pedestrian only)"},"geometry":{"type":"MultiLineString","coordinates":[[[-0.1349647,51.4300235],[-0.1349484,51.4300285]]]}},
{"type":"Feature","properties":{"highway":"footway","name":null,"category":"Footpath (pedestrian only)"},"geometry":{"type":"MultiLineString","coordinates":[[[-0.1260489,51.4390332],[-0.1261028,51.4389626],[-0.1263474,51.4386009],[-0.1263728,51.4385806]]]}},
{"type":"Feature","properties":{"highway":"footway","name":null,"category":"Footpath (pedestrian only)"},"geometry":{"type":"MultiLineString","coordinates":[[[-0.1369751,51.4353503],[-0.1370026,51.4354153],[-0.137027,51.4354727],[-0.1370241,51.4354765]]]}},
{"type":"Feature","properties":{"highway":"footway","name":null,"category":"Footpath (pedestrian only)"},"geometry":{"type":"MultiLineString","coordinates":[[[-0.135654,51.4462702],[-0.1351871,51.4458057],[-0.1351757,51.4457944],[-0.1351383,51.4457555],[-0.1350966,51.4457187],[-0.134771,51.4453644],[-0.1347312,51.4453263],[-0.1347121,51.4453025],[-0.1338052,51.4443118],[-0.1337868,51.4442889],[-0.1337573,51.4442717],[-0.1337095,51.4442705],[-0.1336709,51.4442751],[-0.1336359,51.4443027],[-0.1334667,51.4445262],[-0.1334262,51.4446019],[-0.133233,51.4450353],[-0.1330861,51.4453686],[-0.1328762,51.4458379],[-0.1328571,51.44588],[-0.1328429,51.4459242],[-0.1328394,51.4459354],[-0.1326462,51.446386],[-0.1326188,51.4464325],[-0.1325935,51.4464914]]]}},
{"type":"Feature","properties":{"highway":"footway","name":null,"category":"Footpath (pedestrian only)"},"geometry":{"type":"MultiLineString","coordinates":[[[-0.1360019,51.4462991],[-0.1351022,51.4454055],[-0.1350598,51.445364],[-0.1350275,51.4453229],[-0.1347744,51.4450699],[-0.1342155,51.4444319],[-0.1339414,51.4441244]]]}},
{"type":"Feature","properties":{"highway":"footway","name":null,"category":"Footpath (pedestrian only)"},"geometry":{"type":"MultiLineString","coordinates":[[[-0.1338052,51.4439871],[-0.1337346,51.443915],[-0.1336355,51.4438138]]]}},
{"type":"Feature","properties":{"highway":"footway","name":null,"category":"Footpath (pedestrian only)"},"geometry":{"type":"MultiLineString","coordinates":[[[-0.1419102,51.4446633],[-0.1418428,51.4446873],[-0.1417943,51.4447154]]]}},
{"type":"Feature","properties":{"highway":"footway","name":null,"category":"Footpath (pedestrian only)"},"geometry":{"type":"MultiLineString","coordinates":[[[-0.1417943,51.4447154],[-0.1413323,51.4449269],[-0.1410775,51.4450272],[-0.1408528,51.4450953],[-0.1406047,51.4451626],[-0.1402929,51.4452336],[-0.1396887,51.4453707],[-0.1392837,51.4454568],[-0.1389002,51.4455383],[-0.1382906,51.4456616],[-0.1377622,51.4457552],[-0.1375168,51.4458054],[-0.137515,51.4458046],[-0.137321,51.4457184],[-0.1370293,51.4455868],[-0.1368255,51.4454974],[-0.1366672,51.4454205],[-0.1366552,51.4454037],[-0.1366813,51.4453916],[-0.1370749,51.4453101],[-0.1374853,51.4452257],[-0.1380378,51.4451104],[-0.1385609,51.4450063],[-0.1390852,51.4448989],[-0.1395432,51.4448053],[-0.140014,51.4447091],[-0.140504,51.444617],[-0.1408971,51.4445273],[-0.1413282,51.4444417],[-0.1415643,51.4443919],[-0.141697,51.4445984],[-0.1417447,51.4446561],[-0.1417943,51.4447154]]]}},
{"type":"Feature","properties":{"highway":"footway","name":null,"category":"Footpath (pedestrian only)"},"geometry":{"type":"MultiLineString","coordinates":[[[-0.1373297,51.4458434],[-0.1370034,51.4456889],[-0.1365952,51.4455056],[-0.1364872,51.4454547],[-0.1364448,51.4454081],[-0.1364122,51.4453527],[-0.1363829,51.4452613],[-0.1363908,51.4451993],[-0.13649,51.4449518],[-0.1367981,51.4442524],[-0.1368407,51.4440984],[-0.1368662,51.4439573],[-0.1368784,51.4438284],[-0.1368735,51.4437199],[-0.136836,51.4436482],[-0.1367947,51.4435694],[-0.136732,51.4435081],[-0.1365826,51.4433856],[-0.1363425,51.4431769],[-0.1360556,51.4429435],[-0.1357474,51.4426855],[-0.135498,51.442471],[-0.1354238,51.442409]]]}},
{"type":"Feature","properties":{"highway":"footway","name":null,"category":"Footpath (pedestrian only)"},"geometry":{"type":"MultiLineString","coordinates":[[[-0.1355208,51.4423547],[-0.1354683,51.4423841],[-0.1354238,51.442409]]]}},
{"type":"Feature","properties":{"highway":"footway","name":null,"category":"Footpath (pedestrian only)"},"geometry":{"type":"MultiLineString","coordinates":[[[-0.1354238,51.442409],[-0.1353475,51.4424448],[-0.1352723,51.442478],[-0.1352168,51.4425033],[-0.1351607,51.4425193],[-0.1350679,51.4425383]]]}},
{"type":"Feature","properties":{"highway":"footway","name":null,"category":"Footpath (pedestrian only)"},"geometry":{"type":"MultiLineString","coordinates":[[[-0.1350679,51.4425383],[-0.1350172,51.4425448]]]}},
{"type":"Feature","properties":{"highway":"footway","name":null,"category":"Footpath (pedestrian only)"},"geometry":{"type":"MultiLineString","coordinates":[[[-0.1341605,51.435392],[-0.1341741,51.435372],[-0.134372,51.4350969]]]}},
{"type":"Feature","properties":{"highway":"footway","name":null,"category":"Footpath (pedestrian only)"},"geometry":{"type":"MultiLineString","coordinates":[[[-0.1339414,51.4441244],[-0.1338746,51.4440574]]]}},
{"type":"Feature","properties":{"highway":"footway","name":null,"category":"Footpath (pedestrian only)"},"geometry":{"type":"MultiLineString","coordinates":[[[-0.1338746,51.4440574],[-0.1338372,51.4440198],[-0.1338052,51.4439871]]]}},
{"type":"Feature","properties":{"highway":"footway","name":null,"category":"Footpath (pedestrian only)"},"geometry":{"type":"MultiLineString","coordinates":[[[-0.1339414,51.4441244],[-0.1338357,51.4442094],[-0.1337573,51.4442717]]]}},
{"type":"Feature","properties":{"highway":"footway","name":null,"category":"Footpath (pedestrian only)"},"geometry":{"type":"MultiLineString","coordinates":[[[-0.1275758,51.4381895],[-0.1275011,51.4381752]]]}},
{"type":"Feature","properties":{"highway":"footway","name":null,"category":"Footpath (pedestrian only)"},"geometry":{"type":"MultiLineString","coordinates":[[[-0.1363615,51.4386556],[-0.1364274,51.4386764],[-0.1365117,51.4386993]]]}},
{"type":"Feature","properties":{"highway":"footway","name":null,"category":"Footpath (pedestrian only)"},"geometry":{"type":"MultiLineString","coordinates":[[[-0.1353636,51.4383844],[-0.1352794,51.4384141]]]}},
{"type":"Feature","properties":{"highway":"footway","name":null,"category":"Footpath (pedestrian only)"},"geometry":{"type":"MultiLineString","coordinates":[[[-0.1350411,51.4299902],[-0.1350531,51.4299848],[-0.135085,51.4299729]]]}},
{"type":"Feature","properties":{"highway":"footway","name":null,"category":"Footpath (pedestrian only)"},"geometry":{"type":"MultiLineString","coordinates":[[[-0.1379674,51.4304985],[-0.1387516,51.4305651]]]}},
{"type":"Feature","properties":{"highway":"path","name":null,"category":"Shared path"},"geometry":{"type":"MultiLineString","coordinates":[[[-0.1400747,51.4313907],[-0.1398712,51.431633],[-0.1397794,51.4317816],[-0.1396852,51.4319694]]]}},
{"type":"Feature","properties":{"highway":"path","name":null,"category":"Shared path"},"geometry":{"type":"MultiLineString","coordinates":[[[-0.1433775,51.4333605],[-0.1430926,51.4333305]]]}},
{"type":"Feature","properties":{"highway":"path","name":null,"category":"Shared path"},"geometry":{"type":"MultiLineString","coordinates":[[[-0.1434352,51.4334809],[-0.1432997,51.4335494],[-0.1433654,51.43373]]]}},
{"type":"Feature","properties":{"highway":"path","name":null,"category":"Shared path"},"geometry":{"type":"MultiLineString","coordinates":[[[-0.1443169,51.4338573],[-0.1442774,51.4338362],[-0.1441151,51.4338086],[-0.1440118,51.4337743],[-0.1438308,51.4337818],[-0.1436551,51.4337233],[-0.1436591,51.4336631],[-0.143521,51.4335544],[-0.143458,51.4335561],[-0.1434352,51.4334809],[-0.1434888,51.4334499],[-0.1434472,51.4333789],[-0.1433775,51.4333605],[-0.1433627,51.433312],[-0.1434137,51.4332476],[-0.1433145,51.4330913],[-0.1433594,51.4330365]]]}},
{"type":"Feature","properties":{"highway":"footway","name":null,"category":"Footpath (pedestrian only)"},"geometry":{"type":"MultiLineString","coordinates":[[[-0.1395704,51.4314696],[-0.1394464,51.4314159],[-0.1393805,51.4314058],[-0.1390451,51.4314481],[-0.1389761,51.4314525]]]}},
{"type":"Feature","properties":{"highway":"footway","name":null,"category":"Footpath (pedestrian only)"},"geometry":{"type":"MultiLineString","coordinates":[[[-0.1395305,51.4313054],[-0.1395704,51.4314696],[-0.1396193,51.4316861],[-0.1396852,51.4319694],[-0.1398034,51.432515],[-0.139915,51.433073],[-0.1399955,51.4335044],[-0.1399472,51.4337184],[-0.1400706,51.4339024],[-0.1403684,51.4341716],[-0.1405868,51.4343042],[-0.1406578,51.4343493],[-0.1406538,51.4343879]]]}},
{"type":"Feature","properties":{"highway":"footway","name":null,"category":"Footpath (pedestrian only)"},"geometry":{"type":"MultiLineString","coordinates":[[[-0.1255653,51.4366605],[-0.1257599,51.4368319]]]}},
{"type":"Feature","properties":{"highway":"footway","name":null,"category":"Footpath (pedestrian only)"},"geometry":{"type":"MultiLineString","coordinates":[[[-0.1268753,51.4384408],[-0.1268532,51.4384738],[-0.1268494,51.4384912],[-0.1265941,51.4387726],[-0.1265684,51.438801],[-0.1264442,51.4389539],[-0.1263854,51.4390331],[-0.1263523,51.439114],[-0.1263001,51.4392334],[-0.1262442,51.4393987],[-0.1262326,51.439431],[-0.1262035,51.439512]]]}},
{"type":"Feature","properties":{"highway":"footway","name":null,"category":"Footpath (pedestrian only)"},"geometry":{"type":"MultiLineString","coordinates":[[[-0.1260146,51.4391139],[-0.1260299,51.439078],[-0.1260454,51.4390416]]]}},
{"type":"Feature","properties":{"highway":"footway","name":null,"category":"Footpath (pedestrian only)"},"geometry":{"type":"MultiLineString","coordinates":[[[-0.1315359,51.4396317],[-0.131443,51.4395803],[-0.1313942,51.4395612],[-0.1313679,51.4395509],[-0.1305189,51.4393985],[-0.1298923,51.4392921],[-0.1297391,51.4392429],[-0.1296244,51.4392023],[-0.1293328,51.4391046],[-0.1288444,51.4389359],[-0.1287715,51.4388863],[-0.1287472,51.4388491],[-0.1287412,51.4388105]]]}},
{"type":"Feature","properties":{"highway":"footway","name":null,"category":"Footpath (pedestrian only)"},"geometry":{"type":"MultiLineString","coordinates":[[[-0.1304434,51.4394838],[-0.1298535,51.4393776],[-0.1296518,51.4393152],[-0.1292188,51.4391706]]]}},
{"type":"Feature","properties":{"highway":"footway","name":null,"category":"Footpath (pedestrian only)"},"geometry":{"type":"MultiLineString","coordinates":[[[-0.1313734,51.439703],[-0.1313246,51.4396595],[-0.1312835,51.439646],[-0.1311472,51.4396013],[-0.1305361,51.4394997]]]}},
{"type":"Feature","properties":{"highway":"footway","name":null,"category":"Footpath (pedestrian only)"},"geometry":{"type":"MultiLineString","coordinates":[[[-0.1305361,51.4394997],[-0.1304802,51.4394901],[-0.1304434,51.4394838]]]}},
{"type":"Feature","properties":{"highway":"footway","name":null,"category":"Footpath (pedestrian only)"},"geometry":{"type":"MultiLineString","coordinates":[[[-0.1290996,51.4391214],[-0.1285127,51.4389161]]]}},
{"type":"Feature","properties":{"highway":"footway","name":null,"category":"Footpath (pedestrian only)"},"geometry":{"type":"MultiLineString","coordinates":[[[-0.1292188,51.4391706],[-0.1291557,51.4391446],[-0.1290996,51.4391214]]]}},
{"type":"Feature","properties":{"highway":"footway","name":null,"category":"Footpath (pedestrian only)"},"geometry":{"type":"MultiLineString","coordinates":[[[-0.1279508,51.4387342],[-0.1279667,51.4387391],[-0.1280148,51.4387539]]]}},
{"type":"Feature","properties":{"highway":"footway","name":null,"category":"Footpath (pedestrian only)"},"geometry":{"type":"MultiLineString","coordinates":[[[-0.1335544,51.4299895],[-0.1335815,51.4299926],[-0.1336232,51.4299966]]]}},
{"type":"Feature","properties":{"highway":"footway","name":null,"category":"Footpath (pedestrian only)"},"geometry":{"type":"MultiLineString","coordinates":[[[-0.1315906,51.4398524],[-0.1316494,51.439839]]]}},
{"type":"Feature","properties":{"highway":"footway","name":null,"category":"Footpath (pedestrian only)"},"geometry":{"type":"MultiLineString","coordinates":[[[-0.1315072,51.4398714],[-0.1315667,51.4398578],[-0.1315698,51.4398571]]]}},
{"type":"Feature","properties":{"highway":"footway","name":null,"category":"Footpath (pedestrian only)"},"geometry":{"type":"MultiLineString","coordinates":[[[-0.1315698,51.4398571],[-0.1315906,51.4398524]]]}},
{"type":"Feature","properties":{"highway":"footway","name":null,"category":"Footpath (pedestrian only)"},"geometry":{"type":"MultiLineString","coordinates":[[[-0.1313474,51.439596],[-0.1313853,51.4395684]]]}},
{"type":"Feature","properties":{"highway":"footway","name":null,"category":"Footpath (pedestrian only)"},"geometry":{"type":"MultiLineString","coordinates":[[[-0.1313853,51.4395684],[-0.1313942,51.4395612]]]}},
{"type":"Feature","properties":{"highway":"footway","name":null,"category":"Footpath (pedestrian only)"},"geometry":{"type":"MultiLineString","coordinates":[[[-0.1312835,51.439646],[-0.131297,51.4396373]]]}},
{"type":"Feature","properties":{"highway":"footway","name":null,"category":"Footpath (pedestrian only)"},"geometry":{"type":"MultiLineString","coordinates":[[[-0.131297,51.4396373],[-0.1313306,51.4396122]]]}},
{"type":"Feature","properties":{"highway":"footway","name":null,"category":"Footpath (pedestrian only)"},"geometry":{"type":"MultiLineString","coordinates":[[[-0.1313306,51.4396122],[-0.1313393,51.4396038],[-0.1313474,51.439596]]]}},
{"type":"Feature","properties":{"highway":"footway","name":null,"category":"Footpath (pedestrian only)"},"geometry":{"type":"MultiLineString","coordinates":[[[-0.1315072,51.4398714],[-0.131495,51.4398742]]]}},
{"type":"Feature","properties":{"highway":"footway","name":null,"category":"Footpath (pedestrian only)"},"geometry":{"type":"MultiLineString","coordinates":[[[-0.1316494,51.439839],[-0.1316677,51.4398342]]]}},
{"type":"Feature","properties":{"highway":"footway","name":null,"category":"Footpath (pedestrian only)"},"geometry":{"type":"MultiLineString","coordinates":[[[-0.1316677,51.4398342],[-0.1316251,51.439763],[-0.1316242,51.439751],[-0.1316292,51.439742],[-0.1316394,51.439734],[-0.1316357,51.4397253]]]}},
{"type":"Feature","properties":{"highway":"footway","name":null,"category":"Footpath (pedestrian only)"},"geometry":{"type":"MultiLineString","coordinates":[[[-0.1316157,51.4396765],[-0.1316143,51.4396736],[-0.1316024,51.4396475]]]}},
{"type":"Feature","properties":{"highway":"footway","name":null,"category":"Footpath (pedestrian only)"},"geometry":{"type":"MultiLineString","coordinates":[[[-0.1316222,51.4396941],[-0.1316157,51.4396765]]]}},
{"type":"Feature","properties":{"highway":"footway","name":null,"category":"Footpath (pedestrian only)"},"geometry":{"type":"MultiLineString","coordinates":[[[-0.1316357,51.4397253],[-0.1316222,51.4396941]]]}},
{"type":"Feature","properties":{"highway":"footway","name":null,"category":"Footpath (pedestrian only)"},"geometry":{"type":"MultiLineString","coordinates":[[[-0.1316024,51.4396475],[-0.1315982,51.4396359],[-0.1315359,51.4396317]]]}},
{"type":"Feature","properties":{"highway":"footway","name":null,"category":"Footpath (pedestrian only)"},"geometry":{"type":"MultiLineString","coordinates":[[[-0.131495,51.4398742],[-0.1314047,51.4397384],[-0.1313734,51.439703]]]}},
{"type":"Feature","properties":{"highway":"footway","name":null,"category":"Footpath (pedestrian only)"},"geometry":{"type":"MultiLineString","coordinates":[[[-0.1438156,51.4418914],[-0.1438141,51.4419091]]]}},
{"type":"Feature","properties":{"highway":"footway","name":null,"category":"Footpath (pedestrian only)"},"geometry":{"type":"MultiLineString","coordinates":[[[-0.1267234,51.4382136],[-0.1267398,51.4382173]]]}},
{"type":"Feature","properties":{"highway":"footway","name":null,"category":"Footpath (pedestrian only)"},"geometry":{"type":"MultiLineString","coordinates":[[[-0.1269385,51.4384062],[-0.1269289,51.4384237]]]}},
{"type":"Feature","properties":{"highway":"footway","name":null,"category":"Footpath (pedestrian only)"},"geometry":{"type":"MultiLineString","coordinates":[[[-0.1269891,51.4383138],[-0.1269801,51.4383302]]]}},
{"type":"Feature","properties":{"highway":"footway","name":null,"category":"Footpath (pedestrian only)"},"geometry":{"type":"MultiLineString","coordinates":[[[-0.1269428,51.4382648],[-0.1269583,51.4382686]]]}},
{"type":"Feature","properties":{"highway":"footway","name":null,"category":"Footpath (pedestrian only)"},"geometry":{"type":"MultiLineString","coordinates":[[[-0.1268753,51.4384408],[-0.126804,51.4384178]]]}},
{"type":"Feature","properties":{"highway":"footway","name":null,"category":"Footpath (pedestrian only)"},"geometry":{"type":"MultiLineString","coordinates":[[[-0.1266443,51.4383664],[-0.1266173,51.4383573]]]}},
{"type":"Feature","properties":{"highway":"footway","name":null,"category":"Footpath (pedestrian only)"},"geometry":{"type":"MultiLineString","coordinates":[[[-0.1260454,51.4390416],[-0.1260489,51.4390332]]]}},
{"type":"Feature","properties":{"highway":"footway","name":null,"category":"Footpath (pedestrian only)"},"geometry":{"type":"MultiLineString","coordinates":[[[-0.1435392,51.4343818],[-0.1434443,51.4343545],[-0.1432077,51.4342861],[-0.1427457,51.4342011],[-0.1424433,51.4342086],[-0.1422571,51.4340936],[-0.1422245,51.4340734]]]}},
{"type":"Feature","properties":{"highway":"path","name":"Streatham Hill","category":"Shared path"},"geometry":{"type":"MultiLineString","coordinates":[[[-0.1267698,51.438496],[-0.1266593,51.4386182],[-0.1265717,51.4387151]]]}},
{"type":"Feature","properties":{"highway":"footway","name":null,"category":"Footpath (pedestrian only)"},"geometry":{"type":"MultiLineString","coordinates":[[[-0.1265941,51.4387726],[-0.1265525,51.4387594]]]}},
{"type":"Feature","properties":{"highway":"footway","name":null,"category":"Footpath (pedestrian only)"},"geometry":{"type":"MultiLineString","coordinates":[[[-0.1265525,51.4387594],[-0.1265363,51.4387542],[-0.1265226,51.4387499]]]}},
{"type":"Feature","properties":{"highway":"footway","name":null,"category":"Footpath (pedestrian only)"},"geometry":{"type":"MultiLineString","coordinates":[[[-0.1265226,51.4387499],[-0.1265141,51.4387472]]]}},
{"type":"Feature","properties":{"highway":"path","name":"Streatham Hill","category":"Shared path"},"geometry":{"type":"MultiLineString","coordinates":[[[-0.1262785,51.4391772],[-0.1262568,51.4392622]]]}},
{"type":"Feature","properties":{"highway":"footway","name":null,"category":"Footpath (pedestrian only)"},"geometry":{"type":"MultiLineString","coordinates":[[[-0.1227587,51.4385524],[-0.1227491,51.4385792],[-0.1228155,51.4386013],[-0.1240773,51.4387628],[-0.125594,51.438961],[-0.1260489,51.4390332]]]}},
{"type":"Feature","properties":{"highway":"pedestrian","name":"Barker Walk","category":"Pedestrian area/street"},"geometry":{"type":"MultiLineString","coordinates":[[[-0.1330203,51.4366628],[-0.1330056,51.4364643],[-0.1329883,51.4363613],[-0.1328788,51.4363254],[-0.1328633,51.4361474]]]}}
]
}
