{
"type": "FeatureCollection",
"name": "e3a2a3c6af96_foliage",
"crs": { "type": "name", "properties": { "name": "urn:ogc:def:crs:OGC:1.3:CRS84" } },
"features": [
{ "type": "Feature", "properties": { "max_height": 12.21075439453125, "mean_height": 2.9384951591491699, "std_height": 3.6522448062896729, "count_pixels": 42, "percent_cover": 0.025194205332773459, "percent_above_0.1m": 64.285714285714292, "low_level_<0.5": 9.5238095238095237, "mid_level_0.5-2": 4.7619047619047619, "tall_2+": 42.857142857142854 }, "geometry": { "type": "Point", "coordinates": [ -0.23349551283024, 51.610390763751759 ] } },
{ "type": "Feature", "properties": { "max_height": 6.3682479858398438, "mean_height": 0.63000524044036865, "std_height": 1.5679548978805542, "count_pixels": 42, "percent_cover": 0.025194205332773459, "percent_above_0.1m": 23.809523809523807, "low_level_<0.5": 4.7619047619047619, "mid_level_0.5-2": 9.5238095238095237, "tall_2+": 9.5238095238095237 }, "geometry": { "type": "Point", "coordinates": [ -0.233295503030262, 51.610387754011896 ] } },
{ "type": "Feature", "properties": { "max_height": 7.55474853515625, "mean_height": 1.5350840091705322, "std_height": 2.118034839630127, "count_pixels": 42, "percent_cover": 0.025194205332773459, "percent_above_0.1m": 54.761904761904766, "low_level_<0.5": 7.1428571428571423, "mid_level_0.5-2": 19.047619047619047, "tall_2+": 28.571428571428569 }, "geometry": { "type": "Point", "coordinates": [ -0.233095493265385, 51.610384743931412 ] } },
{ "type": "Feature", "properties": { "max_height": 7.5932540893554688, "mean_height": 1.6770060062408447, "std_height": 2.2869138717651367, "count_pixels": 43, "percent_cover": 0.025794067364506162, "percent_above_0.1m": 67.441860465116278, "low_level_<0.5": 9.3023255813953494, "mid_level_0.5-2": 25.581395348837212, "tall_2+": 27.906976744186046 }, "geometry": { "type": "Point", "coordinates": [ -0.232895483535616, 51.61038173351033 ] } },
{ "type": "Feature", "properties": { "max_height": 7.3205032348632812, "mean_height": 0.67611902952194214, "std_height": 1.5282275676727295, "count_pixels": 44, "percent_cover": 0.026393929396238865, "percent_above_0.1m": 38.636363636363633, "low_level_<0.5": 11.363636363636363, "mid_level_0.5-2": 9.0909090909090917, "tall_2+": 11.363636363636363 }, "geometry": { "type": "Point", "coordinates": [ -0.232695473840961, 51.610378722748607 ] } },
{ "type": "Feature", "properties": { "max_height": 10.587501525878906, "mean_height": 3.4176852703094482, "std_height": 2.6910991668701172, "count_pixels": 42, "percent_cover": 0.025194205332773459, "percent_above_0.1m": 88.095238095238088, "low_level_<0.5": 7.1428571428571423, "mid_level_0.5-2": 14.285714285714285, "tall_2+": 64.285714285714292 }, "geometry": { "type": "Point", "coordinates": [ -0.233591333319079, 51.61050011149181 ] } },
{ "type": "Feature", "properties": { "max_height": 6.6660003662109375, "mean_height": 2.100750207901001, "std_height": 2.1076250076293945, "count_pixels": 42, "percent_cover": 0.025194205332773459, "percent_above_0.1m": 85.714285714285708, "low_level_<0.5": 14.285714285714285, "mid_level_0.5-2": 30.952380952380953, "tall_2+": 35.714285714285715 }, "geometry": { "type": "Point", "coordinates": [ -0.233391323022635, 51.610497101910454 ] } },
{ "type": "Feature", "properties": { "max_height": 15.004745483398438, "mean_height": 5.9712314605712891, "std_height": 4.531463623046875, "count_pixels": 42, "percent_cover": 0.025194205332773459, "percent_above_0.1m": 97.61904761904762, "low_level_<0.5": 0.0, "mid_level_0.5-2": 23.809523809523807, "tall_2+": 73.80952380952381 }, "geometry": { "type": "Point", "coordinates": [ -0.23319131276129, 51.610494091988507 ] } },
{ "type": "Feature", "properties": { "max_height": 9.2125015258789062, "mean_height": 3.8761582374572754, "std_height": 2.4849417209625244, "count_pixels": 41, "percent_cover": 0.024594343301040763, "percent_above_0.1m": 97.560975609756099, "low_level_<0.5": 4.8780487804878048, "mid_level_0.5-2": 17.073170731707318, "tall_2+": 73.170731707317074 }, "geometry": { "type": "Point", "coordinates": [ -0.232991302535054, 51.610491081725918 ] } },
{ "type": "Feature", "properties": { "max_height": 6.626495361328125, "mean_height": 3.4994430541992188, "std_height": 1.8341810703277588, "count_pixels": 40, "percent_cover": 0.02399448126930806, "percent_above_0.1m": 97.5, "low_level_<0.5": 7.5, "mid_level_0.5-2": 10.0, "tall_2+": 80.0 }, "geometry": { "type": "Point", "coordinates": [ -0.232791292343925, 51.610488071122724 ] } },
{ "type": "Feature", "properties": { "max_height": 9.1507568359375, "mean_height": 4.8324627876281738, "std_height": 2.4471297264099121, "count_pixels": 41, "percent_cover": 0.024594343301040763, "percent_above_0.1m": 100.0, "low_level_<0.5": 0.0, "mid_level_0.5-2": 14.634146341463413, "tall_2+": 85.365853658536579 }, "geometry": { "type": "Point", "coordinates": [ -0.233687154269272, 51.610609459156251 ] } },
{ "type": "Feature", "properties": { "max_height": 8.3577499389648438, "mean_height": 4.7990903854370117, "std_height": 1.9879363775253296, "count_pixels": 42, "percent_cover": 0.025194205332773459, "percent_above_0.1m": 100.0, "low_level_<0.5": 2.3809523809523809, "mid_level_0.5-2": 7.1428571428571423, "tall_2+": 90.476190476190482 }, "geometry": { "type": "Point", "coordinates": [ -0.233487143476357, 51.610606449733417 ] } },
{ "type": "Feature", "properties": { "max_height": 8.43475341796875, "mean_height": 2.6099643707275391, "std_height": 2.1171646118164062, "count_pixels": 42, "percent_cover": 0.025194205332773459, "percent_above_0.1m": 95.238095238095227, "low_level_<0.5": 16.666666666666664, "mid_level_0.5-2": 21.428571428571427, "tall_2+": 54.761904761904766 }, "geometry": { "type": "Point", "coordinates": [ -0.233287132718544, 51.610603439969985 ] } },
{ "type": "Feature", "properties": { "max_height": 9.2815017700195312, "mean_height": 1.9716544151306152, "std_height": 2.2113747596740723, "count_pixels": 42, "percent_cover": 0.025194205332773459, "percent_above_0.1m": 83.333333333333343, "low_level_<0.5": 19.047619047619047, "mid_level_0.5-2": 26.190476190476193, "tall_2+": 38.095238095238095 }, "geometry": { "type": "Point", "coordinates": [ -0.233087121995835, 51.610600429865933 ] } },
{ "type": "Feature", "properties": { "max_height": 11.0885009765625, "mean_height": 6.8130884170532227, "std_height": 2.3646087646484375, "count_pixels": 43, "percent_cover": 0.025794067364506162, "percent_above_0.1m": 100.0, "low_level_<0.5": 0.0, "mid_level_0.5-2": 11.627906976744185, "tall_2+": 88.372093023255815 }, "geometry": { "type": "Point", "coordinates": [ -0.232887111308236, 51.610597419421246 ] } },
{ "type": "Feature", "properties": { "max_height": 6.80975341796875, "mean_height": 2.4466671943664551, "std_height": 2.1984043121337891, "count_pixels": 42, "percent_cover": 0.025194205332773459, "percent_above_0.1m": 78.571428571428569, "low_level_<0.5": 9.5238095238095237, "mid_level_0.5-2": 16.666666666666664, "tall_2+": 50.0 }, "geometry": { "type": "Point", "coordinates": [ -0.233582964391437, 51.610715797480772 ] } },
{ "type": "Feature", "properties": { "max_height": 7.4652481079101562, "mean_height": 1.3850173950195312, "std_height": 1.8934855461120605, "count_pixels": 42, "percent_cover": 0.025194205332773459, "percent_above_0.1m": 57.142857142857139, "low_level_<0.5": 2.3809523809523809, "mid_level_0.5-2": 23.809523809523807, "tall_2+": 26.190476190476193 }, "geometry": { "type": "Point", "coordinates": [ -0.233382953137154, 51.61071278787584 ] } },
{ "type": "Feature", "properties": { "max_height": 8.5327529907226562, "mean_height": 3.1656978130340576, "std_height": 2.1666622161865234, "count_pixels": 42, "percent_cover": 0.025194205332773459, "percent_above_0.1m": 95.238095238095227, "low_level_<0.5": 7.1428571428571423, "mid_level_0.5-2": 21.428571428571427, "tall_2+": 66.666666666666657 }, "geometry": { "type": "Point", "coordinates": [ -0.233182941917968, 51.61070977793031 ] } },
{ "type": "Feature", "properties": { "max_height": 10.222747802734375, "mean_height": 4.7046642303466797, "std_height": 2.2594945430755615, "count_pixels": 41, "percent_cover": 0.024594343301040763, "percent_above_0.1m": 100.0, "low_level_<0.5": 0.0, "mid_level_0.5-2": 12.195121951219512, "tall_2+": 87.804878048780495 }, "geometry": { "type": "Point", "coordinates": [ -0.232982930733895, 51.61070676764416 ] } },
{ "type": "Feature", "properties": { "max_height": 10.226753234863281, "mean_height": 3.0895504951477051, "std_height": 2.9735405445098877, "count_pixels": 40, "percent_cover": 0.02399448126930806, "percent_above_0.1m": 92.5, "low_level_<0.5": 15.0, "mid_level_0.5-2": 25.0, "tall_2+": 50.0 }, "geometry": { "type": "Point", "coordinates": [ -0.232782919584927, 51.610703757017376 ] } },
{ "type": "Feature", "properties": { "max_height": 5.8707427978515625, "mean_height": 2.1104519367218018, "std_height": 1.840575098991394, "count_pixels": 42, "percent_cover": 0.025194205332773459, "percent_above_0.1m": 76.19047619047619, "low_level_<0.5": 9.5238095238095237, "mid_level_0.5-2": 16.666666666666664, "tall_2+": 50.0 }, "geometry": { "type": "Point", "coordinates": [ -0.233478774017114, 51.610822135706123 ] } },
{ "type": "Feature", "properties": { "max_height": 9.2257537841796875, "mean_height": 3.4563930034637451, "std_height": 2.8325562477111816, "count_pixels": 42, "percent_cover": 0.025194205332773459, "percent_above_0.1m": 85.714285714285708, "low_level_<0.5": 7.1428571428571423, "mid_level_0.5-2": 9.5238095238095237, "tall_2+": 64.285714285714292 }, "geometry": { "type": "Point", "coordinates": [ -0.233278762301458, 51.610819125919107 ] } },
{ "type": "Feature", "properties": { "max_height": 11.938499450683594, "mean_height": 6.0948691368103027, "std_height": 2.2085361480712891, "count_pixels": 42, "percent_cover": 0.025194205332773459, "percent_above_0.1m": 100.0, "low_level_<0.5": 0.0, "mid_level_0.5-2": 2.3809523809523809, "tall_2+": 97.61904761904762 }, "geometry": { "type": "Point", "coordinates": [ -0.233078750620905, 51.610816115791479 ] } },
{ "type": "Feature", "properties": { "max_height": 8.6839981079101562, "mean_height": 2.9240970611572266, "std_height": 2.327369213104248, "count_pixels": 43, "percent_cover": 0.025794067364506162, "percent_above_0.1m": 86.04651162790698, "low_level_<0.5": 9.3023255813953494, "mid_level_0.5-2": 13.953488372093023, "tall_2+": 62.790697674418603 }, "geometry": { "type": "Point", "coordinates": [ -0.232878738975455, 51.610813105323203 ] } },
{ "type": "Feature", "properties": { "max_height": 11.373001098632812, "mean_height": 4.5338039398193359, "std_height": 3.0566039085388184, "count_pixels": 42, "percent_cover": 0.025194205332773459, "percent_above_0.1m": 92.857142857142861, "low_level_<0.5": 2.3809523809523809, "mid_level_0.5-2": 16.666666666666664, "tall_2+": 73.80952380952381 }, "geometry": { "type": "Point", "coordinates": [ -0.233374583146305, 51.610928473832296 ] } },
{ "type": "Feature", "properties": { "max_height": 5.4040069580078125, "mean_height": 2.3177742958068848, "std_height": 1.7910854816436768, "count_pixels": 42, "percent_cover": 0.025194205332773459, "percent_above_0.1m": 83.333333333333343, "low_level_<0.5": 2.3809523809523809, "mid_level_0.5-2": 23.809523809523807, "tall_2+": 54.761904761904766 }, "geometry": { "type": "Point", "coordinates": [ -0.23317457096927, 51.610925463863175 ] } },
{ "type": "Feature", "properties": { "max_height": 8.4382476806640625, "mean_height": 2.1078228950500488, "std_height": 2.3586001396179199, "count_pixels": 41, "percent_cover": 0.024594343301040763, "percent_above_0.1m": 87.804878048780495, "low_level_<0.5": 21.951219512195124, "mid_level_0.5-2": 21.951219512195124, "tall_2+": 39.024390243902438 }, "geometry": { "type": "Point", "coordinates": [ -0.23297455882734, 51.610922453553421 ] } },
{ "type": "Feature", "properties": { "max_height": 11.459747314453125, "mean_height": 2.2750499248504639, "std_height": 3.001220703125, "count_pixels": 40, "percent_cover": 0.02399448126930806, "percent_above_0.1m": 77.5, "low_level_<0.5": 15.0, "mid_level_0.5-2": 22.5, "tall_2+": 37.5 }, "geometry": { "type": "Point", "coordinates": [ -0.232774546720525, 51.610919442903061 ] } },
{ "type": "Feature", "properties": { "max_height": 4.5179977416992188, "mean_height": 1.1530002355575562, "std_height": 1.3199125528335571, "count_pixels": 42, "percent_cover": 0.025194205332773459, "percent_above_0.1m": 73.80952380952381, "low_level_<0.5": 16.666666666666664, "mid_level_0.5-2": 21.428571428571427, "tall_2+": 28.571428571428569 }, "geometry": { "type": "Point", "coordinates": [ -0.233470404452513, 51.611037821669889 ] } },
{ "type": "Feature", "properties": { "max_height": 11.009246826171875, "mean_height": 2.9220409393310547, "std_height": 2.3610396385192871, "count_pixels": 42, "percent_cover": 0.025194205332773459, "percent_above_0.1m": 88.095238095238088, "low_level_<0.5": 9.5238095238095237, "mid_level_0.5-2": 14.285714285714285, "tall_2+": 64.285714285714292 }, "geometry": { "type": "Point", "coordinates": [ -0.233270391778998, 51.611034811859284 ] } },
{ "type": "Feature", "properties": { "max_height": 9.042999267578125, "mean_height": 2.2536487579345703, "std_height": 2.7844536304473877, "count_pixels": 42, "percent_cover": 0.025194205332773459, "percent_above_0.1m": 66.666666666666657, "low_level_<0.5": 9.5238095238095237, "mid_level_0.5-2": 21.428571428571427, "tall_2+": 35.714285714285715 }, "geometry": { "type": "Point", "coordinates": [ -0.233070379140584, 51.611031801708066 ] } },
{ "type": "Feature", "properties": { "max_height": 12.115501403808594, "mean_height": 6.045844554901123, "std_height": 3.4120981693267822, "count_pixels": 43, "percent_cover": 0.025794067364506162, "percent_above_0.1m": 100.0, "low_level_<0.5": 6.9767441860465116, "mid_level_0.5-2": 11.627906976744185, "tall_2+": 81.395348837209298 }, "geometry": { "type": "Point", "coordinates": [ -0.23287036653728, 51.611028791216214 ] } },
{ "type": "Feature", "properties": { "max_height": 14.90374755859375, "mean_height": 3.299243688583374, "std_height": 4.333127498626709, "count_pixels": 44, "percent_cover": 0.026393929396238865, "percent_above_0.1m": 59.090909090909093, "low_level_<0.5": 0.0, "mid_level_0.5-2": 6.8181818181818175, "tall_2+": 52.272727272727273 }, "geometry": { "type": "Point", "coordinates": [ -0.232670353969095, 51.611025780383748 ] } },
{ "type": "Feature", "properties": { "max_height": 2.3262557983398438, "mean_height": 0.3849647045135498, "std_height": 0.59754931926727295, "count_pixels": 43, "percent_cover": 0.025794067364506162, "percent_above_0.1m": 37.209302325581397, "low_level_<0.5": 4.6511627906976747, "mid_level_0.5-2": 27.906976744186046, "tall_2+": 2.3255813953488373 }, "geometry": { "type": "Point", "coordinates": [ -0.233766239425193, 51.611150178743323 ] } },
{ "type": "Feature", "properties": { "max_height": 7.9842529296875, "mean_height": 1.9028993844985962, "std_height": 1.6681435108184814, "count_pixels": 42, "percent_cover": 0.025194205332773459, "percent_above_0.1m": 97.61904761904762, "low_level_<0.5": 9.5238095238095237, "mid_level_0.5-2": 47.619047619047613, "tall_2+": 38.095238095238095 }, "geometry": { "type": "Point", "coordinates": [ -0.233566226220087, 51.611147169431881 ] } },
{ "type": "Feature", "properties": { "max_height": 7.5500030517578125, "mean_height": 1.1132501363754272, "std_height": 1.6901804208755493, "count_pixels": 42, "percent_cover": 0.025194205332773459, "percent_above_0.1m": 61.904761904761905, "low_level_<0.5": 16.666666666666664, "mid_level_0.5-2": 16.666666666666664, "tall_2+": 21.428571428571427 }, "geometry": { "type": "Point", "coordinates": [ -0.233366213050092, 51.611144159779798 ] } },
{ "type": "Feature", "properties": { "max_height": 6.4079971313476562, "mean_height": 0.43948817253112793, "std_height": 1.0944254398345947, "count_pixels": 42, "percent_cover": 0.025194205332773459, "percent_above_0.1m": 33.333333333333329, "low_level_<0.5": 9.5238095238095237, "mid_level_0.5-2": 19.047619047619047, "tall_2+": 4.7619047619047619 }, "geometry": { "type": "Point", "coordinates": [ -0.233166199915189, 51.611141149787095 ] } },
{ "type": "Feature", "properties": { "max_height": 12.305000305175781, "mean_height": 6.8812432289123535, "std_height": 3.2452549934387207, "count_pixels": 41, "percent_cover": 0.024594343301040763, "percent_above_0.1m": 95.121951219512198, "low_level_<0.5": 0.0, "mid_level_0.5-2": 7.3170731707317067, "tall_2+": 87.804878048780495 }, "geometry": { "type": "Point", "coordinates": [ -0.232966186815398, 51.611138139453757 ] } },
{ "type": "Feature", "properties": { "max_height": 11.08624267578125, "mean_height": 2.6476311683654785, "std_height": 3.2159295082092285, "count_pixels": 40, "percent_cover": 0.02399448126930806, "percent_above_0.1m": 65.0, "low_level_<0.5": 2.5, "mid_level_0.5-2": 22.5, "tall_2+": 40.0 }, "geometry": { "type": "Point", "coordinates": [ -0.232766173750721, 51.611135128779821 ] } },
{ "type": "Feature", "properties": { "max_height": 8.2180023193359375, "mean_height": 2.3324999809265137, "std_height": 2.5211739540100098, "count_pixels": 36, "percent_cover": 0.021595033142377252, "percent_above_0.1m": 69.444444444444443, "low_level_<0.5": 5.5555555555555554, "mid_level_0.5-2": 16.666666666666664, "tall_2+": 44.444444444444443 }, "geometry": { "type": "Point", "coordinates": [ -0.232566160721157, 51.611132117765244 ] } },
{ "type": "Feature", "properties": { "max_height": 12.258499145507812, "mean_height": 4.9293899536132812, "std_height": 4.2794580459594727, "count_pixels": 41, "percent_cover": 0.024594343301040763, "percent_above_0.1m": 92.682926829268297, "low_level_<0.5": 7.3170731707317067, "mid_level_0.5-2": 26.829268292682929, "tall_2+": 58.536585365853654 }, "geometry": { "type": "Point", "coordinates": [ -0.23236614772671, 51.61112910641004 ] } },
{ "type": "Feature", "properties": { "max_height": 12.381004333496094, "mean_height": 5.9932808876037598, "std_height": 3.3201935291290283, "count_pixels": 41, "percent_cover": 0.024594343301040763, "percent_above_0.1m": 92.682926829268297, "low_level_<0.5": 2.4390243902439024, "mid_level_0.5-2": 4.8780487804878048, "tall_2+": 85.365853658536579 }, "geometry": { "type": "Point", "coordinates": [ -0.232166134767392, 51.611126094714201 ] } },
{ "type": "Feature", "properties": { "max_height": 7.4365005493164062, "mean_height": 2.7677326202392578, "std_height": 2.2939651012420654, "count_pixels": 42, "percent_cover": 0.025194205332773459, "percent_above_0.1m": 78.571428571428569, "low_level_<0.5": 2.3809523809523809, "mid_level_0.5-2": 14.285714285714285, "tall_2+": 59.523809523809526 }, "geometry": { "type": "Point", "coordinates": [ -0.231966121843197, 51.611123082677757 ] } },
{ "type": "Feature", "properties": { "max_height": 5.1607513427734375, "mean_height": 0.85490268468856812, "std_height": 1.3684462308883667, "count_pixels": 36, "percent_cover": 0.021595033142377252, "percent_above_0.1m": 61.111111111111114, "low_level_<0.5": 13.888888888888889, "mid_level_0.5-2": 27.777777777777779, "tall_2+": 13.888888888888889 }, "geometry": { "type": "Point", "coordinates": [ -0.234062075887306, 51.61126253508349 ] } },
{ "type": "Feature", "properties": { "max_height": 4.40350341796875, "mean_height": 1.0873873233795166, "std_height": 1.234289288520813, "count_pixels": 40, "percent_cover": 0.02399448126930806, "percent_above_0.1m": 70.0, "low_level_<0.5": 12.5, "mid_level_0.5-2": 32.5, "tall_2+": 20.0 }, "geometry": { "type": "Point", "coordinates": [ -0.233862062150622, 51.611259526271184 ] } },
{ "type": "Feature", "properties": { "max_height": 8.071502685546875, "mean_height": 1.0228902101516724, "std_height": 1.9306124448776245, "count_pixels": 41, "percent_cover": 0.024594343301040763, "percent_above_0.1m": 41.463414634146339, "low_level_<0.5": 12.195121951219512, "mid_level_0.5-2": 7.3170731707317067, "tall_2+": 21.951219512195124 }, "geometry": { "type": "Point", "coordinates": [ -0.233662048449036, 51.61125651711825 ] } },
{ "type": "Feature", "properties": { "max_height": 8.792755126953125, "mean_height": 2.5233151912689209, "std_height": 2.3629322052001953, "count_pixels": 42, "percent_cover": 0.025194205332773459, "percent_above_0.1m": 78.571428571428569, "low_level_<0.5": 4.7619047619047619, "mid_level_0.5-2": 21.428571428571427, "tall_2+": 47.619047619047613 }, "geometry": { "type": "Point", "coordinates": [ -0.233462034782547, 51.61125350762471 ] } },
{ "type": "Feature", "properties": { "max_height": 4.949249267578125, "mean_height": 1.0365355014801025, "std_height": 1.4447576999664307, "count_pixels": 42, "percent_cover": 0.025194205332773459, "percent_above_0.1m": 50.0, "low_level_<0.5": 2.3809523809523809, "mid_level_0.5-2": 19.047619047619047, "tall_2+": 23.809523809523807 }, "geometry": { "type": "Point", "coordinates": [ -0.233262021151159, 51.611250497790515 ] } },
{ "type": "Feature", "properties": { "max_height": 0.60500335693359375, "mean_height": 0.024267105385661125, "std_height": 0.10038977861404419, "count_pixels": 42, "percent_cover": 0.025194205332773459, "percent_above_0.1m": 4.7619047619047619, "low_level_<0.5": 2.3809523809523809, "mid_level_0.5-2": 2.3809523809523809, "tall_2+": 0.0 }, "geometry": { "type": "Point", "coordinates": [ -0.233062007554881, 51.611247487615699 ] } },
{ "type": "Feature", "properties": { "max_height": 12.169746398925781, "mean_height": 2.0182967185974121, "std_height": 3.0237166881561279, "count_pixels": 43, "percent_cover": 0.025794067364506162, "percent_above_0.1m": 69.767441860465112, "low_level_<0.5": 13.953488372093023, "mid_level_0.5-2": 20.930232558139537, "tall_2+": 30.232558139534881 }, "geometry": { "type": "Point", "coordinates": [ -0.232861993993707, 51.611244477100286 ] } },
{ "type": "Feature", "properties": { "max_height": 8.5042495727539062, "mean_height": 0.81054568290710449, "std_height": 1.5363537073135376, "count_pixels": 44, "percent_cover": 0.026393929396238865, "percent_above_0.1m": 54.54545454545454, "low_level_<0.5": 13.636363636363635, "mid_level_0.5-2": 27.27272727272727, "tall_2+": 11.363636363636363 }, "geometry": { "type": "Point", "coordinates": [ -0.232661980467651, 51.611241466244223 ] } },
{ "type": "Feature", "properties": { "max_height": 3.1167526245117188, "mean_height": 0.24588952958583832, "std_height": 0.67118704319000244, "count_pixels": 43, "percent_cover": 0.025794067364506162, "percent_above_0.1m": 20.930232558139537, "low_level_<0.5": 9.3023255813953494, "mid_level_0.5-2": 6.9767441860465116, "tall_2+": 4.6511627906976747 }, "geometry": { "type": "Point", "coordinates": [ -0.23246196697671, 51.611238455047541 ] } },
{ "type": "Feature", "properties": { "max_height": 7.3252487182617188, "mean_height": 1.5490868091583252, "std_height": 1.8410747051239014, "count_pixels": 43, "percent_cover": 0.025794067364506162, "percent_above_0.1m": 62.790697674418603, "low_level_<0.5": 11.627906976744185, "mid_level_0.5-2": 16.279069767441861, "tall_2+": 34.883720930232556 }, "geometry": { "type": "Point", "coordinates": [ -0.232261953520893, 51.611235443510225 ] } },
{ "type": "Feature", "properties": { "max_height": 11.016746520996094, "mean_height": 3.0660891532897949, "std_height": 2.7723522186279297, "count_pixels": 42, "percent_cover": 0.025194205332773459, "percent_above_0.1m": 78.571428571428569, "low_level_<0.5": 4.7619047619047619, "mid_level_0.5-2": 19.047619047619047, "tall_2+": 54.761904761904766 }, "geometry": { "type": "Point", "coordinates": [ -0.232061940100199, 51.611232431632281 ] } },
{ "type": "Feature", "properties": { "max_height": 4.011993408203125, "mean_height": 0.93461191654205322, "std_height": 1.3484979867935181, "count_pixels": 42, "percent_cover": 0.025194205332773459, "percent_above_0.1m": 40.476190476190474, "low_level_<0.5": 2.3809523809523809, "mid_level_0.5-2": 16.666666666666664, "tall_2+": 21.428571428571427 }, "geometry": { "type": "Point", "coordinates": [ -0.23186192671464, 51.611229419413739 ] } },
{ "type": "Feature", "properties": { "max_height": 7.1924972534179688, "mean_height": 2.4641351699829102, "std_height": 2.17022705078125, "count_pixels": 41, "percent_cover": 0.024594343301040763, "percent_above_0.1m": 65.853658536585371, "low_level_<0.5": 0.0, "mid_level_0.5-2": 12.195121951219512, "tall_2+": 53.658536585365859 }, "geometry": { "type": "Point", "coordinates": [ -0.231661913364207, 51.611226406854549 ] } },
{ "type": "Feature", "properties": { "max_height": 5.4292449951171875, "mean_height": 1.6718180179595947, "std_height": 1.7128279209136963, "count_pixels": 40, "percent_cover": 0.02399448126930806, "percent_above_0.1m": 75.0, "low_level_<0.5": 5.0, "mid_level_0.5-2": 35.0, "tall_2+": 32.5 }, "geometry": { "type": "Point", "coordinates": [ -0.231461900048916, 51.611223393954752 ] } },
{ "type": "Feature", "properties": { "max_height": 12.282501220703125, "mean_height": 1.8516943454742432, "std_height": 2.8036391735076904, "count_pixels": 36, "percent_cover": 0.021595033142377252, "percent_above_0.1m": 77.777777777777786, "low_level_<0.5": 13.888888888888889, "mid_level_0.5-2": 25.0, "tall_2+": 33.333333333333329 }, "geometry": { "type": "Point", "coordinates": [ -0.231261886768766, 51.611220380714315 ] } },
{ "type": "Feature", "properties": { "max_height": 9.917510986328125, "mean_height": 1.1805254220962524, "std_height": 1.9549733400344849, "count_pixels": 40, "percent_cover": 0.02399448126930806, "percent_above_0.1m": 65.0, "low_level_<0.5": 15.0, "mid_level_0.5-2": 30.0, "tall_2+": 17.5 }, "geometry": { "type": "Point", "coordinates": [ -0.231061873523763, 51.611217367133257 ] } },
{ "type": "Feature", "properties": { "max_height": 9.0414962768554688, "mean_height": 2.7857387065887451, "std_height": 2.4677512645721436, "count_pixels": 44, "percent_cover": 0.026393929396238865, "percent_above_0.1m": 84.090909090909093, "low_level_<0.5": 6.8181818181818175, "mid_level_0.5-2": 15.909090909090908, "tall_2+": 56.81818181818182 }, "geometry": { "type": "Point", "coordinates": [ -0.234157899570594, 51.611371882377206 ] } },
{ "type": "Feature", "properties": { "max_height": 4.2794952392578125, "mean_height": 0.71977841854095459, "std_height": 1.0646194219589233, "count_pixels": 44, "percent_cover": 0.026393929396238865, "percent_above_0.1m": 68.181818181818173, "low_level_<0.5": 22.727272727272727, "mid_level_0.5-2": 29.545454545454547, "tall_2+": 9.0909090909090917 }, "geometry": { "type": "Point", "coordinates": [ -0.233957885337435, 51.611368873723421 ] } },
{ "type": "Feature", "properties": { "max_height": 4.0979995727539062, "mean_height": 0.32325637340545654, "std_height": 0.82821851968765259, "count_pixels": 43, "percent_cover": 0.025794067364506162, "percent_above_0.1m": 30.232558139534881, "low_level_<0.5": 11.627906976744185, "mid_level_0.5-2": 9.3023255813953494, "tall_2+": 6.9767441860465116 }, "geometry": { "type": "Point", "coordinates": [ -0.233757871139358, 51.611365864729017 ] } },
{ "type": "Feature", "properties": { "max_height": 4.24224853515625, "mean_height": 0.55875653028488159, "std_height": 0.97077667713165283, "count_pixels": 42, "percent_cover": 0.025194205332773459, "percent_above_0.1m": 52.380952380952387, "low_level_<0.5": 21.428571428571427, "mid_level_0.5-2": 16.666666666666664, "tall_2+": 11.904761904761903 }, "geometry": { "type": "Point", "coordinates": [ -0.233557856976377, 51.611362855393999 ] } },
{ "type": "Feature", "properties": { "max_height": 5.88275146484375, "mean_height": 0.9783332347869873, "std_height": 1.4837816953659058, "count_pixels": 42, "percent_cover": 0.025194205332773459, "percent_above_0.1m": 52.380952380952387, "low_level_<0.5": 7.1428571428571423, "mid_level_0.5-2": 21.428571428571427, "tall_2+": 21.428571428571427 }, "geometry": { "type": "Point", "coordinates": [ -0.233357842848502, 51.611359845718347 ] } },
{ "type": "Feature", "properties": { "max_height": 5.3560028076171875, "mean_height": 0.77216136455535889, "std_height": 1.4882731437683105, "count_pixels": 42, "percent_cover": 0.025194205332773459, "percent_above_0.1m": 30.952380952380953, "low_level_<0.5": 2.3809523809523809, "mid_level_0.5-2": 11.904761904761903, "tall_2+": 16.666666666666664 }, "geometry": { "type": "Point", "coordinates": [ -0.233157828755729, 51.611356835702054 ] } },
{ "type": "Feature", "properties": { "max_height": 1.0725021362304688, "mean_height": 0.060488257557153702, "std_height": 0.19082449376583099, "count_pixels": 41, "percent_cover": 0.024594343301040763, "percent_above_0.1m": 14.634146341463413, "low_level_<0.5": 4.8780487804878048, "mid_level_0.5-2": 4.8780487804878048, "tall_2+": 0.0 }, "geometry": { "type": "Point", "coordinates": [ -0.232957814698063, 51.611353825345148 ] } },
{ "type": "Feature", "properties": { "max_height": 11.940261840820312, "mean_height": 4.4303317070007324, "std_height": 3.9468386173248291, "count_pixels": 40, "percent_cover": 0.02399448126930806, "percent_above_0.1m": 82.5, "low_level_<0.5": 5.0, "mid_level_0.5-2": 20.0, "tall_2+": 57.5 }, "geometry": { "type": "Point", "coordinates": [ -0.232757800675509, 51.611350814647601 ] } },
{ "type": "Feature", "properties": { "max_height": 0.8560028076171875, "mean_height": 0.05878448486328125, "std_height": 0.15853750705718994, "count_pixels": 36, "percent_cover": 0.021595033142377252, "percent_above_0.1m": 16.666666666666664, "low_level_<0.5": 8.3333333333333321, "mid_level_0.5-2": 2.7777777777777777, "tall_2+": 0.0 }, "geometry": { "type": "Point", "coordinates": [ -0.232557786688072, 51.611347803609434 ] } },
{ "type": "Feature", "properties": { "max_height": 3.9462509155273438, "mean_height": 0.22220686078071594, "std_height": 0.67970788478851318, "count_pixels": 41, "percent_cover": 0.024594343301040763, "percent_above_0.1m": 14.634146341463413, "low_level_<0.5": 0.0, "mid_level_0.5-2": 12.195121951219512, "tall_2+": 2.4390243902439024 }, "geometry": { "type": "Point", "coordinates": [ -0.232357772735753, 51.611344792230653 ] } },
{ "type": "Feature", "properties": { "max_height": 8.1805038452148438, "mean_height": 1.2538419961929321, "std_height": 2.1105244159698486, "count_pixels": 41, "percent_cover": 0.024594343301040763, "percent_above_0.1m": 48.780487804878049, "low_level_<0.5": 7.3170731707317067, "mid_level_0.5-2": 21.951219512195124, "tall_2+": 19.512195121951219 }, "geometry": { "type": "Point", "coordinates": [ -0.232157758818561, 51.611341780511246 ] } },
{ "type": "Feature", "properties": { "max_height": 2.9930038452148438, "mean_height": 0.24409520626068115, "std_height": 0.61416006088256836, "count_pixels": 42, "percent_cover": 0.025194205332773459, "percent_above_0.1m": 30.952380952380953, "low_level_<0.5": 14.285714285714285, "mid_level_0.5-2": 7.1428571428571423, "tall_2+": 4.7619047619047619 }, "geometry": { "type": "Point", "coordinates": [ -0.231957744936496, 51.611338768451184 ] } },
{ "type": "Feature", "properties": { "max_height": 0.43074798583984375, "mean_height": 0.013607933185994625, "std_height": 0.065974943339824677, "count_pixels": 42, "percent_cover": 0.025194205332773459, "percent_above_0.1m": 2.3809523809523809, "low_level_<0.5": 2.3809523809523809, "mid_level_0.5-2": 0.0, "tall_2+": 0.0 }, "geometry": { "type": "Point", "coordinates": [ -0.231757731089561, 51.611335756050508 ] } },
{ "type": "Feature", "properties": { "max_height": 0.00525665283203125, "mean_height": -0.00030836949008516967, "std_height": 0.0020976362284272909, "count_pixels": 43, "percent_cover": 0.025794067364506162, "percent_above_0.1m": 0.0, "low_level_<0.5": 0.0, "mid_level_0.5-2": 0.0, "tall_2+": 0.0 }, "geometry": { "type": "Point", "coordinates": [ -0.231557717277764, 51.611332743309219 ] } },
{ "type": "Feature", "properties": { "max_height": 0.0057525634765625, "mean_height": -0.00013611534086521715, "std_height": 0.0012550938408821821, "count_pixels": 44, "percent_cover": 0.026393929396238865, "percent_above_0.1m": 0.0, "low_level_<0.5": 0.0, "mid_level_0.5-2": 0.0, "tall_2+": 0.0 }, "geometry": { "type": "Point", "coordinates": [ -0.231357703501103, 51.61132973022729 ] } },
{ "type": "Feature", "properties": { "max_height": 8.045501708984375, "mean_height": 0.87229520082473755, "std_height": 2.0628690719604492, "count_pixels": 44, "percent_cover": 0.026393929396238865, "percent_above_0.1m": 22.727272727272727, "low_level_<0.5": 2.2727272727272729, "mid_level_0.5-2": 2.2727272727272729, "tall_2+": 15.909090909090908 }, "geometry": { "type": "Point", "coordinates": [ -0.231157689759593, 51.61132671680474 ] } },
{ "type": "Feature", "properties": { "max_height": 8.4287490844726562, "mean_height": 2.688051700592041, "std_height": 2.6093950271606445, "count_pixels": 43, "percent_cover": 0.025794067364506162, "percent_above_0.1m": 86.04651162790698, "low_level_<0.5": 6.9767441860465116, "mid_level_0.5-2": 25.581395348837212, "tall_2+": 48.837209302325576 }, "geometry": { "type": "Point", "coordinates": [ -0.230957676053227, 51.611323703041577 ] } },
{ "type": "Feature", "properties": { "max_height": 9.1652450561523438, "mean_height": 1.6223634481430054, "std_height": 1.7237111330032349, "count_pixels": 42, "percent_cover": 0.025194205332773459, "percent_above_0.1m": 90.476190476190482, "low_level_<0.5": 11.904761904761903, "mid_level_0.5-2": 57.142857142857139, "tall_2+": 21.428571428571427 }, "geometry": { "type": "Point", "coordinates": [ -0.230757662382011, 51.611320688937766 ] } },
{ "type": "Feature", "properties": { "max_height": 10.488998413085938, "mean_height": 2.6319215297698975, "std_height": 2.8828203678131104, "count_pixels": 42, "percent_cover": 0.025194205332773459, "percent_above_0.1m": 76.19047619047619, "low_level_<0.5": 7.1428571428571423, "mid_level_0.5-2": 21.428571428571427, "tall_2+": 45.238095238095241 }, "geometry": { "type": "Point", "coordinates": [ -0.230557648745949, 51.61131767449335 ] } },
{ "type": "Feature", "properties": { "max_height": 8.7432403564453125, "mean_height": 3.4282269477844238, "std_height": 2.6771824359893799, "count_pixels": 42, "percent_cover": 0.025194205332773459, "percent_above_0.1m": 90.476190476190482, "low_level_<0.5": 9.5238095238095237, "mid_level_0.5-2": 16.666666666666664, "tall_2+": 64.285714285714292 }, "geometry": { "type": "Point", "coordinates": [ -0.230357635145054, 51.611314659708299 ] } },
{ "type": "Feature", "properties": { "max_height": 5.6267547607421875, "mean_height": 1.5554653406143188, "std_height": 1.4050074815750122, "count_pixels": 41, "percent_cover": 0.024594343301040763, "percent_above_0.1m": 87.804878048780495, "low_level_<0.5": 17.073170731707318, "mid_level_0.5-2": 41.463414634146339, "tall_2+": 29.268292682926827 }, "geometry": { "type": "Point", "coordinates": [ -0.230157621579319, 51.611311644582621 ] } },
{ "type": "Feature", "properties": { "max_height": 17.438751220703125, "mean_height": 6.6457624435424805, "std_height": 4.580665111541748, "count_pixels": 41, "percent_cover": 0.024594343301040763, "percent_above_0.1m": 92.682926829268297, "low_level_<0.5": 2.4390243902439024, "mid_level_0.5-2": 9.7560975609756095, "tall_2+": 80.487804878048792 }, "geometry": { "type": "Point", "coordinates": [ -0.234453738480013, 51.611484237749913 ] } },
{ "type": "Feature", "properties": { "max_height": 13.050254821777344, "mean_height": 6.9832754135131836, "std_height": 3.4219844341278076, "count_pixels": 40, "percent_cover": 0.02399448126930806, "percent_above_0.1m": 97.5, "low_level_<0.5": 2.5, "mid_level_0.5-2": 7.5, "tall_2+": 87.5 }, "geometry": { "type": "Point", "coordinates": [ -0.234253723715276, 51.611481229595299 ] } },
{ "type": "Feature", "properties": { "max_height": 5.0680007934570312, "mean_height": 0.58025634288787842, "std_height": 1.1866140365600586, "count_pixels": 36, "percent_cover": 0.021595033142377252, "percent_above_0.1m": 47.222222222222221, "low_level_<0.5": 22.222222222222221, "mid_level_0.5-2": 8.3333333333333321, "tall_2+": 8.3333333333333321 }, "geometry": { "type": "Point", "coordinates": [ -0.234053708985621, 51.611478221100064 ] } },
{ "type": "Feature", "properties": { "max_height": 9.1269989013671875, "mean_height": 1.7487808465957642, "std_height": 2.4660823345184326, "count_pixels": 40, "percent_cover": 0.02399448126930806, "percent_above_0.1m": 55.000000000000007, "low_level_<0.5": 7.5, "mid_level_0.5-2": 20.0, "tall_2+": 27.5 }, "geometry": { "type": "Point", "coordinates": [ -0.233853694291056, 51.611475212264189 ] } },
{ "type": "Feature", "properties": { "max_height": 5.2470016479492188, "mean_height": 0.31079193949699402, "std_height": 0.86018705368041992, "count_pixels": 41, "percent_cover": 0.024594343301040763, "percent_above_0.1m": 39.024390243902438, "low_level_<0.5": 29.268292682926827, "mid_level_0.5-2": 7.3170731707317067, "tall_2+": 2.4390243902439024 }, "geometry": { "type": "Point", "coordinates": [ -0.233653679631588, 51.611472203087679 ] } },
{ "type": "Feature", "properties": { "max_height": 2.0202484130859375, "mean_height": 0.13594672083854675, "std_height": 0.38050806522369385, "count_pixels": 42, "percent_cover": 0.025194205332773459, "percent_above_0.1m": 19.047619047619047, "low_level_<0.5": 9.5238095238095237, "mid_level_0.5-2": 4.7619047619047619, "tall_2+": 2.3809523809523809 }, "geometry": { "type": "Point", "coordinates": [ -0.233453665007218, 51.611469193570564 ] } },
{ "type": "Feature", "properties": { "max_height": 0.64675140380859375, "mean_height": 0.04169028252363205, "std_height": 0.11756529659032822, "count_pixels": 42, "percent_cover": 0.025194205332773459, "percent_above_0.1m": 11.904761904761903, "low_level_<0.5": 4.7619047619047619, "mid_level_0.5-2": 2.3809523809523809, "tall_2+": 0.0 }, "geometry": { "type": "Point", "coordinates": [ -0.233253650417948, 51.6114661837128 ] } },
{ "type": "Feature", "properties": { "max_height": 0.00725555419921875, "mean_height": 0.00058909825747832656, "std_height": 0.0017600653227418661, "count_pixels": 42, "percent_cover": 0.025194205332773459, "percent_above_0.1m": 0.0, "low_level_<0.5": 0.0, "mid_level_0.5-2": 0.0, "tall_2+": 0.0 }, "geometry": { "type": "Point", "coordinates": [ -0.233053635863786, 51.611463173514409 ] } },
{ "type": "Feature", "properties": { "max_height": 4.1447525024414062, "mean_height": 0.51007521152496338, "std_height": 1.059362530708313, "count_pixels": 43, "percent_cover": 0.025794067364506162, "percent_above_0.1m": 27.906976744186046, "low_level_<0.5": 6.9767441860465116, "mid_level_0.5-2": 9.3023255813953494, "tall_2+": 11.627906976744185 }, "geometry": { "type": "Point", "coordinates": [ -0.232853621344733, 51.611460162975384 ] } },
{ "type": "Feature", "properties": { "max_height": 4.2854995727539062, "mean_height": 0.33339950442314148, "std_height": 0.75674378871917725, "count_pixels": 44, "percent_cover": 0.026393929396238865, "percent_above_0.1m": 40.909090909090914, "low_level_<0.5": 15.909090909090908, "mid_level_0.5-2": 11.363636363636363, "tall_2+": 4.5454545454545459 }, "geometry": { "type": "Point", "coordinates": [ -0.232653606860798, 51.611457152095738 ] } },
{ "type": "Feature", "properties": { "max_height": 3.1819992065429688, "mean_height": 0.30852100253105164, "std_height": 0.72905158996582031, "count_pixels": 43, "percent_cover": 0.025794067364506162, "percent_above_0.1m": 25.581395348837212, "low_level_<0.5": 6.9767441860465116, "mid_level_0.5-2": 11.627906976744185, "tall_2+": 4.6511627906976747 }, "geometry": { "type": "Point", "coordinates": [ -0.232453592411977, 51.611454140875473 ] } },
{ "type": "Feature", "properties": { "max_height": 1.5165023803710938, "mean_height": 0.1300818920135498, "std_height": 0.36913338303565979, "count_pixels": 43, "percent_cover": 0.025794067364506162, "percent_above_0.1m": 13.953488372093023, "low_level_<0.5": 4.6511627906976747, "mid_level_0.5-2": 9.3023255813953494, "tall_2+": 0.0 }, "geometry": { "type": "Point", "coordinates": [ -0.232253577998283, 51.611451129314581 ] } },
{ "type": "Feature", "properties": { "max_height": 0.00350189208984375, "mean_height": -0.00039200554601848125, "std_height": 0.0020534114446491003, "count_pixels": 42, "percent_cover": 0.025194205332773459, "percent_above_0.1m": 0.0, "low_level_<0.5": 0.0, "mid_level_0.5-2": 0.0, "tall_2+": 0.0 }, "geometry": { "type": "Point", "coordinates": [ -0.232053563619711, 51.61144811741304 ] } },
{ "type": "Feature", "properties": { "max_height": 1.3384933471679688, "mean_height": 0.14318157732486725, "std_height": 0.32696306705474854, "count_pixels": 42, "percent_cover": 0.025194205332773459, "percent_above_0.1m": 26.190476190476193, "low_level_<0.5": 9.5238095238095237, "mid_level_0.5-2": 11.904761904761903, "tall_2+": 0.0 }, "geometry": { "type": "Point", "coordinates": [ -0.231853549276269, 51.611445105170887 ] } },
{ "type": "Feature", "properties": { "max_height": 1.0682525634765625, "mean_height": 0.053885668516159058, "std_height": 0.20473958551883698, "count_pixels": 41, "percent_cover": 0.024594343301040763, "percent_above_0.1m": 9.7560975609756095, "low_level_<0.5": 2.4390243902439024, "mid_level_0.5-2": 4.8780487804878048, "tall_2+": 0.0 }, "geometry": { "type": "Point", "coordinates": [ -0.231653534967962, 51.611442092588113 ] } },
{ "type": "Feature", "properties": { "max_height": 1.0172500610351562, "mean_height": 0.058882523328065872, "std_height": 0.19500716030597687, "count_pixels": 40, "percent_cover": 0.02399448126930806, "percent_above_0.1m": 10.0, "low_level_<0.5": 5.0, "mid_level_0.5-2": 5.0, "tall_2+": 0.0 }, "geometry": { "type": "Point", "coordinates": [ -0.231453520694797, 51.611439079664684 ] } },
{ "type": "Feature", "properties": { "max_height": 0.00174713134765625, "mean_height": -0.00033293830347247422, "std_height": 0.0011619176948443055, "count_pixels": 36, "percent_cover": 0.021595033142377252, "percent_above_0.1m": 0.0, "low_level_<0.5": 0.0, "mid_level_0.5-2": 0.0, "tall_2+": 0.0 }, "geometry": { "type": "Point", "coordinates": [ -0.231253506456768, 51.61143606640065 ] } },
{ "type": "Feature", "properties": { "max_height": 2.3352584838867188, "mean_height": 0.20098724961280823, "std_height": 0.5463297963142395, "count_pixels": 40, "percent_cover": 0.02399448126930806, "percent_above_0.1m": 20.0, "low_level_<0.5": 10.0, "mid_level_0.5-2": 5.0, "tall_2+": 5.0 }, "geometry": { "type": "Point", "coordinates": [ -0.231053492253888, 51.611433052795981 ] } },
{ "type": "Feature", "properties": { "max_height": 11.772003173828125, "mean_height": 3.9535746574401855, "std_height": 3.4142584800720215, "count_pixels": 41, "percent_cover": 0.024594343301040763, "percent_above_0.1m": 97.560975609756099, "low_level_<0.5": 12.195121951219512, "mid_level_0.5-2": 26.829268292682929, "tall_2+": 56.09756097560976 }, "geometry": { "type": "Point", "coordinates": [ -0.230853478086162, 51.611430038850685 ] } },
{ "type": "Feature", "properties": { "max_height": 2.7699966430664062, "mean_height": 0.2293563187122345, "std_height": 0.46022757887840271, "count_pixels": 42, "percent_cover": 0.025194205332773459, "percent_above_0.1m": 40.476190476190474, "low_level_<0.5": 26.190476190476193, "mid_level_0.5-2": 7.1428571428571423, "tall_2+": 2.3809523809523809 }, "geometry": { "type": "Point", "coordinates": [ -0.230653463953586, 51.611427024564776 ] } },
{ "type": "Feature", "properties": { "max_height": 3.912750244140625, "mean_height": 0.39826801419258118, "std_height": 0.8743709921836853, "count_pixels": 42, "percent_cover": 0.025194205332773459, "percent_above_0.1m": 33.333333333333329, "low_level_<0.5": 4.7619047619047619, "mid_level_0.5-2": 11.904761904761903, "tall_2+": 7.1428571428571423 }, "geometry": { "type": "Point", "coordinates": [ -0.230453449856167, 51.611424009938233 ] } },
{ "type": "Feature", "properties": { "max_height": 6.2900009155273438, "mean_height": 0.45339292287826538, "std_height": 1.1639734506607056, "count_pixels": 42, "percent_cover": 0.025194205332773459, "percent_above_0.1m": 23.809523809523807, "low_level_<0.5": 2.3809523809523809, "mid_level_0.5-2": 11.904761904761903, "tall_2+": 7.1428571428571423 }, "geometry": { "type": "Point", "coordinates": [ -0.230253435793911, 51.611420994971049 ] } },
{ "type": "Feature", "properties": { "max_height": 5.6904983520507812, "mean_height": 1.58501136302948, "std_height": 1.4251478910446167, "count_pixels": 43, "percent_cover": 0.025794067364506162, "percent_above_0.1m": 90.697674418604649, "low_level_<0.5": 13.953488372093023, "mid_level_0.5-2": 46.511627906976742, "tall_2+": 27.906976744186046 }, "geometry": { "type": "Point", "coordinates": [ -0.230053421766825, 51.611417979663258 ] } },
{ "type": "Feature", "properties": { "max_height": 4.9794921875, "mean_height": 0.80583018064498901, "std_height": 1.1018054485321045, "count_pixels": 44, "percent_cover": 0.026393929396238865, "percent_above_0.1m": 63.636363636363633, "low_level_<0.5": 15.909090909090908, "mid_level_0.5-2": 20.454545454545457, "tall_2+": 20.454545454545457 }, "geometry": { "type": "Point", "coordinates": [ -0.229853407774902, 51.611414964014827 ] } },
{ "type": "Feature", "properties": { "max_height": 6.4860000610351562, "mean_height": 0.94219118356704712, "std_height": 1.8014340400695801, "count_pixels": 42, "percent_cover": 0.025194205332773459, "percent_above_0.1m": 45.238095238095241, "low_level_<0.5": 14.285714285714285, "mid_level_0.5-2": 11.904761904761903, "tall_2+": 16.666666666666664 }, "geometry": { "type": "Point", "coordinates": [ -0.236149733266369, 51.611617606769983 ] } },
{ "type": "Feature", "properties": { "max_height": 6.8360061645507812, "mean_height": 2.1651554107666016, "std_height": 2.0202422142028809, "count_pixels": 42, "percent_cover": 0.025194205332773459, "percent_above_0.1m": 90.476190476190482, "low_level_<0.5": 19.047619047619047, "mid_level_0.5-2": 28.571428571428569, "tall_2+": 42.857142857142854 }, "geometry": { "type": "Point", "coordinates": [ -0.235949710261036, 51.611614606275261 ] } },
{ "type": "Feature", "properties": { "max_height": 8.644500732421875, "mean_height": 2.2720186710357666, "std_height": 1.7165783643722534, "count_pixels": 42, "percent_cover": 0.025194205332773459, "percent_above_0.1m": 92.857142857142861, "low_level_<0.5": 7.1428571428571423, "mid_level_0.5-2": 33.333333333333329, "tall_2+": 50.0 }, "geometry": { "type": "Point", "coordinates": [ -0.234549563582569, 51.611593584733903 ] } },
{ "type": "Feature", "properties": { "max_height": 8.360748291015625, "mean_height": 2.660564661026001, "std_height": 2.2150154113769531, "count_pixels": 43, "percent_cover": 0.025794067364506162, "percent_above_0.1m": 88.372093023255815, "low_level_<0.5": 4.6511627906976747, "mid_level_0.5-2": 34.883720930232556, "tall_2+": 48.837209302325576 }, "geometry": { "type": "Point", "coordinates": [ -0.234349548321338, 51.611590576737804 ] } },
{ "type": "Feature", "properties": { "max_height": 9.1005020141601562, "mean_height": 1.4996360540390015, "std_height": 2.1178791522979736, "count_pixels": 44, "percent_cover": 0.026393929396238865, "percent_above_0.1m": 75.0, "low_level_<0.5": 20.454545454545457, "mid_level_0.5-2": 22.727272727272727, "tall_2+": 27.27272727272727 }, "geometry": { "type": "Point", "coordinates": [ -0.234149533095194, 51.611587568401099 ] } },
{ "type": "Feature", "properties": { "max_height": 4.5997543334960938, "mean_height": 0.75535827875137329, "std_height": 1.1816951036453247, "count_pixels": 44, "percent_cover": 0.026393929396238865, "percent_above_0.1m": 45.454545454545453, "low_level_<0.5": 6.8181818181818175, "mid_level_0.5-2": 22.727272727272727, "tall_2+": 13.636363636363635 }, "geometry": { "type": "Point", "coordinates": [ -0.233949517904142, 51.611584559723745 ] } },
{ "type": "Feature", "properties": { "max_height": 3.8232498168945312, "mean_height": 0.3204418420791626, "std_height": 0.67011374235153198, "count_pixels": 43, "percent_cover": 0.025794067364506162, "percent_above_0.1m": 41.860465116279073, "low_level_<0.5": 13.953488372093023, "mid_level_0.5-2": 18.604651162790699, "tall_2+": 2.3255813953488373 }, "geometry": { "type": "Point", "coordinates": [ -0.233749502748175, 51.611581550705779 ] } },
{ "type": "Feature", "properties": { "max_height": 0.90374755859375, "mean_height": 0.074583329260349274, "std_height": 0.18001435697078705, "count_pixels": 42, "percent_cover": 0.025194205332773459, "percent_above_0.1m": 14.285714285714285, "low_level_<0.5": 11.904761904761903, "mid_level_0.5-2": 2.3809523809523809, "tall_2+": 0.0 }, "geometry": { "type": "Point", "coordinates": [ -0.23354948762731, 51.611578541347164 ] } },
{ "type": "Feature", "properties": { "max_height": 7.5279998779296875, "mean_height": 0.62107175588607788, "std_height": 1.4370338916778564, "count_pixels": 42, "percent_cover": 0.025194205332773459, "percent_above_0.1m": 30.952380952380953, "low_level_<0.5": 11.904761904761903, "mid_level_0.5-2": 7.1428571428571423, "tall_2+": 11.904761904761903 }, "geometry": { "type": "Point", "coordinates": [ -0.233349472541545, 51.611575531647937 ] } },
{ "type": "Feature", "properties": { "max_height": 7.3907546997070312, "mean_height": 0.74577951431274414, "std_height": 1.5492764711380005, "count_pixels": 42, "percent_cover": 0.025194205332773459, "percent_above_0.1m": 33.333333333333329, "low_level_<0.5": 2.3809523809523809, "mid_level_0.5-2": 16.666666666666664, "tall_2+": 14.285714285714285 }, "geometry": { "type": "Point", "coordinates": [ -0.233149457490882, 51.611572521608068 ] } },
{ "type": "Feature", "properties": { "max_height": 10.510498046875, "mean_height": 0.72668290138244629, "std_height": 1.7482014894485474, "count_pixels": 41, "percent_cover": 0.024594343301040763, "percent_above_0.1m": 39.024390243902438, "low_level_<0.5": 9.7560975609756095, "mid_level_0.5-2": 19.512195121951219, "tall_2+": 9.7560975609756095 }, "geometry": { "type": "Point", "coordinates": [ -0.232949442475331, 51.611569511227572 ] } },
{ "type": "Feature", "properties": { "max_height": 1.0227584838867188, "mean_height": 0.12067260593175888, "std_height": 0.24578864872455597, "count_pixels": 40, "percent_cover": 0.02399448126930806, "percent_above_0.1m": 32.5, "low_level_<0.5": 5.0, "mid_level_0.5-2": 7.5, "tall_2+": 0.0 }, "geometry": { "type": "Point", "coordinates": [ -0.232749427494891, 51.611566500506441 ] } },
{ "type": "Feature", "properties": { "max_height": 2.4160079956054688, "mean_height": 0.50006037950515747, "std_height": 0.72672945261001587, "count_pixels": 36, "percent_cover": 0.021595033142377252, "percent_above_0.1m": 55.555555555555557, "low_level_<0.5": 19.444444444444446, "mid_level_0.5-2": 19.444444444444446, "tall_2+": 8.3333333333333321 }, "geometry": { "type": "Point", "coordinates": [ -0.232549412549568, 51.611563489444691 ] } },
{ "type": "Feature", "properties": { "max_height": 4.0717544555664062, "mean_height": 0.60256028175354004, "std_height": 0.96459901332855225, "count_pixels": 41, "percent_cover": 0.024594343301040763, "percent_above_0.1m": 53.658536585365859, "low_level_<0.5": 21.951219512195124, "mid_level_0.5-2": 21.951219512195124, "tall_2+": 9.7560975609756095 }, "geometry": { "type": "Point", "coordinates": [ -0.232349397639362, 51.611560478042314 ] } },
{ "type": "Feature", "properties": { "max_height": 1.6230087280273438, "mean_height": 0.16532284021377563, "std_height": 0.34757295250892639, "count_pixels": 41, "percent_cover": 0.024594343301040763, "percent_above_0.1m": 21.951219512195124, "low_level_<0.5": 7.3170731707317067, "mid_level_0.5-2": 14.634146341463413, "tall_2+": 0.0 }, "geometry": { "type": "Point", "coordinates": [ -0.232149382764291, 51.611557466299303 ] } },
{ "type": "Feature", "properties": { "max_height": 2.6812591552734375, "mean_height": 0.27021971344947815, "std_height": 0.62802940607070923, "count_pixels": 42, "percent_cover": 0.025194205332773459, "percent_above_0.1m": 26.190476190476193, "low_level_<0.5": 7.1428571428571423, "mid_level_0.5-2": 11.904761904761903, "tall_2+": 4.7619047619047619 }, "geometry": { "type": "Point", "coordinates": [ -0.231949367924336, 51.611554454215657 ] } },
{ "type": "Feature", "properties": { "max_height": 0.9315032958984375, "mean_height": 0.050909858196973801, "std_height": 0.16022448241710663, "count_pixels": 42, "percent_cover": 0.025194205332773459, "percent_above_0.1m": 9.5238095238095237, "low_level_<0.5": 7.1428571428571423, "mid_level_0.5-2": 2.3809523809523809, "tall_2+": 0.0 }, "geometry": { "type": "Point", "coordinates": [ -0.231749353119522, 51.611551441791406 ] } },
{ "type": "Feature", "properties": { "max_height": 0.334503173828125, "mean_height": 0.0079697007313370705, "std_height": 0.050545182079076767, "count_pixels": 43, "percent_cover": 0.025794067364506162, "percent_above_0.1m": 2.3255813953488373, "low_level_<0.5": 2.3255813953488373, "mid_level_0.5-2": 0.0, "tall_2+": 0.0 }, "geometry": { "type": "Point", "coordinates": [ -0.23154933834984, 51.611548429026492 ] } },
{ "type": "Feature", "properties": { "max_height": 3.3920135498046875, "mean_height": 0.2206750363111496, "std_height": 0.71875959634780884, "count_pixels": 44, "percent_cover": 0.026393929396238865, "percent_above_0.1m": 11.363636363636363, "low_level_<0.5": 2.2727272727272729, "mid_level_0.5-2": 4.5454545454545459, "tall_2+": 4.5454545454545459 }, "geometry": { "type": "Point", "coordinates": [ -0.231349323615299, 51.611545415920972 ] } },
{ "type": "Feature", "properties": { "max_height": 0.8597564697265625, "mean_height": 0.021280981600284576, "std_height": 0.12797942757606506, "count_pixels": 44, "percent_cover": 0.026393929396238865, "percent_above_0.1m": 2.2727272727272729, "low_level_<0.5": 0.0, "mid_level_0.5-2": 2.2727272727272729, "tall_2+": 0.0 }, "geometry": { "type": "Point", "coordinates": [ -0.231149308915907, 51.611542402474804 ] } },
{ "type": "Feature", "properties": { "max_height": 2.9059982299804688, "mean_height": 0.3186931312084198, "std_height": 0.71976298093795776, "count_pixels": 43, "percent_cover": 0.025794067364506162, "percent_above_0.1m": 25.581395348837212, "low_level_<0.5": 6.9767441860465116, "mid_level_0.5-2": 11.627906976744185, "tall_2+": 6.9767441860465116 }, "geometry": { "type": "Point", "coordinates": [ -0.230949294251658, 51.611539388688023 ] } },
{ "type": "Feature", "properties": { "max_height": 7.4642562866210938, "mean_height": 1.5992075204849243, "std_height": 1.9417309761047363, "count_pixels": 42, "percent_cover": 0.025194205332773459, "percent_above_0.1m": 83.333333333333343, "low_level_<0.5": 19.047619047619047, "mid_level_0.5-2": 23.809523809523807, "tall_2+": 28.571428571428569 }, "geometry": { "type": "Point", "coordinates": [ -0.230749279622565, 51.611536374560615 ] } },
{ "type": "Feature", "properties": { "max_height": 5.47650146484375, "mean_height": 1.1035646200180054, "std_height": 1.5029577016830444, "count_pixels": 42, "percent_cover": 0.025194205332773459, "percent_above_0.1m": 61.904761904761905, "low_level_<0.5": 16.666666666666664, "mid_level_0.5-2": 19.047619047619047, "tall_2+": 23.809523809523807 }, "geometry": { "type": "Point", "coordinates": [ -0.230549265028623, 51.611533360092572 ] } },
{ "type": "Feature", "properties": { "max_height": 3.3557510375976562, "mean_height": 0.38657069206237793, "std_height": 0.77655059099197388, "count_pixels": 42, "percent_cover": 0.025194205332773459, "percent_above_0.1m": 30.952380952380953, "low_level_<0.5": 4.7619047619047619, "mid_level_0.5-2": 14.285714285714285, "tall_2+": 9.5238095238095237 }, "geometry": { "type": "Point", "coordinates": [ -0.230349250469849, 51.611530345283903 ] } },
{ "type": "Feature", "properties": { "max_height": 4.738006591796875, "mean_height": 0.49626904726028442, "std_height": 0.95019984245300293, "count_pixels": 41, "percent_cover": 0.024594343301040763, "percent_above_0.1m": 46.341463414634148, "low_level_<0.5": 14.634146341463413, "mid_level_0.5-2": 21.951219512195124, "tall_2+": 4.8780487804878048 }, "geometry": { "type": "Point", "coordinates": [ -0.230149235946234, 51.611527330134606 ] } },
{ "type": "Feature", "properties": { "max_height": 4.8412551879882812, "mean_height": 1.7549070119857788, "std_height": 1.5043282508850098, "count_pixels": 40, "percent_cover": 0.02399448126930806, "percent_above_0.1m": 82.5, "low_level_<0.5": 10.0, "mid_level_0.5-2": 35.0, "tall_2+": 35.0 }, "geometry": { "type": "Point", "coordinates": [ -0.229949221457788, 51.611524314644676 ] } },
{ "type": "Feature", "properties": { "max_height": 3.01275634765625, "mean_height": 1.3466112613677979, "std_height": 0.88970887660980225, "count_pixels": 36, "percent_cover": 0.021595033142377252, "percent_above_0.1m": 86.111111111111114, "low_level_<0.5": 8.3333333333333321, "mid_level_0.5-2": 47.222222222222221, "tall_2+": 27.777777777777779 }, "geometry": { "type": "Point", "coordinates": [ -0.229749207004515, 51.611521298814139 ] } },
{ "type": "Feature", "properties": { "max_height": 4.3899993896484375, "mean_height": 0.89421975612640381, "std_height": 1.0043809413909912, "count_pixels": 41, "percent_cover": 0.024594343301040763, "percent_above_0.1m": 70.731707317073173, "low_level_<0.5": 12.195121951219512, "mid_level_0.5-2": 46.341463414634148, "tall_2+": 12.195121951219512 }, "geometry": { "type": "Point", "coordinates": [ -0.22954919258642, 51.61151828264294 ] } },
{ "type": "Feature", "properties": { "max_height": 3.5, "mean_height": 0.30053114891052246, "std_height": 0.81929147243499756, "count_pixels": 41, "percent_cover": 0.024594343301040763, "percent_above_0.1m": 19.512195121951219, "low_level_<0.5": 7.3170731707317067, "mid_level_0.5-2": 2.4390243902439024, "tall_2+": 9.7560975609756095 }, "geometry": { "type": "Point", "coordinates": [ -0.236445590248649, 51.611729950089739 ] } },
{ "type": "Feature", "properties": { "max_height": 9.295745849609375, "mean_height": 1.4165647029876709, "std_height": 2.5494282245635986, "count_pixels": 42, "percent_cover": 0.025194205332773459, "percent_above_0.1m": 42.857142857142854, "low_level_<0.5": 4.7619047619047619, "mid_level_0.5-2": 16.666666666666664, "tall_2+": 21.428571428571427 }, "geometry": { "type": "Point", "coordinates": [ -0.236245566665394, 51.611726950098038 ] } },
{ "type": "Feature", "properties": { "max_height": 7.9099960327148438, "mean_height": 1.6689832210540771, "std_height": 2.2225644588470459, "count_pixels": 42, "percent_cover": 0.025194205332773459, "percent_above_0.1m": 64.285714285714292, "low_level_<0.5": 7.1428571428571423, "mid_level_0.5-2": 11.904761904761903, "tall_2+": 35.714285714285715 }, "geometry": { "type": "Point", "coordinates": [ -0.236045543119576, 51.611723949765491 ] } },
{ "type": "Feature", "properties": { "max_height": 8.5490036010742188, "mean_height": 2.8229873180389404, "std_height": 2.0877218246459961, "count_pixels": 42, "percent_cover": 0.025194205332773459, "percent_above_0.1m": 90.476190476190482, "low_level_<0.5": 7.1428571428571423, "mid_level_0.5-2": 23.809523809523807, "tall_2+": 59.523809523809526 }, "geometry": { "type": "Point", "coordinates": [ -0.235845519611195, 51.611720949092131 ] } },
{ "type": "Feature", "properties": { "max_height": 1.7014999389648438, "mean_height": 0.54103672504425049, "std_height": 0.46936511993408203, "count_pixels": 42, "percent_cover": 0.025194205332773459, "percent_above_0.1m": 71.428571428571431, "low_level_<0.5": 26.190476190476193, "mid_level_0.5-2": 45.238095238095241, "tall_2+": 0.0 }, "geometry": { "type": "Point", "coordinates": [ -0.23484540558118, 51.611705938934364 ] } },
{ "type": "Feature", "properties": { "max_height": 6.2835006713867188, "mean_height": 1.5882680416107178, "std_height": 1.4788389205932617, "count_pixels": 42, "percent_cover": 0.025194205332773459, "percent_above_0.1m": 92.857142857142861, "low_level_<0.5": 21.428571428571427, "mid_level_0.5-2": 33.333333333333329, "tall_2+": 35.714285714285715 }, "geometry": { "type": "Point", "coordinates": [ -0.234645389146513, 51.611702931642242 ] } },
{ "type": "Feature", "properties": { "max_height": 10.87249755859375, "mean_height": 2.2722749710083008, "std_height": 2.9212281703948975, "count_pixels": 41, "percent_cover": 0.024594343301040763, "percent_above_0.1m": 73.170731707317074, "low_level_<0.5": 12.195121951219512, "mid_level_0.5-2": 24.390243902439025, "tall_2+": 31.707317073170731 }, "geometry": { "type": "Point", "coordinates": [ -0.234445373388794, 51.611699923804693 ] } },
{ "type": "Feature", "properties": { "max_height": 5.4412460327148438, "mean_height": 0.55346870422363281, "std_height": 1.1980423927307129, "count_pixels": 40, "percent_cover": 0.02399448126930806, "percent_above_0.1m": 40.0, "low_level_<0.5": 25.0, "mid_level_0.5-2": 2.5, "tall_2+": 12.5 }, "geometry": { "type": "Point", "coordinates": [ -0.234245357666159, 51.611696915626517 ] } },
{ "type": "Feature", "properties": { "max_height": 3.0172500610351562, "mean_height": 0.30720138549804688, "std_height": 0.54419732093811035, "count_pixels": 36, "percent_cover": 0.021595033142377252, "percent_above_0.1m": 55.555555555555557, "low_level_<0.5": 30.555555555555557, "mid_level_0.5-2": 16.666666666666664, "tall_2+": 2.7777777777777777 }, "geometry": { "type": "Point", "coordinates": [ -0.234045341978605, 51.611693907107693 ] } },
{ "type": "Feature", "properties": { "max_height": 6.9352493286132812, "mean_height": 0.79283201694488525, "std_height": 1.68896484375, "count_pixels": 40, "percent_cover": 0.02399448126930806, "percent_above_0.1m": 35.0, "low_level_<0.5": 10.0, "mid_level_0.5-2": 7.5, "tall_2+": 15.0 }, "geometry": { "type": "Point", "coordinates": [ -0.233845326326152, 51.611690898248249 ] } },
{ "type": "Feature", "properties": { "max_height": 8.3055038452148438, "mean_height": 0.61679971218109131, "std_height": 1.7270569801330566, "count_pixels": 41, "percent_cover": 0.024594343301040763, "percent_above_0.1m": 14.634146341463413, "low_level_<0.5": 0.0, "mid_level_0.5-2": 2.4390243902439024, "tall_2+": 12.195121951219512 }, "geometry": { "type": "Point", "coordinates": [ -0.233645310708781, 51.611687889048163 ] } },
{ "type": "Feature", "properties": { "max_height": 3.0335006713867188, "mean_height": 0.27062496542930603, "std_height": 0.60704523324966431, "count_pixels": 42, "percent_cover": 0.025194205332773459, "percent_above_0.1m": 26.190476190476193, "low_level_<0.5": 7.1428571428571423, "mid_level_0.5-2": 14.285714285714285, "tall_2+": 2.3809523809523809 }, "geometry": { "type": "Point", "coordinates": [ -0.233445295126521, 51.61168487950745 ] } },
{ "type": "Feature", "properties": { "max_height": 5.8109970092773438, "mean_height": 0.20566613972187042, "std_height": 0.90971410274505615, "count_pixels": 42, "percent_cover": 0.025194205332773459, "percent_above_0.1m": 9.5238095238095237, "low_level_<0.5": 0.0, "mid_level_0.5-2": 7.1428571428571423, "tall_2+": 2.3809523809523809 }, "geometry": { "type": "Point", "coordinates": [ -0.233245279579358, 51.611681869626139 ] } },
{ "type": "Feature", "properties": { "max_height": 3.4370040893554688, "mean_height": 0.64856559038162231, "std_height": 1.0173609256744385, "count_pixels": 42, "percent_cover": 0.025194205332773459, "percent_above_0.1m": 47.619047619047613, "low_level_<0.5": 14.285714285714285, "mid_level_0.5-2": 16.666666666666664, "tall_2+": 16.666666666666664 }, "geometry": { "type": "Point", "coordinates": [ -0.233045264067302, 51.611678859404165 ] } },
{ "type": "Feature", "properties": { "max_height": 3.7754974365234375, "mean_height": 1.0105136632919312, "std_height": 1.1080605983734131, "count_pixels": 43, "percent_cover": 0.025794067364506162, "percent_above_0.1m": 69.767441860465112, "low_level_<0.5": 13.953488372093023, "mid_level_0.5-2": 25.581395348837212, "tall_2+": 25.581395348837212 }, "geometry": { "type": "Point", "coordinates": [ -0.232845248590357, 51.611675848841543 ] } },
{ "type": "Feature", "properties": { "max_height": 7.3022537231445312, "mean_height": 0.64189773797988892, "std_height": 1.4292113780975342, "count_pixels": 44, "percent_cover": 0.026393929396238865, "percent_above_0.1m": 36.363636363636367, "low_level_<0.5": 4.5454545454545459, "mid_level_0.5-2": 4.5454545454545459, "tall_2+": 15.909090909090908 }, "geometry": { "type": "Point", "coordinates": [ -0.232645233148529, 51.611672837938315 ] } },
{ "type": "Feature", "properties": { "max_height": 12.735252380371094, "mean_height": 4.2038125991821289, "std_height": 4.0420527458190918, "count_pixels": 43, "percent_cover": 0.025794067364506162, "percent_above_0.1m": 81.395348837209298, "low_level_<0.5": 4.6511627906976747, "mid_level_0.5-2": 16.279069767441861, "tall_2+": 58.139534883720934 }, "geometry": { "type": "Point", "coordinates": [ -0.232445217741817, 51.611669826694438 ] } },
{ "type": "Feature", "properties": { "max_height": 5.0397567749023438, "mean_height": 0.26609820127487183, "std_height": 0.78557729721069336, "count_pixels": 43, "percent_cover": 0.025794067364506162, "percent_above_0.1m": 39.534883720930232, "low_level_<0.5": 27.906976744186046, "mid_level_0.5-2": 6.9767441860465116, "tall_2+": 2.3255813953488373 }, "geometry": { "type": "Point", "coordinates": [ -0.232245202370231, 51.61166681510997 ] } },
{ "type": "Feature", "properties": { "max_height": 6.381500244140625, "mean_height": 0.95502924919128418, "std_height": 1.5746887922286987, "count_pixels": 42, "percent_cover": 0.025194205332773459, "percent_above_0.1m": 64.285714285714292, "low_level_<0.5": 23.809523809523807, "mid_level_0.5-2": 16.666666666666664, "tall_2+": 16.666666666666664 }, "geometry": { "type": "Point", "coordinates": [ -0.23204518703377, 51.61166380318484 ] } },
{ "type": "Feature", "properties": { "max_height": 14.034500122070312, "mean_height": 1.7769865989685059, "std_height": 3.1099753379821777, "count_pixels": 42, "percent_cover": 0.025194205332773459, "percent_above_0.1m": 33.333333333333329, "low_level_<0.5": 0.0, "mid_level_0.5-2": 4.7619047619047619, "tall_2+": 28.571428571428569 }, "geometry": { "type": "Point", "coordinates": [ -0.23184517173244, 51.611660790919096 ] } },
{ "type": "Feature", "properties": { "max_height": 1.6212539672851562, "mean_height": 0.10585357248783112, "std_height": 0.31016820669174194, "count_pixels": 41, "percent_cover": 0.024594343301040763, "percent_above_0.1m": 17.073170731707318, "low_level_<0.5": 7.3170731707317067, "mid_level_0.5-2": 7.3170731707317067, "tall_2+": 0.0 }, "geometry": { "type": "Point", "coordinates": [ -0.231645156466246, 51.611657778312697 ] } },
{ "type": "Feature", "properties": { "max_height": 4.2272567749023438, "mean_height": 0.34079933166503906, "std_height": 0.83249765634536743, "count_pixels": 40, "percent_cover": 0.02399448126930806, "percent_above_0.1m": 27.5, "low_level_<0.5": 5.0, "mid_level_0.5-2": 15.0, "tall_2+": 5.0 }, "geometry": { "type": "Point", "coordinates": [ -0.231445141235187, 51.611654765365678 ] } },
{ "type": "Feature", "properties": { "max_height": 8.0692520141601562, "mean_height": 0.76267790794372559, "std_height": 2.0396518707275391, "count_pixels": 36, "percent_cover": 0.021595033142377252, "percent_above_0.1m": 19.444444444444446, "low_level_<0.5": 0.0, "mid_level_0.5-2": 5.5555555555555554, "tall_2+": 11.111111111111111 }, "geometry": { "type": "Point", "coordinates": [ -0.231245126039276, 51.611651752078046 ] } },
{ "type": "Feature", "properties": { "max_height": 1.0080032348632812, "mean_height": 0.18979282677173615, "std_height": 0.27667522430419922, "count_pixels": 40, "percent_cover": 0.02399448126930806, "percent_above_0.1m": 42.5, "low_level_<0.5": 27.5, "mid_level_0.5-2": 12.5, "tall_2+": 0.0 }, "geometry": { "type": "Point", "coordinates": [ -0.231045110878508, 51.611648738449759 ] } },
{ "type": "Feature", "properties": { "max_height": 7.686248779296875, "mean_height": 1.7389922142028809, "std_height": 2.3436014652252197, "count_pixels": 41, "percent_cover": 0.024594343301040763, "percent_above_0.1m": 53.658536585365859, "low_level_<0.5": 4.8780487804878048, "mid_level_0.5-2": 9.7560975609756095, "tall_2+": 39.024390243902438 }, "geometry": { "type": "Point", "coordinates": [ -0.230845095752892, 51.611645724480859 ] } },
{ "type": "Feature", "properties": { "max_height": 5.52099609375, "mean_height": 1.6153875589370728, "std_height": 1.3193510770797729, "count_pixels": 42, "percent_cover": 0.025194205332773459, "percent_above_0.1m": 90.476190476190482, "low_level_<0.5": 14.285714285714285, "mid_level_0.5-2": 45.238095238095241, "tall_2+": 30.952380952380953 }, "geometry": { "type": "Point", "coordinates": [ -0.230645080662432, 51.611642710171324 ] } },
{ "type": "Feature", "properties": { "max_height": 1.1710052490234375, "mean_height": 0.0279115941375494, "std_height": 0.17852252721786499, "count_pixels": 42, "percent_cover": 0.025194205332773459, "percent_above_0.1m": 2.3809523809523809, "low_level_<0.5": 0.0, "mid_level_0.5-2": 2.3809523809523809, "tall_2+": 0.0 }, "geometry": { "type": "Point", "coordinates": [ -0.230445065607128, 51.611639695521156 ] } },
{ "type": "Feature", "properties": { "max_height": 0.01450347900390625, "mean_height": 0.00028047108207829297, "std_height": 0.0023933909833431244, "count_pixels": 42, "percent_cover": 0.025194205332773459, "percent_above_0.1m": 0.0, "low_level_<0.5": 0.0, "mid_level_0.5-2": 0.0, "tall_2+": 0.0 }, "geometry": { "type": "Point", "coordinates": [ -0.230245050586986, 51.611636680530374 ] } },
{ "type": "Feature", "properties": { "max_height": 6.7620010375976562, "mean_height": 0.24934297800064087, "std_height": 1.0832706689834595, "count_pixels": 43, "percent_cover": 0.025794067364506162, "percent_above_0.1m": 6.9767441860465116, "low_level_<0.5": 0.0, "mid_level_0.5-2": 2.3255813953488373, "tall_2+": 4.6511627906976747 }, "geometry": { "type": "Point", "coordinates": [ -0.230045035602015, 51.611633665198958 ] } },
{ "type": "Feature", "properties": { "max_height": 5.78900146484375, "mean_height": 0.63613647222518921, "std_height": 1.2157328128814697, "count_pixels": 44, "percent_cover": 0.026393929396238865, "percent_above_0.1m": 36.363636363636367, "low_level_<0.5": 4.5454545454545459, "mid_level_0.5-2": 15.909090909090908, "tall_2+": 13.636363636363635 }, "geometry": { "type": "Point", "coordinates": [ -0.22984502065221, 51.611630649526894 ] } },
{ "type": "Feature", "properties": { "max_height": 2.427001953125, "mean_height": 0.91204196214675903, "std_height": 0.76154476404190063, "count_pixels": 43, "percent_cover": 0.025794067364506162, "percent_above_0.1m": 72.093023255813947, "low_level_<0.5": 4.6511627906976747, "mid_level_0.5-2": 55.813953488372093, "tall_2+": 9.3023255813953494 }, "geometry": { "type": "Point", "coordinates": [ -0.229645005737584, 51.611627633514203 ] } },
{ "type": "Feature", "properties": { "max_height": 7.2872543334960938, "mean_height": 2.5167615413665771, "std_height": 2.0835349559783936, "count_pixels": 43, "percent_cover": 0.025794067364506162, "percent_above_0.1m": 88.372093023255815, "low_level_<0.5": 9.3023255813953494, "mid_level_0.5-2": 20.930232558139537, "tall_2+": 55.813953488372093 }, "geometry": { "type": "Point", "coordinates": [ -0.229444990858132, 51.611624617160906 ] } },
{ "type": "Feature", "properties": { "max_height": 8.7390060424804688, "mean_height": 1.7274765968322754, "std_height": 2.4004645347595215, "count_pixels": 42, "percent_cover": 0.025194205332773459, "percent_above_0.1m": 76.19047619047619, "low_level_<0.5": 19.047619047619047, "mid_level_0.5-2": 28.571428571428569, "tall_2+": 26.190476190476193 }, "geometry": { "type": "Point", "coordinates": [ -0.229244976013867, 51.611621600466954 ] } },
{ "type": "Feature", "properties": { "max_height": 6.4657440185546875, "mean_height": 1.4201598167419434, "std_height": 1.9751111268997192, "count_pixels": 42, "percent_cover": 0.025194205332773459, "percent_above_0.1m": 45.238095238095241, "low_level_<0.5": 2.3809523809523809, "mid_level_0.5-2": 9.5238095238095237, "tall_2+": 33.333333333333329 }, "geometry": { "type": "Point", "coordinates": [ -0.236341400567456, 51.611836293347018 ] } },
{ "type": "Feature", "properties": { "max_height": 10.041252136230469, "mean_height": 0.581024169921875, "std_height": 1.6846382617950439, "count_pixels": 42, "percent_cover": 0.025194205332773459, "percent_above_0.1m": 26.190476190476193, "low_level_<0.5": 4.7619047619047619, "mid_level_0.5-2": 9.5238095238095237, "tall_2+": 9.5238095238095237 }, "geometry": { "type": "Point", "coordinates": [ -0.236141376481145, 51.611833293176666 ] } },
{ "type": "Feature", "properties": { "max_height": 0.037750244140625, "mean_height": 0.00071407499490305781, "std_height": 0.0059903985820710659, "count_pixels": 42, "percent_cover": 0.025194205332773459, "percent_above_0.1m": 0.0, "low_level_<0.5": 0.0, "mid_level_0.5-2": 0.0, "tall_2+": 0.0 }, "geometry": { "type": "Point", "coordinates": [ -0.235941352432279, 51.611830292665502 ] } },
{ "type": "Feature", "properties": { "max_height": 8.94000244140625, "mean_height": 2.4614574909210205, "std_height": 2.2989926338195801, "count_pixels": 41, "percent_cover": 0.024594343301040763, "percent_above_0.1m": 90.243902439024396, "low_level_<0.5": 14.634146341463413, "mid_level_0.5-2": 24.390243902439025, "tall_2+": 46.341463414634148 }, "geometry": { "type": "Point", "coordinates": [ -0.235741328420851, 51.611827291813483 ] } },
{ "type": "Feature", "properties": { "max_height": 7.1580047607421875, "mean_height": 1.5053495168685913, "std_height": 2.1933906078338623, "count_pixels": 40, "percent_cover": 0.02399448126930806, "percent_above_0.1m": 65.0, "low_level_<0.5": 17.5, "mid_level_0.5-2": 7.5, "tall_2+": 30.0 }, "geometry": { "type": "Point", "coordinates": [ -0.235541304446877, 51.611824290620653 ] } },
{ "type": "Feature", "properties": { "max_height": 3.8985061645507812, "mean_height": 0.9761650562286377, "std_height": 1.1925020217895508, "count_pixels": 41, "percent_cover": 0.024594343301040763, "percent_above_0.1m": 73.170731707317074, "low_level_<0.5": 24.390243902439025, "mid_level_0.5-2": 21.951219512195124, "tall_2+": 19.512195121951219 }, "geometry": { "type": "Point", "coordinates": [ -0.234941233848512, 51.611815284649055 ] } },
{ "type": "Feature", "properties": { "max_height": 4.4109954833984375, "mean_height": 0.85891759395599365, "std_height": 1.040046215057373, "count_pixels": 42, "percent_cover": 0.025194205332773459, "percent_above_0.1m": 69.047619047619051, "low_level_<0.5": 19.047619047619047, "mid_level_0.5-2": 30.952380952380953, "tall_2+": 14.285714285714285 }, "geometry": { "type": "Point", "coordinates": [ -0.234741215171855, 51.611812278474993 ] } },
{ "type": "Feature", "properties": { "max_height": 3.4007568359375, "mean_height": 0.30048805475234985, "std_height": 0.70537590980529785, "count_pixels": 42, "percent_cover": 0.025194205332773459, "percent_above_0.1m": 28.571428571428569, "low_level_<0.5": 11.904761904761903, "mid_level_0.5-2": 11.904761904761903, "tall_2+": 4.7619047619047619 }, "geometry": { "type": "Point", "coordinates": [ -0.234541198917645, 51.611809270795966 ] } },
{ "type": "Feature", "properties": { "max_height": 8.3715057373046875, "mean_height": 0.85414016246795654, "std_height": 2.0247898101806641, "count_pixels": 43, "percent_cover": 0.025794067364506162, "percent_above_0.1m": 32.558139534883722, "low_level_<0.5": 4.6511627906976747, "mid_level_0.5-2": 9.3023255813953494, "tall_2+": 13.953488372093023 }, "geometry": { "type": "Point", "coordinates": [ -0.234341182698514, 51.611806262776305 ] } },
{ "type": "Feature", "properties": { "max_height": 5.8820114135742188, "mean_height": 0.92162030935287476, "std_height": 1.6158590316772461, "count_pixels": 44, "percent_cover": 0.026393929396238865, "percent_above_0.1m": 38.636363636363633, "low_level_<0.5": 4.5454545454545459, "mid_level_0.5-2": 11.363636363636363, "tall_2+": 20.454545454545457 }, "geometry": { "type": "Point", "coordinates": [ -0.234141166514465, 51.611803254416046 ] } },
{ "type": "Feature", "properties": { "max_height": 7.6500015258789062, "mean_height": 1.2862670421600342, "std_height": 1.8734544515609741, "count_pixels": 44, "percent_cover": 0.026393929396238865, "percent_above_0.1m": 52.272727272727273, "low_level_<0.5": 6.8181818181818175, "mid_level_0.5-2": 15.909090909090908, "tall_2+": 27.27272727272727 }, "geometry": { "type": "Point", "coordinates": [ -0.233941150365509, 51.611800245715123 ] } },
{ "type": "Feature", "properties": { "max_height": 3.2569961547851562, "mean_height": 0.30597153306007385, "std_height": 0.68087756633758545, "count_pixels": 43, "percent_cover": 0.025794067364506162, "percent_above_0.1m": 32.558139534883722, "low_level_<0.5": 6.9767441860465116, "mid_level_0.5-2": 13.953488372093023, "tall_2+": 4.6511627906976747 }, "geometry": { "type": "Point", "coordinates": [ -0.233741134251645, 51.611797236673574 ] } },
{ "type": "Feature", "properties": { "max_height": 3.9637451171875, "mean_height": 0.39446458220481873, "std_height": 0.82408249378204346, "count_pixels": 42, "percent_cover": 0.025194205332773459, "percent_above_0.1m": 33.333333333333329, "low_level_<0.5": 9.5238095238095237, "mid_level_0.5-2": 14.285714285714285, "tall_2+": 7.1428571428571423 }, "geometry": { "type": "Point", "coordinates": [ -0.233541118172878, 51.611794227291398 ] } },
{ "type": "Feature", "properties": { "max_height": 1.042999267578125, "mean_height": 0.09339287132024765, "std_height": 0.24369724094867706, "count_pixels": 42, "percent_cover": 0.025194205332773459, "percent_above_0.1m": 14.285714285714285, "low_level_<0.5": 4.7619047619047619, "mid_level_0.5-2": 9.5238095238095237, "tall_2+": 0.0 }, "geometry": { "type": "Point", "coordinates": [ -0.233341102129212, 51.61179121756858 ] } },
{ "type": "Feature", "properties": { "max_height": 0.485992431640625, "mean_height": 0.022910526022315025, "std_height": 0.09564615786075592, "count_pixels": 42, "percent_cover": 0.025194205332773459, "percent_above_0.1m": 4.7619047619047619, "low_level_<0.5": 4.7619047619047619, "mid_level_0.5-2": 0.0, "tall_2+": 0.0 }, "geometry": { "type": "Point", "coordinates": [ -0.233141086120654, 51.611788207505121 ] } },
{ "type": "Feature", "properties": { "max_height": 4.4512481689453125, "mean_height": 0.97420090436935425, "std_height": 1.2655863761901855, "count_pixels": 41, "percent_cover": 0.024594343301040763, "percent_above_0.1m": 58.536585365853654, "low_level_<0.5": 7.3170731707317067, "mid_level_0.5-2": 21.951219512195124, "tall_2+": 21.951219512195124 }, "geometry": { "type": "Point", "coordinates": [ -0.232941070147202, 51.61178519710105 ] } },
{ "type": "Feature", "properties": { "max_height": 7.5170059204101562, "mean_height": 1.3883421421051025, "std_height": 2.0883097648620605, "count_pixels": 40, "percent_cover": 0.02399448126930806, "percent_above_0.1m": 57.5, "low_level_<0.5": 7.5, "mid_level_0.5-2": 17.5, "tall_2+": 25.0 }, "geometry": { "type": "Point", "coordinates": [ -0.232741054208863, 51.611782186356344 ] } },
{ "type": "Feature", "properties": { "max_height": 12.254257202148438, "mean_height": 4.2657623291015625, "std_height": 3.9107367992401123, "count_pixels": 36, "percent_cover": 0.021595033142377252, "percent_above_0.1m": 86.111111111111114, "low_level_<0.5": 0.0, "mid_level_0.5-2": 11.111111111111111, "tall_2+": 66.666666666666657 }, "geometry": { "type": "Point", "coordinates": [ -0.232541038305643, 51.611779175270989 ] } },
{ "type": "Feature", "properties": { "max_height": 3.76275634765625, "mean_height": 0.48924273252487183, "std_height": 0.89390462636947632, "count_pixels": 41, "percent_cover": 0.024594343301040763, "percent_above_0.1m": 41.463414634146339, "low_level_<0.5": 17.073170731707318, "mid_level_0.5-2": 17.073170731707318, "tall_2+": 7.3170731707317067 }, "geometry": { "type": "Point", "coordinates": [ -0.232341022437546, 51.611776163845029 ] } },
{ "type": "Feature", "properties": { "max_height": 2.303253173828125, "mean_height": 0.15357710421085358, "std_height": 0.41273489594459534, "count_pixels": 41, "percent_cover": 0.024594343301040763, "percent_above_0.1m": 21.951219512195124, "low_level_<0.5": 7.3170731707317067, "mid_level_0.5-2": 9.7560975609756095, "tall_2+": 2.4390243902439024 }, "geometry": { "type": "Point", "coordinates": [ -0.232141006604569, 51.61177315207842 ] } },
{ "type": "Feature", "properties": { "max_height": 8.9394989013671875, "mean_height": 0.94879752397537231, "std_height": 2.1617615222930908, "count_pixels": 42, "percent_cover": 0.025194205332773459, "percent_above_0.1m": 33.333333333333329, "low_level_<0.5": 11.904761904761903, "mid_level_0.5-2": 0.0, "tall_2+": 16.666666666666664 }, "geometry": { "type": "Point", "coordinates": [ -0.231940990806725, 51.611770139971192 ] } },
{ "type": "Feature", "properties": { "max_height": 2.2840042114257812, "mean_height": 0.2773205041885376, "std_height": 0.5072711706161499, "count_pixels": 42, "percent_cover": 0.025194205332773459, "percent_above_0.1m": 38.095238095238095, "low_level_<0.5": 11.904761904761903, "mid_level_0.5-2": 19.047619047619047, "tall_2+": 2.3809523809523809 }, "geometry": { "type": "Point", "coordinates": [ -0.231740975044014, 51.611767127523315 ] } },
{ "type": "Feature", "properties": { "max_height": 5.1389999389648438, "mean_height": 0.69078952074050903, "std_height": 1.3534932136535645, "count_pixels": 43, "percent_cover": 0.025794067364506162, "percent_above_0.1m": 32.558139534883722, "low_level_<0.5": 6.9767441860465116, "mid_level_0.5-2": 9.3023255813953494, "tall_2+": 13.953488372093023 }, "geometry": { "type": "Point", "coordinates": [ -0.231540959316439, 51.611764114734818 ] } },
{ "type": "Feature", "properties": { "max_height": 0.74475860595703125, "mean_height": 0.04947662353515625, "std_height": 0.16126033663749695, "count_pixels": 44, "percent_cover": 0.026393929396238865, "percent_above_0.1m": 9.0909090909090917, "low_level_<0.5": 2.2727272727272729, "mid_level_0.5-2": 6.8181818181818175, "tall_2+": 0.0 }, "geometry": { "type": "Point", "coordinates": [ -0.231340943624002, 51.611761101605673 ] } },
{ "type": "Feature", "properties": { "max_height": 2.4850006103515625, "mean_height": 0.11292509734630585, "std_height": 0.39440983533859253, "count_pixels": 44, "percent_cover": 0.026393929396238865, "percent_above_0.1m": 15.909090909090908, "low_level_<0.5": 4.5454545454545459, "mid_level_0.5-2": 6.8181818181818175, "tall_2+": 2.2727272727272729 }, "geometry": { "type": "Point", "coordinates": [ -0.231140927966715, 51.611758088135907 ] } },
{ "type": "Feature", "properties": { "max_height": 0.85675048828125, "mean_height": 0.05944114550948143, "std_height": 0.15283301472663879, "count_pixels": 43, "percent_cover": 0.025794067364506162, "percent_above_0.1m": 18.604651162790699, "low_level_<0.5": 11.627906976744185, "mid_level_0.5-2": 2.3255813953488373, "tall_2+": 0.0 }, "geometry": { "type": "Point", "coordinates": [ -0.230940912344575, 51.611755074325522 ] } },
{ "type": "Feature", "properties": { "max_height": 7.1407546997070312, "mean_height": 1.7267427444458008, "std_height": 1.6761293411254883, "count_pixels": 42, "percent_cover": 0.025194205332773459, "percent_above_0.1m": 90.476190476190482, "low_level_<0.5": 14.285714285714285, "mid_level_0.5-2": 42.857142857142854, "tall_2+": 30.952380952380953 }, "geometry": { "type": "Point", "coordinates": [ -0.230740896757587, 51.611752060174489 ] } },
{ "type": "Feature", "properties": { "max_height": 2.6522445678710938, "mean_height": 1.2001280784606934, "std_height": 0.78338843584060669, "count_pixels": 42, "percent_cover": 0.025194205332773459, "percent_above_0.1m": 92.857142857142861, "low_level_<0.5": 16.666666666666664, "mid_level_0.5-2": 57.142857142857139, "tall_2+": 16.666666666666664 }, "geometry": { "type": "Point", "coordinates": [ -0.23054088120576, 51.611749045682842 ] } },
{ "type": "Feature", "properties": { "max_height": 0.001251220703125, "mean_height": -5.9218633396085352e-05, "std_height": 0.00073730037547647953, "count_pixels": 42, "percent_cover": 0.025194205332773459, "percent_above_0.1m": 0.0, "low_level_<0.5": 0.0, "mid_level_0.5-2": 0.0, "tall_2+": 0.0 }, "geometry": { "type": "Point", "coordinates": [ -0.230340865689088, 51.61174603085054 ] } },
{ "type": "Feature", "properties": { "max_height": 0.00150299072265625, "mean_height": 5.7685665524331853e-06, "std_height": 0.00068628316512331367, "count_pixels": 41, "percent_cover": 0.024594343301040763, "percent_above_0.1m": 0.0, "low_level_<0.5": 0.0, "mid_level_0.5-2": 0.0, "tall_2+": 0.0 }, "geometry": { "type": "Point", "coordinates": [ -0.230140850207588, 51.611743015677632 ] } },
{ "type": "Feature", "properties": { "max_height": 0.00250244140625, "mean_height": 9.4223025371320546e-05, "std_height": 0.00086388626368716359, "count_pixels": 40, "percent_cover": 0.02399448126930806, "percent_above_0.1m": 0.0, "low_level_<0.5": 0.0, "mid_level_0.5-2": 0.0, "tall_2+": 0.0 }, "geometry": { "type": "Point", "coordinates": [ -0.229940834761249, 51.611740000164076 ] } },
{ "type": "Feature", "properties": { "max_height": 0.00150299072265625, "mean_height": 0.00013245476293377578, "std_height": 0.00078757491428405046, "count_pixels": 36, "percent_cover": 0.021595033142377252, "percent_above_0.1m": 0.0, "low_level_<0.5": 0.0, "mid_level_0.5-2": 0.0, "tall_2+": 0.0 }, "geometry": { "type": "Point", "coordinates": [ -0.229740819350087, 51.611736984309907 ] } },
{ "type": "Feature", "properties": { "max_height": 0.02974700927734375, "mean_height": 0.00084760715253651142, "std_height": 0.0050600748509168625, "count_pixels": 41, "percent_cover": 0.024594343301040763, "percent_above_0.1m": 0.0, "low_level_<0.5": 0.0, "mid_level_0.5-2": 0.0, "tall_2+": 0.0 }, "geometry": { "type": "Point", "coordinates": [ -0.229540803974103, 51.611733968115082 ] } },
{ "type": "Feature", "properties": { "max_height": 5.0735015869140625, "mean_height": 0.13010983169078827, "std_height": 0.78206723928451538, "count_pixels": 41, "percent_cover": 0.024594343301040763, "percent_above_0.1m": 4.8780487804878048, "low_level_<0.5": 2.4390243902439024, "mid_level_0.5-2": 0.0, "tall_2+": 2.4390243902439024 }, "geometry": { "type": "Point", "coordinates": [ -0.229340788633299, 51.611730951579666 ] } },
{ "type": "Feature", "properties": { "max_height": 5.1987457275390625, "mean_height": 1.371238112449646, "std_height": 1.7645325660705566, "count_pixels": 42, "percent_cover": 0.025194205332773459, "percent_above_0.1m": 61.904761904761905, "low_level_<0.5": 7.1428571428571423, "mid_level_0.5-2": 26.190476190476193, "tall_2+": 26.190476190476193 }, "geometry": { "type": "Point", "coordinates": [ -0.229140773327676, 51.611727934703595 ] } },
{ "type": "Feature", "properties": { "max_height": 5.7910003662109375, "mean_height": 2.7041492462158203, "std_height": 1.708962082862854, "count_pixels": 42, "percent_cover": 0.025194205332773459, "percent_above_0.1m": 97.61904761904762, "low_level_<0.5": 4.7619047619047619, "mid_level_0.5-2": 26.190476190476193, "tall_2+": 64.285714285714292 }, "geometry": { "type": "Point", "coordinates": [ -0.228940758057247, 51.611724917486896 ] } },
{ "type": "Feature", "properties": { "max_height": 10.567253112792969, "mean_height": 2.0531253814697266, "std_height": 3.0803718566894531, "count_pixels": 44, "percent_cover": 0.026393929396238865, "percent_above_0.1m": 50.0, "low_level_<0.5": 6.8181818181818175, "mid_level_0.5-2": 11.363636363636363, "tall_2+": 31.818181818181817 }, "geometry": { "type": "Point", "coordinates": [ -0.225740518519281, 51.611676595694234 ] } },
{ "type": "Feature", "properties": { "max_height": 13.854248046875, "mean_height": 3.8715603351593018, "std_height": 3.4074831008911133, "count_pixels": 41, "percent_cover": 0.024594343301040763, "percent_above_0.1m": 85.365853658536579, "low_level_<0.5": 2.4390243902439024, "mid_level_0.5-2": 21.951219512195124, "tall_2+": 60.975609756097562 }, "geometry": { "type": "Point", "coordinates": [ -0.236437234972553, 51.611945636516943 ] } },
{ "type": "Feature", "properties": { "max_height": 16.642257690429688, "mean_height": 4.9540061950683594, "std_height": 5.126617431640625, "count_pixels": 42, "percent_cover": 0.025194205332773459, "percent_above_0.1m": 64.285714285714292, "low_level_<0.5": 0.0, "mid_level_0.5-2": 4.7619047619047619, "tall_2+": 59.523809523809526 }, "geometry": { "type": "Point", "coordinates": [ -0.236237210345751, 51.611942636508772 ] } },
{ "type": "Feature", "properties": { "max_height": 0.00274658203125, "mean_height": -0.00026775541482493281, "std_height": 0.0013949545100331306, "count_pixels": 42, "percent_cover": 0.025194205332773459, "percent_above_0.1m": 0.0, "low_level_<0.5": 0.0, "mid_level_0.5-2": 0.0, "tall_2+": 0.0 }, "geometry": { "type": "Point", "coordinates": [ -0.236037185756393, 51.611939636159775 ] } },
{ "type": "Feature", "properties": { "max_height": 0.1167449951171875, "mean_height": 0.0030308677814900875, "std_height": 0.017800908535718918, "count_pixels": 42, "percent_cover": 0.025194205332773459, "percent_above_0.1m": 2.3809523809523809, "low_level_<0.5": 0.0, "mid_level_0.5-2": 0.0, "tall_2+": 0.0 }, "geometry": { "type": "Point", "coordinates": [ -0.235837161204472, 51.611936635469974 ] } },
{ "type": "Feature", "properties": { "max_height": 7.9794998168945312, "mean_height": 1.8526808023452759, "std_height": 2.1279711723327637, "count_pixels": 43, "percent_cover": 0.025794067364506162, "percent_above_0.1m": 74.418604651162795, "low_level_<0.5": 11.627906976744185, "mid_level_0.5-2": 30.232558139534881, "tall_2+": 30.232558139534881 }, "geometry": { "type": "Point", "coordinates": [ -0.235637136689997, 51.611933634439318 ] } },
{ "type": "Feature", "properties": { "max_height": 11.63800048828125, "mean_height": 3.5499427318572998, "std_height": 3.4082496166229248, "count_pixels": 44, "percent_cover": 0.026393929396238865, "percent_above_0.1m": 79.545454545454547, "low_level_<0.5": 6.8181818181818175, "mid_level_0.5-2": 9.0909090909090917, "tall_2+": 61.363636363636367 }, "geometry": { "type": "Point", "coordinates": [ -0.235437112212972, 51.611930633067843 ] } },
{ "type": "Feature", "properties": { "max_height": 11.039749145507812, "mean_height": 2.3154308795928955, "std_height": 3.0749809741973877, "count_pixels": 43, "percent_cover": 0.025794067364506162, "percent_above_0.1m": 72.093023255813947, "low_level_<0.5": 6.9767441860465116, "mid_level_0.5-2": 23.255813953488371, "tall_2+": 34.883720930232556 }, "geometry": { "type": "Point", "coordinates": [ -0.235237087773406, 51.61192763135552 ] } },
{ "type": "Feature", "properties": { "max_height": 8.9097518920898438, "mean_height": 2.1133666038513184, "std_height": 2.4716541767120361, "count_pixels": 43, "percent_cover": 0.025794067364506162, "percent_above_0.1m": 74.418604651162795, "low_level_<0.5": 13.953488372093023, "mid_level_0.5-2": 16.279069767441861, "tall_2+": 41.860465116279073 }, "geometry": { "type": "Point", "coordinates": [ -0.235037063371293, 51.611924629302372 ] } },
{ "type": "Feature", "properties": { "max_height": 4.6819992065429688, "mean_height": 0.245285764336586, "std_height": 0.77413487434387207, "count_pixels": 42, "percent_cover": 0.025194205332773459, "percent_above_0.1m": 19.047619047619047, "low_level_<0.5": 4.7619047619047619, "mid_level_0.5-2": 11.904761904761903, "tall_2+": 2.3809523809523809 }, "geometry": { "type": "Point", "coordinates": [ -0.23483704216853, 51.611921625070416 ] } },
{ "type": "Feature", "properties": { "max_height": 4.509002685546875, "mean_height": 0.71007776260375977, "std_height": 1.2860836982727051, "count_pixels": 42, "percent_cover": 0.025194205332773459, "percent_above_0.1m": 30.952380952380953, "low_level_<0.5": 2.3809523809523809, "mid_level_0.5-2": 14.285714285714285, "tall_2+": 14.285714285714285 }, "geometry": { "type": "Point", "coordinates": [ -0.234637024907893, 51.611918617711623 ] } },
{ "type": "Feature", "properties": { "max_height": 0.03824615478515625, "mean_height": 0.0033115292899310589, "std_height": 0.0085228048264980316, "count_pixels": 41, "percent_cover": 0.024594343301040763, "percent_above_0.1m": 0.0, "low_level_<0.5": 0.0, "mid_level_0.5-2": 0.0, "tall_2+": 0.0 }, "geometry": { "type": "Point", "coordinates": [ -0.234437008192262, 51.611915609850513 ] } },
{ "type": "Feature", "properties": { "max_height": 7.2154998779296875, "mean_height": 0.96731221675872803, "std_height": 1.7567034959793091, "count_pixels": 40, "percent_cover": 0.02399448126930806, "percent_above_0.1m": 35.0, "low_level_<0.5": 2.5, "mid_level_0.5-2": 12.5, "tall_2+": 20.0 }, "geometry": { "type": "Point", "coordinates": [ -0.23423699151172, 51.611912601648761 ] } },
{ "type": "Feature", "properties": { "max_height": 3.7085037231445312, "mean_height": 0.71514534950256348, "std_height": 0.87095195055007935, "count_pixels": 36, "percent_cover": 0.021595033142377252, "percent_above_0.1m": 88.888888888888886, "low_level_<0.5": 33.333333333333329, "mid_level_0.5-2": 30.555555555555557, "tall_2+": 11.111111111111111 }, "geometry": { "type": "Point", "coordinates": [ -0.23403697486626, 51.611909593106375 ] } },
{ "type": "Feature", "properties": { "max_height": 8.480255126953125, "mean_height": 1.6006431579589844, "std_height": 2.5391619205474854, "count_pixels": 40, "percent_cover": 0.02399448126930806, "percent_above_0.1m": 50.0, "low_level_<0.5": 10.0, "mid_level_0.5-2": 10.0, "tall_2+": 25.0 }, "geometry": { "type": "Point", "coordinates": [ -0.233836958255895, 51.611906584223362 ] } },
{ "type": "Feature", "properties": { "max_height": 2.5802536010742188, "mean_height": 0.2251465916633606, "std_height": 0.57140123844146729, "count_pixels": 41, "percent_cover": 0.024594343301040763, "percent_above_0.1m": 17.073170731707318, "low_level_<0.5": 2.4390243902439024, "mid_level_0.5-2": 12.195121951219512, "tall_2+": 2.4390243902439024 }, "geometry": { "type": "Point", "coordinates": [ -0.233636941680623, 51.611903574999715 ] } },
{ "type": "Feature", "properties": { "max_height": 1.4072494506835938, "mean_height": 0.07280295342206955, "std_height": 0.24183349311351776, "count_pixels": 42, "percent_cover": 0.025194205332773459, "percent_above_0.1m": 9.5238095238095237, "low_level_<0.5": 4.7619047619047619, "mid_level_0.5-2": 4.7619047619047619, "tall_2+": 0.0 }, "geometry": { "type": "Point", "coordinates": [ -0.233436925140454, 51.61190056543542 ] } },
{ "type": "Feature", "properties": { "max_height": 13.001495361328125, "mean_height": 2.6978752613067627, "std_height": 3.7117118835449219, "count_pixels": 42, "percent_cover": 0.025194205332773459, "percent_above_0.1m": 59.523809523809526, "low_level_<0.5": 9.5238095238095237, "mid_level_0.5-2": 7.1428571428571423, "tall_2+": 40.476190476190474 }, "geometry": { "type": "Point", "coordinates": [ -0.233236908635386, 51.611897555530504 ] } },
{ "type": "Feature", "properties": { "max_height": 8.2677459716796875, "mean_height": 0.85930287837982178, "std_height": 2.0032382011413574, "count_pixels": 42, "percent_cover": 0.025194205332773459, "percent_above_0.1m": 45.238095238095241, "low_level_<0.5": 19.047619047619047, "mid_level_0.5-2": 7.1428571428571423, "tall_2+": 11.904761904761903 }, "geometry": { "type": "Point", "coordinates": [ -0.233036892165425, 51.611894545284954 ] } },
{ "type": "Feature", "properties": { "max_height": 0.62825775146484375, "mean_height": 0.026629425585269928, "std_height": 0.10016762465238571, "count_pixels": 43, "percent_cover": 0.025794067364506162, "percent_above_0.1m": 6.9767441860465116, "low_level_<0.5": 2.3255813953488373, "mid_level_0.5-2": 2.3255813953488373, "tall_2+": 0.0 }, "geometry": { "type": "Point", "coordinates": [ -0.232836875730578, 51.611891534698756 ] } },
{ "type": "Feature", "properties": { "max_height": 1.9470062255859375, "mean_height": 0.13155001401901245, "std_height": 0.3837413489818573, "count_pixels": 44, "percent_cover": 0.026393929396238865, "percent_above_0.1m": 15.909090909090908, "low_level_<0.5": 4.5454545454545459, "mid_level_0.5-2": 9.0909090909090917, "tall_2+": 0.0 }, "geometry": { "type": "Point", "coordinates": [ -0.232636859330843, 51.611888523771931 ] } },
{ "type": "Feature", "properties": { "max_height": 1.6580047607421875, "mean_height": 0.14005173742771149, "std_height": 0.35405528545379639, "count_pixels": 43, "percent_cover": 0.025794067364506162, "percent_above_0.1m": 20.930232558139537, "low_level_<0.5": 11.627906976744185, "mid_level_0.5-2": 9.3023255813953494, "tall_2+": 0.0 }, "geometry": { "type": "Point", "coordinates": [ -0.232436842966232, 51.611885512504479 ] } },
{ "type": "Feature", "properties": { "max_height": 0.5745086669921875, "mean_height": 0.04266144335269928, "std_height": 0.13172154128551483, "count_pixels": 43, "percent_cover": 0.025794067364506162, "percent_above_0.1m": 9.3023255813953494, "low_level_<0.5": 4.6511627906976747, "mid_level_0.5-2": 4.6511627906976747, "tall_2+": 0.0 }, "geometry": { "type": "Point", "coordinates": [ -0.232236826636742, 51.611882500896392 ] } },
{ "type": "Feature", "properties": { "max_height": 1.680511474609375, "mean_height": 0.11693954467773438, "std_height": 0.34625378251075745, "count_pixels": 42, "percent_cover": 0.025194205332773459, "percent_above_0.1m": 14.285714285714285, "low_level_<0.5": 4.7619047619047619, "mid_level_0.5-2": 4.7619047619047619, "tall_2+": 0.0 }, "geometry": { "type": "Point", "coordinates": [ -0.232036810342378, 51.6118794889477 ] } },
{ "type": "Feature", "properties": { "max_height": 6.451263427734375, "mean_height": 0.83870714902877808, "std_height": 1.4452724456787109, "count_pixels": 42, "percent_cover": 0.025194205332773459, "percent_above_0.1m": 54.761904761904766, "low_level_<0.5": 23.809523809523807, "mid_level_0.5-2": 19.047619047619047, "tall_2+": 11.904761904761903 }, "geometry": { "type": "Point", "coordinates": [ -0.231836794083144, 51.611876476658324 ] } },
{ "type": "Feature", "properties": { "max_height": 4.1255035400390625, "mean_height": 0.49466964602470398, "std_height": 0.9265061616897583, "count_pixels": 41, "percent_cover": 0.024594343301040763, "percent_above_0.1m": 36.585365853658537, "low_level_<0.5": 4.8780487804878048, "mid_level_0.5-2": 21.951219512195124, "tall_2+": 7.3170731707317067 }, "geometry": { "type": "Point", "coordinates": [ -0.231636777859052, 51.611873464028342 ] } },
{ "type": "Feature", "properties": { "max_height": 7.1612548828125, "mean_height": 1.1929805278778076, "std_height": 1.9501186609268188, "count_pixels": 40, "percent_cover": 0.02399448126930806, "percent_above_0.1m": 40.0, "low_level_<0.5": 5.0, "mid_level_0.5-2": 10.0, "tall_2+": 25.0 }, "geometry": { "type": "Point", "coordinates": [ -0.231436761670095, 51.611870451057733 ] } },
{ "type": "Feature", "properties": { "max_height": 1.8237533569335938, "mean_height": 0.17466418445110321, "std_height": 0.45414406061172485, "count_pixels": 36, "percent_cover": 0.021595033142377252, "percent_above_0.1m": 13.888888888888889, "low_level_<0.5": 2.7777777777777777, "mid_level_0.5-2": 11.111111111111111, "tall_2+": 0.0 }, "geometry": { "type": "Point", "coordinates": [ -0.23123674551628, 51.611867437746469 ] } },
{ "type": "Feature", "properties": { "max_height": 9.8785018920898438, "mean_height": 2.4198668003082275, "std_height": 2.3667018413543701, "count_pixels": 40, "percent_cover": 0.02399448126930806, "percent_above_0.1m": 72.5, "low_level_<0.5": 7.5, "mid_level_0.5-2": 7.5, "tall_2+": 57.5 }, "geometry": { "type": "Point", "coordinates": [ -0.231036729397618, 51.611864424094584 ] } },
{ "type": "Feature", "properties": { "max_height": 5.291259765625, "mean_height": 1.5198154449462891, "std_height": 1.5899385213851929, "count_pixels": 41, "percent_cover": 0.024594343301040763, "percent_above_0.1m": 65.853658536585371, "low_level_<0.5": 7.3170731707317067, "mid_level_0.5-2": 19.512195121951219, "tall_2+": 36.585365853658537 }, "geometry": { "type": "Point", "coordinates": [ -0.230836713314099, 51.611861410102073 ] } },
{ "type": "Feature", "properties": { "max_height": 9.0725021362304688, "mean_height": 3.9785046577453613, "std_height": 2.3447222709655762, "count_pixels": 42, "percent_cover": 0.025194205332773459, "percent_above_0.1m": 97.61904761904762, "low_level_<0.5": 7.1428571428571423, "mid_level_0.5-2": 11.904761904761903, "tall_2+": 78.571428571428569 }, "geometry": { "type": "Point", "coordinates": [ -0.230636697265742, 51.611858395768934 ] } },
{ "type": "Feature", "properties": { "max_height": 2.7585067749023438, "mean_height": 0.6712944507598877, "std_height": 0.82736307382583618, "count_pixels": 42, "percent_cover": 0.025194205332773459, "percent_above_0.1m": 57.142857142857139, "low_level_<0.5": 11.904761904761903, "mid_level_0.5-2": 30.952380952380953, "tall_2+": 11.904761904761903 }, "geometry": { "type": "Point", "coordinates": [ -0.230436681252542, 51.611855381095147 ] } },
{ "type": "Feature", "properties": { "max_height": 0.0030059814453125, "mean_height": -5.9218633396085352e-05, "std_height": 0.001090220408514142, "count_pixels": 42, "percent_cover": 0.025194205332773459, "percent_above_0.1m": 0.0, "low_level_<0.5": 0.0, "mid_level_0.5-2": 0.0, "tall_2+": 0.0 }, "geometry": { "type": "Point", "coordinates": [ -0.230236665274507, 51.61185236608074 ] } },
{ "type": "Feature", "properties": { "max_height": 0.00200653076171875, "mean_height": -5.1986338803544641e-05, "std_height": 0.00078228447819128633, "count_pixels": 43, "percent_cover": 0.025794067364506162, "percent_above_0.1m": 0.0, "low_level_<0.5": 0.0, "mid_level_0.5-2": 0.0, "tall_2+": 0.0 }, "geometry": { "type": "Point", "coordinates": [ -0.230036649331634, 51.611849350725691 ] } },
{ "type": "Feature", "properties": { "max_height": 0.0019989013671875, "mean_height": 6.9011344749014825e-05, "std_height": 0.00087958644144237041, "count_pixels": 44, "percent_cover": 0.026393929396238865, "percent_above_0.1m": 0.0, "low_level_<0.5": 0.0, "mid_level_0.5-2": 0.0, "tall_2+": 0.0 }, "geometry": { "type": "Point", "coordinates": [ -0.229836633423938, 51.611846335030002 ] } },
{ "type": "Feature", "properties": { "max_height": 0.0017547607421875, "mean_height": -1.1887661457876675e-05, "std_height": 0.00071341847069561481, "count_pixels": 43, "percent_cover": 0.025794067364506162, "percent_above_0.1m": 0.0, "low_level_<0.5": 0.0, "mid_level_0.5-2": 0.0, "tall_2+": 0.0 }, "geometry": { "type": "Point", "coordinates": [ -0.229636617551412, 51.611843318993706 ] } },
{ "type": "Feature", "properties": { "max_height": 0.00150299072265625, "mean_height": 1.9162200260325335e-05, "std_height": 0.00091650913236662745, "count_pixels": 43, "percent_cover": 0.025794067364506162, "percent_above_0.1m": 0.0, "low_level_<0.5": 0.0, "mid_level_0.5-2": 0.0, "tall_2+": 0.0 }, "geometry": { "type": "Point", "coordinates": [ -0.229436601714068, 51.611840302616763 ] } },
{ "type": "Feature", "properties": { "max_height": 0.001251220703125, "mean_height": -0.00024977183784358203, "std_height": 0.00093773304251953959, "count_pixels": 42, "percent_cover": 0.025194205332773459, "percent_above_0.1m": 0.0, "low_level_<0.5": 0.0, "mid_level_0.5-2": 0.0, "tall_2+": 0.0 }, "geometry": { "type": "Point", "coordinates": [ -0.22923658591191, 51.611837285899206 ] } },
{ "type": "Feature", "properties": { "max_height": 4.0660018920898438, "mean_height": 0.86111974716186523, "std_height": 1.170843243598938, "count_pixels": 42, "percent_cover": 0.025194205332773459, "percent_above_0.1m": 52.380952380952387, "low_level_<0.5": 9.5238095238095237, "mid_level_0.5-2": 16.666666666666664, "tall_2+": 23.809523809523807 }, "geometry": { "type": "Point", "coordinates": [ -0.229036570144936, 51.611834268841015 ] } },
{ "type": "Feature", "properties": { "max_height": 8.9327468872070312, "mean_height": 3.2530479431152344, "std_height": 2.4425034523010254, "count_pixels": 41, "percent_cover": 0.024594343301040763, "percent_above_0.1m": 95.121951219512198, "low_level_<0.5": 9.7560975609756095, "mid_level_0.5-2": 26.829268292682929, "tall_2+": 58.536585365853654 }, "geometry": { "type": "Point", "coordinates": [ -0.22883655441315, 51.611831251442162 ] } },
{ "type": "Feature", "properties": { "max_height": 7.1384963989257812, "mean_height": 1.176931619644165, "std_height": 1.443018913269043, "count_pixels": 40, "percent_cover": 0.02399448126930806, "percent_above_0.1m": 55.000000000000007, "low_level_<0.5": 5.0, "mid_level_0.5-2": 25.0, "tall_2+": 25.0 }, "geometry": { "type": "Point", "coordinates": [ -0.228636538716563, 51.611828233702703 ] } },
{ "type": "Feature", "properties": { "max_height": 12.522003173828125, "mean_height": 5.5984172821044922, "std_height": 3.8548007011413574, "count_pixels": 36, "percent_cover": 0.021595033142377252, "percent_above_0.1m": 100.0, "low_level_<0.5": 8.3333333333333321, "mid_level_0.5-2": 11.111111111111111, "tall_2+": 80.555555555555557 }, "geometry": { "type": "Point", "coordinates": [ -0.228436523055176, 51.611825215622609 ] } },
{ "type": "Feature", "properties": { "max_height": 10.637001037597656, "mean_height": 3.089787483215332, "std_height": 3.4404580593109131, "count_pixels": 40, "percent_cover": 0.02399448126930806, "percent_above_0.1m": 80.0, "low_level_<0.5": 7.5, "mid_level_0.5-2": 17.5, "tall_2+": 50.0 }, "geometry": { "type": "Point", "coordinates": [ -0.225836322662047, 51.611785949584103 ] } },
{ "type": "Feature", "properties": { "max_height": 2.5879974365234375, "mean_height": 0.0999026820063591, "std_height": 0.44319537281990051, "count_pixels": 36, "percent_cover": 0.021595033142377252, "percent_above_0.1m": 8.3333333333333321, "low_level_<0.5": 0.0, "mid_level_0.5-2": 2.7777777777777777, "tall_2+": 2.7777777777777777 }, "geometry": { "type": "Point", "coordinates": [ -0.225636307493864, 51.611782926735202 ] } },
{ "type": "Feature", "properties": { "max_height": 3.5134963989257812, "mean_height": 0.18713073432445526, "std_height": 0.6747359037399292, "count_pixels": 40, "percent_cover": 0.02399448126930806, "percent_above_0.1m": 10.0, "low_level_<0.5": 0.0, "mid_level_0.5-2": 5.0, "tall_2+": 5.0 }, "geometry": { "type": "Point", "coordinates": [ -0.225436292360937, 51.611779903545667 ] } },
{ "type": "Feature", "properties": { "max_height": 3.3785018920898438, "mean_height": 0.21959146857261658, "std_height": 0.61059343814849854, "count_pixels": 41, "percent_cover": 0.024594343301040763, "percent_above_0.1m": 17.073170731707318, "low_level_<0.5": 2.4390243902439024, "mid_level_0.5-2": 12.195121951219512, "tall_2+": 2.4390243902439024 }, "geometry": { "type": "Point", "coordinates": [ -0.225236277263276, 51.611776880015505 ] } },
{ "type": "Feature", "properties": { "max_height": 5.8400039672851562, "mean_height": 1.1952450275421143, "std_height": 1.5753780603408813, "count_pixels": 43, "percent_cover": 0.025794067364506162, "percent_above_0.1m": 58.139534883720934, "low_level_<0.5": 4.6511627906976747, "mid_level_0.5-2": 27.906976744186046, "tall_2+": 23.255813953488371 }, "geometry": { "type": "Point", "coordinates": [ -0.236533069880697, 51.612054979607748 ] } },
{ "type": "Feature", "properties": { "max_height": 12.056999206542969, "mean_height": 4.7209348678588867, "std_height": 2.994542121887207, "count_pixels": 42, "percent_cover": 0.025194205332773459, "percent_above_0.1m": 90.476190476190482, "low_level_<0.5": 0.0, "mid_level_0.5-2": 11.904761904761903, "tall_2+": 78.571428571428569 }, "geometry": { "type": "Point", "coordinates": [ -0.236333044713402, 51.612051979761794 ] } },
{ "type": "Feature", "properties": { "max_height": 3.04425048828125, "mean_height": 0.23583348095417023, "std_height": 0.67582893371582031, "count_pixels": 42, "percent_cover": 0.025194205332773459, "percent_above_0.1m": 11.904761904761903, "low_level_<0.5": 0.0, "mid_level_0.5-2": 7.1428571428571423, "tall_2+": 4.7619047619047619 }, "geometry": { "type": "Point", "coordinates": [ -0.236133019583541, 51.612048979575 ] } },
{ "type": "Feature", "properties": { "max_height": 1.878753662109375, "mean_height": 0.076143175363540649, "std_height": 0.32956862449645996, "count_pixels": 42, "percent_cover": 0.025194205332773459, "percent_above_0.1m": 7.1428571428571423, "low_level_<0.5": 2.3809523809523809, "mid_level_0.5-2": 4.7619047619047619, "tall_2+": 0.0 }, "geometry": { "type": "Point", "coordinates": [ -0.235932994491131, 51.612045979047373 ] } },
{ "type": "Feature", "properties": { "max_height": 0.00174713134765625, "mean_height": -0.00018887403712142259, "std_height": 0.0008294455474242568, "count_pixels": 41, "percent_cover": 0.024594343301040763, "percent_above_0.1m": 0.0, "low_level_<0.5": 0.0, "mid_level_0.5-2": 0.0, "tall_2+": 0.0 }, "geometry": { "type": "Point", "coordinates": [ -0.23573296943615, 51.61204297817892 ] } },
{ "type": "Feature", "properties": { "max_height": 5.4667510986328125, "mean_height": 0.31896895170211792, "std_height": 1.0309333801269531, "count_pixels": 40, "percent_cover": 0.02399448126930806, "percent_above_0.1m": 22.5, "low_level_<0.5": 2.5, "mid_level_0.5-2": 10.0, "tall_2+": 5.0 }, "geometry": { "type": "Point", "coordinates": [ -0.235532944418628, 51.612039976969626 ] } },
{ "type": "Feature", "properties": { "max_height": 11.322502136230469, "mean_height": 4.2657842636108398, "std_height": 3.7277290821075439, "count_pixels": 36, "percent_cover": 0.021595033142377252, "percent_above_0.1m": 80.555555555555557, "low_level_<0.5": 8.3333333333333321, "mid_level_0.5-2": 11.111111111111111, "tall_2+": 61.111111111111114 }, "geometry": { "type": "Point", "coordinates": [ -0.235332919438558, 51.612036975419485 ] } },
{ "type": "Feature", "properties": { "max_height": 9.5242462158203125, "mean_height": 2.0661230087280273, "std_height": 2.562692403793335, "count_pixels": 41, "percent_cover": 0.024594343301040763, "percent_above_0.1m": 75.609756097560975, "low_level_<0.5": 14.634146341463413, "mid_level_0.5-2": 21.951219512195124, "tall_2+": 36.585365853658537 }, "geometry": { "type": "Point", "coordinates": [ -0.235132894495941, 51.612033973528526 ] } },
{ "type": "Feature", "properties": { "max_height": 6.5764999389648438, "mean_height": 0.55504328012466431, "std_height": 1.3240655660629272, "count_pixels": 41, "percent_cover": 0.024594343301040763, "percent_above_0.1m": 24.390243902439025, "low_level_<0.5": 2.4390243902439024, "mid_level_0.5-2": 14.634146341463413, "tall_2+": 7.3170731707317067 }, "geometry": { "type": "Point", "coordinates": [ -0.234932870842232, 51.612030970904563 ] } },
{ "type": "Feature", "properties": { "max_height": 0.3222503662109375, "mean_height": 0.017458779737353325, "std_height": 0.053429517894983292, "count_pixels": 42, "percent_cover": 0.025194205332773459, "percent_above_0.1m": 4.7619047619047619, "low_level_<0.5": 2.3809523809523809, "mid_level_0.5-2": 0.0, "tall_2+": 0.0 }, "geometry": { "type": "Point", "coordinates": [ -0.234732851359544, 51.612027964551665 ] } },
{ "type": "Feature", "properties": { "max_height": 0.2037506103515625, "mean_height": 0.0051543824374675751, "std_height": 0.031209016218781471, "count_pixels": 42, "percent_cover": 0.025194205332773459, "percent_above_0.1m": 2.3809523809523809, "low_level_<0.5": 2.3809523809523809, "mid_level_0.5-2": 0.0, "tall_2+": 0.0 }, "geometry": { "type": "Point", "coordinates": [ -0.234532834147418, 51.612024956849105 ] } },
{ "type": "Feature", "properties": { "max_height": 0.003753662109375, "mean_height": -6.3874002080410719e-05, "std_height": 0.0017704309429973364, "count_pixels": 43, "percent_cover": 0.025794067364506162, "percent_above_0.1m": 0.0, "low_level_<0.5": 0.0, "mid_level_0.5-2": 0.0, "tall_2+": 0.0 }, "geometry": { "type": "Point", "coordinates": [ -0.23433281697037, 51.612021948805882 ] } },
{ "type": "Feature", "properties": { "max_height": 6.8444976806640625, "mean_height": 1.0338081121444702, "std_height": 1.7921483516693115, "count_pixels": 44, "percent_cover": 0.026393929396238865, "percent_above_0.1m": 59.090909090909093, "low_level_<0.5": 27.27272727272727, "mid_level_0.5-2": 6.8181818181818175, "tall_2+": 20.454545454545457 }, "geometry": { "type": "Point", "coordinates": [ -0.23413279982841, 51.612018940422033 ] } },
{ "type": "Feature", "properties": { "max_height": 0.8952484130859375, "mean_height": 0.19009138643741608, "std_height": 0.23808760941028595, "count_pixels": 44, "percent_cover": 0.026393929396238865, "percent_above_0.1m": 47.727272727272727, "low_level_<0.5": 29.545454545454547, "mid_level_0.5-2": 15.909090909090908, "tall_2+": 0.0 }, "geometry": { "type": "Point", "coordinates": [ -0.233932782721538, 51.612015931697535 ] } },
{ "type": "Feature", "properties": { "max_height": 5.65875244140625, "mean_height": 0.2382839173078537, "std_height": 0.90998297929763794, "count_pixels": 43, "percent_cover": 0.025794067364506162, "percent_above_0.1m": 11.627906976744185, "low_level_<0.5": 0.0, "mid_level_0.5-2": 6.9767441860465116, "tall_2+": 2.3255813953488373 }, "geometry": { "type": "Point", "coordinates": [ -0.233732765649762, 51.612012922632417 ] } },
{ "type": "Feature", "properties": { "max_height": 8.6702499389648438, "mean_height": 2.2944815158843994, "std_height": 2.9015548229217529, "count_pixels": 42, "percent_cover": 0.025194205332773459, "percent_above_0.1m": 52.380952380952387, "low_level_<0.5": 2.3809523809523809, "mid_level_0.5-2": 11.904761904761903, "tall_2+": 38.095238095238095 }, "geometry": { "type": "Point", "coordinates": [ -0.233532748613085, 51.612009913226665 ] } },
{ "type": "Feature", "properties": { "max_height": 7.9487533569335938, "mean_height": 2.4431376457214355, "std_height": 2.5509359836578369, "count_pixels": 42, "percent_cover": 0.025194205332773459, "percent_above_0.1m": 83.333333333333343, "low_level_<0.5": 19.047619047619047, "mid_level_0.5-2": 16.666666666666664, "tall_2+": 45.238095238095241 }, "geometry": { "type": "Point", "coordinates": [ -0.233332731611506, 51.612006903480271 ] } },
{ "type": "Feature", "properties": { "max_height": 9.6232452392578125, "mean_height": 3.2201366424560547, "std_height": 2.9288980960845947, "count_pixels": 42, "percent_cover": 0.025194205332773459, "percent_above_0.1m": 83.333333333333343, "low_level_<0.5": 7.1428571428571423, "mid_level_0.5-2": 21.428571428571427, "tall_2+": 54.761904761904766 }, "geometry": { "type": "Point", "coordinates": [ -0.233132714645037, 51.612003893393236 ] } },
{ "type": "Feature", "properties": { "max_height": 1.4582443237304688, "mean_height": 0.1402435302734375, "std_height": 0.3678777813911438, "count_pixels": 41, "percent_cover": 0.024594343301040763, "percent_above_0.1m": 14.634146341463413, "low_level_<0.5": 2.4390243902439024, "mid_level_0.5-2": 12.195121951219512, "tall_2+": 0.0 }, "geometry": { "type": "Point", "coordinates": [ -0.232932697713671, 51.612000882965575 ] } },
{ "type": "Feature", "properties": { "max_height": 1.1407546997070312, "mean_height": 0.051940344274044037, "std_height": 0.19234743714332581, "count_pixels": 40, "percent_cover": 0.02399448126930806, "percent_above_0.1m": 10.0, "low_level_<0.5": 7.5, "mid_level_0.5-2": 2.5, "tall_2+": 0.0 }, "geometry": { "type": "Point", "coordinates": [ -0.232732680817428, 51.611997872197286 ] } },
{ "type": "Feature", "properties": { "max_height": 1.1852569580078125, "mean_height": 0.12491416931152344, "std_height": 0.25365990400314331, "count_pixels": 36, "percent_cover": 0.021595033142377252, "percent_above_0.1m": 22.222222222222221, "low_level_<0.5": 11.111111111111111, "mid_level_0.5-2": 11.111111111111111, "tall_2+": 0.0 }, "geometry": { "type": "Point", "coordinates": [ -0.232532663956296, 51.611994861088355 ] } },
{ "type": "Feature", "properties": { "max_height": 1.8847579956054688, "mean_height": 0.074200883507728577, "std_height": 0.30299839377403259, "count_pixels": 41, "percent_cover": 0.024594343301040763, "percent_above_0.1m": 9.7560975609756095, "low_level_<0.5": 7.3170731707317067, "mid_level_0.5-2": 2.4390243902439024, "tall_2+": 0.0 }, "geometry": { "type": "Point", "coordinates": [ -0.232332647130289, 51.611991849638784 ] } },
{ "type": "Feature", "properties": { "max_height": 2.634246826171875, "mean_height": 0.2355475127696991, "std_height": 0.52523708343505859, "count_pixels": 41, "percent_cover": 0.024594343301040763, "percent_above_0.1m": 29.268292682926827, "low_level_<0.5": 9.7560975609756095, "mid_level_0.5-2": 12.195121951219512, "tall_2+": 2.4390243902439024 }, "geometry": { "type": "Point", "coordinates": [ -0.232132630339405, 51.611988837848585 ] } },
{ "type": "Feature", "properties": { "max_height": 1.199005126953125, "mean_height": 0.10334959626197815, "std_height": 0.28530743718147278, "count_pixels": 42, "percent_cover": 0.025194205332773459, "percent_above_0.1m": 14.285714285714285, "low_level_<0.5": 7.1428571428571423, "mid_level_0.5-2": 7.1428571428571423, "tall_2+": 0.0 }, "geometry": { "type": "Point", "coordinates": [ -0.231932613583654, 51.611985825717746 ] } },
{ "type": "Feature", "properties": { "max_height": 11.727508544921875, "mean_height": 3.6056370735168457, "std_height": 3.5959203243255615, "count_pixels": 42, "percent_cover": 0.025194205332773459, "percent_above_0.1m": 71.428571428571431, "low_level_<0.5": 4.7619047619047619, "mid_level_0.5-2": 11.904761904761903, "tall_2+": 52.380952380952387 }, "geometry": { "type": "Point", "coordinates": [ -0.231732596863035, 51.611982813246279 ] } },
{ "type": "Feature", "properties": { "max_height": 5.3600082397460938, "mean_height": 0.65165585279464722, "std_height": 1.4224323034286499, "count_pixels": 43, "percent_cover": 0.025794067364506162, "percent_above_0.1m": 30.232558139534881, "low_level_<0.5": 4.6511627906976747, "mid_level_0.5-2": 11.627906976744185, "tall_2+": 13.953488372093023 }, "geometry": { "type": "Point", "coordinates": [ -0.231532580177551, 51.611979800434185 ] } },
{ "type": "Feature", "properties": { "max_height": 6.8945083618164062, "mean_height": 0.44485750794410706, "std_height": 1.2104628086090088, "count_pixels": 44, "percent_cover": 0.026393929396238865, "percent_above_0.1m": 34.090909090909086, "low_level_<0.5": 13.636363636363635, "mid_level_0.5-2": 6.8181818181818175, "tall_2+": 9.0909090909090917 }, "geometry": { "type": "Point", "coordinates": [ -0.231332563527212, 51.611976787281421 ] } },
{ "type": "Feature", "properties": { "max_height": 2.3327560424804688, "mean_height": 0.15205764770507812, "std_height": 0.42769637703895569, "count_pixels": 44, "percent_cover": 0.026393929396238865, "percent_above_0.1m": 18.181818181818183, "low_level_<0.5": 6.8181818181818175, "mid_level_0.5-2": 6.8181818181818175, "tall_2+": 2.2727272727272729 }, "geometry": { "type": "Point", "coordinates": [ -0.231132546912018, 51.611973773788058 ] } },
{ "type": "Feature", "properties": { "max_height": 5.553253173828125, "mean_height": 0.83662128448486328, "std_height": 1.2431707382202148, "count_pixels": 43, "percent_cover": 0.025794067364506162, "percent_above_0.1m": 55.813953488372093, "low_level_<0.5": 9.3023255813953494, "mid_level_0.5-2": 30.232558139534881, "tall_2+": 11.627906976744185 }, "geometry": { "type": "Point", "coordinates": [ -0.230932530331976, 51.611970759954055 ] } },
{ "type": "Feature", "properties": { "max_height": 12.413261413574219, "mean_height": 4.2484450340270996, "std_height": 3.3905150890350342, "count_pixels": 42, "percent_cover": 0.025194205332773459, "percent_above_0.1m": 95.238095238095227, "low_level_<0.5": 9.5238095238095237, "mid_level_0.5-2": 21.428571428571427, "tall_2+": 64.285714285714292 }, "geometry": { "type": "Point", "coordinates": [ -0.230732513787083, 51.611967745779424 ] } },
{ "type": "Feature", "properties": { "max_height": 9.6927566528320312, "mean_height": 2.9444034099578857, "std_height": 2.9597487449645996, "count_pixels": 42, "percent_cover": 0.025194205332773459, "percent_above_0.1m": 97.61904761904762, "low_level_<0.5": 4.7619047619047619, "mid_level_0.5-2": 45.238095238095241, "tall_2+": 42.857142857142854 }, "geometry": { "type": "Point", "coordinates": [ -0.23053249727735, 51.611964731264145 ] } },
{ "type": "Feature", "properties": { "max_height": 4.235504150390625, "mean_height": 1.0160202980041504, "std_height": 1.2345547676086426, "count_pixels": 42, "percent_cover": 0.025194205332773459, "percent_above_0.1m": 52.380952380952387, "low_level_<0.5": 2.3809523809523809, "mid_level_0.5-2": 23.809523809523807, "tall_2+": 23.809523809523807 }, "geometry": { "type": "Point", "coordinates": [ -0.230332480802778, 51.611961716408246 ] } },
{ "type": "Feature", "properties": { "max_height": 0.00174713134765625, "mean_height": 0.00012262856762390584, "std_height": 0.00077365949982777238, "count_pixels": 41, "percent_cover": 0.024594343301040763, "percent_above_0.1m": 0.0, "low_level_<0.5": 0.0, "mid_level_0.5-2": 0.0, "tall_2+": 0.0 }, "geometry": { "type": "Point", "coordinates": [ -0.23013246436337, 51.611958701211719 ] } },
{ "type": "Feature", "properties": { "max_height": 0.0032501220703125, "mean_height": -4.9209593271370977e-05, "std_height": 0.00090179149992763996, "count_pixels": 40, "percent_cover": 0.02399448126930806, "percent_above_0.1m": 0.0, "low_level_<0.5": 0.0, "mid_level_0.5-2": 0.0, "tall_2+": 0.0 }, "geometry": { "type": "Point", "coordinates": [ -0.229932447959135, 51.611955685674523 ] } },
{ "type": "Feature", "properties": { "max_height": 0.001251220703125, "mean_height": -0.00016742282605264336, "std_height": 0.00093936087796464562, "count_pixels": 36, "percent_cover": 0.021595033142377252, "percent_above_0.1m": 0.0, "low_level_<0.5": 0.0, "mid_level_0.5-2": 0.0, "tall_2+": 0.0 }, "geometry": { "type": "Point", "coordinates": [ -0.229732431590071, 51.611952669796715 ] } },
{ "type": "Feature", "properties": { "max_height": 0.0015106201171875, "mean_height": 1.2653629710257519e-05, "std_height": 0.00076500332215800881, "count_pixels": 41, "percent_cover": 0.024594343301040763, "percent_above_0.1m": 0.0, "low_level_<0.5": 0.0, "mid_level_0.5-2": 0.0, "tall_2+": 0.0 }, "geometry": { "type": "Point", "coordinates": [ -0.229532415256184, 51.611949653578307 ] } },
{ "type": "Feature", "properties": { "max_height": 0.00124359130859375, "mean_height": -0.00020748231327161193, "std_height": 0.00074081000639125705, "count_pixels": 41, "percent_cover": 0.024594343301040763, "percent_above_0.1m": 0.0, "low_level_<0.5": 0.0, "mid_level_0.5-2": 0.0, "tall_2+": 0.0 }, "geometry": { "type": "Point", "coordinates": [ -0.229332398957482, 51.61194663701923 ] } },
{ "type": "Feature", "properties": { "max_height": 0.0017547607421875, "mean_height": -0.00018528530199546367, "std_height": 0.00081094785127788782, "count_pixels": 42, "percent_cover": 0.025194205332773459, "percent_above_0.1m": 0.0, "low_level_<0.5": 0.0, "mid_level_0.5-2": 0.0, "tall_2+": 0.0 }, "geometry": { "type": "Point", "coordinates": [ -0.229132382693963, 51.611943620119526 ] } },
{ "type": "Feature", "properties": { "max_height": 3.0672531127929688, "mean_height": 0.16499419510364532, "std_height": 0.52183645963668823, "count_pixels": 42, "percent_cover": 0.025194205332773459, "percent_above_0.1m": 19.047619047619047, "low_level_<0.5": 7.1428571428571423, "mid_level_0.5-2": 7.1428571428571423, "tall_2+": 2.3809523809523809 }, "geometry": { "type": "Point", "coordinates": [ -0.228932366465631, 51.611940602879194 ] } },
{ "type": "Feature", "properties": { "max_height": 10.375, "mean_height": 4.5724821090698242, "std_height": 2.6242167949676514, "count_pixels": 43, "percent_cover": 0.025794067364506162, "percent_above_0.1m": 100.0, "low_level_<0.5": 2.3255813953488373, "mid_level_0.5-2": 13.953488372093023, "tall_2+": 83.720930232558146 }, "geometry": { "type": "Point", "coordinates": [ -0.228732350272495, 51.611937585298236 ] } },
{ "type": "Feature", "properties": { "max_height": 6.3824920654296875, "mean_height": 2.7557551860809326, "std_height": 1.8464635610580444, "count_pixels": 44, "percent_cover": 0.026393929396238865, "percent_above_0.1m": 93.181818181818173, "low_level_<0.5": 4.5454545454545459, "mid_level_0.5-2": 22.727272727272727, "tall_2+": 63.636363636363633 }, "geometry": { "type": "Point", "coordinates": [ -0.228532334114557, 51.611934567376622 ] } },
{ "type": "Feature", "properties": { "max_height": 6.8767471313476562, "mean_height": 3.6642899513244629, "std_height": 1.7042125463485718, "count_pixels": 44, "percent_cover": 0.026393929396238865, "percent_above_0.1m": 100.0, "low_level_<0.5": 0.0, "mid_level_0.5-2": 15.909090909090908, "tall_2+": 81.818181818181827 }, "geometry": { "type": "Point", "coordinates": [ -0.228332317991818, 51.611931549114402 ] } },
{ "type": "Feature", "properties": { "max_height": 8.2687530517578125, "mean_height": 2.9434540271759033, "std_height": 1.8960026502609253, "count_pixels": 43, "percent_cover": 0.025794067364506162, "percent_above_0.1m": 95.348837209302332, "low_level_<0.5": 4.6511627906976747, "mid_level_0.5-2": 25.581395348837212, "tall_2+": 65.116279069767444 }, "geometry": { "type": "Point", "coordinates": [ -0.228132301904285, 51.611928530511534 ] } },
{ "type": "Feature", "properties": { "max_height": 7.1072540283203125, "mean_height": 2.0594940185546875, "std_height": 1.8934509754180908, "count_pixels": 42, "percent_cover": 0.025194205332773459, "percent_above_0.1m": 78.571428571428569, "low_level_<0.5": 9.5238095238095237, "mid_level_0.5-2": 19.047619047619047, "tall_2+": 50.0 }, "geometry": { "type": "Point", "coordinates": [ -0.227932285851966, 51.61192551156806 ] } },
{ "type": "Feature", "properties": { "max_height": 7.1427459716796875, "mean_height": 2.527883768081665, "std_height": 2.4574410915374756, "count_pixels": 43, "percent_cover": 0.025794067364506162, "percent_above_0.1m": 81.395348837209298, "low_level_<0.5": 6.9767441860465116, "mid_level_0.5-2": 27.906976744186046, "tall_2+": 44.186046511627907 }, "geometry": { "type": "Point", "coordinates": [ -0.225932127266119, 51.61189530339842 ] } },
{ "type": "Feature", "properties": { "max_height": 9.4892501831054688, "mean_height": 1.1423289775848389, "std_height": 2.0884866714477539, "count_pixels": 44, "percent_cover": 0.026393929396238865, "percent_above_0.1m": 40.909090909090914, "low_level_<0.5": 6.8181818181818175, "mid_level_0.5-2": 6.8181818181818175, "tall_2+": 22.727272727272727 }, "geometry": { "type": "Point", "coordinates": [ -0.225732111601361, 51.611892280707998 ] } },
{ "type": "Feature", "properties": { "max_height": 7.2412490844726562, "mean_height": 1.4413982629776001, "std_height": 2.1496200561523438, "count_pixels": 44, "percent_cover": 0.026393929396238865, "percent_above_0.1m": 47.727272727272727, "low_level_<0.5": 6.8181818181818175, "mid_level_0.5-2": 13.636363636363635, "tall_2+": 25.0 }, "geometry": { "type": "Point", "coordinates": [ -0.225532095971859, 51.611889257676935 ] } },
{ "type": "Feature", "properties": { "max_height": 8.417755126953125, "mean_height": 1.095744252204895, "std_height": 2.0591838359832764, "count_pixels": 43, "percent_cover": 0.025794067364506162, "percent_above_0.1m": 32.558139534883722, "low_level_<0.5": 4.6511627906976747, "mid_level_0.5-2": 4.6511627906976747, "tall_2+": 23.255813953488371 }, "geometry": { "type": "Point", "coordinates": [ -0.225332080377622, 51.611886234305238 ] } },
{ "type": "Feature", "properties": { "max_height": 0.00350189208984375, "mean_height": 4.2506628233240917e-05, "std_height": 0.0009926874190568924, "count_pixels": 42, "percent_cover": 0.025194205332773459, "percent_above_0.1m": 0.0, "low_level_<0.5": 0.0, "mid_level_0.5-2": 0.0, "tall_2+": 0.0 }, "geometry": { "type": "Point", "coordinates": [ -0.225132064818643, 51.611883210592922 ] } },
{ "type": "Feature", "properties": { "max_height": 3.0324935913085938, "mean_height": 0.1960354745388031, "std_height": 0.58563166856765747, "count_pixels": 42, "percent_cover": 0.025194205332773459, "percent_above_0.1m": 19.047619047619047, "low_level_<0.5": 7.1428571428571423, "mid_level_0.5-2": 4.7619047619047619, "tall_2+": 4.7619047619047619 }, "geometry": { "type": "Point", "coordinates": [ -0.224932049294939, 51.61188018653997 ] } },
{ "type": "Feature", "properties": { "max_height": 8.459747314453125, "mean_height": 3.1327805519104004, "std_height": 2.370539665222168, "count_pixels": 41, "percent_cover": 0.024594343301040763, "percent_above_0.1m": 80.487804878048792, "low_level_<0.5": 2.4390243902439024, "mid_level_0.5-2": 12.195121951219512, "tall_2+": 65.853658536585371 }, "geometry": { "type": "Point", "coordinates": [ -0.236428879584096, 51.612161322935769 ] } },
{ "type": "Feature", "properties": { "max_height": 3.8369979858398438, "mean_height": 1.653786301612854, "std_height": 1.3112490177154541, "count_pixels": 42, "percent_cover": 0.025194205332773459, "percent_above_0.1m": 76.19047619047619, "low_level_<0.5": 2.3809523809523809, "mid_level_0.5-2": 23.809523809523807, "tall_2+": 47.619047619047613 }, "geometry": { "type": "Point", "coordinates": [ -0.236228853913738, 51.612158322911149 ] } },
{ "type": "Feature", "properties": { "max_height": 0.0032501220703125, "mean_height": 1.8346876458963379e-05, "std_height": 0.001269193715415895, "count_pixels": 42, "percent_cover": 0.025194205332773459, "percent_above_0.1m": 0.0, "low_level_<0.5": 0.0, "mid_level_0.5-2": 0.0, "tall_2+": 0.0 }, "geometry": { "type": "Point", "coordinates": [ -0.236028828280821, 51.612155322545725 ] } },
{ "type": "Feature", "properties": { "max_height": 0.00225067138671875, "mean_height": -5.9763591707451269e-05, "std_height": 0.00090557918883860111, "count_pixels": 42, "percent_cover": 0.025194205332773459, "percent_above_0.1m": 0.0, "low_level_<0.5": 0.0, "mid_level_0.5-2": 0.0, "tall_2+": 0.0 }, "geometry": { "type": "Point", "coordinates": [ -0.235828802685345, 51.61215232183946 ] } },
{ "type": "Feature", "properties": { "max_height": 0.00299835205078125, "mean_height": 0.00019162200624123216, "std_height": 0.0011913521448150277, "count_pixels": 43, "percent_cover": 0.025794067364506162, "percent_above_0.1m": 0.0, "low_level_<0.5": 0.0, "mid_level_0.5-2": 0.0, "tall_2+": 0.0 }, "geometry": { "type": "Point", "coordinates": [ -0.235628777127315, 51.612149320792341 ] } },
{ "type": "Feature", "properties": { "max_height": 0.00299835205078125, "mean_height": 0.00015883012383710593, "std_height": 0.00082479830598458648, "count_pixels": 44, "percent_cover": 0.026393929396238865, "percent_above_0.1m": 0.0, "low_level_<0.5": 0.0, "mid_level_0.5-2": 0.0, "tall_2+": 0.0 }, "geometry": { "type": "Point", "coordinates": [ -0.235428751606742, 51.612146319404403 ] } },
{ "type": "Feature", "properties": { "max_height": 12.385002136230469, "mean_height": 2.4110345840454102, "std_height": 3.4857597351074219, "count_pixels": 43, "percent_cover": 0.025794067364506162, "percent_above_0.1m": 48.837209302325576, "low_level_<0.5": 4.6511627906976747, "mid_level_0.5-2": 6.9767441860465116, "tall_2+": 37.209302325581397 }, "geometry": { "type": "Point", "coordinates": [ -0.235228726123614, 51.612143317675617 ] } },
{ "type": "Feature", "properties": { "max_height": 7.7312545776367188, "mean_height": 1.6652268171310425, "std_height": 1.8376280069351196, "count_pixels": 43, "percent_cover": 0.025794067364506162, "percent_above_0.1m": 76.744186046511629, "low_level_<0.5": 9.3023255813953494, "mid_level_0.5-2": 30.232558139534881, "tall_2+": 32.558139534883722 }, "geometry": { "type": "Point", "coordinates": [ -0.235028700677954, 51.612140315606013 ] } },
{ "type": "Feature", "properties": { "max_height": 0.35375213623046875, "mean_height": 0.0097569059580564499, "std_height": 0.054118268191814423, "count_pixels": 42, "percent_cover": 0.025194205332773459, "percent_above_0.1m": 2.3809523809523809, "low_level_<0.5": 2.3809523809523809, "mid_level_0.5-2": 0.0, "tall_2+": 0.0 }, "geometry": { "type": "Point", "coordinates": [ -0.234828678647409, 51.612137311197628 ] } },
{ "type": "Feature", "properties": { "max_height": 0.21974945068359375, "mean_height": 0.0188271664083004, "std_height": 0.042165655642747879, "count_pixels": 42, "percent_cover": 0.025194205332773459, "percent_above_0.1m": 7.1428571428571423, "low_level_<0.5": 2.3809523809523809, "mid_level_0.5-2": 0.0, "tall_2+": 0.0 }, "geometry": { "type": "Point", "coordinates": [ -0.234628660563972, 51.612134303772059 ] } },
{ "type": "Feature", "properties": { "max_height": 0.029754638671875, "mean_height": 0.001842219615355134, "std_height": 0.005278934258967638, "count_pixels": 41, "percent_cover": 0.024594343301040763, "percent_above_0.1m": 0.0, "low_level_<0.5": 0.0, "mid_level_0.5-2": 0.0, "tall_2+": 0.0 }, "geometry": { "type": "Point", "coordinates": [ -0.234428642890424, 51.61213129588738 ] } },
{ "type": "Feature", "properties": { "max_height": 0.39749908447265625, "mean_height": 0.010150146670639515, "std_height": 0.062035929411649704, "count_pixels": 40, "percent_cover": 0.02399448126930806, "percent_above_0.1m": 2.5, "low_level_<0.5": 2.5, "mid_level_0.5-2": 0.0, "tall_2+": 0.0 }, "geometry": { "type": "Point", "coordinates": [ -0.234228625251958, 51.612128287662067 ] } },
{ "type": "Feature", "properties": { "max_height": 0.06800079345703125, "mean_height": 0.0035146076697856188, "std_height": 0.011835858225822449, "count_pixels": 36, "percent_cover": 0.021595033142377252, "percent_above_0.1m": 0.0, "low_level_<0.5": 0.0, "mid_level_0.5-2": 0.0, "tall_2+": 0.0 }, "geometry": { "type": "Point", "coordinates": [ -0.234028607648577, 51.612125279096105 ] } },
{ "type": "Feature", "properties": { "max_height": 4.2772445678710938, "mean_height": 0.19952468574047089, "std_height": 0.72394859790802002, "count_pixels": 40, "percent_cover": 0.02399448126930806, "percent_above_0.1m": 12.5, "low_level_<0.5": 0.0, "mid_level_0.5-2": 7.5, "tall_2+": 2.5 }, "geometry": { "type": "Point", "coordinates": [ -0.233828590080296, 51.612122270189523 ] } },
{ "type": "Feature", "properties": { "max_height": 9.7052459716796875, "mean_height": 4.5843229293823242, "std_height": 2.9809038639068604, "count_pixels": 41, "percent_cover": 0.024594343301040763, "percent_above_0.1m": 92.682926829268297, "low_level_<0.5": 4.8780487804878048, "mid_level_0.5-2": 7.3170731707317067, "tall_2+": 75.609756097560975 }, "geometry": { "type": "Point", "coordinates": [ -0.233628572547106, 51.612119260942286 ] } },
{ "type": "Feature", "properties": { "max_height": 5.3525009155273438, "mean_height": 0.40914300084114075, "std_height": 1.0858725309371948, "count_pixels": 42, "percent_cover": 0.025194205332773459, "percent_above_0.1m": 19.047619047619047, "low_level_<0.5": 4.7619047619047619, "mid_level_0.5-2": 4.7619047619047619, "tall_2+": 9.5238095238095237 }, "geometry": { "type": "Point", "coordinates": [ -0.233428555049016, 51.612116251354429 ] } },
{ "type": "Feature", "properties": { "max_height": 13.464744567871094, "mean_height": 5.7915239334106445, "std_height": 3.9234485626220703, "count_pixels": 42, "percent_cover": 0.025194205332773459, "percent_above_0.1m": 78.571428571428569, "low_level_<0.5": 0.0, "mid_level_0.5-2": 0.0, "tall_2+": 78.571428571428569 }, "geometry": { "type": "Point", "coordinates": [ -0.233228537586034, 51.612113241425938 ] } },
{ "type": "Feature", "properties": { "max_height": 12.964744567871094, "mean_height": 3.1659290790557861, "std_height": 2.9045364856719971, "count_pixels": 42, "percent_cover": 0.025194205332773459, "percent_above_0.1m": 88.095238095238088, "low_level_<0.5": 4.7619047619047619, "mid_level_0.5-2": 28.571428571428569, "tall_2+": 54.761904761904766 }, "geometry": { "type": "Point", "coordinates": [ -0.233028520158157, 51.612110231156791 ] } },
{ "type": "Feature", "properties": { "max_height": 2.3190078735351562, "mean_height": 0.22039510309696198, "std_height": 0.56502324342727661, "count_pixels": 43, "percent_cover": 0.025794067364506162, "percent_above_0.1m": 18.604651162790699, "low_level_<0.5": 2.3255813953488373, "mid_level_0.5-2": 9.3023255813953494, "tall_2+": 4.6511627906976747 }, "geometry": { "type": "Point", "coordinates": [ -0.23282850276539, 51.612107220547017 ] } },
{ "type": "Feature", "properties": { "max_height": 0.4730072021484375, "mean_height": 0.01903863437473774, "std_height": 0.087508603930473328, "count_pixels": 44, "percent_cover": 0.026393929396238865, "percent_above_0.1m": 4.5454545454545459, "low_level_<0.5": 4.5454545454545459, "mid_level_0.5-2": 0.0, "tall_2+": 0.0 }, "geometry": { "type": "Point", "coordinates": [ -0.232628485407742, 51.612104209596623 ] } },
{ "type": "Feature", "properties": { "max_height": 2.9817581176757812, "mean_height": 0.12562152743339539, "std_height": 0.49767488241195679, "count_pixels": 43, "percent_cover": 0.025794067364506162, "percent_above_0.1m": 13.953488372093023, "low_level_<0.5": 6.9767441860465116, "mid_level_0.5-2": 2.3255813953488373, "tall_2+": 2.3255813953488373 }, "geometry": { "type": "Point", "coordinates": [ -0.232428468085215, 51.612101198305567 ] } },
{ "type": "Feature", "properties": { "max_height": 0.00225830078125, "mean_height": -0.00018115376587957144, "std_height": 0.0013371708337217569, "count_pixels": 43, "percent_cover": 0.025794067364506162, "percent_above_0.1m": 0.0, "low_level_<0.5": 0.0, "mid_level_0.5-2": 0.0, "tall_2+": 0.0 }, "geometry": { "type": "Point", "coordinates": [ -0.232228450797809, 51.612098186673897 ] } },
{ "type": "Feature", "properties": { "max_height": 1.6687545776367188, "mean_height": 0.084141865372657776, "std_height": 0.32183536887168884, "count_pixels": 42, "percent_cover": 0.025194205332773459, "percent_above_0.1m": 7.1428571428571423, "low_level_<0.5": 0.0, "mid_level_0.5-2": 7.1428571428571423, "tall_2+": 0.0 }, "geometry": { "type": "Point", "coordinates": [ -0.232028433545533, 51.612095174701558 ] } },
{ "type": "Feature", "properties": { "max_height": 4.4642562866210938, "mean_height": 0.38614764809608459, "std_height": 0.98326420783996582, "count_pixels": 42, "percent_cover": 0.025194205332773459, "percent_above_0.1m": 21.428571428571427, "low_level_<0.5": 4.7619047619047619, "mid_level_0.5-2": 9.5238095238095237, "tall_2+": 7.1428571428571423 }, "geometry": { "type": "Point", "coordinates": [ -0.231828416328391, 51.612092162388613 ] } },
{ "type": "Feature", "properties": { "max_height": 9.1822509765625, "mean_height": 2.3464138507843018, "std_height": 2.5441446304321289, "count_pixels": 41, "percent_cover": 0.024594343301040763, "percent_above_0.1m": 75.609756097560975, "low_level_<0.5": 7.3170731707317067, "mid_level_0.5-2": 21.951219512195124, "tall_2+": 46.341463414634148 }, "geometry": { "type": "Point", "coordinates": [ -0.231628399146378, 51.61208914973502 ] } },
{ "type": "Feature", "properties": { "max_height": 0.57500457763671875, "mean_height": 0.050898171961307526, "std_height": 0.12495233863592148, "count_pixels": 40, "percent_cover": 0.02399448126930806, "percent_above_0.1m": 10.0, "low_level_<0.5": 7.5, "mid_level_0.5-2": 2.5, "tall_2+": 0.0 }, "geometry": { "type": "Point", "coordinates": [ -0.231428381999512, 51.612086136740814 ] } },
{ "type": "Feature", "properties": { "max_height": 7.5470046997070312, "mean_height": 0.65792107582092285, "std_height": 1.4737663269042969, "count_pixels": 36, "percent_cover": 0.021595033142377252, "percent_above_0.1m": 44.444444444444443, "low_level_<0.5": 16.666666666666664, "mid_level_0.5-2": 11.111111111111111, "tall_2+": 11.111111111111111 }, "geometry": { "type": "Point", "coordinates": [ -0.231228364887786, 51.612083123405952 ] } },
{ "type": "Feature", "properties": { "max_height": 3.1819992065429688, "mean_height": 0.32794874906539917, "std_height": 0.7417331337928772, "count_pixels": 40, "percent_cover": 0.02399448126930806, "percent_above_0.1m": 22.5, "low_level_<0.5": 2.5, "mid_level_0.5-2": 12.5, "tall_2+": 7.5 }, "geometry": { "type": "Point", "coordinates": [ -0.231028347811211, 51.612080109730456 ] } },
{ "type": "Feature", "properties": { "max_height": 3.5130081176757812, "mean_height": 1.0697358846664429, "std_height": 1.0584518909454346, "count_pixels": 41, "percent_cover": 0.024594343301040763, "percent_above_0.1m": 75.609756097560975, "low_level_<0.5": 9.7560975609756095, "mid_level_0.5-2": 41.463414634146339, "tall_2+": 19.512195121951219 }, "geometry": { "type": "Point", "coordinates": [ -0.230828330769783, 51.612077095714326 ] } },
{ "type": "Feature", "properties": { "max_height": 11.958999633789062, "mean_height": 3.0379741191864014, "std_height": 3.5031421184539795, "count_pixels": 42, "percent_cover": 0.025194205332773459, "percent_above_0.1m": 95.238095238095227, "low_level_<0.5": 14.285714285714285, "mid_level_0.5-2": 38.095238095238095, "tall_2+": 42.857142857142854 }, "geometry": { "type": "Point", "coordinates": [ -0.230628313763518, 51.612074081357569 ] } },
{ "type": "Feature", "properties": { "max_height": 9.3687591552734375, "mean_height": 3.5890171527862549, "std_height": 2.7626869678497314, "count_pixels": 42, "percent_cover": 0.025194205332773459, "percent_above_0.1m": 100.0, "low_level_<0.5": 7.1428571428571423, "mid_level_0.5-2": 35.714285714285715, "tall_2+": 57.142857142857139 }, "geometry": { "type": "Point", "coordinates": [ -0.230428296792407, 51.612071066660178 ] } },
{ "type": "Feature", "properties": { "max_height": 1.6167526245117188, "mean_height": 0.16620782017707825, "std_height": 0.41551423072814941, "count_pixels": 42, "percent_cover": 0.025194205332773459, "percent_above_0.1m": 19.047619047619047, "low_level_<0.5": 4.7619047619047619, "mid_level_0.5-2": 11.904761904761903, "tall_2+": 0.0 }, "geometry": { "type": "Point", "coordinates": [ -0.230228279856461, 51.612068051622153 ] } },
{ "type": "Feature", "properties": { "max_height": 0.001251220703125, "mean_height": -2.945301093859598e-05, "std_height": 0.00084544066339731216, "count_pixels": 43, "percent_cover": 0.025794067364506162, "percent_above_0.1m": 0.0, "low_level_<0.5": 0.0, "mid_level_0.5-2": 0.0, "tall_2+": 0.0 }, "geometry": { "type": "Point", "coordinates": [ -0.230028262955686, 51.612065036243479 ] } },
{ "type": "Feature", "properties": { "max_height": 0.00350189208984375, "mean_height": 0.00017703663615975529, "std_height": 0.00072678935248404741, "count_pixels": 44, "percent_cover": 0.026393929396238865, "percent_above_0.1m": 0.0, "low_level_<0.5": 0.0, "mid_level_0.5-2": 0.0, "tall_2+": 0.0 }, "geometry": { "type": "Point", "coordinates": [ -0.229828246090074, 51.612062020524178 ] } },
{ "type": "Feature", "properties": { "max_height": 0.00275421142578125, "mean_height": -4.630865078070201e-05, "std_height": 0.0011545021552592516, "count_pixels": 43, "percent_cover": 0.025794067364506162, "percent_above_0.1m": 0.0, "low_level_<0.5": 0.0, "mid_level_0.5-2": 0.0, "tall_2+": 0.0 }, "geometry": { "type": "Point", "coordinates": [ -0.229628229259651, 51.612059004464236 ] } },
{ "type": "Feature", "properties": { "max_height": 0.00200653076171875, "mean_height": 9.811756171984598e-05, "std_height": 0.00078544701682403684, "count_pixels": 43, "percent_cover": 0.025794067364506162, "percent_above_0.1m": 0.0, "low_level_<0.5": 0.0, "mid_level_0.5-2": 0.0, "tall_2+": 0.0 }, "geometry": { "type": "Point", "coordinates": [ -0.229428212464398, 51.612055988063673 ] } },
{ "type": "Feature", "properties": { "max_height": 0.0052490234375, "mean_height": 0.00033968972275033593, "std_height": 0.0011426776181906462, "count_pixels": 42, "percent_cover": 0.025194205332773459, "percent_above_0.1m": 0.0, "low_level_<0.5": 0.0, "mid_level_0.5-2": 0.0, "tall_2+": 0.0 }, "geometry": { "type": "Point", "coordinates": [ -0.22922819570433, 51.612052971322484 ] } },
{ "type": "Feature", "properties": { "max_height": 0.00174713134765625, "mean_height": 2.3614793462911621e-05, "std_height": 0.00083241658285260201, "count_pixels": 42, "percent_cover": 0.025194205332773459, "percent_above_0.1m": 0.0, "low_level_<0.5": 0.0, "mid_level_0.5-2": 0.0, "tall_2+": 0.0 }, "geometry": { "type": "Point", "coordinates": [ -0.229028178979454, 51.612049954240639 ] } },
{ "type": "Feature", "properties": { "max_height": 4.3675003051757812, "mean_height": 0.8558165431022644, "std_height": 1.2132940292358398, "count_pixels": 41, "percent_cover": 0.024594343301040763, "percent_above_0.1m": 51.219512195121951, "low_level_<0.5": 14.634146341463413, "mid_level_0.5-2": 14.634146341463413, "tall_2+": 21.951219512195124 }, "geometry": { "type": "Point", "coordinates": [ -0.228828162289761, 51.612046936818174 ] } },
{ "type": "Feature", "properties": { "max_height": 6.3732528686523438, "mean_height": 3.6069321632385254, "std_height": 1.6488997936248779, "count_pixels": 40, "percent_cover": 0.02399448126930806, "percent_above_0.1m": 97.5, "low_level_<0.5": 0.0, "mid_level_0.5-2": 15.0, "tall_2+": 82.5 }, "geometry": { "type": "Point", "coordinates": [ -0.228628145635273, 51.612043919055075 ] } },
{ "type": "Feature", "properties": { "max_height": 4.7392501831054688, "mean_height": 0.86856967210769653, "std_height": 1.135719895362854, "count_pixels": 36, "percent_cover": 0.021595033142377252, "percent_above_0.1m": 75.0, "low_level_<0.5": 19.444444444444446, "mid_level_0.5-2": 38.888888888888893, "tall_2+": 11.111111111111111 }, "geometry": { "type": "Point", "coordinates": [ -0.228428129015984, 51.612040900951321 ] } },
{ "type": "Feature", "properties": { "max_height": 2.147003173828125, "mean_height": 1.0714492797851562, "std_height": 0.53287315368652344, "count_pixels": 40, "percent_cover": 0.02399448126930806, "percent_above_0.1m": 90.0, "low_level_<0.5": 5.0, "mid_level_0.5-2": 77.5, "tall_2+": 5.0 }, "geometry": { "type": "Point", "coordinates": [ -0.228228112431889, 51.612037882506961 ] } },
{ "type": "Feature", "properties": { "max_height": 4.5612564086914062, "mean_height": 1.2783052921295166, "std_height": 1.1026991605758667, "count_pixels": 41, "percent_cover": 0.024594343301040763, "percent_above_0.1m": 95.121951219512198, "low_level_<0.5": 17.073170731707318, "mid_level_0.5-2": 53.658536585365859, "tall_2+": 17.073170731707318 }, "geometry": { "type": "Point", "coordinates": [ -0.228028095883012, 51.612034863721973 ] } },
{ "type": "Feature", "properties": { "max_height": 6.8235015869140625, "mean_height": 2.1511728763580322, "std_height": 1.84190833568573, "count_pixels": 42, "percent_cover": 0.025194205332773459, "percent_above_0.1m": 90.476190476190482, "low_level_<0.5": 9.5238095238095237, "mid_level_0.5-2": 28.571428571428569, "tall_2+": 47.619047619047613 }, "geometry": { "type": "Point", "coordinates": [ -0.227828079369343, 51.612031844596331 ] } },
{ "type": "Feature", "properties": { "max_height": 5.175750732421875, "mean_height": 1.1913701295852661, "std_height": 1.5030713081359863, "count_pixels": 42, "percent_cover": 0.025194205332773459, "percent_above_0.1m": 80.952380952380949, "low_level_<0.5": 21.428571428571427, "mid_level_0.5-2": 21.428571428571427, "tall_2+": 23.809523809523807 }, "geometry": { "type": "Point", "coordinates": [ -0.227628062890889, 51.612028825130061 ] } },
{ "type": "Feature", "properties": { "max_height": 3.1169967651367188, "mean_height": 1.580636739730835, "std_height": 1.0296661853790283, "count_pixels": 42, "percent_cover": 0.025194205332773459, "percent_above_0.1m": 95.238095238095227, "low_level_<0.5": 9.5238095238095237, "mid_level_0.5-2": 30.952380952380953, "tall_2+": 45.238095238095241 }, "geometry": { "type": "Point", "coordinates": [ -0.227428046447655, 51.612025805323157 ] } },
{ "type": "Feature", "properties": { "max_height": 7.2637481689453125, "mean_height": 1.9917323589324951, "std_height": 2.0498738288879395, "count_pixels": 41, "percent_cover": 0.024594343301040763, "percent_above_0.1m": 82.926829268292678, "low_level_<0.5": 17.073170731707318, "mid_level_0.5-2": 17.073170731707318, "tall_2+": 41.463414634146339 }, "geometry": { "type": "Point", "coordinates": [ -0.226027932331495, 51.61200465713717 ] } },
{ "type": "Feature", "properties": { "max_height": 2.7182464599609375, "mean_height": 0.10251865535974503, "std_height": 0.44145461916923523, "count_pixels": 40, "percent_cover": 0.02399448126930806, "percent_above_0.1m": 7.5, "low_level_<0.5": 2.5, "mid_level_0.5-2": 2.5, "tall_2+": 2.5 }, "geometry": { "type": "Point", "coordinates": [ -0.225827916170163, 51.612001634605228 ] } },
{ "type": "Feature", "properties": { "max_height": 1.7247467041015625, "mean_height": 0.06977081298828125, "std_height": 0.30786573886871338, "count_pixels": 36, "percent_cover": 0.021595033142377252, "percent_above_0.1m": 5.5555555555555554, "low_level_<0.5": 0.0, "mid_level_0.5-2": 5.5555555555555554, "tall_2+": 0.0 }, "geometry": { "type": "Point", "coordinates": [ -0.225627900044082, 51.611998611732631 ] } },
{ "type": "Feature", "properties": { "max_height": 10.526496887207031, "mean_height": 1.8804380893707275, "std_height": 2.9268283843994141, "count_pixels": 40, "percent_cover": 0.02399448126930806, "percent_above_0.1m": 50.0, "low_level_<0.5": 2.5, "mid_level_0.5-2": 15.0, "tall_2+": 30.0 }, "geometry": { "type": "Point", "coordinates": [ -0.225427883953263, 51.611995588519434 ] } },
{ "type": "Feature", "properties": { "max_height": 7.5550003051757812, "mean_height": 1.9459090232849121, "std_height": 2.076200008392334, "count_pixels": 41, "percent_cover": 0.024594343301040763, "percent_above_0.1m": 65.853658536585371, "low_level_<0.5": 4.8780487804878048, "mid_level_0.5-2": 17.073170731707318, "tall_2+": 43.902439024390247 }, "geometry": { "type": "Point", "coordinates": [ -0.225227867897706, 51.611992564965576 ] } },
{ "type": "Feature", "properties": { "max_height": 0.003997802734375, "mean_height": 3.5422188375378028e-05, "std_height": 0.0010293542873114347, "count_pixels": 42, "percent_cover": 0.025194205332773459, "percent_above_0.1m": 0.0, "low_level_<0.5": 0.0, "mid_level_0.5-2": 0.0, "tall_2+": 0.0 }, "geometry": { "type": "Point", "coordinates": [ -0.225027851877416, 51.611989541071097 ] } },
{ "type": "Feature", "properties": { "max_height": 0.0047454833984375, "mean_height": 7.7565513493027538e-05, "std_height": 0.000997743452899158, "count_pixels": 42, "percent_cover": 0.025194205332773459, "percent_above_0.1m": 0.0, "low_level_<0.5": 0.0, "mid_level_0.5-2": 0.0, "tall_2+": 0.0 }, "geometry": { "type": "Point", "coordinates": [ -0.224827835892402, 51.611986516835998 ] } },
{ "type": "Feature", "properties": { "max_height": 7.0895004272460938, "mean_height": 0.92876756191253662, "std_height": 1.672369122505188, "count_pixels": 43, "percent_cover": 0.025794067364506162, "percent_above_0.1m": 51.162790697674424, "low_level_<0.5": 9.3023255813953494, "mid_level_0.5-2": 16.279069767441861, "tall_2+": 18.604651162790699 }, "geometry": { "type": "Point", "coordinates": [ -0.236524714957836, 51.612270666030625 ] } },
{ "type": "Feature", "properties": { "max_height": 4.7072525024414062, "mean_height": 1.1087982654571533, "std_height": 1.1792541742324829, "count_pixels": 42, "percent_cover": 0.025194205332773459, "percent_above_0.1m": 78.571428571428569, "low_level_<0.5": 23.809523809523807, "mid_level_0.5-2": 28.571428571428569, "tall_2+": 26.190476190476193 }, "geometry": { "type": "Point", "coordinates": [ -0.236324688746979, 51.612267666168229 ] } },
{ "type": "Feature", "properties": { "max_height": 0.00174713134765625, "mean_height": -6.6121421696152538e-05, "std_height": 0.00065000058384612203, "count_pixels": 42, "percent_cover": 0.025194205332773459, "percent_above_0.1m": 0.0, "low_level_<0.5": 0.0, "mid_level_0.5-2": 0.0, "tall_2+": 0.0 }, "geometry": { "type": "Point", "coordinates": [ -0.236124662573561, 51.612264665964986 ] } },
{ "type": "Feature", "properties": { "max_height": 0.00275421142578125, "mean_height": -1.0899135531872162e-06, "std_height": 0.0012978842714801431, "count_pixels": 42, "percent_cover": 0.025194205332773459, "percent_above_0.1m": 0.0, "low_level_<0.5": 0.0, "mid_level_0.5-2": 0.0, "tall_2+": 0.0 }, "geometry": { "type": "Point", "coordinates": [ -0.23592463643758, 51.612261665420924 ] } },
{ "type": "Feature", "properties": { "max_height": 0.0052490234375, "mean_height": 0.0002620045852381736, "std_height": 0.0015218789922073483, "count_pixels": 41, "percent_cover": 0.024594343301040763, "percent_above_0.1m": 0.0, "low_level_<0.5": 0.0, "mid_level_0.5-2": 0.0, "tall_2+": 0.0 }, "geometry": { "type": "Point", "coordinates": [ -0.235724610339045, 51.612258664535986 ] } },
{ "type": "Feature", "properties": { "max_height": 0.01599884033203125, "mean_height": 0.00064411165658384562, "std_height": 0.0037014444824308157, "count_pixels": 40, "percent_cover": 0.02399448126930806, "percent_above_0.1m": 0.0, "low_level_<0.5": 0.0, "mid_level_0.5-2": 0.0, "tall_2+": 0.0 }, "geometry": { "type": "Point", "coordinates": [ -0.235524584277961, 51.612255663310236 ] } },
{ "type": "Feature", "properties": { "max_height": 0.00174713134765625, "mean_height": -4.874335354543291e-05, "std_height": 0.0010427308734506369, "count_pixels": 36, "percent_cover": 0.021595033142377252, "percent_above_0.1m": 0.0, "low_level_<0.5": 0.0, "mid_level_0.5-2": 0.0, "tall_2+": 0.0 }, "geometry": { "type": "Point", "coordinates": [ -0.23532455825433, 51.612252661743653 ] } },
{ "type": "Feature", "properties": { "max_height": 3.496002197265625, "mean_height": 0.31710946559906006, "std_height": 0.85925805568695068, "count_pixels": 41, "percent_cover": 0.024594343301040763, "percent_above_0.1m": 17.073170731707318, "low_level_<0.5": 2.4390243902439024, "mid_level_0.5-2": 7.3170731707317067, "tall_2+": 7.3170731707317067 }, "geometry": { "type": "Point", "coordinates": [ -0.235124532268154, 51.612249659836223 ] } },
{ "type": "Feature", "properties": { "max_height": 10.516510009765625, "mean_height": 2.2425310611724854, "std_height": 2.7942531108856201, "count_pixels": 41, "percent_cover": 0.024594343301040763, "percent_above_0.1m": 63.414634146341463, "low_level_<0.5": 7.3170731707317067, "mid_level_0.5-2": 17.073170731707318, "tall_2+": 39.024390243902438 }, "geometry": { "type": "Point", "coordinates": [ -0.234924507726676, 51.61224665715158 ] } },
{ "type": "Feature", "properties": { "max_height": 9.8719940185546875, "mean_height": 1.1830476522445679, "std_height": 2.388878345489502, "count_pixels": 42, "percent_cover": 0.025194205332773459, "percent_above_0.1m": 64.285714285714292, "low_level_<0.5": 23.809523809523807, "mid_level_0.5-2": 2.3809523809523809, "tall_2+": 19.047619047619047 }, "geometry": { "type": "Point", "coordinates": [ -0.234724487441939, 51.612243650619405 ] } },
{ "type": "Feature", "properties": { "max_height": 10.5, "mean_height": 1.572887659072876, "std_height": 2.6492903232574463, "count_pixels": 42, "percent_cover": 0.025194205332773459, "percent_above_0.1m": 45.238095238095241, "low_level_<0.5": 4.7619047619047619, "mid_level_0.5-2": 9.5238095238095237, "tall_2+": 26.190476190476193 }, "geometry": { "type": "Point", "coordinates": [ -0.234524469271884, 51.612240642893269 ] } },
{ "type": "Feature", "properties": { "max_height": 12.281997680664062, "mean_height": 2.9010956287384033, "std_height": 3.7076547145843506, "count_pixels": 43, "percent_cover": 0.025794067364506162, "percent_above_0.1m": 48.837209302325576, "low_level_<0.5": 0.0, "mid_level_0.5-2": 4.6511627906976747, "tall_2+": 41.860465116279073 }, "geometry": { "type": "Point", "coordinates": [ -0.234324451136912, 51.612237634826492 ] } },
{ "type": "Feature", "properties": { "max_height": 5.6982421875, "mean_height": 0.45539265871047974, "std_height": 1.1623234748840332, "count_pixels": 44, "percent_cover": 0.026393929396238865, "percent_above_0.1m": 22.727272727272727, "low_level_<0.5": 9.0909090909090917, "mid_level_0.5-2": 2.2727272727272729, "tall_2+": 11.363636363636363 }, "geometry": { "type": "Point", "coordinates": [ -0.234124433037024, 51.612234626419074 ] } },
{ "type": "Feature", "properties": { "max_height": 5.600494384765625, "mean_height": 0.7563585638999939, "std_height": 1.2052474021911621, "count_pixels": 44, "percent_cover": 0.026393929396238865, "percent_above_0.1m": 50.0, "low_level_<0.5": 9.0909090909090917, "mid_level_0.5-2": 22.727272727272727, "tall_2+": 13.636363636363635 }, "geometry": { "type": "Point", "coordinates": [ -0.233924414972225, 51.612231617671 ] } },
{ "type": "Feature", "properties": { "max_height": 8.9012527465820312, "mean_height": 2.4588196277618408, "std_height": 2.1755886077880859, "count_pixels": 43, "percent_cover": 0.025794067364506162, "percent_above_0.1m": 81.395348837209298, "low_level_<0.5": 2.3255813953488373, "mid_level_0.5-2": 23.255813953488371, "tall_2+": 53.488372093023251 }, "geometry": { "type": "Point", "coordinates": [ -0.233724396942529, 51.612228608582306 ] } },
{ "type": "Feature", "properties": { "max_height": 4.0940017700195312, "mean_height": 0.36950555443763733, "std_height": 0.91977518796920776, "count_pixels": 42, "percent_cover": 0.025194205332773459, "percent_above_0.1m": 19.047619047619047, "low_level_<0.5": 0.0, "mid_level_0.5-2": 11.904761904761903, "tall_2+": 7.1428571428571423 }, "geometry": { "type": "Point", "coordinates": [ -0.233524378947925, 51.612225599152978 ] } },
{ "type": "Feature", "properties": { "max_height": 2.2470016479492188, "mean_height": 0.21291697025299072, "std_height": 0.56531763076782227, "count_pixels": 42, "percent_cover": 0.025194205332773459, "percent_above_0.1m": 16.666666666666664, "low_level_<0.5": 4.7619047619047619, "mid_level_0.5-2": 7.1428571428571423, "tall_2+": 4.7619047619047619 }, "geometry": { "type": "Point", "coordinates": [ -0.233324360988422, 51.612222589383016 ] } },
{ "type": "Feature", "properties": { "max_height": 12.331748962402344, "mean_height": 5.5682082176208496, "std_height": 3.3525354862213135, "count_pixels": 42, "percent_cover": 0.025194205332773459, "percent_above_0.1m": 97.61904761904762, "low_level_<0.5": 2.3809523809523809, "mid_level_0.5-2": 11.904761904761903, "tall_2+": 83.333333333333343 }, "geometry": { "type": "Point", "coordinates": [ -0.233124343064029, 51.612219579272406 ] } },
{ "type": "Feature", "properties": { "max_height": 13.913246154785156, "mean_height": 6.2725419998168945, "std_height": 4.0819869041442871, "count_pixels": 41, "percent_cover": 0.024594343301040763, "percent_above_0.1m": 90.243902439024396, "low_level_<0.5": 0.0, "mid_level_0.5-2": 4.8780487804878048, "tall_2+": 85.365853658536579 }, "geometry": { "type": "Point", "coordinates": [ -0.232924325174746, 51.612216568821154 ] } },
{ "type": "Feature", "properties": { "max_height": 4.3060073852539062, "mean_height": 0.61658990383148193, "std_height": 0.9679754376411438, "count_pixels": 40, "percent_cover": 0.02399448126930806, "percent_above_0.1m": 45.0, "low_level_<0.5": 5.0, "mid_level_0.5-2": 27.5, "tall_2+": 10.0 }, "geometry": { "type": "Point", "coordinates": [ -0.232724307320576, 51.612213558029275 ] } },
{ "type": "Feature", "properties": { "max_height": 2.9545059204101562, "mean_height": 0.35850504040718079, "std_height": 0.77431982755661011, "count_pixels": 36, "percent_cover": 0.021595033142377252, "percent_above_0.1m": 25.0, "low_level_<0.5": 2.7777777777777777, "mid_level_0.5-2": 11.111111111111111, "tall_2+": 8.3333333333333321 }, "geometry": { "type": "Point", "coordinates": [ -0.232524289501526, 51.61221054689674 ] } },
{ "type": "Feature", "properties": { "max_height": 0.0042572021484375, "mean_height": -0.00040379966958425939, "std_height": 0.0018943211762234569, "count_pixels": 41, "percent_cover": 0.024594343301040763, "percent_above_0.1m": 0.0, "low_level_<0.5": 0.0, "mid_level_0.5-2": 0.0, "tall_2+": 0.0 }, "geometry": { "type": "Point", "coordinates": [ -0.232324271717593, 51.612207535423572 ] } },
{ "type": "Feature", "properties": { "max_height": 0.55925750732421875, "mean_height": 0.025858810171484947, "std_height": 0.099422268569469452, "count_pixels": 41, "percent_cover": 0.024594343301040763, "percent_above_0.1m": 7.3170731707317067, "low_level_<0.5": 2.4390243902439024, "mid_level_0.5-2": 2.4390243902439024, "tall_2+": 0.0 }, "geometry": { "type": "Point", "coordinates": [ -0.232124253968796, 51.61220452360979 ] } },
{ "type": "Feature", "properties": { "max_height": 7.0242538452148438, "mean_height": 1.0548373460769653, "std_height": 1.8311446905136108, "count_pixels": 42, "percent_cover": 0.025194205332773459, "percent_above_0.1m": 40.476190476190474, "low_level_<0.5": 4.7619047619047619, "mid_level_0.5-2": 16.666666666666664, "tall_2+": 19.047619047619047 }, "geometry": { "type": "Point", "coordinates": [ -0.231924236255121, 51.612201511455375 ] } },
{ "type": "Feature", "properties": { "max_height": 6.2922592163085938, "mean_height": 0.98293322324752808, "std_height": 1.635333776473999, "count_pixels": 42, "percent_cover": 0.025194205332773459, "percent_above_0.1m": 40.476190476190474, "low_level_<0.5": 4.7619047619047619, "mid_level_0.5-2": 14.285714285714285, "tall_2+": 21.428571428571427 }, "geometry": { "type": "Point", "coordinates": [ -0.231724218576583, 51.612198498960282 ] } },
{ "type": "Feature", "properties": { "max_height": 8.7807540893554688, "mean_height": 2.2580807209014893, "std_height": 2.6237411499023438, "count_pixels": 43, "percent_cover": 0.025794067364506162, "percent_above_0.1m": 86.04651162790698, "low_level_<0.5": 20.930232558139537, "mid_level_0.5-2": 18.604651162790699, "tall_2+": 39.534883720930232 }, "geometry": { "type": "Point", "coordinates": [ -0.231524200933184, 51.612195486124577 ] } },
{ "type": "Feature", "properties": { "max_height": 5.6765060424804688, "mean_height": 0.71368080377578735, "std_height": 1.3595447540283203, "count_pixels": 44, "percent_cover": 0.026393929396238865, "percent_above_0.1m": 59.090909090909093, "low_level_<0.5": 27.27272727272727, "mid_level_0.5-2": 11.363636363636363, "tall_2+": 13.636363636363635 }, "geometry": { "type": "Point", "coordinates": [ -0.231324183324925, 51.612192472948244 ] } },
{ "type": "Feature", "properties": { "max_height": 3.3282546997070312, "mean_height": 0.58202815055847168, "std_height": 0.97027367353439331, "count_pixels": 44, "percent_cover": 0.026393929396238865, "percent_above_0.1m": 34.090909090909086, "low_level_<0.5": 2.2727272727272729, "mid_level_0.5-2": 15.909090909090908, "tall_2+": 15.909090909090908 }, "geometry": { "type": "Point", "coordinates": [ -0.231124165751816, 51.612189459431278 ] } },
{ "type": "Feature", "properties": { "max_height": 4.4665069580078125, "mean_height": 0.41342216730117798, "std_height": 0.94601726531982422, "count_pixels": 43, "percent_cover": 0.025794067364506162, "percent_above_0.1m": 27.906976744186046, "low_level_<0.5": 6.9767441860465116, "mid_level_0.5-2": 16.279069767441861, "tall_2+": 4.6511627906976747 }, "geometry": { "type": "Point", "coordinates": [ -0.230924148213852, 51.612186445573656 ] } },
{ "type": "Feature", "properties": { "max_height": 2.5677566528320312, "mean_height": 0.43938609957695007, "std_height": 0.71892160177230835, "count_pixels": 42, "percent_cover": 0.025194205332773459, "percent_above_0.1m": 47.619047619047613, "low_level_<0.5": 11.904761904761903, "mid_level_0.5-2": 19.047619047619047, "tall_2+": 7.1428571428571423 }, "geometry": { "type": "Point", "coordinates": [ -0.230724130711045, 51.612183431375385 ] } },
{ "type": "Feature", "properties": { "max_height": 12.534759521484375, "mean_height": 5.3174219131469727, "std_height": 3.7741966247558594, "count_pixels": 42, "percent_cover": 0.025194205332773459, "percent_above_0.1m": 92.857142857142861, "low_level_<0.5": 7.1428571428571423, "mid_level_0.5-2": 9.5238095238095237, "tall_2+": 73.80952380952381 }, "geometry": { "type": "Point", "coordinates": [ -0.230524113243398, 51.612180416836502 ] } },
{ "type": "Feature", "properties": { "max_height": 5.4042510986328125, "mean_height": 1.3492571115493774, "std_height": 1.2933131456375122, "count_pixels": 42, "percent_cover": 0.025194205332773459, "percent_above_0.1m": 78.571428571428569, "low_level_<0.5": 16.666666666666664, "mid_level_0.5-2": 35.714285714285715, "tall_2+": 23.809523809523807 }, "geometry": { "type": "Point", "coordinates": [ -0.230324095810911, 51.612177401956991 ] } },
{ "type": "Feature", "properties": { "max_height": 0.0019989013671875, "mean_height": -1.3025795851717703e-05, "std_height": 0.00054021138930693269, "count_pixels": 41, "percent_cover": 0.024594343301040763, "percent_above_0.1m": 0.0, "low_level_<0.5": 0.0, "mid_level_0.5-2": 0.0, "tall_2+": 0.0 }, "geometry": { "type": "Point", "coordinates": [ -0.230124078413591, 51.612174386736825 ] } },
{ "type": "Feature", "properties": { "max_height": 0.00200653076171875, "mean_height": -0.0001371383696096018, "std_height": 0.00084062549285590649, "count_pixels": 40, "percent_cover": 0.02399448126930806, "percent_above_0.1m": 0.0, "low_level_<0.5": 0.0, "mid_level_0.5-2": 0.0, "tall_2+": 0.0 }, "geometry": { "type": "Point", "coordinates": [ -0.229924061051442, 51.612171371176025 ] } },
{ "type": "Feature", "properties": { "max_height": 0.001251220703125, "mean_height": 4.8107569455169141e-05, "std_height": 0.00063437194330617785, "count_pixels": 36, "percent_cover": 0.021595033142377252, "percent_above_0.1m": 0.0, "low_level_<0.5": 0.0, "mid_level_0.5-2": 0.0, "tall_2+": 0.0 }, "geometry": { "type": "Point", "coordinates": [ -0.229724043724461, 51.612168355274591 ] } },
{ "type": "Feature", "properties": { "max_height": 0.0034942626953125, "mean_height": 0.00017696473514661193, "std_height": 0.00087129249004647136, "count_pixels": 41, "percent_cover": 0.024594343301040763, "percent_above_0.1m": 0.0, "low_level_<0.5": 0.0, "mid_level_0.5-2": 0.0, "tall_2+": 0.0 }, "geometry": { "type": "Point", "coordinates": [ -0.229524026432664, 51.612165339032529 ] } },
{ "type": "Feature", "properties": { "max_height": 0.00225067138671875, "mean_height": 0.00014644715702161193, "std_height": 0.00077744299778714776, "count_pixels": 41, "percent_cover": 0.024594343301040763, "percent_above_0.1m": 0.0, "low_level_<0.5": 0.0, "mid_level_0.5-2": 0.0, "tall_2+": 0.0 }, "geometry": { "type": "Point", "coordinates": [ -0.22932400917605, 51.612162322449834 ] } },
{ "type": "Feature", "properties": { "max_height": 0.001251220703125, "mean_height": -0.00033914475352503359, "std_height": 0.0012045600451529026, "count_pixels": 42, "percent_cover": 0.025194205332773459, "percent_above_0.1m": 0.0, "low_level_<0.5": 0.0, "mid_level_0.5-2": 0.0, "tall_2+": 0.0 }, "geometry": { "type": "Point", "coordinates": [ -0.22912399195462, 51.612159305526511 ] } },
{ "type": "Feature", "properties": { "max_height": 0.74199676513671875, "mean_height": 0.0178989227861166, "std_height": 0.1131063774228096, "count_pixels": 42, "percent_cover": 0.025194205332773459, "percent_above_0.1m": 2.3809523809523809, "low_level_<0.5": 0.0, "mid_level_0.5-2": 2.3809523809523809, "tall_2+": 0.0 }, "geometry": { "type": "Point", "coordinates": [ -0.228923974768375, 51.612156288262533 ] } },
{ "type": "Feature", "properties": { "max_height": 4.5409927368164062, "mean_height": 1.6009006500244141, "std_height": 1.3425090312957764, "count_pixels": 43, "percent_cover": 0.025794067364506162, "percent_above_0.1m": 93.023255813953483, "low_level_<0.5": 18.604651162790699, "mid_level_0.5-2": 39.534883720930232, "tall_2+": 32.558139534883722 }, "geometry": { "type": "Point", "coordinates": [ -0.228723957617328, 51.61215327065792 ] } },
{ "type": "Feature", "properties": { "max_height": 6.0047531127929688, "mean_height": 3.0523231029510498, "std_height": 1.7314245700836182, "count_pixels": 44, "percent_cover": 0.026393929396238865, "percent_above_0.1m": 100.0, "low_level_<0.5": 6.8181818181818175, "mid_level_0.5-2": 18.181818181818183, "tall_2+": 75.0 }, "geometry": { "type": "Point", "coordinates": [ -0.228523940501482, 51.612150252712695 ] } },
{ "type": "Feature", "properties": { "max_height": 6.66424560546875, "mean_height": 3.1378638744354248, "std_height": 1.7966998815536499, "count_pixels": 44, "percent_cover": 0.026393929396238865, "percent_above_0.1m": 95.454545454545453, "low_level_<0.5": 2.2727272727272729, "mid_level_0.5-2": 20.454545454545457, "tall_2+": 70.454545454545453 }, "geometry": { "type": "Point", "coordinates": [ -0.228323923420836, 51.612147234426807 ] } },
{ "type": "Feature", "properties": { "max_height": 1.4447479248046875, "mean_height": 0.063546650111675262, "std_height": 0.24095571041107178, "count_pixels": 43, "percent_cover": 0.025794067364506162, "percent_above_0.1m": 9.3023255813953494, "low_level_<0.5": 0.0, "mid_level_0.5-2": 6.9767441860465116, "tall_2+": 0.0 }, "geometry": { "type": "Point", "coordinates": [ -0.228123906375395, 51.612144215800306 ] } },
{ "type": "Feature", "properties": { "max_height": 1.082244873046875, "mean_height": 0.064148679375648499, "std_height": 0.19818536937236786, "count_pixels": 42, "percent_cover": 0.025194205332773459, "percent_above_0.1m": 11.904761904761903, "low_level_<0.5": 7.1428571428571423, "mid_level_0.5-2": 4.7619047619047619, "tall_2+": 0.0 }, "geometry": { "type": "Point", "coordinates": [ -0.227923889365162, 51.612141196833164 ] } },
{ "type": "Feature", "properties": { "max_height": 1.803497314453125, "mean_height": 0.26075580716133118, "std_height": 0.410127192735672, "count_pixels": 42, "percent_cover": 0.025194205332773459, "percent_above_0.1m": 42.857142857142854, "low_level_<0.5": 16.666666666666664, "mid_level_0.5-2": 21.428571428571427, "tall_2+": 0.0 }, "geometry": { "type": "Point", "coordinates": [ -0.227723872390147, 51.612138177525381 ] } },
{ "type": "Feature", "properties": { "max_height": 5.053009033203125, "mean_height": 1.7854177951812744, "std_height": 1.729611873626709, "count_pixels": 42, "percent_cover": 0.025194205332773459, "percent_above_0.1m": 76.19047619047619, "low_level_<0.5": 7.1428571428571423, "mid_level_0.5-2": 16.666666666666664, "tall_2+": 42.857142857142854 }, "geometry": { "type": "Point", "coordinates": [ -0.227523855450349, 51.612135157876978 ] } },
{ "type": "Feature", "properties": { "max_height": 8.7034988403320312, "mean_height": 3.5118348598480225, "std_height": 2.211890697479248, "count_pixels": 41, "percent_cover": 0.024594343301040763, "percent_above_0.1m": 97.560975609756099, "low_level_<0.5": 2.4390243902439024, "mid_level_0.5-2": 29.268292682926827, "tall_2+": 65.853658536585371 }, "geometry": { "type": "Point", "coordinates": [ -0.227323838545771, 51.61213213788794 ] } },
{ "type": "Feature", "properties": { "max_height": 11.493499755859375, "mean_height": 4.101189136505127, "std_height": 3.3472342491149902, "count_pixels": 40, "percent_cover": 0.02399448126930806, "percent_above_0.1m": 95.0, "low_level_<0.5": 10.0, "mid_level_0.5-2": 20.0, "tall_2+": 62.5 }, "geometry": { "type": "Point", "coordinates": [ -0.227123821676414, 51.612129117558254 ] } },
{ "type": "Feature", "properties": { "max_height": 8.572998046875, "mean_height": 1.9396040439605713, "std_height": 2.1455118656158447, "count_pixels": 36, "percent_cover": 0.021595033142377252, "percent_above_0.1m": 83.333333333333343, "low_level_<0.5": 13.888888888888889, "mid_level_0.5-2": 30.555555555555557, "tall_2+": 36.111111111111107 }, "geometry": { "type": "Point", "coordinates": [ -0.226923804842301, 51.612126096887941 ] } },
{ "type": "Feature", "properties": { "max_height": 3.0745010375976562, "mean_height": 0.45475584268569946, "std_height": 0.72949188947677612, "count_pixels": 41, "percent_cover": 0.024594343301040763, "percent_above_0.1m": 56.09756097560976, "low_level_<0.5": 21.951219512195124, "mid_level_0.5-2": 24.390243902439025, "tall_2+": 4.8780487804878048 }, "geometry": { "type": "Point", "coordinates": [ -0.226723788043407, 51.612123075877008 ] } },
{ "type": "Feature", "properties": { "max_height": 6.209747314453125, "mean_height": 0.2960001528263092, "std_height": 1.0244153738021851, "count_pixels": 42, "percent_cover": 0.025194205332773459, "percent_above_0.1m": 19.047619047619047, "low_level_<0.5": 9.5238095238095237, "mid_level_0.5-2": 4.7619047619047619, "tall_2+": 4.7619047619047619 }, "geometry": { "type": "Point", "coordinates": [ -0.226123737858187, 51.612114010800369 ] } },
{ "type": "Feature", "properties": { "max_height": 16.964500427246094, "mean_height": 8.2570648193359375, "std_height": 5.6793556213378906, "count_pixels": 43, "percent_cover": 0.025794067364506162, "percent_above_0.1m": 93.023255813953483, "low_level_<0.5": 9.3023255813953494, "mid_level_0.5-2": 2.3255813953488373, "tall_2+": 81.395348837209298 }, "geometry": { "type": "Point", "coordinates": [ -0.225923721200274, 51.612110988426906 ] } },
{ "type": "Feature", "properties": { "max_height": 17.254249572753906, "mean_height": 5.1168980598449707, "std_height": 5.6778302192687988, "count_pixels": 44, "percent_cover": 0.026393929396238865, "percent_above_0.1m": 61.363636363636367, "low_level_<0.5": 0.0, "mid_level_0.5-2": 4.5454545454545459, "tall_2+": 56.81818181818182 }, "geometry": { "type": "Point", "coordinates": [ -0.225723704577615, 51.612107965712781 ] } },
{ "type": "Feature", "properties": { "max_height": 11.358749389648438, "mean_height": 0.9353746771812439, "std_height": 2.6371426582336426, "count_pixels": 44, "percent_cover": 0.026393929396238865, "percent_above_0.1m": 18.181818181818183, "low_level_<0.5": 4.5454545454545459, "mid_level_0.5-2": 0.0, "tall_2+": 13.636363636363635 }, "geometry": { "type": "Point", "coordinates": [ -0.225523687990209, 51.612104942658043 ] } },
{ "type": "Feature", "properties": { "max_height": 8.1997528076171875, "mean_height": 1.1383954286575317, "std_height": 2.0464296340942383, "count_pixels": 43, "percent_cover": 0.025794067364506162, "percent_above_0.1m": 39.534883720930232, "low_level_<0.5": 6.9767441860465116, "mid_level_0.5-2": 4.6511627906976747, "tall_2+": 23.255813953488371 }, "geometry": { "type": "Point", "coordinates": [ -0.225323671438074, 51.612101919262678 ] } },
{ "type": "Feature", "properties": { "max_height": 11.510505676269531, "mean_height": 2.7107856273651123, "std_height": 3.4040482044219971, "count_pixels": 42, "percent_cover": 0.025194205332773459, "percent_above_0.1m": 59.523809523809526, "low_level_<0.5": 9.5238095238095237, "mid_level_0.5-2": 4.7619047619047619, "tall_2+": 45.238095238095241 }, "geometry": { "type": "Point", "coordinates": [ -0.225123654921194, 51.612098895526664 ] } },
{ "type": "Feature", "properties": { "max_height": 0.00075531005859375, "mean_height": -0.00011298769823042676, "std_height": 0.0004447113024070859, "count_pixels": 42, "percent_cover": 0.025194205332773459, "percent_above_0.1m": 0.0, "low_level_<0.5": 0.0, "mid_level_0.5-2": 0.0, "tall_2+": 0.0 }, "geometry": { "type": "Point", "coordinates": [ -0.224923638439593, 51.612095871450023 ] } },
{ "type": "Feature", "properties": { "max_height": 6.0074920654296875, "mean_height": 0.37767583131790161, "std_height": 1.1103389263153076, "count_pixels": 40, "percent_cover": 0.02399448126930806, "percent_above_0.1m": 32.5, "low_level_<0.5": 20.0, "mid_level_0.5-2": 2.5, "tall_2+": 7.5 }, "geometry": { "type": "Point", "coordinates": [ -0.236620550834629, 51.61238000904644 ] } },
{ "type": "Feature", "properties": { "max_height": 9.170257568359375, "mean_height": 3.2358615398406982, "std_height": 2.9587211608886719, "count_pixels": 41, "percent_cover": 0.024594343301040763, "percent_above_0.1m": 92.682926829268297, "low_level_<0.5": 14.634146341463413, "mid_level_0.5-2": 24.390243902439025, "tall_2+": 51.219512195121951 }, "geometry": { "type": "Point", "coordinates": [ -0.236420524083271, 51.612377009346233 ] } },
{ "type": "Feature", "properties": { "max_height": 0.51324462890625, "mean_height": 0.015577225014567375, "std_height": 0.080746985971927643, "count_pixels": 42, "percent_cover": 0.025194205332773459, "percent_above_0.1m": 4.7619047619047619, "low_level_<0.5": 0.0, "mid_level_0.5-2": 2.3809523809523809, "tall_2+": 0.0 }, "geometry": { "type": "Point", "coordinates": [ -0.236220497369345, 51.612374009305178 ] } },
{ "type": "Feature", "properties": { "max_height": 0.0017547607421875, "mean_height": 0.00016820998280309141, "std_height": 0.00081440235953778028, "count_pixels": 42, "percent_cover": 0.025194205332773459, "percent_above_0.1m": 0.0, "low_level_<0.5": 0.0, "mid_level_0.5-2": 0.0, "tall_2+": 0.0 }, "geometry": { "type": "Point", "coordinates": [ -0.23602047069286, 51.612371008923297 ] } },
{ "type": "Feature", "properties": { "max_height": 0.0019989013671875, "mean_height": 0.00014314198051579297, "std_height": 0.00093938945792615414, "count_pixels": 42, "percent_cover": 0.025194205332773459, "percent_above_0.1m": 0.0, "low_level_<0.5": 0.0, "mid_level_0.5-2": 0.0, "tall_2+": 0.0 }, "geometry": { "type": "Point", "coordinates": [ -0.235820444053816, 51.612368008200576 ] } },
{ "type": "Feature", "properties": { "max_height": 0.0019989013671875, "mean_height": 6.3696570578031242e-05, "std_height": 0.0010694664670154452, "count_pixels": 43, "percent_cover": 0.025794067364506162, "percent_above_0.1m": 0.0, "low_level_<0.5": 0.0, "mid_level_0.5-2": 0.0, "tall_2+": 0.0 }, "geometry": { "type": "Point", "coordinates": [ -0.235620417452223, 51.612365007137029 ] } },
{ "type": "Feature", "properties": { "max_height": 0.001495361328125, "mean_height": -3.3985485060838982e-05, "std_height": 0.00086675159400328994, "count_pixels": 44, "percent_cover": 0.026393929396238865, "percent_above_0.1m": 0.0, "low_level_<0.5": 0.0, "mid_level_0.5-2": 0.0, "tall_2+": 0.0 }, "geometry": { "type": "Point", "coordinates": [ -0.235420390888079, 51.612362005732606 ] } },
{ "type": "Feature", "properties": { "max_height": 0.00225067138671875, "mean_height": 0.0002436083450447768, "std_height": 0.001127364463172853, "count_pixels": 43, "percent_cover": 0.025794067364506162, "percent_above_0.1m": 0.0, "low_level_<0.5": 0.0, "mid_level_0.5-2": 0.0, "tall_2+": 0.0 }, "geometry": { "type": "Point", "coordinates": [ -0.235220364361388, 51.612359003987372 ] } },
{ "type": "Feature", "properties": { "max_height": 0.0019989013671875, "mean_height": -0.00038448598934337497, "std_height": 0.0019893604330718517, "count_pixels": 43, "percent_cover": 0.025794067364506162, "percent_above_0.1m": 0.0, "low_level_<0.5": 0.0, "mid_level_0.5-2": 0.0, "tall_2+": 0.0 }, "geometry": { "type": "Point", "coordinates": [ -0.235020337872163, 51.612356001901304 ] } },
{ "type": "Feature", "properties": { "max_height": 11.508255004882812, "mean_height": 1.9051680564880371, "std_height": 3.3728013038635254, "count_pixels": 42, "percent_cover": 0.025194205332773459, "percent_above_0.1m": 45.238095238095241, "low_level_<0.5": 11.904761904761903, "mid_level_0.5-2": 7.1428571428571423, "tall_2+": 26.190476190476193 }, "geometry": { "type": "Point", "coordinates": [ -0.234820315017813, 51.612352997316002 ] } },
{ "type": "Feature", "properties": { "max_height": 8.3585052490234375, "mean_height": 0.65071088075637817, "std_height": 1.5401240587234497, "count_pixels": 42, "percent_cover": 0.025194205332773459, "percent_above_0.1m": 38.095238095238095, "low_level_<0.5": 7.1428571428571423, "mid_level_0.5-2": 14.285714285714285, "tall_2+": 11.904761904761903 }, "geometry": { "type": "Point", "coordinates": [ -0.234620296114755, 51.612349989823549 ] } },
{ "type": "Feature", "properties": { "max_height": 10.086753845214844, "mean_height": 0.93342554569244385, "std_height": 1.9030358791351318, "count_pixels": 41, "percent_cover": 0.024594343301040763, "percent_above_0.1m": 53.658536585365859, "low_level_<0.5": 12.195121951219512, "mid_level_0.5-2": 29.268292682926827, "tall_2+": 12.195121951219512 }, "geometry": { "type": "Point", "coordinates": [ -0.23442027748327, 51.612346981915302 ] } },
{ "type": "Feature", "properties": { "max_height": 10.618759155273438, "mean_height": 2.497079610824585, "std_height": 3.5884640216827393, "count_pixels": 40, "percent_cover": 0.02399448126930806, "percent_above_0.1m": 47.5, "low_level_<0.5": 2.5, "mid_level_0.5-2": 7.5, "tall_2+": 37.5 }, "geometry": { "type": "Point", "coordinates": [ -0.234220258886871, 51.612343973666412 ] } },
{ "type": "Feature", "properties": { "max_height": 7.5137557983398438, "mean_height": 1.358970046043396, "std_height": 2.07108473777771, "count_pixels": 36, "percent_cover": 0.021595033142377252, "percent_above_0.1m": 44.444444444444443, "low_level_<0.5": 8.3333333333333321, "mid_level_0.5-2": 2.7777777777777777, "tall_2+": 33.333333333333329 }, "geometry": { "type": "Point", "coordinates": [ -0.234020240325565, 51.612340965076896 ] } },
{ "type": "Feature", "properties": { "max_height": 4.70574951171875, "mean_height": 0.52017134428024292, "std_height": 1.0794496536254883, "count_pixels": 40, "percent_cover": 0.02399448126930806, "percent_above_0.1m": 30.0, "low_level_<0.5": 5.0, "mid_level_0.5-2": 7.5, "tall_2+": 15.0 }, "geometry": { "type": "Point", "coordinates": [ -0.233820221799347, 51.612337956146732 ] } },
{ "type": "Feature", "properties": { "max_height": 1.7832489013671875, "mean_height": 0.043837197124958038, "std_height": 0.27503415942192078, "count_pixels": 41, "percent_cover": 0.024594343301040763, "percent_above_0.1m": 2.4390243902439024, "low_level_<0.5": 0.0, "mid_level_0.5-2": 2.4390243902439024, "tall_2+": 0.0 }, "geometry": { "type": "Point", "coordinates": [ -0.233620203308229, 51.612334946875926 ] } },
{ "type": "Feature", "properties": { "max_height": 0.006744384765625, "mean_height": 0.00042415800271555781, "std_height": 0.0015728099970147014, "count_pixels": 42, "percent_cover": 0.025194205332773459, "percent_above_0.1m": 0.0, "low_level_<0.5": 0.0, "mid_level_0.5-2": 0.0, "tall_2+": 0.0 }, "geometry": { "type": "Point", "coordinates": [ -0.23342018485221, 51.612331937264472 ] } },
{ "type": "Feature", "properties": { "max_height": 1.2332534790039062, "mean_height": 0.054827373474836349, "std_height": 0.21077623963356018, "count_pixels": 42, "percent_cover": 0.025194205332773459, "percent_above_0.1m": 9.5238095238095237, "low_level_<0.5": 4.7619047619047619, "mid_level_0.5-2": 4.7619047619047619, "tall_2+": 0.0 }, "geometry": { "type": "Point", "coordinates": [ -0.233220166431294, 51.612328927312404 ] } },
{ "type": "Feature", "properties": { "max_height": 20.756492614746094, "mean_height": 4.7135171890258789, "std_height": 6.0557575225830078, "count_pixels": 42, "percent_cover": 0.025194205332773459, "percent_above_0.1m": 54.761904761904766, "low_level_<0.5": 2.3809523809523809, "mid_level_0.5-2": 4.7619047619047619, "tall_2+": 47.619047619047613 }, "geometry": { "type": "Point", "coordinates": [ -0.233020148045489, 51.612325917019682 ] } },
{ "type": "Feature", "properties": { "max_height": 9.9312591552734375, "mean_height": 2.9149777889251709, "std_height": 3.3219594955444336, "count_pixels": 43, "percent_cover": 0.025794067364506162, "percent_above_0.1m": 90.697674418604649, "low_level_<0.5": 16.279069767441861, "mid_level_0.5-2": 27.906976744186046, "tall_2+": 44.186046511627907 }, "geometry": { "type": "Point", "coordinates": [ -0.232820129694797, 51.612322906386318 ] } },
{ "type": "Feature", "properties": { "max_height": 7.1472549438476562, "mean_height": 1.5947498083114624, "std_height": 1.3278146982192993, "count_pixels": 44, "percent_cover": 0.026393929396238865, "percent_above_0.1m": 97.727272727272734, "low_level_<0.5": 13.636363636363635, "mid_level_0.5-2": 61.363636363636367, "tall_2+": 22.727272727272727 }, "geometry": { "type": "Point", "coordinates": [ -0.232620111379222, 51.612319895412334 ] } },
{ "type": "Feature", "properties": { "max_height": 1.5615081787109375, "mean_height": 0.17456763982772827, "std_height": 0.38041785359382629, "count_pixels": 43, "percent_cover": 0.025794067364506162, "percent_above_0.1m": 23.255813953488371, "low_level_<0.5": 6.9767441860465116, "mid_level_0.5-2": 11.627906976744185, "tall_2+": 0.0 }, "geometry": { "type": "Point", "coordinates": [ -0.232420093098766, 51.612316884097687 ] } },
{ "type": "Feature", "properties": { "max_height": 0.066253662109375, "mean_height": 0.004470115527510643, "std_height": 0.012744097039103508, "count_pixels": 43, "percent_cover": 0.025794067364506162, "percent_above_0.1m": 0.0, "low_level_<0.5": 0.0, "mid_level_0.5-2": 0.0, "tall_2+": 0.0 }, "geometry": { "type": "Point", "coordinates": [ -0.232220074853439, 51.612313872442421 ] } },
{ "type": "Feature", "properties": { "max_height": 1.1597518920898438, "mean_height": 0.071523390710353851, "std_height": 0.21425428986549377, "count_pixels": 42, "percent_cover": 0.025194205332773459, "percent_above_0.1m": 11.904761904761903, "low_level_<0.5": 7.1428571428571423, "mid_level_0.5-2": 4.7619047619047619, "tall_2+": 0.0 }, "geometry": { "type": "Point", "coordinates": [ -0.232020056643231, 51.612310860446513 ] } },
{ "type": "Feature", "properties": { "max_height": 5.18475341796875, "mean_height": 1.0895583629608154, "std_height": 1.5663808584213257, "count_pixels": 42, "percent_cover": 0.025194205332773459, "percent_above_0.1m": 50.0, "low_level_<0.5": 4.7619047619047619, "mid_level_0.5-2": 21.428571428571427, "tall_2+": 21.428571428571427 }, "geometry": { "type": "Point", "coordinates": [ -0.231820038468166, 51.612307848109957 ] } },
{ "type": "Feature", "properties": { "max_height": 7.88775634765625, "mean_height": 2.8559138774871826, "std_height": 2.6463463306427002, "count_pixels": 41, "percent_cover": 0.024594343301040763, "percent_above_0.1m": 73.170731707317074, "low_level_<0.5": 2.4390243902439024, "mid_level_0.5-2": 19.512195121951219, "tall_2+": 51.219512195121951 }, "geometry": { "type": "Point", "coordinates": [ -0.231620020328228, 51.612304835432774 ] } },
{ "type": "Feature", "properties": { "max_height": 5.02874755859375, "mean_height": 1.4144300222396851, "std_height": 1.4290634393692017, "count_pixels": 40, "percent_cover": 0.02399448126930806, "percent_above_0.1m": 80.0, "low_level_<0.5": 20.0, "mid_level_0.5-2": 25.0, "tall_2+": 32.5 }, "geometry": { "type": "Point", "coordinates": [ -0.231420002223439, 51.612301822414956 ] } },
{ "type": "Feature", "properties": { "max_height": 2.759002685546875, "mean_height": 0.51759505271911621, "std_height": 0.87434422969818115, "count_pixels": 36, "percent_cover": 0.021595033142377252, "percent_above_0.1m": 41.666666666666671, "low_level_<0.5": 13.888888888888889, "mid_level_0.5-2": 13.888888888888889, "tall_2+": 13.888888888888889 }, "geometry": { "type": "Point", "coordinates": [ -0.231219984153793, 51.61229880905649 ] } },
{ "type": "Feature", "properties": { "max_height": 0.9185028076171875, "mean_height": 0.036873053759336472, "std_height": 0.14464367926120758, "count_pixels": 40, "percent_cover": 0.02399448126930806, "percent_above_0.1m": 7.5, "low_level_<0.5": 0.0, "mid_level_0.5-2": 2.5, "tall_2+": 0.0 }, "geometry": { "type": "Point", "coordinates": [ -0.231019966119289, 51.612295795357369 ] } },
{ "type": "Feature", "properties": { "max_height": 2.9767532348632812, "mean_height": 0.16992485523223877, "std_height": 0.53727740049362183, "count_pixels": 41, "percent_cover": 0.024594343301040763, "percent_above_0.1m": 17.073170731707318, "low_level_<0.5": 4.8780487804878048, "mid_level_0.5-2": 7.3170731707317067, "tall_2+": 2.4390243902439024 }, "geometry": { "type": "Point", "coordinates": [ -0.230819948119942, 51.612292781317642 ] } },
{ "type": "Feature", "properties": { "max_height": 12.020751953125, "mean_height": 2.8431241512298584, "std_height": 3.3673224449157715, "count_pixels": 42, "percent_cover": 0.025194205332773459, "percent_above_0.1m": 71.428571428571431, "low_level_<0.5": 2.3809523809523809, "mid_level_0.5-2": 21.428571428571427, "tall_2+": 45.238095238095241 }, "geometry": { "type": "Point", "coordinates": [ -0.230619930155754, 51.612289766937259 ] } },
{ "type": "Feature", "properties": { "max_height": 7.4550094604492188, "mean_height": 3.7549779415130615, "std_height": 2.0348248481750488, "count_pixels": 42, "percent_cover": 0.025194205332773459, "percent_above_0.1m": 100.0, "low_level_<0.5": 2.3809523809523809, "mid_level_0.5-2": 26.190476190476193, "tall_2+": 71.428571428571431 }, "geometry": { "type": "Point", "coordinates": [ -0.230419912226721, 51.612286752216249 ] } },
{ "type": "Feature", "properties": { "max_height": 4.07025146484375, "mean_height": 0.92979103326797485, "std_height": 1.3377007246017456, "count_pixels": 42, "percent_cover": 0.025194205332773459, "percent_above_0.1m": 45.238095238095241, "low_level_<0.5": 7.1428571428571423, "mid_level_0.5-2": 14.285714285714285, "tall_2+": 21.428571428571427 }, "geometry": { "type": "Point", "coordinates": [ -0.230219894332856, 51.612283737154598 ] } },
{ "type": "Feature", "properties": { "max_height": 0.00124359130859375, "mean_height": -0.00023899521329440176, "std_height": 0.00099255493842065334, "count_pixels": 43, "percent_cover": 0.025794067364506162, "percent_above_0.1m": 0.0, "low_level_<0.5": 0.0, "mid_level_0.5-2": 0.0, "tall_2+": 0.0 }, "geometry": { "type": "Point", "coordinates": [ -0.230019876474161, 51.612280721752306 ] } },
{ "type": "Feature", "properties": { "max_height": 0.0019989013671875, "mean_height": 8.062882989179343e-05, "std_height": 0.00065627996809780598, "count_pixels": 44, "percent_cover": 0.026393929396238865, "percent_above_0.1m": 0.0, "low_level_<0.5": 0.0, "mid_level_0.5-2": 0.0, "tall_2+": 0.0 }, "geometry": { "type": "Point", "coordinates": [ -0.229819858650631, 51.61227770600938 ] } },
{ "type": "Feature", "properties": { "max_height": 0.00275421142578125, "mean_height": -8.7471897131763399e-05, "std_height": 0.00095780706033110619, "count_pixels": 43, "percent_cover": 0.025794067364506162, "percent_above_0.1m": 0.0, "low_level_<0.5": 0.0, "mid_level_0.5-2": 0.0, "tall_2+": 0.0 }, "geometry": { "type": "Point", "coordinates": [ -0.229619840862286, 51.612274689925812 ] } },
{ "type": "Feature", "properties": { "max_height": 0.001251220703125, "mean_height": -0.00013945823593530804, "std_height": 0.0013478852342814207, "count_pixels": 43, "percent_cover": 0.025794067364506162, "percent_above_0.1m": 0.0, "low_level_<0.5": 0.0, "mid_level_0.5-2": 0.0, "tall_2+": 0.0 }, "geometry": { "type": "Point", "coordinates": [ -0.229419823109118, 51.612271673501631 ] } },
{ "type": "Feature", "properties": { "max_height": 0.00099945068359375, "mean_height": -0.00018383207498118281, "std_height": 0.00091223168419674039, "count_pixels": 42, "percent_cover": 0.025194205332773459, "percent_above_0.1m": 0.0, "low_level_<0.5": 0.0, "mid_level_0.5-2": 0.0, "tall_2+": 0.0 }, "geometry": { "type": "Point", "coordinates": [ -0.229219805391131, 51.612268656736781 ] } },
{ "type": "Feature", "properties": { "max_height": 0.0019989013671875, "mean_height": 0.00013678414688911289, "std_height": 0.00069319497561082244, "count_pixels": 42, "percent_cover": 0.025194205332773459, "percent_above_0.1m": 0.0, "low_level_<0.5": 0.0, "mid_level_0.5-2": 0.0, "tall_2+": 0.0 }, "geometry": { "type": "Point", "coordinates": [ -0.229019787708337, 51.61226563963131 ] } },
{ "type": "Feature", "properties": { "max_height": 2.7520065307617188, "mean_height": 0.27927473187446594, "std_height": 0.63092118501663208, "count_pixels": 41, "percent_cover": 0.024594343301040763, "percent_above_0.1m": 21.951219512195124, "low_level_<0.5": 0.0, "mid_level_0.5-2": 14.634146341463413, "tall_2+": 4.8780487804878048 }, "geometry": { "type": "Point", "coordinates": [ -0.22881977006073, 51.61226262218522 ] } },
{ "type": "Feature", "properties": { "max_height": 5.7337493896484375, "mean_height": 3.6041374206542969, "std_height": 1.3624798059463501, "count_pixels": 40, "percent_cover": 0.02399448126930806, "percent_above_0.1m": 100.0, "low_level_<0.5": 0.0, "mid_level_0.5-2": 12.5, "tall_2+": 87.5 }, "geometry": { "type": "Point", "coordinates": [ -0.228619752448323, 51.612259604398474 ] } },
{ "type": "Feature", "properties": { "max_height": 7.3722457885742188, "mean_height": 3.1219029426574707, "std_height": 1.5390927791595459, "count_pixels": 36, "percent_cover": 0.021595033142377252, "percent_above_0.1m": 100.0, "low_level_<0.5": 0.0, "mid_level_0.5-2": 27.777777777777779, "tall_2+": 72.222222222222214 }, "geometry": { "type": "Point", "coordinates": [ -0.22841973487112, 51.612256586271094 ] } },
{ "type": "Feature", "properties": { "max_height": 4.1962509155273438, "mean_height": 1.2240879535675049, "std_height": 0.91562598943710327, "count_pixels": 40, "percent_cover": 0.02399448126930806, "percent_above_0.1m": 85.0, "low_level_<0.5": 10.0, "mid_level_0.5-2": 62.5, "tall_2+": 12.5 }, "geometry": { "type": "Point", "coordinates": [ -0.228219717329113, 51.612253567803087 ] } },
{ "type": "Feature", "properties": { "max_height": 0.0052490234375, "mean_height": 0.00021976378047838807, "std_height": 0.0016729151830077171, "count_pixels": 41, "percent_cover": 0.024594343301040763, "percent_above_0.1m": 0.0, "low_level_<0.5": 0.0, "mid_level_0.5-2": 0.0, "tall_2+": 0.0 }, "geometry": { "type": "Point", "coordinates": [ -0.228019699822321, 51.612250548994432 ] } },
{ "type": "Feature", "properties": { "max_height": 0.0032501220703125, "mean_height": -0.0005289713735692203, "std_height": 0.0013269316405057907, "count_pixels": 42, "percent_cover": 0.025194205332773459, "percent_above_0.1m": 0.0, "low_level_<0.5": 0.0, "mid_level_0.5-2": 0.0, "tall_2+": 0.0 }, "geometry": { "type": "Point", "coordinates": [ -0.227819682350734, 51.612247529845149 ] } },
{ "type": "Feature", "properties": { "max_height": 0.63950347900390625, "mean_height": 0.023559387773275375, "std_height": 0.1085173636674881, "count_pixels": 42, "percent_cover": 0.025194205332773459, "percent_above_0.1m": 4.7619047619047619, "low_level_<0.5": 2.3809523809523809, "mid_level_0.5-2": 2.3809523809523809, "tall_2+": 0.0 }, "geometry": { "type": "Point", "coordinates": [ -0.227619664914372, 51.612244510355232 ] } },
{ "type": "Feature", "properties": { "max_height": 5.3147430419921875, "mean_height": 1.381994366645813, "std_height": 1.8257689476013184, "count_pixels": 42, "percent_cover": 0.025194205332773459, "percent_above_0.1m": 54.761904761904766, "low_level_<0.5": 14.285714285714285, "mid_level_0.5-2": 4.7619047619047619, "tall_2+": 35.714285714285715 }, "geometry": { "type": "Point", "coordinates": [ -0.227419647513225, 51.612241490524667 ] } },
{ "type": "Feature", "properties": { "max_height": 7.7687454223632812, "mean_height": 2.4112787246704102, "std_height": 1.8875284194946289, "count_pixels": 43, "percent_cover": 0.025794067364506162, "percent_above_0.1m": 90.697674418604649, "low_level_<0.5": 6.9767441860465116, "mid_level_0.5-2": 34.883720930232556, "tall_2+": 48.837209302325576 }, "geometry": { "type": "Point", "coordinates": [ -0.227219630147299, 51.612238470353475 ] } },
{ "type": "Feature", "properties": { "max_height": 13.997505187988281, "mean_height": 2.8603236675262451, "std_height": 3.3377358913421631, "count_pixels": 44, "percent_cover": 0.026393929396238865, "percent_above_0.1m": 70.454545454545453, "low_level_<0.5": 4.5454545454545459, "mid_level_0.5-2": 11.363636363636363, "tall_2+": 50.0 }, "geometry": { "type": "Point", "coordinates": [ -0.227019612816606, 51.612235449841663 ] } },
{ "type": "Feature", "properties": { "max_height": 11.176742553710938, "mean_height": 1.0150927305221558, "std_height": 2.1579654216766357, "count_pixels": 43, "percent_cover": 0.025794067364506162, "percent_above_0.1m": 53.488372093023251, "low_level_<0.5": 13.953488372093023, "mid_level_0.5-2": 11.627906976744185, "tall_2+": 16.279069767441861 }, "geometry": { "type": "Point", "coordinates": [ -0.226819595521147, 51.612232428989195 ] } },
{ "type": "Feature", "properties": { "max_height": 9.3610076904296875, "mean_height": 2.2952389717102051, "std_height": 2.1539764404296875, "count_pixels": 43, "percent_cover": 0.025794067364506162, "percent_above_0.1m": 88.372093023255815, "low_level_<0.5": 16.279069767441861, "mid_level_0.5-2": 20.930232558139537, "tall_2+": 51.162790697674424 }, "geometry": { "type": "Point", "coordinates": [ -0.226619578260918, 51.6122294077961 ] } },
{ "type": "Feature", "properties": { "max_height": 7.1969985961914062, "mean_height": 0.52022641897201538, "std_height": 1.1940938234329224, "count_pixels": 42, "percent_cover": 0.025194205332773459, "percent_above_0.1m": 54.761904761904766, "low_level_<0.5": 26.190476190476193, "mid_level_0.5-2": 21.428571428571427, "tall_2+": 4.7619047619047619 }, "geometry": { "type": "Point", "coordinates": [ -0.226419561035928, 51.612226386262371 ] } },
{ "type": "Feature", "properties": { "max_height": 3.4950027465820312, "mean_height": 0.61486870050430298, "std_height": 0.81088155508041382, "count_pixels": 42, "percent_cover": 0.025194205332773459, "percent_above_0.1m": 69.047619047619051, "low_level_<0.5": 26.190476190476193, "mid_level_0.5-2": 30.952380952380953, "tall_2+": 7.1428571428571423 }, "geometry": { "type": "Point", "coordinates": [ -0.226219543846193, 51.612223364388015 ] } },
{ "type": "Feature", "properties": { "max_height": 6.8074951171875, "mean_height": 0.61784195899963379, "std_height": 1.7361158132553101, "count_pixels": 41, "percent_cover": 0.024594343301040763, "percent_above_0.1m": 19.512195121951219, "low_level_<0.5": 7.3170731707317067, "mid_level_0.5-2": 2.4390243902439024, "tall_2+": 9.7560975609756095 }, "geometry": { "type": "Point", "coordinates": [ -0.226019526691696, 51.612220342173011 ] } },
{ "type": "Feature", "properties": { "max_height": 15.924247741699219, "mean_height": 3.8180878162384033, "std_height": 4.686647891998291, "count_pixels": 40, "percent_cover": 0.02399448126930806, "percent_above_0.1m": 60.0, "low_level_<0.5": 2.5, "mid_level_0.5-2": 7.5, "tall_2+": 50.0 }, "geometry": { "type": "Point", "coordinates": [ -0.225819509572454, 51.612217319617393 ] } },
{ "type": "Feature", "properties": { "max_height": 4.4585037231445312, "mean_height": 0.43806266784667969, "std_height": 1.0404174327850342, "count_pixels": 36, "percent_cover": 0.021595033142377252, "percent_above_0.1m": 30.555555555555557, "low_level_<0.5": 8.3333333333333321, "mid_level_0.5-2": 8.3333333333333321, "tall_2+": 8.3333333333333321 }, "geometry": { "type": "Point", "coordinates": [ -0.225619492488467, 51.612214296721106 ] } },
{ "type": "Feature", "properties": { "max_height": 7.3987503051757812, "mean_height": 0.94935625791549683, "std_height": 2.0581364631652832, "count_pixels": 40, "percent_cover": 0.02399448126930806, "percent_above_0.1m": 27.5, "low_level_<0.5": 2.5, "mid_level_0.5-2": 10.0, "tall_2+": 15.0 }, "geometry": { "type": "Point", "coordinates": [ -0.22541947543974, 51.612211273484235 ] } },
{ "type": "Feature", "properties": { "max_height": 10.517501831054688, "mean_height": 3.4176223278045654, "std_height": 2.4975793361663818, "count_pixels": 41, "percent_cover": 0.024594343301040763, "percent_above_0.1m": 92.682926829268297, "low_level_<0.5": 2.4390243902439024, "mid_level_0.5-2": 21.951219512195124, "tall_2+": 68.292682926829272 }, "geometry": { "type": "Point", "coordinates": [ -0.225219458426279, 51.612208249906693 ] } },
{ "type": "Feature", "properties": { "max_height": 17.15350341796875, "mean_height": 3.7779889106750488, "std_height": 5.4711637496948242, "count_pixels": 42, "percent_cover": 0.025194205332773459, "percent_above_0.1m": 66.666666666666657, "low_level_<0.5": 14.285714285714285, "mid_level_0.5-2": 16.666666666666664, "tall_2+": 35.714285714285715 }, "geometry": { "type": "Point", "coordinates": [ -0.225019441448082, 51.612205225988525 ] } },
{ "type": "Feature", "properties": { "max_height": 6.277496337890625, "mean_height": 0.24978601932525635, "std_height": 1.0086557865142822, "count_pixels": 42, "percent_cover": 0.025194205332773459, "percent_above_0.1m": 11.904761904761903, "low_level_<0.5": 4.7619047619047619, "mid_level_0.5-2": 4.7619047619047619, "tall_2+": 2.3809523809523809 }, "geometry": { "type": "Point", "coordinates": [ -0.22481942450516, 51.612202201729723 ] } },
{ "type": "Feature", "properties": { "max_height": 0.84725189208984375, "mean_height": 0.13350000977516174, "std_height": 0.24720264971256256, "count_pixels": 44, "percent_cover": 0.026393929396238865, "percent_above_0.1m": 27.27272727272727, "low_level_<0.5": 13.636363636363635, "mid_level_0.5-2": 13.636363636363635, "tall_2+": 0.0 }, "geometry": { "type": "Point", "coordinates": [ -0.236716387214478, 51.612489351983172 ] } },
{ "type": "Feature", "properties": { "max_height": 8.96624755859375, "mean_height": 2.7623488903045654, "std_height": 2.4919364452362061, "count_pixels": 43, "percent_cover": 0.025794067364506162, "percent_above_0.1m": 93.023255813953483, "low_level_<0.5": 9.3023255813953494, "mid_level_0.5-2": 39.534883720930232, "tall_2+": 41.860465116279073 }, "geometry": { "type": "Point", "coordinates": [ -0.23651635992262, 51.612486352445153 ] } },
{ "type": "Feature", "properties": { "max_height": 3.6542510986328125, "mean_height": 0.63026881217956543, "std_height": 1.0675797462463379, "count_pixels": 42, "percent_cover": 0.025194205332773459, "percent_above_0.1m": 38.095238095238095, "low_level_<0.5": 11.904761904761903, "mid_level_0.5-2": 11.904761904761903, "tall_2+": 14.285714285714285 }, "geometry": { "type": "Point", "coordinates": [ -0.236316332668187, 51.612483352566315 ] } },
{ "type": "Feature", "properties": { "max_height": 0.001251220703125, "mean_height": -0.00023723783669993281, "std_height": 0.00094617495778948069, "count_pixels": 42, "percent_cover": 0.025194205332773459, "percent_above_0.1m": 0.0, "low_level_<0.5": 0.0, "mid_level_0.5-2": 0.0, "tall_2+": 0.0 }, "geometry": { "type": "Point", "coordinates": [ -0.236116305451191, 51.612480352346623 ] } },
{ "type": "Feature", "properties": { "max_height": 0.00174713134765625, "mean_height": -0.00014949979959055781, "std_height": 0.0009331447072327137, "count_pixels": 42, "percent_cover": 0.025194205332773459, "percent_above_0.1m": 0.0, "low_level_<0.5": 0.0, "mid_level_0.5-2": 0.0, "tall_2+": 0.0 }, "geometry": { "type": "Point", "coordinates": [ -0.235916278271639, 51.61247735178609 ] } },
{ "type": "Feature", "properties": { "max_height": 0.0022430419921875, "mean_height": -0.000152587890625, "std_height": 0.00097885821014642715, "count_pixels": 41, "percent_cover": 0.024594343301040763, "percent_above_0.1m": 0.0, "low_level_<0.5": 0.0, "mid_level_0.5-2": 0.0, "tall_2+": 0.0 }, "geometry": { "type": "Point", "coordinates": [ -0.235716251129528, 51.612474350884725 ] } },
{ "type": "Feature", "properties": { "max_height": 0.0032501220703125, "mean_height": 0.0001943588285939768, "std_height": 0.0011486711446195841, "count_pixels": 40, "percent_cover": 0.02399448126930806, "percent_above_0.1m": 0.0, "low_level_<0.5": 0.0, "mid_level_0.5-2": 0.0, "tall_2+": 0.0 }, "geometry": { "type": "Point", "coordinates": [ -0.235516224024871, 51.612471349642497 ] } },
{ "type": "Feature", "properties": { "max_height": 0.0019989013671875, "mean_height": 0.00010384453344158828, "std_height": 0.00090605870354920626, "count_pixels": 36, "percent_cover": 0.021595033142377252, "percent_above_0.1m": 0.0, "low_level_<0.5": 0.0, "mid_level_0.5-2": 0.0, "tall_2+": 0.0 }, "geometry": { "type": "Point", "coordinates": [ -0.235316196957666, 51.612468348059458 ] } },
{ "type": "Feature", "properties": { "max_height": 2.4802474975585938, "mean_height": 0.069487221539020538, "std_height": 0.38318228721618652, "count_pixels": 41, "percent_cover": 0.024594343301040763, "percent_above_0.1m": 7.3170731707317067, "low_level_<0.5": 4.8780487804878048, "mid_level_0.5-2": 0.0, "tall_2+": 2.4390243902439024 }, "geometry": { "type": "Point", "coordinates": [ -0.235116169927922, 51.612465346135565 ] } },
{ "type": "Feature", "properties": { "max_height": 0.00225067138671875, "mean_height": -6.5128979258588515e-06, "std_height": 0.0011175874387845397, "count_pixels": 41, "percent_cover": 0.024594343301040763, "percent_above_0.1m": 0.0, "low_level_<0.5": 0.0, "mid_level_0.5-2": 0.0, "tall_2+": 0.0 }, "geometry": { "type": "Point", "coordinates": [ -0.234916144501846, 51.612462343390149 ] } },
{ "type": "Feature", "properties": { "max_height": 0.0009918212890625, "mean_height": -0.00013006301014684141, "std_height": 0.00060271972324699163, "count_pixels": 42, "percent_cover": 0.025194205332773459, "percent_above_0.1m": 0.0, "low_level_<0.5": 0.0, "mid_level_0.5-2": 0.0, "tall_2+": 0.0 }, "geometry": { "type": "Point", "coordinates": [ -0.234716123419036, 51.612459336678214 ] } },
{ "type": "Feature", "properties": { "max_height": 0.011749267578125, "mean_height": 0.00051534746307879686, "std_height": 0.0019938282202929258, "count_pixels": 42, "percent_cover": 0.025194205332773459, "percent_above_0.1m": 0.0, "low_level_<0.5": 0.0, "mid_level_0.5-2": 0.0, "tall_2+": 0.0 }, "geometry": { "type": "Point", "coordinates": [ -0.234516104291043, 51.612456328928502 ] } },
{ "type": "Feature", "properties": { "max_height": 0.03000640869140625, "mean_height": 0.0016850315732881427, "std_height": 0.0050073997117578983, "count_pixels": 43, "percent_cover": 0.025794067364506162, "percent_above_0.1m": 0.0, "low_level_<0.5": 0.0, "mid_level_0.5-2": 0.0, "tall_2+": 0.0 }, "geometry": { "type": "Point", "coordinates": [ -0.234316085198133, 51.612453320838142 ] } },
{ "type": "Feature", "properties": { "max_height": 0.0019989013671875, "mean_height": -8.6004081822466105e-05, "std_height": 0.00086427532369270921, "count_pixels": 44, "percent_cover": 0.026393929396238865, "percent_above_0.1m": 0.0, "low_level_<0.5": 0.0, "mid_level_0.5-2": 0.0, "tall_2+": 0.0 }, "geometry": { "type": "Point", "coordinates": [ -0.234116066140307, 51.612450312407169 ] } },
{ "type": "Feature", "properties": { "max_height": 0.0015106201171875, "mean_height": 9.5367431640625e-05, "std_height": 0.00059920997591689229, "count_pixels": 44, "percent_cover": 0.026393929396238865, "percent_above_0.1m": 0.0, "low_level_<0.5": 0.0, "mid_level_0.5-2": 0.0, "tall_2+": 0.0 }, "geometry": { "type": "Point", "coordinates": [ -0.233916047117573, 51.612447303635541 ] } },
{ "type": "Feature", "properties": { "max_height": 0.0042572021484375, "mean_height": 7.9132791142910719e-05, "std_height": 0.00093885755632072687, "count_pixels": 43, "percent_cover": 0.025794067364506162, "percent_above_0.1m": 0.0, "low_level_<0.5": 0.0, "mid_level_0.5-2": 0.0, "tall_2+": 0.0 }, "geometry": { "type": "Point", "coordinates": [ -0.233716028129938, 51.612444294523264 ] } },
{ "type": "Feature", "properties": { "max_height": 0.25275421142578125, "mean_height": 0.0094391955062747002, "std_height": 0.044110536575317383, "count_pixels": 42, "percent_cover": 0.025194205332773459, "percent_above_0.1m": 4.7619047619047619, "low_level_<0.5": 2.3809523809523809, "mid_level_0.5-2": 0.0, "tall_2+": 0.0 }, "geometry": { "type": "Point", "coordinates": [ -0.233516009177398, 51.612441285070361 ] } },
{ "type": "Feature", "properties": { "max_height": 0.0032501220703125, "mean_height": -7.9926994658308104e-06, "std_height": 0.0013417036971077323, "count_pixels": 42, "percent_cover": 0.025194205332773459, "percent_above_0.1m": 0.0, "low_level_<0.5": 0.0, "mid_level_0.5-2": 0.0, "tall_2+": 0.0 }, "geometry": { "type": "Point", "coordinates": [ -0.233315990259961, 51.612438275276801 ] } },
{ "type": "Feature", "properties": { "max_height": 0.00800323486328125, "mean_height": 0.00026557559613138437, "std_height": 0.0013627258595079184, "count_pixels": 42, "percent_cover": 0.025194205332773459, "percent_above_0.1m": 0.0, "low_level_<0.5": 0.0, "mid_level_0.5-2": 0.0, "tall_2+": 0.0 }, "geometry": { "type": "Point", "coordinates": [ -0.233115971377633, 51.612435265142615 ] } },
{ "type": "Feature", "properties": { "max_height": 5.1355056762695312, "mean_height": 1.1194614171981812, "std_height": 1.5569366216659546, "count_pixels": 41, "percent_cover": 0.024594343301040763, "percent_above_0.1m": 48.780487804878049, "low_level_<0.5": 2.4390243902439024, "mid_level_0.5-2": 17.073170731707318, "tall_2+": 26.829268292682929 }, "geometry": { "type": "Point", "coordinates": [ -0.232915952530415, 51.612432254667773 ] } },
{ "type": "Feature", "properties": { "max_height": 8.4310073852539062, "mean_height": 4.1533365249633789, "std_height": 2.3351655006408691, "count_pixels": 40, "percent_cover": 0.02399448126930806, "percent_above_0.1m": 97.5, "low_level_<0.5": 2.5, "mid_level_0.5-2": 22.5, "tall_2+": 72.5 }, "geometry": { "type": "Point", "coordinates": [ -0.23271593371831, 51.612429243852304 ] } },
{ "type": "Feature", "properties": { "max_height": 2.717254638671875, "mean_height": 1.2066366672515869, "std_height": 0.63207501173019409, "count_pixels": 36, "percent_cover": 0.021595033142377252, "percent_above_0.1m": 100.0, "low_level_<0.5": 16.666666666666664, "mid_level_0.5-2": 72.222222222222214, "tall_2+": 11.111111111111111 }, "geometry": { "type": "Point", "coordinates": [ -0.232515914941328, 51.612426232696194 ] } },
{ "type": "Feature", "properties": { "max_height": 4.12225341796875, "mean_height": 0.98195016384124756, "std_height": 1.3268827199935913, "count_pixels": 41, "percent_cover": 0.024594343301040763, "percent_above_0.1m": 48.780487804878049, "low_level_<0.5": 7.3170731707317067, "mid_level_0.5-2": 17.073170731707318, "tall_2+": 24.390243902439025 }, "geometry": { "type": "Point", "coordinates": [ -0.232315896199465, 51.61242322119945 ] } },
{ "type": "Feature", "properties": { "max_height": 2.498260498046875, "mean_height": 0.41931003332138062, "std_height": 0.62598055601119995, "count_pixels": 41, "percent_cover": 0.024594343301040763, "percent_above_0.1m": 43.902439024390247, "low_level_<0.5": 12.195121951219512, "mid_level_0.5-2": 26.829268292682929, "tall_2+": 2.4390243902439024 }, "geometry": { "type": "Point", "coordinates": [ -0.232115877492732, 51.612420209362064 ] } },
{ "type": "Feature", "properties": { "max_height": 2.342254638671875, "mean_height": 0.3726116418838501, "std_height": 0.72466707229614258, "count_pixels": 42, "percent_cover": 0.025194205332773459, "percent_above_0.1m": 35.714285714285715, "low_level_<0.5": 14.285714285714285, "mid_level_0.5-2": 7.1428571428571423, "tall_2+": 9.5238095238095237 }, "geometry": { "type": "Point", "coordinates": [ -0.231915858821125, 51.612417197184023 ] } },
{ "type": "Feature", "properties": { "max_height": 1.3592605590820312, "mean_height": 0.0857500359416008, "std_height": 0.26665794849395752, "count_pixels": 42, "percent_cover": 0.025194205332773459, "percent_above_0.1m": 11.904761904761903, "low_level_<0.5": 4.7619047619047619, "mid_level_0.5-2": 7.1428571428571423, "tall_2+": 0.0 }, "geometry": { "type": "Point", "coordinates": [ -0.23171584018466, 51.612414184665361 ] } },
{ "type": "Feature", "properties": { "max_height": 3.5880050659179688, "mean_height": 0.88878363370895386, "std_height": 1.044884204864502, "count_pixels": 43, "percent_cover": 0.025794067364506162, "percent_above_0.1m": 67.441860465116278, "low_level_<0.5": 16.279069767441861, "mid_level_0.5-2": 32.558139534883722, "tall_2+": 16.279069767441861 }, "geometry": { "type": "Point", "coordinates": [ -0.231515821583329, 51.612411171806052 ] } },
{ "type": "Feature", "properties": { "max_height": 8.6222610473632812, "mean_height": 1.4949584007263184, "std_height": 1.9315853118896484, "count_pixels": 44, "percent_cover": 0.026393929396238865, "percent_above_0.1m": 81.818181818181827, "low_level_<0.5": 13.636363636363635, "mid_level_0.5-2": 36.363636363636367, "tall_2+": 25.0 }, "geometry": { "type": "Point", "coordinates": [ -0.231315803017141, 51.612408158606094 ] } },
{ "type": "Feature", "properties": { "max_height": 5.4147567749023438, "mean_height": 0.81551116704940796, "std_height": 1.2110686302185059, "count_pixels": 44, "percent_cover": 0.026393929396238865, "percent_above_0.1m": 59.090909090909093, "low_level_<0.5": 15.909090909090908, "mid_level_0.5-2": 36.363636363636367, "tall_2+": 6.8181818181818175 }, "geometry": { "type": "Point", "coordinates": [ -0.231115784486101, 51.612405145065509 ] } },
{ "type": "Feature", "properties": { "max_height": 3.0187530517578125, "mean_height": 0.82482415437698364, "std_height": 0.88029026985168457, "count_pixels": 43, "percent_cover": 0.025794067364506162, "percent_above_0.1m": 69.767441860465112, "low_level_<0.5": 9.3023255813953494, "mid_level_0.5-2": 44.186046511627907, "tall_2+": 13.953488372093023 }, "geometry": { "type": "Point", "coordinates": [ -0.230915765990212, 51.612402131184282 ] } },
{ "type": "Feature", "properties": { "max_height": 1.6760025024414062, "mean_height": 0.41273680329322815, "std_height": 0.46924075484275818, "count_pixels": 42, "percent_cover": 0.025194205332773459, "percent_above_0.1m": 57.142857142857139, "low_level_<0.5": 16.666666666666664, "mid_level_0.5-2": 38.095238095238095, "tall_2+": 0.0 }, "geometry": { "type": "Point", "coordinates": [ -0.230715747529477, 51.612399116962408 ] } },
{ "type": "Feature", "properties": { "max_height": 6.2324981689453125, "mean_height": 1.7336269617080688, "std_height": 1.5784494876861572, "count_pixels": 42, "percent_cover": 0.025194205332773459, "percent_above_0.1m": 92.857142857142861, "low_level_<0.5": 9.5238095238095237, "mid_level_0.5-2": 47.619047619047613, "tall_2+": 33.333333333333329 }, "geometry": { "type": "Point", "coordinates": [ -0.2305157291039, 51.612396102399927 ] } },
{ "type": "Feature", "properties": { "max_height": 6.8082504272460938, "mean_height": 2.2218222618103027, "std_height": 1.4885966777801514, "count_pixels": 42, "percent_cover": 0.025194205332773459, "percent_above_0.1m": 100.0, "low_level_<0.5": 9.5238095238095237, "mid_level_0.5-2": 35.714285714285715, "tall_2+": 54.761904761904766 }, "geometry": { "type": "Point", "coordinates": [ -0.230315710713487, 51.612393087496784 ] } },
{ "type": "Feature", "properties": { "max_height": 1.4572525024414062, "mean_height": 0.19405439496040344, "std_height": 0.37717732787132263, "count_pixels": 41, "percent_cover": 0.024594343301040763, "percent_above_0.1m": 26.829268292682929, "low_level_<0.5": 7.3170731707317067, "mid_level_0.5-2": 17.073170731707318, "tall_2+": 0.0 }, "geometry": { "type": "Point", "coordinates": [ -0.230115692358242, 51.612390072253007 ] } },
{ "type": "Feature", "properties": { "max_height": 0.00274658203125, "mean_height": -2.47955322265625e-05, "std_height": 0.0011078221723437309, "count_pixels": 40, "percent_cover": 0.02399448126930806, "percent_above_0.1m": 0.0, "low_level_<0.5": 0.0, "mid_level_0.5-2": 0.0, "tall_2+": 0.0 }, "geometry": { "type": "Point", "coordinates": [ -0.229915674038161, 51.612387056668581 ] } },
{ "type": "Feature", "properties": { "max_height": 0.001251220703125, "mean_height": 3.4332275390625e-05, "std_height": 0.0014018912333995104, "count_pixels": 36, "percent_cover": 0.021595033142377252, "percent_above_0.1m": 0.0, "low_level_<0.5": 0.0, "mid_level_0.5-2": 0.0, "tall_2+": 0.0 }, "geometry": { "type": "Point", "coordinates": [ -0.229715655753264, 51.612384040743535 ] } },
{ "type": "Feature", "properties": { "max_height": 0.0019989013671875, "mean_height": -0.00020711014803964645, "std_height": 0.0010370550444349647, "count_pixels": 41, "percent_cover": 0.024594343301040763, "percent_above_0.1m": 0.0, "low_level_<0.5": 0.0, "mid_level_0.5-2": 0.0, "tall_2+": 0.0 }, "geometry": { "type": "Point", "coordinates": [ -0.229515637503539, 51.61238102447782 ] } },
{ "type": "Feature", "properties": { "max_height": 0.001251220703125, "mean_height": -0.00017659256991464645, "std_height": 0.0011016171192750335, "count_pixels": 41, "percent_cover": 0.024594343301040763, "percent_above_0.1m": 0.0, "low_level_<0.5": 0.0, "mid_level_0.5-2": 0.0, "tall_2+": 0.0 }, "geometry": { "type": "Point", "coordinates": [ -0.229315619289, 51.612378007871499 ] } },
{ "type": "Feature", "properties": { "max_height": 0.0017547607421875, "mean_height": -0.00037965321098454297, "std_height": 0.0015594421420246363, "count_pixels": 42, "percent_cover": 0.025194205332773459, "percent_above_0.1m": 0.0, "low_level_<0.5": 0.0, "mid_level_0.5-2": 0.0, "tall_2+": 0.0 }, "geometry": { "type": "Point", "coordinates": [ -0.229115601109645, 51.612374990924515 ] } },
{ "type": "Feature", "properties": { "max_height": 0.0045013427734375, "mean_height": 0.00010099865176016465, "std_height": 0.001749651855789125, "count_pixels": 42, "percent_cover": 0.025194205332773459, "percent_above_0.1m": 0.0, "low_level_<0.5": 0.0, "mid_level_0.5-2": 0.0, "tall_2+": 0.0 }, "geometry": { "type": "Point", "coordinates": [ -0.228915582965484, 51.612371973636918 ] } },
{ "type": "Feature", "properties": { "max_height": 4.5914993286132812, "mean_height": 0.44561678171157837, "std_height": 0.9316447377204895, "count_pixels": 43, "percent_cover": 0.025794067364506162, "percent_above_0.1m": 32.558139534883722, "low_level_<0.5": 6.9767441860465116, "mid_level_0.5-2": 16.279069767441861, "tall_2+": 6.9767441860465116 }, "geometry": { "type": "Point", "coordinates": [ -0.228715564856514, 51.61236895600868 ] } },
{ "type": "Feature", "properties": { "max_height": 7.6862564086914062, "mean_height": 3.5266706943511963, "std_height": 1.7684410810470581, "count_pixels": 44, "percent_cover": 0.026393929396238865, "percent_above_0.1m": 100.0, "low_level_<0.5": 0.0, "mid_level_0.5-2": 20.454545454545457, "tall_2+": 79.545454545454547 }, "geometry": { "type": "Point", "coordinates": [ -0.228515546782743, 51.612365938039794 ] } },
{ "type": "Feature", "properties": { "max_height": 4.9085006713867188, "mean_height": 2.1033461093902588, "std_height": 1.2561274766921997, "count_pixels": 44, "percent_cover": 0.026393929396238865, "percent_above_0.1m": 97.727272727272734, "low_level_<0.5": 6.8181818181818175, "mid_level_0.5-2": 52.272727272727273, "tall_2+": 38.636363636363633 }, "geometry": { "type": "Point", "coordinates": [ -0.228315528744177, 51.612362919730273 ] } },
{ "type": "Feature", "properties": { "max_height": 1.9927444458007812, "mean_height": 0.26218521595001221, "std_height": 0.53979092836380005, "count_pixels": 43, "percent_cover": 0.025794067364506162, "percent_above_0.1m": 23.255813953488371, "low_level_<0.5": 2.3255813953488373, "mid_level_0.5-2": 20.930232558139537, "tall_2+": 0.0 }, "geometry": { "type": "Point", "coordinates": [ -0.228115510740815, 51.612359901080126 ] } },
{ "type": "Feature", "properties": { "max_height": 0.0070037841796875, "mean_height": 0.0001375107531202957, "std_height": 0.0021017065737396479, "count_pixels": 42, "percent_cover": 0.025194205332773459, "percent_above_0.1m": 0.0, "low_level_<0.5": 0.0, "mid_level_0.5-2": 0.0, "tall_2+": 0.0 }, "geometry": { "type": "Point", "coordinates": [ -0.227915492772665, 51.61235688208933 ] } },
{ "type": "Feature", "properties": { "max_height": 0.0070037841796875, "mean_height": 9.5185780082829297e-05, "std_height": 0.0015227807452902198, "count_pixels": 42, "percent_cover": 0.025194205332773459, "percent_above_0.1m": 0.0, "low_level_<0.5": 0.0, "mid_level_0.5-2": 0.0, "tall_2+": 0.0 }, "geometry": { "type": "Point", "coordinates": [ -0.227715474839727, 51.612353862757899 ] } },
{ "type": "Feature", "properties": { "max_height": 0.00424957275390625, "mean_height": 5.4132371587911621e-05, "std_height": 0.001430433476343751, "count_pixels": 42, "percent_cover": 0.025194205332773459, "percent_above_0.1m": 0.0, "low_level_<0.5": 0.0, "mid_level_0.5-2": 0.0, "tall_2+": 0.0 }, "geometry": { "type": "Point", "coordinates": [ -0.227515456942011, 51.612350843085842 ] } },
{ "type": "Feature", "properties": { "max_height": 2.3065032958984375, "mean_height": 0.30452430248260498, "std_height": 0.50680142641067505, "count_pixels": 41, "percent_cover": 0.024594343301040763, "percent_above_0.1m": 43.902439024390247, "low_level_<0.5": 19.512195121951219, "mid_level_0.5-2": 19.512195121951219, "tall_2+": 2.4390243902439024 }, "geometry": { "type": "Point", "coordinates": [ -0.227315439079516, 51.612347823073129 ] } },
{ "type": "Feature", "properties": { "max_height": 5.501251220703125, "mean_height": 1.2640249729156494, "std_height": 1.6717262268066406, "count_pixels": 40, "percent_cover": 0.02399448126930806, "percent_above_0.1m": 62.5, "low_level_<0.5": 10.0, "mid_level_0.5-2": 22.5, "tall_2+": 25.0 }, "geometry": { "type": "Point", "coordinates": [ -0.227115421252246, 51.612344802719797 ] } },
{ "type": "Feature", "properties": { "max_height": 3.7272491455078125, "mean_height": 0.35136857628822327, "std_height": 0.92592066526412964, "count_pixels": 36, "percent_cover": 0.021595033142377252, "percent_above_0.1m": 16.666666666666664, "low_level_<0.5": 0.0, "mid_level_0.5-2": 8.3333333333333321, "tall_2+": 8.3333333333333321 }, "geometry": { "type": "Point", "coordinates": [ -0.226915403460206, 51.612341782025815 ] } },
{ "type": "Feature", "properties": { "max_height": 6.5002517700195312, "mean_height": 0.54106086492538452, "std_height": 1.364127516746521, "count_pixels": 41, "percent_cover": 0.024594343301040763, "percent_above_0.1m": 29.268292682926827, "low_level_<0.5": 9.7560975609756095, "mid_level_0.5-2": 7.3170731707317067, "tall_2+": 9.7560975609756095 }, "geometry": { "type": "Point", "coordinates": [ -0.226715385703403, 51.612338760991214 ] } },
{ "type": "Feature", "properties": { "max_height": 4.1847457885742188, "mean_height": 0.3553892970085144, "std_height": 0.93437451124191284, "count_pixels": 41, "percent_cover": 0.024594343301040763, "percent_above_0.1m": 31.707317073170731, "low_level_<0.5": 9.7560975609756095, "mid_level_0.5-2": 9.7560975609756095, "tall_2+": 4.8780487804878048 }, "geometry": { "type": "Point", "coordinates": [ -0.226515367981837, 51.612335739615958 ] } },
{ "type": "Feature", "properties": { "max_height": 0.30550384521484375, "mean_height": 0.02469671331346035, "std_height": 0.05905277281999588, "count_pixels": 42, "percent_cover": 0.025194205332773459, "percent_above_0.1m": 4.7619047619047619, "low_level_<0.5": 4.7619047619047619, "mid_level_0.5-2": 0.0, "tall_2+": 0.0 }, "geometry": { "type": "Point", "coordinates": [ -0.226315350295516, 51.612332717900088 ] } },
{ "type": "Feature", "properties": { "max_height": 0.15074920654296875, "mean_height": 0.0087447389960289001, "std_height": 0.030344845727086067, "count_pixels": 42, "percent_cover": 0.025194205332773459, "percent_above_0.1m": 2.3809523809523809, "low_level_<0.5": 2.3809523809523809, "mid_level_0.5-2": 0.0, "tall_2+": 0.0 }, "geometry": { "type": "Point", "coordinates": [ -0.226115332644435, 51.61232969584357 ] } },
{ "type": "Feature", "properties": { "max_height": 0.00400543212890625, "mean_height": -0.00073721242370083928, "std_height": 0.0027807299047708511, "count_pixels": 43, "percent_cover": 0.025794067364506162, "percent_above_0.1m": 0.0, "low_level_<0.5": 0.0, "mid_level_0.5-2": 0.0, "tall_2+": 0.0 }, "geometry": { "type": "Point", "coordinates": [ -0.225915315028605, 51.612326673446425 ] } },
{ "type": "Feature", "properties": { "max_height": 2.4487533569335938, "mean_height": 0.42881253361701965, "std_height": 0.63031458854675293, "count_pixels": 44, "percent_cover": 0.026393929396238865, "percent_above_0.1m": 47.727272727272727, "low_level_<0.5": 13.636363636363635, "mid_level_0.5-2": 27.27272727272727, "tall_2+": 4.5454545454545459 }, "geometry": { "type": "Point", "coordinates": [ -0.225715297448038, 51.612323650708618 ] } },
{ "type": "Feature", "properties": { "max_height": 12.275741577148438, "mean_height": 2.9479269981384277, "std_height": 3.5610427856445312, "count_pixels": 44, "percent_cover": 0.026393929396238865, "percent_above_0.1m": 70.454545454545453, "low_level_<0.5": 4.5454545454545459, "mid_level_0.5-2": 25.0, "tall_2+": 38.636363636363633 }, "geometry": { "type": "Point", "coordinates": [ -0.225515279902722, 51.612320627630211 ] } },
{ "type": "Feature", "properties": { "max_height": 10.3905029296875, "mean_height": 3.8842618465423584, "std_height": 3.4412860870361328, "count_pixels": 43, "percent_cover": 0.025794067364506162, "percent_above_0.1m": 74.418604651162795, "low_level_<0.5": 4.6511627906976747, "mid_level_0.5-2": 9.3023255813953494, "tall_2+": 60.465116279069761 }, "geometry": { "type": "Point", "coordinates": [ -0.225315262392667, 51.612317604211142 ] } },
{ "type": "Feature", "properties": { "max_height": 2.292999267578125, "mean_height": 0.34233945608139038, "std_height": 0.57092589139938354, "count_pixels": 42, "percent_cover": 0.025194205332773459, "percent_above_0.1m": 45.238095238095241, "low_level_<0.5": 23.809523809523807, "mid_level_0.5-2": 16.666666666666664, "tall_2+": 2.3809523809523809 }, "geometry": { "type": "Point", "coordinates": [ -0.225115244917882, 51.612314580451454 ] } },
{ "type": "Feature", "properties": { "max_height": 4.38275146484375, "mean_height": 0.62923109531402588, "std_height": 1.1473881006240845, "count_pixels": 40, "percent_cover": 0.02399448126930806, "percent_above_0.1m": 37.5, "low_level_<0.5": 7.5, "mid_level_0.5-2": 12.5, "tall_2+": 15.0 }, "geometry": { "type": "Point", "coordinates": [ -0.236612196265019, 51.612595695465018 ] } },
{ "type": "Feature", "properties": { "max_height": 6.9702529907226562, "mean_height": 0.44826841354370117, "std_height": 1.2115106582641602, "count_pixels": 41, "percent_cover": 0.024594343301040763, "percent_above_0.1m": 43.902439024390247, "low_level_<0.5": 9.7560975609756095, "mid_level_0.5-2": 17.073170731707318, "tall_2+": 4.8780487804878048 }, "geometry": { "type": "Point", "coordinates": [ -0.236412168470086, 51.612592695748361 ] } },
{ "type": "Feature", "properties": { "max_height": 0.0017547607421875, "mean_height": 0.00014913649647496641, "std_height": 0.00073322979733347893, "count_pixels": 42, "percent_cover": 0.025194205332773459, "percent_above_0.1m": 0.0, "low_level_<0.5": 0.0, "mid_level_0.5-2": 0.0, "tall_2+": 0.0 }, "geometry": { "type": "Point", "coordinates": [ -0.236212140712575, 51.612589695690865 ] } },
{ "type": "Feature", "properties": { "max_height": 0.0019989013671875, "mean_height": -0.00015331449685618281, "std_height": 0.00089624285465106368, "count_pixels": 42, "percent_cover": 0.025194205332773459, "percent_above_0.1m": 0.0, "low_level_<0.5": 0.0, "mid_level_0.5-2": 0.0, "tall_2+": 0.0 }, "geometry": { "type": "Point", "coordinates": [ -0.236012112992508, 51.612586695292528 ] } },
{ "type": "Feature", "properties": { "max_height": 0.00274658203125, "mean_height": -0.00017238798318430781, "std_height": 0.00123469193931669, "count_pixels": 42, "percent_cover": 0.025194205332773459, "percent_above_0.1m": 0.0, "low_level_<0.5": 0.0, "mid_level_0.5-2": 0.0, "tall_2+": 0.0 }, "geometry": { "type": "Point", "coordinates": [ -0.235812085309887, 51.612583694553351 ] } },
{ "type": "Feature", "properties": { "max_height": 0.00174713134765625, "mean_height": 9.2972157290205359e-05, "std_height": 0.00094335858011618257, "count_pixels": 43, "percent_cover": 0.025794067364506162, "percent_above_0.1m": 0.0, "low_level_<0.5": 0.0, "mid_level_0.5-2": 0.0, "tall_2+": 0.0 }, "geometry": { "type": "Point", "coordinates": [ -0.23561205766471, 51.61258069347334 ] } },
{ "type": "Feature", "properties": { "max_height": 0.00424957275390625, "mean_height": 0.00015380165132228285, "std_height": 0.0010372507385909557, "count_pixels": 44, "percent_cover": 0.026393929396238865, "percent_above_0.1m": 0.0, "low_level_<0.5": 0.0, "mid_level_0.5-2": 0.0, "tall_2+": 0.0 }, "geometry": { "type": "Point", "coordinates": [ -0.235412030056985, 51.612577692052476 ] } },
{ "type": "Feature", "properties": { "max_height": 0.006500244140625, "mean_height": -0.00049945921637117863, "std_height": 0.0038992110639810562, "count_pixels": 43, "percent_cover": 0.025794067364506162, "percent_above_0.1m": 0.0, "low_level_<0.5": 0.0, "mid_level_0.5-2": 0.0, "tall_2+": 0.0 }, "geometry": { "type": "Point", "coordinates": [ -0.235212002486721, 51.612574690290771 ] } },
{ "type": "Feature", "properties": { "max_height": 0.0045013427734375, "mean_height": -0.00020883249817416072, "std_height": 0.0023381875362247229, "count_pixels": 43, "percent_cover": 0.025794067364506162, "percent_above_0.1m": 0.0, "low_level_<0.5": 0.0, "mid_level_0.5-2": 0.0, "tall_2+": 0.0 }, "geometry": { "type": "Point", "coordinates": [ -0.235011974953918, 51.612571688188233 ] } },
{ "type": "Feature", "properties": { "max_height": 0.0019989013671875, "mean_height": 4.0871756937121972e-05, "std_height": 0.00096968637080863118, "count_pixels": 42, "percent_cover": 0.025194205332773459, "percent_above_0.1m": 0.0, "low_level_<0.5": 0.0, "mid_level_0.5-2": 0.0, "tall_2+": 0.0 }, "geometry": { "type": "Point", "coordinates": [ -0.234811951279744, 51.612568683425522 ] } },
{ "type": "Feature", "properties": { "max_height": 0.0042572021484375, "mean_height": 0.00013424101052805781, "std_height": 0.0010325874900445342, "count_pixels": 42, "percent_cover": 0.025194205332773459, "percent_above_0.1m": 0.0, "low_level_<0.5": 0.0, "mid_level_0.5-2": 0.0, "tall_2+": 0.0 }, "geometry": { "type": "Point", "coordinates": [ -0.23461193156023, 51.612565675866072 ] } },
{ "type": "Feature", "properties": { "max_height": 0.23075103759765625, "mean_height": 0.010644866153597832, "std_height": 0.039815861731767654, "count_pixels": 41, "percent_cover": 0.024594343301040763, "percent_above_0.1m": 2.4390243902439024, "low_level_<0.5": 2.4390243902439024, "mid_level_0.5-2": 0.0, "tall_2+": 0.0 }, "geometry": { "type": "Point", "coordinates": [ -0.234411911970802, 51.612562667934284 ] } },
{ "type": "Feature", "properties": { "max_height": 0.00225067138671875, "mean_height": 8.58306884765625e-05, "std_height": 0.0006003968883305788, "count_pixels": 40, "percent_cover": 0.02399448126930806, "percent_above_0.1m": 0.0, "low_level_<0.5": 0.0, "mid_level_0.5-2": 0.0, "tall_2+": 0.0 }, "geometry": { "type": "Point", "coordinates": [ -0.234211892416463, 51.612559659661819 ] } },
{ "type": "Feature", "properties": { "max_height": 12.730255126953125, "mean_height": 1.5605741739273071, "std_height": 3.2039334774017334, "count_pixels": 36, "percent_cover": 0.021595033142377252, "percent_above_0.1m": 30.555555555555557, "low_level_<0.5": 0.0, "mid_level_0.5-2": 8.3333333333333321, "tall_2+": 22.222222222222221 }, "geometry": { "type": "Point", "coordinates": [ -0.234011872897208, 51.61255665104872 ] } },
{ "type": "Feature", "properties": { "max_height": 11.513008117675781, "mean_height": 1.1731609106063843, "std_height": 2.7395322322845459, "count_pixels": 40, "percent_cover": 0.02399448126930806, "percent_above_0.1m": 27.5, "low_level_<0.5": 5.0, "mid_level_0.5-2": 5.0, "tall_2+": 17.5 }, "geometry": { "type": "Point", "coordinates": [ -0.23381185341305, 51.612553642094994 ] } },
{ "type": "Feature", "properties": { "max_height": 0.06424713134765625, "mean_height": 0.0062071639113128185, "std_height": 0.013809575699269772, "count_pixels": 41, "percent_cover": 0.024594343301040763, "percent_above_0.1m": 0.0, "low_level_<0.5": 0.0, "mid_level_0.5-2": 0.0, "tall_2+": 0.0 }, "geometry": { "type": "Point", "coordinates": [ -0.23361183396399, 51.612550632800613 ] } },
{ "type": "Feature", "properties": { "max_height": 0.92650604248046875, "mean_height": 0.097177416086196899, "std_height": 0.23499825596809387, "count_pixels": 42, "percent_cover": 0.025194205332773459, "percent_above_0.1m": 19.047619047619047, "low_level_<0.5": 7.1428571428571423, "mid_level_0.5-2": 9.5238095238095237, "tall_2+": 0.0 }, "geometry": { "type": "Point", "coordinates": [ -0.233411814550027, 51.612547623165597 ] } },
{ "type": "Feature", "properties": { "max_height": 0.00225067138671875, "mean_height": -0.0001562209363328293, "std_height": 0.00081690395018085837, "count_pixels": 42, "percent_cover": 0.025194205332773459, "percent_above_0.1m": 0.0, "low_level_<0.5": 0.0, "mid_level_0.5-2": 0.0, "tall_2+": 0.0 }, "geometry": { "type": "Point", "coordinates": [ -0.233211795171176, 51.612544613189932 ] } },
{ "type": "Feature", "properties": { "max_height": 0.006256103515625, "mean_height": 0.00021307809220161289, "std_height": 0.0014091634657233953, "count_pixels": 42, "percent_cover": 0.025194205332773459, "percent_above_0.1m": 0.0, "low_level_<0.5": 0.0, "mid_level_0.5-2": 0.0, "tall_2+": 0.0 }, "geometry": { "type": "Point", "coordinates": [ -0.233011775827428, 51.612541602873627 ] } },
{ "type": "Feature", "properties": { "max_height": 8.3997573852539062, "mean_height": 1.2578126192092896, "std_height": 1.9937292337417603, "count_pixels": 43, "percent_cover": 0.025794067364506162, "percent_above_0.1m": 46.511627906976742, "low_level_<0.5": 4.6511627906976747, "mid_level_0.5-2": 18.604651162790699, "tall_2+": 23.255813953488371 }, "geometry": { "type": "Point", "coordinates": [ -0.232811756518793, 51.612538592216694 ] } },
{ "type": "Feature", "properties": { "max_height": 7.1300048828125, "mean_height": 2.5940618515014648, "std_height": 1.9843751192092896, "count_pixels": 44, "percent_cover": 0.026393929396238865, "percent_above_0.1m": 93.181818181818173, "low_level_<0.5": 4.5454545454545459, "mid_level_0.5-2": 36.363636363636367, "tall_2+": 52.272727272727273 }, "geometry": { "type": "Point", "coordinates": [ -0.23261173724528, 51.612535581219099 ] } },
{ "type": "Feature", "properties": { "max_height": 7.1432571411132812, "mean_height": 2.6521444320678711, "std_height": 1.3804200887680054, "count_pixels": 43, "percent_cover": 0.025794067364506162, "percent_above_0.1m": 100.0, "low_level_<0.5": 0.0, "mid_level_0.5-2": 44.186046511627907, "tall_2+": 55.813953488372093 }, "geometry": { "type": "Point", "coordinates": [ -0.232411718006885, 51.612532569880877 ] } },
{ "type": "Feature", "properties": { "max_height": 6.0002517700195312, "mean_height": 0.94318032264709473, "std_height": 1.4200261831283569, "count_pixels": 43, "percent_cover": 0.025794067364506162, "percent_above_0.1m": 55.813953488372093, "low_level_<0.5": 11.627906976744185, "mid_level_0.5-2": 25.581395348837212, "tall_2+": 18.604651162790699 }, "geometry": { "type": "Point", "coordinates": [ -0.232211698803617, 51.612529558202013 ] } },
{ "type": "Feature", "properties": { "max_height": 2.303497314453125, "mean_height": 0.80380231142044067, "std_height": 0.75324100255966187, "count_pixels": 42, "percent_cover": 0.025194205332773459, "percent_above_0.1m": 69.047619047619051, "low_level_<0.5": 9.5238095238095237, "mid_level_0.5-2": 42.857142857142854, "tall_2+": 11.904761904761903 }, "geometry": { "type": "Point", "coordinates": [ -0.232011679635477, 51.612526546182501 ] } },
{ "type": "Feature", "properties": { "max_height": 4.8315048217773438, "mean_height": 0.97910070419311523, "std_height": 1.171961784362793, "count_pixels": 42, "percent_cover": 0.025194205332773459, "percent_above_0.1m": 61.904761904761905, "low_level_<0.5": 4.7619047619047619, "mid_level_0.5-2": 28.571428571428569, "tall_2+": 23.809523809523807 }, "geometry": { "type": "Point", "coordinates": [ -0.231811660502471, 51.612523533822348 ] } },
{ "type": "Feature", "properties": { "max_height": 9.9122543334960938, "mean_height": 2.0929265022277832, "std_height": 2.3301212787628174, "count_pixels": 41, "percent_cover": 0.024594343301040763, "percent_above_0.1m": 80.487804878048792, "low_level_<0.5": 4.8780487804878048, "mid_level_0.5-2": 41.463414634146339, "tall_2+": 34.146341463414636 }, "geometry": { "type": "Point", "coordinates": [ -0.2316116414046, 51.612520521121567 ] } },
{ "type": "Feature", "properties": { "max_height": 6.2452545166015625, "mean_height": 1.6968419551849365, "std_height": 1.7749985456466675, "count_pixels": 40, "percent_cover": 0.02399448126930806, "percent_above_0.1m": 82.5, "low_level_<0.5": 20.0, "mid_level_0.5-2": 30.0, "tall_2+": 30.0 }, "geometry": { "type": "Point", "coordinates": [ -0.231411622341871, 51.612517508080124 ] } },
{ "type": "Feature", "properties": { "max_height": 6.8610076904296875, "mean_height": 1.4048364162445068, "std_height": 1.7516019344329834, "count_pixels": 36, "percent_cover": 0.021595033142377252, "percent_above_0.1m": 72.222222222222214, "low_level_<0.5": 11.111111111111111, "mid_level_0.5-2": 30.555555555555557, "tall_2+": 25.0 }, "geometry": { "type": "Point", "coordinates": [ -0.23121160331429, 51.612514494698061 ] } },
{ "type": "Feature", "properties": { "max_height": 3.5747528076171875, "mean_height": 0.97872257232666016, "std_height": 0.72555166482925415, "count_pixels": 40, "percent_cover": 0.02399448126930806, "percent_above_0.1m": 95.0, "low_level_<0.5": 22.5, "mid_level_0.5-2": 67.5, "tall_2+": 5.0 }, "geometry": { "type": "Point", "coordinates": [ -0.231011584321854, 51.612511480975343 ] } },
{ "type": "Feature", "properties": { "max_height": 1.01300048828125, "mean_height": 0.10921571403741837, "std_height": 0.21080802381038666, "count_pixels": 41, "percent_cover": 0.024594343301040763, "percent_above_0.1m": 29.268292682926827, "low_level_<0.5": 17.073170731707318, "mid_level_0.5-2": 4.8780487804878048, "tall_2+": 0.0 }, "geometry": { "type": "Point", "coordinates": [ -0.230811565364571, 51.612508466911983 ] } },
{ "type": "Feature", "properties": { "max_height": 1.5914993286132812, "mean_height": 0.57893043756484985, "std_height": 0.36360263824462891, "count_pixels": 42, "percent_cover": 0.025194205332773459, "percent_above_0.1m": 90.476190476190482, "low_level_<0.5": 28.571428571428569, "mid_level_0.5-2": 57.142857142857139, "tall_2+": 0.0 }, "geometry": { "type": "Point", "coordinates": [ -0.230611546442451, 51.612505452507996 ] } },
{ "type": "Feature", "properties": { "max_height": 6.7614974975585938, "mean_height": 3.5873093605041504, "std_height": 1.6894381046295166, "count_pixels": 42, "percent_cover": 0.025194205332773459, "percent_above_0.1m": 100.0, "low_level_<0.5": 0.0, "mid_level_0.5-2": 28.571428571428569, "tall_2+": 71.428571428571431 }, "geometry": { "type": "Point", "coordinates": [ -0.230411527555485, 51.612502437763368 ] } },
{ "type": "Feature", "properties": { "max_height": 5.5499954223632812, "mean_height": 1.4928929805755615, "std_height": 1.0002106428146362, "count_pixels": 42, "percent_cover": 0.025194205332773459, "percent_above_0.1m": 97.61904761904762, "low_level_<0.5": 2.3809523809523809, "mid_level_0.5-2": 73.80952380952381, "tall_2+": 21.428571428571427 }, "geometry": { "type": "Point", "coordinates": [ -0.230211508703688, 51.612499422678106 ] } },
{ "type": "Feature", "properties": { "max_height": 0.42350006103515625, "mean_height": 0.0353546142578125, "std_height": 0.11096984148025513, "count_pixels": 43, "percent_cover": 0.025794067364506162, "percent_above_0.1m": 9.3023255813953494, "low_level_<0.5": 9.3023255813953494, "mid_level_0.5-2": 0.0, "tall_2+": 0.0 }, "geometry": { "type": "Point", "coordinates": [ -0.230011489887058, 51.612496407252181 ] } },
{ "type": "Feature", "properties": { "max_height": 0.00275421142578125, "mean_height": -0.00017616966215427965, "std_height": 0.0011031412286683917, "count_pixels": 44, "percent_cover": 0.026393929396238865, "percent_above_0.1m": 0.0, "low_level_<0.5": 0.0, "mid_level_0.5-2": 0.0, "tall_2+": 0.0 }, "geometry": { "type": "Point", "coordinates": [ -0.229811471105601, 51.612493391485636 ] } },
{ "type": "Feature", "properties": { "max_height": 0.00225067138671875, "mean_height": -9.953698463505134e-05, "std_height": 0.0011844714172184467, "count_pixels": 43, "percent_cover": 0.025794067364506162, "percent_above_0.1m": 0.0, "low_level_<0.5": 0.0, "mid_level_0.5-2": 0.0, "tall_2+": 0.0 }, "geometry": { "type": "Point", "coordinates": [ -0.229611452359321, 51.612490375378449 ] } },
{ "type": "Feature", "properties": { "max_height": 0.00274658203125, "mean_height": 0.0001454907760489732, "std_height": 0.0011461802059784532, "count_pixels": 43, "percent_cover": 0.025794067364506162, "percent_above_0.1m": 0.0, "low_level_<0.5": 0.0, "mid_level_0.5-2": 0.0, "tall_2+": 0.0 }, "geometry": { "type": "Point", "coordinates": [ -0.229411433648224, 51.612487358930629 ] } },
{ "type": "Feature", "properties": { "max_height": 0.001495361328125, "mean_height": -0.00011898222146555781, "std_height": 0.0012016086839139462, "count_pixels": 42, "percent_cover": 0.025194205332773459, "percent_above_0.1m": 0.0, "low_level_<0.5": 0.0, "mid_level_0.5-2": 0.0, "tall_2+": 0.0 }, "geometry": { "type": "Point", "coordinates": [ -0.229211414972308, 51.612484342142153 ] } },
{ "type": "Feature", "properties": { "max_height": 0.00099945068359375, "mean_height": -0.00021998088050168008, "std_height": 0.00090317783178761601, "count_pixels": 42, "percent_cover": 0.025194205332773459, "percent_above_0.1m": 0.0, "low_level_<0.5": 0.0, "mid_level_0.5-2": 0.0, "tall_2+": 0.0 }, "geometry": { "type": "Point", "coordinates": [ -0.229011396331583, 51.61248132501305 ] } },
{ "type": "Feature", "properties": { "max_height": 0.0045013427734375, "mean_height": -0.00011537133104866371, "std_height": 0.001404976355843246, "count_pixels": 41, "percent_cover": 0.024594343301040763, "percent_above_0.1m": 0.0, "low_level_<0.5": 0.0, "mid_level_0.5-2": 0.0, "tall_2+": 0.0 }, "geometry": { "type": "Point", "coordinates": [ -0.228811377726054, 51.612478307543306 ] } },
{ "type": "Feature", "properties": { "max_height": 4.2110061645507812, "mean_height": 0.83270055055618286, "std_height": 1.297661304473877, "count_pixels": 40, "percent_cover": 0.02399448126930806, "percent_above_0.1m": 47.5, "low_level_<0.5": 12.5, "mid_level_0.5-2": 15.0, "tall_2+": 20.0 }, "geometry": { "type": "Point", "coordinates": [ -0.228611359155717, 51.612475289732906 ] } },
{ "type": "Feature", "properties": { "max_height": 10.672500610351562, "mean_height": 3.1027359962463379, "std_height": 2.7046215534210205, "count_pixels": 36, "percent_cover": 0.021595033142377252, "percent_above_0.1m": 80.555555555555557, "low_level_<0.5": 8.3333333333333321, "mid_level_0.5-2": 11.111111111111111, "tall_2+": 61.111111111111114 }, "geometry": { "type": "Point", "coordinates": [ -0.228411340620583, 51.6124722715819 ] } },
{ "type": "Feature", "properties": { "max_height": 5.6502532958984375, "mean_height": 1.1771005392074585, "std_height": 1.5998274087905884, "count_pixels": 40, "percent_cover": 0.02399448126930806, "percent_above_0.1m": 55.000000000000007, "low_level_<0.5": 7.5, "mid_level_0.5-2": 25.0, "tall_2+": 22.5 }, "geometry": { "type": "Point", "coordinates": [ -0.228211322120655, 51.612469253090225 ] } },
{ "type": "Feature", "properties": { "max_height": 0.00174713134765625, "mean_height": -0.00032955262577161193, "std_height": 0.0013964249519631267, "count_pixels": 41, "percent_cover": 0.024594343301040763, "percent_above_0.1m": 0.0, "low_level_<0.5": 0.0, "mid_level_0.5-2": 0.0, "tall_2+": 0.0 }, "geometry": { "type": "Point", "coordinates": [ -0.228011303655929, 51.612466234257944 ] } },
{ "type": "Feature", "properties": { "max_height": 0.00374603271484375, "mean_height": -0.0001489548449171707, "std_height": 0.0017488194862380624, "count_pixels": 42, "percent_cover": 0.025194205332773459, "percent_above_0.1m": 0.0, "low_level_<0.5": 0.0, "mid_level_0.5-2": 0.0, "tall_2+": 0.0 }, "geometry": { "type": "Point", "coordinates": [ -0.227811285226425, 51.612463215084993 ] } },
{ "type": "Feature", "properties": { "max_height": 0.00550079345703125, "mean_height": -0.00033987135975621641, "std_height": 0.0017786452081054449, "count_pixels": 42, "percent_cover": 0.025194205332773459, "percent_above_0.1m": 0.0, "low_level_<0.5": 0.0, "mid_level_0.5-2": 0.0, "tall_2+": 0.0 }, "geometry": { "type": "Point", "coordinates": [ -0.227611266832134, 51.61246019557143 ] } },
{ "type": "Feature", "properties": { "max_height": 0.774505615234375, "mean_height": 0.10192907601594925, "std_height": 0.18900005519390106, "count_pixels": 42, "percent_cover": 0.025194205332773459, "percent_above_0.1m": 30.952380952380953, "low_level_<0.5": 19.047619047619047, "mid_level_0.5-2": 7.1428571428571423, "tall_2+": 0.0 }, "geometry": { "type": "Point", "coordinates": [ -0.227411248473063, 51.612457175717218 ] } },
{ "type": "Feature", "properties": { "max_height": 5.5595016479492188, "mean_height": 1.1621569395065308, "std_height": 1.5966929197311401, "count_pixels": 43, "percent_cover": 0.025794067364506162, "percent_above_0.1m": 48.837209302325576, "low_level_<0.5": 4.6511627906976747, "mid_level_0.5-2": 16.279069767441861, "tall_2+": 25.581395348837212 }, "geometry": { "type": "Point", "coordinates": [ -0.227211230149216, 51.612454155522371 ] } },
{ "type": "Feature", "properties": { "max_height": 6.6842498779296875, "mean_height": 0.55494862794876099, "std_height": 1.318561315536499, "count_pixels": 44, "percent_cover": 0.026393929396238865, "percent_above_0.1m": 22.727272727272727, "low_level_<0.5": 2.2727272727272729, "mid_level_0.5-2": 9.0909090909090917, "tall_2+": 11.363636363636363 }, "geometry": { "type": "Point", "coordinates": [ -0.227011211860597, 51.612451134986898 ] } },
{ "type": "Feature", "properties": { "max_height": 0.30425262451171875, "mean_height": 0.0086167799308896065, "std_height": 0.045889765024185181, "count_pixels": 43, "percent_cover": 0.025794067364506162, "percent_above_0.1m": 2.3255813953488373, "low_level_<0.5": 2.3255813953488373, "mid_level_0.5-2": 0.0, "tall_2+": 0.0 }, "geometry": { "type": "Point", "coordinates": [ -0.226811193607214, 51.612448114110755 ] } },
{ "type": "Feature", "properties": { "max_height": 0.1425018310546875, "mean_height": 0.0074592414312064648, "std_height": 0.024529878050088882, "count_pixels": 43, "percent_cover": 0.025794067364506162, "percent_above_0.1m": 2.3255813953488373, "low_level_<0.5": 0.0, "mid_level_0.5-2": 0.0, "tall_2+": 0.0 }, "geometry": { "type": "Point", "coordinates": [ -0.226611175389067, 51.612445092893999 ] } },
{ "type": "Feature", "properties": { "max_height": 0.7657470703125, "mean_height": 0.0273869838565588, "std_height": 0.12571589648723602, "count_pixels": 42, "percent_cover": 0.025194205332773459, "percent_above_0.1m": 4.7619047619047619, "low_level_<0.5": 2.3809523809523809, "mid_level_0.5-2": 2.3809523809523809, "tall_2+": 0.0 }, "geometry": { "type": "Point", "coordinates": [ -0.226411157206157, 51.612442071336588 ] } },
{ "type": "Feature", "properties": { "max_height": 0.0034942626953125, "mean_height": 8.2651771663222462e-05, "std_height": 0.0010415130527690053, "count_pixels": 42, "percent_cover": 0.025194205332773459, "percent_above_0.1m": 0.0, "low_level_<0.5": 0.0, "mid_level_0.5-2": 0.0, "tall_2+": 0.0 }, "geometry": { "type": "Point", "coordinates": [ -0.226211139058493, 51.612439049438557 ] } },
{ "type": "Feature", "properties": { "max_height": 0.00774383544921875, "mean_height": 1.2281464478292037e-05, "std_height": 0.0019105360843241215, "count_pixels": 41, "percent_cover": 0.024594343301040763, "percent_above_0.1m": 0.0, "low_level_<0.5": 0.0, "mid_level_0.5-2": 0.0, "tall_2+": 0.0 }, "geometry": { "type": "Point", "coordinates": [ -0.226011120946081, 51.612436027199905 ] } },
{ "type": "Feature", "properties": { "max_height": 6.6622467041015625, "mean_height": 2.3104696273803711, "std_height": 2.0518810749053955, "count_pixels": 40, "percent_cover": 0.02399448126930806, "percent_above_0.1m": 75.0, "low_level_<0.5": 0.0, "mid_level_0.5-2": 15.0, "tall_2+": 55.000000000000007 }, "geometry": { "type": "Point", "coordinates": [ -0.225811102868918, 51.612433004620584 ] } },
{ "type": "Feature", "properties": { "max_height": 5.5787506103515625, "mean_height": 0.91696637868881226, "std_height": 1.439232349395752, "count_pixels": 44, "percent_cover": 0.026393929396238865, "percent_above_0.1m": 45.454545454545453, "low_level_<0.5": 2.2727272727272729, "mid_level_0.5-2": 25.0, "tall_2+": 18.181818181818183 }, "geometry": { "type": "Point", "coordinates": [ -0.236708033110491, 51.612705038405792 ] } },
{ "type": "Feature", "properties": { "max_height": 9.90350341796875, "mean_height": 2.243715763092041, "std_height": 2.8722445964813232, "count_pixels": 43, "percent_cover": 0.025794067364506162, "percent_above_0.1m": 60.465116279069761, "low_level_<0.5": 11.627906976744185, "mid_level_0.5-2": 6.9767441860465116, "tall_2+": 41.860465116279073 }, "geometry": { "type": "Point", "coordinates": [ -0.236508004775039, 51.612702038851339 ] } },
{ "type": "Feature", "properties": { "max_height": 0.03275299072265625, "mean_height": 0.00087501888629049063, "std_height": 0.0051943492144346237, "count_pixels": 42, "percent_cover": 0.025194205332773459, "percent_above_0.1m": 0.0, "low_level_<0.5": 0.0, "mid_level_0.5-2": 0.0, "tall_2+": 0.0 }, "geometry": { "type": "Point", "coordinates": [ -0.23630797647702, 51.612699038956031 ] } },
{ "type": "Feature", "properties": { "max_height": 0.0019989013671875, "mean_height": -0.00011353266017977148, "std_height": 0.0008863573893904686, "count_pixels": 42, "percent_cover": 0.025194205332773459, "percent_above_0.1m": 0.0, "low_level_<0.5": 0.0, "mid_level_0.5-2": 0.0, "tall_2+": 0.0 }, "geometry": { "type": "Point", "coordinates": [ -0.236107948216439, 51.612696038719903 ] } },
{ "type": "Feature", "properties": { "max_height": 0.290252685546875, "mean_height": 0.027601333335042, "std_height": 0.072087980806827545, "count_pixels": 42, "percent_cover": 0.025194205332773459, "percent_above_0.1m": 11.904761904761903, "low_level_<0.5": 9.5238095238095237, "mid_level_0.5-2": 0.0, "tall_2+": 0.0 }, "geometry": { "type": "Point", "coordinates": [ -0.235907919993296, 51.612693038142908 ] } },
{ "type": "Feature", "properties": { "max_height": 0.25899505615234375, "mean_height": 0.0071277152746915817, "std_height": 0.040058121085166931, "count_pixels": 41, "percent_cover": 0.024594343301040763, "percent_above_0.1m": 2.4390243902439024, "low_level_<0.5": 2.4390243902439024, "mid_level_0.5-2": 0.0, "tall_2+": 0.0 }, "geometry": { "type": "Point", "coordinates": [ -0.235707891807602, 51.612690037225086 ] } },
{ "type": "Feature", "properties": { "max_height": 0.00249481201171875, "mean_height": -9.4032286142464727e-05, "std_height": 0.0010195014765486121, "count_pixels": 40, "percent_cover": 0.02399448126930806, "percent_above_0.1m": 0.0, "low_level_<0.5": 0.0, "mid_level_0.5-2": 0.0, "tall_2+": 0.0 }, "geometry": { "type": "Point", "coordinates": [ -0.235507863659357, 51.612687035966431 ] } },
{ "type": "Feature", "properties": { "max_height": 0.0032501220703125, "mean_height": -1.0596381798677612e-06, "std_height": 0.001105025177821517, "count_pixels": 36, "percent_cover": 0.021595033142377252, "percent_above_0.1m": 0.0, "low_level_<0.5": 0.0, "mid_level_0.5-2": 0.0, "tall_2+": 0.0 }, "geometry": { "type": "Point", "coordinates": [ -0.235307835548567, 51.612684034366922 ] } },
{ "type": "Feature", "properties": { "max_height": 0.0019989013671875, "mean_height": -6.7361972469370812e-05, "std_height": 0.0015304764965549111, "count_pixels": 41, "percent_cover": 0.024594343301040763, "percent_above_0.1m": 0.0, "low_level_<0.5": 0.0, "mid_level_0.5-2": 0.0, "tall_2+": 0.0 }, "geometry": { "type": "Point", "coordinates": [ -0.235107807475238, 51.612681032426558 ] } },
{ "type": "Feature", "properties": { "max_height": 0.00249481201171875, "mean_height": 0.0001337935245828703, "std_height": 0.001065608230419457, "count_pixels": 41, "percent_cover": 0.024594343301040763, "percent_above_0.1m": 0.0, "low_level_<0.5": 0.0, "mid_level_0.5-2": 0.0, "tall_2+": 0.0 }, "geometry": { "type": "Point", "coordinates": [ -0.234907781172757, 51.612678029606066 ] } },
{ "type": "Feature", "properties": { "max_height": 0.00350189208984375, "mean_height": 0.00019781930313911289, "std_height": 0.0012208421248942614, "count_pixels": 42, "percent_cover": 0.025194205332773459, "percent_above_0.1m": 0.0, "low_level_<0.5": 0.0, "mid_level_0.5-2": 0.0, "tall_2+": 0.0 }, "geometry": { "type": "Point", "coordinates": [ -0.234707759290838, 51.612675022728048 ] } },
{ "type": "Feature", "properties": { "max_height": 0.00275421142578125, "mean_height": 0.00011244274355703965, "std_height": 0.00090533599723130465, "count_pixels": 42, "percent_cover": 0.025194205332773459, "percent_above_0.1m": 0.0, "low_level_<0.5": 0.0, "mid_level_0.5-2": 0.0, "tall_2+": 0.0 }, "geometry": { "type": "Point", "coordinates": [ -0.234507739204897, 51.612672014954768 ] } },
{ "type": "Feature", "properties": { "max_height": 0.00250244140625, "mean_height": -1.4194222330843331e-06, "std_height": 0.0007037922041490674, "count_pixels": 43, "percent_cover": 0.025794067364506162, "percent_above_0.1m": 0.0, "low_level_<0.5": 0.0, "mid_level_0.5-2": 0.0, "tall_2+": 0.0 }, "geometry": { "type": "Point", "coordinates": [ -0.234307719154031, 51.612669006840868 ] } },
{ "type": "Feature", "properties": { "max_height": 6.240753173828125, "mean_height": 0.64846521615982056, "std_height": 1.6052840948104858, "count_pixels": 44, "percent_cover": 0.026393929396238865, "percent_above_0.1m": 20.454545454545457, "low_level_<0.5": 4.5454545454545459, "mid_level_0.5-2": 2.2727272727272729, "tall_2+": 13.636363636363635 }, "geometry": { "type": "Point", "coordinates": [ -0.234107699138255, 51.612665998386305 ] } },
{ "type": "Feature", "properties": { "max_height": 12.857002258300781, "mean_height": 0.74084490537643433, "std_height": 2.2891478538513184, "count_pixels": 44, "percent_cover": 0.026393929396238865, "percent_above_0.1m": 20.454545454545457, "low_level_<0.5": 4.5454545454545459, "mid_level_0.5-2": 4.5454545454545459, "tall_2+": 11.363636363636363 }, "geometry": { "type": "Point", "coordinates": [ -0.233907679157577, 51.612662989591115 ] } },
{ "type": "Feature", "properties": { "max_height": 0.1372528076171875, "mean_height": 0.010051283985376358, "std_height": 0.022541115060448647, "count_pixels": 43, "percent_cover": 0.025794067364506162, "percent_above_0.1m": 2.3255813953488373, "low_level_<0.5": 0.0, "mid_level_0.5-2": 0.0, "tall_2+": 0.0 }, "geometry": { "type": "Point", "coordinates": [ -0.23370765921199, 51.612659980455263 ] } },
{ "type": "Feature", "properties": { "max_height": 0.01525115966796875, "mean_height": -0.0002099900011671707, "std_height": 0.0034139510244131088, "count_pixels": 42, "percent_cover": 0.025194205332773459, "percent_above_0.1m": 0.0, "low_level_<0.5": 0.0, "mid_level_0.5-2": 0.0, "tall_2+": 0.0 }, "geometry": { "type": "Point", "coordinates": [ -0.233507639301501, 51.612656970978769 ] } },
{ "type": "Feature", "properties": { "max_height": 0.01700592041015625, "mean_height": 0.00045830864110030234, "std_height": 0.0031686900183558464, "count_pixels": 42, "percent_cover": 0.025194205332773459, "percent_above_0.1m": 0.0, "low_level_<0.5": 0.0, "mid_level_0.5-2": 0.0, "tall_2+": 0.0 }, "geometry": { "type": "Point", "coordinates": [ -0.233307619426118, 51.612653961161655 ] } },
{ "type": "Feature", "properties": { "max_height": 0.47725677490234375, "mean_height": 0.026100704446434975, "std_height": 0.095569156110286713, "count_pixels": 42, "percent_cover": 0.025194205332773459, "percent_above_0.1m": 7.1428571428571423, "low_level_<0.5": 4.7619047619047619, "mid_level_0.5-2": 0.0, "tall_2+": 0.0 }, "geometry": { "type": "Point", "coordinates": [ -0.233107599585843, 51.612650951003879 ] } },
{ "type": "Feature", "properties": { "max_height": 0.55800628662109375, "mean_height": 0.02539416030049324, "std_height": 0.10484220832586288, "count_pixels": 41, "percent_cover": 0.024594343301040763, "percent_above_0.1m": 4.8780487804878048, "low_level_<0.5": 2.4390243902439024, "mid_level_0.5-2": 2.4390243902439024, "tall_2+": 0.0 }, "geometry": { "type": "Point", "coordinates": [ -0.232907579780681, 51.612647940505461 ] } },
{ "type": "Feature", "properties": { "max_height": 6.001251220703125, "mean_height": 0.50789278745651245, "std_height": 1.2825500965118408, "count_pixels": 40, "percent_cover": 0.02399448126930806, "percent_above_0.1m": 30.0, "low_level_<0.5": 7.5, "mid_level_0.5-2": 12.5, "tall_2+": 7.5 }, "geometry": { "type": "Point", "coordinates": [ -0.23270756001063, 51.612644929666402 ] } },
{ "type": "Feature", "properties": { "max_height": 8.4572601318359375, "mean_height": 3.5240964889526367, "std_height": 2.399578332901001, "count_pixels": 36, "percent_cover": 0.021595033142377252, "percent_above_0.1m": 91.666666666666657, "low_level_<0.5": 2.7777777777777777, "mid_level_0.5-2": 22.222222222222221, "tall_2+": 66.666666666666657 }, "geometry": { "type": "Point", "coordinates": [ -0.232507540275701, 51.612641918486702 ] } },
{ "type": "Feature", "properties": { "max_height": 6.4797515869140625, "mean_height": 2.513096809387207, "std_height": 1.342837929725647, "count_pixels": 41, "percent_cover": 0.024594343301040763, "percent_above_0.1m": 100.0, "low_level_<0.5": 0.0, "mid_level_0.5-2": 46.341463414634148, "tall_2+": 53.658536585365859 }, "geometry": { "type": "Point", "coordinates": [ -0.232307520575894, 51.61263890696636 ] } },
{ "type": "Feature", "properties": { "max_height": 2.4767608642578125, "mean_height": 0.56785213947296143, "std_height": 0.69969743490219116, "count_pixels": 41, "percent_cover": 0.024594343301040763, "percent_above_0.1m": 56.09756097560976, "low_level_<0.5": 14.634146341463413, "mid_level_0.5-2": 31.707317073170731, "tall_2+": 7.3170731707317067 }, "geometry": { "type": "Point", "coordinates": [ -0.232107500911217, 51.61263589510537 ] } },
{ "type": "Feature", "properties": { "max_height": 1.8779983520507812, "mean_height": 0.19015412032604218, "std_height": 0.42371237277984619, "count_pixels": 42, "percent_cover": 0.025194205332773459, "percent_above_0.1m": 28.571428571428569, "low_level_<0.5": 14.285714285714285, "mid_level_0.5-2": 11.904761904761903, "tall_2+": 0.0 }, "geometry": { "type": "Point", "coordinates": [ -0.231907481281671, 51.612632882903725 ] } },
{ "type": "Feature", "properties": { "max_height": 5.0550079345703125, "mean_height": 0.76427185535430908, "std_height": 1.2699214220046997, "count_pixels": 42, "percent_cover": 0.025194205332773459, "percent_above_0.1m": 59.523809523809526, "low_level_<0.5": 16.666666666666664, "mid_level_0.5-2": 21.428571428571427, "tall_2+": 14.285714285714285 }, "geometry": { "type": "Point", "coordinates": [ -0.231707461687259, 51.612629870361467 ] } },
{ "type": "Feature", "properties": { "max_height": 2.5710067749023438, "mean_height": 0.4756244421005249, "std_height": 0.54762518405914307, "count_pixels": 43, "percent_cover": 0.025794067364506162, "percent_above_0.1m": 60.465116279069761, "low_level_<0.5": 20.930232558139537, "mid_level_0.5-2": 37.209302325581397, "tall_2+": 2.3255813953488373 }, "geometry": { "type": "Point", "coordinates": [ -0.231507442127986, 51.61262685747856 ] } },
{ "type": "Feature", "properties": { "max_height": 13.961746215820312, "mean_height": 3.9951887130737305, "std_height": 3.2081542015075684, "count_pixels": 44, "percent_cover": 0.026393929396238865, "percent_above_0.1m": 95.454545454545453, "low_level_<0.5": 6.8181818181818175, "mid_level_0.5-2": 22.727272727272727, "tall_2+": 65.909090909090907 }, "geometry": { "type": "Point", "coordinates": [ -0.231307422603858, 51.612623844255012 ] } },
{ "type": "Feature", "properties": { "max_height": 9.1037445068359375, "mean_height": 1.300323486328125, "std_height": 1.7431893348693848, "count_pixels": 44, "percent_cover": 0.026393929396238865, "percent_above_0.1m": 86.36363636363636, "low_level_<0.5": 27.27272727272727, "mid_level_0.5-2": 34.090909090909086, "tall_2+": 22.727272727272727 }, "geometry": { "type": "Point", "coordinates": [ -0.231107403114876, 51.612620830690815 ] } },
{ "type": "Feature", "properties": { "max_height": 1.456756591796875, "mean_height": 0.27872645854949951, "std_height": 0.39912125468254089, "count_pixels": 43, "percent_cover": 0.025794067364506162, "percent_above_0.1m": 39.534883720930232, "low_level_<0.5": 9.3023255813953494, "mid_level_0.5-2": 30.232558139534881, "tall_2+": 0.0 }, "geometry": { "type": "Point", "coordinates": [ -0.230907383661046, 51.612617816785978 ] } },
{ "type": "Feature", "properties": { "max_height": 1.2885055541992188, "mean_height": 0.11573191732168198, "std_height": 0.24736097455024719, "count_pixels": 42, "percent_cover": 0.025194205332773459, "percent_above_0.1m": 26.190476190476193, "low_level_<0.5": 21.428571428571427, "mid_level_0.5-2": 4.7619047619047619, "tall_2+": 0.0 }, "geometry": { "type": "Point", "coordinates": [ -0.230707364242373, 51.612614802540506 ] } },
{ "type": "Feature", "properties": { "max_height": 4.3487472534179688, "mean_height": 0.86487472057342529, "std_height": 0.88446247577667236, "count_pixels": 42, "percent_cover": 0.025194205332773459, "percent_above_0.1m": 80.952380952380949, "low_level_<0.5": 21.428571428571427, "mid_level_0.5-2": 50.0, "tall_2+": 7.1428571428571423 }, "geometry": { "type": "Point", "coordinates": [ -0.230507344858856, 51.612611787954386 ] } },
{ "type": "Feature", "properties": { "max_height": 11.682998657226562, "mean_height": 5.8943514823913574, "std_height": 2.8824570178985596, "count_pixels": 42, "percent_cover": 0.025194205332773459, "percent_above_0.1m": 100.0, "low_level_<0.5": 0.0, "mid_level_0.5-2": 7.1428571428571423, "tall_2+": 90.476190476190482 }, "geometry": { "type": "Point", "coordinates": [ -0.230307325510505, 51.612608773027617 ] } },
{ "type": "Feature", "properties": { "max_height": 1.9144973754882812, "mean_height": 0.49987736344337463, "std_height": 0.50194895267486572, "count_pixels": 41, "percent_cover": 0.024594343301040763, "percent_above_0.1m": 63.414634146341463, "low_level_<0.5": 17.073170731707318, "mid_level_0.5-2": 43.902439024390247, "tall_2+": 0.0 }, "geometry": { "type": "Point", "coordinates": [ -0.230107306197318, 51.612605757760207 ] } },
{ "type": "Feature", "properties": { "max_height": 0.00275421142578125, "mean_height": -0.00033073424128815532, "std_height": 0.0012800585245713592, "count_pixels": 40, "percent_cover": 0.02399448126930806, "percent_above_0.1m": 0.0, "low_level_<0.5": 0.0, "mid_level_0.5-2": 0.0, "tall_2+": 0.0 }, "geometry": { "type": "Point", "coordinates": [ -0.229907286919308, 51.61260274215217 ] } },
{ "type": "Feature", "properties": { "max_height": 0.0047454833984375, "mean_height": -0.00038888718700036407, "std_height": 0.0018196123419329524, "count_pixels": 36, "percent_cover": 0.021595033142377252, "percent_above_0.1m": 0.0, "low_level_<0.5": 0.0, "mid_level_0.5-2": 0.0, "tall_2+": 0.0 }, "geometry": { "type": "Point", "coordinates": [ -0.229707267676469, 51.612599726203499 ] } },
{ "type": "Feature", "properties": { "max_height": 0.00150299072265625, "mean_height": -0.00025586385163478553, "std_height": 0.00070886226603761315, "count_pixels": 41, "percent_cover": 0.024594343301040763, "percent_above_0.1m": 0.0, "low_level_<0.5": 0.0, "mid_level_0.5-2": 0.0, "tall_2+": 0.0 }, "geometry": { "type": "Point", "coordinates": [ -0.229507248468808, 51.612596709914172 ] } },
{ "type": "Feature", "properties": { "max_height": 0.00225067138671875, "mean_height": -0.00024972311803139746, "std_height": 0.0010760686127468944, "count_pixels": 41, "percent_cover": 0.024594343301040763, "percent_above_0.1m": 0.0, "low_level_<0.5": 0.0, "mid_level_0.5-2": 0.0, "tall_2+": 0.0 }, "geometry": { "type": "Point", "coordinates": [ -0.229307229296333, 51.612593693284204 ] } },
{ "type": "Feature", "properties": { "max_height": 0.00150299072265625, "mean_height": -2.8337750336504541e-05, "std_height": 0.00097638124134391546, "count_pixels": 42, "percent_cover": 0.025194205332773459, "percent_above_0.1m": 0.0, "low_level_<0.5": 0.0, "mid_level_0.5-2": 0.0, "tall_2+": 0.0 }, "geometry": { "type": "Point", "coordinates": [ -0.22910721015904, 51.612590676313594 ] } },
{ "type": "Feature", "properties": { "max_height": 0.00750732421875, "mean_height": 0.00032806396484375, "std_height": 0.0017270147800445557, "count_pixels": 42, "percent_cover": 0.025194205332773459, "percent_above_0.1m": 0.0, "low_level_<0.5": 0.0, "mid_level_0.5-2": 0.0, "tall_2+": 0.0 }, "geometry": { "type": "Point", "coordinates": [ -0.228907191056948, 51.612587659002358 ] } },
{ "type": "Feature", "properties": { "max_height": 0.00550079345703125, "mean_height": 0.00024910859065130353, "std_height": 0.0013085628161206841, "count_pixels": 43, "percent_cover": 0.025794067364506162, "percent_above_0.1m": 0.0, "low_level_<0.5": 0.0, "mid_level_0.5-2": 0.0, "tall_2+": 0.0 }, "geometry": { "type": "Point", "coordinates": [ -0.228707171990042, 51.612584641350459 ] } },
{ "type": "Feature", "properties": { "max_height": 3.4077529907226562, "mean_height": 1.0268299579620361, "std_height": 1.0553930997848511, "count_pixels": 44, "percent_cover": 0.026393929396238865, "percent_above_0.1m": 59.090909090909093, "low_level_<0.5": 6.8181818181818175, "mid_level_0.5-2": 31.818181818181817, "tall_2+": 20.454545454545457 }, "geometry": { "type": "Point", "coordinates": [ -0.22850715295834, 51.61258162335794 ] } },
{ "type": "Feature", "properties": { "max_height": 5.3532485961914062, "mean_height": 1.7568581104278564, "std_height": 1.4272018671035767, "count_pixels": 44, "percent_cover": 0.026393929396238865, "percent_above_0.1m": 81.818181818181827, "low_level_<0.5": 0.0, "mid_level_0.5-2": 40.909090909090914, "tall_2+": 38.636363636363633 }, "geometry": { "type": "Point", "coordinates": [ -0.228307133961843, 51.612578605024787 ] } },
{ "type": "Feature", "properties": { "max_height": 2.4305038452148438, "mean_height": 0.33420899510383606, "std_height": 0.69038236141204834, "count_pixels": 43, "percent_cover": 0.025794067364506162, "percent_above_0.1m": 23.255813953488371, "low_level_<0.5": 2.3255813953488373, "mid_level_0.5-2": 16.279069767441861, "tall_2+": 2.3255813953488373 }, "geometry": { "type": "Point", "coordinates": [ -0.228107115000545, 51.612575586350971 ] } },
{ "type": "Feature", "properties": { "max_height": 0.0032501220703125, "mean_height": -0.00041053409222513437, "std_height": 0.0024105559568852186, "count_pixels": 42, "percent_cover": 0.025194205332773459, "percent_above_0.1m": 0.0, "low_level_<0.5": 0.0, "mid_level_0.5-2": 0.0, "tall_2+": 0.0 }, "geometry": { "type": "Point", "coordinates": [ -0.227907096074463, 51.612572567336542 ] } },
{ "type": "Feature", "properties": { "max_height": 4.8122482299804688, "mean_height": 0.2376011461019516, "std_height": 0.8850409984588623, "count_pixels": 42, "percent_cover": 0.025194205332773459, "percent_above_0.1m": 9.5238095238095237, "low_level_<0.5": 0.0, "mid_level_0.5-2": 4.7619047619047619, "tall_2+": 4.7619047619047619 }, "geometry": { "type": "Point", "coordinates": [ -0.227707077183597, 51.612569547981444 ] } },
{ "type": "Feature", "properties": { "max_height": 0.092254638671875, "mean_height": 0.0024163383059203625, "std_height": 0.014119482599198818, "count_pixels": 42, "percent_cover": 0.025194205332773459, "percent_above_0.1m": 0.0, "low_level_<0.5": 0.0, "mid_level_0.5-2": 0.0, "tall_2+": 0.0 }, "geometry": { "type": "Point", "coordinates": [ -0.227507058327949, 51.612566528285726 ] } },
{ "type": "Feature", "properties": { "max_height": 0.2969970703125, "mean_height": 0.029152475297451019, "std_height": 0.061659421771764755, "count_pixels": 41, "percent_cover": 0.024594343301040763, "percent_above_0.1m": 7.3170731707317067, "low_level_<0.5": 7.3170731707317067, "mid_level_0.5-2": 0.0, "tall_2+": 0.0 }, "geometry": { "type": "Point", "coordinates": [ -0.227307039507521, 51.61256350824938 ] } },
{ "type": "Feature", "properties": { "max_height": 4.7154998779296875, "mean_height": 1.0065305233001709, "std_height": 1.5461412668228149, "count_pixels": 40, "percent_cover": 0.02399448126930806, "percent_above_0.1m": 47.5, "low_level_<0.5": 12.5, "mid_level_0.5-2": 12.5, "tall_2+": 22.5 }, "geometry": { "type": "Point", "coordinates": [ -0.227107020722324, 51.612560487872379 ] } },
{ "type": "Feature", "properties": { "max_height": 6.207244873046875, "mean_height": 0.35011863708496094, "std_height": 1.1703369617462158, "count_pixels": 36, "percent_cover": 0.021595033142377252, "percent_above_0.1m": 13.888888888888889, "low_level_<0.5": 0.0, "mid_level_0.5-2": 8.3333333333333321, "tall_2+": 5.5555555555555554 }, "geometry": { "type": "Point", "coordinates": [ -0.226907001972357, 51.612557467154737 ] } },
{ "type": "Feature", "properties": { "max_height": 0.01674652099609375, "mean_height": 0.00078619981650263071, "std_height": 0.0031824866309762001, "count_pixels": 41, "percent_cover": 0.024594343301040763, "percent_above_0.1m": 0.0, "low_level_<0.5": 0.0, "mid_level_0.5-2": 0.0, "tall_2+": 0.0 }, "geometry": { "type": "Point", "coordinates": [ -0.226706983257626, 51.612554446096446 ] } },
{ "type": "Feature", "properties": { "max_height": 0.006500244140625, "mean_height": -0.00029866289696656168, "std_height": 0.0019537010230123997, "count_pixels": 41, "percent_cover": 0.024594343301040763, "percent_above_0.1m": 0.0, "low_level_<0.5": 0.0, "mid_level_0.5-2": 0.0, "tall_2+": 0.0 }, "geometry": { "type": "Point", "coordinates": [ -0.226506964578129, 51.612551424697543 ] } },
{ "type": "Feature", "properties": { "max_height": 1.80975341796875, "mean_height": 0.042869023978710175, "std_height": 0.27594596147537231, "count_pixels": 42, "percent_cover": 0.025194205332773459, "percent_above_0.1m": 2.3809523809523809, "low_level_<0.5": 0.0, "mid_level_0.5-2": 2.3809523809523809, "tall_2+": 0.0 }, "geometry": { "type": "Point", "coordinates": [ -0.22630694593388, 51.612548402958005 ] } },
{ "type": "Feature", "properties": { "max_height": 0.00499725341796875, "mean_height": 0.00033878145040944219, "std_height": 0.0011859978549182415, "count_pixels": 42, "percent_cover": 0.025194205332773459, "percent_above_0.1m": 0.0, "low_level_<0.5": 0.0, "mid_level_0.5-2": 0.0, "tall_2+": 0.0 }, "geometry": { "type": "Point", "coordinates": [ -0.226106927324879, 51.612545380877826 ] } },
{ "type": "Feature", "properties": { "max_height": 16.684005737304688, "mean_height": 7.5958380699157715, "std_height": 5.8721070289611816, "count_pixels": 43, "percent_cover": 0.025794067364506162, "percent_above_0.1m": 86.04651162790698, "low_level_<0.5": 4.6511627906976747, "mid_level_0.5-2": 4.6511627906976747, "tall_2+": 76.744186046511629 }, "geometry": { "type": "Point", "coordinates": [ -0.22590690875112, 51.612542358456984 ] } },
{ "type": "Feature", "properties": { "max_height": 6.6049957275390625, "mean_height": 1.5200874805450439, "std_height": 1.5028971433639526, "count_pixels": 40, "percent_cover": 0.02399448126930806, "percent_above_0.1m": 70.0, "low_level_<0.5": 2.5, "mid_level_0.5-2": 32.5, "tall_2+": 35.0 }, "geometry": { "type": "Point", "coordinates": [ -0.23660384158306, 51.612811381875233 ] } },
{ "type": "Feature", "properties": { "max_height": 2.0127487182617188, "mean_height": 0.18842688202857971, "std_height": 0.45181554555892944, "count_pixels": 41, "percent_cover": 0.024594343301040763, "percent_above_0.1m": 21.951219512195124, "low_level_<0.5": 9.7560975609756095, "mid_level_0.5-2": 9.7560975609756095, "tall_2+": 2.4390243902439024 }, "geometry": { "type": "Point", "coordinates": [ -0.236403812744527, 51.612808382142127 ] } },
{ "type": "Feature", "properties": { "max_height": 1.037750244140625, "mean_height": 0.033958800137042999, "std_height": 0.16306738555431366, "count_pixels": 42, "percent_cover": 0.025194205332773459, "percent_above_0.1m": 4.7619047619047619, "low_level_<0.5": 2.3809523809523809, "mid_level_0.5-2": 2.3809523809523809, "tall_2+": 0.0 }, "geometry": { "type": "Point", "coordinates": [ -0.236203783943426, 51.612805382068196 ] } },
{ "type": "Feature", "properties": { "max_height": 0.00449371337890625, "mean_height": 0.00010190690954914317, "std_height": 0.0011795414611697197, "count_pixels": 42, "percent_cover": 0.025194205332773459, "percent_above_0.1m": 0.0, "low_level_<0.5": 0.0, "mid_level_0.5-2": 0.0, "tall_2+": 0.0 }, "geometry": { "type": "Point", "coordinates": [ -0.236003755179763, 51.612802381653403 ] } },
{ "type": "Feature", "properties": { "max_height": 0.376251220703125, "mean_height": 0.0089883347973227501, "std_height": 0.057395532727241516, "count_pixels": 42, "percent_cover": 0.025194205332773459, "percent_above_0.1m": 2.3809523809523809, "low_level_<0.5": 2.3809523809523809, "mid_level_0.5-2": 0.0, "tall_2+": 0.0 }, "geometry": { "type": "Point", "coordinates": [ -0.235803726453548, 51.612799380897776 ] } },
{ "type": "Feature", "properties": { "max_height": 0.009002685546875, "mean_height": 0.0001978319778572768, "std_height": 0.0024560047313570976, "count_pixels": 43, "percent_cover": 0.025794067364506162, "percent_above_0.1m": 0.0, "low_level_<0.5": 0.0, "mid_level_0.5-2": 0.0, "tall_2+": 0.0 }, "geometry": { "type": "Point", "coordinates": [ -0.23560369776478, 51.612796379801303 ] } },
{ "type": "Feature", "properties": { "max_height": 0.0045013427734375, "mean_height": 0.00014773281873203814, "std_height": 0.0014053514460101724, "count_pixels": 44, "percent_cover": 0.026393929396238865, "percent_above_0.1m": 0.0, "low_level_<0.5": 0.0, "mid_level_0.5-2": 0.0, "tall_2+": 0.0 }, "geometry": { "type": "Point", "coordinates": [ -0.235403669113469, 51.612793378363975 ] } },
{ "type": "Feature", "properties": { "max_height": 0.003753662109375, "mean_height": 7.522937812609598e-05, "std_height": 0.0016240979311987758, "count_pixels": 43, "percent_cover": 0.025794067364506162, "percent_above_0.1m": 0.0, "low_level_<0.5": 0.0, "mid_level_0.5-2": 0.0, "tall_2+": 0.0 }, "geometry": { "type": "Point", "coordinates": [ -0.235203640499604, 51.612790376585828 ] } },
{ "type": "Feature", "properties": { "max_height": 0.006500244140625, "mean_height": 0.00011053750495193526, "std_height": 0.0017056340584531426, "count_pixels": 43, "percent_cover": 0.025794067364506162, "percent_above_0.1m": 0.0, "low_level_<0.5": 0.0, "mid_level_0.5-2": 0.0, "tall_2+": 0.0 }, "geometry": { "type": "Point", "coordinates": [ -0.23500361199467, 51.612787374442306 ] } },
{ "type": "Feature", "properties": { "max_height": 0.0357513427734375, "mean_height": 0.0020971752237528563, "std_height": 0.0076891668140888214, "count_pixels": 42, "percent_cover": 0.025194205332773459, "percent_above_0.1m": 0.0, "low_level_<0.5": 0.0, "mid_level_0.5-2": 0.0, "tall_2+": 0.0 }, "geometry": { "type": "Point", "coordinates": [ -0.23480358748287, 51.612784369514394 ] } },
{ "type": "Feature", "properties": { "max_height": 1.9265060424804688, "mean_height": 0.15323492884635925, "std_height": 0.44432207942008972, "count_pixels": 42, "percent_cover": 0.025194205332773459, "percent_above_0.1m": 14.285714285714285, "low_level_<0.5": 4.7619047619047619, "mid_level_0.5-2": 9.5238095238095237, "tall_2+": 0.0 }, "geometry": { "type": "Point", "coordinates": [ -0.234603566900404, 51.612781361899657 ] } },
{ "type": "Feature", "properties": { "max_height": 0.00275421142578125, "mean_height": -1.2467547094274778e-05, "std_height": 0.00074313394725322723, "count_pixels": 41, "percent_cover": 0.024594343301040763, "percent_above_0.1m": 0.0, "low_level_<0.5": 0.0, "mid_level_0.5-2": 0.0, "tall_2+": 0.0 }, "geometry": { "type": "Point", "coordinates": [ -0.234403546353021, 51.612778353944293 ] } },
{ "type": "Feature", "properties": { "max_height": 0.00525665283203125, "mean_height": 0.00019912720017600805, "std_height": 0.0011157371336594224, "count_pixels": 40, "percent_cover": 0.02399448126930806, "percent_above_0.1m": 0.0, "low_level_<0.5": 0.0, "mid_level_0.5-2": 0.0, "tall_2+": 0.0 }, "geometry": { "type": "Point", "coordinates": [ -0.234203525840722, 51.612775345648267 ] } },
{ "type": "Feature", "properties": { "max_height": 14.868255615234375, "mean_height": 1.7021710872650146, "std_height": 3.6560964584350586, "count_pixels": 36, "percent_cover": 0.021595033142377252, "percent_above_0.1m": 27.777777777777779, "low_level_<0.5": 2.7777777777777777, "mid_level_0.5-2": 5.5555555555555554, "tall_2+": 19.444444444444446 }, "geometry": { "type": "Point", "coordinates": [ -0.234003505363515, 51.612772337011613 ] } },
{ "type": "Feature", "properties": { "max_height": 0.28475189208984375, "mean_height": 0.020818710327148438, "std_height": 0.049548204988241196, "count_pixels": 40, "percent_cover": 0.02399448126930806, "percent_above_0.1m": 5.0, "low_level_<0.5": 2.5, "mid_level_0.5-2": 0.0, "tall_2+": 0.0 }, "geometry": { "type": "Point", "coordinates": [ -0.233803484921402, 51.612769328034304 ] } },
{ "type": "Feature", "properties": { "max_height": 0.42850494384765625, "mean_height": 0.010564850643277168, "std_height": 0.066136397421360016, "count_pixels": 41, "percent_cover": 0.024594343301040763, "percent_above_0.1m": 2.4390243902439024, "low_level_<0.5": 2.4390243902439024, "mid_level_0.5-2": 0.0, "tall_2+": 0.0 }, "geometry": { "type": "Point", "coordinates": [ -0.233603464514387, 51.612766318716353 ] } },
{ "type": "Feature", "properties": { "max_height": 3.266510009765625, "mean_height": 0.35586947202682495, "std_height": 0.73274719715118408, "count_pixels": 42, "percent_cover": 0.025194205332773459, "percent_above_0.1m": 28.571428571428569, "low_level_<0.5": 7.1428571428571423, "mid_level_0.5-2": 14.285714285714285, "tall_2+": 4.7619047619047619 }, "geometry": { "type": "Point", "coordinates": [ -0.233403444142472, 51.612763309057748 ] } },
{ "type": "Feature", "properties": { "max_height": 2.5327529907226562, "mean_height": 0.10696937888860703, "std_height": 0.39565235376358032, "count_pixels": 42, "percent_cover": 0.025194205332773459, "percent_above_0.1m": 16.666666666666664, "low_level_<0.5": 11.904761904761903, "mid_level_0.5-2": 2.3809523809523809, "tall_2+": 2.3809523809523809 }, "geometry": { "type": "Point", "coordinates": [ -0.233203423805662, 51.612760299058507 ] } },
{ "type": "Feature", "properties": { "max_height": 3.4980087280273438, "mean_height": 0.20729701220989227, "std_height": 0.75273168087005615, "count_pixels": 42, "percent_cover": 0.025194205332773459, "percent_above_0.1m": 9.5238095238095237, "low_level_<0.5": 2.3809523809523809, "mid_level_0.5-2": 2.3809523809523809, "tall_2+": 4.7619047619047619 }, "geometry": { "type": "Point", "coordinates": [ -0.233003403503965, 51.612757288718626 ] } },
{ "type": "Feature", "properties": { "max_height": 0.01474761962890625, "mean_height": 0.00049271696479991078, "std_height": 0.0043456163257360458, "count_pixels": 43, "percent_cover": 0.025794067364506162, "percent_above_0.1m": 0.0, "low_level_<0.5": 0.0, "mid_level_0.5-2": 0.0, "tall_2+": 0.0 }, "geometry": { "type": "Point", "coordinates": [ -0.232803383237383, 51.612754278038096 ] } },
{ "type": "Feature", "properties": { "max_height": 4.3352508544921875, "mean_height": 0.83501505851745605, "std_height": 1.086958646774292, "count_pixels": 44, "percent_cover": 0.026393929396238865, "percent_above_0.1m": 61.363636363636367, "low_level_<0.5": 18.181818181818183, "mid_level_0.5-2": 29.545454545454547, "tall_2+": 13.636363636363635 }, "geometry": { "type": "Point", "coordinates": [ -0.232603363005913, 51.612751267016918 ] } },
{ "type": "Feature", "properties": { "max_height": 9.3227462768554688, "mean_height": 3.4114229679107666, "std_height": 2.1505947113037109, "count_pixels": 43, "percent_cover": 0.025794067364506162, "percent_above_0.1m": 100.0, "low_level_<0.5": 2.3255813953488373, "mid_level_0.5-2": 27.906976744186046, "tall_2+": 69.767441860465112 }, "geometry": { "type": "Point", "coordinates": [ -0.23240334280957, 51.612748255655106 ] } },
{ "type": "Feature", "properties": { "max_height": 4.9192581176757812, "mean_height": 2.376795768737793, "std_height": 1.1817294359207153, "count_pixels": 43, "percent_cover": 0.025794067364506162, "percent_above_0.1m": 100.0, "low_level_<0.5": 4.6511627906976747, "mid_level_0.5-2": 32.558139534883722, "tall_2+": 62.790697674418603 }, "geometry": { "type": "Point", "coordinates": [ -0.232203322648352, 51.612745243952631 ] } },
{ "type": "Feature", "properties": { "max_height": 1.8350067138671875, "mean_height": 0.28059476613998413, "std_height": 0.46045446395874023, "count_pixels": 42, "percent_cover": 0.025194205332773459, "percent_above_0.1m": 38.095238095238095, "low_level_<0.5": 14.285714285714285, "mid_level_0.5-2": 21.428571428571427, "tall_2+": 0.0 }, "geometry": { "type": "Point", "coordinates": [ -0.232003302522263, 51.612742231909543 ] } },
{ "type": "Feature", "properties": { "max_height": 0.0042572021484375, "mean_height": 7.4477420639595948e-06, "std_height": 0.0013341269223019481, "count_pixels": 42, "percent_cover": 0.025194205332773459, "percent_above_0.1m": 0.0, "low_level_<0.5": 0.0, "mid_level_0.5-2": 0.0, "tall_2+": 0.0 }, "geometry": { "type": "Point", "coordinates": [ -0.231803282431306, 51.612739219525785 ] } },
{ "type": "Feature", "properties": { "max_height": 0.0885009765625, "mean_height": 0.0047501353546977043, "std_height": 0.016476437449455261, "count_pixels": 41, "percent_cover": 0.024594343301040763, "percent_above_0.1m": 0.0, "low_level_<0.5": 0.0, "mid_level_0.5-2": 0.0, "tall_2+": 0.0 }, "geometry": { "type": "Point", "coordinates": [ -0.231603262375485, 51.612736206801401 ] } },
{ "type": "Feature", "properties": { "max_height": 13.282752990722656, "mean_height": 1.6537812948226929, "std_height": 2.9800851345062256, "count_pixels": 40, "percent_cover": 0.02399448126930806, "percent_above_0.1m": 65.0, "low_level_<0.5": 12.5, "mid_level_0.5-2": 30.0, "tall_2+": 22.5 }, "geometry": { "type": "Point", "coordinates": [ -0.231403242354814, 51.612733193736354 ] } },
{ "type": "Feature", "properties": { "max_height": 7.0152587890625, "mean_height": 2.8060142993927002, "std_height": 2.0151102542877197, "count_pixels": 36, "percent_cover": 0.021595033142377252, "percent_above_0.1m": 100.0, "low_level_<0.5": 11.111111111111111, "mid_level_0.5-2": 38.888888888888893, "tall_2+": 50.0 }, "geometry": { "type": "Point", "coordinates": [ -0.231203222369281, 51.612730180330679 ] } },
{ "type": "Feature", "properties": { "max_height": 3.3937530517578125, "mean_height": 0.47170600295066833, "std_height": 0.62471204996109009, "count_pixels": 40, "percent_cover": 0.02399448126930806, "percent_above_0.1m": 70.0, "low_level_<0.5": 37.5, "mid_level_0.5-2": 25.0, "tall_2+": 5.0 }, "geometry": { "type": "Point", "coordinates": [ -0.231003202418901, 51.612727166584357 ] } },
{ "type": "Feature", "properties": { "max_height": 0.66649627685546875, "mean_height": 0.07012176513671875, "std_height": 0.15241199731826782, "count_pixels": 41, "percent_cover": 0.024594343301040763, "percent_above_0.1m": 14.634146341463413, "low_level_<0.5": 9.7560975609756095, "mid_level_0.5-2": 4.8780487804878048, "tall_2+": 0.0 }, "geometry": { "type": "Point", "coordinates": [ -0.230803182503673, 51.612724152497385 ] } },
{ "type": "Feature", "properties": { "max_height": 1.1254959106445312, "mean_height": 0.3537866473197937, "std_height": 0.38880053162574768, "count_pixels": 42, "percent_cover": 0.025194205332773459, "percent_above_0.1m": 52.380952380952387, "low_level_<0.5": 16.666666666666664, "mid_level_0.5-2": 35.714285714285715, "tall_2+": 0.0 }, "geometry": { "type": "Point", "coordinates": [ -0.230603162623602, 51.61272113806978 ] } },
{ "type": "Feature", "properties": { "max_height": 6.6364974975585938, "mean_height": 1.8058980703353882, "std_height": 1.007405161857605, "count_pixels": 42, "percent_cover": 0.025194205332773459, "percent_above_0.1m": 100.0, "low_level_<0.5": 2.3809523809523809, "mid_level_0.5-2": 69.047619047619051, "tall_2+": 28.571428571428569 }, "geometry": { "type": "Point", "coordinates": [ -0.230403142778694, 51.612718123301548 ] } },
{ "type": "Feature", "properties": { "max_height": 5.7912521362304688, "mean_height": 2.9206972122192383, "std_height": 1.743463397026062, "count_pixels": 42, "percent_cover": 0.025194205332773459, "percent_above_0.1m": 100.0, "low_level_<0.5": 4.7619047619047619, "mid_level_0.5-2": 33.333333333333329, "tall_2+": 61.904761904761905 }, "geometry": { "type": "Point", "coordinates": [ -0.230203122968955, 51.612715108192653 ] } },
{ "type": "Feature", "properties": { "max_height": 2.1360015869140625, "mean_height": 0.17638397216796875, "std_height": 0.44212034344673157, "count_pixels": 43, "percent_cover": 0.025794067364506162, "percent_above_0.1m": 20.930232558139537, "low_level_<0.5": 9.3023255813953494, "mid_level_0.5-2": 9.3023255813953494, "tall_2+": 2.3255813953488373 }, "geometry": { "type": "Point", "coordinates": [ -0.230003103194379, 51.612712092743116 ] } },
{ "type": "Feature", "properties": { "max_height": 0.0045013427734375, "mean_height": -0.00025627829018048942, "std_height": 0.0014227406354621053, "count_pixels": 44, "percent_cover": 0.026393929396238865, "percent_above_0.1m": 0.0, "low_level_<0.5": 0.0, "mid_level_0.5-2": 0.0, "tall_2+": 0.0 }, "geometry": { "type": "Point", "coordinates": [ -0.229803083454982, 51.612709076952932 ] } },
{ "type": "Feature", "properties": { "max_height": 0.00250244140625, "mean_height": -0.00043664977420121431, "std_height": 0.001387964584864676, "count_pixels": 43, "percent_cover": 0.025794067364506162, "percent_above_0.1m": 0.0, "low_level_<0.5": 0.0, "mid_level_0.5-2": 0.0, "tall_2+": 0.0 }, "geometry": { "type": "Point", "coordinates": [ -0.229603063750754, 51.612706060822113 ] } },
{ "type": "Feature", "properties": { "max_height": 0.0059967041015625, "mean_height": -0.00015773330233059824, "std_height": 0.0022459987085312605, "count_pixels": 43, "percent_cover": 0.025794067364506162, "percent_above_0.1m": 0.0, "low_level_<0.5": 0.0, "mid_level_0.5-2": 0.0, "tall_2+": 0.0 }, "geometry": { "type": "Point", "coordinates": [ -0.229403044081719, 51.61270304435066 ] } },
{ "type": "Feature", "properties": { "max_height": 0.00374603271484375, "mean_height": -0.0001909165148390457, "std_height": 0.0011711218394339085, "count_pixels": 42, "percent_cover": 0.025194205332773459, "percent_above_0.1m": 0.0, "low_level_<0.5": 0.0, "mid_level_0.5-2": 0.0, "tall_2+": 0.0 }, "geometry": { "type": "Point", "coordinates": [ -0.229203024447863, 51.612700027538573 ] } },
{ "type": "Feature", "properties": { "max_height": 0.00824737548828125, "mean_height": 0.00029137020464986563, "std_height": 0.0021122731268405914, "count_pixels": 42, "percent_cover": 0.025194205332773459, "percent_above_0.1m": 0.0, "low_level_<0.5": 0.0, "mid_level_0.5-2": 0.0, "tall_2+": 0.0 }, "geometry": { "type": "Point", "coordinates": [ -0.229003004849197, 51.612697010385816 ] } },
{ "type": "Feature", "properties": { "max_height": 7.2975006103515625, "mean_height": 0.60357964038848877, "std_height": 1.7289648056030273, "count_pixels": 41, "percent_cover": 0.024594343301040763, "percent_above_0.1m": 17.073170731707318, "low_level_<0.5": 4.8780487804878048, "mid_level_0.5-2": 2.4390243902439024, "tall_2+": 9.7560975609756095 }, "geometry": { "type": "Point", "coordinates": [ -0.228802985285726, 51.612693992892439 ] } },
{ "type": "Feature", "properties": { "max_height": 11.124244689941406, "mean_height": 0.64533728361129761, "std_height": 2.0267534255981445, "count_pixels": 40, "percent_cover": 0.02399448126930806, "percent_above_0.1m": 25.0, "low_level_<0.5": 7.5, "mid_level_0.5-2": 7.5, "tall_2+": 7.5 }, "geometry": { "type": "Point", "coordinates": [ -0.228602965757447, 51.612690975058413 ] } },
{ "type": "Feature", "properties": { "max_height": 11.704498291015625, "mean_height": 5.9066042900085449, "std_height": 2.4969041347503662, "count_pixels": 36, "percent_cover": 0.021595033142377252, "percent_above_0.1m": 100.0, "low_level_<0.5": 2.7777777777777777, "mid_level_0.5-2": 2.7777777777777777, "tall_2+": 94.444444444444443 }, "geometry": { "type": "Point", "coordinates": [ -0.22840294626438, 51.612687956883754 ] } },
{ "type": "Feature", "properties": { "max_height": 11.887252807617188, "mean_height": 3.3136680126190186, "std_height": 3.0173897743225098, "count_pixels": 40, "percent_cover": 0.02399448126930806, "percent_above_0.1m": 90.0, "low_level_<0.5": 10.0, "mid_level_0.5-2": 20.0, "tall_2+": 60.0 }, "geometry": { "type": "Point", "coordinates": [ -0.228202926806507, 51.612684938368425 ] } },
{ "type": "Feature", "properties": { "max_height": 10.605499267578125, "mean_height": 1.1302075386047363, "std_height": 2.8116796016693115, "count_pixels": 41, "percent_cover": 0.024594343301040763, "percent_above_0.1m": 21.951219512195124, "low_level_<0.5": 2.4390243902439024, "mid_level_0.5-2": 4.8780487804878048, "tall_2+": 14.634146341463413 }, "geometry": { "type": "Point", "coordinates": [ -0.22800290738385, 51.61268191951249 ] } },
{ "type": "Feature", "properties": { "max_height": 7.1517486572265625, "mean_height": 0.48489907383918762, "std_height": 1.4068297147750854, "count_pixels": 42, "percent_cover": 0.025194205332773459, "percent_above_0.1m": 16.666666666666664, "low_level_<0.5": 0.0, "mid_level_0.5-2": 7.1428571428571423, "tall_2+": 9.5238095238095237 }, "geometry": { "type": "Point", "coordinates": [ -0.227802887996403, 51.612678900315899 ] } },
{ "type": "Feature", "properties": { "max_height": 0.00624847412109375, "mean_height": -0.00027956280973739922, "std_height": 0.0027680427301675081, "count_pixels": 42, "percent_cover": 0.025194205332773459, "percent_above_0.1m": 0.0, "low_level_<0.5": 0.0, "mid_level_0.5-2": 0.0, "tall_2+": 0.0 }, "geometry": { "type": "Point", "coordinates": [ -0.227602868644176, 51.612675880778674 ] } },
{ "type": "Feature", "properties": { "max_height": 0.0149993896484375, "mean_height": 0.00085649034008383751, "std_height": 0.0036547170020639896, "count_pixels": 42, "percent_cover": 0.025194205332773459, "percent_above_0.1m": 0.0, "low_level_<0.5": 0.0, "mid_level_0.5-2": 0.0, "tall_2+": 0.0 }, "geometry": { "type": "Point", "coordinates": [ -0.227402849327169, 51.612672860900808 ] } },
{ "type": "Feature", "properties": { "max_height": 0.47624969482421875, "mean_height": 0.029587501659989357, "std_height": 0.091747984290122986, "count_pixels": 43, "percent_cover": 0.025794067364506162, "percent_above_0.1m": 6.9767441860465116, "low_level_<0.5": 6.9767441860465116, "mid_level_0.5-2": 0.0, "tall_2+": 0.0 }, "geometry": { "type": "Point", "coordinates": [ -0.227202830045387, 51.612669840682308 ] } },
{ "type": "Feature", "properties": { "max_height": 5.5349960327148438, "mean_height": 0.85998934507369995, "std_height": 1.5751551389694214, "count_pixels": 44, "percent_cover": 0.026393929396238865, "percent_above_0.1m": 43.18181818181818, "low_level_<0.5": 11.363636363636363, "mid_level_0.5-2": 15.909090909090908, "tall_2+": 13.636363636363635 }, "geometry": { "type": "Point", "coordinates": [ -0.227002810798836, 51.612666820123145 ] } },
{ "type": "Feature", "properties": { "max_height": 5.7599945068359375, "mean_height": 0.96333080530166626, "std_height": 1.6159281730651855, "count_pixels": 43, "percent_cover": 0.025794067364506162, "percent_above_0.1m": 39.534883720930232, "low_level_<0.5": 2.3255813953488373, "mid_level_0.5-2": 16.279069767441861, "tall_2+": 20.930232558139537 }, "geometry": { "type": "Point", "coordinates": [ -0.226802791587513, 51.61266379922337 ] } },
{ "type": "Feature", "properties": { "max_height": 0.00174713134765625, "mean_height": -0.00019854168931487948, "std_height": 0.0015278334030881524, "count_pixels": 43, "percent_cover": 0.025794067364506162, "percent_above_0.1m": 0.0, "low_level_<0.5": 0.0, "mid_level_0.5-2": 0.0, "tall_2+": 0.0 }, "geometry": { "type": "Point", "coordinates": [ -0.226602772411436, 51.612660777982938 ] } },
{ "type": "Feature", "properties": { "max_height": 0.34000396728515625, "mean_height": 0.0078446520492434502, "std_height": 0.051916960626840591, "count_pixels": 42, "percent_cover": 0.025194205332773459, "percent_above_0.1m": 2.3809523809523809, "low_level_<0.5": 2.3809523809523809, "mid_level_0.5-2": 0.0, "tall_2+": 0.0 }, "geometry": { "type": "Point", "coordinates": [ -0.226402753270591, 51.612657756401859 ] } },
{ "type": "Feature", "properties": { "max_height": 0.96474456787109375, "mean_height": 0.079101018607616425, "std_height": 0.21276775002479553, "count_pixels": 42, "percent_cover": 0.025194205332773459, "percent_above_0.1m": 14.285714285714285, "low_level_<0.5": 7.1428571428571423, "mid_level_0.5-2": 7.1428571428571423, "tall_2+": 0.0 }, "geometry": { "type": "Point", "coordinates": [ -0.226202734164999, 51.612654734480174 ] } },
{ "type": "Feature", "properties": { "max_height": 18.728500366210938, "mean_height": 5.6359333992004395, "std_height": 6.6061830520629883, "count_pixels": 41, "percent_cover": 0.024594343301040763, "percent_above_0.1m": 68.292682926829272, "low_level_<0.5": 7.3170731707317067, "mid_level_0.5-2": 7.3170731707317067, "tall_2+": 51.219512195121951 }, "geometry": { "type": "Point", "coordinates": [ -0.226002715094651, 51.612651712217819 ] } },
{ "type": "Feature", "properties": { "max_height": 2.9325027465820312, "mean_height": 0.71623116731643677, "std_height": 0.8503456711769104, "count_pixels": 40, "percent_cover": 0.02399448126930806, "percent_above_0.1m": 57.5, "low_level_<0.5": 12.5, "mid_level_0.5-2": 35.0, "tall_2+": 10.0 }, "geometry": { "type": "Point", "coordinates": [ -0.225802696059556, 51.612648689614836 ] } },
{ "type": "Feature", "properties": { "max_height": 5.3550033569335938, "mean_height": 0.58806854486465454, "std_height": 1.1562917232513428, "count_pixels": 44, "percent_cover": 0.026393929396238865, "percent_above_0.1m": 43.18181818181818, "low_level_<0.5": 18.181818181818183, "mid_level_0.5-2": 13.636363636363635, "tall_2+": 11.363636363636363 }, "geometry": { "type": "Point", "coordinates": [ -0.236699678894153, 51.612920724820036 ] } },
{ "type": "Feature", "properties": { "max_height": 6.1335067749023438, "mean_height": 1.1564068794250488, "std_height": 1.6247661113739014, "count_pixels": 43, "percent_cover": 0.025794067364506162, "percent_above_0.1m": 81.395348837209298, "low_level_<0.5": 25.581395348837212, "mid_level_0.5-2": 32.558139534883722, "tall_2+": 18.604651162790699 }, "geometry": { "type": "Point", "coordinates": [ -0.236499649515102, 51.612917725249162 ] } },
{ "type": "Feature", "properties": { "max_height": 2.3774948120117188, "mean_height": 0.34272021055221558, "std_height": 0.61439388990402222, "count_pixels": 42, "percent_cover": 0.025194205332773459, "percent_above_0.1m": 40.476190476190474, "low_level_<0.5": 14.285714285714285, "mid_level_0.5-2": 16.666666666666664, "tall_2+": 4.7619047619047619 }, "geometry": { "type": "Point", "coordinates": [ -0.236299620173479, 51.612914725337404 ] } },
{ "type": "Feature", "properties": { "max_height": 0.00225067138671875, "mean_height": -0.00037511190748773515, "std_height": 0.00089961854973807931, "count_pixels": 42, "percent_cover": 0.025194205332773459, "percent_above_0.1m": 0.0, "low_level_<0.5": 0.0, "mid_level_0.5-2": 0.0, "tall_2+": 0.0 }, "geometry": { "type": "Point", "coordinates": [ -0.236099590869296, 51.612911725084828 ] } },
{ "type": "Feature", "properties": { "max_height": 0.0227508544921875, "mean_height": 0.00062524701934307814, "std_height": 0.0037637951318174601, "count_pixels": 42, "percent_cover": 0.025194205332773459, "percent_above_0.1m": 0.0, "low_level_<0.5": 0.0, "mid_level_0.5-2": 0.0, "tall_2+": 0.0 }, "geometry": { "type": "Point", "coordinates": [ -0.235899561602555, 51.612908724491376 ] } },
{ "type": "Feature", "properties": { "max_height": 1.1442489624023438, "mean_height": 0.039614979177713394, "std_height": 0.18200616538524628, "count_pixels": 41, "percent_cover": 0.024594343301040763, "percent_above_0.1m": 7.3170731707317067, "low_level_<0.5": 4.8780487804878048, "mid_level_0.5-2": 2.4390243902439024, "tall_2+": 0.0 }, "geometry": { "type": "Point", "coordinates": [ -0.23569953237326, 51.612905723557112 ] } },
{ "type": "Feature", "properties": { "max_height": 0.01000213623046875, "mean_height": 0.00070667266845703125, "std_height": 0.0023854253813624382, "count_pixels": 40, "percent_cover": 0.02399448126930806, "percent_above_0.1m": 0.0, "low_level_<0.5": 0.0, "mid_level_0.5-2": 0.0, "tall_2+": 0.0 }, "geometry": { "type": "Point", "coordinates": [ -0.235499503181417, 51.612902722281987 ] } },
{ "type": "Feature", "properties": { "max_height": 0.00250244140625, "mean_height": -0.0008748372201807797, "std_height": 0.0018905852921307087, "count_pixels": 36, "percent_cover": 0.021595033142377252, "percent_above_0.1m": 0.0, "low_level_<0.5": 0.0, "mid_level_0.5-2": 0.0, "tall_2+": 0.0 }, "geometry": { "type": "Point", "coordinates": [ -0.235299474027033, 51.612899720666007 ] } },
{ "type": "Feature", "properties": { "max_height": 0.00775146484375, "mean_height": 0.00015202963550109416, "std_height": 0.0019636296201497316, "count_pixels": 41, "percent_cover": 0.024594343301040763, "percent_above_0.1m": 0.0, "low_level_<0.5": 0.0, "mid_level_0.5-2": 0.0, "tall_2+": 0.0 }, "geometry": { "type": "Point", "coordinates": [ -0.2350994449101, 51.612896718709209 ] } },
{ "type": "Feature", "properties": { "max_height": 4.925750732421875, "mean_height": 0.22120778262615204, "std_height": 0.86274033784866333, "count_pixels": 41, "percent_cover": 0.024594343301040763, "percent_above_0.1m": 7.3170731707317067, "low_level_<0.5": 0.0, "mid_level_0.5-2": 2.4390243902439024, "tall_2+": 4.8780487804878048 }, "geometry": { "type": "Point", "coordinates": [ -0.23489941776158, 51.6128937157373 ] } },
{ "type": "Feature", "properties": { "max_height": 0.016998291015625, "mean_height": 0.0002023606066359207, "std_height": 0.0040555405430495739, "count_pixels": 42, "percent_cover": 0.025194205332773459, "percent_above_0.1m": 0.0, "low_level_<0.5": 0.0, "mid_level_0.5-2": 0.0, "tall_2+": 0.0 }, "geometry": { "type": "Point", "coordinates": [ -0.234699395057343, 51.612890708768937 ] } },
{ "type": "Feature", "properties": { "max_height": 4.4499969482421875, "mean_height": 0.52472084760665894, "std_height": 1.0469468832015991, "count_pixels": 42, "percent_cover": 0.025194205332773459, "percent_above_0.1m": 35.714285714285715, "low_level_<0.5": 9.5238095238095237, "mid_level_0.5-2": 7.1428571428571423, "tall_2+": 14.285714285714285 }, "geometry": { "type": "Point", "coordinates": [ -0.234499374013431, 51.612887700972117 ] } },
{ "type": "Feature", "properties": { "max_height": 1.0200119018554688, "mean_height": 0.03623092919588089, "std_height": 0.16711628437042236, "count_pixels": 43, "percent_cover": 0.025794067364506162, "percent_above_0.1m": 4.6511627906976747, "low_level_<0.5": 2.3255813953488373, "mid_level_0.5-2": 2.3255813953488373, "tall_2+": 0.0 }, "geometry": { "type": "Point", "coordinates": [ -0.234299353004612, 51.612884692834633 ] } },
{ "type": "Feature", "properties": { "max_height": 0.00251007080078125, "mean_height": -0.00016576593043282628, "std_height": 0.00083613395690917969, "count_pixels": 44, "percent_cover": 0.026393929396238865, "percent_above_0.1m": 0.0, "low_level_<0.5": 0.0, "mid_level_0.5-2": 0.0, "tall_2+": 0.0 }, "geometry": { "type": "Point", "coordinates": [ -0.234099332030872, 51.612881684356502 ] } },
{ "type": "Feature", "properties": { "max_height": 0.0057525634765625, "mean_height": 0.0003228620917070657, "std_height": 0.0013420528266578913, "count_pixels": 44, "percent_cover": 0.026393929396238865, "percent_above_0.1m": 0.0, "low_level_<0.5": 0.0, "mid_level_0.5-2": 0.0, "tall_2+": 0.0 }, "geometry": { "type": "Point", "coordinates": [ -0.233899311092235, 51.612878675537722 ] } },
{ "type": "Feature", "properties": { "max_height": 0.0032501220703125, "mean_height": 0.0001556041679577902, "std_height": 0.001185370609164238, "count_pixels": 43, "percent_cover": 0.025794067364506162, "percent_above_0.1m": 0.0, "low_level_<0.5": 0.0, "mid_level_0.5-2": 0.0, "tall_2+": 0.0 }, "geometry": { "type": "Point", "coordinates": [ -0.233699290188681, 51.612875666378294 ] } },
{ "type": "Feature", "properties": { "max_height": 0.105010986328125, "mean_height": 0.002849760465323925, "std_height": 0.016046088188886642, "count_pixels": 42, "percent_cover": 0.025194205332773459, "percent_above_0.1m": 2.3809523809523809, "low_level_<0.5": 0.0, "mid_level_0.5-2": 0.0, "tall_2+": 0.0 }, "geometry": { "type": "Point", "coordinates": [ -0.233499269320238, 51.612872656878267 ] } },
{ "type": "Feature", "properties": { "max_height": 4.781005859375, "mean_height": 0.18298140168190002, "std_height": 0.76703643798828125, "count_pixels": 42, "percent_cover": 0.025194205332773459, "percent_above_0.1m": 9.5238095238095237, "low_level_<0.5": 0.0, "mid_level_0.5-2": 7.1428571428571423, "tall_2+": 2.3809523809523809 }, "geometry": { "type": "Point", "coordinates": [ -0.233299248486895, 51.612869647037542 ] } },
{ "type": "Feature", "properties": { "max_height": 6.5170059204101562, "mean_height": 0.24584943056106567, "std_height": 1.0321156978607178, "count_pixels": 42, "percent_cover": 0.025194205332773459, "percent_above_0.1m": 11.904761904761903, "low_level_<0.5": 2.3809523809523809, "mid_level_0.5-2": 7.1428571428571423, "tall_2+": 2.3809523809523809 }, "geometry": { "type": "Point", "coordinates": [ -0.23309922768866, 51.612866636856182 ] } },
{ "type": "Feature", "properties": { "max_height": 6.4227523803710938, "mean_height": 0.30224218964576721, "std_height": 1.114896297454834, "count_pixels": 41, "percent_cover": 0.024594343301040763, "percent_above_0.1m": 12.195121951219512, "low_level_<0.5": 2.4390243902439024, "mid_level_0.5-2": 4.8780487804878048, "tall_2+": 4.8780487804878048 }, "geometry": { "type": "Point", "coordinates": [ -0.232899206925539, 51.612863626334175 ] } },
{ "type": "Feature", "properties": { "max_height": 2.3182525634765625, "mean_height": 0.69491118192672729, "std_height": 0.83895289897918701, "count_pixels": 40, "percent_cover": 0.02399448126930806, "percent_above_0.1m": 52.5, "low_level_<0.5": 7.5, "mid_level_0.5-2": 30.0, "tall_2+": 15.0 }, "geometry": { "type": "Point", "coordinates": [ -0.232699186197531, 51.612860615471533 ] } },
{ "type": "Feature", "properties": { "max_height": 13.9219970703125, "mean_height": 2.8825178146362305, "std_height": 3.7512626647949219, "count_pixels": 36, "percent_cover": 0.021595033142377252, "percent_above_0.1m": 75.0, "low_level_<0.5": 11.111111111111111, "mid_level_0.5-2": 22.222222222222221, "tall_2+": 41.666666666666671 }, "geometry": { "type": "Point", "coordinates": [ -0.232499165504645, 51.61285760426825 ] } },
{ "type": "Feature", "properties": { "max_height": 5.4170074462890625, "mean_height": 0.93198060989379883, "std_height": 1.2440530061721802, "count_pixels": 41, "percent_cover": 0.024594343301040763, "percent_above_0.1m": 78.048780487804876, "low_level_<0.5": 19.512195121951219, "mid_level_0.5-2": 41.463414634146339, "tall_2+": 12.195121951219512 }, "geometry": { "type": "Point", "coordinates": [ -0.232299144846883, 51.612854592724304 ] } },
{ "type": "Feature", "properties": { "max_height": 6.264007568359375, "mean_height": 1.6914972066879272, "std_height": 1.2343924045562744, "count_pixels": 41, "percent_cover": 0.024594343301040763, "percent_above_0.1m": 87.804878048780495, "low_level_<0.5": 0.0, "mid_level_0.5-2": 53.658536585365859, "tall_2+": 34.146341463414636 }, "geometry": { "type": "Point", "coordinates": [ -0.232099124224253, 51.612851580839724 ] } },
{ "type": "Feature", "properties": { "max_height": 0.8300018310546875, "mean_height": 0.0464521124958992, "std_height": 0.1677052229642868, "count_pixels": 42, "percent_cover": 0.025194205332773459, "percent_above_0.1m": 7.1428571428571423, "low_level_<0.5": 2.3809523809523809, "mid_level_0.5-2": 4.7619047619047619, "tall_2+": 0.0 }, "geometry": { "type": "Point", "coordinates": [ -0.231899103636747, 51.612848568614503 ] } },
{ "type": "Feature", "properties": { "max_height": 0.00250244140625, "mean_height": -4.8137844714801759e-05, "std_height": 0.001504037412814796, "count_pixels": 42, "percent_cover": 0.025194205332773459, "percent_above_0.1m": 0.0, "low_level_<0.5": 0.0, "mid_level_0.5-2": 0.0, "tall_2+": 0.0 }, "geometry": { "type": "Point", "coordinates": [ -0.231699083084382, 51.612845556048626 ] } },
{ "type": "Feature", "properties": { "max_height": 0.876251220703125, "mean_height": 0.082976765930652618, "std_height": 0.19457696378231049, "count_pixels": 43, "percent_cover": 0.025794067364506162, "percent_above_0.1m": 20.930232558139537, "low_level_<0.5": 9.3023255813953494, "mid_level_0.5-2": 6.9767441860465116, "tall_2+": 0.0 }, "geometry": { "type": "Point", "coordinates": [ -0.231499062567155, 51.612842543142115 ] } },
{ "type": "Feature", "properties": { "max_height": 6.6267547607421875, "mean_height": 1.9976996183395386, "std_height": 2.0600969791412354, "count_pixels": 44, "percent_cover": 0.026393929396238865, "percent_above_0.1m": 97.727272727272734, "low_level_<0.5": 18.181818181818183, "mid_level_0.5-2": 47.727272727272727, "tall_2+": 31.818181818181817 }, "geometry": { "type": "Point", "coordinates": [ -0.231299042085074, 51.612839529894956 ] } },
{ "type": "Feature", "properties": { "max_height": 6.56524658203125, "mean_height": 1.5103291273117065, "std_height": 1.5346828699111938, "count_pixels": 44, "percent_cover": 0.026393929396238865, "percent_above_0.1m": 93.181818181818173, "low_level_<0.5": 15.909090909090908, "mid_level_0.5-2": 40.909090909090914, "tall_2+": 29.545454545454547 }, "geometry": { "type": "Point", "coordinates": [ -0.231099021638139, 51.612836516307155 ] } },
{ "type": "Feature", "properties": { "max_height": 2.5382461547851562, "mean_height": 0.75340765714645386, "std_height": 0.70019388198852539, "count_pixels": 43, "percent_cover": 0.025794067364506162, "percent_above_0.1m": 88.372093023255815, "low_level_<0.5": 27.906976744186046, "mid_level_0.5-2": 41.860465116279073, "tall_2+": 11.627906976744185 }, "geometry": { "type": "Point", "coordinates": [ -0.230899001226359, 51.612833502378692 ] } },
{ "type": "Feature", "properties": { "max_height": 1.9099960327148438, "mean_height": 0.3881320059299469, "std_height": 0.46837782859802246, "count_pixels": 42, "percent_cover": 0.025194205332773459, "percent_above_0.1m": 57.142857142857139, "low_level_<0.5": 26.190476190476193, "mid_level_0.5-2": 30.952380952380953, "tall_2+": 0.0 }, "geometry": { "type": "Point", "coordinates": [ -0.230698980849729, 51.612830488109601 ] } },
{ "type": "Feature", "properties": { "max_height": 2.4434967041015625, "mean_height": 0.96081596612930298, "std_height": 0.61932879686355591, "count_pixels": 42, "percent_cover": 0.025194205332773459, "percent_above_0.1m": 88.095238095238088, "low_level_<0.5": 9.5238095238095237, "mid_level_0.5-2": 69.047619047619051, "tall_2+": 7.1428571428571423 }, "geometry": { "type": "Point", "coordinates": [ -0.230498960508267, 51.612827473499877 ] } },
{ "type": "Feature", "properties": { "max_height": 6.5532455444335938, "mean_height": 2.1137797832489014, "std_height": 1.6472514867782593, "count_pixels": 42, "percent_cover": 0.025194205332773459, "percent_above_0.1m": 95.238095238095227, "low_level_<0.5": 7.1428571428571423, "mid_level_0.5-2": 50.0, "tall_2+": 38.095238095238095 }, "geometry": { "type": "Point", "coordinates": [ -0.230298940201958, 51.612824458549511 ] } },
{ "type": "Feature", "properties": { "max_height": 8.1772537231445312, "mean_height": 3.6537387371063232, "std_height": 1.9088872671127319, "count_pixels": 41, "percent_cover": 0.024594343301040763, "percent_above_0.1m": 100.0, "low_level_<0.5": 2.4390243902439024, "mid_level_0.5-2": 24.390243902439025, "tall_2+": 73.170731707317074 }, "geometry": { "type": "Point", "coordinates": [ -0.230098919930829, 51.612821443258468 ] } },
{ "type": "Feature", "properties": { "max_height": 0.71600341796875, "mean_height": 0.047217749059200287, "std_height": 0.14256376028060913, "count_pixels": 40, "percent_cover": 0.02399448126930806, "percent_above_0.1m": 10.0, "low_level_<0.5": 5.0, "mid_level_0.5-2": 5.0, "tall_2+": 0.0 }, "geometry": { "type": "Point", "coordinates": [ -0.229898899694866, 51.612818427626799 ] } },
{ "type": "Feature", "properties": { "max_height": 0.0070037841796875, "mean_height": 0.00036769441794604063, "std_height": 0.0021411227062344551, "count_pixels": 36, "percent_cover": 0.021595033142377252, "percent_above_0.1m": 0.0, "low_level_<0.5": 0.0, "mid_level_0.5-2": 0.0, "tall_2+": 0.0 }, "geometry": { "type": "Point", "coordinates": [ -0.229698879494076, 51.612815411654495 ] } },
{ "type": "Feature", "properties": { "max_height": 0.0032501220703125, "mean_height": -0.0001643111027078703, "std_height": 0.0019090131390839815, "count_pixels": 41, "percent_cover": 0.024594343301040763, "percent_above_0.1m": 0.0, "low_level_<0.5": 0.0, "mid_level_0.5-2": 0.0, "tall_2+": 0.0 }, "geometry": { "type": "Point", "coordinates": [ -0.229498859328469, 51.612812395341543 ] } },
{ "type": "Feature", "properties": { "max_height": 0.00600433349609375, "mean_height": 0.00050781993195414543, "std_height": 0.0022853882983326912, "count_pixels": 41, "percent_cover": 0.024594343301040763, "percent_above_0.1m": 0.0, "low_level_<0.5": 0.0, "mid_level_0.5-2": 0.0, "tall_2+": 0.0 }, "geometry": { "type": "Point", "coordinates": [ -0.229298839198046, 51.612809378687949 ] } },
{ "type": "Feature", "properties": { "max_height": 3.5057525634765625, "mean_height": 0.27516737580299377, "std_height": 0.77480798959732056, "count_pixels": 42, "percent_cover": 0.025194205332773459, "percent_above_0.1m": 16.666666666666664, "low_level_<0.5": 2.3809523809523809, "mid_level_0.5-2": 9.5238095238095237, "tall_2+": 4.7619047619047619 }, "geometry": { "type": "Point", "coordinates": [ -0.229098819102809, 51.612806361693707 ] } },
{ "type": "Feature", "properties": { "max_height": 0.39350128173828125, "mean_height": 0.015839895233511925, "std_height": 0.07156699150800705, "count_pixels": 42, "percent_cover": 0.025194205332773459, "percent_above_0.1m": 4.7619047619047619, "low_level_<0.5": 4.7619047619047619, "mid_level_0.5-2": 0.0, "tall_2+": 0.0 }, "geometry": { "type": "Point", "coordinates": [ -0.228898799042767, 51.612803344358824 ] } },
{ "type": "Feature", "properties": { "max_height": 1.8487472534179688, "mean_height": 0.065895609557628632, "std_height": 0.29164254665374756, "count_pixels": 43, "percent_cover": 0.025794067364506162, "percent_above_0.1m": 6.9767441860465116, "low_level_<0.5": 2.3255813953488373, "mid_level_0.5-2": 4.6511627906976747, "tall_2+": 0.0 }, "geometry": { "type": "Point", "coordinates": [ -0.22869877901792, 51.612800326683299 ] } },
{ "type": "Feature", "properties": { "max_height": 11.802497863769531, "mean_height": 1.967596173286438, "std_height": 2.8715348243713379, "count_pixels": 44, "percent_cover": 0.026393929396238865, "percent_above_0.1m": 68.181818181818173, "low_level_<0.5": 13.636363636363635, "mid_level_0.5-2": 22.727272727272727, "tall_2+": 29.545454545454547 }, "geometry": { "type": "Point", "coordinates": [ -0.228498759028265, 51.612797308667133 ] } },
{ "type": "Feature", "properties": { "max_height": 13.844253540039062, "mean_height": 6.7185931205749512, "std_height": 3.8325119018554688, "count_pixels": 44, "percent_cover": 0.026393929396238865, "percent_above_0.1m": 93.181818181818173, "low_level_<0.5": 0.0, "mid_level_0.5-2": 6.8181818181818175, "tall_2+": 86.36363636363636 }, "geometry": { "type": "Point", "coordinates": [ -0.228298739073826, 51.612794290310326 ] } },
{ "type": "Feature", "properties": { "max_height": 12.066253662109375, "mean_height": 1.7947916984558105, "std_height": 3.2034866809844971, "count_pixels": 43, "percent_cover": 0.025794067364506162, "percent_above_0.1m": 44.186046511627907, "low_level_<0.5": 4.6511627906976747, "mid_level_0.5-2": 11.627906976744185, "tall_2+": 25.581395348837212 }, "geometry": { "type": "Point", "coordinates": [ -0.228098719154586, 51.612791271612885 ] } },
{ "type": "Feature", "properties": { "max_height": 6.6322479248046875, "mean_height": 0.75269097089767456, "std_height": 1.7900327444076538, "count_pixels": 42, "percent_cover": 0.025194205332773459, "percent_above_0.1m": 26.190476190476193, "low_level_<0.5": 4.7619047619047619, "mid_level_0.5-2": 9.5238095238095237, "tall_2+": 11.904761904761903 }, "geometry": { "type": "Point", "coordinates": [ -0.227898699270559, 51.612788252574781 ] } },
{ "type": "Feature", "properties": { "max_height": 0.0047454833984375, "mean_height": -0.00093441916396841407, "std_height": 0.002297690138220787, "count_pixels": 42, "percent_cover": 0.025194205332773459, "percent_above_0.1m": 0.0, "low_level_<0.5": 0.0, "mid_level_0.5-2": 0.0, "tall_2+": 0.0 }, "geometry": { "type": "Point", "coordinates": [ -0.227698679421751, 51.612785233196043 ] } },
{ "type": "Feature", "properties": { "max_height": 0.0072479248046875, "mean_height": 0.00016148884606081992, "std_height": 0.0015966991195455194, "count_pixels": 42, "percent_cover": 0.025194205332773459, "percent_above_0.1m": 0.0, "low_level_<0.5": 0.0, "mid_level_0.5-2": 0.0, "tall_2+": 0.0 }, "geometry": { "type": "Point", "coordinates": [ -0.227498659608159, 51.612782213476684 ] } },
{ "type": "Feature", "properties": { "max_height": 0.00250244140625, "mean_height": -4.9684105761116371e-05, "std_height": 0.0015059958677738905, "count_pixels": 41, "percent_cover": 0.024594343301040763, "percent_above_0.1m": 0.0, "low_level_<0.5": 0.0, "mid_level_0.5-2": 0.0, "tall_2+": 0.0 }, "geometry": { "type": "Point", "coordinates": [ -0.227298639829793, 51.612779193416671 ] } },
{ "type": "Feature", "properties": { "max_height": 0.030242919921875, "mean_height": 0.00045623778714798391, "std_height": 0.0058020590804517269, "count_pixels": 40, "percent_cover": 0.02399448126930806, "percent_above_0.1m": 0.0, "low_level_<0.5": 0.0, "mid_level_0.5-2": 0.0, "tall_2+": 0.0 }, "geometry": { "type": "Point", "coordinates": [ -0.227098620086651, 51.612776173016002 ] } },
{ "type": "Feature", "properties": { "max_height": 0.31099700927734375, "mean_height": 0.0196668840944767, "std_height": 0.054210800677537918, "count_pixels": 36, "percent_cover": 0.021595033142377252, "percent_above_0.1m": 2.7777777777777777, "low_level_<0.5": 2.7777777777777777, "mid_level_0.5-2": 0.0, "tall_2+": 0.0 }, "geometry": { "type": "Point", "coordinates": [ -0.226898600378747, 51.612773152274691 ] } },
{ "type": "Feature", "properties": { "max_height": 0.03874969482421875, "mean_height": 0.0011399431386962533, "std_height": 0.0064490069635212421, "count_pixels": 41, "percent_cover": 0.024594343301040763, "percent_above_0.1m": 0.0, "low_level_<0.5": 0.0, "mid_level_0.5-2": 0.0, "tall_2+": 0.0 }, "geometry": { "type": "Point", "coordinates": [ -0.226698580706072, 51.612770131192768 ] } },
{ "type": "Feature", "properties": { "max_height": 0.0032501220703125, "mean_height": -0.00018887403712142259, "std_height": 0.0015391428023576736, "count_pixels": 41, "percent_cover": 0.024594343301040763, "percent_above_0.1m": 0.0, "low_level_<0.5": 0.0, "mid_level_0.5-2": 0.0, "tall_2+": 0.0 }, "geometry": { "type": "Point", "coordinates": [ -0.226498561068638, 51.612767109770182 ] } },
{ "type": "Feature", "properties": { "max_height": 0.032501220703125, "mean_height": 0.0014768327819183469, "std_height": 0.0060611283406615257, "count_pixels": 42, "percent_cover": 0.025194205332773459, "percent_above_0.1m": 0.0, "low_level_<0.5": 0.0, "mid_level_0.5-2": 0.0, "tall_2+": 0.0 }, "geometry": { "type": "Point", "coordinates": [ -0.226298541466452, 51.612764088006941 ] } },
{ "type": "Feature", "properties": { "max_height": 6.385498046875, "mean_height": 0.32256534695625305, "std_height": 1.1440111398696899, "count_pixels": 42, "percent_cover": 0.025194205332773459, "percent_above_0.1m": 16.666666666666664, "low_level_<0.5": 7.1428571428571423, "mid_level_0.5-2": 0.0, "tall_2+": 7.1428571428571423 }, "geometry": { "type": "Point", "coordinates": [ -0.226098521899504, 51.612761065903086 ] } },
{ "type": "Feature", "properties": { "max_height": 11.694252014160156, "mean_height": 3.0941352844238281, "std_height": 2.592252254486084, "count_pixels": 43, "percent_cover": 0.025794067364506162, "percent_above_0.1m": 90.697674418604649, "low_level_<0.5": 4.6511627906976747, "mid_level_0.5-2": 27.906976744186046, "tall_2+": 58.139534883720934 }, "geometry": { "type": "Point", "coordinates": [ -0.225898502367817, 51.612758043458598 ] } },
{ "type": "Feature", "properties": { "max_height": 9.389495849609375, "mean_height": 0.61793136596679688, "std_height": 1.6344738006591797, "count_pixels": 40, "percent_cover": 0.02399448126930806, "percent_above_0.1m": 27.5, "low_level_<0.5": 5.0, "mid_level_0.5-2": 7.5, "tall_2+": 12.5 }, "geometry": { "type": "Point", "coordinates": [ -0.236595486788744, 51.613027068277091 ] } },
{ "type": "Feature", "properties": { "max_height": 4.100250244140625, "mean_height": 0.49069494009017944, "std_height": 0.92889106273651123, "count_pixels": 41, "percent_cover": 0.024594343301040763, "percent_above_0.1m": 36.585365853658537, "low_level_<0.5": 7.3170731707317067, "mid_level_0.5-2": 14.634146341463413, "tall_2+": 9.7560975609756095 }, "geometry": { "type": "Point", "coordinates": [ -0.236395456906601, 51.613024068527544 ] } },
{ "type": "Feature", "properties": { "max_height": 3.8385009765625, "mean_height": 0.2049458771944046, "std_height": 0.69028109312057495, "count_pixels": 42, "percent_cover": 0.025194205332773459, "percent_above_0.1m": 11.904761904761903, "low_level_<0.5": 2.3809523809523809, "mid_level_0.5-2": 4.7619047619047619, "tall_2+": 4.7619047619047619 }, "geometry": { "type": "Point", "coordinates": [ -0.236195427061893, 51.613021068437149 ] } },
{ "type": "Feature", "properties": { "max_height": 0.0362548828125, "mean_height": 0.0041255042888224125, "std_height": 0.0073793753981590271, "count_pixels": 42, "percent_cover": 0.025194205332773459, "percent_above_0.1m": 0.0, "low_level_<0.5": 0.0, "mid_level_0.5-2": 0.0, "tall_2+": 0.0 }, "geometry": { "type": "Point", "coordinates": [ -0.235995397254624, 51.613018068005921 ] } },
{ "type": "Feature", "properties": { "max_height": 2.8535003662109375, "mean_height": 0.38716107606887817, "std_height": 0.78037536144256592, "count_pixels": 42, "percent_cover": 0.025194205332773459, "percent_above_0.1m": 28.571428571428569, "low_level_<0.5": 9.5238095238095237, "mid_level_0.5-2": 11.904761904761903, "tall_2+": 7.1428571428571423 }, "geometry": { "type": "Point", "coordinates": [ -0.235795367484804, 51.613015067233846 ] } },
{ "type": "Feature", "properties": { "max_height": 2.9990005493164062, "mean_height": 0.48863929510116577, "std_height": 0.83120924234390259, "count_pixels": 43, "percent_cover": 0.025794067364506162, "percent_above_0.1m": 34.883720930232556, "low_level_<0.5": 9.3023255813953494, "mid_level_0.5-2": 18.604651162790699, "tall_2+": 6.9767441860465116 }, "geometry": { "type": "Point", "coordinates": [ -0.235595337752431, 51.613012066120923 ] } },
{ "type": "Feature", "properties": { "max_height": 1.636505126953125, "mean_height": 0.1838286966085434, "std_height": 0.37386569380760193, "count_pixels": 44, "percent_cover": 0.026393929396238865, "percent_above_0.1m": 31.818181818181817, "low_level_<0.5": 13.636363636363635, "mid_level_0.5-2": 13.636363636363635, "tall_2+": 0.0 }, "geometry": { "type": "Point", "coordinates": [ -0.235395308057509, 51.613009064667139 ] } },
{ "type": "Feature", "properties": { "max_height": 0.8352508544921875, "mean_height": 0.039541199803352356, "std_height": 0.13719795644283295, "count_pixels": 43, "percent_cover": 0.025794067364506162, "percent_above_0.1m": 9.3023255813953494, "low_level_<0.5": 4.6511627906976747, "mid_level_0.5-2": 2.3255813953488373, "tall_2+": 0.0 }, "geometry": { "type": "Point", "coordinates": [ -0.235195278400048, 51.613006062872522 ] } },
{ "type": "Feature", "properties": { "max_height": 0.67925262451171875, "mean_height": 0.060401029884815216, "std_height": 0.14570090174674988, "count_pixels": 43, "percent_cover": 0.025794067364506162, "percent_above_0.1m": 16.279069767441861, "low_level_<0.5": 6.9767441860465116, "mid_level_0.5-2": 4.6511627906976747, "tall_2+": 0.0 }, "geometry": { "type": "Point", "coordinates": [ -0.23499524899945, 51.613003060668603 ] } },
{ "type": "Feature", "properties": { "max_height": 6.9785003662109375, "mean_height": 0.89982712268829346, "std_height": 1.6640743017196655, "count_pixels": 42, "percent_cover": 0.025194205332773459, "percent_above_0.1m": 47.619047619047613, "low_level_<0.5": 7.1428571428571423, "mid_level_0.5-2": 21.428571428571427, "tall_2+": 16.666666666666664 }, "geometry": { "type": "Point", "coordinates": [ -0.234795223675706, 51.613000055562594 ] } },
{ "type": "Feature", "properties": { "max_height": 3.0145034790039062, "mean_height": 0.38111224770545959, "std_height": 0.68855315446853638, "count_pixels": 42, "percent_cover": 0.025194205332773459, "percent_above_0.1m": 42.857142857142854, "low_level_<0.5": 21.428571428571427, "mid_level_0.5-2": 11.904761904761903, "tall_2+": 7.1428571428571423 }, "geometry": { "type": "Point", "coordinates": [ -0.234595202135272, 51.612997047924296 ] } },
{ "type": "Feature", "properties": { "max_height": 2.6270065307617188, "mean_height": 0.20505468547344208, "std_height": 0.55037742853164673, "count_pixels": 41, "percent_cover": 0.024594343301040763, "percent_above_0.1m": 21.951219512195124, "low_level_<0.5": 7.3170731707317067, "mid_level_0.5-2": 4.8780487804878048, "tall_2+": 4.8780487804878048 }, "geometry": { "type": "Point", "coordinates": [ -0.23439518062992, 51.612994039945363 ] } },
{ "type": "Feature", "properties": { "max_height": 0.03499603271484375, "mean_height": 0.0017816543113440275, "std_height": 0.0059349881485104561, "count_pixels": 40, "percent_cover": 0.02399448126930806, "percent_above_0.1m": 0.0, "low_level_<0.5": 0.0, "mid_level_0.5-2": 0.0, "tall_2+": 0.0 }, "geometry": { "type": "Point", "coordinates": [ -0.234195159159654, 51.612991031625768 ] } },
{ "type": "Feature", "properties": { "max_height": 0.0187530517578125, "mean_height": 0.00080723233986645937, "std_height": 0.0038772879634052515, "count_pixels": 36, "percent_cover": 0.021595033142377252, "percent_above_0.1m": 0.0, "low_level_<0.5": 0.0, "mid_level_0.5-2": 0.0, "tall_2+": 0.0 }, "geometry": { "type": "Point", "coordinates": [ -0.233995137724482, 51.612988022965538 ] } },
{ "type": "Feature", "properties": { "max_height": 0.0042572021484375, "mean_height": -0.00023231506929732859, "std_height": 0.0017391872825101018, "count_pixels": 40, "percent_cover": 0.02399448126930806, "percent_above_0.1m": 0.0, "low_level_<0.5": 0.0, "mid_level_0.5-2": 0.0, "tall_2+": 0.0 }, "geometry": { "type": "Point", "coordinates": [ -0.233795116324397, 51.612985013964654 ] } },
{ "type": "Feature", "properties": { "max_height": 0.4277496337890625, "mean_height": 0.01082201674580574, "std_height": 0.065949477255344391, "count_pixels": 41, "percent_cover": 0.024594343301040763, "percent_above_0.1m": 2.4390243902439024, "low_level_<0.5": 2.4390243902439024, "mid_level_0.5-2": 0.0, "tall_2+": 0.0 }, "geometry": { "type": "Point", "coordinates": [ -0.233595094959421, 51.612982004623142 ] } },
{ "type": "Feature", "properties": { "max_height": 0.00800323486328125, "mean_height": -0.00011516752419993281, "std_height": 0.0024258601479232311, "count_pixels": 42, "percent_cover": 0.025194205332773459, "percent_above_0.1m": 0.0, "low_level_<0.5": 0.0, "mid_level_0.5-2": 0.0, "tall_2+": 0.0 }, "geometry": { "type": "Point", "coordinates": [ -0.233395073629537, 51.612978994940953 ] } },
{ "type": "Feature", "properties": { "max_height": 2.8642578125, "mean_height": 0.28582054376602173, "std_height": 0.737312912940979, "count_pixels": 42, "percent_cover": 0.025194205332773459, "percent_above_0.1m": 14.285714285714285, "low_level_<0.5": 0.0, "mid_level_0.5-2": 9.5238095238095237, "tall_2+": 4.7619047619047619 }, "geometry": { "type": "Point", "coordinates": [ -0.233195052334764, 51.612975984918137 ] } },
{ "type": "Feature", "properties": { "max_height": 1.144256591796875, "mean_height": 0.11244528740644455, "std_height": 0.29948055744171143, "count_pixels": 42, "percent_cover": 0.025194205332773459, "percent_above_0.1m": 16.666666666666664, "low_level_<0.5": 7.1428571428571423, "mid_level_0.5-2": 9.5238095238095237, "tall_2+": 0.0 }, "geometry": { "type": "Point", "coordinates": [ -0.232995031075103, 51.612972974554665 ] } },
{ "type": "Feature", "properties": { "max_height": 10.912757873535156, "mean_height": 3.7742784023284912, "std_height": 3.4146134853363037, "count_pixels": 43, "percent_cover": 0.025794067364506162, "percent_above_0.1m": 81.395348837209298, "low_level_<0.5": 4.6511627906976747, "mid_level_0.5-2": 16.279069767441861, "tall_2+": 60.465116279069761 }, "geometry": { "type": "Point", "coordinates": [ -0.232795009850555, 51.612969963850546 ] } },
{ "type": "Feature", "properties": { "max_height": 8.7387542724609375, "mean_height": 1.0233792066574097, "std_height": 1.7971998453140259, "count_pixels": 44, "percent_cover": 0.026393929396238865, "percent_above_0.1m": 59.090909090909093, "low_level_<0.5": 11.363636363636363, "mid_level_0.5-2": 34.090909090909086, "tall_2+": 13.636363636363635 }, "geometry": { "type": "Point", "coordinates": [ -0.232594988661127, 51.612966952805792 ] } },
{ "type": "Feature", "properties": { "max_height": 11.243003845214844, "mean_height": 2.6513426303863525, "std_height": 3.3619143962860107, "count_pixels": 43, "percent_cover": 0.025794067364506162, "percent_above_0.1m": 62.790697674418603, "low_level_<0.5": 4.6511627906976747, "mid_level_0.5-2": 9.3023255813953494, "tall_2+": 44.186046511627907 }, "geometry": { "type": "Point", "coordinates": [ -0.232394967506817, 51.612963941420375 ] } },
{ "type": "Feature", "properties": { "max_height": 11.698257446289062, "mean_height": 2.7043917179107666, "std_height": 3.3365628719329834, "count_pixels": 43, "percent_cover": 0.025794067364506162, "percent_above_0.1m": 69.767441860465112, "low_level_<0.5": 2.3255813953488373, "mid_level_0.5-2": 23.255813953488371, "tall_2+": 41.860465116279073 }, "geometry": { "type": "Point", "coordinates": [ -0.232194946387636, 51.612960929694331 ] } },
{ "type": "Feature", "properties": { "max_height": 2.6612472534179688, "mean_height": 0.34523245692253113, "std_height": 0.70834130048751831, "count_pixels": 42, "percent_cover": 0.025194205332773459, "percent_above_0.1m": 30.952380952380953, "low_level_<0.5": 9.5238095238095237, "mid_level_0.5-2": 11.904761904761903, "tall_2+": 7.1428571428571423 }, "geometry": { "type": "Point", "coordinates": [ -0.231994925303589, 51.612957917627604 ] } },
{ "type": "Feature", "properties": { "max_height": 4.9317550659179688, "mean_height": 0.4173576831817627, "std_height": 0.91294163465499878, "count_pixels": 42, "percent_cover": 0.025194205332773459, "percent_above_0.1m": 47.619047619047613, "low_level_<0.5": 21.428571428571427, "mid_level_0.5-2": 11.904761904761903, "tall_2+": 7.1428571428571423 }, "geometry": { "type": "Point", "coordinates": [ -0.231794904254667, 51.612954905220256 ] } },
{ "type": "Feature", "properties": { "max_height": 0.78749847412109375, "mean_height": 0.14327332377433777, "std_height": 0.21761465072631836, "count_pixels": 41, "percent_cover": 0.024594343301040763, "percent_above_0.1m": 29.268292682926827, "low_level_<0.5": 17.073170731707318, "mid_level_0.5-2": 12.195121951219512, "tall_2+": 0.0 }, "geometry": { "type": "Point", "coordinates": [ -0.231594883240893, 51.612951892472267 ] } },
{ "type": "Feature", "properties": { "max_height": 1.4162521362304688, "mean_height": 0.18345680832862854, "std_height": 0.40287253260612488, "count_pixels": 40, "percent_cover": 0.02399448126930806, "percent_above_0.1m": 25.0, "low_level_<0.5": 12.5, "mid_level_0.5-2": 10.0, "tall_2+": 0.0 }, "geometry": { "type": "Point", "coordinates": [ -0.231394862262255, 51.612948879383623 ] } },
{ "type": "Feature", "properties": { "max_height": 2.8367462158203125, "mean_height": 0.72603416442871094, "std_height": 0.83151340484619141, "count_pixels": 36, "percent_cover": 0.021595033142377252, "percent_above_0.1m": 69.444444444444443, "low_level_<0.5": 25.0, "mid_level_0.5-2": 30.555555555555557, "tall_2+": 11.111111111111111 }, "geometry": { "type": "Point", "coordinates": [ -0.231194841318766, 51.612945865954337 ] } },
{ "type": "Feature", "properties": { "max_height": 8.8207473754882812, "mean_height": 3.6755626201629639, "std_height": 2.0667960643768311, "count_pixels": 40, "percent_cover": 0.02399448126930806, "percent_above_0.1m": 97.5, "low_level_<0.5": 5.0, "mid_level_0.5-2": 15.0, "tall_2+": 77.5 }, "geometry": { "type": "Point", "coordinates": [ -0.230994820410425, 51.612942852184418 ] } },
{ "type": "Feature", "properties": { "max_height": 10.250999450683594, "mean_height": 2.8859095573425293, "std_height": 3.0101714134216309, "count_pixels": 41, "percent_cover": 0.024594343301040763, "percent_above_0.1m": 87.804878048780495, "low_level_<0.5": 12.195121951219512, "mid_level_0.5-2": 24.390243902439025, "tall_2+": 48.780487804878049 }, "geometry": { "type": "Point", "coordinates": [ -0.230794799537244, 51.612939838073842 ] } },
{ "type": "Feature", "properties": { "max_height": 8.3777542114257812, "mean_height": 2.2882275581359863, "std_height": 2.3891379833221436, "count_pixels": 42, "percent_cover": 0.025194205332773459, "percent_above_0.1m": 80.952380952380949, "low_level_<0.5": 11.904761904761903, "mid_level_0.5-2": 28.571428571428569, "tall_2+": 40.476190476190474 }, "geometry": { "type": "Point", "coordinates": [ -0.230594778699213, 51.612936823622618 ] } },
{ "type": "Feature", "properties": { "max_height": 3.4452438354492188, "mean_height": 0.59086626768112183, "std_height": 0.82422679662704468, "count_pixels": 42, "percent_cover": 0.025194205332773459, "percent_above_0.1m": 59.523809523809526, "low_level_<0.5": 14.285714285714285, "mid_level_0.5-2": 30.952380952380953, "tall_2+": 9.5238095238095237 }, "geometry": { "type": "Point", "coordinates": [ -0.230394757896351, 51.612933808830746 ] } },
{ "type": "Feature", "properties": { "max_height": 7.3699951171875, "mean_height": 1.1955407857894897, "std_height": 1.8726006746292114, "count_pixels": 42, "percent_cover": 0.025194205332773459, "percent_above_0.1m": 59.523809523809526, "low_level_<0.5": 19.047619047619047, "mid_level_0.5-2": 16.666666666666664, "tall_2+": 23.809523809523807 }, "geometry": { "type": "Point", "coordinates": [ -0.230194737128652, 51.612930793698247 ] } },
{ "type": "Feature", "properties": { "max_height": 3.134002685546875, "mean_height": 1.4395864009857178, "std_height": 0.78121602535247803, "count_pixels": 43, "percent_cover": 0.025794067364506162, "percent_above_0.1m": 95.348837209302332, "low_level_<0.5": 4.6511627906976747, "mid_level_0.5-2": 65.116279069767444, "tall_2+": 25.581395348837212 }, "geometry": { "type": "Point", "coordinates": [ -0.229994716396121, 51.612927778225085 ] } },
{ "type": "Feature", "properties": { "max_height": 2.8624954223632812, "mean_height": 0.36150464415550232, "std_height": 0.74630481004714966, "count_pixels": 44, "percent_cover": 0.026393929396238865, "percent_above_0.1m": 29.545454545454547, "low_level_<0.5": 9.0909090909090917, "mid_level_0.5-2": 9.0909090909090917, "tall_2+": 9.0909090909090917 }, "geometry": { "type": "Point", "coordinates": [ -0.229794695698767, 51.612924762411282 ] } },
{ "type": "Feature", "properties": { "max_height": 0.0052490234375, "mean_height": -0.00016305613098666072, "std_height": 0.0020914135966449976, "count_pixels": 43, "percent_cover": 0.025794067364506162, "percent_above_0.1m": 0.0, "low_level_<0.5": 0.0, "mid_level_0.5-2": 0.0, "tall_2+": 0.0 }, "geometry": { "type": "Point", "coordinates": [ -0.229594675036591, 51.612921746256838 ] } },
{ "type": "Feature", "properties": { "max_height": 0.65424346923828125, "mean_height": 0.0349884033203125, "std_height": 0.12768262624740601, "count_pixels": 43, "percent_cover": 0.025794067364506162, "percent_above_0.1m": 6.9767441860465116, "low_level_<0.5": 2.3255813953488373, "mid_level_0.5-2": 4.6511627906976747, "tall_2+": 0.0 }, "geometry": { "type": "Point", "coordinates": [ -0.229394654409598, 51.612918729761745 ] } },
{ "type": "Feature", "properties": { "max_height": 2.5702590942382812, "mean_height": 0.19300660490989685, "std_height": 0.50311774015426636, "count_pixels": 42, "percent_cover": 0.025194205332773459, "percent_above_0.1m": 21.428571428571427, "low_level_<0.5": 4.7619047619047619, "mid_level_0.5-2": 9.5238095238095237, "tall_2+": 2.3809523809523809 }, "geometry": { "type": "Point", "coordinates": [ -0.229194633817791, 51.612915712926011 ] } },
{ "type": "Feature", "properties": { "max_height": 4.208251953125, "mean_height": 0.15954208374023438, "std_height": 0.66934466361999512, "count_pixels": 42, "percent_cover": 0.025194205332773459, "percent_above_0.1m": 11.904761904761903, "low_level_<0.5": 7.1428571428571423, "mid_level_0.5-2": 2.3809523809523809, "tall_2+": 2.3809523809523809 }, "geometry": { "type": "Point", "coordinates": [ -0.22899461326117, 51.612912695749642 ] } },
{ "type": "Feature", "properties": { "max_height": 0.011749267578125, "mean_height": 0.00046892862883396447, "std_height": 0.0035811096895486116, "count_pixels": 41, "percent_cover": 0.024594343301040763, "percent_above_0.1m": 0.0, "low_level_<0.5": 0.0, "mid_level_0.5-2": 0.0, "tall_2+": 0.0 }, "geometry": { "type": "Point", "coordinates": [ -0.228794592739745, 51.612909678232619 ] } },
{ "type": "Feature", "properties": { "max_height": 0.02425384521484375, "mean_height": -1.8692016965360381e-05, "std_height": 0.0050206701271235943, "count_pixels": 40, "percent_cover": 0.02399448126930806, "percent_above_0.1m": 0.0, "low_level_<0.5": 0.0, "mid_level_0.5-2": 0.0, "tall_2+": 0.0 }, "geometry": { "type": "Point", "coordinates": [ -0.228594572253521, 51.612906660374946 ] } },
{ "type": "Feature", "properties": { "max_height": 5.3340072631835938, "mean_height": 1.7970986366271973, "std_height": 1.4275482892990112, "count_pixels": 36, "percent_cover": 0.021595033142377252, "percent_above_0.1m": 86.111111111111114, "low_level_<0.5": 5.5555555555555554, "mid_level_0.5-2": 41.666666666666671, "tall_2+": 38.888888888888893 }, "geometry": { "type": "Point", "coordinates": [ -0.228394551802495, 51.61290364217664 ] } },
{ "type": "Feature", "properties": { "max_height": 5.6880035400390625, "mean_height": 2.0051188468933105, "std_height": 1.5664137601852417, "count_pixels": 40, "percent_cover": 0.02399448126930806, "percent_above_0.1m": 85.0, "low_level_<0.5": 7.5, "mid_level_0.5-2": 20.0, "tall_2+": 52.5 }, "geometry": { "type": "Point", "coordinates": [ -0.228194531386676, 51.612900623637692 ] } },
{ "type": "Feature", "properties": { "max_height": 3.3507537841796875, "mean_height": 0.12930484116077423, "std_height": 0.54558080434799194, "count_pixels": 41, "percent_cover": 0.024594343301040763, "percent_above_0.1m": 9.7560975609756095, "low_level_<0.5": 4.8780487804878048, "mid_level_0.5-2": 2.4390243902439024, "tall_2+": 2.4390243902439024 }, "geometry": { "type": "Point", "coordinates": [ -0.227994511006068, 51.612897604758096 ] } },
{ "type": "Feature", "properties": { "max_height": 0.01175689697265625, "mean_height": 0.0019523983355611563, "std_height": 0.0038809557445347309, "count_pixels": 42, "percent_cover": 0.025194205332773459, "percent_above_0.1m": 0.0, "low_level_<0.5": 0.0, "mid_level_0.5-2": 0.0, "tall_2+": 0.0 }, "geometry": { "type": "Point", "coordinates": [ -0.227794490660674, 51.612894585537859 ] } },
{ "type": "Feature", "properties": { "max_height": 0.00775146484375, "mean_height": 0.00064940680749714375, "std_height": 0.0027127985376864672, "count_pixels": 42, "percent_cover": 0.025194205332773459, "percent_above_0.1m": 0.0, "low_level_<0.5": 0.0, "mid_level_0.5-2": 0.0, "tall_2+": 0.0 }, "geometry": { "type": "Point", "coordinates": [ -0.227594470350495, 51.612891565976973 ] } },
{ "type": "Feature", "properties": { "max_height": 0.00850677490234375, "mean_height": 0.00020308721286710352, "std_height": 0.003321024589240551, "count_pixels": 42, "percent_cover": 0.025194205332773459, "percent_above_0.1m": 0.0, "low_level_<0.5": 0.0, "mid_level_0.5-2": 0.0, "tall_2+": 0.0 }, "geometry": { "type": "Point", "coordinates": [ -0.227394450075545, 51.612888546075446 ] } },
{ "type": "Feature", "properties": { "max_height": 0.0257568359375, "mean_height": 0.0008025058195926249, "std_height": 0.0050728018395602703, "count_pixels": 43, "percent_cover": 0.025794067364506162, "percent_above_0.1m": 0.0, "low_level_<0.5": 0.0, "mid_level_0.5-2": 0.0, "tall_2+": 0.0 }, "geometry": { "type": "Point", "coordinates": [ -0.227194429835812, 51.612885525833271 ] } },
{ "type": "Feature", "properties": { "max_height": 0.514495849609375, "mean_height": 0.018329793587327003, "std_height": 0.08107469230890274, "count_pixels": 44, "percent_cover": 0.026393929396238865, "percent_above_0.1m": 4.5454545454545459, "low_level_<0.5": 2.2727272727272729, "mid_level_0.5-2": 2.2727272727272729, "tall_2+": 0.0 }, "geometry": { "type": "Point", "coordinates": [ -0.226994409631313, 51.612882505250461 ] } },
{ "type": "Feature", "properties": { "max_height": 0.15775299072265625, "mean_height": 0.009522903710603714, "std_height": 0.031761262565851212, "count_pixels": 43, "percent_cover": 0.025794067364506162, "percent_above_0.1m": 4.6511627906976747, "low_level_<0.5": 2.3255813953488373, "mid_level_0.5-2": 0.0, "tall_2+": 0.0 }, "geometry": { "type": "Point", "coordinates": [ -0.226794389462048, 51.61287948432701 ] } },
{ "type": "Feature", "properties": { "max_height": 0.05450439453125, "mean_height": 0.0030120140872895718, "std_height": 0.010656039230525494, "count_pixels": 43, "percent_cover": 0.025794067364506162, "percent_above_0.1m": 0.0, "low_level_<0.5": 0.0, "mid_level_0.5-2": 0.0, "tall_2+": 0.0 }, "geometry": { "type": "Point", "coordinates": [ -0.226594369328023, 51.612876463062904 ] } },
{ "type": "Feature", "properties": { "max_height": 0.00800323486328125, "mean_height": 0.00021453130466397852, "std_height": 0.0047754687257111073, "count_pixels": 42, "percent_cover": 0.025194205332773459, "percent_above_0.1m": 0.0, "low_level_<0.5": 0.0, "mid_level_0.5-2": 0.0, "tall_2+": 0.0 }, "geometry": { "type": "Point", "coordinates": [ -0.226394349229233, 51.612873441458177 ] } },
{ "type": "Feature", "properties": { "max_height": 0.01024627685546875, "mean_height": -0.00040453957626596093, "std_height": 0.0040521738119423389, "count_pixels": 42, "percent_cover": 0.025194205332773459, "percent_above_0.1m": 0.0, "low_level_<0.5": 0.0, "mid_level_0.5-2": 0.0, "tall_2+": 0.0 }, "geometry": { "type": "Point", "coordinates": [ -0.226194329165693, 51.612870419512795 ] } },
{ "type": "Feature", "properties": { "max_height": 1.69500732421875, "mean_height": 0.24245825409889221, "std_height": 0.41281625628471375, "count_pixels": 41, "percent_cover": 0.024594343301040763, "percent_above_0.1m": 36.585365853658537, "low_level_<0.5": 9.7560975609756095, "mid_level_0.5-2": 21.951219512195124, "tall_2+": 0.0 }, "geometry": { "type": "Point", "coordinates": [ -0.225994309137405, 51.612867397226765 ] } },
{ "type": "Feature", "properties": { "max_height": 3.3972549438476562, "mean_height": 0.69719409942626953, "std_height": 0.95973348617553711, "count_pixels": 40, "percent_cover": 0.02399448126930806, "percent_above_0.1m": 55.000000000000007, "low_level_<0.5": 10.0, "mid_level_0.5-2": 30.0, "tall_2+": 10.0 }, "geometry": { "type": "Point", "coordinates": [ -0.225794289144369, 51.612864374600107 ] } },
{ "type": "Feature", "properties": { "max_height": 0.81549835205078125, "mean_height": 0.082557506859302521, "std_height": 0.18057405948638916, "count_pixels": 44, "percent_cover": 0.026393929396238865, "percent_above_0.1m": 15.909090909090908, "low_level_<0.5": 6.8181818181818175, "mid_level_0.5-2": 6.8181818181818175, "tall_2+": 0.0 }, "geometry": { "type": "Point", "coordinates": [ -0.236691324565466, 51.613136411225966 ] } },
{ "type": "Feature", "properties": { "max_height": 7.7670059204101562, "mean_height": 1.8774087429046631, "std_height": 2.3431246280670166, "count_pixels": 43, "percent_cover": 0.025794067364506162, "percent_above_0.1m": 62.790697674418603, "low_level_<0.5": 6.9767441860465116, "mid_level_0.5-2": 18.604651162790699, "tall_2+": 34.883720930232556 }, "geometry": { "type": "Point", "coordinates": [ -0.236491294142797, 51.613133411638621 ] } },
{ "type": "Feature", "properties": { "max_height": 0.6725006103515625, "mean_height": 0.048399787396192551, "std_height": 0.10384399443864822, "count_pixels": 42, "percent_cover": 0.025194205332773459, "percent_above_0.1m": 7.1428571428571423, "low_level_<0.5": 2.3809523809523809, "mid_level_0.5-2": 2.3809523809523809, "tall_2+": 0.0 }, "geometry": { "type": "Point", "coordinates": [ -0.236291263757558, 51.613130411710429 ] } },
{ "type": "Feature", "properties": { "max_height": 3.6257476806640625, "mean_height": 0.54163217544555664, "std_height": 0.9258379340171814, "count_pixels": 42, "percent_cover": 0.025194205332773459, "percent_above_0.1m": 35.714285714285715, "low_level_<0.5": 7.1428571428571423, "mid_level_0.5-2": 19.047619047619047, "tall_2+": 9.5238095238095237 }, "geometry": { "type": "Point", "coordinates": [ -0.236091233409764, 51.613127411441383 ] } },
{ "type": "Feature", "properties": { "max_height": 2.4850006103515625, "mean_height": 0.88624352216720581, "std_height": 0.75195044279098511, "count_pixels": 42, "percent_cover": 0.025194205332773459, "percent_above_0.1m": 78.571428571428569, "low_level_<0.5": 21.428571428571427, "mid_level_0.5-2": 45.238095238095241, "tall_2+": 9.5238095238095237 }, "geometry": { "type": "Point", "coordinates": [ -0.235891203099411, 51.613124410831503 ] } },
{ "type": "Feature", "properties": { "max_height": 6.8069992065429688, "mean_height": 2.0497937202453613, "std_height": 1.6137514114379883, "count_pixels": 41, "percent_cover": 0.024594343301040763, "percent_above_0.1m": 95.121951219512198, "low_level_<0.5": 12.195121951219512, "mid_level_0.5-2": 41.463414634146339, "tall_2+": 41.463414634146339 }, "geometry": { "type": "Point", "coordinates": [ -0.235691172826507, 51.613121409880783 ] } },
{ "type": "Feature", "properties": { "max_height": 6.615997314453125, "mean_height": 1.3645741939544678, "std_height": 1.2442135810852051, "count_pixels": 40, "percent_cover": 0.02399448126930806, "percent_above_0.1m": 92.5, "low_level_<0.5": 15.0, "mid_level_0.5-2": 55.000000000000007, "tall_2+": 20.0 }, "geometry": { "type": "Point", "coordinates": [ -0.235491142591053, 51.613118408589195 ] } },
{ "type": "Feature", "properties": { "max_height": 4.3302459716796875, "mean_height": 0.66306281089782715, "std_height": 0.80965119600296021, "count_pixels": 36, "percent_cover": 0.021595033142377252, "percent_above_0.1m": 77.777777777777786, "low_level_<0.5": 33.333333333333329, "mid_level_0.5-2": 36.111111111111107, "tall_2+": 5.5555555555555554 }, "geometry": { "type": "Point", "coordinates": [ -0.235291112393053, 51.613115406956773 ] } },
{ "type": "Feature", "properties": { "max_height": 1.5307464599609375, "mean_height": 0.161250039935112, "std_height": 0.34419652819633484, "count_pixels": 41, "percent_cover": 0.024594343301040763, "percent_above_0.1m": 21.951219512195124, "low_level_<0.5": 7.3170731707317067, "mid_level_0.5-2": 12.195121951219512, "tall_2+": 0.0 }, "geometry": { "type": "Point", "coordinates": [ -0.235091082232516, 51.61311240498349 ] } },
{ "type": "Feature", "properties": { "max_height": 2.0625, "mean_height": 0.08304297924041748, "std_height": 0.32181206345558167, "count_pixels": 41, "percent_cover": 0.024594343301040763, "percent_above_0.1m": 12.195121951219512, "low_level_<0.5": 9.7560975609756095, "mid_level_0.5-2": 0.0, "tall_2+": 2.4390243902439024 }, "geometry": { "type": "Point", "coordinates": [ -0.2348910542503, 51.61310940183585 ] } },
{ "type": "Feature", "properties": { "max_height": 2.0412445068359375, "mean_height": 0.55845749378204346, "std_height": 0.62210875749588013, "count_pixels": 42, "percent_cover": 0.025194205332773459, "percent_above_0.1m": 64.285714285714292, "low_level_<0.5": 19.047619047619047, "mid_level_0.5-2": 38.095238095238095, "tall_2+": 2.3809523809523809 }, "geometry": { "type": "Point", "coordinates": [ -0.234691030718543, 51.61310639480088 ] } },
{ "type": "Feature", "properties": { "max_height": 1.3245010375976562, "mean_height": 0.17398253083229065, "std_height": 0.32999095320701599, "count_pixels": 42, "percent_cover": 0.025194205332773459, "percent_above_0.1m": 33.333333333333329, "low_level_<0.5": 9.5238095238095237, "mid_level_0.5-2": 11.904761904761903, "tall_2+": 0.0 }, "geometry": { "type": "Point", "coordinates": [ -0.234491008716661, 51.613103386980484 ] } },
{ "type": "Feature", "properties": { "max_height": 1.167999267578125, "mean_height": 0.13634385168552399, "std_height": 0.27678444981575012, "count_pixels": 43, "percent_cover": 0.025794067364506162, "percent_above_0.1m": 18.604651162790699, "low_level_<0.5": 6.9767441860465116, "mid_level_0.5-2": 11.627906976744185, "tall_2+": 0.0 }, "geometry": { "type": "Point", "coordinates": [ -0.23429098674986, 51.613100378819439 ] } },
{ "type": "Feature", "properties": { "max_height": 4.2050018310546875, "mean_height": 0.19532948732376099, "std_height": 0.71830689907073975, "count_pixels": 44, "percent_cover": 0.026393929396238865, "percent_above_0.1m": 9.0909090909090917, "low_level_<0.5": 0.0, "mid_level_0.5-2": 4.5454545454545459, "tall_2+": 4.5454545454545459 }, "geometry": { "type": "Point", "coordinates": [ -0.234090964818156, 51.613097370317746 ] } },
{ "type": "Feature", "properties": { "max_height": 2.7757492065429688, "mean_height": 0.1578357070684433, "std_height": 0.4678460955619812, "count_pixels": 44, "percent_cover": 0.026393929396238865, "percent_above_0.1m": 18.181818181818183, "low_level_<0.5": 4.5454545454545459, "mid_level_0.5-2": 9.0909090909090917, "tall_2+": 2.2727272727272729 }, "geometry": { "type": "Point", "coordinates": [ -0.233890942921537, 51.613094361475397 ] } },
{ "type": "Feature", "properties": { "max_height": 1.2352447509765625, "mean_height": 0.14753173291683197, "std_height": 0.31076261401176453, "count_pixels": 43, "percent_cover": 0.025794067364506162, "percent_above_0.1m": 25.581395348837212, "low_level_<0.5": 11.627906976744185, "mid_level_0.5-2": 11.627906976744185, "tall_2+": 0.0 }, "geometry": { "type": "Point", "coordinates": [ -0.23369092106002, 51.613091352292408 ] } },
{ "type": "Feature", "properties": { "max_height": 7.8360061645507812, "mean_height": 1.8062376976013184, "std_height": 2.1353256702423096, "count_pixels": 42, "percent_cover": 0.025194205332773459, "percent_above_0.1m": 64.285714285714292, "low_level_<0.5": 7.1428571428571423, "mid_level_0.5-2": 14.285714285714285, "tall_2+": 40.476190476190474 }, "geometry": { "type": "Point", "coordinates": [ -0.2334908992336, 51.613088342768769 ] } },
{ "type": "Feature", "properties": { "max_height": 10.700759887695312, "mean_height": 2.6068499088287354, "std_height": 2.9044058322906494, "count_pixels": 42, "percent_cover": 0.025194205332773459, "percent_above_0.1m": 73.80952380952381, "low_level_<0.5": 7.1428571428571423, "mid_level_0.5-2": 21.428571428571427, "tall_2+": 42.857142857142854 }, "geometry": { "type": "Point", "coordinates": [ -0.233290877442285, 51.613085332904475 ] } },
{ "type": "Feature", "properties": { "max_height": 9.6727523803710938, "mean_height": 2.9271841049194336, "std_height": 3.3056120872497559, "count_pixels": 42, "percent_cover": 0.025194205332773459, "percent_above_0.1m": 66.666666666666657, "low_level_<0.5": 4.7619047619047619, "mid_level_0.5-2": 19.047619047619047, "tall_2+": 42.857142857142854 }, "geometry": { "type": "Point", "coordinates": [ -0.233090855686083, 51.613082322699547 ] } },
{ "type": "Feature", "properties": { "max_height": 8.7032623291015625, "mean_height": 3.554163932800293, "std_height": 2.8857650756835938, "count_pixels": 41, "percent_cover": 0.024594343301040763, "percent_above_0.1m": 80.487804878048792, "low_level_<0.5": 9.7560975609756095, "mid_level_0.5-2": 9.7560975609756095, "tall_2+": 60.975609756097562 }, "geometry": { "type": "Point", "coordinates": [ -0.23289083396499, 51.613079312153964 ] } },
{ "type": "Feature", "properties": { "max_height": 6.3980026245117188, "mean_height": 1.5672729015350342, "std_height": 1.5812203884124756, "count_pixels": 40, "percent_cover": 0.02399448126930806, "percent_above_0.1m": 77.5, "low_level_<0.5": 10.0, "mid_level_0.5-2": 27.5, "tall_2+": 35.0 }, "geometry": { "type": "Point", "coordinates": [ -0.232690812279012, 51.613076301267725 ] } },
{ "type": "Feature", "properties": { "max_height": 5.321746826171875, "mean_height": 1.7570819854736328, "std_height": 1.8561314344406128, "count_pixels": 36, "percent_cover": 0.021595033142377252, "percent_above_0.1m": 63.888888888888886, "low_level_<0.5": 8.3333333333333321, "mid_level_0.5-2": 19.444444444444446, "tall_2+": 36.111111111111107 }, "geometry": { "type": "Point", "coordinates": [ -0.232490790628159, 51.613073290040838 ] } },
{ "type": "Feature", "properties": { "max_height": 9.2687530517578125, "mean_height": 2.0375766754150391, "std_height": 2.3412184715270996, "count_pixels": 41, "percent_cover": 0.024594343301040763, "percent_above_0.1m": 73.170731707317074, "low_level_<0.5": 12.195121951219512, "mid_level_0.5-2": 17.073170731707318, "tall_2+": 41.463414634146339 }, "geometry": { "type": "Point", "coordinates": [ -0.232290769012429, 51.613070278473302 ] } },
{ "type": "Feature", "properties": { "max_height": 7.9560012817382812, "mean_height": 1.7873053550720215, "std_height": 1.6202632188796997, "count_pixels": 41, "percent_cover": 0.024594343301040763, "percent_above_0.1m": 95.121951219512198, "low_level_<0.5": 12.195121951219512, "mid_level_0.5-2": 51.219512195121951, "tall_2+": 31.707317073170731 }, "geometry": { "type": "Point", "coordinates": [ -0.232090747431827, 51.613067266565132 ] } },
{ "type": "Feature", "properties": { "max_height": 2.66650390625, "mean_height": 0.4145413339138031, "std_height": 0.71154546737670898, "count_pixels": 42, "percent_cover": 0.025194205332773459, "percent_above_0.1m": 33.333333333333329, "low_level_<0.5": 4.7619047619047619, "mid_level_0.5-2": 21.428571428571427, "tall_2+": 7.1428571428571423 }, "geometry": { "type": "Point", "coordinates": [ -0.23189072588636, 51.613064254316313 ] } },
{ "type": "Feature", "properties": { "max_height": 6.8747482299804688, "mean_height": 3.3350961208343506, "std_height": 2.346107006072998, "count_pixels": 42, "percent_cover": 0.025194205332773459, "percent_above_0.1m": 85.714285714285708, "low_level_<0.5": 7.1428571428571423, "mid_level_0.5-2": 11.904761904761903, "tall_2+": 66.666666666666657 }, "geometry": { "type": "Point", "coordinates": [ -0.231690704376026, 51.613061241726832 ] } },
{ "type": "Feature", "properties": { "max_height": 7.199249267578125, "mean_height": 1.2567508220672607, "std_height": 1.2509784698486328, "count_pixels": 43, "percent_cover": 0.025794067364506162, "percent_above_0.1m": 95.348837209302332, "low_level_<0.5": 13.953488372093023, "mid_level_0.5-2": 62.790697674418603, "tall_2+": 16.279069767441861 }, "geometry": { "type": "Point", "coordinates": [ -0.231490682900832, 51.61305822879671 ] } },
{ "type": "Feature", "properties": { "max_height": 1.4850006103515625, "mean_height": 0.71419298648834229, "std_height": 0.42561331391334534, "count_pixels": 44, "percent_cover": 0.026393929396238865, "percent_above_0.1m": 86.36363636363636, "low_level_<0.5": 20.454545454545457, "mid_level_0.5-2": 65.909090909090907, "tall_2+": 0.0 }, "geometry": { "type": "Point", "coordinates": [ -0.231290661460788, 51.613055215525932 ] } },
{ "type": "Feature", "properties": { "max_height": 8.290252685546875, "mean_height": 2.5639665126800537, "std_height": 2.1039800643920898, "count_pixels": 44, "percent_cover": 0.026393929396238865, "percent_above_0.1m": 93.181818181818173, "low_level_<0.5": 6.8181818181818175, "mid_level_0.5-2": 40.909090909090914, "tall_2+": 45.454545454545453 }, "geometry": { "type": "Point", "coordinates": [ -0.231090640055886, 51.613052201914535 ] } },
{ "type": "Feature", "properties": { "max_height": 8.2985000610351562, "mean_height": 3.8589775562286377, "std_height": 2.2370114326477051, "count_pixels": 43, "percent_cover": 0.025794067364506162, "percent_above_0.1m": 97.674418604651152, "low_level_<0.5": 2.3255813953488373, "mid_level_0.5-2": 18.604651162790699, "tall_2+": 72.093023255813947 }, "geometry": { "type": "Point", "coordinates": [ -0.23089061868614, 51.613049187962481 ] } },
{ "type": "Feature", "properties": { "max_height": 16.525497436523438, "mean_height": 7.1963582038879395, "std_height": 3.5922424793243408, "count_pixels": 42, "percent_cover": 0.025194205332773459, "percent_above_0.1m": 97.61904761904762, "low_level_<0.5": 0.0, "mid_level_0.5-2": 7.1428571428571423, "tall_2+": 90.476190476190482 }, "geometry": { "type": "Point", "coordinates": [ -0.230690597351552, 51.613046173669773 ] } },
{ "type": "Feature", "properties": { "max_height": 12.332504272460938, "mean_height": 5.0057229995727539, "std_height": 3.1085667610168457, "count_pixels": 42, "percent_cover": 0.025194205332773459, "percent_above_0.1m": 97.61904761904762, "low_level_<0.5": 4.7619047619047619, "mid_level_0.5-2": 14.285714285714285, "tall_2+": 78.571428571428569 }, "geometry": { "type": "Point", "coordinates": [ -0.230490576052122, 51.613043159036422 ] } },
{ "type": "Feature", "properties": { "max_height": 12.869125366210938, "mean_height": 3.7664837837219238, "std_height": 3.5314459800720215, "count_pixels": 42, "percent_cover": 0.025194205332773459, "percent_above_0.1m": 88.095238095238088, "low_level_<0.5": 2.3809523809523809, "mid_level_0.5-2": 23.809523809523807, "tall_2+": 61.904761904761905 }, "geometry": { "type": "Point", "coordinates": [ -0.230290554787856, 51.613040144062431 ] } },
{ "type": "Feature", "properties": { "max_height": 10.75250244140625, "mean_height": 4.1422505378723145, "std_height": 2.9197564125061035, "count_pixels": 41, "percent_cover": 0.024594343301040763, "percent_above_0.1m": 95.121951219512198, "low_level_<0.5": 2.4390243902439024, "mid_level_0.5-2": 17.073170731707318, "tall_2+": 75.609756097560975 }, "geometry": { "type": "Point", "coordinates": [ -0.23009053355876, 51.613037128747777 ] } },
{ "type": "Feature", "properties": { "max_height": 7.0003738403320312, "mean_height": 2.5143122673034668, "std_height": 1.8925192356109619, "count_pixels": 40, "percent_cover": 0.02399448126930806, "percent_above_0.1m": 95.0, "low_level_<0.5": 2.5, "mid_level_0.5-2": 40.0, "tall_2+": 52.5 }, "geometry": { "type": "Point", "coordinates": [ -0.229890512364837, 51.613034113092489 ] } },
{ "type": "Feature", "properties": { "max_height": 6.143524169921875, "mean_height": 1.8252249956130981, "std_height": 1.2932796478271484, "count_pixels": 36, "percent_cover": 0.021595033142377252, "percent_above_0.1m": 94.444444444444443, "low_level_<0.5": 11.111111111111111, "mid_level_0.5-2": 44.444444444444443, "tall_2+": 38.888888888888893 }, "geometry": { "type": "Point", "coordinates": [ -0.229690491206091, 51.613031097096545 ] } },
{ "type": "Feature", "properties": { "max_height": 3.5132293701171875, "mean_height": 0.99885576963424683, "std_height": 1.0624984502792358, "count_pixels": 41, "percent_cover": 0.024594343301040763, "percent_above_0.1m": 68.292682926829272, "low_level_<0.5": 12.195121951219512, "mid_level_0.5-2": 31.707317073170731, "tall_2+": 21.951219512195124 }, "geometry": { "type": "Point", "coordinates": [ -0.229490470082519, 51.613028080759968 ] } },
{ "type": "Feature", "properties": { "max_height": 2.0640029907226562, "mean_height": 0.20001909136772156, "std_height": 0.49118310213088989, "count_pixels": 41, "percent_cover": 0.024594343301040763, "percent_above_0.1m": 24.390243902439025, "low_level_<0.5": 12.195121951219512, "mid_level_0.5-2": 7.3170731707317067, "tall_2+": 2.4390243902439024 }, "geometry": { "type": "Point", "coordinates": [ -0.229290448994137, 51.613025064082734 ] } },
{ "type": "Feature", "properties": { "max_height": 0.83599853515625, "mean_height": 0.02361261285841465, "std_height": 0.12748269736766815, "count_pixels": 42, "percent_cover": 0.025194205332773459, "percent_above_0.1m": 2.3809523809523809, "low_level_<0.5": 0.0, "mid_level_0.5-2": 2.3809523809523809, "tall_2+": 0.0 }, "geometry": { "type": "Point", "coordinates": [ -0.229090427940943, 51.613022047064867 ] } },
{ "type": "Feature", "properties": { "max_height": 0.5345001220703125, "mean_height": 0.0138393584638834, "std_height": 0.081349357962608337, "count_pixels": 42, "percent_cover": 0.025194205332773459, "percent_above_0.1m": 2.3809523809523809, "low_level_<0.5": 0.0, "mid_level_0.5-2": 2.3809523809523809, "tall_2+": 0.0 }, "geometry": { "type": "Point", "coordinates": [ -0.22889040692294, 51.613019029706344 ] } },
{ "type": "Feature", "properties": { "max_height": 0.00949859619140625, "mean_height": -0.00057575316168367863, "std_height": 0.0046414728276431561, "count_pixels": 43, "percent_cover": 0.025794067364506162, "percent_above_0.1m": 0.0, "low_level_<0.5": 0.0, "mid_level_0.5-2": 0.0, "tall_2+": 0.0 }, "geometry": { "type": "Point", "coordinates": [ -0.228690385940136, 51.613016012007186 ] } },
{ "type": "Feature", "properties": { "max_height": 0.009246826171875, "mean_height": -4.5602970203617588e-05, "std_height": 0.0034942529164254665, "count_pixels": 44, "percent_cover": 0.026393929396238865, "percent_above_0.1m": 0.0, "low_level_<0.5": 0.0, "mid_level_0.5-2": 0.0, "tall_2+": 0.0 }, "geometry": { "type": "Point", "coordinates": [ -0.228490364992526, 51.613012993967388 ] } },
{ "type": "Feature", "properties": { "max_height": 6.2637481689453125, "mean_height": 1.6833239793777466, "std_height": 2.066326379776001, "count_pixels": 44, "percent_cover": 0.026393929396238865, "percent_above_0.1m": 68.181818181818173, "low_level_<0.5": 15.909090909090908, "mid_level_0.5-2": 22.727272727272727, "tall_2+": 29.545454545454547 }, "geometry": { "type": "Point", "coordinates": [ -0.228290344080129, 51.613009975586927 ] } },
{ "type": "Feature", "properties": { "max_height": 5.3570022583007812, "mean_height": 1.4704422950744629, "std_height": 1.4930418729782104, "count_pixels": 43, "percent_cover": 0.025794067364506162, "percent_above_0.1m": 81.395348837209298, "low_level_<0.5": 25.581395348837212, "mid_level_0.5-2": 25.581395348837212, "tall_2+": 30.232558139534881 }, "geometry": { "type": "Point", "coordinates": [ -0.228090323202932, 51.613006956865824 ] } },
{ "type": "Feature", "properties": { "max_height": 2.6539993286132812, "mean_height": 0.63330930471420288, "std_height": 0.91498667001724243, "count_pixels": 42, "percent_cover": 0.025194205332773459, "percent_above_0.1m": 38.095238095238095, "low_level_<0.5": 4.7619047619047619, "mid_level_0.5-2": 19.047619047619047, "tall_2+": 14.285714285714285 }, "geometry": { "type": "Point", "coordinates": [ -0.22789030236095, 51.613003937804073 ] } },
{ "type": "Feature", "properties": { "max_height": 0.0110015869140625, "mean_height": 0.0012083507608622313, "std_height": 0.0040076319128274918, "count_pixels": 42, "percent_cover": 0.025194205332773459, "percent_above_0.1m": 0.0, "low_level_<0.5": 0.0, "mid_level_0.5-2": 0.0, "tall_2+": 0.0 }, "geometry": { "type": "Point", "coordinates": [ -0.227690281554188, 51.613000918401688 ] } },
{ "type": "Feature", "properties": { "max_height": 0.01024627685546875, "mean_height": 0.0011485872091725469, "std_height": 0.0032248373609036207, "count_pixels": 42, "percent_cover": 0.025194205332773459, "percent_above_0.1m": 0.0, "low_level_<0.5": 0.0, "mid_level_0.5-2": 0.0, "tall_2+": 0.0 }, "geometry": { "type": "Point", "coordinates": [ -0.227490260782642, 51.612997898658662 ] } },
{ "type": "Feature", "properties": { "max_height": 5.4067535400390625, "mean_height": 0.63032978773117065, "std_height": 1.4099531173706055, "count_pixels": 41, "percent_cover": 0.024594343301040763, "percent_above_0.1m": 24.390243902439025, "low_level_<0.5": 2.4390243902439024, "mid_level_0.5-2": 9.7560975609756095, "tall_2+": 12.195121951219512 }, "geometry": { "type": "Point", "coordinates": [ -0.22729024004632, 51.612994878574987 ] } },
{ "type": "Feature", "properties": { "max_height": 2.2877578735351562, "mean_height": 0.36176928877830505, "std_height": 0.65411734580993652, "count_pixels": 40, "percent_cover": 0.02399448126930806, "percent_above_0.1m": 32.5, "low_level_<0.5": 12.5, "mid_level_0.5-2": 12.5, "tall_2+": 7.5 }, "geometry": { "type": "Point", "coordinates": [ -0.227090219345228, 51.612991858150671 ] } },
{ "type": "Feature", "properties": { "max_height": 6.0447540283203125, "mean_height": 1.3428884744644165, "std_height": 1.766309380531311, "count_pixels": 36, "percent_cover": 0.021595033142377252, "percent_above_0.1m": 63.888888888888886, "low_level_<0.5": 5.5555555555555554, "mid_level_0.5-2": 27.777777777777779, "tall_2+": 27.777777777777779 }, "geometry": { "type": "Point", "coordinates": [ -0.226890198679371, 51.6129888373857 ] } },
{ "type": "Feature", "properties": { "max_height": 9.113494873046875, "mean_height": 1.0870736837387085, "std_height": 2.1932277679443359, "count_pixels": 41, "percent_cover": 0.024594343301040763, "percent_above_0.1m": 46.341463414634148, "low_level_<0.5": 12.195121951219512, "mid_level_0.5-2": 14.634146341463413, "tall_2+": 17.073170731707318 }, "geometry": { "type": "Point", "coordinates": [ -0.226690178048741, 51.612985816280101 ] } },
{ "type": "Feature", "properties": { "max_height": 0.511749267578125, "mean_height": 0.059566404670476913, "std_height": 0.12258953601121902, "count_pixels": 41, "percent_cover": 0.024594343301040763, "percent_above_0.1m": 19.512195121951219, "low_level_<0.5": 9.7560975609756095, "mid_level_0.5-2": 2.4390243902439024, "tall_2+": 0.0 }, "geometry": { "type": "Point", "coordinates": [ -0.226490157453359, 51.61298279483384 ] } },
{ "type": "Feature", "properties": { "max_height": 0.0045013427734375, "mean_height": -0.00030281429644674063, "std_height": 0.0026348985265940428, "count_pixels": 42, "percent_cover": 0.025194205332773459, "percent_above_0.1m": 0.0, "low_level_<0.5": 0.0, "mid_level_0.5-2": 0.0, "tall_2+": 0.0 }, "geometry": { "type": "Point", "coordinates": [ -0.226290136893218, 51.612979773046959 ] } },
{ "type": "Feature", "properties": { "max_height": 3.454498291015625, "mean_height": 0.61544597148895264, "std_height": 1.0101642608642578, "count_pixels": 42, "percent_cover": 0.025194205332773459, "percent_above_0.1m": 40.476190476190474, "low_level_<0.5": 7.1428571428571423, "mid_level_0.5-2": 16.666666666666664, "tall_2+": 11.904761904761903 }, "geometry": { "type": "Point", "coordinates": [ -0.226090116368328, 51.612976750919408 ] } },
{ "type": "Feature", "properties": { "max_height": 5.52874755859375, "mean_height": 1.2208131551742554, "std_height": 1.444638729095459, "count_pixels": 43, "percent_cover": 0.025794067364506162, "percent_above_0.1m": 76.744186046511629, "low_level_<0.5": 11.627906976744185, "mid_level_0.5-2": 44.186046511627907, "tall_2+": 16.279069767441861 }, "geometry": { "type": "Point", "coordinates": [ -0.225890095878685, 51.612973728451216 ] } },
{ "type": "Feature", "properties": { "max_height": 10.116500854492188, "mean_height": 1.5870687961578369, "std_height": 2.7968056201934814, "count_pixels": 36, "percent_cover": 0.021595033142377252, "percent_above_0.1m": 41.666666666666671, "low_level_<0.5": 11.111111111111111, "mid_level_0.5-2": 2.7777777777777777, "tall_2+": 27.777777777777779 }, "geometry": { "type": "Point", "coordinates": [ -0.236787162845264, 51.613245754095757 ] } },
{ "type": "Feature", "properties": { "max_height": 5.2884979248046875, "mean_height": 0.44255027174949646, "std_height": 1.0771545171737671, "count_pixels": 40, "percent_cover": 0.02399448126930806, "percent_above_0.1m": 25.0, "low_level_<0.5": 5.0, "mid_level_0.5-2": 10.0, "tall_2+": 7.5 }, "geometry": { "type": "Point", "coordinates": [ -0.236587131882067, 51.613242754670608 ] } },
{ "type": "Feature", "properties": { "max_height": 11.126502990722656, "mean_height": 1.0878109931945801, "std_height": 2.5300428867340088, "count_pixels": 41, "percent_cover": 0.024594343301040763, "percent_above_0.1m": 21.951219512195124, "low_level_<0.5": 0.0, "mid_level_0.5-2": 4.8780487804878048, "tall_2+": 17.073170731707318 }, "geometry": { "type": "Point", "coordinates": [ -0.236387100956304, 51.613239754904626 ] } },
{ "type": "Feature", "properties": { "max_height": 8.1449966430664062, "mean_height": 2.605452299118042, "std_height": 2.9020147323608398, "count_pixels": 42, "percent_cover": 0.025194205332773459, "percent_above_0.1m": 54.761904761904766, "low_level_<0.5": 2.3809523809523809, "mid_level_0.5-2": 9.5238095238095237, "tall_2+": 42.857142857142854 }, "geometry": { "type": "Point", "coordinates": [ -0.236187070067972, 51.613236754797789 ] } },
{ "type": "Feature", "properties": { "max_height": 7.9277496337890625, "mean_height": 2.3236193656921387, "std_height": 2.3255681991577148, "count_pixels": 42, "percent_cover": 0.025194205332773459, "percent_above_0.1m": 66.666666666666657, "low_level_<0.5": 4.7619047619047619, "mid_level_0.5-2": 9.5238095238095237, "tall_2+": 50.0 }, "geometry": { "type": "Point", "coordinates": [ -0.235987039217093, 51.613233754350098 ] } },
{ "type": "Feature", "properties": { "max_height": 10.374755859375, "mean_height": 2.0381491184234619, "std_height": 2.6878998279571533, "count_pixels": 42, "percent_cover": 0.025194205332773459, "percent_above_0.1m": 61.904761904761905, "low_level_<0.5": 11.904761904761903, "mid_level_0.5-2": 2.3809523809523809, "tall_2+": 42.857142857142854 }, "geometry": { "type": "Point", "coordinates": [ -0.235787008403649, 51.61323075356156 ] } },
{ "type": "Feature", "properties": { "max_height": 7.11749267578125, "mean_height": 1.5417150259017944, "std_height": 2.3139841556549072, "count_pixels": 43, "percent_cover": 0.025794067364506162, "percent_above_0.1m": 44.186046511627907, "low_level_<0.5": 4.6511627906976747, "mid_level_0.5-2": 13.953488372093023, "tall_2+": 25.581395348837212 }, "geometry": { "type": "Point", "coordinates": [ -0.235586977627655, 51.613227752432167 ] } },
{ "type": "Feature", "properties": { "max_height": 7.6374969482421875, "mean_height": 2.4407041072845459, "std_height": 2.3157627582550049, "count_pixels": 44, "percent_cover": 0.026393929396238865, "percent_above_0.1m": 75.0, "low_level_<0.5": 6.8181818181818175, "mid_level_0.5-2": 18.181818181818183, "tall_2+": 47.727272727272727 }, "geometry": { "type": "Point", "coordinates": [ -0.235386946889122, 51.613224750961948 ] } },
{ "type": "Feature", "properties": { "max_height": 10.009246826171875, "mean_height": 2.8379302024841309, "std_height": 3.126823902130127, "count_pixels": 43, "percent_cover": 0.025794067364506162, "percent_above_0.1m": 67.441860465116278, "low_level_<0.5": 0.0, "mid_level_0.5-2": 20.930232558139537, "tall_2+": 44.186046511627907 }, "geometry": { "type": "Point", "coordinates": [ -0.235186916188041, 51.61322174915086 ] } },
{ "type": "Feature", "properties": { "max_height": 8.5617523193359375, "mean_height": 2.9417154788970947, "std_height": 2.979172945022583, "count_pixels": 43, "percent_cover": 0.025794067364506162, "percent_above_0.1m": 65.116279069767444, "low_level_<0.5": 4.6511627906976747, "mid_level_0.5-2": 9.3023255813953494, "tall_2+": 51.162790697674424 }, "geometry": { "type": "Point", "coordinates": [ -0.234986885894952, 51.613218746886432 ] } },
{ "type": "Feature", "properties": { "max_height": 9.6687545776367188, "mean_height": 1.764339804649353, "std_height": 2.2571775913238525, "count_pixels": 42, "percent_cover": 0.025194205332773459, "percent_above_0.1m": 57.142857142857139, "low_level_<0.5": 2.3809523809523809, "mid_level_0.5-2": 14.285714285714285, "tall_2+": 38.095238095238095 }, "geometry": { "type": "Point", "coordinates": [ -0.234786859763245, 51.613215741601856 ] } },
{ "type": "Feature", "properties": { "max_height": 15.251243591308594, "mean_height": 3.8803274631500244, "std_height": 4.2526421546936035, "count_pixels": 42, "percent_cover": 0.025194205332773459, "percent_above_0.1m": 76.19047619047619, "low_level_<0.5": 4.7619047619047619, "mid_level_0.5-2": 16.666666666666664, "tall_2+": 54.761904761904766 }, "geometry": { "type": "Point", "coordinates": [ -0.234586837264834, 51.613212733939996 ] } },
{ "type": "Feature", "properties": { "max_height": 14.851753234863281, "mean_height": 3.226884126663208, "std_height": 4.9054851531982422, "count_pixels": 41, "percent_cover": 0.024594343301040763, "percent_above_0.1m": 56.09756097560976, "low_level_<0.5": 7.3170731707317067, "mid_level_0.5-2": 7.3170731707317067, "tall_2+": 36.585365853658537 }, "geometry": { "type": "Point", "coordinates": [ -0.234386814801498, 51.613209725937487 ] } },
{ "type": "Feature", "properties": { "max_height": 4.4677505493164062, "mean_height": 0.68338853120803833, "std_height": 1.233548641204834, "count_pixels": 40, "percent_cover": 0.02399448126930806, "percent_above_0.1m": 42.5, "low_level_<0.5": 7.5, "mid_level_0.5-2": 10.0, "tall_2+": 17.5 }, "geometry": { "type": "Point", "coordinates": [ -0.234186792373258, 51.613206717594352 ] } },
{ "type": "Feature", "properties": { "max_height": 14.614006042480469, "mean_height": 1.675222635269165, "std_height": 2.9209699630737305, "count_pixels": 36, "percent_cover": 0.021595033142377252, "percent_above_0.1m": 38.888888888888893, "low_level_<0.5": 2.7777777777777777, "mid_level_0.5-2": 2.7777777777777777, "tall_2+": 33.333333333333329 }, "geometry": { "type": "Point", "coordinates": [ -0.233986769980099, 51.613203708910532 ] } },
{ "type": "Feature", "properties": { "max_height": 6.72900390625, "mean_height": 1.6371870040893555, "std_height": 2.0853235721588135, "count_pixels": 40, "percent_cover": 0.02399448126930806, "percent_above_0.1m": 60.0, "low_level_<0.5": 12.5, "mid_level_0.5-2": 10.0, "tall_2+": 37.5 }, "geometry": { "type": "Point", "coordinates": [ -0.233786747622042, 51.613200699886072 ] } },
{ "type": "Feature", "properties": { "max_height": 6.274505615234375, "mean_height": 1.9795018434524536, "std_height": 1.7667393684387207, "count_pixels": 41, "percent_cover": 0.024594343301040763, "percent_above_0.1m": 73.170731707317074, "low_level_<0.5": 2.4390243902439024, "mid_level_0.5-2": 19.512195121951219, "tall_2+": 48.780487804878049 }, "geometry": { "type": "Point", "coordinates": [ -0.233586725299083, 51.61319769052097 ] } },
{ "type": "Feature", "properties": { "max_height": 9.2712554931640625, "mean_height": 4.5390224456787109, "std_height": 2.0688798427581787, "count_pixels": 42, "percent_cover": 0.025194205332773459, "percent_above_0.1m": 100.0, "low_level_<0.5": 2.3809523809523809, "mid_level_0.5-2": 7.1428571428571423, "tall_2+": 90.476190476190482 }, "geometry": { "type": "Point", "coordinates": [ -0.233386703011227, 51.613194680815212 ] } },
{ "type": "Feature", "properties": { "max_height": 9.3622589111328125, "mean_height": 4.0803027153015137, "std_height": 2.9167912006378174, "count_pixels": 42, "percent_cover": 0.025194205332773459, "percent_above_0.1m": 88.095238095238088, "low_level_<0.5": 9.5238095238095237, "mid_level_0.5-2": 11.904761904761903, "tall_2+": 66.666666666666657 }, "geometry": { "type": "Point", "coordinates": [ -0.233186680758477, 51.613191670768799 ] } },
{ "type": "Feature", "properties": { "max_height": 8.69775390625, "mean_height": 2.5029747486114502, "std_height": 3.0969572067260742, "count_pixels": 42, "percent_cover": 0.025194205332773459, "percent_above_0.1m": 50.0, "low_level_<0.5": 2.3809523809523809, "mid_level_0.5-2": 7.1428571428571423, "tall_2+": 40.476190476190474 }, "geometry": { "type": "Point", "coordinates": [ -0.232986658540837, 51.613188660381766 ] } },
{ "type": "Feature", "properties": { "max_height": 7.0730056762695312, "mean_height": 1.3165286779403687, "std_height": 1.9136655330657959, "count_pixels": 43, "percent_cover": 0.025794067364506162, "percent_above_0.1m": 62.790697674418603, "low_level_<0.5": 13.953488372093023, "mid_level_0.5-2": 20.930232558139537, "tall_2+": 25.581395348837212 }, "geometry": { "type": "Point", "coordinates": [ -0.232786636358312, 51.613185649654056 ] } },
{ "type": "Feature", "properties": { "max_height": 1.0917510986328125, "mean_height": 0.060651257634162903, "std_height": 0.20299352705478668, "count_pixels": 44, "percent_cover": 0.026393929396238865, "percent_above_0.1m": 11.363636363636363, "low_level_<0.5": 2.2727272727272729, "mid_level_0.5-2": 6.8181818181818175, "tall_2+": 0.0 }, "geometry": { "type": "Point", "coordinates": [ -0.232586614210912, 51.613182638585712 ] } },
{ "type": "Feature", "properties": { "max_height": 5.94525146484375, "mean_height": 0.75860542058944702, "std_height": 1.4201186895370483, "count_pixels": 43, "percent_cover": 0.025794067364506162, "percent_above_0.1m": 32.558139534883722, "low_level_<0.5": 4.6511627906976747, "mid_level_0.5-2": 11.627906976744185, "tall_2+": 16.279069767441861 }, "geometry": { "type": "Point", "coordinates": [ -0.232386592098627, 51.613179627176692 ] } },
{ "type": "Feature", "properties": { "max_height": 16.554000854492188, "mean_height": 6.2483196258544922, "std_height": 3.6947939395904541, "count_pixels": 43, "percent_cover": 0.025794067364506162, "percent_above_0.1m": 97.674418604651152, "low_level_<0.5": 2.3255813953488373, "mid_level_0.5-2": 11.627906976744185, "tall_2+": 83.720930232558146 }, "geometry": { "type": "Point", "coordinates": [ -0.232186570021473, 51.613176615427051 ] } },
{ "type": "Feature", "properties": { "max_height": 7.1697463989257812, "mean_height": 2.7529170513153076, "std_height": 1.9868196249008179, "count_pixels": 42, "percent_cover": 0.025194205332773459, "percent_above_0.1m": 92.857142857142861, "low_level_<0.5": 2.3809523809523809, "mid_level_0.5-2": 33.333333333333329, "tall_2+": 54.761904761904766 }, "geometry": { "type": "Point", "coordinates": [ -0.231986547979451, 51.61317360333674 ] } },
{ "type": "Feature", "properties": { "max_height": 0.73575592041015625, "mean_height": 0.03224945068359375, "std_height": 0.12623827159404755, "count_pixels": 42, "percent_cover": 0.025194205332773459, "percent_above_0.1m": 7.1428571428571423, "low_level_<0.5": 4.7619047619047619, "mid_level_0.5-2": 2.3809523809523809, "tall_2+": 0.0 }, "geometry": { "type": "Point", "coordinates": [ -0.231786525972556, 51.613170590905789 ] } },
{ "type": "Feature", "properties": { "max_height": 5.980499267578125, "mean_height": 1.4248968362808228, "std_height": 1.8053467273712158, "count_pixels": 41, "percent_cover": 0.024594343301040763, "percent_above_0.1m": 48.780487804878049, "low_level_<0.5": 0.0, "mid_level_0.5-2": 12.195121951219512, "tall_2+": 34.146341463414636 }, "geometry": { "type": "Point", "coordinates": [ -0.23158650400081, 51.613167578134195 ] } },
{ "type": "Feature", "properties": { "max_height": 6.9907455444335938, "mean_height": 1.7499996423721313, "std_height": 1.8484485149383545, "count_pixels": 40, "percent_cover": 0.02399448126930806, "percent_above_0.1m": 85.0, "low_level_<0.5": 12.5, "mid_level_0.5-2": 32.5, "tall_2+": 35.0 }, "geometry": { "type": "Point", "coordinates": [ -0.231386482064201, 51.613164565021968 ] } },
{ "type": "Feature", "properties": { "max_height": 5.6302490234375, "mean_height": 1.4334932565689087, "std_height": 1.6019011735916138, "count_pixels": 36, "percent_cover": 0.021595033142377252, "percent_above_0.1m": 83.333333333333343, "low_level_<0.5": 22.222222222222221, "mid_level_0.5-2": 33.333333333333329, "tall_2+": 25.0 }, "geometry": { "type": "Point", "coordinates": [ -0.231186460162744, 51.613161551569064 ] } },
{ "type": "Feature", "properties": { "max_height": 5.7119979858398438, "mean_height": 2.5956888198852539, "std_height": 1.6173082590103149, "count_pixels": 40, "percent_cover": 0.02399448126930806, "percent_above_0.1m": 90.0, "low_level_<0.5": 2.5, "mid_level_0.5-2": 25.0, "tall_2+": 62.5 }, "geometry": { "type": "Point", "coordinates": [ -0.23098643829643, 51.613158537775519 ] } },
{ "type": "Feature", "properties": { "max_height": 5.9130020141601562, "mean_height": 2.2826581001281738, "std_height": 1.7121946811676025, "count_pixels": 41, "percent_cover": 0.024594343301040763, "percent_above_0.1m": 85.365853658536579, "low_level_<0.5": 7.3170731707317067, "mid_level_0.5-2": 21.951219512195124, "tall_2+": 53.658536585365859 }, "geometry": { "type": "Point", "coordinates": [ -0.230786416465277, 51.613155523641339 ] } },
{ "type": "Feature", "properties": { "max_height": 7.9872512817382812, "mean_height": 3.0373508930206299, "std_height": 2.0102818012237549, "count_pixels": 42, "percent_cover": 0.025194205332773459, "percent_above_0.1m": 97.61904761904762, "low_level_<0.5": 4.7619047619047619, "mid_level_0.5-2": 35.714285714285715, "tall_2+": 57.142857142857139 }, "geometry": { "type": "Point", "coordinates": [ -0.23058639466928, 51.613152509166504 ] } },
{ "type": "Feature", "properties": { "max_height": 8.0003814697265625, "mean_height": 1.4007782936096191, "std_height": 2.293079137802124, "count_pixels": 42, "percent_cover": 0.025194205332773459, "percent_above_0.1m": 50.0, "low_level_<0.5": 4.7619047619047619, "mid_level_0.5-2": 23.809523809523807, "tall_2+": 19.047619047619047 }, "geometry": { "type": "Point", "coordinates": [ -0.230386372908448, 51.613149494351006 ] } },
{ "type": "Feature", "properties": { "max_height": 15.774253845214844, "mean_height": 3.8071980476379395, "std_height": 4.136441707611084, "count_pixels": 42, "percent_cover": 0.025194205332773459, "percent_above_0.1m": 83.333333333333343, "low_level_<0.5": 4.7619047619047619, "mid_level_0.5-2": 23.809523809523807, "tall_2+": 50.0 }, "geometry": { "type": "Point", "coordinates": [ -0.230186351182781, 51.613146479194874 ] } },
{ "type": "Feature", "properties": { "max_height": 13.008003234863281, "mean_height": 4.1445298194885254, "std_height": 2.6569206714630127, "count_pixels": 43, "percent_cover": 0.025794067364506162, "percent_above_0.1m": 93.023255813953483, "low_level_<0.5": 0.0, "mid_level_0.5-2": 9.3023255813953494, "tall_2+": 81.395348837209298 }, "geometry": { "type": "Point", "coordinates": [ -0.229986329492283, 51.613143463698108 ] } },
{ "type": "Feature", "properties": { "max_height": 10.861747741699219, "mean_height": 6.5116457939147949, "std_height": 2.9596500396728516, "count_pixels": 44, "percent_cover": 0.026393929396238865, "percent_above_0.1m": 100.0, "low_level_<0.5": 2.2727272727272729, "mid_level_0.5-2": 6.8181818181818175, "tall_2+": 90.909090909090907 }, "geometry": { "type": "Point", "coordinates": [ -0.229786307836962, 51.61314044786068 ] } },
{ "type": "Feature", "properties": { "max_height": 9.135498046875, "mean_height": 2.6955857276916504, "std_height": 2.4779291152954102, "count_pixels": 43, "percent_cover": 0.025794067364506162, "percent_above_0.1m": 97.674418604651152, "low_level_<0.5": 13.953488372093023, "mid_level_0.5-2": 39.534883720930232, "tall_2+": 44.186046511627907 }, "geometry": { "type": "Point", "coordinates": [ -0.229586286216822, 51.613137431682581 ] } },
{ "type": "Feature", "properties": { "max_height": 5.7807464599609375, "mean_height": 1.409117579460144, "std_height": 1.6557939052581787, "count_pixels": 43, "percent_cover": 0.025794067364506162, "percent_above_0.1m": 83.720930232558146, "low_level_<0.5": 27.906976744186046, "mid_level_0.5-2": 27.906976744186046, "tall_2+": 27.906976744186046 }, "geometry": { "type": "Point", "coordinates": [ -0.229386264631859, 51.613134415163891 ] } },
{ "type": "Feature", "properties": { "max_height": 3.63043212890625, "mean_height": 0.69929778575897217, "std_height": 0.77451622486114502, "count_pixels": 42, "percent_cover": 0.025194205332773459, "percent_above_0.1m": 66.666666666666657, "low_level_<0.5": 14.285714285714285, "mid_level_0.5-2": 42.857142857142854, "tall_2+": 7.1428571428571423 }, "geometry": { "type": "Point", "coordinates": [ -0.229186243082085, 51.613131398304525 ] } },
{ "type": "Feature", "properties": { "max_height": 4.869720458984375, "mean_height": 1.1298519372940063, "std_height": 1.1672118902206421, "count_pixels": 42, "percent_cover": 0.025194205332773459, "percent_above_0.1m": 61.904761904761905, "low_level_<0.5": 7.1428571428571423, "mid_level_0.5-2": 30.952380952380953, "tall_2+": 23.809523809523807 }, "geometry": { "type": "Point", "coordinates": [ -0.228986221567503, 51.613128381104481 ] } },
{ "type": "Feature", "properties": { "max_height": 4.3569793701171875, "mean_height": 0.62386506795883179, "std_height": 1.1229569911956787, "count_pixels": 41, "percent_cover": 0.024594343301040763, "percent_above_0.1m": 36.585365853658537, "low_level_<0.5": 2.4390243902439024, "mid_level_0.5-2": 21.951219512195124, "tall_2+": 12.195121951219512 }, "geometry": { "type": "Point", "coordinates": [ -0.228786200088116, 51.613125363563839 ] } },
{ "type": "Feature", "properties": { "max_height": 0.006500244140625, "mean_height": -0.00017452239990234375, "std_height": 0.0037863340694457293, "count_pixels": 40, "percent_cover": 0.02399448126930806, "percent_above_0.1m": 0.0, "low_level_<0.5": 0.0, "mid_level_0.5-2": 0.0, "tall_2+": 0.0 }, "geometry": { "type": "Point", "coordinates": [ -0.228586178643925, 51.613122345682534 ] } },
{ "type": "Feature", "properties": { "max_height": 1.8725051879882812, "mean_height": 0.17191018164157867, "std_height": 0.44040566682815552, "count_pixels": 36, "percent_cover": 0.021595033142377252, "percent_above_0.1m": 19.444444444444446, "low_level_<0.5": 0.0, "mid_level_0.5-2": 13.888888888888889, "tall_2+": 0.0 }, "geometry": { "type": "Point", "coordinates": [ -0.228386157234939, 51.613119327460581 ] } },
{ "type": "Feature", "properties": { "max_height": 7.7307510375976562, "mean_height": 2.9959380626678467, "std_height": 2.1051828861236572, "count_pixels": 40, "percent_cover": 0.02399448126930806, "percent_above_0.1m": 97.5, "low_level_<0.5": 2.5, "mid_level_0.5-2": 30.0, "tall_2+": 60.0 }, "geometry": { "type": "Point", "coordinates": [ -0.228186135861155, 51.613116308897979 ] } },
{ "type": "Feature", "properties": { "max_height": 8.3562469482421875, "mean_height": 1.7402379512786865, "std_height": 1.7830686569213867, "count_pixels": 41, "percent_cover": 0.024594343301040763, "percent_above_0.1m": 82.926829268292678, "low_level_<0.5": 17.073170731707318, "mid_level_0.5-2": 24.390243902439025, "tall_2+": 39.024390243902438 }, "geometry": { "type": "Point", "coordinates": [ -0.22798611452259, 51.613113289994729 ] } },
{ "type": "Feature", "properties": { "max_height": 3.5722579956054688, "mean_height": 1.2435834407806396, "std_height": 1.0518989562988281, "count_pixels": 42, "percent_cover": 0.025194205332773459, "percent_above_0.1m": 76.19047619047619, "low_level_<0.5": 14.285714285714285, "mid_level_0.5-2": 26.190476190476193, "tall_2+": 35.714285714285715 }, "geometry": { "type": "Point", "coordinates": [ -0.227786093219228, 51.613110270750845 ] } },
{ "type": "Feature", "properties": { "max_height": 1.56500244140625, "mean_height": 0.11107145249843597, "std_height": 0.35142520070075989, "count_pixels": 42, "percent_cover": 0.025194205332773459, "percent_above_0.1m": 14.285714285714285, "low_level_<0.5": 2.3809523809523809, "mid_level_0.5-2": 7.1428571428571423, "tall_2+": 0.0 }, "geometry": { "type": "Point", "coordinates": [ -0.227586071951095, 51.613107251166305 ] } },
{ "type": "Feature", "properties": { "max_height": 3.7679977416992188, "mean_height": 0.76679646968841553, "std_height": 1.177018404006958, "count_pixels": 42, "percent_cover": 0.025194205332773459, "percent_above_0.1m": 45.238095238095241, "low_level_<0.5": 9.5238095238095237, "mid_level_0.5-2": 14.285714285714285, "tall_2+": 19.047619047619047 }, "geometry": { "type": "Point", "coordinates": [ -0.22738605071818, 51.613104231241124 ] } },
{ "type": "Feature", "properties": { "max_height": 12.931495666503906, "mean_height": 5.5368671417236328, "std_height": 3.2128772735595703, "count_pixels": 43, "percent_cover": 0.025794067364506162, "percent_above_0.1m": 95.348837209302332, "low_level_<0.5": 0.0, "mid_level_0.5-2": 11.627906976744185, "tall_2+": 83.720930232558146 }, "geometry": { "type": "Point", "coordinates": [ -0.227186029520494, 51.613101210975302 ] } },
{ "type": "Feature", "properties": { "max_height": 11.454254150390625, "mean_height": 3.7684264183044434, "std_height": 2.7248032093048096, "count_pixels": 44, "percent_cover": 0.026393929396238865, "percent_above_0.1m": 100.0, "low_level_<0.5": 6.8181818181818175, "mid_level_0.5-2": 25.0, "tall_2+": 68.181818181818173 }, "geometry": { "type": "Point", "coordinates": [ -0.226986008358031, 51.613098190368824 ] } },
{ "type": "Feature", "properties": { "max_height": 11.965248107910156, "mean_height": 2.5597608089447021, "std_height": 2.6584677696228027, "count_pixels": 43, "percent_cover": 0.025794067364506162, "percent_above_0.1m": 72.093023255813947, "low_level_<0.5": 4.6511627906976747, "mid_level_0.5-2": 18.604651162790699, "tall_2+": 48.837209302325576 }, "geometry": { "type": "Point", "coordinates": [ -0.226785987230808, 51.613095169421705 ] } },
{ "type": "Feature", "properties": { "max_height": 2.1982498168945312, "mean_height": 0.38727357983589172, "std_height": 0.53628510236740112, "count_pixels": 43, "percent_cover": 0.025794067364506162, "percent_above_0.1m": 58.139534883720934, "low_level_<0.5": 23.255813953488371, "mid_level_0.5-2": 30.232558139534881, "tall_2+": 2.3255813953488373 }, "geometry": { "type": "Point", "coordinates": [ -0.226585966138826, 51.613092148133944 ] } },
{ "type": "Feature", "properties": { "max_height": 0.4394989013671875, "mean_height": 0.0279410220682621, "std_height": 0.085303008556365967, "count_pixels": 42, "percent_cover": 0.025194205332773459, "percent_above_0.1m": 7.1428571428571423, "low_level_<0.5": 7.1428571428571423, "mid_level_0.5-2": 0.0, "tall_2+": 0.0 }, "geometry": { "type": "Point", "coordinates": [ -0.226385945082081, 51.613089126505528 ] } },
{ "type": "Feature", "properties": { "max_height": 1.5029983520507812, "mean_height": 0.36270850896835327, "std_height": 0.39026433229446411, "count_pixels": 42, "percent_cover": 0.025194205332773459, "percent_above_0.1m": 59.523809523809526, "low_level_<0.5": 23.809523809523807, "mid_level_0.5-2": 33.333333333333329, "tall_2+": 0.0 }, "geometry": { "type": "Point", "coordinates": [ -0.226185924060584, 51.613086104536485 ] } },
{ "type": "Feature", "properties": { "max_height": 3.740997314453125, "mean_height": 1.1207624673843384, "std_height": 0.97544527053833008, "count_pixels": 41, "percent_cover": 0.024594343301040763, "percent_above_0.1m": 92.682926829268297, "low_level_<0.5": 21.951219512195124, "mid_level_0.5-2": 48.780487804878049, "tall_2+": 17.073170731707318 }, "geometry": { "type": "Point", "coordinates": [ -0.22598590307434, 51.61308308222678 ] } },
{ "type": "Feature", "properties": { "max_height": 2.85150146484375, "mean_height": 0.62653046846389771, "std_height": 0.75519371032714844, "count_pixels": 40, "percent_cover": 0.02399448126930806, "percent_above_0.1m": 82.5, "low_level_<0.5": 52.5, "mid_level_0.5-2": 15.0, "tall_2+": 10.0 }, "geometry": { "type": "Point", "coordinates": [ -0.225785882123344, 51.61308005957644 ] } },
{ "type": "Feature", "properties": { "max_height": 10.105003356933594, "mean_height": 1.7009236812591553, "std_height": 2.3688161373138428, "count_pixels": 43, "percent_cover": 0.025794067364506162, "percent_above_0.1m": 69.767441860465112, "low_level_<0.5": 9.3023255813953494, "mid_level_0.5-2": 30.232558139534881, "tall_2+": 27.906976744186046 }, "geometry": { "type": "Point", "coordinates": [ -0.236482938658128, 51.613349098019739 ] } },
{ "type": "Feature", "properties": { "max_height": 9.3470001220703125, "mean_height": 2.4080474376678467, "std_height": 2.3132498264312744, "count_pixels": 42, "percent_cover": 0.025194205332773459, "percent_above_0.1m": 88.095238095238088, "low_level_<0.5": 11.904761904761903, "mid_level_0.5-2": 26.190476190476193, "tall_2+": 47.619047619047613 }, "geometry": { "type": "Point", "coordinates": [ -0.236282907229265, 51.613346098075091 ] } },
{ "type": "Feature", "properties": { "max_height": 8.1572494506835938, "mean_height": 1.7131378650665283, "std_height": 2.1976461410522461, "count_pixels": 42, "percent_cover": 0.025194205332773459, "percent_above_0.1m": 59.523809523809526, "low_level_<0.5": 4.7619047619047619, "mid_level_0.5-2": 19.047619047619047, "tall_2+": 33.333333333333329 }, "geometry": { "type": "Point", "coordinates": [ -0.236082875837841, 51.61334309778961 ] } },
{ "type": "Feature", "properties": { "max_height": 8.844757080078125, "mean_height": 2.6012091636657715, "std_height": 2.3191139698028564, "count_pixels": 42, "percent_cover": 0.025194205332773459, "percent_above_0.1m": 80.952380952380949, "low_level_<0.5": 9.5238095238095237, "mid_level_0.5-2": 21.428571428571427, "tall_2+": 50.0 }, "geometry": { "type": "Point", "coordinates": [ -0.235882844483864, 51.613340097163267 ] } },
{ "type": "Feature", "properties": { "max_height": 6.2465057373046875, "mean_height": 0.96748894453048706, "std_height": 1.7188873291015625, "count_pixels": 41, "percent_cover": 0.024594343301040763, "percent_above_0.1m": 39.024390243902438, "low_level_<0.5": 7.3170731707317067, "mid_level_0.5-2": 14.634146341463413, "tall_2+": 17.073170731707318 }, "geometry": { "type": "Point", "coordinates": [ -0.235682813167332, 51.613337096196084 ] } },
{ "type": "Feature", "properties": { "max_height": 10.007759094238281, "mean_height": 3.9747507572174072, "std_height": 3.2171833515167236, "count_pixels": 41, "percent_cover": 0.024594343301040763, "percent_above_0.1m": 73.170731707317074, "low_level_<0.5": 4.8780487804878048, "mid_level_0.5-2": 2.4390243902439024, "tall_2+": 65.853658536585371 }, "geometry": { "type": "Point", "coordinates": [ -0.234882690630548, 51.613325087925574 ] } },
{ "type": "Feature", "properties": { "max_height": 16.708503723144531, "mean_height": 5.8533453941345215, "std_height": 3.1313028335571289, "count_pixels": 42, "percent_cover": 0.025194205332773459, "percent_above_0.1m": 100.0, "low_level_<0.5": 2.3809523809523809, "mid_level_0.5-2": 2.3809523809523809, "tall_2+": 95.238095238095227 }, "geometry": { "type": "Point", "coordinates": [ -0.234682666274439, 51.613322080823892 ] } },
{ "type": "Feature", "properties": { "max_height": 15.9010009765625, "mean_height": 3.5489892959594727, "std_height": 3.5431151390075684, "count_pixels": 43, "percent_cover": 0.025794067364506162, "percent_above_0.1m": 88.372093023255815, "low_level_<0.5": 2.3255813953488373, "mid_level_0.5-2": 30.232558139534881, "tall_2+": 55.813953488372093 }, "geometry": { "type": "Point", "coordinates": [ -0.23428262038979, 51.613316064795313 ] } },
{ "type": "Feature", "properties": { "max_height": 8.71099853515625, "mean_height": 1.7023811340332031, "std_height": 2.1591048240661621, "count_pixels": 44, "percent_cover": 0.026393929396238865, "percent_above_0.1m": 63.636363636363633, "low_level_<0.5": 6.8181818181818175, "mid_level_0.5-2": 20.454545454545457, "tall_2+": 34.090909090909086 }, "geometry": { "type": "Point", "coordinates": [ -0.234082597500097, 51.613313056270037 ] } },
{ "type": "Feature", "properties": { "max_height": 9.9264984130859375, "mean_height": 3.6605453491210938, "std_height": 2.7112195491790771, "count_pixels": 44, "percent_cover": 0.026393929396238865, "percent_above_0.1m": 95.454545454545453, "low_level_<0.5": 11.363636363636363, "mid_level_0.5-2": 13.636363636363635, "tall_2+": 70.454545454545453 }, "geometry": { "type": "Point", "coordinates": [ -0.233882574645493, 51.613310047404134 ] } },
{ "type": "Feature", "properties": { "max_height": 6.946746826171875, "mean_height": 3.3764996528625488, "std_height": 1.9985332489013672, "count_pixels": 43, "percent_cover": 0.025794067364506162, "percent_above_0.1m": 95.348837209302332, "low_level_<0.5": 9.3023255813953494, "mid_level_0.5-2": 13.953488372093023, "tall_2+": 72.093023255813947 }, "geometry": { "type": "Point", "coordinates": [ -0.233682551825994, 51.613307038197547 ] } },
{ "type": "Feature", "properties": { "max_height": 6.8807601928710938, "mean_height": 0.96968352794647217, "std_height": 1.8173731565475464, "count_pixels": 42, "percent_cover": 0.025194205332773459, "percent_above_0.1m": 35.714285714285715, "low_level_<0.5": 4.7619047619047619, "mid_level_0.5-2": 11.904761904761903, "tall_2+": 19.047619047619047 }, "geometry": { "type": "Point", "coordinates": [ -0.233482529041586, 51.613304028650347 ] } },
{ "type": "Feature", "properties": { "max_height": 3.11175537109375, "mean_height": 0.18202300369739532, "std_height": 0.61026054620742798, "count_pixels": 42, "percent_cover": 0.025194205332773459, "percent_above_0.1m": 9.5238095238095237, "low_level_<0.5": 0.0, "mid_level_0.5-2": 7.1428571428571423, "tall_2+": 2.3809523809523809 }, "geometry": { "type": "Point", "coordinates": [ -0.233282506292296, 51.613301018762471 ] } },
{ "type": "Feature", "properties": { "max_height": 0.01125335693359375, "mean_height": 0.0015000842977315187, "std_height": 0.0032222296576946974, "count_pixels": 42, "percent_cover": 0.025194205332773459, "percent_above_0.1m": 0.0, "low_level_<0.5": 0.0, "mid_level_0.5-2": 0.0, "tall_2+": 0.0 }, "geometry": { "type": "Point", "coordinates": [ -0.233082483578103, 51.613298008533938 ] } },
{ "type": "Feature", "properties": { "max_height": 3.5985107421875, "mean_height": 0.47707796096801758, "std_height": 0.86826592683792114, "count_pixels": 41, "percent_cover": 0.024594343301040763, "percent_above_0.1m": 31.707317073170731, "low_level_<0.5": 4.8780487804878048, "mid_level_0.5-2": 19.512195121951219, "tall_2+": 7.3170731707317067 }, "geometry": { "type": "Point", "coordinates": [ -0.232882460899033, 51.613294997964786 ] } },
{ "type": "Feature", "properties": { "max_height": 2.6100082397460938, "mean_height": 0.51835501194000244, "std_height": 0.6746981143951416, "count_pixels": 40, "percent_cover": 0.02399448126930806, "percent_above_0.1m": 57.5, "low_level_<0.5": 20.0, "mid_level_0.5-2": 30.0, "tall_2+": 5.0 }, "geometry": { "type": "Point", "coordinates": [ -0.232682438255074, 51.61329198705495 ] } },
{ "type": "Feature", "properties": { "max_height": 0.66500091552734375, "mean_height": 0.059953052550554276, "std_height": 0.14172585308551788, "count_pixels": 36, "percent_cover": 0.021595033142377252, "percent_above_0.1m": 13.888888888888889, "low_level_<0.5": 11.111111111111111, "mid_level_0.5-2": 2.7777777777777777, "tall_2+": 0.0 }, "geometry": { "type": "Point", "coordinates": [ -0.23248241564624, 51.613288975804487 ] } },
{ "type": "Feature", "properties": { "max_height": 2.628509521484375, "mean_height": 0.1628538966178894, "std_height": 0.48630228638648987, "count_pixels": 41, "percent_cover": 0.024594343301040763, "percent_above_0.1m": 17.073170731707318, "low_level_<0.5": 4.8780487804878048, "mid_level_0.5-2": 9.7560975609756095, "tall_2+": 2.4390243902439024 }, "geometry": { "type": "Point", "coordinates": [ -0.232282393072527, 51.613285964213354 ] } },
{ "type": "Feature", "properties": { "max_height": 9.9915008544921875, "mean_height": 3.0768601894378662, "std_height": 2.4952881336212158, "count_pixels": 41, "percent_cover": 0.024594343301040763, "percent_above_0.1m": 85.365853658536579, "low_level_<0.5": 2.4390243902439024, "mid_level_0.5-2": 26.829268292682929, "tall_2+": 53.658536585365859 }, "geometry": { "type": "Point", "coordinates": [ -0.232082370533948, 51.613282952281594 ] } },
{ "type": "Feature", "properties": { "max_height": 6.52325439453125, "mean_height": 1.8927674293518066, "std_height": 1.772203803062439, "count_pixels": 42, "percent_cover": 0.025194205332773459, "percent_above_0.1m": 83.333333333333343, "low_level_<0.5": 11.904761904761903, "mid_level_0.5-2": 28.571428571428569, "tall_2+": 42.857142857142854 }, "geometry": { "type": "Point", "coordinates": [ -0.2318823480305, 51.613279940009157 ] } },
{ "type": "Feature", "properties": { "max_height": 5.9355010986328125, "mean_height": 1.9142446517944336, "std_height": 1.7825902700424194, "count_pixels": 42, "percent_cover": 0.025194205332773459, "percent_above_0.1m": 73.80952380952381, "low_level_<0.5": 0.0, "mid_level_0.5-2": 33.333333333333329, "tall_2+": 40.476190476190474 }, "geometry": { "type": "Point", "coordinates": [ -0.231682325562192, 51.613276927396086 ] } },
{ "type": "Feature", "properties": { "max_height": 7.4747467041015625, "mean_height": 0.83057546615600586, "std_height": 1.7096579074859619, "count_pixels": 43, "percent_cover": 0.025794067364506162, "percent_above_0.1m": 34.883720930232556, "low_level_<0.5": 6.9767441860465116, "mid_level_0.5-2": 13.953488372093023, "tall_2+": 13.953488372093023 }, "geometry": { "type": "Point", "coordinates": [ -0.231482303129016, 51.61327391444236 ] } },
{ "type": "Feature", "properties": { "max_height": 0.19425201416015625, "mean_height": 0.0099778613075613976, "std_height": 0.029476834461092949, "count_pixels": 44, "percent_cover": 0.026393929396238865, "percent_above_0.1m": 2.2727272727272729, "low_level_<0.5": 2.2727272727272729, "mid_level_0.5-2": 0.0, "tall_2+": 0.0 }, "geometry": { "type": "Point", "coordinates": [ -0.231282280730995, 51.613270901147999 ] } },
{ "type": "Feature", "properties": { "max_height": 12.289505004882812, "mean_height": 2.4491024017333984, "std_height": 3.4326252937316895, "count_pixels": 44, "percent_cover": 0.026393929396238865, "percent_above_0.1m": 52.272727272727273, "low_level_<0.5": 0.0, "mid_level_0.5-2": 13.636363636363635, "tall_2+": 36.363636363636367 }, "geometry": { "type": "Point", "coordinates": [ -0.231082258368121, 51.613267887512968 ] } },
{ "type": "Feature", "properties": { "max_height": 15.54150390625, "mean_height": 5.2452850341796875, "std_height": 3.5109827518463135, "count_pixels": 43, "percent_cover": 0.025794067364506162, "percent_above_0.1m": 97.674418604651152, "low_level_<0.5": 11.627906976744185, "mid_level_0.5-2": 2.3255813953488373, "tall_2+": 81.395348837209298 }, "geometry": { "type": "Point", "coordinates": [ -0.230882236040396, 51.613264873537304 ] } },
{ "type": "Feature", "properties": { "max_height": 5.9412460327148438, "mean_height": 1.1201139688491821, "std_height": 1.6192474365234375, "count_pixels": 42, "percent_cover": 0.025194205332773459, "percent_above_0.1m": 52.380952380952387, "low_level_<0.5": 11.904761904761903, "mid_level_0.5-2": 19.047619047619047, "tall_2+": 21.428571428571427 }, "geometry": { "type": "Point", "coordinates": [ -0.23068221374783, 51.613261859220984 ] } },
{ "type": "Feature", "properties": { "max_height": 7.0275039672851562, "mean_height": 2.8736190795898438, "std_height": 2.4445967674255371, "count_pixels": 42, "percent_cover": 0.025194205332773459, "percent_above_0.1m": 71.428571428571431, "low_level_<0.5": 2.3809523809523809, "mid_level_0.5-2": 11.904761904761903, "tall_2+": 57.142857142857139 }, "geometry": { "type": "Point", "coordinates": [ -0.230482191490428, 51.613258844564001 ] } },
{ "type": "Feature", "properties": { "max_height": 0.401824951171875, "mean_height": 0.01427314430475235, "std_height": 0.061090044677257538, "count_pixels": 42, "percent_cover": 0.025194205332773459, "percent_above_0.1m": 2.3809523809523809, "low_level_<0.5": 2.3809523809523809, "mid_level_0.5-2": 0.0, "tall_2+": 0.0 }, "geometry": { "type": "Point", "coordinates": [ -0.230282169268187, 51.613255829566391 ] } },
{ "type": "Feature", "properties": { "max_height": 9.2623367309570312, "mean_height": 0.61609387397766113, "std_height": 1.7387866973876953, "count_pixels": 41, "percent_cover": 0.024594343301040763, "percent_above_0.1m": 26.829268292682929, "low_level_<0.5": 4.8780487804878048, "mid_level_0.5-2": 14.634146341463413, "tall_2+": 7.3170731707317067 }, "geometry": { "type": "Point", "coordinates": [ -0.230082147081119, 51.613252814228133 ] } },
{ "type": "Feature", "properties": { "max_height": 1.8322677612304688, "mean_height": 0.12480811774730682, "std_height": 0.38244161009788513, "count_pixels": 40, "percent_cover": 0.02399448126930806, "percent_above_0.1m": 15.0, "low_level_<0.5": 5.0, "mid_level_0.5-2": 7.5, "tall_2+": 0.0 }, "geometry": { "type": "Point", "coordinates": [ -0.229882124929219, 51.613249798549219 ] } },
{ "type": "Feature", "properties": { "max_height": 3.2792510986328125, "mean_height": 0.13426187634468079, "std_height": 0.55163758993148804, "count_pixels": 36, "percent_cover": 0.021595033142377252, "percent_above_0.1m": 11.111111111111111, "low_level_<0.5": 5.5555555555555554, "mid_level_0.5-2": 2.7777777777777777, "tall_2+": 2.7777777777777777 }, "geometry": { "type": "Point", "coordinates": [ -0.229682102812499, 51.613246782529643 ] } },
{ "type": "Feature", "properties": { "max_height": 6.215911865234375, "mean_height": 0.91441845893859863, "std_height": 1.3852838277816772, "count_pixels": 41, "percent_cover": 0.024594343301040763, "percent_above_0.1m": 53.658536585365859, "low_level_<0.5": 12.195121951219512, "mid_level_0.5-2": 24.390243902439025, "tall_2+": 17.073170731707318 }, "geometry": { "type": "Point", "coordinates": [ -0.229482080730963, 51.613243766169433 ] } },
{ "type": "Feature", "properties": { "max_height": 5.1705398559570312, "mean_height": 0.72766357660293579, "std_height": 1.3207541704177856, "count_pixels": 41, "percent_cover": 0.024594343301040763, "percent_above_0.1m": 39.024390243902438, "low_level_<0.5": 9.7560975609756095, "mid_level_0.5-2": 17.073170731707318, "tall_2+": 12.195121951219512 }, "geometry": { "type": "Point", "coordinates": [ -0.229282058684605, 51.613240749468567 ] } },
{ "type": "Feature", "properties": { "max_height": 3.8280181884765625, "mean_height": 0.67060959339141846, "std_height": 0.98693472146987915, "count_pixels": 42, "percent_cover": 0.025194205332773459, "percent_above_0.1m": 45.238095238095241, "low_level_<0.5": 4.7619047619047619, "mid_level_0.5-2": 28.571428571428569, "tall_2+": 9.5238095238095237 }, "geometry": { "type": "Point", "coordinates": [ -0.229082036673441, 51.613237732427073 ] } },
{ "type": "Feature", "properties": { "max_height": 8.2636566162109375, "mean_height": 1.8027079105377197, "std_height": 2.0516908168792725, "count_pixels": 42, "percent_cover": 0.025194205332773459, "percent_above_0.1m": 66.666666666666657, "low_level_<0.5": 9.5238095238095237, "mid_level_0.5-2": 19.047619047619047, "tall_2+": 38.095238095238095 }, "geometry": { "type": "Point", "coordinates": [ -0.228882014697467, 51.613234715044911 ] } },
{ "type": "Feature", "properties": { "max_height": 6.3455810546875, "mean_height": 1.6900954246520996, "std_height": 1.66650390625, "count_pixels": 43, "percent_cover": 0.025794067364506162, "percent_above_0.1m": 74.418604651162795, "low_level_<0.5": 6.9767441860465116, "mid_level_0.5-2": 20.930232558139537, "tall_2+": 41.860465116279073 }, "geometry": { "type": "Point", "coordinates": [ -0.228681992756693, 51.613231697322099 ] } },
{ "type": "Feature", "properties": { "max_height": 6.9038925170898438, "mean_height": 2.9837899208068848, "std_height": 2.2740368843078613, "count_pixels": 44, "percent_cover": 0.026393929396238865, "percent_above_0.1m": 81.818181818181827, "low_level_<0.5": 0.0, "mid_level_0.5-2": 27.27272727272727, "tall_2+": 54.54545454545454 }, "geometry": { "type": "Point", "coordinates": [ -0.228481970851118, 51.613228679258654 ] } },
{ "type": "Feature", "properties": { "max_height": 9.3314971923828125, "mean_height": 4.0949444770812988, "std_height": 2.0048227310180664, "count_pixels": 44, "percent_cover": 0.026393929396238865, "percent_above_0.1m": 100.0, "low_level_<0.5": 0.0, "mid_level_0.5-2": 15.909090909090908, "tall_2+": 84.090909090909093 }, "geometry": { "type": "Point", "coordinates": [ -0.228281948980747, 51.613225660854553 ] } },
{ "type": "Feature", "properties": { "max_height": 11.08624267578125, "mean_height": 4.0568656921386719, "std_height": 3.0698916912078857, "count_pixels": 43, "percent_cover": 0.025794067364506162, "percent_above_0.1m": 95.348837209302332, "low_level_<0.5": 6.9767441860465116, "mid_level_0.5-2": 23.255813953488371, "tall_2+": 62.790697674418603 }, "geometry": { "type": "Point", "coordinates": [ -0.228081927145584, 51.613222642109811 ] } },
{ "type": "Feature", "properties": { "max_height": 6.8375015258789062, "mean_height": 1.448766827583313, "std_height": 1.5627288818359375, "count_pixels": 42, "percent_cover": 0.025194205332773459, "percent_above_0.1m": 78.571428571428569, "low_level_<0.5": 19.047619047619047, "mid_level_0.5-2": 28.571428571428569, "tall_2+": 30.952380952380953 }, "geometry": { "type": "Point", "coordinates": [ -0.22788190534564, 51.613219623024406 ] } },
{ "type": "Feature", "properties": { "max_height": 8.1035003662109375, "mean_height": 2.2817621231079102, "std_height": 1.8244887590408325, "count_pixels": 42, "percent_cover": 0.025194205332773459, "percent_above_0.1m": 90.476190476190482, "low_level_<0.5": 7.1428571428571423, "mid_level_0.5-2": 35.714285714285715, "tall_2+": 47.619047619047613 }, "geometry": { "type": "Point", "coordinates": [ -0.227681883580903, 51.613216603598389 ] } },
{ "type": "Feature", "properties": { "max_height": 5.2677459716796875, "mean_height": 1.3698393106460571, "std_height": 1.7073138952255249, "count_pixels": 42, "percent_cover": 0.025194205332773459, "percent_above_0.1m": 54.761904761904766, "low_level_<0.5": 0.0, "mid_level_0.5-2": 26.190476190476193, "tall_2+": 26.190476190476193 }, "geometry": { "type": "Point", "coordinates": [ -0.227481861851394, 51.613213583831687 ] } },
{ "type": "Feature", "properties": { "max_height": 13.378997802734375, "mean_height": 4.5811405181884766, "std_height": 3.4780135154724121, "count_pixels": 41, "percent_cover": 0.024594343301040763, "percent_above_0.1m": 92.682926829268297, "low_level_<0.5": 0.0, "mid_level_0.5-2": 17.073170731707318, "tall_2+": 70.731707317073173 }, "geometry": { "type": "Point", "coordinates": [ -0.227281840157106, 51.613210563724344 ] } },
{ "type": "Feature", "properties": { "max_height": 6.1405029296875, "mean_height": 1.0544307231903076, "std_height": 1.5092983245849609, "count_pixels": 40, "percent_cover": 0.02399448126930806, "percent_above_0.1m": 70.0, "low_level_<0.5": 20.0, "mid_level_0.5-2": 10.0, "tall_2+": 27.5 }, "geometry": { "type": "Point", "coordinates": [ -0.227081818498054, 51.61320754327636 ] } },
{ "type": "Feature", "properties": { "max_height": 5.5407562255859375, "mean_height": 0.71793830394744873, "std_height": 1.2602287530899048, "count_pixels": 36, "percent_cover": 0.021595033142377252, "percent_above_0.1m": 52.777777777777779, "low_level_<0.5": 8.3333333333333321, "mid_level_0.5-2": 27.777777777777779, "tall_2+": 8.3333333333333321 }, "geometry": { "type": "Point", "coordinates": [ -0.226881796874223, 51.613204522487742 ] } },
{ "type": "Feature", "properties": { "max_height": 8.5164947509765625, "mean_height": 2.1239147186279297, "std_height": 2.7058603763580322, "count_pixels": 41, "percent_cover": 0.024594343301040763, "percent_above_0.1m": 90.243902439024396, "low_level_<0.5": 26.829268292682929, "mid_level_0.5-2": 17.073170731707318, "tall_2+": 36.585365853658537 }, "geometry": { "type": "Point", "coordinates": [ -0.226681775285635, 51.613201501358468 ] } },
{ "type": "Feature", "properties": { "max_height": 1.5619964599609375, "mean_height": 0.33590269088745117, "std_height": 0.45372059941291809, "count_pixels": 41, "percent_cover": 0.024594343301040763, "percent_above_0.1m": 41.463414634146339, "low_level_<0.5": 7.3170731707317067, "mid_level_0.5-2": 34.146341463414636, "tall_2+": 0.0 }, "geometry": { "type": "Point", "coordinates": [ -0.22648175373229, 51.613198479888553 ] } },
{ "type": "Feature", "properties": { "max_height": 0.00675201416015625, "mean_height": 0.00076203118078410625, "std_height": 0.003127389820292592, "count_pixels": 42, "percent_cover": 0.025194205332773459, "percent_above_0.1m": 0.0, "low_level_<0.5": 0.0, "mid_level_0.5-2": 0.0, "tall_2+": 0.0 }, "geometry": { "type": "Point", "coordinates": [ -0.226281732214185, 51.613195458077996 ] } },
{ "type": "Feature", "properties": { "max_height": 3.9384994506835938, "mean_height": 1.044488787651062, "std_height": 1.1208411455154419, "count_pixels": 42, "percent_cover": 0.025194205332773459, "percent_above_0.1m": 71.428571428571431, "low_level_<0.5": 16.666666666666664, "mid_level_0.5-2": 30.952380952380953, "tall_2+": 21.428571428571427 }, "geometry": { "type": "Point", "coordinates": [ -0.226081710731332, 51.613192435926777 ] } },
{ "type": "Feature", "properties": { "max_height": 10.012001037597656, "mean_height": 2.7385468482971191, "std_height": 2.7036988735198975, "count_pixels": 43, "percent_cover": 0.025794067364506162, "percent_above_0.1m": 97.674418604651152, "low_level_<0.5": 16.279069767441861, "mid_level_0.5-2": 34.883720930232556, "tall_2+": 44.186046511627907 }, "geometry": { "type": "Point", "coordinates": [ -0.225881689283729, 51.613189413434917 ] } },
{ "type": "Feature", "properties": { "max_height": 13.575492858886719, "mean_height": 5.6508150100708008, "std_height": 3.499875545501709, "count_pixels": 40, "percent_cover": 0.02399448126930806, "percent_above_0.1m": 100.0, "low_level_<0.5": 0.0, "mid_level_0.5-2": 12.5, "tall_2+": 85.0 }, "geometry": { "type": "Point", "coordinates": [ -0.233778378814328, 51.613416385798544 ] } },
{ "type": "Feature", "properties": { "max_height": 6.3092575073242188, "mean_height": 2.2302613258361816, "std_height": 2.007786750793457, "count_pixels": 41, "percent_cover": 0.024594343301040763, "percent_above_0.1m": 68.292682926829272, "low_level_<0.5": 4.8780487804878048, "mid_level_0.5-2": 9.7560975609756095, "tall_2+": 53.658536585365859 }, "geometry": { "type": "Point", "coordinates": [ -0.233578355533383, 51.613413376409859 ] } },
{ "type": "Feature", "properties": { "max_height": 0.00826263427734375, "mean_height": 0.00074949720874428749, "std_height": 0.0026710361707955599, "count_pixels": 42, "percent_cover": 0.025194205332773459, "percent_above_0.1m": 0.0, "low_level_<0.5": 0.0, "mid_level_0.5-2": 0.0, "tall_2+": 0.0 }, "geometry": { "type": "Point", "coordinates": [ -0.233378332287533, 51.613410366680519 ] } },
{ "type": "Feature", "properties": { "max_height": 0.0122528076171875, "mean_height": 0.0015761966351419687, "std_height": 0.003763632383197546, "count_pixels": 42, "percent_cover": 0.025194205332773459, "percent_above_0.1m": 0.0, "low_level_<0.5": 0.0, "mid_level_0.5-2": 0.0, "tall_2+": 0.0 }, "geometry": { "type": "Point", "coordinates": [ -0.233178309076795, 51.613407356610537 ] } },
{ "type": "Feature", "properties": { "max_height": 0.01274871826171875, "mean_height": 0.001438140869140625, "std_height": 0.0039652138948440552, "count_pixels": 42, "percent_cover": 0.025194205332773459, "percent_above_0.1m": 0.0, "low_level_<0.5": 0.0, "mid_level_0.5-2": 0.0, "tall_2+": 0.0 }, "geometry": { "type": "Point", "coordinates": [ -0.232978285901168, 51.613404346199914 ] } },
{ "type": "Feature", "properties": { "max_height": 0.9117584228515625, "mean_height": 0.023493390530347824, "std_height": 0.13711452484130859, "count_pixels": 43, "percent_cover": 0.025794067364506162, "percent_above_0.1m": 2.3255813953488373, "low_level_<0.5": 0.0, "mid_level_0.5-2": 2.3255813953488373, "tall_2+": 0.0 }, "geometry": { "type": "Point", "coordinates": [ -0.232778262760655, 51.613401335448607 ] } },
{ "type": "Feature", "properties": { "max_height": 0.6892547607421875, "mean_height": 0.026413829997181892, "std_height": 0.11419816315174103, "count_pixels": 44, "percent_cover": 0.026393929396238865, "percent_above_0.1m": 4.5454545454545459, "low_level_<0.5": 2.2727272727272729, "mid_level_0.5-2": 2.2727272727272729, "tall_2+": 0.0 }, "geometry": { "type": "Point", "coordinates": [ -0.232578239655268, 51.613398324356673 ] } },
{ "type": "Feature", "properties": { "max_height": 0.07300567626953125, "mean_height": 0.0026133337523788214, "std_height": 0.011576934717595577, "count_pixels": 43, "percent_cover": 0.025794067364506162, "percent_above_0.1m": 0.0, "low_level_<0.5": 0.0, "mid_level_0.5-2": 0.0, "tall_2+": 0.0 }, "geometry": { "type": "Point", "coordinates": [ -0.232378216584997, 51.613395312924062 ] } },
{ "type": "Feature", "properties": { "max_height": 5.8937530517578125, "mean_height": 0.21254090964794159, "std_height": 0.91536456346511841, "count_pixels": 43, "percent_cover": 0.025794067364506162, "percent_above_0.1m": 16.279069767441861, "low_level_<0.5": 11.627906976744185, "mid_level_0.5-2": 2.3255813953488373, "tall_2+": 2.3255813953488373 }, "geometry": { "type": "Point", "coordinates": [ -0.232178193549856, 51.613392301150832 ] } },
{ "type": "Feature", "properties": { "max_height": 5.6077499389648438, "mean_height": 2.2492375373840332, "std_height": 1.4861736297607422, "count_pixels": 42, "percent_cover": 0.025194205332773459, "percent_above_0.1m": 92.857142857142861, "low_level_<0.5": 7.1428571428571423, "mid_level_0.5-2": 35.714285714285715, "tall_2+": 50.0 }, "geometry": { "type": "Point", "coordinates": [ -0.23197817054985, 51.613389289036931 ] } },
{ "type": "Feature", "properties": { "max_height": 5.3652496337890625, "mean_height": 0.51408988237380981, "std_height": 1.0118699073791504, "count_pixels": 42, "percent_cover": 0.025194205332773459, "percent_above_0.1m": 45.238095238095241, "low_level_<0.5": 14.285714285714285, "mid_level_0.5-2": 23.809523809523807, "tall_2+": 4.7619047619047619 }, "geometry": { "type": "Point", "coordinates": [ -0.231778147584971, 51.613386276582382 ] } },
{ "type": "Feature", "properties": { "max_height": 10.613998413085938, "mean_height": 3.4893665313720703, "std_height": 3.0672659873962402, "count_pixels": 41, "percent_cover": 0.024594343301040763, "percent_above_0.1m": 78.048780487804876, "low_level_<0.5": 4.8780487804878048, "mid_level_0.5-2": 9.7560975609756095, "tall_2+": 63.414634146341463 }, "geometry": { "type": "Point", "coordinates": [ -0.231578124655242, 51.613383263787178 ] } },
{ "type": "Feature", "properties": { "max_height": 14.855758666992188, "mean_height": 4.3252506256103516, "std_height": 4.6163101196289062, "count_pixels": 40, "percent_cover": 0.02399448126930806, "percent_above_0.1m": 65.0, "low_level_<0.5": 2.5, "mid_level_0.5-2": 10.0, "tall_2+": 52.5 }, "geometry": { "type": "Point", "coordinates": [ -0.231378101760649, 51.613380250651325 ] } },
{ "type": "Feature", "properties": { "max_height": 11.999496459960938, "mean_height": 2.1154026985168457, "std_height": 2.8803846836090088, "count_pixels": 36, "percent_cover": 0.021595033142377252, "percent_above_0.1m": 47.222222222222221, "low_level_<0.5": 2.7777777777777777, "mid_level_0.5-2": 2.7777777777777777, "tall_2+": 41.666666666666671 }, "geometry": { "type": "Point", "coordinates": [ -0.231178078901207, 51.613377237174831 ] } },
{ "type": "Feature", "properties": { "max_height": 12.996253967285156, "mean_height": 4.604949951171875, "std_height": 3.365391731262207, "count_pixels": 40, "percent_cover": 0.02399448126930806, "percent_above_0.1m": 95.0, "low_level_<0.5": 2.5, "mid_level_0.5-2": 22.5, "tall_2+": 70.0 }, "geometry": { "type": "Point", "coordinates": [ -0.230978056076911, 51.613374223357674 ] } },
{ "type": "Feature", "properties": { "max_height": 7.368499755859375, "mean_height": 1.6207441091537476, "std_height": 1.9703795909881592, "count_pixels": 41, "percent_cover": 0.024594343301040763, "percent_above_0.1m": 78.048780487804876, "low_level_<0.5": 12.195121951219512, "mid_level_0.5-2": 36.585365853658537, "tall_2+": 26.829268292682929 }, "geometry": { "type": "Point", "coordinates": [ -0.230778033287778, 51.613371209199883 ] } },
{ "type": "Feature", "properties": { "max_height": 4.561248779296875, "mean_height": 1.6297323703765869, "std_height": 1.4058935642242432, "count_pixels": 42, "percent_cover": 0.025194205332773459, "percent_above_0.1m": 85.714285714285708, "low_level_<0.5": 14.285714285714285, "mid_level_0.5-2": 26.190476190476193, "tall_2+": 42.857142857142854 }, "geometry": { "type": "Point", "coordinates": [ -0.2305780105338, 51.613368194701422 ] } },
{ "type": "Feature", "properties": { "max_height": 5.38824462890625, "mean_height": 1.4056310653686523, "std_height": 1.7347379922866821, "count_pixels": 42, "percent_cover": 0.025194205332773459, "percent_above_0.1m": 54.761904761904766, "low_level_<0.5": 9.5238095238095237, "mid_level_0.5-2": 9.5238095238095237, "tall_2+": 35.714285714285715 }, "geometry": { "type": "Point", "coordinates": [ -0.230377987814985, 51.613365179862321 ] } },
{ "type": "Feature", "properties": { "max_height": 0.02425384521484375, "mean_height": 0.0025834583211690187, "std_height": 0.0052382014691829681, "count_pixels": 42, "percent_cover": 0.025194205332773459, "percent_above_0.1m": 0.0, "low_level_<0.5": 0.0, "mid_level_0.5-2": 0.0, "tall_2+": 0.0 }, "geometry": { "type": "Point", "coordinates": [ -0.230177965131341, 51.613362164682556 ] } },
{ "type": "Feature", "properties": { "max_height": 0.0110015869140625, "mean_height": 0.0025230229366570711, "std_height": 0.0046671731397509575, "count_pixels": 43, "percent_cover": 0.025794067364506162, "percent_above_0.1m": 0.0, "low_level_<0.5": 0.0, "mid_level_0.5-2": 0.0, "tall_2+": 0.0 }, "geometry": { "type": "Point", "coordinates": [ -0.229977942482862, 51.613359149162171 ] } },
{ "type": "Feature", "properties": { "max_height": 0.0149993896484375, "mean_height": 0.00086472253315150738, "std_height": 0.0041642417199909687, "count_pixels": 44, "percent_cover": 0.026393929396238865, "percent_above_0.1m": 0.0, "low_level_<0.5": 0.0, "mid_level_0.5-2": 0.0, "tall_2+": 0.0 }, "geometry": { "type": "Point", "coordinates": [ -0.229777919869565, 51.61335613330111 ] } },
{ "type": "Feature", "properties": { "max_height": 1.287750244140625, "mean_height": 0.04705757275223732, "std_height": 0.20384183526039124, "count_pixels": 43, "percent_cover": 0.025794067364506162, "percent_above_0.1m": 6.9767441860465116, "low_level_<0.5": 2.3255813953488373, "mid_level_0.5-2": 2.3255813953488373, "tall_2+": 0.0 }, "geometry": { "type": "Point", "coordinates": [ -0.229577897291441, 51.6133531170994 ] } },
{ "type": "Feature", "properties": { "max_height": 2.8479766845703125, "mean_height": 0.23317629098892212, "std_height": 0.62809425592422485, "count_pixels": 43, "percent_cover": 0.025794067364506162, "percent_above_0.1m": 16.279069767441861, "low_level_<0.5": 0.0, "mid_level_0.5-2": 11.627906976744185, "tall_2+": 4.6511627906976747 }, "geometry": { "type": "Point", "coordinates": [ -0.229377874748504, 51.613350100557049 ] } },
{ "type": "Feature", "properties": { "max_height": 3.4175338745117188, "mean_height": 0.25232115387916565, "std_height": 0.68557393550872803, "count_pixels": 42, "percent_cover": 0.025194205332773459, "percent_above_0.1m": 23.809523809523807, "low_level_<0.5": 9.5238095238095237, "mid_level_0.5-2": 9.5238095238095237, "tall_2+": 4.7619047619047619 }, "geometry": { "type": "Point", "coordinates": [ -0.229177852240754, 51.61334708367405 ] } },
{ "type": "Feature", "properties": { "max_height": 3.606903076171875, "mean_height": 0.48656117916107178, "std_height": 0.9426998496055603, "count_pixels": 42, "percent_cover": 0.025194205332773459, "percent_above_0.1m": 28.571428571428569, "low_level_<0.5": 4.7619047619047619, "mid_level_0.5-2": 14.285714285714285, "tall_2+": 9.5238095238095237 }, "geometry": { "type": "Point", "coordinates": [ -0.228977829768193, 51.613344066450416 ] } },
{ "type": "Feature", "properties": { "max_height": 4.235626220703125, "mean_height": 0.99156355857849121, "std_height": 1.4004665613174438, "count_pixels": 41, "percent_cover": 0.024594343301040763, "percent_above_0.1m": 48.780487804878049, "low_level_<0.5": 2.4390243902439024, "mid_level_0.5-2": 21.951219512195124, "tall_2+": 21.951219512195124 }, "geometry": { "type": "Point", "coordinates": [ -0.22877780733083, 51.613341048886106 ] } },
{ "type": "Feature", "properties": { "max_height": 2.42462158203125, "mean_height": 0.22248058021068573, "std_height": 0.49826216697692871, "count_pixels": 40, "percent_cover": 0.02399448126930806, "percent_above_0.1m": 25.0, "low_level_<0.5": 7.5, "mid_level_0.5-2": 12.5, "tall_2+": 2.5 }, "geometry": { "type": "Point", "coordinates": [ -0.228577784928668, 51.613338030981154 ] } },
{ "type": "Feature", "properties": { "max_height": 8.189697265625, "mean_height": 3.0644733905792236, "std_height": 2.4483346939086914, "count_pixels": 36, "percent_cover": 0.021595033142377252, "percent_above_0.1m": 80.555555555555557, "low_level_<0.5": 2.7777777777777777, "mid_level_0.5-2": 13.888888888888889, "tall_2+": 61.111111111111114 }, "geometry": { "type": "Point", "coordinates": [ -0.228377762561701, 51.613335012735554 ] } },
{ "type": "Feature", "properties": { "max_height": 14.924751281738281, "mean_height": 6.6553435325622559, "std_height": 3.5713455677032471, "count_pixels": 40, "percent_cover": 0.02399448126930806, "percent_above_0.1m": 100.0, "low_level_<0.5": 2.5, "mid_level_0.5-2": 7.5, "tall_2+": 90.0 }, "geometry": { "type": "Point", "coordinates": [ -0.228177740229952, 51.613331994149313 ] } },
{ "type": "Feature", "properties": { "max_height": 12.042747497558594, "mean_height": 3.8203177452087402, "std_height": 3.5368640422821045, "count_pixels": 41, "percent_cover": 0.024594343301040763, "percent_above_0.1m": 92.682926829268297, "low_level_<0.5": 12.195121951219512, "mid_level_0.5-2": 24.390243902439025, "tall_2+": 56.09756097560976 }, "geometry": { "type": "Point", "coordinates": [ -0.227977717933404, 51.613328975222416 ] } },
{ "type": "Feature", "properties": { "max_height": 7.7154998779296875, "mean_height": 1.5692623853683472, "std_height": 2.0204076766967773, "count_pixels": 42, "percent_cover": 0.025194205332773459, "percent_above_0.1m": 66.666666666666657, "low_level_<0.5": 11.904761904761903, "mid_level_0.5-2": 16.666666666666664, "tall_2+": 35.714285714285715 }, "geometry": { "type": "Point", "coordinates": [ -0.227777695672075, 51.613325955954885 ] } },
{ "type": "Feature", "properties": { "max_height": 10.944252014160156, "mean_height": 3.1835362911224365, "std_height": 3.1766228675842285, "count_pixels": 42, "percent_cover": 0.025194205332773459, "percent_above_0.1m": 78.571428571428569, "low_level_<0.5": 4.7619047619047619, "mid_level_0.5-2": 19.047619047619047, "tall_2+": 54.761904761904766 }, "geometry": { "type": "Point", "coordinates": [ -0.227577673445967, 51.613322936346677 ] } },
{ "type": "Feature", "properties": { "max_height": 4.5657501220703125, "mean_height": 0.21754129230976105, "std_height": 0.78123235702514648, "count_pixels": 42, "percent_cover": 0.025194205332773459, "percent_above_0.1m": 11.904761904761903, "low_level_<0.5": 2.3809523809523809, "mid_level_0.5-2": 7.1428571428571423, "tall_2+": 2.3809523809523809 }, "geometry": { "type": "Point", "coordinates": [ -0.227377651255079, 51.613319916397849 ] } },
{ "type": "Feature", "properties": { "max_height": 10.117996215820312, "mean_height": 0.74807417392730713, "std_height": 1.6559784412384033, "count_pixels": 43, "percent_cover": 0.025794067364506162, "percent_above_0.1m": 69.767441860465112, "low_level_<0.5": 37.209302325581397, "mid_level_0.5-2": 20.930232558139537, "tall_2+": 9.3023255813953494 }, "geometry": { "type": "Point", "coordinates": [ -0.227177629099421, 51.613316896108365 ] } },
{ "type": "Feature", "properties": { "max_height": 3.0369949340820312, "mean_height": 0.17737007141113281, "std_height": 0.58800458908081055, "count_pixels": 44, "percent_cover": 0.026393929396238865, "percent_above_0.1m": 11.363636363636363, "low_level_<0.5": 2.2727272727272729, "mid_level_0.5-2": 4.5454545454545459, "tall_2+": 4.5454545454545459 }, "geometry": { "type": "Point", "coordinates": [ -0.22697760697899, 51.613313875478227 ] } },
{ "type": "Feature", "properties": { "max_height": 7.1429977416992188, "mean_height": 1.1569820642471313, "std_height": 2.1927752494812012, "count_pixels": 43, "percent_cover": 0.025794067364506162, "percent_above_0.1m": 32.558139534883722, "low_level_<0.5": 4.6511627906976747, "mid_level_0.5-2": 9.3023255813953494, "tall_2+": 18.604651162790699 }, "geometry": { "type": "Point", "coordinates": [ -0.226777584893799, 51.613310854507439 ] } },
{ "type": "Feature", "properties": { "max_height": 2.3015060424804688, "mean_height": 0.118133544921875, "std_height": 0.40188497304916382, "count_pixels": 43, "percent_cover": 0.025794067364506162, "percent_above_0.1m": 13.953488372093023, "low_level_<0.5": 4.6511627906976747, "mid_level_0.5-2": 4.6511627906976747, "tall_2+": 2.3255813953488373 }, "geometry": { "type": "Point", "coordinates": [ -0.226577562843844, 51.613307833196004 ] } },
{ "type": "Feature", "properties": { "max_height": 0.00600433349609375, "mean_height": 8.8646294898353517e-05, "std_height": 0.0040593328885734081, "count_pixels": 42, "percent_cover": 0.025194205332773459, "percent_above_0.1m": 0.0, "low_level_<0.5": 0.0, "mid_level_0.5-2": 0.0, "tall_2+": 0.0 }, "geometry": { "type": "Point", "coordinates": [ -0.22637754082913, 51.613304811543934 ] } },
{ "type": "Feature", "properties": { "max_height": 0.01775360107421875, "mean_height": 0.00099981401581317186, "std_height": 0.004171174019575119, "count_pixels": 42, "percent_cover": 0.025194205332773459, "percent_above_0.1m": 0.0, "low_level_<0.5": 0.0, "mid_level_0.5-2": 0.0, "tall_2+": 0.0 }, "geometry": { "type": "Point", "coordinates": [ -0.226177518849668, 51.613301789551215 ] } },
{ "type": "Feature", "properties": { "max_height": 4.4342498779296875, "mean_height": 1.3157010078430176, "std_height": 1.1547254323959351, "count_pixels": 41, "percent_cover": 0.024594343301040763, "percent_above_0.1m": 95.121951219512198, "low_level_<0.5": 19.512195121951219, "mid_level_0.5-2": 41.463414634146339, "tall_2+": 24.390243902439025 }, "geometry": { "type": "Point", "coordinates": [ -0.22597749690545, 51.613298767217827 ] } },
{ "type": "Feature", "properties": { "max_height": 8.6675033569335938, "mean_height": 3.5546250343322754, "std_height": 2.6235888004302979, "count_pixels": 40, "percent_cover": 0.02399448126930806, "percent_above_0.1m": 95.0, "low_level_<0.5": 5.0, "mid_level_0.5-2": 15.0, "tall_2+": 70.0 }, "geometry": { "type": "Point", "coordinates": [ -0.225777474996497, 51.613295744543805 ] } },
{ "type": "Feature", "properties": { "max_height": 8.2317581176757812, "mean_height": 3.2460110187530518, "std_height": 1.7837098836898804, "count_pixels": 43, "percent_cover": 0.025794067364506162, "percent_above_0.1m": 97.674418604651152, "low_level_<0.5": 2.3255813953488373, "mid_level_0.5-2": 20.930232558139537, "tall_2+": 74.418604651162795 }, "geometry": { "type": "Point", "coordinates": [ -0.233674182486602, 51.613522724093762 ] } },
{ "type": "Feature", "properties": { "max_height": 1.40350341796875, "mean_height": 0.08542778342962265, "std_height": 0.22754001617431641, "count_pixels": 42, "percent_cover": 0.025194205332773459, "percent_above_0.1m": 23.809523809523807, "low_level_<0.5": 16.666666666666664, "mid_level_0.5-2": 2.3809523809523809, "tall_2+": 0.0 }, "geometry": { "type": "Point", "coordinates": [ -0.233474158744203, 51.613519714522965 ] } },
{ "type": "Feature", "properties": { "max_height": 0.0147552490234375, "mean_height": 0.0027374993078410625, "std_height": 0.0038337947335094213, "count_pixels": 42, "percent_cover": 0.025194205332773459, "percent_above_0.1m": 0.0, "low_level_<0.5": 0.0, "mid_level_0.5-2": 0.0, "tall_2+": 0.0 }, "geometry": { "type": "Point", "coordinates": [ -0.233274135036913, 51.613516704611506 ] } },
{ "type": "Feature", "properties": { "max_height": 0.009246826171875, "mean_height": 0.0016949971904978156, "std_height": 0.0042037386447191238, "count_pixels": 42, "percent_cover": 0.025194205332773459, "percent_above_0.1m": 0.0, "low_level_<0.5": 0.0, "mid_level_0.5-2": 0.0, "tall_2+": 0.0 }, "geometry": { "type": "Point", "coordinates": [ -0.233074111364731, 51.613513694359412 ] } },
{ "type": "Feature", "properties": { "max_height": 0.014251708984375, "mean_height": 0.003864009166136384, "std_height": 0.0041083875112235546, "count_pixels": 41, "percent_cover": 0.024594343301040763, "percent_above_0.1m": 0.0, "low_level_<0.5": 0.0, "mid_level_0.5-2": 0.0, "tall_2+": 0.0 }, "geometry": { "type": "Point", "coordinates": [ -0.232874087727664, 51.613510683766656 ] } },
{ "type": "Feature", "properties": { "max_height": 1.4529953002929688, "mean_height": 0.13204173743724823, "std_height": 0.35201659798622131, "count_pixels": 40, "percent_cover": 0.02399448126930806, "percent_above_0.1m": 17.5, "low_level_<0.5": 2.5, "mid_level_0.5-2": 10.0, "tall_2+": 0.0 }, "geometry": { "type": "Point", "coordinates": [ -0.232674064125711, 51.613507672833244 ] } },
{ "type": "Feature", "properties": { "max_height": 1.7620010375976562, "mean_height": 0.050969865173101425, "std_height": 0.28926807641983032, "count_pixels": 36, "percent_cover": 0.021595033142377252, "percent_above_0.1m": 2.7777777777777777, "low_level_<0.5": 0.0, "mid_level_0.5-2": 2.7777777777777777, "tall_2+": 0.0 }, "geometry": { "type": "Point", "coordinates": [ -0.232474040558886, 51.613504661559176 ] } },
{ "type": "Feature", "properties": { "max_height": 0.01625823974609375, "mean_height": 0.00086342415306717157, "std_height": 0.0054910336621105671, "count_pixels": 41, "percent_cover": 0.024594343301040763, "percent_above_0.1m": 0.0, "low_level_<0.5": 0.0, "mid_level_0.5-2": 0.0, "tall_2+": 0.0 }, "geometry": { "type": "Point", "coordinates": [ -0.23227401702718, 51.613501649944467 ] } },
{ "type": "Feature", "properties": { "max_height": 12.878746032714844, "mean_height": 2.837775707244873, "std_height": 3.8873236179351807, "count_pixels": 41, "percent_cover": 0.024594343301040763, "percent_above_0.1m": 56.09756097560976, "low_level_<0.5": 7.3170731707317067, "mid_level_0.5-2": 7.3170731707317067, "tall_2+": 39.024390243902438 }, "geometry": { "type": "Point", "coordinates": [ -0.23207399353061, 51.613498637989096 ] } },
{ "type": "Feature", "properties": { "max_height": 8.74749755859375, "mean_height": 1.251636266708374, "std_height": 2.1365978717803955, "count_pixels": 42, "percent_cover": 0.025194205332773459, "percent_above_0.1m": 52.380952380952387, "low_level_<0.5": 7.1428571428571423, "mid_level_0.5-2": 14.285714285714285, "tall_2+": 23.809523809523807 }, "geometry": { "type": "Point", "coordinates": [ -0.231873970069172, 51.613495625693062 ] } },
{ "type": "Feature", "properties": { "max_height": 11.752006530761719, "mean_height": 2.6797559261322021, "std_height": 3.6179554462432861, "count_pixels": 42, "percent_cover": 0.025194205332773459, "percent_above_0.1m": 76.19047619047619, "low_level_<0.5": 7.1428571428571423, "mid_level_0.5-2": 28.571428571428569, "tall_2+": 35.714285714285715 }, "geometry": { "type": "Point", "coordinates": [ -0.23167394664287, 51.613492613056394 ] } },
{ "type": "Feature", "properties": { "max_height": 15.083999633789062, "mean_height": 7.8424315452575684, "std_height": 3.7503952980041504, "count_pixels": 43, "percent_cover": 0.025794067364506162, "percent_above_0.1m": 97.674418604651152, "low_level_<0.5": 0.0, "mid_level_0.5-2": 4.6511627906976747, "tall_2+": 93.023255813953483 }, "geometry": { "type": "Point", "coordinates": [ -0.231473923251709, 51.61348960007907 ] } },
{ "type": "Feature", "properties": { "max_height": 13.541748046875, "mean_height": 2.9076306819915771, "std_height": 3.7286121845245361, "count_pixels": 44, "percent_cover": 0.026393929396238865, "percent_above_0.1m": 59.090909090909093, "low_level_<0.5": 9.0909090909090917, "mid_level_0.5-2": 6.8181818181818175, "tall_2+": 43.18181818181818 }, "geometry": { "type": "Point", "coordinates": [ -0.231273899895697, 51.613486586761084 ] } },
{ "type": "Feature", "properties": { "max_height": 9.2807540893554688, "mean_height": 0.70063680410385132, "std_height": 1.6373862028121948, "count_pixels": 44, "percent_cover": 0.026393929396238865, "percent_above_0.1m": 36.363636363636367, "low_level_<0.5": 4.5454545454545459, "mid_level_0.5-2": 18.181818181818183, "tall_2+": 11.363636363636363 }, "geometry": { "type": "Point", "coordinates": [ -0.231073876574835, 51.613483573102457 ] } },
{ "type": "Feature", "properties": { "max_height": 5.9832534790039062, "mean_height": 0.69345784187316895, "std_height": 1.0809957981109619, "count_pixels": 42, "percent_cover": 0.025194205332773459, "percent_above_0.1m": 76.19047619047619, "low_level_<0.5": 30.952380952380953, "mid_level_0.5-2": 28.571428571428569, "tall_2+": 9.5238095238095237 }, "geometry": { "type": "Point", "coordinates": [ -0.23067383003857, 51.613477544763235 ] } },
{ "type": "Feature", "properties": { "max_height": 6.3795013427734375, "mean_height": 1.2320067882537842, "std_height": 1.8186535835266113, "count_pixels": 42, "percent_cover": 0.025194205332773459, "percent_above_0.1m": 50.0, "low_level_<0.5": 2.3809523809523809, "mid_level_0.5-2": 19.047619047619047, "tall_2+": 26.190476190476193 }, "geometry": { "type": "Point", "coordinates": [ -0.230473806823178, 51.613474530082655 ] } },
{ "type": "Feature", "properties": { "max_height": 4.0615005493164062, "mean_height": 0.67127448320388794, "std_height": 1.2505795955657959, "count_pixels": 42, "percent_cover": 0.025194205332773459, "percent_above_0.1m": 28.571428571428569, "low_level_<0.5": 2.3809523809523809, "mid_level_0.5-2": 9.5238095238095237, "tall_2+": 16.666666666666664 }, "geometry": { "type": "Point", "coordinates": [ -0.230273783642953, 51.613471515061413 ] } },
{ "type": "Feature", "properties": { "max_height": 0.00925445556640625, "mean_height": 0.00090324587654322386, "std_height": 0.003713902784511447, "count_pixels": 41, "percent_cover": 0.024594343301040763, "percent_above_0.1m": 0.0, "low_level_<0.5": 0.0, "mid_level_0.5-2": 0.0, "tall_2+": 0.0 }, "geometry": { "type": "Point", "coordinates": [ -0.230073760497897, 51.613468499699536 ] } },
{ "type": "Feature", "properties": { "max_height": 0.01399993896484375, "mean_height": 0.0039184568449854851, "std_height": 0.0049531790427863598, "count_pixels": 40, "percent_cover": 0.02399448126930806, "percent_above_0.1m": 0.0, "low_level_<0.5": 0.0, "mid_level_0.5-2": 0.0, "tall_2+": 0.0 }, "geometry": { "type": "Point", "coordinates": [ -0.229873737388016, 51.61346548399699 ] } },
{ "type": "Feature", "properties": { "max_height": 0.00600433349609375, "mean_height": 0.00059043033979833126, "std_height": 0.002259167842566967, "count_pixels": 36, "percent_cover": 0.021595033142377252, "percent_above_0.1m": 0.0, "low_level_<0.5": 0.0, "mid_level_0.5-2": 0.0, "tall_2+": 0.0 }, "geometry": { "type": "Point", "coordinates": [ -0.229673714313312, 51.613462467953795 ] } },
{ "type": "Feature", "properties": { "max_height": 0.01349639892578125, "mean_height": 0.0003712351608555764, "std_height": 0.0038929926231503487, "count_pixels": 41, "percent_cover": 0.024594343301040763, "percent_above_0.1m": 0.0, "low_level_<0.5": 0.0, "mid_level_0.5-2": 0.0, "tall_2+": 0.0 }, "geometry": { "type": "Point", "coordinates": [ -0.229473691273784, 51.613459451569952 ] } },
{ "type": "Feature", "properties": { "max_height": 2.4464950561523438, "mean_height": 0.26842090487480164, "std_height": 0.53982537984848022, "count_pixels": 41, "percent_cover": 0.024594343301040763, "percent_above_0.1m": 29.268292682926827, "low_level_<0.5": 4.8780487804878048, "mid_level_0.5-2": 19.512195121951219, "tall_2+": 2.4390243902439024 }, "geometry": { "type": "Point", "coordinates": [ -0.229273668269452, 51.61345643484546 ] } },
{ "type": "Feature", "properties": { "max_height": 0.009246826171875, "mean_height": 0.0017916361102834344, "std_height": 0.0032506214920431376, "count_pixels": 42, "percent_cover": 0.025194205332773459, "percent_above_0.1m": 0.0, "low_level_<0.5": 0.0, "mid_level_0.5-2": 0.0, "tall_2+": 0.0 }, "geometry": { "type": "Point", "coordinates": [ -0.2290736453003, 51.61345341778032 ] } },
{ "type": "Feature", "properties": { "max_height": 0.00624847412109375, "mean_height": 0.00035440354258753359, "std_height": 0.0035705950576812029, "count_pixels": 42, "percent_cover": 0.025194205332773459, "percent_above_0.1m": 0.0, "low_level_<0.5": 0.0, "mid_level_0.5-2": 0.0, "tall_2+": 0.0 }, "geometry": { "type": "Point", "coordinates": [ -0.228873622366346, 51.613450400374539 ] } },
{ "type": "Feature", "properties": { "max_height": 0.01502227783203125, "mean_height": 0.0015382989076897502, "std_height": 0.004892976488918066, "count_pixels": 43, "percent_cover": 0.025794067364506162, "percent_above_0.1m": 0.0, "low_level_<0.5": 0.0, "mid_level_0.5-2": 0.0, "tall_2+": 0.0 }, "geometry": { "type": "Point", "coordinates": [ -0.228673599467589, 51.613447382628074 ] } },
{ "type": "Feature", "properties": { "max_height": 0.406890869140625, "mean_height": 0.009943181648850441, "std_height": 0.060631539672613144, "count_pixels": 44, "percent_cover": 0.026393929396238865, "percent_above_0.1m": 2.2727272727272729, "low_level_<0.5": 2.2727272727272729, "mid_level_0.5-2": 0.0, "tall_2+": 0.0 }, "geometry": { "type": "Point", "coordinates": [ -0.228473576604033, 51.613444364540982 ] } },
{ "type": "Feature", "properties": { "max_height": 1.58599853515625, "mean_height": 0.039182838052511215, "std_height": 0.23595345020294189, "count_pixels": 44, "percent_cover": 0.026393929396238865, "percent_above_0.1m": 2.2727272727272729, "low_level_<0.5": 0.0, "mid_level_0.5-2": 2.2727272727272729, "tall_2+": 0.0 }, "geometry": { "type": "Point", "coordinates": [ -0.228273553775681, 51.613441346113248 ] } },
{ "type": "Feature", "properties": { "max_height": 7.7572479248046875, "mean_height": 2.4659891128540039, "std_height": 2.1919245719909668, "count_pixels": 43, "percent_cover": 0.025794067364506162, "percent_above_0.1m": 76.744186046511629, "low_level_<0.5": 4.6511627906976747, "mid_level_0.5-2": 18.604651162790699, "tall_2+": 53.488372093023251 }, "geometry": { "type": "Point", "coordinates": [ -0.228073530982542, 51.613438327344845 ] } },
{ "type": "Feature", "properties": { "max_height": 4.687255859375, "mean_height": 0.94205927848815918, "std_height": 1.4687789678573608, "count_pixels": 42, "percent_cover": 0.025194205332773459, "percent_above_0.1m": 40.476190476190474, "low_level_<0.5": 2.3809523809523809, "mid_level_0.5-2": 16.666666666666664, "tall_2+": 21.428571428571427 }, "geometry": { "type": "Point", "coordinates": [ -0.227873508224617, 51.613435308235793 ] } },
{ "type": "Feature", "properties": { "max_height": 0.009246826171875, "mean_height": 0.0008684794302098453, "std_height": 0.0037100613117218018, "count_pixels": 42, "percent_cover": 0.025194205332773459, "percent_above_0.1m": 0.0, "low_level_<0.5": 0.0, "mid_level_0.5-2": 0.0, "tall_2+": 0.0 }, "geometry": { "type": "Point", "coordinates": [ -0.227673485501901, 51.613432288786107 ] } },
{ "type": "Feature", "properties": { "max_height": 0.76900482177734375, "mean_height": 0.059489112347364426, "std_height": 0.16733409464359283, "count_pixels": 42, "percent_cover": 0.025194205332773459, "percent_above_0.1m": 14.285714285714285, "low_level_<0.5": 4.7619047619047619, "mid_level_0.5-2": 4.7619047619047619, "tall_2+": 0.0 }, "geometry": { "type": "Point", "coordinates": [ -0.227473462814414, 51.613429268995752 ] } },
{ "type": "Feature", "properties": { "max_height": 1.4840011596679688, "mean_height": 0.28524985909461975, "std_height": 0.34939482808113098, "count_pixels": 41, "percent_cover": 0.024594343301040763, "percent_above_0.1m": 53.658536585365859, "low_level_<0.5": 19.512195121951219, "mid_level_0.5-2": 29.268292682926827, "tall_2+": 0.0 }, "geometry": { "type": "Point", "coordinates": [ -0.22727344016215, 51.613426248864769 ] } },
{ "type": "Feature", "properties": { "max_height": 0.0097503662109375, "mean_height": 0.00042495728121139109, "std_height": 0.0033829729072749615, "count_pixels": 40, "percent_cover": 0.02399448126930806, "percent_above_0.1m": 0.0, "low_level_<0.5": 0.0, "mid_level_0.5-2": 0.0, "tall_2+": 0.0 }, "geometry": { "type": "Point", "coordinates": [ -0.227073417545116, 51.61342322839311 ] } },
{ "type": "Feature", "properties": { "max_height": 0.00624847412109375, "mean_height": -0.00024922689772211015, "std_height": 0.0035052734892815351, "count_pixels": 36, "percent_cover": 0.021595033142377252, "percent_above_0.1m": 0.0, "low_level_<0.5": 0.0, "mid_level_0.5-2": 0.0, "tall_2+": 0.0 }, "geometry": { "type": "Point", "coordinates": [ -0.226873394963314, 51.613420207580837 ] } },
{ "type": "Feature", "properties": { "max_height": 0.0124969482421875, "mean_height": 0.0014326514210551977, "std_height": 0.0039431215263903141, "count_pixels": 41, "percent_cover": 0.024594343301040763, "percent_above_0.1m": 0.0, "low_level_<0.5": 0.0, "mid_level_0.5-2": 0.0, "tall_2+": 0.0 }, "geometry": { "type": "Point", "coordinates": [ -0.226673372416749, 51.613417186427903 ] } },
{ "type": "Feature", "properties": { "max_height": 0.0070037841796875, "mean_height": -0.00078675802797079086, "std_height": 0.0032863656524568796, "count_pixels": 41, "percent_cover": 0.024594343301040763, "percent_above_0.1m": 0.0, "low_level_<0.5": 0.0, "mid_level_0.5-2": 0.0, "tall_2+": 0.0 }, "geometry": { "type": "Point", "coordinates": [ -0.226473349905429, 51.613414164934298 ] } },
{ "type": "Feature", "properties": { "max_height": 0.019500732421875, "mean_height": 0.0015057155396789312, "std_height": 0.0038623525761067867, "count_pixels": 42, "percent_cover": 0.025194205332773459, "percent_above_0.1m": 0.0, "low_level_<0.5": 0.0, "mid_level_0.5-2": 0.0, "tall_2+": 0.0 }, "geometry": { "type": "Point", "coordinates": [ -0.226273327429349, 51.613411143100066 ] } },
{ "type": "Feature", "properties": { "max_height": 1.03125, "mean_height": 0.12826792895793915, "std_height": 0.2455020546913147, "count_pixels": 42, "percent_cover": 0.025194205332773459, "percent_above_0.1m": 26.190476190476193, "low_level_<0.5": 14.285714285714285, "mid_level_0.5-2": 11.904761904761903, "tall_2+": 0.0 }, "geometry": { "type": "Point", "coordinates": [ -0.22607330498852, 51.613408120925172 ] } },
{ "type": "Feature", "properties": { "max_height": 5.8197555541992188, "mean_height": 1.4617148637771606, "std_height": 1.8382717370986938, "count_pixels": 43, "percent_cover": 0.025794067364506162, "percent_above_0.1m": 74.418604651162795, "low_level_<0.5": 20.930232558139537, "mid_level_0.5-2": 6.9767441860465116, "tall_2+": 34.883720930232556 }, "geometry": { "type": "Point", "coordinates": [ -0.225873282582949, 51.61340509840965 ] } },
{ "type": "Feature", "properties": { "max_height": 5.4530029296875, "mean_height": 1.8555837869644165, "std_height": 1.8169137239456177, "count_pixels": 41, "percent_cover": 0.024594343301040763, "percent_above_0.1m": 85.365853658536579, "low_level_<0.5": 17.073170731707318, "mid_level_0.5-2": 17.073170731707318, "tall_2+": 41.463414634146339 }, "geometry": { "type": "Point", "coordinates": [ -0.233569985662304, 51.613629062289789 ] } },
{ "type": "Feature", "properties": { "max_height": 9.4497604370117188, "mean_height": 2.3839335441589355, "std_height": 2.8908250331878662, "count_pixels": 42, "percent_cover": 0.025194205332773459, "percent_above_0.1m": 59.523809523809526, "low_level_<0.5": 4.7619047619047619, "mid_level_0.5-2": 14.285714285714285, "tall_2+": 38.095238095238095 }, "geometry": { "type": "Point", "coordinates": [ -0.233369961458459, 51.61362605253688 ] } },
{ "type": "Feature", "properties": { "max_height": 1.0527496337890625, "mean_height": 0.18345732986927032, "std_height": 0.30924415588378906, "count_pixels": 42, "percent_cover": 0.025194205332773459, "percent_above_0.1m": 33.333333333333329, "low_level_<0.5": 16.666666666666664, "mid_level_0.5-2": 16.666666666666664, "tall_2+": 0.0 }, "geometry": { "type": "Point", "coordinates": [ -0.233169937289719, 51.613623042443301 ] } },
{ "type": "Feature", "properties": { "max_height": 1.444000244140625, "mean_height": 0.1273905485868454, "std_height": 0.31426247954368591, "count_pixels": 42, "percent_cover": 0.025194205332773459, "percent_above_0.1m": 19.047619047619047, "low_level_<0.5": 7.1428571428571423, "mid_level_0.5-2": 9.5238095238095237, "tall_2+": 0.0 }, "geometry": { "type": "Point", "coordinates": [ -0.232969913156094, 51.613620032009088 ] } },
{ "type": "Feature", "properties": { "max_height": 5.7392578125, "mean_height": 0.3772423267364502, "std_height": 1.1637598276138306, "count_pixels": 43, "percent_cover": 0.025794067364506162, "percent_above_0.1m": 16.279069767441861, "low_level_<0.5": 2.3255813953488373, "mid_level_0.5-2": 6.9767441860465116, "tall_2+": 6.9767441860465116 }, "geometry": { "type": "Point", "coordinates": [ -0.232769889057582, 51.613617021234212 ] } },
{ "type": "Feature", "properties": { "max_height": 9.6375045776367188, "mean_height": 1.3128968477249146, "std_height": 2.3945832252502441, "count_pixels": 44, "percent_cover": 0.026393929396238865, "percent_above_0.1m": 40.909090909090914, "low_level_<0.5": 4.5454545454545459, "mid_level_0.5-2": 15.909090909090908, "tall_2+": 20.454545454545457 }, "geometry": { "type": "Point", "coordinates": [ -0.232569864994191, 51.613614010118681 ] } },
{ "type": "Feature", "properties": { "max_height": 7.1852569580078125, "mean_height": 0.75137686729431152, "std_height": 1.5187033414840698, "count_pixels": 43, "percent_cover": 0.025794067364506162, "percent_above_0.1m": 53.488372093023251, "low_level_<0.5": 20.930232558139537, "mid_level_0.5-2": 27.906976744186046, "tall_2+": 4.6511627906976747 }, "geometry": { "type": "Point", "coordinates": [ -0.232369840965926, 51.61361099866248 ] } },
{ "type": "Feature", "properties": { "max_height": 7.1460037231445312, "mean_height": 1.2483999729156494, "std_height": 2.1007184982299805, "count_pixels": 43, "percent_cover": 0.025794067364506162, "percent_above_0.1m": 34.883720930232556, "low_level_<0.5": 4.6511627906976747, "mid_level_0.5-2": 4.6511627906976747, "tall_2+": 25.581395348837212 }, "geometry": { "type": "Point", "coordinates": [ -0.232169816972789, 51.613607986865652 ] } },
{ "type": "Feature", "properties": { "max_height": 13.986740112304688, "mean_height": 5.5839900970458984, "std_height": 3.9149026870727539, "count_pixels": 42, "percent_cover": 0.025194205332773459, "percent_above_0.1m": 97.61904761904762, "low_level_<0.5": 4.7619047619047619, "mid_level_0.5-2": 14.285714285714285, "tall_2+": 78.571428571428569 }, "geometry": { "type": "Point", "coordinates": [ -0.231969793014778, 51.613604974728155 ] } },
{ "type": "Feature", "properties": { "max_height": 4.5932464599609375, "mean_height": 0.43583914637565613, "std_height": 0.92117428779602051, "count_pixels": 42, "percent_cover": 0.025194205332773459, "percent_above_0.1m": 45.238095238095241, "low_level_<0.5": 14.285714285714285, "mid_level_0.5-2": 11.904761904761903, "tall_2+": 9.5238095238095237 }, "geometry": { "type": "Point", "coordinates": [ -0.231769769091916, 51.613601962250009 ] } },
{ "type": "Feature", "properties": { "max_height": 4.714752197265625, "mean_height": 0.66329789161682129, "std_height": 1.167730450630188, "count_pixels": 41, "percent_cover": 0.024594343301040763, "percent_above_0.1m": 43.902439024390247, "low_level_<0.5": 9.7560975609756095, "mid_level_0.5-2": 21.951219512195124, "tall_2+": 9.7560975609756095 }, "geometry": { "type": "Point", "coordinates": [ -0.231569745204181, 51.613598949431207 ] } },
{ "type": "Feature", "properties": { "max_height": 8.2812576293945312, "mean_height": 1.7379766702651978, "std_height": 2.4643943309783936, "count_pixels": 41, "percent_cover": 0.024594343301040763, "percent_above_0.1m": 51.219512195121951, "low_level_<0.5": 2.4390243902439024, "mid_level_0.5-2": 12.195121951219512, "tall_2+": 34.146341463414636 }, "geometry": { "type": "Point", "coordinates": [ -0.230769650004741, 51.61358689474946 ] } },
{ "type": "Feature", "properties": { "max_height": 7.707244873046875, "mean_height": 1.476131796836853, "std_height": 2.0795979499816895, "count_pixels": 42, "percent_cover": 0.025194205332773459, "percent_above_0.1m": 66.666666666666657, "low_level_<0.5": 16.666666666666664, "mid_level_0.5-2": 14.285714285714285, "tall_2+": 28.571428571428569 }, "geometry": { "type": "Point", "coordinates": [ -0.23056962629277, 51.613583880227402 ] } },
{ "type": "Feature", "properties": { "max_height": 5.98175048828125, "mean_height": 1.10986328125, "std_height": 1.487471342086792, "count_pixels": 42, "percent_cover": 0.025194205332773459, "percent_above_0.1m": 61.904761904761905, "low_level_<0.5": 4.7619047619047619, "mid_level_0.5-2": 38.095238095238095, "tall_2+": 16.666666666666664 }, "geometry": { "type": "Point", "coordinates": [ -0.230369602615965, 51.613580865364675 ] } },
{ "type": "Feature", "properties": { "max_height": 0.639251708984375, "mean_height": 0.0434831902384758, "std_height": 0.12917277216911316, "count_pixels": 42, "percent_cover": 0.025194205332773459, "percent_above_0.1m": 9.5238095238095237, "low_level_<0.5": 7.1428571428571423, "mid_level_0.5-2": 2.3809523809523809, "tall_2+": 0.0 }, "geometry": { "type": "Point", "coordinates": [ -0.230169578974325, 51.613577850161292 ] } },
{ "type": "Feature", "properties": { "max_height": 0.01349639892578125, "mean_height": 0.0020993254147469997, "std_height": 0.0045330501161515713, "count_pixels": 43, "percent_cover": 0.025794067364506162, "percent_above_0.1m": 0.0, "low_level_<0.5": 0.0, "mid_level_0.5-2": 0.0, "tall_2+": 0.0 }, "geometry": { "type": "Point", "coordinates": [ -0.229969555367855, 51.613574834617275 ] } },
{ "type": "Feature", "properties": { "max_height": 0.010498046875, "mean_height": 0.0018631328130140901, "std_height": 0.0032207914628088474, "count_pixels": 44, "percent_cover": 0.026393929396238865, "percent_above_0.1m": 0.0, "low_level_<0.5": 0.0, "mid_level_0.5-2": 0.0, "tall_2+": 0.0 }, "geometry": { "type": "Point", "coordinates": [ -0.229769531796568, 51.613571818732588 ] } },
{ "type": "Feature", "properties": { "max_height": 0.009002685546875, "mean_height": 0.0012558337766677141, "std_height": 0.0026489680167287588, "count_pixels": 43, "percent_cover": 0.025794067364506162, "percent_above_0.1m": 0.0, "low_level_<0.5": 0.0, "mid_level_0.5-2": 0.0, "tall_2+": 0.0 }, "geometry": { "type": "Point", "coordinates": [ -0.229569508260456, 51.61356880250726 ] } },
{ "type": "Feature", "properties": { "max_height": 0.01450347900390625, "mean_height": 0.0015688164858147502, "std_height": 0.0043004443868994713, "count_pixels": 43, "percent_cover": 0.025794067364506162, "percent_above_0.1m": 0.0, "low_level_<0.5": 0.0, "mid_level_0.5-2": 0.0, "tall_2+": 0.0 }, "geometry": { "type": "Point", "coordinates": [ -0.22936948475953, 51.61356578594129 ] } },
{ "type": "Feature", "properties": { "max_height": 0.00424957275390625, "mean_height": 0.00060762680368497968, "std_height": 0.0019106132676824927, "count_pixels": 42, "percent_cover": 0.025194205332773459, "percent_above_0.1m": 0.0, "low_level_<0.5": 0.0, "mid_level_0.5-2": 0.0, "tall_2+": 0.0 }, "geometry": { "type": "Point", "coordinates": [ -0.22916946129379, 51.613562769034644 ] } },
{ "type": "Feature", "properties": { "max_height": 0.0149993896484375, "mean_height": 0.00079836166696622968, "std_height": 0.0033628474920988083, "count_pixels": 42, "percent_cover": 0.025194205332773459, "percent_above_0.1m": 0.0, "low_level_<0.5": 0.0, "mid_level_0.5-2": 0.0, "tall_2+": 0.0 }, "geometry": { "type": "Point", "coordinates": [ -0.228969437863242, 51.613559751787356 ] } },
{ "type": "Feature", "properties": { "max_height": 0.00850677490234375, "mean_height": 7.4060953920707107e-05, "std_height": 0.0028931610286235809, "count_pixels": 41, "percent_cover": 0.024594343301040763, "percent_above_0.1m": 0.0, "low_level_<0.5": 0.0, "mid_level_0.5-2": 0.0, "tall_2+": 0.0 }, "geometry": { "type": "Point", "coordinates": [ -0.228769414467891, 51.613556734199406 ] } },
{ "type": "Feature", "properties": { "max_height": 0.0155029296875, "mean_height": 0.0001756668061716482, "std_height": 0.004658795427531004, "count_pixels": 40, "percent_cover": 0.02399448126930806, "percent_above_0.1m": 0.0, "low_level_<0.5": 0.0, "mid_level_0.5-2": 0.0, "tall_2+": 0.0 }, "geometry": { "type": "Point", "coordinates": [ -0.228569391107735, 51.613553716270829 ] } },
{ "type": "Feature", "properties": { "max_height": 0.0084991455078125, "mean_height": 0.00023693508410360664, "std_height": 0.0028826231136918068, "count_pixels": 36, "percent_cover": 0.021595033142377252, "percent_above_0.1m": 0.0, "low_level_<0.5": 0.0, "mid_level_0.5-2": 0.0, "tall_2+": 0.0 }, "geometry": { "type": "Point", "coordinates": [ -0.228369367782791, 51.613550698001596 ] } },
{ "type": "Feature", "properties": { "max_height": 0.31075286865234375, "mean_height": 0.011969184502959251, "std_height": 0.049864567816257477, "count_pixels": 40, "percent_cover": 0.02399448126930806, "percent_above_0.1m": 2.5, "low_level_<0.5": 2.5, "mid_level_0.5-2": 0.0, "tall_2+": 0.0 }, "geometry": { "type": "Point", "coordinates": [ -0.228169344493047, 51.613547679391687 ] } },
{ "type": "Feature", "properties": { "max_height": 10.60699462890625, "mean_height": 3.3948714733123779, "std_height": 2.9541897773742676, "count_pixels": 41, "percent_cover": 0.024594343301040763, "percent_above_0.1m": 85.365853658536579, "low_level_<0.5": 9.7560975609756095, "mid_level_0.5-2": 14.634146341463413, "tall_2+": 60.975609756097562 }, "geometry": { "type": "Point", "coordinates": [ -0.227969321238521, 51.61354466044115 ] } },
{ "type": "Feature", "properties": { "max_height": 0.08575439453125, "mean_height": 0.0030003502033650875, "std_height": 0.013403957709670067, "count_pixels": 42, "percent_cover": 0.025194205332773459, "percent_above_0.1m": 0.0, "low_level_<0.5": 0.0, "mid_level_0.5-2": 0.0, "tall_2+": 0.0 }, "geometry": { "type": "Point", "coordinates": [ -0.227769298019205, 51.613541641149943 ] } },
{ "type": "Feature", "properties": { "max_height": 0.01250457763671875, "mean_height": 0.0016791934613138437, "std_height": 0.0044564432464540005, "count_pixels": 42, "percent_cover": 0.025194205332773459, "percent_above_0.1m": 0.0, "low_level_<0.5": 0.0, "mid_level_0.5-2": 0.0, "tall_2+": 0.0 }, "geometry": { "type": "Point", "coordinates": [ -0.227569274835112, 51.613538621518103 ] } },
{ "type": "Feature", "properties": { "max_height": 6.579498291015625, "mean_height": 1.2319467067718506, "std_height": 2.0307357311248779, "count_pixels": 42, "percent_cover": 0.025194205332773459, "percent_above_0.1m": 50.0, "low_level_<0.5": 7.1428571428571423, "mid_level_0.5-2": 19.047619047619047, "tall_2+": 21.428571428571427 }, "geometry": { "type": "Point", "coordinates": [ -0.227369251686243, 51.6135356015456 ] } },
{ "type": "Feature", "properties": { "max_height": 0.02050018310546875, "mean_height": 0.0022323962766677141, "std_height": 0.0044195782393217087, "count_pixels": 43, "percent_cover": 0.025794067364506162, "percent_above_0.1m": 0.0, "low_level_<0.5": 0.0, "mid_level_0.5-2": 0.0, "tall_2+": 0.0 }, "geometry": { "type": "Point", "coordinates": [ -0.227169228572597, 51.613532581232462 ] } },
{ "type": "Feature", "properties": { "max_height": 0.01599884033203125, "mean_height": 0.0015173825668171048, "std_height": 0.0045532924123108387, "count_pixels": 44, "percent_cover": 0.026393929396238865, "percent_above_0.1m": 0.0, "low_level_<0.5": 0.0, "mid_level_0.5-2": 0.0, "tall_2+": 0.0 }, "geometry": { "type": "Point", "coordinates": [ -0.226969205494189, 51.613529560578648 ] } },
{ "type": "Feature", "properties": { "max_height": 0.01275634765625, "mean_height": 0.0013323052553460002, "std_height": 0.0033393246121704578, "count_pixels": 43, "percent_cover": 0.025794067364506162, "percent_above_0.1m": 0.0, "low_level_<0.5": 0.0, "mid_level_0.5-2": 0.0, "tall_2+": 0.0 }, "geometry": { "type": "Point", "coordinates": [ -0.226769182451012, 51.613526539584214 ] } },
{ "type": "Feature", "properties": { "max_height": 0.0162506103515625, "mean_height": 0.0015118621522560716, "std_height": 0.0041954428888857365, "count_pixels": 43, "percent_cover": 0.025794067364506162, "percent_above_0.1m": 0.0, "low_level_<0.5": 0.0, "mid_level_0.5-2": 0.0, "tall_2+": 0.0 }, "geometry": { "type": "Point", "coordinates": [ -0.226569159443076, 51.61352351824911 ] } },
{ "type": "Feature", "properties": { "max_height": 0.0110015869140625, "mean_height": 0.00068392074899747968, "std_height": 0.0038609264884144068, "count_pixels": 42, "percent_cover": 0.025194205332773459, "percent_above_0.1m": 0.0, "low_level_<0.5": 0.0, "mid_level_0.5-2": 0.0, "tall_2+": 0.0 }, "geometry": { "type": "Point", "coordinates": [ -0.226369136470385, 51.613520496573351 ] } },
{ "type": "Feature", "properties": { "max_height": 1.214752197265625, "mean_height": 0.039391834288835526, "std_height": 0.19068802893161774, "count_pixels": 42, "percent_cover": 0.025194205332773459, "percent_above_0.1m": 4.7619047619047619, "low_level_<0.5": 2.3809523809523809, "mid_level_0.5-2": 2.3809523809523809, "tall_2+": 0.0 }, "geometry": { "type": "Point", "coordinates": [ -0.226169113532935, 51.613517474556964 ] } },
{ "type": "Feature", "properties": { "max_height": 0.27449798583984375, "mean_height": 0.052963070571422577, "std_height": 0.072803936898708344, "count_pixels": 41, "percent_cover": 0.024594343301040763, "percent_above_0.1m": 21.951219512195124, "low_level_<0.5": 12.195121951219512, "mid_level_0.5-2": 0.0, "tall_2+": 0.0 }, "geometry": { "type": "Point", "coordinates": [ -0.225969090630745, 51.613514452199915 ] } },
{ "type": "Feature", "properties": { "max_height": 2.0240020751953125, "mean_height": 0.62515562772750854, "std_height": 0.61326611042022705, "count_pixels": 40, "percent_cover": 0.02399448126930806, "percent_above_0.1m": 62.5, "low_level_<0.5": 12.5, "mid_level_0.5-2": 47.5, "tall_2+": 2.5 }, "geometry": { "type": "Point", "coordinates": [ -0.225769067763807, 51.613511429502203 ] } },
{ "type": "Feature", "properties": { "max_height": 7.2257537841796875, "mean_height": 2.7956092357635498, "std_height": 2.2480428218841553, "count_pixels": 43, "percent_cover": 0.025794067364506162, "percent_above_0.1m": 79.069767441860463, "low_level_<0.5": 2.3255813953488373, "mid_level_0.5-2": 16.279069767441861, "tall_2+": 60.465116279069761 }, "geometry": { "type": "Point", "coordinates": [ -0.233665813041845, 51.613738409980996 ] } },
{ "type": "Feature", "properties": { "max_height": 3.839752197265625, "mean_height": 0.89292216300964355, "std_height": 0.95086848735809326, "count_pixels": 42, "percent_cover": 0.025194205332773459, "percent_above_0.1m": 78.571428571428569, "low_level_<0.5": 14.285714285714285, "mid_level_0.5-2": 42.857142857142854, "tall_2+": 11.904761904761903 }, "geometry": { "type": "Point", "coordinates": [ -0.233465788341439, 51.613735400386638 ] } },
{ "type": "Feature", "properties": { "max_height": 5.1450042724609375, "mean_height": 1.0652246475219727, "std_height": 1.4137654304504395, "count_pixels": 42, "percent_cover": 0.025194205332773459, "percent_above_0.1m": 69.047619047619051, "low_level_<0.5": 21.428571428571427, "mid_level_0.5-2": 21.428571428571427, "tall_2+": 21.428571428571427 }, "geometry": { "type": "Point", "coordinates": [ -0.233265763676144, 51.613732390451581 ] } },
{ "type": "Feature", "properties": { "max_height": 3.6299972534179688, "mean_height": 0.39399808645248413, "std_height": 0.6342092752456665, "count_pixels": 42, "percent_cover": 0.025194205332773459, "percent_above_0.1m": 59.523809523809526, "low_level_<0.5": 35.714285714285715, "mid_level_0.5-2": 19.047619047619047, "tall_2+": 2.3809523809523809 }, "geometry": { "type": "Point", "coordinates": [ -0.233065739045951, 51.613729380175911 ] } },
{ "type": "Feature", "properties": { "max_height": 6.8487625122070312, "mean_height": 2.3791267871856689, "std_height": 2.220198392868042, "count_pixels": 41, "percent_cover": 0.024594343301040763, "percent_above_0.1m": 75.609756097560975, "low_level_<0.5": 12.195121951219512, "mid_level_0.5-2": 17.073170731707318, "tall_2+": 46.341463414634148 }, "geometry": { "type": "Point", "coordinates": [ -0.232865714450882, 51.613726369559565 ] } },
{ "type": "Feature", "properties": { "max_height": 11.087005615234375, "mean_height": 5.6257929801940918, "std_height": 2.7442474365234375, "count_pixels": 40, "percent_cover": 0.02399448126930806, "percent_above_0.1m": 100.0, "low_level_<0.5": 0.0, "mid_level_0.5-2": 10.0, "tall_2+": 90.0 }, "geometry": { "type": "Point", "coordinates": [ -0.232665689890926, 51.613723358602563 ] } },
{ "type": "Feature", "properties": { "max_height": 8.662261962890625, "mean_height": 2.2597486972808838, "std_height": 2.509918212890625, "count_pixels": 36, "percent_cover": 0.021595033142377252, "percent_above_0.1m": 66.666666666666657, "low_level_<0.5": 8.3333333333333321, "mid_level_0.5-2": 11.111111111111111, "tall_2+": 44.444444444444443 }, "geometry": { "type": "Point", "coordinates": [ -0.232465665366093, 51.613720347304913 ] } },
{ "type": "Feature", "properties": { "max_height": 6.8147506713867188, "mean_height": 1.8022853136062622, "std_height": 1.8728643655776978, "count_pixels": 41, "percent_cover": 0.024594343301040763, "percent_above_0.1m": 60.975609756097562, "low_level_<0.5": 0.0, "mid_level_0.5-2": 17.073170731707318, "tall_2+": 43.902439024390247 }, "geometry": { "type": "Point", "coordinates": [ -0.232265640876385, 51.6137173356666 ] } },
{ "type": "Feature", "properties": { "max_height": 7.91650390625, "mean_height": 1.6102252006530762, "std_height": 2.2772984504699707, "count_pixels": 41, "percent_cover": 0.024594343301040763, "percent_above_0.1m": 46.341463414634148, "low_level_<0.5": 0.0, "mid_level_0.5-2": 14.634146341463413, "tall_2+": 31.707317073170731 }, "geometry": { "type": "Point", "coordinates": [ -0.232065616421813, 51.613714323687631 ] } },
{ "type": "Feature", "properties": { "max_height": 6.5555038452148438, "mean_height": 3.8210101127624512, "std_height": 1.7968004941940308, "count_pixels": 42, "percent_cover": 0.025194205332773459, "percent_above_0.1m": 92.857142857142861, "low_level_<0.5": 0.0, "mid_level_0.5-2": 11.904761904761903, "tall_2+": 80.952380952380949 }, "geometry": { "type": "Point", "coordinates": [ -0.231865592002368, 51.613711311368021 ] } },
{ "type": "Feature", "properties": { "max_height": 2.4842453002929688, "mean_height": 0.27947670221328735, "std_height": 0.6105230450630188, "count_pixels": 42, "percent_cover": 0.025194205332773459, "percent_above_0.1m": 26.190476190476193, "low_level_<0.5": 7.1428571428571423, "mid_level_0.5-2": 14.285714285714285, "tall_2+": 2.3809523809523809 }, "geometry": { "type": "Point", "coordinates": [ -0.231665567618067, 51.613708298707742 ] } },
{ "type": "Feature", "properties": { "max_height": 14.424003601074219, "mean_height": 2.6916613578796387, "std_height": 3.9075257778167725, "count_pixels": 42, "percent_cover": 0.025194205332773459, "percent_above_0.1m": 59.523809523809526, "low_level_<0.5": 7.1428571428571423, "mid_level_0.5-2": 14.285714285714285, "tall_2+": 35.714285714285715 }, "geometry": { "type": "Point", "coordinates": [ -0.230665446223767, 51.613693230296541 ] } },
{ "type": "Feature", "properties": { "max_height": 14.822502136230469, "mean_height": 4.1665177345275879, "std_height": 3.8152947425842285, "count_pixels": 42, "percent_cover": 0.025194205332773459, "percent_above_0.1m": 83.333333333333343, "low_level_<0.5": 2.3809523809523809, "mid_level_0.5-2": 14.285714285714285, "tall_2+": 66.666666666666657 }, "geometry": { "type": "Point", "coordinates": [ -0.230465422050374, 51.613690215592342 ] } },
{ "type": "Feature", "properties": { "max_height": 5.2307510375976562, "mean_height": 1.7325595617294312, "std_height": 1.8678500652313232, "count_pixels": 42, "percent_cover": 0.025194205332773459, "percent_above_0.1m": 61.904761904761905, "low_level_<0.5": 7.1428571428571423, "mid_level_0.5-2": 14.285714285714285, "tall_2+": 40.476190476190474 }, "geometry": { "type": "Point", "coordinates": [ -0.230265397912152, 51.613687200547481 ] } },
{ "type": "Feature", "properties": { "max_height": 0.02050018310546875, "mean_height": 0.0028839111328125, "std_height": 0.0043223118409514427, "count_pixels": 41, "percent_cover": 0.024594343301040763, "percent_above_0.1m": 0.0, "low_level_<0.5": 0.0, "mid_level_0.5-2": 0.0, "tall_2+": 0.0 }, "geometry": { "type": "Point", "coordinates": [ -0.230065373809096, 51.613684185161972 ] } },
{ "type": "Feature", "properties": { "max_height": 0.01325225830078125, "mean_height": 0.0027379989624023438, "std_height": 0.0038523066323250532, "count_pixels": 40, "percent_cover": 0.02399448126930806, "percent_above_0.1m": 0.0, "low_level_<0.5": 0.0, "mid_level_0.5-2": 0.0, "tall_2+": 0.0 }, "geometry": { "type": "Point", "coordinates": [ -0.22986534974122, 51.6136811694358 ] } },
{ "type": "Feature", "properties": { "max_height": 0.00875091552734375, "mean_height": 0.0011736551532521844, "std_height": 0.0033214092254638672, "count_pixels": 36, "percent_cover": 0.021595033142377252, "percent_above_0.1m": 0.0, "low_level_<0.5": 0.0, "mid_level_0.5-2": 0.0, "tall_2+": 0.0 }, "geometry": { "type": "Point", "coordinates": [ -0.229665325708518, 51.61367815336898 ] } },
{ "type": "Feature", "properties": { "max_height": 0.02124786376953125, "mean_height": 0.0039330460131168365, "std_height": 0.0070368479937314987, "count_pixels": 41, "percent_cover": 0.024594343301040763, "percent_above_0.1m": 0.0, "low_level_<0.5": 0.0, "mid_level_0.5-2": 0.0, "tall_2+": 0.0 }, "geometry": { "type": "Point", "coordinates": [ -0.229465301710998, 51.613675136961518 ] } },
{ "type": "Feature", "properties": { "max_height": 0.00600433349609375, "mean_height": 0.0003918903530575335, "std_height": 0.002344110980629921, "count_pixels": 41, "percent_cover": 0.024594343301040763, "percent_above_0.1m": 0.0, "low_level_<0.5": 0.0, "mid_level_0.5-2": 0.0, "tall_2+": 0.0 }, "geometry": { "type": "Point", "coordinates": [ -0.229265277748666, 51.613672120213373 ] } },
{ "type": "Feature", "properties": { "max_height": 0.0095062255859375, "mean_height": 0.00033333187457174063, "std_height": 0.0034195026382803917, "count_pixels": 42, "percent_cover": 0.025194205332773459, "percent_above_0.1m": 0.0, "low_level_<0.5": 0.0, "mid_level_0.5-2": 0.0, "tall_2+": 0.0 }, "geometry": { "type": "Point", "coordinates": [ -0.229065253821522, 51.613669103124614 ] } },
{ "type": "Feature", "properties": { "max_height": 0.0155029296875, "mean_height": 0.00094658986199647188, "std_height": 0.0041076252236962318, "count_pixels": 42, "percent_cover": 0.025194205332773459, "percent_above_0.1m": 0.0, "low_level_<0.5": 0.0, "mid_level_0.5-2": 0.0, "tall_2+": 0.0 }, "geometry": { "type": "Point", "coordinates": [ -0.228865229929573, 51.613666085695172 ] } },
{ "type": "Feature", "properties": { "max_height": 0.0082550048828125, "mean_height": 0.00040684189298190176, "std_height": 0.0027381149120628834, "count_pixels": 43, "percent_cover": 0.025794067364506162, "percent_above_0.1m": 0.0, "low_level_<0.5": 0.0, "mid_level_0.5-2": 0.0, "tall_2+": 0.0 }, "geometry": { "type": "Point", "coordinates": [ -0.228665206072825, 51.613663067925096 ] } },
{ "type": "Feature", "properties": { "max_height": 0.011749267578125, "mean_height": 0.0021022448781877756, "std_height": 0.0035954783670604229, "count_pixels": 44, "percent_cover": 0.026393929396238865, "percent_above_0.1m": 0.0, "low_level_<0.5": 0.0, "mid_level_0.5-2": 0.0, "tall_2+": 0.0 }, "geometry": { "type": "Point", "coordinates": [ -0.228465182251275, 51.613660049814349 ] } },
{ "type": "Feature", "properties": { "max_height": 0.19699859619140625, "mean_height": 0.0058702989481389523, "std_height": 0.029452141374349594, "count_pixels": 44, "percent_cover": 0.026393929396238865, "percent_above_0.1m": 2.2727272727272729, "low_level_<0.5": 2.2727272727272729, "mid_level_0.5-2": 0.0, "tall_2+": 0.0 }, "geometry": { "type": "Point", "coordinates": [ -0.228265158464931, 51.613657031362962 ] } },
{ "type": "Feature", "properties": { "max_height": 5.5862503051757812, "mean_height": 0.24034775793552399, "std_height": 0.89882177114486694, "count_pixels": 43, "percent_cover": 0.025794067364506162, "percent_above_0.1m": 18.604651162790699, "low_level_<0.5": 6.9767441860465116, "mid_level_0.5-2": 4.6511627906976747, "tall_2+": 4.6511627906976747 }, "geometry": { "type": "Point", "coordinates": [ -0.228065134713802, 51.613654012570919 ] } },
{ "type": "Feature", "properties": { "max_height": 6.8765029907226562, "mean_height": 1.3891129493713379, "std_height": 1.5065605640411377, "count_pixels": 42, "percent_cover": 0.025194205332773459, "percent_above_0.1m": 92.857142857142861, "low_level_<0.5": 16.666666666666664, "mid_level_0.5-2": 45.238095238095241, "tall_2+": 23.809523809523807 }, "geometry": { "type": "Point", "coordinates": [ -0.227865110997878, 51.613650993438227 ] } },
{ "type": "Feature", "properties": { "max_height": 2.2497482299804688, "mean_height": 0.13628551363945007, "std_height": 0.48265406489372253, "count_pixels": 42, "percent_cover": 0.025194205332773459, "percent_above_0.1m": 11.904761904761903, "low_level_<0.5": 4.7619047619047619, "mid_level_0.5-2": 2.3809523809523809, "tall_2+": 4.7619047619047619 }, "geometry": { "type": "Point", "coordinates": [ -0.22766508731718, 51.613647973964873 ] } },
{ "type": "Feature", "properties": { "max_height": 5.9702529907226562, "mean_height": 1.6911908388137817, "std_height": 1.4272664785385132, "count_pixels": 42, "percent_cover": 0.025194205332773459, "percent_above_0.1m": 85.714285714285708, "low_level_<0.5": 9.5238095238095237, "mid_level_0.5-2": 40.476190476190474, "tall_2+": 33.333333333333329 }, "geometry": { "type": "Point", "coordinates": [ -0.2274650636717, 51.613644954150871 ] } },
{ "type": "Feature", "properties": { "max_height": 1.6454925537109375, "mean_height": 0.21682906150817871, "std_height": 0.43059653043746948, "count_pixels": 41, "percent_cover": 0.024594343301040763, "percent_above_0.1m": 21.951219512195124, "low_level_<0.5": 2.4390243902439024, "mid_level_0.5-2": 19.512195121951219, "tall_2+": 0.0 }, "geometry": { "type": "Point", "coordinates": [ -0.227265040061446, 51.613641933996206 ] } },
{ "type": "Feature", "properties": { "max_height": 0.0097503662109375, "mean_height": 0.00041255951509810984, "std_height": 0.0035671894438564777, "count_pixels": 40, "percent_cover": 0.02399448126930806, "percent_above_0.1m": 0.0, "low_level_<0.5": 0.0, "mid_level_0.5-2": 0.0, "tall_2+": 0.0 }, "geometry": { "type": "Point", "coordinates": [ -0.227065016486424, 51.613638913500914 ] } },
{ "type": "Feature", "properties": { "max_height": 0.016754150390625, "mean_height": 0.00099351676180958748, "std_height": 0.0038719633594155312, "count_pixels": 36, "percent_cover": 0.021595033142377252, "percent_above_0.1m": 0.0, "low_level_<0.5": 0.0, "mid_level_0.5-2": 0.0, "tall_2+": 0.0 }, "geometry": { "type": "Point", "coordinates": [ -0.226864992946635, 51.613635892664959 ] } },
{ "type": "Feature", "properties": { "max_height": 0.01650238037109375, "mean_height": 0.0038107894361019135, "std_height": 0.0055775418877601624, "count_pixels": 41, "percent_cover": 0.024594343301040763, "percent_above_0.1m": 0.0, "low_level_<0.5": 0.0, "mid_level_0.5-2": 0.0, "tall_2+": 0.0 }, "geometry": { "type": "Point", "coordinates": [ -0.226664969442083, 51.613632871488356 ] } },
{ "type": "Feature", "properties": { "max_height": 0.01399993896484375, "mean_height": 0.00062226084992289543, "std_height": 0.0056370464153587818, "count_pixels": 41, "percent_cover": 0.024594343301040763, "percent_above_0.1m": 0.0, "low_level_<0.5": 0.0, "mid_level_0.5-2": 0.0, "tall_2+": 0.0 }, "geometry": { "type": "Point", "coordinates": [ -0.226464945972772, 51.613629849971097 ] } },
{ "type": "Feature", "properties": { "max_height": 0.01450347900390625, "mean_height": 0.0023623874876648188, "std_height": 0.005234722513705492, "count_pixels": 42, "percent_cover": 0.025194205332773459, "percent_above_0.1m": 0.0, "low_level_<0.5": 0.0, "mid_level_0.5-2": 0.0, "tall_2+": 0.0 }, "geometry": { "type": "Point", "coordinates": [ -0.226264922538709, 51.61362682811319 ] } },
{ "type": "Feature", "properties": { "max_height": 2.6650009155273438, "mean_height": 0.11885688453912735, "std_height": 0.49035432934761047, "count_pixels": 42, "percent_cover": 0.025194205332773459, "percent_above_0.1m": 7.1428571428571423, "low_level_<0.5": 2.3809523809523809, "mid_level_0.5-2": 2.3809523809523809, "tall_2+": 2.3809523809523809 }, "geometry": { "type": "Point", "coordinates": [ -0.226064899139894, 51.613623805914614 ] } },
{ "type": "Feature", "properties": { "max_height": 5.4562454223632812, "mean_height": 0.97394120693206787, "std_height": 1.0103240013122559, "count_pixels": 43, "percent_cover": 0.025794067364506162, "percent_above_0.1m": 83.720930232558146, "low_level_<0.5": 11.627906976744185, "mid_level_0.5-2": 51.162790697674424, "tall_2+": 9.3023255813953494 }, "geometry": { "type": "Point", "coordinates": [ -0.225864875776334, 51.61362078337541 ] } },
{ "type": "Feature", "properties": { "max_height": 8.2027511596679688, "mean_height": 1.8872615098953247, "std_height": 2.11928391456604, "count_pixels": 44, "percent_cover": 0.026393929396238865, "percent_above_0.1m": 77.272727272727266, "low_level_<0.5": 15.909090909090908, "mid_level_0.5-2": 18.181818181818183, "tall_2+": 40.909090909090914 }, "geometry": { "type": "Point", "coordinates": [ -0.225664852448031, 51.613617760495544 ] } },
{ "type": "Feature", "properties": { "max_height": 7.8127517700195312, "mean_height": 2.8957052230834961, "std_height": 2.802772045135498, "count_pixels": 44, "percent_cover": 0.026393929396238865, "percent_above_0.1m": 88.63636363636364, "low_level_<0.5": 11.363636363636363, "mid_level_0.5-2": 25.0, "tall_2+": 45.454545454545453 }, "geometry": { "type": "Point", "coordinates": [ -0.225464829154989, 51.613614737275029 ] } },
{ "type": "Feature", "properties": { "max_height": 9.2165069580078125, "mean_height": 3.336972713470459, "std_height": 2.6834824085235596, "count_pixels": 43, "percent_cover": 0.025794067364506162, "percent_above_0.1m": 76.744186046511629, "low_level_<0.5": 2.3255813953488373, "mid_level_0.5-2": 9.3023255813953494, "tall_2+": 65.116279069767444 }, "geometry": { "type": "Point", "coordinates": [ -0.225264805897216, 51.613611713713873 ] } },
{ "type": "Feature", "properties": { "max_height": 2.9052505493164062, "mean_height": 0.29745212197303772, "std_height": 0.62543940544128418, "count_pixels": 42, "percent_cover": 0.025194205332773459, "percent_above_0.1m": 33.333333333333329, "low_level_<0.5": 2.3809523809523809, "mid_level_0.5-2": 16.666666666666664, "tall_2+": 4.7619047619047619 }, "geometry": { "type": "Point", "coordinates": [ -0.22506478267471, 51.613608689812054 ] } },
{ "type": "Feature", "properties": { "max_height": 10.629753112792969, "mean_height": 2.6526839733123779, "std_height": 3.0379786491394043, "count_pixels": 42, "percent_cover": 0.025194205332773459, "percent_above_0.1m": 66.666666666666657, "low_level_<0.5": 2.3809523809523809, "mid_level_0.5-2": 16.666666666666664, "tall_2+": 45.238095238095241 }, "geometry": { "type": "Point", "coordinates": [ -0.224864759487478, 51.613605665569587 ] } },
{ "type": "Feature", "properties": { "max_height": 7.6732559204101562, "mean_height": 2.8957064151763916, "std_height": 1.846981406211853, "count_pixels": 41, "percent_cover": 0.024594343301040763, "percent_above_0.1m": 90.243902439024396, "low_level_<0.5": 0.0, "mid_level_0.5-2": 24.390243902439025, "tall_2+": 65.853658536585371 }, "geometry": { "type": "Point", "coordinates": [ -0.23356161568586, 51.61384474816078 ] } },
{ "type": "Feature", "properties": { "max_height": 3.5362548828125, "mean_height": 0.78722018003463745, "std_height": 0.85802465677261353, "count_pixels": 42, "percent_cover": 0.025194205332773459, "percent_above_0.1m": 64.285714285714292, "low_level_<0.5": 11.904761904761903, "mid_level_0.5-2": 40.476190476190474, "tall_2+": 9.5238095238095237 }, "geometry": { "type": "Point", "coordinates": [ -0.233361590523998, 51.613841738384274 ] } },
{ "type": "Feature", "properties": { "max_height": 11.227256774902344, "mean_height": 2.0505704879760742, "std_height": 2.1179308891296387, "count_pixels": 42, "percent_cover": 0.025194205332773459, "percent_above_0.1m": 90.476190476190482, "low_level_<0.5": 4.7619047619047619, "mid_level_0.5-2": 52.380952380952387, "tall_2+": 33.333333333333329 }, "geometry": { "type": "Point", "coordinates": [ -0.233161565397249, 51.613838728267133 ] } },
{ "type": "Feature", "properties": { "max_height": 7.6567535400390625, "mean_height": 1.4564752578735352, "std_height": 1.9772018194198608, "count_pixels": 42, "percent_cover": 0.025194205332773459, "percent_above_0.1m": 52.380952380952387, "low_level_<0.5": 7.1428571428571423, "mid_level_0.5-2": 11.904761904761903, "tall_2+": 33.333333333333329 }, "geometry": { "type": "Point", "coordinates": [ -0.23296154030561, 51.61383571780933 ] } },
{ "type": "Feature", "properties": { "max_height": 8.2687530517578125, "mean_height": 0.45956900715827942, "std_height": 1.5306081771850586, "count_pixels": 43, "percent_cover": 0.025794067364506162, "percent_above_0.1m": 20.930232558139537, "low_level_<0.5": 6.9767441860465116, "mid_level_0.5-2": 6.9767441860465116, "tall_2+": 6.9767441860465116 }, "geometry": { "type": "Point", "coordinates": [ -0.232761515249087, 51.613832707010857 ] } },
{ "type": "Feature", "properties": { "max_height": 4.9180068969726562, "mean_height": 0.12683902680873871, "std_height": 0.73649394512176514, "count_pixels": 44, "percent_cover": 0.026393929396238865, "percent_above_0.1m": 4.5454545454545459, "low_level_<0.5": 0.0, "mid_level_0.5-2": 2.2727272727272729, "tall_2+": 2.2727272727272729 }, "geometry": { "type": "Point", "coordinates": [ -0.232561490227687, 51.613829695871736 ] } },
{ "type": "Feature", "properties": { "max_height": 4.4182586669921875, "mean_height": 0.30991581082344055, "std_height": 0.94588398933410645, "count_pixels": 42, "percent_cover": 0.025194205332773459, "percent_above_0.1m": 14.285714285714285, "low_level_<0.5": 2.3809523809523809, "mid_level_0.5-2": 4.7619047619047619, "tall_2+": 7.1428571428571423 }, "geometry": { "type": "Point", "coordinates": [ -0.231961415374249, 51.61382066041044 ] } },
{ "type": "Feature", "properties": { "max_height": 8.8480072021484375, "mean_height": 5.1825265884399414, "std_height": 2.1403384208679199, "count_pixels": 42, "percent_cover": 0.025194205332773459, "percent_above_0.1m": 97.61904761904762, "low_level_<0.5": 2.3809523809523809, "mid_level_0.5-2": 2.3809523809523809, "tall_2+": 92.857142857142861 }, "geometry": { "type": "Point", "coordinates": [ -0.231761390493369, 51.613817647908697 ] } },
{ "type": "Feature", "properties": { "max_height": 8.2517547607421875, "mean_height": 0.76210182905197144, "std_height": 1.8018194437026978, "count_pixels": 42, "percent_cover": 0.025194205332773459, "percent_above_0.1m": 30.952380952380953, "low_level_<0.5": 7.1428571428571423, "mid_level_0.5-2": 2.3809523809523809, "tall_2+": 16.666666666666664 }, "geometry": { "type": "Point", "coordinates": [ -0.230561241946189, 51.613799565744401 ] } },
{ "type": "Feature", "properties": { "max_height": 4.4982452392578125, "mean_height": 0.98155486583709717, "std_height": 1.4223511219024658, "count_pixels": 42, "percent_cover": 0.025194205332773459, "percent_above_0.1m": 47.619047619047613, "low_level_<0.5": 7.1428571428571423, "mid_level_0.5-2": 14.285714285714285, "tall_2+": 23.809523809523807 }, "geometry": { "type": "Point", "coordinates": [ -0.230361217311379, 51.613796550858083 ] } },
{ "type": "Feature", "properties": { "max_height": 6.016754150390625, "mean_height": 1.0719056129455566, "std_height": 1.7184938192367554, "count_pixels": 42, "percent_cover": 0.025194205332773459, "percent_above_0.1m": 47.619047619047613, "low_level_<0.5": 9.5238095238095237, "mid_level_0.5-2": 19.047619047619047, "tall_2+": 19.047619047619047 }, "geometry": { "type": "Point", "coordinates": [ -0.230161192711737, 51.613793535631082 ] } },
{ "type": "Feature", "properties": { "max_height": 0.00925445556640625, "mean_height": 0.0026163500733673573, "std_height": 0.0034261401742696762, "count_pixels": 43, "percent_cover": 0.025794067364506162, "percent_above_0.1m": 0.0, "low_level_<0.5": 0.0, "mid_level_0.5-2": 0.0, "tall_2+": 0.0 }, "geometry": { "type": "Point", "coordinates": [ -0.229961168147266, 51.613790520063425 ] } },
{ "type": "Feature", "properties": { "max_height": 0.01474761962890625, "mean_height": 0.00076640734914690256, "std_height": 0.0046379934065043926, "count_pixels": 44, "percent_cover": 0.026393929396238865, "percent_above_0.1m": 0.0, "low_level_<0.5": 0.0, "mid_level_0.5-2": 0.0, "tall_2+": 0.0 }, "geometry": { "type": "Point", "coordinates": [ -0.229761143617973, 51.61378750415512 ] } },
{ "type": "Feature", "properties": { "max_height": 0.01824951171875, "mean_height": 0.0029940938111394644, "std_height": 0.0045655416324734688, "count_pixels": 43, "percent_cover": 0.025794067364506162, "percent_above_0.1m": 0.0, "low_level_<0.5": 0.0, "mid_level_0.5-2": 0.0, "tall_2+": 0.0 }, "geometry": { "type": "Point", "coordinates": [ -0.229561119123862, 51.613784487906159 ] } },
{ "type": "Feature", "properties": { "max_height": 0.01024627685546875, "mean_height": 0.0015244594542309642, "std_height": 0.0036248036194592714, "count_pixels": 43, "percent_cover": 0.025794067364506162, "percent_above_0.1m": 0.0, "low_level_<0.5": 0.0, "mid_level_0.5-2": 0.0, "tall_2+": 0.0 }, "geometry": { "type": "Point", "coordinates": [ -0.229361094664931, 51.613781471316535 ] } },
{ "type": "Feature", "properties": { "max_height": 0.0110015869140625, "mean_height": 0.0011549449991434813, "std_height": 0.0037357993423938751, "count_pixels": 42, "percent_cover": 0.025194205332773459, "percent_above_0.1m": 0.0, "low_level_<0.5": 0.0, "mid_level_0.5-2": 0.0, "tall_2+": 0.0 }, "geometry": { "type": "Point", "coordinates": [ -0.229161070241191, 51.613778454386271 ] } },
{ "type": "Feature", "properties": { "max_height": 0.0070037841796875, "mean_height": 0.0010661170817911625, "std_height": 0.0026234998367726803, "count_pixels": 42, "percent_cover": 0.025194205332773459, "percent_above_0.1m": 0.0, "low_level_<0.5": 0.0, "mid_level_0.5-2": 0.0, "tall_2+": 0.0 }, "geometry": { "type": "Point", "coordinates": [ -0.228961045852645, 51.613775437115343 ] } },
{ "type": "Feature", "properties": { "max_height": 0.01024627685546875, "mean_height": 0.00076852191705256701, "std_height": 0.0038392585702240467, "count_pixels": 41, "percent_cover": 0.024594343301040763, "percent_above_0.1m": 0.0, "low_level_<0.5": 0.0, "mid_level_0.5-2": 0.0, "tall_2+": 0.0 }, "geometry": { "type": "Point", "coordinates": [ -0.228761021499291, 51.613772419503775 ] } },
{ "type": "Feature", "properties": { "max_height": 0.016754150390625, "mean_height": 0.00091953278752043843, "std_height": 0.0041051213629543781, "count_pixels": 40, "percent_cover": 0.02399448126930806, "percent_above_0.1m": 0.0, "low_level_<0.5": 0.0, "mid_level_0.5-2": 0.0, "tall_2+": 0.0 }, "geometry": { "type": "Point", "coordinates": [ -0.22856099718114, 51.613769401551536 ] } },
{ "type": "Feature", "properties": { "max_height": 0.01674652099609375, "mean_height": 0.0029087066650390625, "std_height": 0.0037904290948063135, "count_pixels": 36, "percent_cover": 0.021595033142377252, "percent_above_0.1m": 0.0, "low_level_<0.5": 0.0, "mid_level_0.5-2": 0.0, "tall_2+": 0.0 }, "geometry": { "type": "Point", "coordinates": [ -0.228360972898196, 51.61376638325865 ] } },
{ "type": "Feature", "properties": { "max_height": 0.3592529296875, "mean_height": 0.015624618157744408, "std_height": 0.060610972344875336, "count_pixels": 40, "percent_cover": 0.02399448126930806, "percent_above_0.1m": 5.0, "low_level_<0.5": 5.0, "mid_level_0.5-2": 0.0, "tall_2+": 0.0 }, "geometry": { "type": "Point", "coordinates": [ -0.228160948650455, 51.613763364625122 ] } },
{ "type": "Feature", "properties": { "max_height": 8.4485015869140625, "mean_height": 1.5809392929077148, "std_height": 2.4164905548095703, "count_pixels": 41, "percent_cover": 0.024594343301040763, "percent_above_0.1m": 43.902439024390247, "low_level_<0.5": 4.8780487804878048, "mid_level_0.5-2": 7.3170731707317067, "tall_2+": 31.707317073170731 }, "geometry": { "type": "Point", "coordinates": [ -0.22796092443793, 51.613760345650924 ] } },
{ "type": "Feature", "properties": { "max_height": 10.436744689941406, "mean_height": 1.9284462928771973, "std_height": 2.7851161956787109, "count_pixels": 42, "percent_cover": 0.025194205332773459, "percent_above_0.1m": 57.142857142857139, "low_level_<0.5": 9.5238095238095237, "mid_level_0.5-2": 16.666666666666664, "tall_2+": 30.952380952380953 }, "geometry": { "type": "Point", "coordinates": [ -0.227760900260617, 51.613757326336064 ] } },
{ "type": "Feature", "properties": { "max_height": 2.105255126953125, "mean_height": 0.29149991273880005, "std_height": 0.46762821078300476, "count_pixels": 42, "percent_cover": 0.025194205332773459, "percent_above_0.1m": 45.238095238095241, "low_level_<0.5": 23.809523809523807, "mid_level_0.5-2": 16.666666666666664, "tall_2+": 2.3809523809523809 }, "geometry": { "type": "Point", "coordinates": [ -0.227560876118527, 51.613754306680569 ] } },
{ "type": "Feature", "properties": { "max_height": 7.0050048828125, "mean_height": 1.6512911319732666, "std_height": 1.648638129234314, "count_pixels": 42, "percent_cover": 0.025194205332773459, "percent_above_0.1m": 78.571428571428569, "low_level_<0.5": 9.5238095238095237, "mid_level_0.5-2": 35.714285714285715, "tall_2+": 33.333333333333329 }, "geometry": { "type": "Point", "coordinates": [ -0.227360852011666, 51.613751286684419 ] } },
{ "type": "Feature", "properties": { "max_height": 4.6642532348632812, "mean_height": 1.0523085594177246, "std_height": 1.423197865486145, "count_pixels": 43, "percent_cover": 0.025794067364506162, "percent_above_0.1m": 44.186046511627907, "low_level_<0.5": 4.6511627906976747, "mid_level_0.5-2": 6.9767441860465116, "tall_2+": 32.558139534883722 }, "geometry": { "type": "Point", "coordinates": [ -0.22716082794002, 51.613748266347599 ] } },
{ "type": "Feature", "properties": { "max_height": 0.0157470703125, "mean_height": 0.00017651644884608686, "std_height": 0.0051221293397247791, "count_pixels": 44, "percent_cover": 0.026393929396238865, "percent_above_0.1m": 0.0, "low_level_<0.5": 0.0, "mid_level_0.5-2": 0.0, "tall_2+": 0.0 }, "geometry": { "type": "Point", "coordinates": [ -0.226960803903621, 51.613745245670145 ] } },
{ "type": "Feature", "properties": { "max_height": 0.0214996337890625, "mean_height": 0.0015290726441890001, "std_height": 0.0058733806945383549, "count_pixels": 43, "percent_cover": 0.025794067364506162, "percent_above_0.1m": 0.0, "low_level_<0.5": 0.0, "mid_level_0.5-2": 0.0, "tall_2+": 0.0 }, "geometry": { "type": "Point", "coordinates": [ -0.22676077990245, 51.613742224652036 ] } },
{ "type": "Feature", "properties": { "max_height": 0.0252532958984375, "mean_height": 0.0026754334103316069, "std_height": 0.0054502682760357857, "count_pixels": 43, "percent_cover": 0.025794067364506162, "percent_above_0.1m": 0.0, "low_level_<0.5": 0.0, "mid_level_0.5-2": 0.0, "tall_2+": 0.0 }, "geometry": { "type": "Point", "coordinates": [ -0.226560755936522, 51.613739203293257 ] } },
{ "type": "Feature", "properties": { "max_height": 0.016998291015625, "mean_height": 0.0032437641639262438, "std_height": 0.0050064376555383205, "count_pixels": 42, "percent_cover": 0.025194205332773459, "percent_above_0.1m": 0.0, "low_level_<0.5": 0.0, "mid_level_0.5-2": 0.0, "tall_2+": 0.0 }, "geometry": { "type": "Point", "coordinates": [ -0.226360732005834, 51.613736181593843 ] } },
{ "type": "Feature", "properties": { "max_height": 0.0084991455078125, "mean_height": 0.0015195211162790656, "std_height": 0.0028526748064905405, "count_pixels": 42, "percent_cover": 0.025194205332773459, "percent_above_0.1m": 0.0, "low_level_<0.5": 0.0, "mid_level_0.5-2": 0.0, "tall_2+": 0.0 }, "geometry": { "type": "Point", "coordinates": [ -0.226160708110398, 51.61373315955376 ] } },
{ "type": "Feature", "properties": { "max_height": 0.787750244140625, "mean_height": 0.099664084613323212, "std_height": 0.23421742022037506, "count_pixels": 41, "percent_cover": 0.024594343301040763, "percent_above_0.1m": 17.073170731707318, "low_level_<0.5": 4.8780487804878048, "mid_level_0.5-2": 12.195121951219512, "tall_2+": 0.0 }, "geometry": { "type": "Point", "coordinates": [ -0.225960684250214, 51.613730137173029 ] } },
{ "type": "Feature", "properties": { "max_height": 3.8282546997070312, "mean_height": 1.3864877223968506, "std_height": 1.1506879329681396, "count_pixels": 40, "percent_cover": 0.02399448126930806, "percent_above_0.1m": 82.5, "low_level_<0.5": 5.0, "mid_level_0.5-2": 42.5, "tall_2+": 30.0 }, "geometry": { "type": "Point", "coordinates": [ -0.225760660425283, 51.61372711445167 ] } },
{ "type": "Feature", "properties": { "max_height": 1.5459976196289062, "mean_height": 0.1602427214384079, "std_height": 0.35066446661949158, "count_pixels": 36, "percent_cover": 0.021595033142377252, "percent_above_0.1m": 27.777777777777779, "low_level_<0.5": 8.3333333333333321, "mid_level_0.5-2": 8.3333333333333321, "tall_2+": 0.0 }, "geometry": { "type": "Point", "coordinates": [ -0.225560636635613, 51.613724091389642 ] } },
{ "type": "Feature", "properties": { "max_height": 5.5912551879882812, "mean_height": 0.78164350986480713, "std_height": 1.0009196996688843, "count_pixels": 40, "percent_cover": 0.02399448126930806, "percent_above_0.1m": 77.5, "low_level_<0.5": 27.5, "mid_level_0.5-2": 42.5, "tall_2+": 5.0 }, "geometry": { "type": "Point", "coordinates": [ -0.225360612881212, 51.613721067986958 ] } },
{ "type": "Feature", "properties": { "max_height": 6.936492919921875, "mean_height": 0.9367554783821106, "std_height": 1.5408437252044678, "count_pixels": 41, "percent_cover": 0.024594343301040763, "percent_above_0.1m": 60.975609756097562, "low_level_<0.5": 17.073170731707318, "mid_level_0.5-2": 24.390243902439025, "tall_2+": 14.634146341463413 }, "geometry": { "type": "Point", "coordinates": [ -0.225160589162073, 51.613718044243619 ] } },
{ "type": "Feature", "properties": { "max_height": 4.1305084228515625, "mean_height": 0.22173817455768585, "std_height": 0.73568594455718994, "count_pixels": 42, "percent_cover": 0.025194205332773459, "percent_above_0.1m": 11.904761904761903, "low_level_<0.5": 0.0, "mid_level_0.5-2": 9.5238095238095237, "tall_2+": 2.3809523809523809 }, "geometry": { "type": "Point", "coordinates": [ -0.224960565478207, 51.613715020159631 ] } },
{ "type": "Feature", "properties": { "max_height": 9.2802581787109375, "mean_height": 1.0752549171447754, "std_height": 2.4503405094146729, "count_pixels": 42, "percent_cover": 0.025194205332773459, "percent_above_0.1m": 21.428571428571427, "low_level_<0.5": 2.3809523809523809, "mid_level_0.5-2": 2.3809523809523809, "tall_2+": 16.666666666666664 }, "geometry": { "type": "Point", "coordinates": [ -0.233057366621776, 51.613945065983465 ] } },
{ "type": "Feature", "properties": { "max_height": 8.0777511596679688, "mean_height": 1.3537906408309937, "std_height": 2.4469993114471436, "count_pixels": 42, "percent_cover": 0.025194205332773459, "percent_above_0.1m": 38.095238095238095, "low_level_<0.5": 0.0, "mid_level_0.5-2": 11.904761904761903, "tall_2+": 21.428571428571427 }, "geometry": { "type": "Point", "coordinates": [ -0.231857213830093, 51.613926997034021 ] } },
{ "type": "Feature", "properties": { "max_height": 9.6602554321289062, "mean_height": 3.3082821369171143, "std_height": 3.104461669921875, "count_pixels": 42, "percent_cover": 0.025194205332773459, "percent_above_0.1m": 80.952380952380949, "low_level_<0.5": 9.5238095238095237, "mid_level_0.5-2": 19.047619047619047, "tall_2+": 50.0 }, "geometry": { "type": "Point", "coordinates": [ -0.231657188487778, 51.613923984350137 ] } },
{ "type": "Feature", "properties": { "max_height": 2.9130020141601562, "mean_height": 0.76555925607681274, "std_height": 0.83848339319229126, "count_pixels": 42, "percent_cover": 0.025194205332773459, "percent_above_0.1m": 80.952380952380949, "low_level_<0.5": 23.809523809523807, "mid_level_0.5-2": 35.714285714285715, "tall_2+": 11.904761904761903 }, "geometry": { "type": "Point", "coordinates": [ -0.230457037172012, 51.613905901093062 ] } },
{ "type": "Feature", "properties": { "max_height": 2.8639984130859375, "mean_height": 0.1617969274520874, "std_height": 0.49119341373443604, "count_pixels": 42, "percent_cover": 0.025194205332773459, "percent_above_0.1m": 23.809523809523807, "low_level_<0.5": 11.904761904761903, "mid_level_0.5-2": 4.7619047619047619, "tall_2+": 2.3809523809523809 }, "geometry": { "type": "Point", "coordinates": [ -0.230257012075782, 51.613902886024597 ] } },
{ "type": "Feature", "properties": { "max_height": 4.2607498168945312, "mean_height": 0.57763409614562988, "std_height": 1.1250810623168945, "count_pixels": 41, "percent_cover": 0.024594343301040763, "percent_above_0.1m": 29.268292682926827, "low_level_<0.5": 2.4390243902439024, "mid_level_0.5-2": 17.073170731707318, "tall_2+": 9.7560975609756095 }, "geometry": { "type": "Point", "coordinates": [ -0.230056987014717, 51.613899870615455 ] } },
{ "type": "Feature", "properties": { "max_height": 0.01650238037109375, "mean_height": 0.00068168638972565532, "std_height": 0.0038458271883428097, "count_pixels": 40, "percent_cover": 0.02399448126930806, "percent_above_0.1m": 0.0, "low_level_<0.5": 0.0, "mid_level_0.5-2": 0.0, "tall_2+": 0.0 }, "geometry": { "type": "Point", "coordinates": [ -0.229856961988828, 51.613896854865672 ] } },
{ "type": "Feature", "properties": { "max_height": 0.13199615478515625, "mean_height": 0.0051182638853788376, "std_height": 0.02219046838581562, "count_pixels": 36, "percent_cover": 0.021595033142377252, "percent_above_0.1m": 2.7777777777777777, "low_level_<0.5": 0.0, "mid_level_0.5-2": 0.0, "tall_2+": 0.0 }, "geometry": { "type": "Point", "coordinates": [ -0.229656936998121, 51.613893838775212 ] } },
{ "type": "Feature", "properties": { "max_height": 0.0152435302734375, "mean_height": 0.0031215387862175703, "std_height": 0.0038497322238981724, "count_pixels": 41, "percent_cover": 0.024594343301040763, "percent_above_0.1m": 0.0, "low_level_<0.5": 0.0, "mid_level_0.5-2": 0.0, "tall_2+": 0.0 }, "geometry": { "type": "Point", "coordinates": [ -0.229456912042595, 51.613890822344125 ] } },
{ "type": "Feature", "properties": { "max_height": 0.01500701904296875, "mean_height": 0.0010489487322047353, "std_height": 0.0036931075155735016, "count_pixels": 41, "percent_cover": 0.024594343301040763, "percent_above_0.1m": 0.0, "low_level_<0.5": 0.0, "mid_level_0.5-2": 0.0, "tall_2+": 0.0 }, "geometry": { "type": "Point", "coordinates": [ -0.229256887122252, 51.613887805572361 ] } },
{ "type": "Feature", "properties": { "max_height": 0.0099945068359375, "mean_height": 0.0013037181925028563, "std_height": 0.0025575845502316952, "count_pixels": 42, "percent_cover": 0.025194205332773459, "percent_above_0.1m": 0.0, "low_level_<0.5": 0.0, "mid_level_0.5-2": 0.0, "tall_2+": 0.0 }, "geometry": { "type": "Point", "coordinates": [ -0.229056862237103, 51.613884788459949 ] } },
{ "type": "Feature", "properties": { "max_height": 2.2439956665039062, "mean_height": 0.0549941286444664, "std_height": 0.34188318252563477, "count_pixels": 42, "percent_cover": 0.025194205332773459, "percent_above_0.1m": 2.3809523809523809, "low_level_<0.5": 0.0, "mid_level_0.5-2": 0.0, "tall_2+": 2.3809523809523809 }, "geometry": { "type": "Point", "coordinates": [ -0.228856837387151, 51.613881771006866 ] } },
{ "type": "Feature", "properties": { "max_height": 1.4014968872070312, "mean_height": 0.10147662460803986, "std_height": 0.32293936610221863, "count_pixels": 43, "percent_cover": 0.025794067364506162, "percent_above_0.1m": 9.3023255813953494, "low_level_<0.5": 0.0, "mid_level_0.5-2": 9.3023255813953494, "tall_2+": 0.0 }, "geometry": { "type": "Point", "coordinates": [ -0.228656812572395, 51.613878753213143 ] } },
{ "type": "Feature", "properties": { "max_height": 1.7592544555664062, "mean_height": 0.11696572601795197, "std_height": 0.34633710980415344, "count_pixels": 44, "percent_cover": 0.026393929396238865, "percent_above_0.1m": 13.636363636363635, "low_level_<0.5": 4.5454545454545459, "mid_level_0.5-2": 9.0909090909090917, "tall_2+": 0.0 }, "geometry": { "type": "Point", "coordinates": [ -0.228456787792842, 51.613875735078764 ] } },
{ "type": "Feature", "properties": { "max_height": 1.1585006713867188, "mean_height": 0.03128381073474884, "std_height": 0.17204985022544861, "count_pixels": 44, "percent_cover": 0.026393929396238865, "percent_above_0.1m": 2.2727272727272729, "low_level_<0.5": 0.0, "mid_level_0.5-2": 2.2727272727272729, "tall_2+": 0.0 }, "geometry": { "type": "Point", "coordinates": [ -0.228256763048491, 51.61387271660373 ] } },
{ "type": "Feature", "properties": { "max_height": 2.03900146484375, "mean_height": 0.08325621485710144, "std_height": 0.34033334255218506, "count_pixels": 43, "percent_cover": 0.025794067364506162, "percent_above_0.1m": 6.9767441860465116, "low_level_<0.5": 2.3255813953488373, "mid_level_0.5-2": 2.3255813953488373, "tall_2+": 2.3255813953488373 }, "geometry": { "type": "Point", "coordinates": [ -0.228056738339357, 51.61386969778804 ] } },
{ "type": "Feature", "properties": { "max_height": 9.7310028076171875, "mean_height": 3.082935094833374, "std_height": 2.7336385250091553, "count_pixels": 42, "percent_cover": 0.025194205332773459, "percent_above_0.1m": 90.476190476190482, "low_level_<0.5": 7.1428571428571423, "mid_level_0.5-2": 30.952380952380953, "tall_2+": 50.0 }, "geometry": { "type": "Point", "coordinates": [ -0.227856713665434, 51.613866678631688 ] } },
{ "type": "Feature", "properties": { "max_height": 6.746002197265625, "mean_height": 1.3205534219741821, "std_height": 1.9558984041213989, "count_pixels": 42, "percent_cover": 0.025194205332773459, "percent_above_0.1m": 54.761904761904766, "low_level_<0.5": 14.285714285714285, "mid_level_0.5-2": 9.5238095238095237, "tall_2+": 28.571428571428569 }, "geometry": { "type": "Point", "coordinates": [ -0.227656689026732, 51.61386365913468 ] } },
{ "type": "Feature", "properties": { "max_height": 6.634246826171875, "mean_height": 1.4164220094680786, "std_height": 1.5819988250732422, "count_pixels": 42, "percent_cover": 0.025194205332773459, "percent_above_0.1m": 80.952380952380949, "low_level_<0.5": 19.047619047619047, "mid_level_0.5-2": 23.809523809523807, "tall_2+": 30.952380952380953 }, "geometry": { "type": "Point", "coordinates": [ -0.227456664423253, 51.61386063929703 ] } },
{ "type": "Feature", "properties": { "max_height": 8.2080001831054688, "mean_height": 2.9538469314575195, "std_height": 2.4680404663085938, "count_pixels": 41, "percent_cover": 0.024594343301040763, "percent_above_0.1m": 92.682926829268297, "low_level_<0.5": 9.7560975609756095, "mid_level_0.5-2": 24.390243902439025, "tall_2+": 56.09756097560976 }, "geometry": { "type": "Point", "coordinates": [ -0.227256639854994, 51.613857619118725 ] } },
{ "type": "Feature", "properties": { "max_height": 5.1092453002929688, "mean_height": 1.039211630821228, "std_height": 1.5113334655761719, "count_pixels": 40, "percent_cover": 0.02399448126930806, "percent_above_0.1m": 42.5, "low_level_<0.5": 0.0, "mid_level_0.5-2": 17.5, "tall_2+": 22.5 }, "geometry": { "type": "Point", "coordinates": [ -0.227056615321975, 51.613854598599765 ] } },
{ "type": "Feature", "properties": { "max_height": 0.44300079345703125, "mean_height": 0.021895302459597588, "std_height": 0.087631314992904663, "count_pixels": 36, "percent_cover": 0.021595033142377252, "percent_above_0.1m": 5.5555555555555554, "low_level_<0.5": 5.5555555555555554, "mid_level_0.5-2": 0.0, "tall_2+": 0.0 }, "geometry": { "type": "Point", "coordinates": [ -0.226856590824182, 51.613851577740128 ] } },
{ "type": "Feature", "properties": { "max_height": 0.27449798583984375, "mean_height": 0.037847194820642471, "std_height": 0.075369901955127716, "count_pixels": 41, "percent_cover": 0.024594343301040763, "percent_above_0.1m": 14.634146341463413, "low_level_<0.5": 9.7560975609756095, "mid_level_0.5-2": 0.0, "tall_2+": 0.0 }, "geometry": { "type": "Point", "coordinates": [ -0.226656566361633, 51.613848556539857 ] } },
{ "type": "Feature", "properties": { "max_height": 0.1957550048828125, "mean_height": 0.013658849522471428, "std_height": 0.039949759840965271, "count_pixels": 41, "percent_cover": 0.024594343301040763, "percent_above_0.1m": 7.3170731707317067, "low_level_<0.5": 2.4390243902439024, "mid_level_0.5-2": 0.0, "tall_2+": 0.0 }, "geometry": { "type": "Point", "coordinates": [ -0.226456541934323, 51.613845534998937 ] } },
{ "type": "Feature", "properties": { "max_height": 0.01949310302734375, "mean_height": 0.0030295962933450937, "std_height": 0.0044777756556868553, "count_pixels": 42, "percent_cover": 0.025194205332773459, "percent_above_0.1m": 0.0, "low_level_<0.5": 0.0, "mid_level_0.5-2": 0.0, "tall_2+": 0.0 }, "geometry": { "type": "Point", "coordinates": [ -0.22625651754226, 51.613842513117341 ] } },
{ "type": "Feature", "properties": { "max_height": 5.1807479858398438, "mean_height": 0.31538683176040649, "std_height": 0.94550627470016479, "count_pixels": 42, "percent_cover": 0.025194205332773459, "percent_above_0.1m": 19.047619047619047, "low_level_<0.5": 4.7619047619047619, "mid_level_0.5-2": 9.5238095238095237, "tall_2+": 4.7619047619047619 }, "geometry": { "type": "Point", "coordinates": [ -0.226056493185449, 51.61383949089511 ] } },
{ "type": "Feature", "properties": { "max_height": 5.0465011596679688, "mean_height": 1.4429597854614258, "std_height": 1.2736533880233765, "count_pixels": 43, "percent_cover": 0.025794067364506162, "percent_above_0.1m": 86.04651162790698, "low_level_<0.5": 13.953488372093023, "mid_level_0.5-2": 37.209302325581397, "tall_2+": 32.558139534883722 }, "geometry": { "type": "Point", "coordinates": [ -0.225856468863892, 51.613836468332224 ] } },
{ "type": "Feature", "properties": { "max_height": 0.81999969482421875, "mean_height": 0.093420378863811493, "std_height": 0.18270984292030334, "count_pixels": 44, "percent_cover": 0.026393929396238865, "percent_above_0.1m": 25.0, "low_level_<0.5": 18.181818181818183, "mid_level_0.5-2": 4.5454545454545459, "tall_2+": 0.0 }, "geometry": { "type": "Point", "coordinates": [ -0.225656444577591, 51.613833445428675 ] } },
{ "type": "Feature", "properties": { "max_height": 5.6482467651367188, "mean_height": 0.93640327453613281, "std_height": 1.3955212831497192, "count_pixels": 44, "percent_cover": 0.026393929396238865, "percent_above_0.1m": 72.727272727272734, "low_level_<0.5": 20.454545454545457, "mid_level_0.5-2": 27.27272727272727, "tall_2+": 15.909090909090908 }, "geometry": { "type": "Point", "coordinates": [ -0.225456420326552, 51.613830422184478 ] } },
{ "type": "Feature", "properties": { "max_height": 6.75799560546875, "mean_height": 1.1773772239685059, "std_height": 1.4893829822540283, "count_pixels": 43, "percent_cover": 0.025794067364506162, "percent_above_0.1m": 79.069767441860463, "low_level_<0.5": 16.279069767441861, "mid_level_0.5-2": 39.534883720930232, "tall_2+": 20.930232558139537 }, "geometry": { "type": "Point", "coordinates": [ -0.225256396110786, 51.613827398599639 ] } },
{ "type": "Feature", "properties": { "max_height": 6.8847503662109375, "mean_height": 0.70375007390975952, "std_height": 1.7294065952301025, "count_pixels": 42, "percent_cover": 0.025194205332773459, "percent_above_0.1m": 26.190476190476193, "low_level_<0.5": 4.7619047619047619, "mid_level_0.5-2": 9.5238095238095237, "tall_2+": 11.904761904761903 }, "geometry": { "type": "Point", "coordinates": [ -0.225056371930285, 51.613824374674124 ] } },
{ "type": "Feature", "properties": { "max_height": 6.608001708984375, "mean_height": 1.2629338502883911, "std_height": 1.8223749399185181, "count_pixels": 42, "percent_cover": 0.025194205332773459, "percent_above_0.1m": 45.238095238095241, "low_level_<0.5": 0.0, "mid_level_0.5-2": 14.285714285714285, "tall_2+": 28.571428571428569 }, "geometry": { "type": "Point", "coordinates": [ -0.231753011789349, 51.614033333558403 ] } },
{ "type": "Feature", "properties": { "max_height": 5.2405014038085938, "mean_height": 1.3048245906829834, "std_height": 1.6768567562103271, "count_pixels": 41, "percent_cover": 0.024594343301040763, "percent_above_0.1m": 56.09756097560976, "low_level_<0.5": 7.3170731707317067, "mid_level_0.5-2": 19.512195121951219, "tall_2+": 29.268292682926827 }, "geometry": { "type": "Point", "coordinates": [ -0.231552985985588, 51.6140303206924 ] } },
{ "type": "Feature", "properties": { "max_height": 2.5842514038085938, "mean_height": 0.52571398019790649, "std_height": 0.601165771484375, "count_pixels": 42, "percent_cover": 0.025194205332773459, "percent_above_0.1m": 78.571428571428569, "low_level_<0.5": 42.857142857142854, "mid_level_0.5-2": 26.190476190476193, "tall_2+": 4.7619047619047619 }, "geometry": { "type": "Point", "coordinates": [ -0.23035283190123, 51.614012236342518 ] } },
{ "type": "Feature", "properties": { "max_height": 5.8677520751953125, "mean_height": 1.2879700660705566, "std_height": 1.9365208148956299, "count_pixels": 42, "percent_cover": 0.025194205332773459, "percent_above_0.1m": 57.142857142857139, "low_level_<0.5": 11.904761904761903, "mid_level_0.5-2": 11.904761904761903, "tall_2+": 26.190476190476193 }, "geometry": { "type": "Point", "coordinates": [ -0.230152806343573, 51.614009221091905 ] } },
{ "type": "Feature", "properties": { "max_height": 4.214996337890625, "mean_height": 0.38229760527610779, "std_height": 0.88781225681304932, "count_pixels": 43, "percent_cover": 0.025794067364506162, "percent_above_0.1m": 25.581395348837212, "low_level_<0.5": 4.6511627906976747, "mid_level_0.5-2": 13.953488372093023, "tall_2+": 6.9767441860465116 }, "geometry": { "type": "Point", "coordinates": [ -0.229952780821091, 51.614006205500608 ] } },
{ "type": "Feature", "properties": { "max_height": 4.7294921875, "mean_height": 0.63467007875442505, "std_height": 1.1798430681228638, "count_pixels": 44, "percent_cover": 0.026393929396238865, "percent_above_0.1m": 31.818181818181817, "low_level_<0.5": 4.5454545454545459, "mid_level_0.5-2": 15.909090909090908, "tall_2+": 11.363636363636363 }, "geometry": { "type": "Point", "coordinates": [ -0.229752755333777, 51.614003189568699 ] } },
{ "type": "Feature", "properties": { "max_height": 2.324249267578125, "mean_height": 0.24239526689052582, "std_height": 0.51189535856246948, "count_pixels": 43, "percent_cover": 0.025794067364506162, "percent_above_0.1m": 27.906976744186046, "low_level_<0.5": 11.627906976744185, "mid_level_0.5-2": 13.953488372093023, "tall_2+": 2.3255813953488373 }, "geometry": { "type": "Point", "coordinates": [ -0.229552729881656, 51.614000173296112 ] } },
{ "type": "Feature", "properties": { "max_height": 1.5232467651367188, "mean_height": 0.12440064549446106, "std_height": 0.32067486643791199, "count_pixels": 43, "percent_cover": 0.025794067364506162, "percent_above_0.1m": 18.604651162790699, "low_level_<0.5": 4.6511627906976747, "mid_level_0.5-2": 11.627906976744185, "tall_2+": 0.0 }, "geometry": { "type": "Point", "coordinates": [ -0.229352704464711, 51.613997156682856 ] } },
{ "type": "Feature", "properties": { "max_height": 2.26025390625, "mean_height": 0.1320590078830719, "std_height": 0.46459862589836121, "count_pixels": 42, "percent_cover": 0.025194205332773459, "percent_above_0.1m": 9.5238095238095237, "low_level_<0.5": 0.0, "mid_level_0.5-2": 4.7619047619047619, "tall_2+": 2.3809523809523809 }, "geometry": { "type": "Point", "coordinates": [ -0.229152679082958, 51.613994139728952 ] } },
{ "type": "Feature", "properties": { "max_height": 1.6650009155273438, "mean_height": 0.19170397520065308, "std_height": 0.41089949011802673, "count_pixels": 42, "percent_cover": 0.025194205332773459, "percent_above_0.1m": 28.571428571428569, "low_level_<0.5": 11.904761904761903, "mid_level_0.5-2": 14.285714285714285, "tall_2+": 0.0 }, "geometry": { "type": "Point", "coordinates": [ -0.228952653736398, 51.613991122434399 ] } },
{ "type": "Feature", "properties": { "max_height": 6.0944976806640625, "mean_height": 1.2569509744644165, "std_height": 1.9460140466690063, "count_pixels": 41, "percent_cover": 0.024594343301040763, "percent_above_0.1m": 43.902439024390247, "low_level_<0.5": 0.0, "mid_level_0.5-2": 17.073170731707318, "tall_2+": 21.951219512195124 }, "geometry": { "type": "Point", "coordinates": [ -0.228752628425038, 51.613988104799176 ] } },
{ "type": "Feature", "properties": { "max_height": 5.4327468872070312, "mean_height": 0.3416559100151062, "std_height": 1.0562541484832764, "count_pixels": 40, "percent_cover": 0.02399448126930806, "percent_above_0.1m": 22.5, "low_level_<0.5": 10.0, "mid_level_0.5-2": 2.5, "tall_2+": 7.5 }, "geometry": { "type": "Point", "coordinates": [ -0.228552603148872, 51.613985086823298 ] } },
{ "type": "Feature", "properties": { "max_height": 0.52349853515625, "mean_height": 0.065923482179641724, "std_height": 0.13989745080471039, "count_pixels": 36, "percent_cover": 0.021595033142377252, "percent_above_0.1m": 16.666666666666664, "low_level_<0.5": 13.888888888888889, "mid_level_0.5-2": 2.7777777777777777, "tall_2+": 0.0 }, "geometry": { "type": "Point", "coordinates": [ -0.228352577907914, 51.613982068506772 ] } },
{ "type": "Feature", "properties": { "max_height": 2.5625, "mean_height": 0.31546288728713989, "std_height": 0.6870875358581543, "count_pixels": 40, "percent_cover": 0.02399448126930806, "percent_above_0.1m": 27.5, "low_level_<0.5": 7.5, "mid_level_0.5-2": 10.0, "tall_2+": 7.5 }, "geometry": { "type": "Point", "coordinates": [ -0.228152552702169, 51.613979049849576 ] } },
{ "type": "Feature", "properties": { "max_height": 6.0267486572265625, "mean_height": 0.54572033882141113, "std_height": 1.2248141765594482, "count_pixels": 41, "percent_cover": 0.024594343301040763, "percent_above_0.1m": 26.829268292682929, "low_level_<0.5": 4.8780487804878048, "mid_level_0.5-2": 4.8780487804878048, "tall_2+": 14.634146341463413 }, "geometry": { "type": "Point", "coordinates": [ -0.227952527531632, 51.613976030851731 ] } },
{ "type": "Feature", "properties": { "max_height": 11.029998779296875, "mean_height": 5.8852438926696777, "std_height": 2.5343508720397949, "count_pixels": 42, "percent_cover": 0.025194205332773459, "percent_above_0.1m": 97.61904761904762, "low_level_<0.5": 0.0, "mid_level_0.5-2": 4.7619047619047619, "tall_2+": 92.857142857142861 }, "geometry": { "type": "Point", "coordinates": [ -0.227752502396311, 51.613973011513238 ] } },
{ "type": "Feature", "properties": { "max_height": 9.0047454833984375, "mean_height": 2.7092912197113037, "std_height": 2.3593320846557617, "count_pixels": 42, "percent_cover": 0.025194205332773459, "percent_above_0.1m": 95.238095238095227, "low_level_<0.5": 2.3809523809523809, "mid_level_0.5-2": 40.476190476190474, "tall_2+": 50.0 }, "geometry": { "type": "Point", "coordinates": [ -0.227552477296216, 51.613969991834097 ] } },
{ "type": "Feature", "properties": { "max_height": 9.2645034790039062, "mean_height": 2.7958385944366455, "std_height": 2.1975657939910889, "count_pixels": 42, "percent_cover": 0.025194205332773459, "percent_above_0.1m": 97.61904761904762, "low_level_<0.5": 7.1428571428571423, "mid_level_0.5-2": 42.857142857142854, "tall_2+": 47.619047619047613 }, "geometry": { "type": "Point", "coordinates": [ -0.22735245223134, 51.613966971814257 ] } },
{ "type": "Feature", "properties": { "max_height": 11.762748718261719, "mean_height": 2.3127145767211914, "std_height": 2.6188838481903076, "count_pixels": 43, "percent_cover": 0.025794067364506162, "percent_above_0.1m": 88.372093023255815, "low_level_<0.5": 18.604651162790699, "mid_level_0.5-2": 18.604651162790699, "tall_2+": 44.186046511627907 }, "geometry": { "type": "Point", "coordinates": [ -0.227152427201697, 51.61396395145379 ] } },
{ "type": "Feature", "properties": { "max_height": 8.517242431640625, "mean_height": 1.6962318420410156, "std_height": 1.8060421943664551, "count_pixels": 44, "percent_cover": 0.026393929396238865, "percent_above_0.1m": 90.909090909090907, "low_level_<0.5": 6.8181818181818175, "mid_level_0.5-2": 56.81818181818182, "tall_2+": 27.27272727272727 }, "geometry": { "type": "Point", "coordinates": [ -0.226952402207283, 51.613960930752661 ] } },
{ "type": "Feature", "properties": { "max_height": 5.6295013427734375, "mean_height": 0.94246548414230347, "std_height": 1.5591707229614258, "count_pixels": 43, "percent_cover": 0.025794067364506162, "percent_above_0.1m": 46.511627906976742, "low_level_<0.5": 6.9767441860465116, "mid_level_0.5-2": 11.627906976744185, "tall_2+": 20.930232558139537 }, "geometry": { "type": "Point", "coordinates": [ -0.226752377248109, 51.613957909710891 ] } },
{ "type": "Feature", "properties": { "max_height": 6.2702484130859375, "mean_height": 0.65524983406066895, "std_height": 1.372952938079834, "count_pixels": 43, "percent_cover": 0.025794067364506162, "percent_above_0.1m": 51.162790697674424, "low_level_<0.5": 25.581395348837212, "mid_level_0.5-2": 13.953488372093023, "tall_2+": 9.3023255813953494 }, "geometry": { "type": "Point", "coordinates": [ -0.226552352324178, 51.613954888328458 ] } },
{ "type": "Feature", "properties": { "max_height": 10.246253967285156, "mean_height": 3.7973995208740234, "std_height": 3.297365665435791, "count_pixels": 42, "percent_cover": 0.025194205332773459, "percent_above_0.1m": 76.19047619047619, "low_level_<0.5": 0.0, "mid_level_0.5-2": 11.904761904761903, "tall_2+": 61.904761904761905 }, "geometry": { "type": "Point", "coordinates": [ -0.226352327435481, 51.613951866605362 ] } },
{ "type": "Feature", "properties": { "max_height": 1.3140029907226562, "mean_height": 0.10261499136686325, "std_height": 0.27703180909156799, "count_pixels": 42, "percent_cover": 0.025194205332773459, "percent_above_0.1m": 11.904761904761903, "low_level_<0.5": 2.3809523809523809, "mid_level_0.5-2": 9.5238095238095237, "tall_2+": 0.0 }, "geometry": { "type": "Point", "coordinates": [ -0.226152302582046, 51.613948844541596 ] } },
{ "type": "Feature", "properties": { "max_height": 0.93050384521484375, "mean_height": 0.061762738972902298, "std_height": 0.15867327153682709, "count_pixels": 41, "percent_cover": 0.024594343301040763, "percent_above_0.1m": 9.7560975609756095, "low_level_<0.5": 4.8780487804878048, "mid_level_0.5-2": 2.4390243902439024, "tall_2+": 0.0 }, "geometry": { "type": "Point", "coordinates": [ -0.225952277763857, 51.613945822137204 ] } },
{ "type": "Feature", "properties": { "max_height": 2.6559982299804688, "mean_height": 0.35554426908493042, "std_height": 0.55844134092330933, "count_pixels": 40, "percent_cover": 0.02399448126930806, "percent_above_0.1m": 50.0, "low_level_<0.5": 22.5, "mid_level_0.5-2": 20.0, "tall_2+": 2.5 }, "geometry": { "type": "Point", "coordinates": [ -0.225752252980924, 51.613942799392156 ] } },
{ "type": "Feature", "properties": { "max_height": 1.3727493286132812, "mean_height": 0.23829184472560883, "std_height": 0.33500155806541443, "count_pixels": 36, "percent_cover": 0.021595033142377252, "percent_above_0.1m": 47.222222222222221, "low_level_<0.5": 27.777777777777779, "mid_level_0.5-2": 19.444444444444446, "tall_2+": 0.0 }, "geometry": { "type": "Point", "coordinates": [ -0.225552228233252, 51.613939776306452 ] } },
{ "type": "Feature", "properties": { "max_height": 8.7970046997070312, "mean_height": 5.7197508811950684, "std_height": 2.3294401168823242, "count_pixels": 40, "percent_cover": 0.02399448126930806, "percent_above_0.1m": 97.5, "low_level_<0.5": 0.0, "mid_level_0.5-2": 7.5, "tall_2+": 90.0 }, "geometry": { "type": "Point", "coordinates": [ -0.225352203520846, 51.613936752880079 ] } },
{ "type": "Feature", "properties": { "max_height": 2.9042510986328125, "mean_height": 0.3130548894405365, "std_height": 0.53312629461288452, "count_pixels": 41, "percent_cover": 0.024594343301040763, "percent_above_0.1m": 51.219512195121951, "low_level_<0.5": 26.829268292682929, "mid_level_0.5-2": 17.073170731707318, "tall_2+": 2.4390243902439024 }, "geometry": { "type": "Point", "coordinates": [ -0.225152178843706, 51.613933729113057 ] } },
{ "type": "Feature", "properties": { "max_height": 3.7239990234375, "mean_height": 0.42080417275428772, "std_height": 0.93813318014144897, "count_pixels": 42, "percent_cover": 0.025194205332773459, "percent_above_0.1m": 23.809523809523807, "low_level_<0.5": 4.7619047619047619, "mid_level_0.5-2": 9.5238095238095237, "tall_2+": 9.5238095238095237 }, "geometry": { "type": "Point", "coordinates": [ -0.224952154201842, 51.61393070500538 ] } },
{ "type": "Feature", "properties": { "max_height": 4.1215057373046875, "mean_height": 1.7187076807022095, "std_height": 1.509419322013855, "count_pixels": 42, "percent_cover": 0.025194205332773459, "percent_above_0.1m": 66.666666666666657, "low_level_<0.5": 0.0, "mid_level_0.5-2": 19.047619047619047, "tall_2+": 47.619047619047613 }, "geometry": { "type": "Point", "coordinates": [ -0.231648809252001, 51.614139669983608 ] } },
{ "type": "Feature", "properties": { "max_height": 2.8065032958984375, "mean_height": 0.27258902788162231, "std_height": 0.65241670608520508, "count_pixels": 43, "percent_cover": 0.025794067364506162, "percent_above_0.1m": 20.930232558139537, "low_level_<0.5": 4.6511627906976747, "mid_level_0.5-2": 11.627906976744185, "tall_2+": 4.6511627906976747 }, "geometry": { "type": "Point", "coordinates": [ -0.231448782986799, 51.614136656935443 ] } },
{ "type": "Feature", "properties": { "max_height": 0.562744140625, "mean_height": 0.02961258590221405, "std_height": 0.11711828410625458, "count_pixels": 42, "percent_cover": 0.025194205332773459, "percent_above_0.1m": 4.7619047619047619, "low_level_<0.5": 0.0, "mid_level_0.5-2": 4.7619047619047619, "tall_2+": 0.0 }, "geometry": { "type": "Point", "coordinates": [ -0.230448652188093, 51.614121586584865 ] } },
{ "type": "Feature", "properties": { "max_height": 2.6807479858398438, "mean_height": 0.61073285341262817, "std_height": 0.72579491138458252, "count_pixels": 42, "percent_cover": 0.025194205332773459, "percent_above_0.1m": 64.285714285714292, "low_level_<0.5": 16.666666666666664, "mid_level_0.5-2": 33.333333333333329, "tall_2+": 7.1428571428571423 }, "geometry": { "type": "Point", "coordinates": [ -0.230248626133841, 51.614118571492746 ] } },
{ "type": "Feature", "properties": { "max_height": 6.9647445678710938, "mean_height": 1.5050410032272339, "std_height": 1.9103527069091797, "count_pixels": 41, "percent_cover": 0.024594343301040763, "percent_above_0.1m": 53.658536585365859, "low_level_<0.5": 2.4390243902439024, "mid_level_0.5-2": 24.390243902439025, "tall_2+": 26.829268292682929 }, "geometry": { "type": "Point", "coordinates": [ -0.230048600114754, 51.61411555606 ] } },
{ "type": "Feature", "properties": { "max_height": 1.9475021362304688, "mean_height": 0.1789066344499588, "std_height": 0.42600381374359131, "count_pixels": 40, "percent_cover": 0.02399448126930806, "percent_above_0.1m": 22.5, "low_level_<0.5": 10.0, "mid_level_0.5-2": 12.5, "tall_2+": 0.0 }, "geometry": { "type": "Point", "coordinates": [ -0.229848574130846, 51.614112540286577 ] } },
{ "type": "Feature", "properties": { "max_height": 2.9524993896484375, "mean_height": 0.2467295378446579, "std_height": 0.70532584190368652, "count_pixels": 36, "percent_cover": 0.021595033142377252, "percent_above_0.1m": 13.888888888888889, "low_level_<0.5": 2.7777777777777777, "mid_level_0.5-2": 2.7777777777777777, "tall_2+": 8.3333333333333321 }, "geometry": { "type": "Point", "coordinates": [ -0.229648548182116, 51.614109524172505 ] } },
{ "type": "Feature", "properties": { "max_height": 3.0362548828125, "mean_height": 0.56139594316482544, "std_height": 0.78112071752548218, "count_pixels": 41, "percent_cover": 0.024594343301040763, "percent_above_0.1m": 48.780487804878049, "low_level_<0.5": 7.3170731707317067, "mid_level_0.5-2": 31.707317073170731, "tall_2+": 7.3170731707317067 }, "geometry": { "type": "Point", "coordinates": [ -0.229448522268571, 51.614106507717771 ] } },
{ "type": "Feature", "properties": { "max_height": 1.0944976806640625, "mean_height": 0.075184330344200134, "std_height": 0.2122582346200943, "count_pixels": 41, "percent_cover": 0.024594343301040763, "percent_above_0.1m": 12.195121951219512, "low_level_<0.5": 7.3170731707317067, "mid_level_0.5-2": 4.8780487804878048, "tall_2+": 0.0 }, "geometry": { "type": "Point", "coordinates": [ -0.229248496390212, 51.614103490922375 ] } },
{ "type": "Feature", "properties": { "max_height": 5.3812484741210938, "mean_height": 0.56712520122528076, "std_height": 1.2991498708724976, "count_pixels": 42, "percent_cover": 0.025194205332773459, "percent_above_0.1m": 28.571428571428569, "low_level_<0.5": 7.1428571428571423, "mid_level_0.5-2": 11.904761904761903, "tall_2+": 9.5238095238095237 }, "geometry": { "type": "Point", "coordinates": [ -0.229048470547042, 51.61410047378633 ] } },
{ "type": "Feature", "properties": { "max_height": 1.407501220703125, "mean_height": 0.15119661390781403, "std_height": 0.32004299759864807, "count_pixels": 42, "percent_cover": 0.025194205332773459, "percent_above_0.1m": 26.190476190476193, "low_level_<0.5": 9.5238095238095237, "mid_level_0.5-2": 11.904761904761903, "tall_2+": 0.0 }, "geometry": { "type": "Point", "coordinates": [ -0.228848444739073, 51.614097456309615 ] } },
{ "type": "Feature", "properties": { "max_height": 3.4272537231445312, "mean_height": 0.49054166674613953, "std_height": 0.90463829040527344, "count_pixels": 43, "percent_cover": 0.025794067364506162, "percent_above_0.1m": 27.906976744186046, "low_level_<0.5": 2.3255813953488373, "mid_level_0.5-2": 16.279069767441861, "tall_2+": 9.3023255813953494 }, "geometry": { "type": "Point", "coordinates": [ -0.228648418966299, 51.614094438492252 ] } },
{ "type": "Feature", "properties": { "max_height": 10.141250610351562, "mean_height": 1.0522109270095825, "std_height": 2.0999972820281982, "count_pixels": 44, "percent_cover": 0.026393929396238865, "percent_above_0.1m": 40.909090909090914, "low_level_<0.5": 9.0909090909090917, "mid_level_0.5-2": 13.636363636363635, "tall_2+": 18.181818181818183 }, "geometry": { "type": "Point", "coordinates": [ -0.228448393228729, 51.614091420334219 ] } },
{ "type": "Feature", "properties": { "max_height": 7.2849960327148438, "mean_height": 0.75711977481842041, "std_height": 1.5218209028244019, "count_pixels": 44, "percent_cover": 0.026393929396238865, "percent_above_0.1m": 34.090909090909086, "low_level_<0.5": 4.5454545454545459, "mid_level_0.5-2": 9.0909090909090917, "tall_2+": 18.181818181818183 }, "geometry": { "type": "Point", "coordinates": [ -0.228248367526365, 51.614088401835545 ] } },
{ "type": "Feature", "properties": { "max_height": 8.6190032958984375, "mean_height": 2.0103895664215088, "std_height": 2.1043281555175781, "count_pixels": 43, "percent_cover": 0.025794067364506162, "percent_above_0.1m": 81.395348837209298, "low_level_<0.5": 9.3023255813953494, "mid_level_0.5-2": 27.906976744186046, "tall_2+": 39.534883720930232 }, "geometry": { "type": "Point", "coordinates": [ -0.228048341859212, 51.614085382996201 ] } },
{ "type": "Feature", "properties": { "max_height": 13.133995056152344, "mean_height": 3.4144585132598877, "std_height": 3.3386611938476562, "count_pixels": 42, "percent_cover": 0.025194205332773459, "percent_above_0.1m": 92.857142857142861, "low_level_<0.5": 9.5238095238095237, "mid_level_0.5-2": 21.428571428571427, "tall_2+": 59.523809523809526 }, "geometry": { "type": "Point", "coordinates": [ -0.227848316227275, 51.614082363816195 ] } },
{ "type": "Feature", "properties": { "max_height": 10.200004577636719, "mean_height": 3.9587147235870361, "std_height": 2.5612001419067383, "count_pixels": 42, "percent_cover": 0.025194205332773459, "percent_above_0.1m": 100.0, "low_level_<0.5": 4.7619047619047619, "mid_level_0.5-2": 21.428571428571427, "tall_2+": 73.80952380952381 }, "geometry": { "type": "Point", "coordinates": [ -0.22764829063056, 51.614079344295533 ] } },
{ "type": "Feature", "properties": { "max_height": 10.3489990234375, "mean_height": 4.0373330116271973, "std_height": 2.6688318252563477, "count_pixels": 42, "percent_cover": 0.025194205332773459, "percent_above_0.1m": 97.61904761904762, "low_level_<0.5": 2.3809523809523809, "mid_level_0.5-2": 23.809523809523807, "tall_2+": 71.428571428571431 }, "geometry": { "type": "Point", "coordinates": [ -0.227448265069065, 51.614076324434237 ] } },
{ "type": "Feature", "properties": { "max_height": 10.545753479003906, "mean_height": 1.832079291343689, "std_height": 2.6055669784545898, "count_pixels": 41, "percent_cover": 0.024594343301040763, "percent_above_0.1m": 58.536585365853654, "low_level_<0.5": 4.8780487804878048, "mid_level_0.5-2": 9.7560975609756095, "tall_2+": 36.585365853658537 }, "geometry": { "type": "Point", "coordinates": [ -0.227248239542798, 51.614073304232264 ] } },
{ "type": "Feature", "properties": { "max_height": 8.089752197265625, "mean_height": 1.7107690572738647, "std_height": 2.0177526473999023, "count_pixels": 40, "percent_cover": 0.02399448126930806, "percent_above_0.1m": 70.0, "low_level_<0.5": 7.5, "mid_level_0.5-2": 17.5, "tall_2+": 40.0 }, "geometry": { "type": "Point", "coordinates": [ -0.227048214051758, 51.614070283689628 ] } },
{ "type": "Feature", "properties": { "max_height": 11.5780029296875, "mean_height": 3.8972718715667725, "std_height": 3.5249795913696289, "count_pixels": 36, "percent_cover": 0.021595033142377252, "percent_above_0.1m": 72.222222222222214, "low_level_<0.5": 0.0, "mid_level_0.5-2": 8.3333333333333321, "tall_2+": 63.888888888888886 }, "geometry": { "type": "Point", "coordinates": [ -0.226848188595957, 51.614067262806358 ] } },
{ "type": "Feature", "properties": { "max_height": 7.4550018310546875, "mean_height": 0.82076209783554077, "std_height": 1.3866199254989624, "count_pixels": 41, "percent_cover": 0.024594343301040763, "percent_above_0.1m": 56.09756097560976, "low_level_<0.5": 9.7560975609756095, "mid_level_0.5-2": 24.390243902439025, "tall_2+": 12.195121951219512 }, "geometry": { "type": "Point", "coordinates": [ -0.226648163175399, 51.614064241582398 ] } },
{ "type": "Feature", "properties": { "max_height": 11.417251586914062, "mean_height": 2.2744319438934326, "std_height": 2.6264595985412598, "count_pixels": 41, "percent_cover": 0.024594343301040763, "percent_above_0.1m": 73.170731707317074, "low_level_<0.5": 14.634146341463413, "mid_level_0.5-2": 14.634146341463413, "tall_2+": 43.902439024390247 }, "geometry": { "type": "Point", "coordinates": [ -0.226448137790075, 51.614061220017796 ] } },
{ "type": "Feature", "properties": { "max_height": 11.63800048828125, "mean_height": 3.4976494312286377, "std_height": 2.7909798622131348, "count_pixels": 42, "percent_cover": 0.025194205332773459, "percent_above_0.1m": 95.238095238095227, "low_level_<0.5": 14.285714285714285, "mid_level_0.5-2": 14.285714285714285, "tall_2+": 64.285714285714292 }, "geometry": { "type": "Point", "coordinates": [ -0.226248112440004, 51.614058198112559 ] } },
{ "type": "Feature", "properties": { "max_height": 7.7620010375976562, "mean_height": 2.0475780963897705, "std_height": 2.1702640056610107, "count_pixels": 42, "percent_cover": 0.025194205332773459, "percent_above_0.1m": 73.80952380952381, "low_level_<0.5": 16.666666666666664, "mid_level_0.5-2": 14.285714285714285, "tall_2+": 42.857142857142854 }, "geometry": { "type": "Point", "coordinates": [ -0.226048087125184, 51.614055175866646 ] } },
{ "type": "Feature", "properties": { "max_height": 7.7870025634765625, "mean_height": 2.1755924224853516, "std_height": 2.3208038806915283, "count_pixels": 43, "percent_cover": 0.025794067364506162, "percent_above_0.1m": 72.093023255813947, "low_level_<0.5": 11.627906976744185, "mid_level_0.5-2": 18.604651162790699, "tall_2+": 41.860465116279073 }, "geometry": { "type": "Point", "coordinates": [ -0.225848061845615, 51.61405215328007 ] } },
{ "type": "Feature", "properties": { "max_height": 3.120758056640625, "mean_height": 0.38566923141479492, "std_height": 0.69458860158920288, "count_pixels": 41, "percent_cover": 0.024594343301040763, "percent_above_0.1m": 36.585365853658537, "low_level_<0.5": 12.195121951219512, "mid_level_0.5-2": 19.512195121951219, "tall_2+": 4.8780487804878048 }, "geometry": { "type": "Point", "coordinates": [ -0.231544606218051, 51.614246006309564 ] } },
{ "type": "Feature", "properties": { "max_height": 0.72824859619140625, "mean_height": 0.019450759515166283, "std_height": 0.11364202201366425, "count_pixels": 40, "percent_cover": 0.02399448126930806, "percent_above_0.1m": 2.5, "low_level_<0.5": 0.0, "mid_level_0.5-2": 2.5, "tall_2+": 0.0 }, "geometry": { "type": "Point", "coordinates": [ -0.231344579491407, 51.614242993079301 ] } },
{ "type": "Feature", "properties": { "max_height": 3.9912567138671875, "mean_height": 0.30438050627708435, "std_height": 0.72609800100326538, "count_pixels": 42, "percent_cover": 0.025194205332773459, "percent_above_0.1m": 28.571428571428569, "low_level_<0.5": 9.5238095238095237, "mid_level_0.5-2": 14.285714285714285, "tall_2+": 2.3809523809523809 }, "geometry": { "type": "Point", "coordinates": [ -0.230344446385517, 51.614227921818021 ] } },
{ "type": "Feature", "properties": { "max_height": 7.0225067138671875, "mean_height": 0.76273256540298462, "std_height": 1.5265721082687378, "count_pixels": 42, "percent_cover": 0.025194205332773459, "percent_above_0.1m": 45.238095238095241, "low_level_<0.5": 11.904761904761903, "mid_level_0.5-2": 19.047619047619047, "tall_2+": 11.904761904761903 }, "geometry": { "type": "Point", "coordinates": [ -0.230144419869832, 51.614224906543761 ] } },
{ "type": "Feature", "properties": { "max_height": 4.7360000610351562, "mean_height": 0.96660506725311279, "std_height": 1.1476165056228638, "count_pixels": 43, "percent_cover": 0.025794067364506162, "percent_above_0.1m": 62.790697674418603, "low_level_<0.5": 11.627906976744185, "mid_level_0.5-2": 27.906976744186046, "tall_2+": 20.930232558139537 }, "geometry": { "type": "Point", "coordinates": [ -0.22994439338932, 51.614221890928874 ] } },
{ "type": "Feature", "properties": { "max_height": 3.5007476806640625, "mean_height": 0.89404487609863281, "std_height": 0.96552038192749023, "count_pixels": 44, "percent_cover": 0.026393929396238865, "percent_above_0.1m": 81.818181818181827, "low_level_<0.5": 27.27272727272727, "mid_level_0.5-2": 31.818181818181817, "tall_2+": 15.909090909090908 }, "geometry": { "type": "Point", "coordinates": [ -0.229744366943984, 51.614218874973318 ] } },
{ "type": "Feature", "properties": { "max_height": 6.0397567749023438, "mean_height": 1.6414014101028442, "std_height": 1.1355772018432617, "count_pixels": 43, "percent_cover": 0.025794067364506162, "percent_above_0.1m": 93.023255813953483, "low_level_<0.5": 9.3023255813953494, "mid_level_0.5-2": 46.511627906976742, "tall_2+": 37.209302325581397 }, "geometry": { "type": "Point", "coordinates": [ -0.229544340533834, 51.614215858677092 ] } },
{ "type": "Feature", "properties": { "max_height": 3.2675018310546875, "mean_height": 0.61340028047561646, "std_height": 0.84403115510940552, "count_pixels": 43, "percent_cover": 0.025794067364506162, "percent_above_0.1m": 67.441860465116278, "low_level_<0.5": 32.558139534883722, "mid_level_0.5-2": 20.930232558139537, "tall_2+": 9.3023255813953494 }, "geometry": { "type": "Point", "coordinates": [ -0.229344314158865, 51.614212842040217 ] } },
{ "type": "Feature", "properties": { "max_height": 6.738006591796875, "mean_height": 2.3037855625152588, "std_height": 2.3060288429260254, "count_pixels": 42, "percent_cover": 0.025194205332773459, "percent_above_0.1m": 61.904761904761905, "low_level_<0.5": 4.7619047619047619, "mid_level_0.5-2": 4.7619047619047619, "tall_2+": 52.380952380952387 }, "geometry": { "type": "Point", "coordinates": [ -0.229144287819088, 51.614209825062687 ] } },
{ "type": "Feature", "properties": { "max_height": 11.331497192382812, "mean_height": 3.482029914855957, "std_height": 2.964139461517334, "count_pixels": 42, "percent_cover": 0.025194205332773459, "percent_above_0.1m": 83.333333333333343, "low_level_<0.5": 2.3809523809523809, "mid_level_0.5-2": 14.285714285714285, "tall_2+": 66.666666666666657 }, "geometry": { "type": "Point", "coordinates": [ -0.228944261514503, 51.61420680774448 ] } },
{ "type": "Feature", "properties": { "max_height": 8.8715057373046875, "mean_height": 2.5336155891418457, "std_height": 2.4269025325775146, "count_pixels": 41, "percent_cover": 0.024594343301040763, "percent_above_0.1m": 90.243902439024396, "low_level_<0.5": 14.634146341463413, "mid_level_0.5-2": 21.951219512195124, "tall_2+": 51.219512195121951 }, "geometry": { "type": "Point", "coordinates": [ -0.228744235245119, 51.614203790085625 ] } },
{ "type": "Feature", "properties": { "max_height": 9.3407440185546875, "mean_height": 3.8840126991271973, "std_height": 2.2988319396972656, "count_pixels": 40, "percent_cover": 0.02399448126930806, "percent_above_0.1m": 100.0, "low_level_<0.5": 0.0, "mid_level_0.5-2": 27.5, "tall_2+": 72.5 }, "geometry": { "type": "Point", "coordinates": [ -0.228544209010932, 51.6142007720861 ] } },
{ "type": "Feature", "properties": { "max_height": 9.8317489624023438, "mean_height": 1.8530068397521973, "std_height": 2.3470723628997803, "count_pixels": 36, "percent_cover": 0.021595033142377252, "percent_above_0.1m": 83.333333333333343, "low_level_<0.5": 13.888888888888889, "mid_level_0.5-2": 36.111111111111107, "tall_2+": 30.555555555555557 }, "geometry": { "type": "Point", "coordinates": [ -0.228344182811953, 51.61419775374592 ] } },
{ "type": "Feature", "properties": { "max_height": 7.07275390625, "mean_height": 0.4972875714302063, "std_height": 1.3566595315933228, "count_pixels": 40, "percent_cover": 0.02399448126930806, "percent_above_0.1m": 27.5, "low_level_<0.5": 5.0, "mid_level_0.5-2": 7.5, "tall_2+": 7.5 }, "geometry": { "type": "Point", "coordinates": [ -0.228144156648181, 51.614194735065091 ] } },
{ "type": "Feature", "properties": { "max_height": 10.286750793457031, "mean_height": 5.9608592987060547, "std_height": 2.4907345771789551, "count_pixels": 41, "percent_cover": 0.024594343301040763, "percent_above_0.1m": 100.0, "low_level_<0.5": 2.4390243902439024, "mid_level_0.5-2": 7.3170731707317067, "tall_2+": 90.243902439024396 }, "geometry": { "type": "Point", "coordinates": [ -0.227944130519627, 51.614191716043585 ] } },
{ "type": "Feature", "properties": { "max_height": 10.771003723144531, "mean_height": 2.5830647945404053, "std_height": 1.9759349822998047, "count_pixels": 42, "percent_cover": 0.025194205332773459, "percent_above_0.1m": 97.61904761904762, "low_level_<0.5": 4.7619047619047619, "mid_level_0.5-2": 40.476190476190474, "tall_2+": 52.380952380952387 }, "geometry": { "type": "Point", "coordinates": [ -0.227744104426286, 51.614188696681438 ] } },
{ "type": "Feature", "properties": { "max_height": 6.8115005493164062, "mean_height": 1.6461198329925537, "std_height": 1.7528014183044434, "count_pixels": 42, "percent_cover": 0.025194205332773459, "percent_above_0.1m": 71.428571428571431, "low_level_<0.5": 14.285714285714285, "mid_level_0.5-2": 21.428571428571427, "tall_2+": 35.714285714285715 }, "geometry": { "type": "Point", "coordinates": [ -0.227544078368168, 51.614185676978622 ] } },
{ "type": "Feature", "properties": { "max_height": 7.5630035400390625, "mean_height": 1.0254228115081787, "std_height": 1.8261110782623291, "count_pixels": 42, "percent_cover": 0.025194205332773459, "percent_above_0.1m": 45.238095238095241, "low_level_<0.5": 11.904761904761903, "mid_level_0.5-2": 9.5238095238095237, "tall_2+": 21.428571428571427 }, "geometry": { "type": "Point", "coordinates": [ -0.227344052345278, 51.614182656935149 ] } },
{ "type": "Feature", "properties": { "max_height": 4.1762466430664062, "mean_height": 0.53633099794387817, "std_height": 0.87717056274414062, "count_pixels": 43, "percent_cover": 0.025794067364506162, "percent_above_0.1m": 60.465116279069761, "low_level_<0.5": 32.558139534883722, "mid_level_0.5-2": 16.279069767441861, "tall_2+": 6.9767441860465116 }, "geometry": { "type": "Point", "coordinates": [ -0.22714402635761, 51.614179636551015 ] } },
{ "type": "Feature", "properties": { "max_height": 2.83099365234375, "mean_height": 0.32145464420318604, "std_height": 0.56374675035476685, "count_pixels": 44, "percent_cover": 0.026393929396238865, "percent_above_0.1m": 43.18181818181818, "low_level_<0.5": 20.454545454545457, "mid_level_0.5-2": 20.454545454545457, "tall_2+": 2.2727272727272729 }, "geometry": { "type": "Point", "coordinates": [ -0.226944000405183, 51.614176615826231 ] } },
{ "type": "Feature", "properties": { "max_height": 0.02249908447265625, "mean_height": 0.006151420995593071, "std_height": 0.0072465026751160622, "count_pixels": 43, "percent_cover": 0.025794067364506162, "percent_above_0.1m": 0.0, "low_level_<0.5": 0.0, "mid_level_0.5-2": 0.0, "tall_2+": 0.0 }, "geometry": { "type": "Point", "coordinates": [ -0.226743974487989, 51.614173594760786 ] } },
{ "type": "Feature", "properties": { "max_height": 1.740997314453125, "mean_height": 0.31471431255340576, "std_height": 0.49861818552017212, "count_pixels": 43, "percent_cover": 0.025794067364506162, "percent_above_0.1m": 48.837209302325576, "low_level_<0.5": 20.930232558139537, "mid_level_0.5-2": 18.604651162790699, "tall_2+": 0.0 }, "geometry": { "type": "Point", "coordinates": [ -0.226543948606038, 51.614170573354691 ] } },
{ "type": "Feature", "properties": { "max_height": 4.574005126953125, "mean_height": 0.3618105947971344, "std_height": 0.91065049171447754, "count_pixels": 42, "percent_cover": 0.025194205332773459, "percent_above_0.1m": 30.952380952380953, "low_level_<0.5": 9.5238095238095237, "mid_level_0.5-2": 14.285714285714285, "tall_2+": 4.7619047619047619 }, "geometry": { "type": "Point", "coordinates": [ -0.226343922759331, 51.614167551607935 ] } },
{ "type": "Feature", "properties": { "max_height": 10.252998352050781, "mean_height": 1.9399237632751465, "std_height": 1.9877767562866211, "count_pixels": 42, "percent_cover": 0.025194205332773459, "percent_above_0.1m": 85.714285714285708, "low_level_<0.5": 14.285714285714285, "mid_level_0.5-2": 21.428571428571427, "tall_2+": 45.238095238095241 }, "geometry": { "type": "Point", "coordinates": [ -0.226143896947876, 51.614164529520494 ] } },
{ "type": "Feature", "properties": { "max_height": 9.9562530517578125, "mean_height": 2.6234452724456787, "std_height": 3.2054016590118408, "count_pixels": 41, "percent_cover": 0.024594343301040763, "percent_above_0.1m": 63.414634146341463, "low_level_<0.5": 9.7560975609756095, "mid_level_0.5-2": 7.3170731707317067, "tall_2+": 43.902439024390247 }, "geometry": { "type": "Point", "coordinates": [ -0.225943871171672, 51.614161507092419 ] } },
{ "type": "Feature", "properties": { "max_height": 0.01226043701171875, "mean_height": 0.0012786502484232187, "std_height": 0.003641307819634676, "count_pixels": 42, "percent_cover": 0.025194205332773459, "percent_above_0.1m": 0.0, "low_level_<0.5": 0.0, "mid_level_0.5-2": 0.0, "tall_2+": 0.0 }, "geometry": { "type": "Point", "coordinates": [ -0.231640429910733, 51.614355355608083 ] } },
{ "type": "Feature", "properties": { "max_height": 2.7662582397460938, "mean_height": 0.54753434658050537, "std_height": 0.82302373647689819, "count_pixels": 43, "percent_cover": 0.025794067364506162, "percent_above_0.1m": 48.837209302325576, "low_level_<0.5": 16.279069767441861, "mid_level_0.5-2": 18.604651162790699, "tall_2+": 11.627906976744185 }, "geometry": { "type": "Point", "coordinates": [ -0.231440402687499, 51.614352342536343 ] } },
{ "type": "Feature", "properties": { "max_height": 8.527008056640625, "mean_height": 2.0816671848297119, "std_height": 2.4517571926116943, "count_pixels": 42, "percent_cover": 0.025194205332773459, "percent_above_0.1m": 73.80952380952381, "low_level_<0.5": 7.1428571428571423, "mid_level_0.5-2": 23.809523809523807, "tall_2+": 38.095238095238095 }, "geometry": { "type": "Point", "coordinates": [ -0.230240240086324, 51.614334256951956 ] } },
{ "type": "Feature", "properties": { "max_height": 6.907257080078125, "mean_height": 2.3730916976928711, "std_height": 2.0035555362701416, "count_pixels": 41, "percent_cover": 0.024594343301040763, "percent_above_0.1m": 92.682926829268297, "low_level_<0.5": 12.195121951219512, "mid_level_0.5-2": 26.829268292682929, "tall_2+": 48.780487804878049 }, "geometry": { "type": "Point", "coordinates": [ -0.230040213109204, 51.614331241495591 ] } },
{ "type": "Feature", "properties": { "max_height": 5.3804931640625, "mean_height": 1.6667934656143188, "std_height": 1.4055742025375366, "count_pixels": 40, "percent_cover": 0.02399448126930806, "percent_above_0.1m": 70.0, "low_level_<0.5": 2.5, "mid_level_0.5-2": 25.0, "tall_2+": 42.5 }, "geometry": { "type": "Point", "coordinates": [ -0.229840186167266, 51.614328225698536 ] } },
{ "type": "Feature", "properties": { "max_height": 2.8742446899414062, "mean_height": 1.0370413064956665, "std_height": 0.93341994285583496, "count_pixels": 36, "percent_cover": 0.021595033142377252, "percent_above_0.1m": 77.777777777777786, "low_level_<0.5": 16.666666666666664, "mid_level_0.5-2": 38.888888888888893, "tall_2+": 19.444444444444446 }, "geometry": { "type": "Point", "coordinates": [ -0.229640159260505, 51.614325209560846 ] } },
{ "type": "Feature", "properties": { "max_height": 5.3759994506835938, "mean_height": 1.122140645980835, "std_height": 1.3234518766403198, "count_pixels": 41, "percent_cover": 0.024594343301040763, "percent_above_0.1m": 68.292682926829272, "low_level_<0.5": 12.195121951219512, "mid_level_0.5-2": 34.146341463414636, "tall_2+": 21.951219512195124 }, "geometry": { "type": "Point", "coordinates": [ -0.229440132388928, 51.614322193082465 ] } },
{ "type": "Feature", "properties": { "max_height": 3.485504150390625, "mean_height": 0.39143314957618713, "std_height": 0.86315649747848511, "count_pixels": 41, "percent_cover": 0.024594343301040763, "percent_above_0.1m": 29.268292682926827, "low_level_<0.5": 7.3170731707317067, "mid_level_0.5-2": 12.195121951219512, "tall_2+": 7.3170731707317067 }, "geometry": { "type": "Point", "coordinates": [ -0.229240105552537, 51.614319176263443 ] } },
{ "type": "Feature", "properties": { "max_height": 4.9905014038085938, "mean_height": 0.8727983832359314, "std_height": 1.2649327516555786, "count_pixels": 42, "percent_cover": 0.025194205332773459, "percent_above_0.1m": 52.380952380952387, "low_level_<0.5": 11.904761904761903, "mid_level_0.5-2": 26.190476190476193, "tall_2+": 14.285714285714285 }, "geometry": { "type": "Point", "coordinates": [ -0.229040078751339, 51.614316159103772 ] } },
{ "type": "Feature", "properties": { "max_height": 3.9080047607421875, "mean_height": 0.95417243242263794, "std_height": 1.1368958950042725, "count_pixels": 42, "percent_cover": 0.025194205332773459, "percent_above_0.1m": 66.666666666666657, "low_level_<0.5": 11.904761904761903, "mid_level_0.5-2": 30.952380952380953, "tall_2+": 21.428571428571427 }, "geometry": { "type": "Point", "coordinates": [ -0.228840051985337, 51.614313141603411 ] } },
{ "type": "Feature", "properties": { "max_height": 5.803497314453125, "mean_height": 0.5869942307472229, "std_height": 1.1397881507873535, "count_pixels": 43, "percent_cover": 0.025794067364506162, "percent_above_0.1m": 53.488372093023251, "low_level_<0.5": 18.604651162790699, "mid_level_0.5-2": 18.604651162790699, "tall_2+": 9.3023255813953494 }, "geometry": { "type": "Point", "coordinates": [ -0.228640025254534, 51.614310123762387 ] } },
{ "type": "Feature", "properties": { "max_height": 3.114501953125, "mean_height": 0.37445485591888428, "std_height": 0.73742073774337769, "count_pixels": 44, "percent_cover": 0.026393929396238865, "percent_above_0.1m": 38.636363636363633, "low_level_<0.5": 9.0909090909090917, "mid_level_0.5-2": 18.181818181818183, "tall_2+": 6.8181818181818175 }, "geometry": { "type": "Point", "coordinates": [ -0.228439998558936, 51.614307105580735 ] } },
{ "type": "Feature", "properties": { "max_height": 4.0207443237304688, "mean_height": 1.1871700286865234, "std_height": 1.1819243431091309, "count_pixels": 44, "percent_cover": 0.026393929396238865, "percent_above_0.1m": 70.454545454545453, "low_level_<0.5": 9.0909090909090917, "mid_level_0.5-2": 38.636363636363633, "tall_2+": 20.454545454545457 }, "geometry": { "type": "Point", "coordinates": [ -0.228239971898544, 51.614304087058393 ] } },
{ "type": "Feature", "properties": { "max_height": 7.977996826171875, "mean_height": 1.5178244113922119, "std_height": 2.2326641082763672, "count_pixels": 43, "percent_cover": 0.025794067364506162, "percent_above_0.1m": 62.790697674418603, "low_level_<0.5": 25.581395348837212, "mid_level_0.5-2": 9.3023255813953494, "tall_2+": 25.581395348837212 }, "geometry": { "type": "Point", "coordinates": [ -0.228039945273366, 51.614301068195395 ] } },
{ "type": "Feature", "properties": { "max_height": 14.061248779296875, "mean_height": 6.368316650390625, "std_height": 2.7934093475341797, "count_pixels": 42, "percent_cover": 0.025194205332773459, "percent_above_0.1m": 97.61904761904762, "low_level_<0.5": 0.0, "mid_level_0.5-2": 4.7619047619047619, "tall_2+": 92.857142857142861 }, "geometry": { "type": "Point", "coordinates": [ -0.227839918683402, 51.614298048991749 ] } },
{ "type": "Feature", "properties": { "max_height": 7.3362503051757812, "mean_height": 1.3645353317260742, "std_height": 2.0050065517425537, "count_pixels": 42, "percent_cover": 0.025194205332773459, "percent_above_0.1m": 45.238095238095241, "low_level_<0.5": 7.1428571428571423, "mid_level_0.5-2": 9.5238095238095237, "tall_2+": 28.571428571428569 }, "geometry": { "type": "Point", "coordinates": [ -0.22763989212866, 51.614295029447426 ] } },
{ "type": "Feature", "properties": { "max_height": 3.23150634765625, "mean_height": 0.33872005343437195, "std_height": 0.72445344924926758, "count_pixels": 42, "percent_cover": 0.025194205332773459, "percent_above_0.1m": 38.095238095238095, "low_level_<0.5": 19.047619047619047, "mid_level_0.5-2": 11.904761904761903, "tall_2+": 4.7619047619047619 }, "geometry": { "type": "Point", "coordinates": [ -0.227439865609138, 51.614292009562476 ] } },
{ "type": "Feature", "properties": { "max_height": 3.160003662109375, "mean_height": 0.341329425573349, "std_height": 0.65335851907730103, "count_pixels": 41, "percent_cover": 0.024594343301040763, "percent_above_0.1m": 43.902439024390247, "low_level_<0.5": 26.829268292682929, "mid_level_0.5-2": 12.195121951219512, "tall_2+": 4.8780487804878048 }, "geometry": { "type": "Point", "coordinates": [ -0.227239839124847, 51.614288989336856 ] } },
{ "type": "Feature", "properties": { "max_height": 2.98175048828125, "mean_height": 0.10837516933679581, "std_height": 0.47225111722946167, "count_pixels": 40, "percent_cover": 0.02399448126930806, "percent_above_0.1m": 10.0, "low_level_<0.5": 2.5, "mid_level_0.5-2": 2.5, "tall_2+": 2.5 }, "geometry": { "type": "Point", "coordinates": [ -0.227039812675784, 51.614285968770552 ] } },
{ "type": "Feature", "properties": { "max_height": 3.4577484130859375, "mean_height": 0.37202772498130798, "std_height": 0.7366870641708374, "count_pixels": 36, "percent_cover": 0.021595033142377252, "percent_above_0.1m": 38.888888888888893, "low_level_<0.5": 16.666666666666664, "mid_level_0.5-2": 13.888888888888889, "tall_2+": 5.5555555555555554 }, "geometry": { "type": "Point", "coordinates": [ -0.22683978626196, 51.614282947863593 ] } },
{ "type": "Feature", "properties": { "max_height": 8.4770050048828125, "mean_height": 0.92900627851486206, "std_height": 1.7877820730209351, "count_pixels": 41, "percent_cover": 0.024594343301040763, "percent_above_0.1m": 51.219512195121951, "low_level_<0.5": 24.390243902439025, "mid_level_0.5-2": 7.3170731707317067, "tall_2+": 17.073170731707318 }, "geometry": { "type": "Point", "coordinates": [ -0.226639759883375, 51.614279926615993 ] } },
{ "type": "Feature", "properties": { "max_height": 9.4264984130859375, "mean_height": 2.1261889934539795, "std_height": 2.3214945793151855, "count_pixels": 41, "percent_cover": 0.024594343301040763, "percent_above_0.1m": 70.731707317073173, "low_level_<0.5": 7.3170731707317067, "mid_level_0.5-2": 14.634146341463413, "tall_2+": 46.341463414634148 }, "geometry": { "type": "Point", "coordinates": [ -0.226439733540033, 51.614276905027708 ] } },
{ "type": "Feature", "properties": { "max_height": 5.1427459716796875, "mean_height": 0.52296954393386841, "std_height": 1.1376653909683228, "count_pixels": 42, "percent_cover": 0.025194205332773459, "percent_above_0.1m": 33.333333333333329, "low_level_<0.5": 7.1428571428571423, "mid_level_0.5-2": 14.285714285714285, "tall_2+": 9.5238095238095237 }, "geometry": { "type": "Point", "coordinates": [ -0.226239707231935, 51.614273883098789 ] } },
{ "type": "Feature", "properties": { "max_height": 2.9220046997070312, "mean_height": 0.60324442386627197, "std_height": 0.97931092977523804, "count_pixels": 42, "percent_cover": 0.025194205332773459, "percent_above_0.1m": 35.714285714285715, "low_level_<0.5": 4.7619047619047619, "mid_level_0.5-2": 14.285714285714285, "tall_2+": 14.285714285714285 }, "geometry": { "type": "Point", "coordinates": [ -0.226039680959097, 51.614270860829201 ] } },
{ "type": "Feature", "properties": { "max_height": 1.1067581176757812, "mean_height": 0.061395041644573212, "std_height": 0.22182236611843109, "count_pixels": 41, "percent_cover": 0.024594343301040763, "percent_above_0.1m": 7.3170731707317067, "low_level_<0.5": 0.0, "mid_level_0.5-2": 7.3170731707317067, "tall_2+": 0.0 }, "geometry": { "type": "Point", "coordinates": [ -0.23153622634502, 51.614461691917789 ] } },
{ "type": "Feature", "properties": { "max_height": 1.485504150390625, "mean_height": 0.22026768326759338, "std_height": 0.40252503752708435, "count_pixels": 40, "percent_cover": 0.02399448126930806, "percent_above_0.1m": 32.5, "low_level_<0.5": 5.0, "mid_level_0.5-2": 17.5, "tall_2+": 0.0 }, "geometry": { "type": "Point", "coordinates": [ -0.231336198660328, 51.614458678663901 ] } },
{ "type": "Feature", "properties": { "max_height": 3.480255126953125, "mean_height": 0.64882880449295044, "std_height": 0.76684194803237915, "count_pixels": 42, "percent_cover": 0.025194205332773459, "percent_above_0.1m": 71.428571428571431, "low_level_<0.5": 21.428571428571427, "mid_level_0.5-2": 38.095238095238095, "tall_2+": 7.1428571428571423 }, "geometry": { "type": "Point", "coordinates": [ -0.23013603329051, 51.614440591986686 ] } },
{ "type": "Feature", "properties": { "max_height": 0.6660003662109375, "mean_height": 0.13960479199886322, "std_height": 0.22616088390350342, "count_pixels": 43, "percent_cover": 0.025794067364506162, "percent_above_0.1m": 27.906976744186046, "low_level_<0.5": 16.279069767441861, "mid_level_0.5-2": 11.627906976744185, "tall_2+": 0.0 }, "geometry": { "type": "Point", "coordinates": [ -0.229936005851958, 51.614437576348159 ] } },
{ "type": "Feature", "properties": { "max_height": 6.2542572021484375, "mean_height": 1.2064827680587769, "std_height": 1.4705442190170288, "count_pixels": 44, "percent_cover": 0.026393929396238865, "percent_above_0.1m": 59.090909090909093, "low_level_<0.5": 9.0909090909090917, "mid_level_0.5-2": 22.727272727272727, "tall_2+": 27.27272727272727 }, "geometry": { "type": "Point", "coordinates": [ -0.229735978448588, 51.614434560368977 ] } },
{ "type": "Feature", "properties": { "max_height": 5.9124984741210938, "mean_height": 1.6480880975723267, "std_height": 1.9144493341445923, "count_pixels": 43, "percent_cover": 0.025794067364506162, "percent_above_0.1m": 62.790697674418603, "low_level_<0.5": 6.9767441860465116, "mid_level_0.5-2": 20.930232558139537, "tall_2+": 32.558139534883722 }, "geometry": { "type": "Point", "coordinates": [ -0.229535951080397, 51.614431544049133 ] } },
{ "type": "Feature", "properties": { "max_height": 7.4585037231445312, "mean_height": 1.1037505865097046, "std_height": 1.7488058805465698, "count_pixels": 43, "percent_cover": 0.025794067364506162, "percent_above_0.1m": 65.116279069767444, "low_level_<0.5": 18.604651162790699, "mid_level_0.5-2": 20.930232558139537, "tall_2+": 18.604651162790699 }, "geometry": { "type": "Point", "coordinates": [ -0.229335923747392, 51.614428527388625 ] } },
{ "type": "Feature", "properties": { "max_height": 5.855255126953125, "mean_height": 1.3643335103988647, "std_height": 1.7532840967178345, "count_pixels": 42, "percent_cover": 0.025194205332773459, "percent_above_0.1m": 66.666666666666657, "low_level_<0.5": 9.5238095238095237, "mid_level_0.5-2": 26.190476190476193, "tall_2+": 26.190476190476193 }, "geometry": { "type": "Point", "coordinates": [ -0.22913589644958, 51.614425510387456 ] } },
{ "type": "Feature", "properties": { "max_height": 3.1585006713867188, "mean_height": 0.45605885982513428, "std_height": 0.77786201238632202, "count_pixels": 42, "percent_cover": 0.025194205332773459, "percent_above_0.1m": 40.476190476190474, "low_level_<0.5": 7.1428571428571423, "mid_level_0.5-2": 21.428571428571427, "tall_2+": 7.1428571428571423 }, "geometry": { "type": "Point", "coordinates": [ -0.228935869186958, 51.614422493045609 ] } },
{ "type": "Feature", "properties": { "max_height": 1.48699951171875, "mean_height": 0.16996374726295471, "std_height": 0.33405113220214844, "count_pixels": 41, "percent_cover": 0.024594343301040763, "percent_above_0.1m": 26.829268292682929, "low_level_<0.5": 7.3170731707317067, "mid_level_0.5-2": 17.073170731707318, "tall_2+": 0.0 }, "geometry": { "type": "Point", "coordinates": [ -0.228735841959539, 51.614419475363107 ] } },
{ "type": "Feature", "properties": { "max_height": 2.9327468872070312, "mean_height": 0.2477874755859375, "std_height": 0.54795205593109131, "count_pixels": 40, "percent_cover": 0.02399448126930806, "percent_above_0.1m": 30.0, "low_level_<0.5": 10.0, "mid_level_0.5-2": 15.0, "tall_2+": 2.5 }, "geometry": { "type": "Point", "coordinates": [ -0.228535814767317, 51.614416457339956 ] } },
{ "type": "Feature", "properties": { "max_height": 2.6760025024414062, "mean_height": 0.51108402013778687, "std_height": 0.64189153909683228, "count_pixels": 36, "percent_cover": 0.021595033142377252, "percent_above_0.1m": 58.333333333333336, "low_level_<0.5": 11.111111111111111, "mid_level_0.5-2": 38.888888888888893, "tall_2+": 5.5555555555555554 }, "geometry": { "type": "Point", "coordinates": [ -0.228335787610301, 51.614413438976129 ] } },
{ "type": "Feature", "properties": { "max_height": 5.2905044555664062, "mean_height": 1.071237325668335, "std_height": 1.4319143295288086, "count_pixels": 40, "percent_cover": 0.02399448126930806, "percent_above_0.1m": 52.5, "low_level_<0.5": 12.5, "mid_level_0.5-2": 12.5, "tall_2+": 27.5 }, "geometry": { "type": "Point", "coordinates": [ -0.2281357604885, 51.614410420271653 ] } },
{ "type": "Feature", "properties": { "max_height": 9.0107498168945312, "mean_height": 2.1627378463745117, "std_height": 2.6126494407653809, "count_pixels": 41, "percent_cover": 0.024594343301040763, "percent_above_0.1m": 70.731707317073173, "low_level_<0.5": 9.7560975609756095, "mid_level_0.5-2": 26.829268292682929, "tall_2+": 34.146341463414636 }, "geometry": { "type": "Point", "coordinates": [ -0.22793573340191, 51.614407401226501 ] } },
{ "type": "Feature", "properties": { "max_height": 11.812744140625, "mean_height": 3.4181380271911621, "std_height": 3.3156898021697998, "count_pixels": 42, "percent_cover": 0.025194205332773459, "percent_above_0.1m": 73.80952380952381, "low_level_<0.5": 4.7619047619047619, "mid_level_0.5-2": 19.047619047619047, "tall_2+": 50.0 }, "geometry": { "type": "Point", "coordinates": [ -0.227735706350538, 51.614404381840686 ] } },
{ "type": "Feature", "properties": { "max_height": 1.385498046875, "mean_height": 0.17657124996185303, "std_height": 0.31019598245620728, "count_pixels": 42, "percent_cover": 0.025194205332773459, "percent_above_0.1m": 30.952380952380953, "low_level_<0.5": 11.904761904761903, "mid_level_0.5-2": 14.285714285714285, "tall_2+": 0.0 }, "geometry": { "type": "Point", "coordinates": [ -0.227535679334389, 51.614401362114222 ] } },
{ "type": "Feature", "properties": { "max_height": 6.2352523803710938, "mean_height": 0.44482186436653137, "std_height": 1.1303918361663818, "count_pixels": 42, "percent_cover": 0.025194205332773459, "percent_above_0.1m": 33.333333333333329, "low_level_<0.5": 7.1428571428571423, "mid_level_0.5-2": 14.285714285714285, "tall_2+": 7.1428571428571423 }, "geometry": { "type": "Point", "coordinates": [ -0.227335652353463, 51.614398342047096 ] } },
{ "type": "Feature", "properties": { "max_height": 5.5617446899414062, "mean_height": 1.3293029069900513, "std_height": 1.6281628608703613, "count_pixels": 43, "percent_cover": 0.025794067364506162, "percent_above_0.1m": 67.441860465116278, "low_level_<0.5": 13.953488372093023, "mid_level_0.5-2": 25.581395348837212, "tall_2+": 27.906976744186046 }, "geometry": { "type": "Point", "coordinates": [ -0.227135625407769, 51.614395321639286 ] } },
{ "type": "Feature", "properties": { "max_height": 4.20574951171875, "mean_height": 0.50569379329681396, "std_height": 0.89713054895401001, "count_pixels": 44, "percent_cover": 0.026393929396238865, "percent_above_0.1m": 40.909090909090914, "low_level_<0.5": 11.363636363636363, "mid_level_0.5-2": 18.181818181818183, "tall_2+": 9.0909090909090917 }, "geometry": { "type": "Point", "coordinates": [ -0.226935598497308, 51.614392300890849 ] } },
{ "type": "Feature", "properties": { "max_height": 6.9732513427734375, "mean_height": 1.3642269372940063, "std_height": 1.9953031539916992, "count_pixels": 43, "percent_cover": 0.025794067364506162, "percent_above_0.1m": 53.488372093023251, "low_level_<0.5": 4.6511627906976747, "mid_level_0.5-2": 30.232558139534881, "tall_2+": 18.604651162790699 }, "geometry": { "type": "Point", "coordinates": [ -0.226735571622092, 51.614389279801728 ] } },
{ "type": "Feature", "properties": { "max_height": 4.001007080078125, "mean_height": 0.57809942960739136, "std_height": 1.1135498285293579, "count_pixels": 43, "percent_cover": 0.025794067364506162, "percent_above_0.1m": 32.558139534883722, "low_level_<0.5": 6.9767441860465116, "mid_level_0.5-2": 11.627906976744185, "tall_2+": 11.627906976744185 }, "geometry": { "type": "Point", "coordinates": [ -0.226535544782107, 51.614386258371951 ] } },
{ "type": "Feature", "properties": { "max_height": 4.72125244140625, "mean_height": 0.99432063102722168, "std_height": 1.3366637229919434, "count_pixels": 42, "percent_cover": 0.025194205332773459, "percent_above_0.1m": 50.0, "low_level_<0.5": 7.1428571428571423, "mid_level_0.5-2": 19.047619047619047, "tall_2+": 23.809523809523807 }, "geometry": { "type": "Point", "coordinates": [ -0.226335517977373, 51.614383236601526 ] } },
{ "type": "Feature", "properties": { "max_height": 9.0745010375976562, "mean_height": 3.148345947265625, "std_height": 2.7590296268463135, "count_pixels": 42, "percent_cover": 0.025194205332773459, "percent_above_0.1m": 78.571428571428569, "low_level_<0.5": 2.3809523809523809, "mid_level_0.5-2": 21.428571428571427, "tall_2+": 54.761904761904766 }, "geometry": { "type": "Point", "coordinates": [ -0.226135491207887, 51.614380214490424 ] } },
{ "type": "Feature", "properties": { "max_height": 2.0227584838867188, "mean_height": 0.26378542184829712, "std_height": 0.54564684629440308, "count_pixels": 43, "percent_cover": 0.025794067364506162, "percent_above_0.1m": 23.255813953488371, "low_level_<0.5": 2.3255813953488373, "mid_level_0.5-2": 18.604651162790699, "tall_2+": 2.3255813953488373 }, "geometry": { "type": "Point", "coordinates": [ -0.23143202228269, 51.614568028128268 ] } },
{ "type": "Feature", "properties": { "max_height": 5.2377548217773438, "mean_height": 0.43649899959564209, "std_height": 0.87111759185791016, "count_pixels": 44, "percent_cover": 0.026393929396238865, "percent_above_0.1m": 50.0, "low_level_<0.5": 20.454545454545457, "mid_level_0.5-2": 22.727272727272727, "tall_2+": 2.2727272727272729 }, "geometry": { "type": "Point", "coordinates": [ -0.231231994136555, 51.614565014692253 ] } },
{ "type": "Feature", "properties": { "max_height": 5.0005035400390625, "mean_height": 0.85623711347579956, "std_height": 1.3672398328781128, "count_pixels": 42, "percent_cover": 0.025194205332773459, "percent_above_0.1m": 45.238095238095241, "low_level_<0.5": 9.5238095238095237, "mid_level_0.5-2": 14.285714285714285, "tall_2+": 19.047619047619047 }, "geometry": { "type": "Point", "coordinates": [ -0.230231853933236, 51.614549942402206 ] } },
{ "type": "Feature", "properties": { "max_height": 3.4615097045898438, "mean_height": 0.80881571769714355, "std_height": 0.79338550567626953, "count_pixels": 41, "percent_cover": 0.024594343301040763, "percent_above_0.1m": 85.365853658536579, "low_level_<0.5": 29.268292682926827, "mid_level_0.5-2": 41.463414634146339, "tall_2+": 9.7560975609756095 }, "geometry": { "type": "Point", "coordinates": [ -0.230031825998073, 51.614546926922202 ] } },
{ "type": "Feature", "properties": { "max_height": 2.1405029296875, "mean_height": 0.17466983199119568, "std_height": 0.46976116299629211, "count_pixels": 40, "percent_cover": 0.02399448126930806, "percent_above_0.1m": 25.0, "low_level_<0.5": 15.0, "mid_level_0.5-2": 5.0, "tall_2+": 2.5 }, "geometry": { "type": "Point", "coordinates": [ -0.22983179809809, 51.614543911101542 ] } },
{ "type": "Feature", "properties": { "max_height": 6.673248291015625, "mean_height": 1.1470284461975098, "std_height": 1.7749043703079224, "count_pixels": 36, "percent_cover": 0.021595033142377252, "percent_above_0.1m": 50.0, "low_level_<0.5": 5.5555555555555554, "mid_level_0.5-2": 22.222222222222221, "tall_2+": 22.222222222222221 }, "geometry": { "type": "Point", "coordinates": [ -0.229631770233279, 51.614540894940212 ] } },
{ "type": "Feature", "properties": { "max_height": 1.8564987182617188, "mean_height": 0.18214006721973419, "std_height": 0.37952560186386108, "count_pixels": 41, "percent_cover": 0.024594343301040763, "percent_above_0.1m": 31.707317073170731, "low_level_<0.5": 17.073170731707318, "mid_level_0.5-2": 7.3170731707317067, "tall_2+": 0.0 }, "geometry": { "type": "Point", "coordinates": [ -0.229431742403662, 51.614537878438206 ] } },
{ "type": "Feature", "properties": { "max_height": 4.2060012817382812, "mean_height": 0.93129336833953857, "std_height": 1.282198429107666, "count_pixels": 41, "percent_cover": 0.024594343301040763, "percent_above_0.1m": 51.219512195121951, "low_level_<0.5": 7.3170731707317067, "mid_level_0.5-2": 24.390243902439025, "tall_2+": 17.073170731707318 }, "geometry": { "type": "Point", "coordinates": [ -0.22923171460923, 51.614534861595551 ] } },
{ "type": "Feature", "properties": { "max_height": 2.3562469482421875, "mean_height": 0.21337491273880005, "std_height": 0.53443020582199097, "count_pixels": 42, "percent_cover": 0.025194205332773459, "percent_above_0.1m": 19.047619047619047, "low_level_<0.5": 4.7619047619047619, "mid_level_0.5-2": 11.904761904761903, "tall_2+": 2.3809523809523809 }, "geometry": { "type": "Point", "coordinates": [ -0.229031686849989, 51.614531844412227 ] } },
{ "type": "Feature", "properties": { "max_height": 0.70725250244140625, "mean_height": 0.03772590309381485, "std_height": 0.12279322743415833, "count_pixels": 42, "percent_cover": 0.025194205332773459, "percent_above_0.1m": 9.5238095238095237, "low_level_<0.5": 7.1428571428571423, "mid_level_0.5-2": 2.3809523809523809, "tall_2+": 0.0 }, "geometry": { "type": "Point", "coordinates": [ -0.228831659125945, 51.61452882688824 ] } },
{ "type": "Feature", "properties": { "max_height": 0.70725250244140625, "mean_height": 0.044936247169971466, "std_height": 0.13620500266551971, "count_pixels": 43, "percent_cover": 0.025794067364506162, "percent_above_0.1m": 11.627906976744185, "low_level_<0.5": 4.6511627906976747, "mid_level_0.5-2": 2.3255813953488373, "tall_2+": 0.0 }, "geometry": { "type": "Point", "coordinates": [ -0.2286316314371, 51.614525809023576 ] } },
{ "type": "Feature", "properties": { "max_height": 1.5410003662109375, "mean_height": 0.043374493718147278, "std_height": 0.22968368232250214, "count_pixels": 44, "percent_cover": 0.026393929396238865, "percent_above_0.1m": 4.5454545454545459, "low_level_<0.5": 0.0, "mid_level_0.5-2": 2.2727272727272729, "tall_2+": 0.0 }, "geometry": { "type": "Point", "coordinates": [ -0.228431603783462, 51.61452279081827 ] } },
{ "type": "Feature", "properties": { "max_height": 6.7702560424804688, "mean_height": 0.5955963134765625, "std_height": 1.4700654745101929, "count_pixels": 44, "percent_cover": 0.026393929396238865, "percent_above_0.1m": 29.545454545454547, "low_level_<0.5": 9.0909090909090917, "mid_level_0.5-2": 9.0909090909090917, "tall_2+": 11.363636363636363 }, "geometry": { "type": "Point", "coordinates": [ -0.228231576165034, 51.614519772272303 ] } },
{ "type": "Feature", "properties": { "max_height": 3.87774658203125, "mean_height": 0.16821520030498505, "std_height": 0.62735927104949951, "count_pixels": 43, "percent_cover": 0.025794067364506162, "percent_above_0.1m": 16.279069767441861, "low_level_<0.5": 9.3023255813953494, "mid_level_0.5-2": 2.3255813953488373, "tall_2+": 2.3255813953488373 }, "geometry": { "type": "Point", "coordinates": [ -0.228031548581813, 51.614516753385665 ] } },
{ "type": "Feature", "properties": { "max_height": 12.237747192382812, "mean_height": 3.5621256828308105, "std_height": 3.3088605403900146, "count_pixels": 42, "percent_cover": 0.025194205332773459, "percent_above_0.1m": 83.333333333333343, "low_level_<0.5": 2.3809523809523809, "mid_level_0.5-2": 14.285714285714285, "tall_2+": 64.285714285714292 }, "geometry": { "type": "Point", "coordinates": [ -0.227831521033812, 51.614513734158351 ] } },
{ "type": "Feature", "properties": { "max_height": 8.219757080078125, "mean_height": 1.0293987989425659, "std_height": 1.6198264360427856, "count_pixels": 42, "percent_cover": 0.025194205332773459, "percent_above_0.1m": 83.333333333333343, "low_level_<0.5": 33.333333333333329, "mid_level_0.5-2": 30.952380952380953, "tall_2+": 14.285714285714285 }, "geometry": { "type": "Point", "coordinates": [ -0.227631493521027, 51.614510714590381 ] } },
{ "type": "Feature", "properties": { "max_height": 3.7532501220703125, "mean_height": 0.28162437677383423, "std_height": 0.63397568464279175, "count_pixels": 42, "percent_cover": 0.025194205332773459, "percent_above_0.1m": 42.857142857142854, "low_level_<0.5": 21.428571428571427, "mid_level_0.5-2": 11.904761904761903, "tall_2+": 2.3809523809523809 }, "geometry": { "type": "Point", "coordinates": [ -0.227431466043473, 51.614507694681762 ] } },
{ "type": "Feature", "properties": { "max_height": 1.7645034790039062, "mean_height": 0.1243237778544426, "std_height": 0.30726924538612366, "count_pixels": 41, "percent_cover": 0.024594343301040763, "percent_above_0.1m": 19.512195121951219, "low_level_<0.5": 12.195121951219512, "mid_level_0.5-2": 7.3170731707317067, "tall_2+": 0.0 }, "geometry": { "type": "Point", "coordinates": [ -0.227231438601142, 51.614504674432467 ] } },
{ "type": "Feature", "properties": { "max_height": 6.92999267578125, "mean_height": 1.4747066497802734, "std_height": 1.9392822980880737, "count_pixels": 40, "percent_cover": 0.02399448126930806, "percent_above_0.1m": 77.5, "low_level_<0.5": 17.5, "mid_level_0.5-2": 27.5, "tall_2+": 27.5 }, "geometry": { "type": "Point", "coordinates": [ -0.227031411194046, 51.614501653842531 ] } },
{ "type": "Feature", "properties": { "max_height": 6.246002197265625, "mean_height": 0.94902825355529785, "std_height": 1.5288466215133667, "count_pixels": 36, "percent_cover": 0.021595033142377252, "percent_above_0.1m": 66.666666666666657, "low_level_<0.5": 13.888888888888889, "mid_level_0.5-2": 16.666666666666664, "tall_2+": 19.444444444444446 }, "geometry": { "type": "Point", "coordinates": [ -0.226831383822183, 51.614498632911911 ] } },
{ "type": "Feature", "properties": { "max_height": 3.485504150390625, "mean_height": 0.15955539047718048, "std_height": 0.55618232488632202, "count_pixels": 41, "percent_cover": 0.024594343301040763, "percent_above_0.1m": 19.512195121951219, "low_level_<0.5": 7.3170731707317067, "mid_level_0.5-2": 4.8780487804878048, "tall_2+": 2.4390243902439024 }, "geometry": { "type": "Point", "coordinates": [ -0.226631356485563, 51.614495611640628 ] } },
{ "type": "Feature", "properties": { "max_height": 4.8162460327148438, "mean_height": 0.44607320427894592, "std_height": 1.0706784725189209, "count_pixels": 41, "percent_cover": 0.024594343301040763, "percent_above_0.1m": 26.829268292682929, "low_level_<0.5": 4.8780487804878048, "mid_level_0.5-2": 9.7560975609756095, "tall_2+": 9.7560975609756095 }, "geometry": { "type": "Point", "coordinates": [ -0.226431329184186, 51.614492590028689 ] } },
{ "type": "Feature", "properties": { "max_height": 13.19525146484375, "mean_height": 4.8900661468505859, "std_height": 3.0885658264160156, "count_pixels": 42, "percent_cover": 0.025194205332773459, "percent_above_0.1m": 97.61904761904762, "low_level_<0.5": 7.1428571428571423, "mid_level_0.5-2": 9.5238095238095237, "tall_2+": 80.952380952380949 }, "geometry": { "type": "Point", "coordinates": [ -0.226231301918059, 51.614489568076081 ] } },
{ "type": "Feature", "properties": { "max_height": 2.64300537109375, "mean_height": 0.3983386754989624, "std_height": 0.66423946619033813, "count_pixels": 42, "percent_cover": 0.025194205332773459, "percent_above_0.1m": 50.0, "low_level_<0.5": 16.666666666666664, "mid_level_0.5-2": 16.666666666666664, "tall_2+": 4.7619047619047619 }, "geometry": { "type": "Point", "coordinates": [ -0.230127646605606, 51.614656277420643 ] } },
{ "type": "Feature", "properties": { "max_height": 5.02825927734375, "mean_height": 0.83219057321548462, "std_height": 1.1374105215072632, "count_pixels": 43, "percent_cover": 0.025794067364506162, "percent_above_0.1m": 62.790697674418603, "low_level_<0.5": 20.930232558139537, "mid_level_0.5-2": 30.232558139534881, "tall_2+": 11.627906976744185 }, "geometry": { "type": "Point", "coordinates": [ -0.229927618209008, 51.614653261758505 ] } },
{ "type": "Feature", "properties": { "max_height": 1.7782516479492188, "mean_height": 0.076805979013442993, "std_height": 0.29941719770431519, "count_pixels": 44, "percent_cover": 0.026393929396238865, "percent_above_0.1m": 9.0909090909090917, "low_level_<0.5": 2.2727272727272729, "mid_level_0.5-2": 6.8181818181818175, "tall_2+": 0.0 }, "geometry": { "type": "Point", "coordinates": [ -0.229727589847585, 51.614650245755683 ] } },
{ "type": "Feature", "properties": { "max_height": 2.9220046997070312, "mean_height": 0.15493738651275635, "std_height": 0.47790676355361938, "count_pixels": 43, "percent_cover": 0.025794067364506162, "percent_above_0.1m": 16.279069767441861, "low_level_<0.5": 4.6511627906976747, "mid_level_0.5-2": 9.3023255813953494, "tall_2+": 2.3255813953488373 }, "geometry": { "type": "Point", "coordinates": [ -0.229527561521343, 51.61464722941222 ] } },
{ "type": "Feature", "properties": { "max_height": 8.618499755859375, "mean_height": 1.769208550453186, "std_height": 2.1166548728942871, "count_pixels": 43, "percent_cover": 0.025794067364506162, "percent_above_0.1m": 60.465116279069761, "low_level_<0.5": 0.0, "mid_level_0.5-2": 25.581395348837212, "tall_2+": 34.883720930232556 }, "geometry": { "type": "Point", "coordinates": [ -0.229327533230294, 51.614644212728066 ] } },
{ "type": "Feature", "properties": { "max_height": 7.31524658203125, "mean_height": 0.54025542736053467, "std_height": 1.4205113649368286, "count_pixels": 42, "percent_cover": 0.025194205332773459, "percent_above_0.1m": 23.809523809523807, "low_level_<0.5": 2.3809523809523809, "mid_level_0.5-2": 9.5238095238095237, "tall_2+": 11.904761904761903 }, "geometry": { "type": "Point", "coordinates": [ -0.229127504974427, 51.614641195703257 ] } },
{ "type": "Feature", "properties": { "max_height": 0.2830047607421875, "mean_height": 0.0085957841947674751, "std_height": 0.043282430619001389, "count_pixels": 42, "percent_cover": 0.025194205332773459, "percent_above_0.1m": 2.3809523809523809, "low_level_<0.5": 2.3809523809523809, "mid_level_0.5-2": 0.0, "tall_2+": 0.0 }, "geometry": { "type": "Point", "coordinates": [ -0.22892747675376, 51.614638178337785 ] } },
{ "type": "Feature", "properties": { "max_height": 0.009490966796875, "mean_height": 0.00081708957441151142, "std_height": 0.0026069520972669125, "count_pixels": 41, "percent_cover": 0.024594343301040763, "percent_above_0.1m": 0.0, "low_level_<0.5": 0.0, "mid_level_0.5-2": 0.0, "tall_2+": 0.0 }, "geometry": { "type": "Point", "coordinates": [ -0.228727448568294, 51.614635160631643 ] } },
{ "type": "Feature", "properties": { "max_height": 1.936248779296875, "mean_height": 0.17315673828125, "std_height": 0.37829330563545227, "count_pixels": 40, "percent_cover": 0.02399448126930806, "percent_above_0.1m": 27.5, "low_level_<0.5": 12.5, "mid_level_0.5-2": 12.5, "tall_2+": 0.0 }, "geometry": { "type": "Point", "coordinates": [ -0.228527420418023, 51.614632142584853 ] } },
{ "type": "Feature", "properties": { "max_height": 4.516998291015625, "mean_height": 0.7771943211555481, "std_height": 1.0496952533721924, "count_pixels": 36, "percent_cover": 0.021595033142377252, "percent_above_0.1m": 63.888888888888886, "low_level_<0.5": 16.666666666666664, "mid_level_0.5-2": 30.555555555555557, "tall_2+": 13.888888888888889 }, "geometry": { "type": "Point", "coordinates": [ -0.228327392302969, 51.614629124197371 ] } },
{ "type": "Feature", "properties": { "max_height": 3.8779983520507812, "mean_height": 0.35088005661964417, "std_height": 0.70690518617630005, "count_pixels": 40, "percent_cover": 0.02399448126930806, "percent_above_0.1m": 35.0, "low_level_<0.5": 5.0, "mid_level_0.5-2": 25.0, "tall_2+": 2.5 }, "geometry": { "type": "Point", "coordinates": [ -0.228127364223116, 51.614626105469249 ] } },
{ "type": "Feature", "properties": { "max_height": 8.3832473754882812, "mean_height": 1.2545613050460815, "std_height": 1.8389427661895752, "count_pixels": 41, "percent_cover": 0.024594343301040763, "percent_above_0.1m": 60.975609756097562, "low_level_<0.5": 9.7560975609756095, "mid_level_0.5-2": 24.390243902439025, "tall_2+": 24.390243902439025 }, "geometry": { "type": "Point", "coordinates": [ -0.227927336178481, 51.614623086400435 ] } },
{ "type": "Feature", "properties": { "max_height": 15.494255065917969, "mean_height": 5.1452035903930664, "std_height": 3.6877706050872803, "count_pixels": 42, "percent_cover": 0.025194205332773459, "percent_above_0.1m": 90.476190476190482, "low_level_<0.5": 2.3809523809523809, "mid_level_0.5-2": 11.904761904761903, "tall_2+": 76.19047619047619 }, "geometry": { "type": "Point", "coordinates": [ -0.227727308169065, 51.614620066990987 ] } },
{ "type": "Feature", "properties": { "max_height": 2.6064987182617188, "mean_height": 0.88267862796783447, "std_height": 0.6275782585144043, "count_pixels": 42, "percent_cover": 0.025194205332773459, "percent_above_0.1m": 88.095238095238088, "low_level_<0.5": 16.666666666666664, "mid_level_0.5-2": 64.285714285714292, "tall_2+": 2.3809523809523809 }, "geometry": { "type": "Point", "coordinates": [ -0.227527280194873, 51.614617047240863 ] } },
{ "type": "Feature", "properties": { "max_height": 7.3967514038085938, "mean_height": 2.0176849365234375, "std_height": 2.1646316051483154, "count_pixels": 42, "percent_cover": 0.025194205332773459, "percent_above_0.1m": 78.571428571428569, "low_level_<0.5": 11.904761904761903, "mid_level_0.5-2": 14.285714285714285, "tall_2+": 40.476190476190474 }, "geometry": { "type": "Point", "coordinates": [ -0.227327252255904, 51.614614027150061 ] } },
{ "type": "Feature", "properties": { "max_height": 3.16400146484375, "mean_height": 0.54158216714859009, "std_height": 0.89957940578460693, "count_pixels": 43, "percent_cover": 0.025794067364506162, "percent_above_0.1m": 48.837209302325576, "low_level_<0.5": 13.953488372093023, "mid_level_0.5-2": 16.279069767441861, "tall_2+": 11.627906976744185 }, "geometry": { "type": "Point", "coordinates": [ -0.227127224352168, 51.614611006718619 ] } },
{ "type": "Feature", "properties": { "max_height": 6.774749755859375, "mean_height": 1.7462562322616577, "std_height": 1.9038597345352173, "count_pixels": 44, "percent_cover": 0.026393929396238865, "percent_above_0.1m": 84.090909090909093, "low_level_<0.5": 20.454545454545457, "mid_level_0.5-2": 18.181818181818183, "tall_2+": 36.363636363636367 }, "geometry": { "type": "Point", "coordinates": [ -0.226927196483666, 51.614607985946492 ] } },
{ "type": "Feature", "properties": { "max_height": 1.0582427978515625, "mean_height": 0.28637713193893433, "std_height": 0.20715789496898651, "count_pixels": 43, "percent_cover": 0.025794067364506162, "percent_above_0.1m": 76.744186046511629, "low_level_<0.5": 65.116279069767444, "mid_level_0.5-2": 6.9767441860465116, "tall_2+": 0.0 }, "geometry": { "type": "Point", "coordinates": [ -0.226727168650403, 51.614604964833717 ] } },
{ "type": "Feature", "properties": { "max_height": 2.1957473754882812, "mean_height": 0.3375236988067627, "std_height": 0.58415895700454712, "count_pixels": 43, "percent_cover": 0.025794067364506162, "percent_above_0.1m": 44.186046511627907, "low_level_<0.5": 18.604651162790699, "mid_level_0.5-2": 16.279069767441861, "tall_2+": 2.3255813953488373 }, "geometry": { "type": "Point", "coordinates": [ -0.226527140852381, 51.614601943380265 ] } },
{ "type": "Feature", "properties": { "max_height": 6.2184982299804688, "mean_height": 1.8873336315155029, "std_height": 1.8150138854980469, "count_pixels": 42, "percent_cover": 0.025194205332773459, "percent_above_0.1m": 76.19047619047619, "low_level_<0.5": 9.5238095238095237, "mid_level_0.5-2": 23.809523809523807, "tall_2+": 40.476190476190474 }, "geometry": { "type": "Point", "coordinates": [ -0.226327113089608, 51.614598921586172 ] } },
{ "type": "Feature", "properties": { "max_height": 6.261505126953125, "mean_height": 0.86249887943267822, "std_height": 1.5669269561767578, "count_pixels": 42, "percent_cover": 0.025194205332773459, "percent_above_0.1m": 38.095238095238095, "low_level_<0.5": 7.1428571428571423, "mid_level_0.5-2": 9.5238095238095237, "tall_2+": 21.428571428571427 }, "geometry": { "type": "Point", "coordinates": [ -0.230223467674568, 51.614765627843511 ] } },
{ "type": "Feature", "properties": { "max_height": 7.6695098876953125, "mean_height": 2.0199620723724365, "std_height": 2.126657247543335, "count_pixels": 41, "percent_cover": 0.024594343301040763, "percent_above_0.1m": 87.804878048780495, "low_level_<0.5": 17.073170731707318, "mid_level_0.5-2": 29.268292682926827, "tall_2+": 39.024390243902438 }, "geometry": { "type": "Point", "coordinates": [ -0.230023438781355, 51.614762612339902 ] } },
{ "type": "Feature", "properties": { "max_height": 1.7465057373046875, "mean_height": 0.24133643507957458, "std_height": 0.50036829710006714, "count_pixels": 40, "percent_cover": 0.02399448126930806, "percent_above_0.1m": 25.0, "low_level_<0.5": 2.5, "mid_level_0.5-2": 20.0, "tall_2+": 0.0 }, "geometry": { "type": "Point", "coordinates": [ -0.229823409923305, 51.614759596495574 ] } },
{ "type": "Feature", "properties": { "max_height": 0.01700592041015625, "mean_height": 0.00260162353515625, "std_height": 0.0045238458551466465, "count_pixels": 36, "percent_cover": 0.021595033142377252, "percent_above_0.1m": 0.0, "low_level_<0.5": 0.0, "mid_level_0.5-2": 0.0, "tall_2+": 0.0 }, "geometry": { "type": "Point", "coordinates": [ -0.229623381100448, 51.614756580310619 ] } },
{ "type": "Feature", "properties": { "max_height": 0.00750732421875, "mean_height": 3.2936655770754442e-05, "std_height": 0.003955756314098835, "count_pixels": 41, "percent_cover": 0.024594343301040763, "percent_above_0.1m": 0.0, "low_level_<0.5": 0.0, "mid_level_0.5-2": 0.0, "tall_2+": 0.0 }, "geometry": { "type": "Point", "coordinates": [ -0.229423352312771, 51.614753563784987 ] } },
{ "type": "Feature", "properties": { "max_height": 1.8282470703125, "mean_height": 0.050402011722326279, "std_height": 0.28188031911849976, "count_pixels": 41, "percent_cover": 0.024594343301040763, "percent_above_0.1m": 4.8780487804878048, "low_level_<0.5": 0.0, "mid_level_0.5-2": 2.4390243902439024, "tall_2+": 0.0 }, "geometry": { "type": "Point", "coordinates": [ -0.229223323560285, 51.6147505469187 ] } },
{ "type": "Feature", "properties": { "max_height": 0.01149749755859375, "mean_height": 0.00071988784475252032, "std_height": 0.0043983021751046181, "count_pixels": 42, "percent_cover": 0.025194205332773459, "percent_above_0.1m": 0.0, "low_level_<0.5": 0.0, "mid_level_0.5-2": 0.0, "tall_2+": 0.0 }, "geometry": { "type": "Point", "coordinates": [ -0.229023294842991, 51.614747529711735 ] } },
{ "type": "Feature", "properties": { "max_height": 0.0082550048828125, "mean_height": 0.0014346895040944219, "std_height": 0.0029279561713337898, "count_pixels": 42, "percent_cover": 0.025194205332773459, "percent_above_0.1m": 0.0, "low_level_<0.5": 0.0, "mid_level_0.5-2": 0.0, "tall_2+": 0.0 }, "geometry": { "type": "Point", "coordinates": [ -0.228823266160896, 51.614744512164123 ] } },
{ "type": "Feature", "properties": { "max_height": 1.4302520751953125, "mean_height": 0.16497129201889038, "std_height": 0.30122491717338562, "count_pixels": 43, "percent_cover": 0.025794067364506162, "percent_above_0.1m": 34.883720930232556, "low_level_<0.5": 13.953488372093023, "mid_level_0.5-2": 13.953488372093023, "tall_2+": 0.0 }, "geometry": { "type": "Point", "coordinates": [ -0.228623237513996, 51.614741494275819 ] } },
{ "type": "Feature", "properties": { "max_height": 6.9390029907226562, "mean_height": 1.1591141223907471, "std_height": 1.3528597354888916, "count_pixels": 44, "percent_cover": 0.026393929396238865, "percent_above_0.1m": 75.0, "low_level_<0.5": 9.0909090909090917, "mid_level_0.5-2": 52.272727272727273, "tall_2+": 13.636363636363635 }, "geometry": { "type": "Point", "coordinates": [ -0.228423208902307, 51.614738476046867 ] } },
{ "type": "Feature", "properties": { "max_height": 1.166748046875, "mean_height": 0.051203988492488861, "std_height": 0.18806196749210358, "count_pixels": 44, "percent_cover": 0.026393929396238865, "percent_above_0.1m": 9.0909090909090917, "low_level_<0.5": 4.5454545454545459, "mid_level_0.5-2": 2.2727272727272729, "tall_2+": 0.0 }, "geometry": { "type": "Point", "coordinates": [ -0.228223180325824, 51.614735457477238 ] } },
{ "type": "Feature", "properties": { "max_height": 6.4877471923828125, "mean_height": 1.1700173616409302, "std_height": 1.4738768339157104, "count_pixels": 43, "percent_cover": 0.025794067364506162, "percent_above_0.1m": 60.465116279069761, "low_level_<0.5": 11.627906976744185, "mid_level_0.5-2": 23.255813953488371, "tall_2+": 25.581395348837212 }, "geometry": { "type": "Point", "coordinates": [ -0.228023151784554, 51.614732438566946 ] } },
{ "type": "Feature", "properties": { "max_height": 12.964744567871094, "mean_height": 2.2543573379516602, "std_height": 3.445742130279541, "count_pixels": 42, "percent_cover": 0.025194205332773459, "percent_above_0.1m": 54.761904761904766, "low_level_<0.5": 4.7619047619047619, "mid_level_0.5-2": 14.285714285714285, "tall_2+": 30.952380952380953 }, "geometry": { "type": "Point", "coordinates": [ -0.227823123278502, 51.614729419315999 ] } },
{ "type": "Feature", "properties": { "max_height": 9.2375030517578125, "mean_height": 3.3148868083953857, "std_height": 2.2597777843475342, "count_pixels": 42, "percent_cover": 0.025194205332773459, "percent_above_0.1m": 97.61904761904762, "low_level_<0.5": 4.7619047619047619, "mid_level_0.5-2": 23.809523809523807, "tall_2+": 69.047619047619051 }, "geometry": { "type": "Point", "coordinates": [ -0.22762309480767, 51.614726399724368 ] } },
{ "type": "Feature", "properties": { "max_height": 4.8947525024414062, "mean_height": 0.42792892456054688, "std_height": 1.0273811817169189, "count_pixels": 42, "percent_cover": 0.025194205332773459, "percent_above_0.1m": 38.095238095238095, "low_level_<0.5": 9.5238095238095237, "mid_level_0.5-2": 14.285714285714285, "tall_2+": 4.7619047619047619 }, "geometry": { "type": "Point", "coordinates": [ -0.227423066372062, 51.614723379792096 ] } },
{ "type": "Feature", "properties": { "max_height": 8.4984970092773438, "mean_height": 3.0926406383514404, "std_height": 2.1069350242614746, "count_pixels": 41, "percent_cover": 0.024594343301040763, "percent_above_0.1m": 87.804878048780495, "low_level_<0.5": 4.8780487804878048, "mid_level_0.5-2": 9.7560975609756095, "tall_2+": 73.170731707317074 }, "geometry": { "type": "Point", "coordinates": [ -0.227223037971687, 51.61472035951914 ] } },
{ "type": "Feature", "properties": { "max_height": 9.5517501831054688, "mean_height": 3.3429062366485596, "std_height": 2.9819948673248291, "count_pixels": 40, "percent_cover": 0.02399448126930806, "percent_above_0.1m": 87.5, "low_level_<0.5": 7.5, "mid_level_0.5-2": 20.0, "tall_2+": 55.000000000000007 }, "geometry": { "type": "Point", "coordinates": [ -0.227023009606538, 51.614717338905521 ] } },
{ "type": "Feature", "properties": { "max_height": 2.438751220703125, "mean_height": 0.41652849316596985, "std_height": 0.65548723936080933, "count_pixels": 36, "percent_cover": 0.021595033142377252, "percent_above_0.1m": 50.0, "low_level_<0.5": 19.444444444444446, "mid_level_0.5-2": 19.444444444444446, "tall_2+": 8.3333333333333321 }, "geometry": { "type": "Point", "coordinates": [ -0.22682298127663, 51.614714317951247 ] } },
{ "type": "Feature", "properties": { "max_height": 1.964752197265625, "mean_height": 0.23680524528026581, "std_height": 0.34094357490539551, "count_pixels": 41, "percent_cover": 0.024594343301040763, "percent_above_0.1m": 53.658536585365859, "low_level_<0.5": 26.829268292682929, "mid_level_0.5-2": 17.073170731707318, "tall_2+": 0.0 }, "geometry": { "type": "Point", "coordinates": [ -0.226622952981962, 51.614711296656296 ] } },
{ "type": "Feature", "properties": { "max_height": 6.290496826171875, "mean_height": 0.81981658935546875, "std_height": 1.4565737247467041, "count_pixels": 41, "percent_cover": 0.024594343301040763, "percent_above_0.1m": 48.780487804878049, "low_level_<0.5": 19.512195121951219, "mid_level_0.5-2": 14.634146341463413, "tall_2+": 14.634146341463413 }, "geometry": { "type": "Point", "coordinates": [ -0.22642292472254, 51.614708275020689 ] } },
{ "type": "Feature", "properties": { "max_height": 6.5472488403320312, "mean_height": 1.1021721363067627, "std_height": 1.5775482654571533, "count_pixels": 42, "percent_cover": 0.025194205332773459, "percent_above_0.1m": 69.047619047619051, "low_level_<0.5": 16.666666666666664, "mid_level_0.5-2": 33.333333333333329, "tall_2+": 16.666666666666664 }, "geometry": { "type": "Point", "coordinates": [ -0.226222896498365, 51.614705253044399 ] } },
{ "type": "Feature", "properties": { "max_height": 7.9355010986328125, "mean_height": 1.9921663999557495, "std_height": 2.257291316986084, "count_pixels": 42, "percent_cover": 0.025194205332773459, "percent_above_0.1m": 78.571428571428569, "low_level_<0.5": 11.904761904761903, "mid_level_0.5-2": 26.190476190476193, "tall_2+": 38.095238095238095 }, "geometry": { "type": "Point", "coordinates": [ -0.230119259815124, 51.614871962845669 ] } },
{ "type": "Feature", "properties": { "max_height": 5.197509765625, "mean_height": 0.93816250562667847, "std_height": 1.2608969211578369, "count_pixels": 43, "percent_cover": 0.025794067364506162, "percent_above_0.1m": 67.441860465116278, "low_level_<0.5": 13.953488372093023, "mid_level_0.5-2": 32.558139534883722, "tall_2+": 16.279069767441861 }, "geometry": { "type": "Point", "coordinates": [ -0.22991923046046, 51.614868947159891 ] } },
{ "type": "Feature", "properties": { "max_height": 3.9765090942382812, "mean_height": 0.25873842835426331, "std_height": 0.78067129850387573, "count_pixels": 44, "percent_cover": 0.026393929396238865, "percent_above_0.1m": 11.363636363636363, "low_level_<0.5": 0.0, "mid_level_0.5-2": 6.8181818181818175, "tall_2+": 4.5454545454545459 }, "geometry": { "type": "Point", "coordinates": [ -0.229719201140973, 51.614865931133458 ] } },
{ "type": "Feature", "properties": { "max_height": 5.00225830078125, "mean_height": 0.86466199159622192, "std_height": 1.4459856748580933, "count_pixels": 43, "percent_cover": 0.025794067364506162, "percent_above_0.1m": 37.209302325581397, "low_level_<0.5": 4.6511627906976747, "mid_level_0.5-2": 11.627906976744185, "tall_2+": 20.930232558139537 }, "geometry": { "type": "Point", "coordinates": [ -0.229519171856675, 51.614862914766341 ] } },
{ "type": "Feature", "properties": { "max_height": 0.23500823974609375, "mean_height": 0.012392443604767323, "std_height": 0.044884040951728821, "count_pixels": 43, "percent_cover": 0.025794067364506162, "percent_above_0.1m": 4.6511627906976747, "low_level_<0.5": 4.6511627906976747, "mid_level_0.5-2": 0.0, "tall_2+": 0.0 }, "geometry": { "type": "Point", "coordinates": [ -0.229319142607557, 51.614859898058562 ] } },
{ "type": "Feature", "properties": { "max_height": 0.00925445556640625, "mean_height": 0.000530242919921875, "std_height": 0.0033436922822147608, "count_pixels": 42, "percent_cover": 0.025194205332773459, "percent_above_0.1m": 0.0, "low_level_<0.5": 0.0, "mid_level_0.5-2": 0.0, "tall_2+": 0.0 }, "geometry": { "type": "Point", "coordinates": [ -0.229119113393636, 51.614856881010127 ] } },
{ "type": "Feature", "properties": { "max_height": 0.01000213623046875, "mean_height": 0.0019048055401071906, "std_height": 0.0030499605927616358, "count_pixels": 42, "percent_cover": 0.025194205332773459, "percent_above_0.1m": 0.0, "low_level_<0.5": 0.0, "mid_level_0.5-2": 0.0, "tall_2+": 0.0 }, "geometry": { "type": "Point", "coordinates": [ -0.228919084214909, 51.614853863621001 ] } },
{ "type": "Feature", "properties": { "max_height": 1.3427581787109375, "mean_height": 0.15334784984588623, "std_height": 0.2713455855846405, "count_pixels": 41, "percent_cover": 0.024594343301040763, "percent_above_0.1m": 34.146341463414636, "low_level_<0.5": 26.829268292682929, "mid_level_0.5-2": 4.8780487804878048, "tall_2+": 0.0 }, "geometry": { "type": "Point", "coordinates": [ -0.228719055071382, 51.614850845891226 ] } },
{ "type": "Feature", "properties": { "max_height": 4.51824951171875, "mean_height": 0.6951366662979126, "std_height": 1.1936033964157104, "count_pixels": 40, "percent_cover": 0.02399448126930806, "percent_above_0.1m": 50.0, "low_level_<0.5": 17.5, "mid_level_0.5-2": 17.5, "tall_2+": 12.5 }, "geometry": { "type": "Point", "coordinates": [ -0.228519025963056, 51.614847827820768 ] } },
{ "type": "Feature", "properties": { "max_height": 5.8134994506835938, "mean_height": 1.1411737203598022, "std_height": 1.4416573047637939, "count_pixels": 36, "percent_cover": 0.021595033142377252, "percent_above_0.1m": 55.555555555555557, "low_level_<0.5": 2.7777777777777777, "mid_level_0.5-2": 22.222222222222221, "tall_2+": 27.777777777777779 }, "geometry": { "type": "Point", "coordinates": [ -0.22831899688994, 51.614844809409654 ] } },
{ "type": "Feature", "properties": { "max_height": 2.4080047607421875, "mean_height": 0.087856292724609375, "std_height": 0.3840579092502594, "count_pixels": 40, "percent_cover": 0.02399448126930806, "percent_above_0.1m": 7.5, "low_level_<0.5": 2.5, "mid_level_0.5-2": 2.5, "tall_2+": 2.5 }, "geometry": { "type": "Point", "coordinates": [ -0.228118967852029, 51.614841790657863 ] } },
{ "type": "Feature", "properties": { "max_height": 5.63800048828125, "mean_height": 0.73053628206253052, "std_height": 1.3253123760223389, "count_pixels": 41, "percent_cover": 0.024594343301040763, "percent_above_0.1m": 43.902439024390247, "low_level_<0.5": 14.634146341463413, "mid_level_0.5-2": 9.7560975609756095, "tall_2+": 17.073170731707318 }, "geometry": { "type": "Point", "coordinates": [ -0.227918938849339, 51.614838771565438 ] } },
{ "type": "Feature", "properties": { "max_height": 14.685752868652344, "mean_height": 4.2492623329162598, "std_height": 4.3639106750488281, "count_pixels": 42, "percent_cover": 0.025194205332773459, "percent_above_0.1m": 92.857142857142861, "low_level_<0.5": 9.5238095238095237, "mid_level_0.5-2": 23.809523809523807, "tall_2+": 59.523809523809526 }, "geometry": { "type": "Point", "coordinates": [ -0.227718909881867, 51.614835752132315 ] } },
{ "type": "Feature", "properties": { "max_height": 6.854248046875, "mean_height": 1.4932323694229126, "std_height": 1.9521819353103638, "count_pixels": 42, "percent_cover": 0.025194205332773459, "percent_above_0.1m": 73.80952380952381, "low_level_<0.5": 21.428571428571427, "mid_level_0.5-2": 19.047619047619047, "tall_2+": 28.571428571428569 }, "geometry": { "type": "Point", "coordinates": [ -0.227518880949621, 51.614832732358536 ] } },
{ "type": "Feature", "properties": { "max_height": 6.5942459106445312, "mean_height": 0.81402915716171265, "std_height": 1.3676022291183472, "count_pixels": 42, "percent_cover": 0.025194205332773459, "percent_above_0.1m": 45.238095238095241, "low_level_<0.5": 9.5238095238095237, "mid_level_0.5-2": 23.809523809523807, "tall_2+": 11.904761904761903 }, "geometry": { "type": "Point", "coordinates": [ -0.227318852052597, 51.614829712244088 ] } },
{ "type": "Feature", "properties": { "max_height": 5.3264999389648438, "mean_height": 0.17511643469333649, "std_height": 0.8024216890335083, "count_pixels": 43, "percent_cover": 0.025794067364506162, "percent_above_0.1m": 16.279069767441861, "low_level_<0.5": 6.9767441860465116, "mid_level_0.5-2": 2.3255813953488373, "tall_2+": 2.3255813953488373 }, "geometry": { "type": "Point", "coordinates": [ -0.227118823190805, 51.614826691788963 ] } },
{ "type": "Feature", "properties": { "max_height": 7.6920013427734375, "mean_height": 1.7607848644256592, "std_height": 2.0277836322784424, "count_pixels": 44, "percent_cover": 0.026393929396238865, "percent_above_0.1m": 65.909090909090907, "low_level_<0.5": 6.8181818181818175, "mid_level_0.5-2": 20.454545454545457, "tall_2+": 38.636363636363633 }, "geometry": { "type": "Point", "coordinates": [ -0.226918794364247, 51.614823670993189 ] } },
{ "type": "Feature", "properties": { "max_height": 7.1635055541992188, "mean_height": 1.6754006147384644, "std_height": 1.8965089321136475, "count_pixels": 43, "percent_cover": 0.025794067364506162, "percent_above_0.1m": 60.465116279069761, "low_level_<0.5": 4.6511627906976747, "mid_level_0.5-2": 18.604651162790699, "tall_2+": 37.209302325581397 }, "geometry": { "type": "Point", "coordinates": [ -0.226718765572933, 51.614820649856746 ] } },
{ "type": "Feature", "properties": { "max_height": 2.5764923095703125, "mean_height": 0.23873297870159149, "std_height": 0.58933728933334351, "count_pixels": 43, "percent_cover": 0.025794067364506162, "percent_above_0.1m": 23.255813953488371, "low_level_<0.5": 11.627906976744185, "mid_level_0.5-2": 6.9767441860465116, "tall_2+": 4.6511627906976747 }, "geometry": { "type": "Point", "coordinates": [ -0.226518736816857, 51.614817628379633 ] } },
{ "type": "Feature", "properties": { "max_height": 11.282745361328125, "mean_height": 4.0540590286254883, "std_height": 3.0785694122314453, "count_pixels": 42, "percent_cover": 0.025194205332773459, "percent_above_0.1m": 85.714285714285708, "low_level_<0.5": 4.7619047619047619, "mid_level_0.5-2": 11.904761904761903, "tall_2+": 66.666666666666657 }, "geometry": { "type": "Point", "coordinates": [ -0.226318708096034, 51.61481460656185 ] } },
{ "type": "Feature", "properties": { "max_height": 9.128509521484375, "mean_height": 1.6577311754226685, "std_height": 2.1172249317169189, "count_pixels": 41, "percent_cover": 0.024594343301040763, "percent_above_0.1m": 73.170731707317074, "low_level_<0.5": 12.195121951219512, "mid_level_0.5-2": 34.146341463414636, "tall_2+": 26.829268292682929 }, "geometry": { "type": "Point", "coordinates": [ -0.23001505145904, 51.614978297748593 ] } },
{ "type": "Feature", "properties": { "max_height": 3.0627517700195312, "mean_height": 0.18469829857349396, "std_height": 0.50404208898544312, "count_pixels": 40, "percent_cover": 0.02399448126930806, "percent_above_0.1m": 27.5, "low_level_<0.5": 15.0, "mid_level_0.5-2": 7.5, "tall_2+": 2.5 }, "geometry": { "type": "Point", "coordinates": [ -0.229815021642928, 51.614975281880682 ] } },
{ "type": "Feature", "properties": { "max_height": 3.6815032958984375, "mean_height": 0.33245617151260376, "std_height": 0.79934817552566528, "count_pixels": 36, "percent_cover": 0.021595033142377252, "percent_above_0.1m": 25.0, "low_level_<0.5": 8.3333333333333321, "mid_level_0.5-2": 11.111111111111111, "tall_2+": 5.5555555555555554 }, "geometry": { "type": "Point", "coordinates": [ -0.229614991862001, 51.614972265672087 ] } },
{ "type": "Feature", "properties": { "max_height": 0.0262603759765625, "mean_height": 0.0032916185446083546, "std_height": 0.0051670493558049202, "count_pixels": 41, "percent_cover": 0.024594343301040763, "percent_above_0.1m": 0.0, "low_level_<0.5": 0.0, "mid_level_0.5-2": 0.0, "tall_2+": 0.0 }, "geometry": { "type": "Point", "coordinates": [ -0.229414962116258, 51.614969249122836 ] } },
{ "type": "Feature", "properties": { "max_height": 0.0187530517578125, "mean_height": 0.0010165702551603317, "std_height": 0.005072462372481823, "count_pixels": 41, "percent_cover": 0.024594343301040763, "percent_above_0.1m": 0.0, "low_level_<0.5": 0.0, "mid_level_0.5-2": 0.0, "tall_2+": 0.0 }, "geometry": { "type": "Point", "coordinates": [ -0.229214932405704, 51.614966232232902 ] } },
{ "type": "Feature", "properties": { "max_height": 2.3157501220703125, "mean_height": 0.12418492883443832, "std_height": 0.41315409541130066, "count_pixels": 42, "percent_cover": 0.025194205332773459, "percent_above_0.1m": 11.904761904761903, "low_level_<0.5": 2.3809523809523809, "mid_level_0.5-2": 7.1428571428571423, "tall_2+": 2.3809523809523809 }, "geometry": { "type": "Point", "coordinates": [ -0.229014902730344, 51.614963215002305 ] } },
{ "type": "Feature", "properties": { "max_height": 0.3589935302734375, "mean_height": 0.015261514112353325, "std_height": 0.056820318102836609, "count_pixels": 42, "percent_cover": 0.025194205332773459, "percent_above_0.1m": 2.3809523809523809, "low_level_<0.5": 2.3809523809523809, "mid_level_0.5-2": 0.0, "tall_2+": 0.0 }, "geometry": { "type": "Point", "coordinates": [ -0.228814873090181, 51.614960197431039 ] } },
{ "type": "Feature", "properties": { "max_height": 2.4297561645507812, "mean_height": 0.22670941054821014, "std_height": 0.55581450462341309, "count_pixels": 43, "percent_cover": 0.025794067364506162, "percent_above_0.1m": 23.255813953488371, "low_level_<0.5": 9.3023255813953494, "mid_level_0.5-2": 9.3023255813953494, "tall_2+": 4.6511627906976747 }, "geometry": { "type": "Point", "coordinates": [ -0.22861484348522, 51.614957179519095 ] } },
{ "type": "Feature", "properties": { "max_height": 5.7202529907226562, "mean_height": 0.19268746674060822, "std_height": 0.86824226379394531, "count_pixels": 44, "percent_cover": 0.026393929396238865, "percent_above_0.1m": 11.363636363636363, "low_level_<0.5": 0.0, "mid_level_0.5-2": 6.8181818181818175, "tall_2+": 2.2727272727272729 }, "geometry": { "type": "Point", "coordinates": [ -0.228414813915464, 51.614954161266503 ] } },
{ "type": "Feature", "properties": { "max_height": 4.6639938354492188, "mean_height": 0.39310750365257263, "std_height": 1.0820184946060181, "count_pixels": 44, "percent_cover": 0.026393929396238865, "percent_above_0.1m": 22.727272727272727, "low_level_<0.5": 13.636363636363635, "mid_level_0.5-2": 2.2727272727272729, "tall_2+": 6.8181818181818175 }, "geometry": { "type": "Point", "coordinates": [ -0.228214784380922, 51.614951142673227 ] } },
{ "type": "Feature", "properties": { "max_height": 3.4980010986328125, "mean_height": 0.48913344740867615, "std_height": 0.87181878089904785, "count_pixels": 43, "percent_cover": 0.025794067364506162, "percent_above_0.1m": 46.511627906976742, "low_level_<0.5": 11.627906976744185, "mid_level_0.5-2": 18.604651162790699, "tall_2+": 9.3023255813953494 }, "geometry": { "type": "Point", "coordinates": [ -0.228014754881585, 51.614948123739275 ] } },
{ "type": "Feature", "properties": { "max_height": 17.256752014160156, "mean_height": 2.7677862644195557, "std_height": 3.9981746673583984, "count_pixels": 42, "percent_cover": 0.025194205332773459, "percent_above_0.1m": 80.952380952380949, "low_level_<0.5": 16.666666666666664, "mid_level_0.5-2": 28.571428571428569, "tall_2+": 35.714285714285715 }, "geometry": { "type": "Point", "coordinates": [ -0.227814725417472, 51.614945104464681 ] } },
{ "type": "Feature", "properties": { "max_height": 14.425003051757812, "mean_height": 6.3314886093139648, "std_height": 3.8749737739562988, "count_pixels": 42, "percent_cover": 0.025194205332773459, "percent_above_0.1m": 100.0, "low_level_<0.5": 4.7619047619047619, "mid_level_0.5-2": 11.904761904761903, "tall_2+": 83.333333333333343 }, "geometry": { "type": "Point", "coordinates": [ -0.227614695988579, 51.61494208484941 ] } },
{ "type": "Feature", "properties": { "max_height": 5.131500244140625, "mean_height": 1.7215954065322876, "std_height": 1.5701361894607544, "count_pixels": 42, "percent_cover": 0.025194205332773459, "percent_above_0.1m": 78.571428571428569, "low_level_<0.5": 14.285714285714285, "mid_level_0.5-2": 28.571428571428569, "tall_2+": 35.714285714285715 }, "geometry": { "type": "Point", "coordinates": [ -0.227414666594908, 51.61493906489347 ] } },
{ "type": "Feature", "properties": { "max_height": 11.928245544433594, "mean_height": 1.8212313652038574, "std_height": 2.9248502254486084, "count_pixels": 41, "percent_cover": 0.024594343301040763, "percent_above_0.1m": 60.975609756097562, "low_level_<0.5": 9.7560975609756095, "mid_level_0.5-2": 21.951219512195124, "tall_2+": 24.390243902439025 }, "geometry": { "type": "Point", "coordinates": [ -0.22721463723647, 51.614936044596845 ] } },
{ "type": "Feature", "properties": { "max_height": 4.8132476806640625, "mean_height": 0.91830670833587646, "std_height": 1.3365657329559326, "count_pixels": 40, "percent_cover": 0.02399448126930806, "percent_above_0.1m": 42.5, "low_level_<0.5": 0.0, "mid_level_0.5-2": 22.5, "tall_2+": 17.5 }, "geometry": { "type": "Point", "coordinates": [ -0.227014607913265, 51.61493302395958 ] } },
{ "type": "Feature", "properties": { "max_height": 9.9365005493164062, "mean_height": 2.5973467826843262, "std_height": 2.4075489044189453, "count_pixels": 36, "percent_cover": 0.021595033142377252, "percent_above_0.1m": 86.111111111111114, "low_level_<0.5": 13.888888888888889, "mid_level_0.5-2": 19.444444444444446, "tall_2+": 50.0 }, "geometry": { "type": "Point", "coordinates": [ -0.226814578625299, 51.614930002981616 ] } },
{ "type": "Feature", "properties": { "max_height": 10.612251281738281, "mean_height": 2.2295308113098145, "std_height": 3.0246078968048096, "count_pixels": 41, "percent_cover": 0.024594343301040763, "percent_above_0.1m": 58.536585365853654, "low_level_<0.5": 9.7560975609756095, "mid_level_0.5-2": 14.634146341463413, "tall_2+": 34.146341463414636 }, "geometry": { "type": "Point", "coordinates": [ -0.22661454937257, 51.614926981663011 ] } },
{ "type": "Feature", "properties": { "max_height": 6.8704986572265625, "mean_height": 1.8231586217880249, "std_height": 1.8973689079284668, "count_pixels": 41, "percent_cover": 0.024594343301040763, "percent_above_0.1m": 85.365853658536579, "low_level_<0.5": 14.634146341463413, "mid_level_0.5-2": 36.585365853658537, "tall_2+": 31.707317073170731 }, "geometry": { "type": "Point", "coordinates": [ -0.226414520155087, 51.614923960003736 ] } },
{ "type": "Feature", "properties": { "max_height": 10.923255920410156, "mean_height": 3.4413197040557861, "std_height": 3.1398100852966309, "count_pixels": 42, "percent_cover": 0.025194205332773459, "percent_above_0.1m": 73.80952380952381, "low_level_<0.5": 4.7619047619047619, "mid_level_0.5-2": 7.1428571428571423, "tall_2+": 61.904761904761905 }, "geometry": { "type": "Point", "coordinates": [ -0.226214490972858, 51.614920938003785 ] } },
{ "type": "Feature", "properties": { "max_height": 8.7405014038085938, "mean_height": 1.4134868383407593, "std_height": 2.3776595592498779, "count_pixels": 42, "percent_cover": 0.025194205332773459, "percent_above_0.1m": 61.904761904761905, "low_level_<0.5": 14.285714285714285, "mid_level_0.5-2": 21.428571428571427, "tall_2+": 21.428571428571427 }, "geometry": { "type": "Point", "coordinates": [ -0.230110872919054, 51.615087648261728 ] } },
{ "type": "Feature", "properties": { "max_height": 6.6557540893554688, "mean_height": 1.5668891668319702, "std_height": 1.4817227125167847, "count_pixels": 43, "percent_cover": 0.025794067364506162, "percent_above_0.1m": 93.023255813953483, "low_level_<0.5": 4.6511627906976747, "mid_level_0.5-2": 53.488372093023251, "tall_2+": 27.906976744186046 }, "geometry": { "type": "Point", "coordinates": [ -0.229910842606315, 51.615084632552332 ] } },
{ "type": "Feature", "properties": { "max_height": 5.2655105590820312, "mean_height": 0.79557853937149048, "std_height": 1.4836318492889404, "count_pixels": 44, "percent_cover": 0.026393929396238865, "percent_above_0.1m": 36.363636363636367, "low_level_<0.5": 6.8181818181818175, "mid_level_0.5-2": 13.636363636363635, "tall_2+": 15.909090909090908 }, "geometry": { "type": "Point", "coordinates": [ -0.229710812328758, 51.615081616502245 ] } },
{ "type": "Feature", "properties": { "max_height": 7.4280014038085938, "mean_height": 1.4675215482711792, "std_height": 1.9913685321807861, "count_pixels": 43, "percent_cover": 0.025794067364506162, "percent_above_0.1m": 46.511627906976742, "low_level_<0.5": 2.3255813953488373, "mid_level_0.5-2": 11.627906976744185, "tall_2+": 32.558139534883722 }, "geometry": { "type": "Point", "coordinates": [ -0.22951078208638, 51.615078600111516 ] } },
{ "type": "Feature", "properties": { "max_height": 0.014251708984375, "mean_height": 0.0014586338074877858, "std_height": 0.004190400242805481, "count_pixels": 43, "percent_cover": 0.025794067364506162, "percent_above_0.1m": 0.0, "low_level_<0.5": 0.0, "mid_level_0.5-2": 0.0, "tall_2+": 0.0 }, "geometry": { "type": "Point", "coordinates": [ -0.229310751879196, 51.615075583380097 ] } },
{ "type": "Feature", "properties": { "max_height": 2.0617523193359375, "mean_height": 0.2054159939289093, "std_height": 0.55879378318786621, "count_pixels": 42, "percent_cover": 0.025194205332773459, "percent_above_0.1m": 16.666666666666664, "low_level_<0.5": 7.1428571428571423, "mid_level_0.5-2": 4.7619047619047619, "tall_2+": 4.7619047619047619 }, "geometry": { "type": "Point", "coordinates": [ -0.2291107217072, 51.615072566308015 ] } },
{ "type": "Feature", "properties": { "max_height": 4.9695053100585938, "mean_height": 0.24561764299869537, "std_height": 0.84417742490768433, "count_pixels": 42, "percent_cover": 0.025194205332773459, "percent_above_0.1m": 14.285714285714285, "low_level_<0.5": 2.3809523809523809, "mid_level_0.5-2": 7.1428571428571423, "tall_2+": 4.7619047619047619 }, "geometry": { "type": "Point", "coordinates": [ -0.2289106915704, 51.615069548895271 ] } },
{ "type": "Feature", "properties": { "max_height": 7.149749755859375, "mean_height": 1.4783319234848022, "std_height": 1.9724514484405518, "count_pixels": 41, "percent_cover": 0.024594343301040763, "percent_above_0.1m": 51.219512195121951, "low_level_<0.5": 4.8780487804878048, "mid_level_0.5-2": 14.634146341463413, "tall_2+": 31.707317073170731 }, "geometry": { "type": "Point", "coordinates": [ -0.228710661468804, 51.615066531141856 ] } },
{ "type": "Feature", "properties": { "max_height": 1.6957473754882812, "mean_height": 0.18250103294849396, "std_height": 0.4492853581905365, "count_pixels": 40, "percent_cover": 0.02399448126930806, "percent_above_0.1m": 20.0, "low_level_<0.5": 5.0, "mid_level_0.5-2": 12.5, "tall_2+": 0.0 }, "geometry": { "type": "Point", "coordinates": [ -0.228510631402407, 51.615063513047744 ] } },
{ "type": "Feature", "properties": { "max_height": 4.8365020751953125, "mean_height": 0.89050167798995972, "std_height": 1.3183650970458984, "count_pixels": 36, "percent_cover": 0.021595033142377252, "percent_above_0.1m": 44.444444444444443, "low_level_<0.5": 2.7777777777777777, "mid_level_0.5-2": 22.222222222222221, "tall_2+": 19.444444444444446 }, "geometry": { "type": "Point", "coordinates": [ -0.228310601371217, 51.61506049461299 ] } },
{ "type": "Feature", "properties": { "max_height": 1.217498779296875, "mean_height": 0.083562470972537994, "std_height": 0.26306033134460449, "count_pixels": 40, "percent_cover": 0.02399448126930806, "percent_above_0.1m": 10.0, "low_level_<0.5": 2.5, "mid_level_0.5-2": 7.5, "tall_2+": 0.0 }, "geometry": { "type": "Point", "coordinates": [ -0.228110571375244, 51.615057475837567 ] } },
{ "type": "Feature", "properties": { "max_height": 1.207000732421875, "mean_height": 0.098488040268421173, "std_height": 0.24150963127613068, "count_pixels": 41, "percent_cover": 0.024594343301040763, "percent_above_0.1m": 17.073170731707318, "low_level_<0.5": 4.8780487804878048, "mid_level_0.5-2": 9.7560975609756095, "tall_2+": 0.0 }, "geometry": { "type": "Point", "coordinates": [ -0.227910541414483, 51.615054456721467 ] } },
{ "type": "Feature", "properties": { "max_height": 11.214752197265625, "mean_height": 3.2666065692901611, "std_height": 3.0375876426696777, "count_pixels": 42, "percent_cover": 0.025194205332773459, "percent_above_0.1m": 73.80952380952381, "low_level_<0.5": 4.7619047619047619, "mid_level_0.5-2": 9.5238095238095237, "tall_2+": 59.523809523809526 }, "geometry": { "type": "Point", "coordinates": [ -0.227710511488944, 51.615051437264704 ] } },
{ "type": "Feature", "properties": { "max_height": 9.3167495727539062, "mean_height": 2.4808399677276611, "std_height": 2.3788084983825684, "count_pixels": 42, "percent_cover": 0.025194205332773459, "percent_above_0.1m": 88.095238095238088, "low_level_<0.5": 11.904761904761903, "mid_level_0.5-2": 30.952380952380953, "tall_2+": 45.238095238095241 }, "geometry": { "type": "Point", "coordinates": [ -0.227510481598626, 51.615048417467264 ] } },
{ "type": "Feature", "properties": { "max_height": 11.788497924804688, "mean_height": 3.6449215412139893, "std_height": 2.8003149032592773, "count_pixels": 42, "percent_cover": 0.025194205332773459, "percent_above_0.1m": 90.476190476190482, "low_level_<0.5": 4.7619047619047619, "mid_level_0.5-2": 16.666666666666664, "tall_2+": 69.047619047619051 }, "geometry": { "type": "Point", "coordinates": [ -0.227310451743538, 51.615045397329155 ] } },
{ "type": "Feature", "properties": { "max_height": 6.029754638671875, "mean_height": 1.145227313041687, "std_height": 1.4650024175643921, "count_pixels": 43, "percent_cover": 0.025794067364506162, "percent_above_0.1m": 81.395348837209298, "low_level_<0.5": 27.906976744186046, "mid_level_0.5-2": 27.906976744186046, "tall_2+": 18.604651162790699 }, "geometry": { "type": "Point", "coordinates": [ -0.227110421923678, 51.615042376850369 ] } },
{ "type": "Feature", "properties": { "max_height": 7.7872467041015625, "mean_height": 1.3862061500549316, "std_height": 1.9781593084335327, "count_pixels": 44, "percent_cover": 0.026393929396238865, "percent_above_0.1m": 50.0, "low_level_<0.5": 4.5454545454545459, "mid_level_0.5-2": 13.636363636363635, "tall_2+": 29.545454545454547 }, "geometry": { "type": "Point", "coordinates": [ -0.226910392139055, 51.615039356030934 ] } },
{ "type": "Feature", "properties": { "max_height": 5.3285064697265625, "mean_height": 1.037378191947937, "std_height": 1.3993073701858521, "count_pixels": 43, "percent_cover": 0.025794067364506162, "percent_above_0.1m": 58.139534883720934, "low_level_<0.5": 9.3023255813953494, "mid_level_0.5-2": 25.581395348837212, "tall_2+": 18.604651162790699 }, "geometry": { "type": "Point", "coordinates": [ -0.226710362389677, 51.615036334870801 ] } },
{ "type": "Feature", "properties": { "max_height": 8.6770095825195312, "mean_height": 0.78903073072433472, "std_height": 1.8303545713424683, "count_pixels": 43, "percent_cover": 0.025794067364506162, "percent_above_0.1m": 55.813953488372093, "low_level_<0.5": 18.604651162790699, "mid_level_0.5-2": 20.930232558139537, "tall_2+": 9.3023255813953494 }, "geometry": { "type": "Point", "coordinates": [ -0.226510332675538, 51.615033313370034 ] } },
{ "type": "Feature", "properties": { "max_height": 13.153007507324219, "mean_height": 7.2910103797912598, "std_height": 3.3648173809051514, "count_pixels": 42, "percent_cover": 0.025194205332773459, "percent_above_0.1m": 100.0, "low_level_<0.5": 2.3809523809523809, "mid_level_0.5-2": 2.3809523809523809, "tall_2+": 95.238095238095227 }, "geometry": { "type": "Point", "coordinates": [ -0.226310302996646, 51.615030291528591 ] } },
{ "type": "Feature", "properties": { "max_height": 11.895751953125, "mean_height": 4.0726146697998047, "std_height": 3.302382230758667, "count_pixels": 41, "percent_cover": 0.024594343301040763, "percent_above_0.1m": 97.560975609756099, "low_level_<0.5": 4.8780487804878048, "mid_level_0.5-2": 26.829268292682929, "tall_2+": 63.414634146341463 }, "geometry": { "type": "Point", "coordinates": [ -0.230006664031135, 51.615193983148359 ] } },
{ "type": "Feature", "properties": { "max_height": 4.076751708984375, "mean_height": 0.6718176007270813, "std_height": 1.1299538612365723, "count_pixels": 40, "percent_cover": 0.02399448126930806, "percent_above_0.1m": 47.5, "low_level_<0.5": 17.5, "mid_level_0.5-2": 17.5, "tall_2+": 12.5 }, "geometry": { "type": "Point", "coordinates": [ -0.229806633256948, 51.615190967256815 ] } },
{ "type": "Feature", "properties": { "max_height": 5.4145126342773438, "mean_height": 0.36874178051948547, "std_height": 1.0050768852233887, "count_pixels": 36, "percent_cover": 0.021595033142377252, "percent_above_0.1m": 27.777777777777779, "low_level_<0.5": 11.111111111111111, "mid_level_0.5-2": 11.111111111111111, "tall_2+": 5.5555555555555554 }, "geometry": { "type": "Point", "coordinates": [ -0.229606602517936, 51.615187951024602 ] } },
{ "type": "Feature", "properties": { "max_height": 2.6767578125, "mean_height": 0.16659694910049438, "std_height": 0.49231356382369995, "count_pixels": 41, "percent_cover": 0.024594343301040763, "percent_above_0.1m": 17.073170731707318, "low_level_<0.5": 7.3170731707317067, "mid_level_0.5-2": 7.3170731707317067, "tall_2+": 2.4390243902439024 }, "geometry": { "type": "Point", "coordinates": [ -0.229406571814117, 51.615184934451712 ] } },
{ "type": "Feature", "properties": { "max_height": 0.01050567626953125, "mean_height": 0.001218656194396317, "std_height": 0.0032156992238014936, "count_pixels": 41, "percent_cover": 0.024594343301040763, "percent_above_0.1m": 0.0, "low_level_<0.5": 0.0, "mid_level_0.5-2": 0.0, "tall_2+": 0.0 }, "geometry": { "type": "Point", "coordinates": [ -0.229206541145484, 51.615181917538145 ] } },
{ "type": "Feature", "properties": { "max_height": 3.1027603149414062, "mean_height": 0.22088024020195007, "std_height": 0.65144288539886475, "count_pixels": 42, "percent_cover": 0.025194205332773459, "percent_above_0.1m": 14.285714285714285, "low_level_<0.5": 0.0, "mid_level_0.5-2": 9.5238095238095237, "tall_2+": 4.7619047619047619 }, "geometry": { "type": "Point", "coordinates": [ -0.229006510512047, 51.615178900283908 ] } },
{ "type": "Feature", "properties": { "max_height": 3.2505035400390625, "mean_height": 0.64572435617446899, "std_height": 0.8871687650680542, "count_pixels": 42, "percent_cover": 0.025194205332773459, "percent_above_0.1m": 47.619047619047613, "low_level_<0.5": 9.5238095238095237, "mid_level_0.5-2": 28.571428571428569, "tall_2+": 9.5238095238095237 }, "geometry": { "type": "Point", "coordinates": [ -0.228806479913805, 51.615175882689016 ] } },
{ "type": "Feature", "properties": { "max_height": 3.7782516479492188, "mean_height": 0.43532401323318481, "std_height": 0.79385316371917725, "count_pixels": 43, "percent_cover": 0.025794067364506162, "percent_above_0.1m": 41.860465116279073, "low_level_<0.5": 13.953488372093023, "mid_level_0.5-2": 18.604651162790699, "tall_2+": 6.9767441860465116 }, "geometry": { "type": "Point", "coordinates": [ -0.22860644935077, 51.615172864753433 ] } },
{ "type": "Feature", "properties": { "max_height": 5.9905014038085938, "mean_height": 0.63785743713378906, "std_height": 1.3594444990158081, "count_pixels": 44, "percent_cover": 0.026393929396238865, "percent_above_0.1m": 36.363636363636367, "low_level_<0.5": 6.8181818181818175, "mid_level_0.5-2": 13.636363636363635, "tall_2+": 11.363636363636363 }, "geometry": { "type": "Point", "coordinates": [ -0.228406418822938, 51.615169846477173 ] } },
{ "type": "Feature", "properties": { "max_height": 0.8587493896484375, "mean_height": 0.065889358520507812, "std_height": 0.14237020909786224, "count_pixels": 44, "percent_cover": 0.026393929396238865, "percent_above_0.1m": 22.727272727272727, "low_level_<0.5": 9.0909090909090917, "mid_level_0.5-2": 2.2727272727272729, "tall_2+": 0.0 }, "geometry": { "type": "Point", "coordinates": [ -0.228206388330313, 51.61516682786025 ] } },
{ "type": "Feature", "properties": { "max_height": 2.188751220703125, "mean_height": 0.26306453347206116, "std_height": 0.51502227783203125, "count_pixels": 43, "percent_cover": 0.025794067364506162, "percent_above_0.1m": 32.558139534883722, "low_level_<0.5": 16.279069767441861, "mid_level_0.5-2": 11.627906976744185, "tall_2+": 4.6511627906976747 }, "geometry": { "type": "Point", "coordinates": [ -0.228006357872908, 51.615163808902672 ] } },
{ "type": "Feature", "properties": { "max_height": 5.865753173828125, "mean_height": 0.95294082164764404, "std_height": 1.5142953395843506, "count_pixels": 42, "percent_cover": 0.025194205332773459, "percent_above_0.1m": 59.523809523809526, "low_level_<0.5": 14.285714285714285, "mid_level_0.5-2": 26.190476190476193, "tall_2+": 14.285714285714285 }, "geometry": { "type": "Point", "coordinates": [ -0.22780632745072, 51.615160789604417 ] } },
{ "type": "Feature", "properties": { "max_height": 12.765495300292969, "mean_height": 5.1487202644348145, "std_height": 3.461329460144043, "count_pixels": 42, "percent_cover": 0.025194205332773459, "percent_above_0.1m": 92.857142857142861, "low_level_<0.5": 0.0, "mid_level_0.5-2": 11.904761904761903, "tall_2+": 80.952380952380949 }, "geometry": { "type": "Point", "coordinates": [ -0.227606297063752, 51.615157769965485 ] } },
{ "type": "Feature", "properties": { "max_height": 4.9572525024414062, "mean_height": 0.7242206335067749, "std_height": 1.199457049369812, "count_pixels": 42, "percent_cover": 0.025194205332773459, "percent_above_0.1m": 38.095238095238095, "low_level_<0.5": 7.1428571428571423, "mid_level_0.5-2": 14.285714285714285, "tall_2+": 16.666666666666664 }, "geometry": { "type": "Point", "coordinates": [ -0.22740626671201, 51.615154749985884 ] } },
{ "type": "Feature", "properties": { "max_height": 3.4580001831054688, "mean_height": 0.49099525809288025, "std_height": 0.86432737112045288, "count_pixels": 41, "percent_cover": 0.024594343301040763, "percent_above_0.1m": 51.219512195121951, "low_level_<0.5": 19.512195121951219, "mid_level_0.5-2": 14.634146341463413, "tall_2+": 9.7560975609756095 }, "geometry": { "type": "Point", "coordinates": [ -0.227206236395501, 51.615151729665619 ] } },
{ "type": "Feature", "properties": { "max_height": 7.2742462158203125, "mean_height": 4.1119999885559082, "std_height": 1.8325873613357544, "count_pixels": 40, "percent_cover": 0.02399448126930806, "percent_above_0.1m": 100.0, "low_level_<0.5": 2.5, "mid_level_0.5-2": 10.0, "tall_2+": 85.0 }, "geometry": { "type": "Point", "coordinates": [ -0.22700620611422, 51.615148709004657 ] } },
{ "type": "Feature", "properties": { "max_height": 10.400749206542969, "mean_height": 3.1441953182220459, "std_height": 3.0285782814025879, "count_pixels": 36, "percent_cover": 0.021595033142377252, "percent_above_0.1m": 83.333333333333343, "low_level_<0.5": 8.3333333333333321, "mid_level_0.5-2": 16.666666666666664, "tall_2+": 58.333333333333336 }, "geometry": { "type": "Point", "coordinates": [ -0.226806175868181, 51.615145688003039 ] } },
{ "type": "Feature", "properties": { "max_height": 4.7955093383789062, "mean_height": 0.27133271098136902, "std_height": 0.79362094402313232, "count_pixels": 41, "percent_cover": 0.024594343301040763, "percent_above_0.1m": 29.268292682926827, "low_level_<0.5": 7.3170731707317067, "mid_level_0.5-2": 12.195121951219512, "tall_2+": 2.4390243902439024 }, "geometry": { "type": "Point", "coordinates": [ -0.226606145657382, 51.615142666660766 ] } },
{ "type": "Feature", "properties": { "max_height": 15.4110107421875, "mean_height": 3.7093884944915771, "std_height": 4.4840912818908691, "count_pixels": 41, "percent_cover": 0.024594343301040763, "percent_above_0.1m": 73.170731707317074, "low_level_<0.5": 7.3170731707317067, "mid_level_0.5-2": 17.073170731707318, "tall_2+": 48.780487804878049 }, "geometry": { "type": "Point", "coordinates": [ -0.226406115481835, 51.615139644977823 ] } },
{ "type": "Feature", "properties": { "max_height": 10.938507080078125, "mean_height": 2.0696125030517578, "std_height": 3.0896351337432861, "count_pixels": 42, "percent_cover": 0.025194205332773459, "percent_above_0.1m": 50.0, "low_level_<0.5": 2.3809523809523809, "mid_level_0.5-2": 16.666666666666664, "tall_2+": 30.952380952380953 }, "geometry": { "type": "Point", "coordinates": [ -0.230102485917395, 51.615303333668813 ] } },
{ "type": "Feature", "properties": { "max_height": 8.3217544555664062, "mean_height": 2.5347433090209961, "std_height": 2.428386926651001, "count_pixels": 43, "percent_cover": 0.025794067364506162, "percent_above_0.1m": 81.395348837209298, "low_level_<0.5": 9.3023255813953494, "mid_level_0.5-2": 16.279069767441861, "tall_2+": 51.162790697674424 }, "geometry": { "type": "Point", "coordinates": [ -0.229902454646571, 51.615300317935784 ] } },
{ "type": "Feature", "properties": { "max_height": 5.2242584228515625, "mean_height": 0.95982259511947632, "std_height": 1.365290641784668, "count_pixels": 44, "percent_cover": 0.026393929396238865, "percent_above_0.1m": 54.54545454545454, "low_level_<0.5": 9.0909090909090917, "mid_level_0.5-2": 27.27272727272727, "tall_2+": 18.181818181818183 }, "geometry": { "type": "Point", "coordinates": [ -0.229702423410926, 51.6152973018621 ] } },
{ "type": "Feature", "properties": { "max_height": 2.2047576904296875, "mean_height": 0.05233001708984375, "std_height": 0.33215004205703735, "count_pixels": 43, "percent_cover": 0.025794067364506162, "percent_above_0.1m": 2.3255813953488373, "low_level_<0.5": 0.0, "mid_level_0.5-2": 0.0, "tall_2+": 2.3255813953488373 }, "geometry": { "type": "Point", "coordinates": [ -0.229502392210471, 51.615294285447732 ] } },
{ "type": "Feature", "properties": { "max_height": 0.0655059814453125, "mean_height": 0.0032031037844717503, "std_height": 0.010700075887143612, "count_pixels": 43, "percent_cover": 0.025794067364506162, "percent_above_0.1m": 0.0, "low_level_<0.5": 0.0, "mid_level_0.5-2": 0.0, "tall_2+": 0.0 }, "geometry": { "type": "Point", "coordinates": [ -0.229302361045197, 51.615291268692687 ] } },
{ "type": "Feature", "properties": { "max_height": 4.4632492065429688, "mean_height": 0.25521868467330933, "std_height": 0.83721858263015747, "count_pixels": 42, "percent_cover": 0.025194205332773459, "percent_above_0.1m": 16.666666666666664, "low_level_<0.5": 9.5238095238095237, "mid_level_0.5-2": 0.0, "tall_2+": 7.1428571428571423 }, "geometry": { "type": "Point", "coordinates": [ -0.229102329915117, 51.615288251596972 ] } },
{ "type": "Feature", "properties": { "max_height": 4.219757080078125, "mean_height": 0.56930214166641235, "std_height": 1.1152664422988892, "count_pixels": 42, "percent_cover": 0.025194205332773459, "percent_above_0.1m": 28.571428571428569, "low_level_<0.5": 4.7619047619047619, "mid_level_0.5-2": 9.5238095238095237, "tall_2+": 14.285714285714285 }, "geometry": { "type": "Point", "coordinates": [ -0.228902298820238, 51.615285234160574 ] } },
{ "type": "Feature", "properties": { "max_height": 3.7415084838867188, "mean_height": 0.41267544031143188, "std_height": 0.8793988823890686, "count_pixels": 41, "percent_cover": 0.024594343301040763, "percent_above_0.1m": 26.829268292682929, "low_level_<0.5": 4.8780487804878048, "mid_level_0.5-2": 9.7560975609756095, "tall_2+": 9.7560975609756095 }, "geometry": { "type": "Point", "coordinates": [ -0.228702267760552, 51.615282216383527 ] } },
{ "type": "Feature", "properties": { "max_height": 6.063507080078125, "mean_height": 1.009966254234314, "std_height": 1.4814112186431885, "count_pixels": 40, "percent_cover": 0.02399448126930806, "percent_above_0.1m": 57.5, "low_level_<0.5": 15.0, "mid_level_0.5-2": 17.5, "tall_2+": 20.0 }, "geometry": { "type": "Point", "coordinates": [ -0.228502236736075, 51.615279198265782 ] } },
{ "type": "Feature", "properties": { "max_height": 9.4295120239257812, "mean_height": 1.6373600959777832, "std_height": 2.139747142791748, "count_pixels": 36, "percent_cover": 0.021595033142377252, "percent_above_0.1m": 61.111111111111114, "low_level_<0.5": 13.888888888888889, "mid_level_0.5-2": 11.111111111111111, "tall_2+": 36.111111111111107 }, "geometry": { "type": "Point", "coordinates": [ -0.228302205746807, 51.615276179807367 ] } },
{ "type": "Feature", "properties": { "max_height": 2.1500015258789062, "mean_height": 0.17989864945411682, "std_height": 0.42218074202537537, "count_pixels": 40, "percent_cover": 0.02399448126930806, "percent_above_0.1m": 27.5, "low_level_<0.5": 12.5, "mid_level_0.5-2": 5.0, "tall_2+": 2.5 }, "geometry": { "type": "Point", "coordinates": [ -0.22810217479275, 51.615273161008304 ] } },
{ "type": "Feature", "properties": { "max_height": 6.54925537109375, "mean_height": 1.0801342725753784, "std_height": 1.6070468425750732, "count_pixels": 41, "percent_cover": 0.024594343301040763, "percent_above_0.1m": 53.658536585365859, "low_level_<0.5": 9.7560975609756095, "mid_level_0.5-2": 14.634146341463413, "tall_2+": 24.390243902439025 }, "geometry": { "type": "Point", "coordinates": [ -0.227902143873908, 51.61527014186855 ] } },
{ "type": "Feature", "properties": { "max_height": 9.3935012817382812, "mean_height": 2.04327392578125, "std_height": 2.2524087429046631, "count_pixels": 42, "percent_cover": 0.025194205332773459, "percent_above_0.1m": 83.333333333333343, "low_level_<0.5": 14.285714285714285, "mid_level_0.5-2": 30.952380952380953, "tall_2+": 38.095238095238095 }, "geometry": { "type": "Point", "coordinates": [ -0.22770211299029, 51.615267122388126 ] } },
{ "type": "Feature", "properties": { "max_height": 7.891998291015625, "mean_height": 1.2818697690963745, "std_height": 2.1713356971740723, "count_pixels": 42, "percent_cover": 0.025194205332773459, "percent_above_0.1m": 35.714285714285715, "low_level_<0.5": 4.7619047619047619, "mid_level_0.5-2": 4.7619047619047619, "tall_2+": 26.190476190476193 }, "geometry": { "type": "Point", "coordinates": [ -0.227502082141893, 51.615264102567039 ] } },
{ "type": "Feature", "properties": { "max_height": 6.88800048828125, "mean_height": 1.0594762563705444, "std_height": 1.5631723403930664, "count_pixels": 42, "percent_cover": 0.025194205332773459, "percent_above_0.1m": 59.523809523809526, "low_level_<0.5": 11.904761904761903, "mid_level_0.5-2": 28.571428571428569, "tall_2+": 19.047619047619047 }, "geometry": { "type": "Point", "coordinates": [ -0.227302051328724, 51.615261082405269 ] } },
{ "type": "Feature", "properties": { "max_height": 8.1094970703125, "mean_height": 3.1667025089263916, "std_height": 2.3805642127990723, "count_pixels": 43, "percent_cover": 0.025794067364506162, "percent_above_0.1m": 90.697674418604649, "low_level_<0.5": 4.6511627906976747, "mid_level_0.5-2": 23.255813953488371, "tall_2+": 62.790697674418603 }, "geometry": { "type": "Point", "coordinates": [ -0.227102020550789, 51.615258061902821 ] } },
{ "type": "Feature", "properties": { "max_height": 10.805000305175781, "mean_height": 4.6064562797546387, "std_height": 3.0742442607879639, "count_pixels": 44, "percent_cover": 0.026393929396238865, "percent_above_0.1m": 90.909090909090907, "low_level_<0.5": 6.8181818181818175, "mid_level_0.5-2": 13.636363636363635, "tall_2+": 70.454545454545453 }, "geometry": { "type": "Point", "coordinates": [ -0.226901989808091, 51.615255041059704 ] } },
{ "type": "Feature", "properties": { "max_height": 11.584251403808594, "mean_height": 3.0796332359313965, "std_height": 3.3336501121520996, "count_pixels": 43, "percent_cover": 0.025794067364506162, "percent_above_0.1m": 65.116279069767444, "low_level_<0.5": 4.6511627906976747, "mid_level_0.5-2": 13.953488372093023, "tall_2+": 46.511627906976742 }, "geometry": { "type": "Point", "coordinates": [ -0.226701959100631, 51.615252019875932 ] } },
{ "type": "Feature", "properties": { "max_height": 11.590003967285156, "mean_height": 4.0652713775634766, "std_height": 2.8534648418426514, "count_pixels": 43, "percent_cover": 0.025794067364506162, "percent_above_0.1m": 95.348837209302332, "low_level_<0.5": 6.9767441860465116, "mid_level_0.5-2": 16.279069767441861, "tall_2+": 72.093023255813947 }, "geometry": { "type": "Point", "coordinates": [ -0.226501928428414, 51.615248998351476 ] } },
{ "type": "Feature", "properties": { "max_height": 10.591255187988281, "mean_height": 3.1972067356109619, "std_height": 3.1246402263641357, "count_pixels": 41, "percent_cover": 0.024594343301040763, "percent_above_0.1m": 68.292682926829272, "low_level_<0.5": 2.4390243902439024, "mid_level_0.5-2": 12.195121951219512, "tall_2+": 53.658536585365859 }, "geometry": { "type": "Point", "coordinates": [ -0.22999827649764, 51.615409668539186 ] } },
{ "type": "Feature", "properties": { "max_height": 7.8482589721679688, "mean_height": 1.7441551685333252, "std_height": 2.5720877647399902, "count_pixels": 40, "percent_cover": 0.02399448126930806, "percent_above_0.1m": 60.0, "low_level_<0.5": 12.5, "mid_level_0.5-2": 17.5, "tall_2+": 25.0 }, "geometry": { "type": "Point", "coordinates": [ -0.229798244765356, 51.61540665262401 ] } },
{ "type": "Feature", "properties": { "max_height": 1.68975830078125, "mean_height": 0.43613603711128235, "std_height": 0.45479404926300049, "count_pixels": 36, "percent_cover": 0.021595033142377252, "percent_above_0.1m": 61.111111111111114, "low_level_<0.5": 8.3333333333333321, "mid_level_0.5-2": 47.222222222222221, "tall_2+": 0.0 }, "geometry": { "type": "Point", "coordinates": [ -0.229598213068259, 51.615403636368157 ] } },
{ "type": "Feature", "properties": { "max_height": 6.2297515869140625, "mean_height": 0.53332275152206421, "std_height": 1.4477881193161011, "count_pixels": 41, "percent_cover": 0.024594343301040763, "percent_above_0.1m": 34.146341463414636, "low_level_<0.5": 19.512195121951219, "mid_level_0.5-2": 2.4390243902439024, "tall_2+": 9.7560975609756095 }, "geometry": { "type": "Point", "coordinates": [ -0.229398181406347, 51.615400619771634 ] } },
{ "type": "Feature", "properties": { "max_height": 4.68701171875, "mean_height": 1.0476698875427246, "std_height": 1.3792687654495239, "count_pixels": 41, "percent_cover": 0.024594343301040763, "percent_above_0.1m": 58.536585365853654, "low_level_<0.5": 9.7560975609756095, "mid_level_0.5-2": 24.390243902439025, "tall_2+": 21.951219512195124 }, "geometry": { "type": "Point", "coordinates": [ -0.229198149779622, 51.615397602834413 ] } },
{ "type": "Feature", "properties": { "max_height": 5.0357589721679688, "mean_height": 0.41034463047981262, "std_height": 1.077513575553894, "count_pixels": 42, "percent_cover": 0.025194205332773459, "percent_above_0.1m": 19.047619047619047, "low_level_<0.5": 2.3809523809523809, "mid_level_0.5-2": 4.7619047619047619, "tall_2+": 11.904761904761903 }, "geometry": { "type": "Point", "coordinates": [ -0.228998118188094, 51.615394585556565 ] } },
{ "type": "Feature", "properties": { "max_height": 10.076004028320312, "mean_height": 1.7381057739257812, "std_height": 2.4623105525970459, "count_pixels": 42, "percent_cover": 0.025194205332773459, "percent_above_0.1m": 61.904761904761905, "low_level_<0.5": 9.5238095238095237, "mid_level_0.5-2": 23.809523809523807, "tall_2+": 28.571428571428569 }, "geometry": { "type": "Point", "coordinates": [ -0.228798086631769, 51.615391567938012 ] } },
{ "type": "Feature", "properties": { "max_height": 7.3187484741210938, "mean_height": 1.7017598152160645, "std_height": 2.103710412979126, "count_pixels": 43, "percent_cover": 0.025794067364506162, "percent_above_0.1m": 55.813953488372093, "low_level_<0.5": 4.6511627906976747, "mid_level_0.5-2": 13.953488372093023, "tall_2+": 37.209302325581397 }, "geometry": { "type": "Point", "coordinates": [ -0.228598055110641, 51.615388549978796 ] } },
{ "type": "Feature", "properties": { "max_height": 1.0157623291015625, "mean_height": 0.096237704157829285, "std_height": 0.20773512125015259, "count_pixels": 44, "percent_cover": 0.026393929396238865, "percent_above_0.1m": 27.27272727272727, "low_level_<0.5": 18.181818181818183, "mid_level_0.5-2": 4.5454545454545459, "tall_2+": 0.0 }, "geometry": { "type": "Point", "coordinates": [ -0.22839802362472, 51.615385531678896 ] } },
{ "type": "Feature", "properties": { "max_height": 2.248504638671875, "mean_height": 0.12373837828636169, "std_height": 0.38792580366134644, "count_pixels": 44, "percent_cover": 0.026393929396238865, "percent_above_0.1m": 13.636363636363635, "low_level_<0.5": 4.5454545454545459, "mid_level_0.5-2": 6.8181818181818175, "tall_2+": 2.2727272727272729 }, "geometry": { "type": "Point", "coordinates": [ -0.228197992174013, 51.615382513038341 ] } },
{ "type": "Feature", "properties": { "max_height": 9.1075057983398438, "mean_height": 0.82070726156234741, "std_height": 1.7515082359313965, "count_pixels": 43, "percent_cover": 0.025794067364506162, "percent_above_0.1m": 37.209302325581397, "low_level_<0.5": 11.627906976744185, "mid_level_0.5-2": 11.627906976744185, "tall_2+": 13.953488372093023 }, "geometry": { "type": "Point", "coordinates": [ -0.227997960758518, 51.615379494057102 ] } },
{ "type": "Feature", "properties": { "max_height": 8.0724945068359375, "mean_height": 1.0461622476577759, "std_height": 1.6944289207458496, "count_pixels": 42, "percent_cover": 0.025194205332773459, "percent_above_0.1m": 50.0, "low_level_<0.5": 7.1428571428571423, "mid_level_0.5-2": 26.190476190476193, "tall_2+": 14.285714285714285 }, "geometry": { "type": "Point", "coordinates": [ -0.227797929378243, 51.615376474735193 ] } },
{ "type": "Feature", "properties": { "max_height": 7.4724960327148438, "mean_height": 2.6798455715179443, "std_height": 1.9882904291152954, "count_pixels": 42, "percent_cover": 0.025194205332773459, "percent_above_0.1m": 92.857142857142861, "low_level_<0.5": 2.3809523809523809, "mid_level_0.5-2": 30.952380952380953, "tall_2+": 57.142857142857139 }, "geometry": { "type": "Point", "coordinates": [ -0.227597898033191, 51.615373455072593 ] } },
{ "type": "Feature", "properties": { "max_height": 6.2297439575195312, "mean_height": 1.8398219347000122, "std_height": 2.117621898651123, "count_pixels": 42, "percent_cover": 0.025194205332773459, "percent_above_0.1m": 64.285714285714292, "low_level_<0.5": 9.5238095238095237, "mid_level_0.5-2": 21.428571428571427, "tall_2+": 33.333333333333329 }, "geometry": { "type": "Point", "coordinates": [ -0.227397866723362, 51.61537043506933 ] } },
{ "type": "Feature", "properties": { "max_height": 10.069747924804688, "mean_height": 1.9661409854888916, "std_height": 2.7951192855834961, "count_pixels": 41, "percent_cover": 0.024594343301040763, "percent_above_0.1m": 58.536585365853654, "low_level_<0.5": 4.8780487804878048, "mid_level_0.5-2": 21.951219512195124, "tall_2+": 29.268292682926827 }, "geometry": { "type": "Point", "coordinates": [ -0.227197835448766, 51.615367414725405 ] } },
{ "type": "Feature", "properties": { "max_height": 13.052505493164062, "mean_height": 3.6050422191619873, "std_height": 3.2721073627471924, "count_pixels": 40, "percent_cover": 0.02399448126930806, "percent_above_0.1m": 90.0, "low_level_<0.5": 7.5, "mid_level_0.5-2": 20.0, "tall_2+": 60.0 }, "geometry": { "type": "Point", "coordinates": [ -0.226997804209407, 51.615364394040796 ] } },
{ "type": "Feature", "properties": { "max_height": 11.496757507324219, "mean_height": 2.787761926651001, "std_height": 3.0076115131378174, "count_pixels": 36, "percent_cover": 0.021595033142377252, "percent_above_0.1m": 75.0, "low_level_<0.5": 11.111111111111111, "mid_level_0.5-2": 19.444444444444446, "tall_2+": 44.444444444444443 }, "geometry": { "type": "Point", "coordinates": [ -0.226797773005282, 51.615361373015517 ] } },
{ "type": "Feature", "properties": { "max_height": 10.692008972167969, "mean_height": 3.2468342781066895, "std_height": 2.9142484664916992, "count_pixels": 41, "percent_cover": 0.024594343301040763, "percent_above_0.1m": 92.682926829268297, "low_level_<0.5": 7.3170731707317067, "mid_level_0.5-2": 26.829268292682929, "tall_2+": 53.658536585365859 }, "geometry": { "type": "Point", "coordinates": [ -0.226597741836402, 51.615358351649562 ] } },
{ "type": "Feature", "properties": { "max_height": 14.160003662109375, "mean_height": 4.5274820327758789, "std_height": 4.5745997428894043, "count_pixels": 42, "percent_cover": 0.025194205332773459, "percent_above_0.1m": 66.666666666666657, "low_level_<0.5": 2.3809523809523809, "mid_level_0.5-2": 7.1428571428571423, "tall_2+": 54.761904761904766 }, "geometry": { "type": "Point", "coordinates": [ -0.230094098810152, 51.615519019066966 ] } },
{ "type": "Feature", "properties": { "max_height": 12.763755798339844, "mean_height": 4.7421631813049316, "std_height": 3.4912168979644775, "count_pixels": 43, "percent_cover": 0.025794067364506162, "percent_above_0.1m": 90.697674418604649, "low_level_<0.5": 0.0, "mid_level_0.5-2": 16.279069767441861, "tall_2+": 69.767441860465112 }, "geometry": { "type": "Point", "coordinates": [ -0.229894066581228, 51.615516003310319 ] } },
{ "type": "Feature", "properties": { "max_height": 9.6095046997070312, "mean_height": 3.3518922328948975, "std_height": 3.3969509601593018, "count_pixels": 44, "percent_cover": 0.026393929396238865, "percent_above_0.1m": 75.0, "low_level_<0.5": 11.363636363636363, "mid_level_0.5-2": 11.363636363636363, "tall_2+": 50.0 }, "geometry": { "type": "Point", "coordinates": [ -0.229694034387489, 51.615512987212981 ] } },
{ "type": "Feature", "properties": { "max_height": 8.9800033569335938, "mean_height": 1.2545866966247559, "std_height": 2.3195898532867432, "count_pixels": 43, "percent_cover": 0.025794067364506162, "percent_above_0.1m": 46.511627906976742, "low_level_<0.5": 11.627906976744185, "mid_level_0.5-2": 9.3023255813953494, "tall_2+": 20.930232558139537 }, "geometry": { "type": "Point", "coordinates": [ -0.229494002228929, 51.615509970774987 ] } },
{ "type": "Feature", "properties": { "max_height": 11.545257568359375, "mean_height": 3.2121975421905518, "std_height": 3.0218551158905029, "count_pixels": 43, "percent_cover": 0.025794067364506162, "percent_above_0.1m": 79.069767441860463, "low_level_<0.5": 6.9767441860465116, "mid_level_0.5-2": 11.627906976744185, "tall_2+": 60.465116279069761 }, "geometry": { "type": "Point", "coordinates": [ -0.229293970105565, 51.615506953996309 ] } },
{ "type": "Feature", "properties": { "max_height": 8.4135055541992188, "mean_height": 1.7280172109603882, "std_height": 2.3938658237457275, "count_pixels": 42, "percent_cover": 0.025194205332773459, "percent_above_0.1m": 50.0, "low_level_<0.5": 2.3809523809523809, "mid_level_0.5-2": 14.285714285714285, "tall_2+": 33.333333333333329 }, "geometry": { "type": "Point", "coordinates": [ -0.229093938017388, 51.615503936876955 ] } },
{ "type": "Feature", "properties": { "max_height": 7.6217575073242188, "mean_height": 1.1657431125640869, "std_height": 1.8749308586120605, "count_pixels": 42, "percent_cover": 0.025194205332773459, "percent_above_0.1m": 47.619047619047613, "low_level_<0.5": 4.7619047619047619, "mid_level_0.5-2": 21.428571428571427, "tall_2+": 19.047619047619047 }, "geometry": { "type": "Point", "coordinates": [ -0.228893905964413, 51.615500919416924 ] } },
{ "type": "Feature", "properties": { "max_height": 10.660758972167969, "mean_height": 2.0750291347503662, "std_height": 2.9084985256195068, "count_pixels": 41, "percent_cover": 0.024594343301040763, "percent_above_0.1m": 58.536585365853654, "low_level_<0.5": 4.8780487804878048, "mid_level_0.5-2": 21.951219512195124, "tall_2+": 31.707317073170731 }, "geometry": { "type": "Point", "coordinates": [ -0.228693873946631, 51.615497901616223 ] } },
{ "type": "Feature", "properties": { "max_height": 12.196258544921875, "mean_height": 1.0244054794311523, "std_height": 2.3842489719390869, "count_pixels": 40, "percent_cover": 0.02399448126930806, "percent_above_0.1m": 42.5, "low_level_<0.5": 10.0, "mid_level_0.5-2": 17.5, "tall_2+": 12.5 }, "geometry": { "type": "Point", "coordinates": [ -0.228493841964062, 51.615494883474838 ] } },
{ "type": "Feature", "properties": { "max_height": 5.2970123291015625, "mean_height": 1.0928870439529419, "std_height": 1.5176326036453247, "count_pixels": 36, "percent_cover": 0.021595033142377252, "percent_above_0.1m": 52.777777777777779, "low_level_<0.5": 8.3333333333333321, "mid_level_0.5-2": 22.222222222222221, "tall_2+": 22.222222222222221 }, "geometry": { "type": "Point", "coordinates": [ -0.2282938100167, 51.615491864992798 ] } },
{ "type": "Feature", "properties": { "max_height": 0.03325653076171875, "mean_height": 0.0012804031139239669, "std_height": 0.0076339519582688808, "count_pixels": 40, "percent_cover": 0.02399448126930806, "percent_above_0.1m": 0.0, "low_level_<0.5": 0.0, "mid_level_0.5-2": 0.0, "tall_2+": 0.0 }, "geometry": { "type": "Point", "coordinates": [ -0.228093778104549, 51.615488846170059 ] } },
{ "type": "Feature", "properties": { "max_height": 6.8627548217773438, "mean_height": 0.48855963349342346, "std_height": 1.3336002826690674, "count_pixels": 41, "percent_cover": 0.024594343301040763, "percent_above_0.1m": 24.390243902439025, "low_level_<0.5": 2.4390243902439024, "mid_level_0.5-2": 4.8780487804878048, "tall_2+": 12.195121951219512 }, "geometry": { "type": "Point", "coordinates": [ -0.227893746227615, 51.615485827006658 ] } },
{ "type": "Feature", "properties": { "max_height": 13.093505859375, "mean_height": 4.3219246864318848, "std_height": 3.807274341583252, "count_pixels": 42, "percent_cover": 0.025194205332773459, "percent_above_0.1m": 88.095238095238088, "low_level_<0.5": 4.7619047619047619, "mid_level_0.5-2": 14.285714285714285, "tall_2+": 66.666666666666657 }, "geometry": { "type": "Point", "coordinates": [ -0.227693714385904, 51.615482807502588 ] } },
{ "type": "Feature", "properties": { "max_height": 11.963005065917969, "mean_height": 2.5005481243133545, "std_height": 3.5194113254547119, "count_pixels": 42, "percent_cover": 0.025194205332773459, "percent_above_0.1m": 59.523809523809526, "low_level_<0.5": 4.7619047619047619, "mid_level_0.5-2": 16.666666666666664, "tall_2+": 35.714285714285715 }, "geometry": { "type": "Point", "coordinates": [ -0.227493682579416, 51.61547978765784 ] } },
{ "type": "Feature", "properties": { "max_height": 5.831756591796875, "mean_height": 0.3232879638671875, "std_height": 1.2149491310119629, "count_pixels": 42, "percent_cover": 0.025194205332773459, "percent_above_0.1m": 11.904761904761903, "low_level_<0.5": 2.3809523809523809, "mid_level_0.5-2": 4.7619047619047619, "tall_2+": 4.7619047619047619 }, "geometry": { "type": "Point", "coordinates": [ -0.227293650808157, 51.615476767472401 ] } },
{ "type": "Feature", "properties": { "max_height": 8.1445083618164062, "mean_height": 2.681121826171875, "std_height": 1.9781645536422729, "count_pixels": 43, "percent_cover": 0.025794067364506162, "percent_above_0.1m": 88.372093023255815, "low_level_<0.5": 4.6511627906976747, "mid_level_0.5-2": 20.930232558139537, "tall_2+": 62.790697674418603 }, "geometry": { "type": "Point", "coordinates": [ -0.227093619072133, 51.615473746946314 ] } },
{ "type": "Feature", "properties": { "max_height": 16.182754516601562, "mean_height": 5.0829434394836426, "std_height": 4.9333176612854004, "count_pixels": 44, "percent_cover": 0.026393929396238865, "percent_above_0.1m": 88.63636363636364, "low_level_<0.5": 9.0909090909090917, "mid_level_0.5-2": 20.454545454545457, "tall_2+": 52.272727272727273 }, "geometry": { "type": "Point", "coordinates": [ -0.226893587371343, 51.615470726079522 ] } },
{ "type": "Feature", "properties": { "max_height": 7.9735107421875, "mean_height": 1.9819532632827759, "std_height": 1.8841109275817871, "count_pixels": 43, "percent_cover": 0.025794067364506162, "percent_above_0.1m": 95.348837209302332, "low_level_<0.5": 11.627906976744185, "mid_level_0.5-2": 44.186046511627907, "tall_2+": 37.209302325581397 }, "geometry": { "type": "Point", "coordinates": [ -0.226693555705797, 51.615467704872074 ] } },
{ "type": "Feature", "properties": { "max_height": 16.135505676269531, "mean_height": 9.0116691589355469, "std_height": 3.9061543941497803, "count_pixels": 41, "percent_cover": 0.024594343301040763, "percent_above_0.1m": 100.0, "low_level_<0.5": 2.4390243902439024, "mid_level_0.5-2": 2.4390243902439024, "tall_2+": 95.121951219512198 }, "geometry": { "type": "Point", "coordinates": [ -0.229989888858549, 51.615625353921033 ] } },
{ "type": "Feature", "properties": { "max_height": 13.687507629394531, "mean_height": 5.0940680503845215, "std_height": 3.1320409774780273, "count_pixels": 40, "percent_cover": 0.02399448126930806, "percent_above_0.1m": 97.5, "low_level_<0.5": 5.0, "mid_level_0.5-2": 5.0, "tall_2+": 87.5 }, "geometry": { "type": "Point", "coordinates": [ -0.229789856168163, 51.615622337982245 ] } },
{ "type": "Feature", "properties": { "max_height": 10.205009460449219, "mean_height": 1.3436508178710938, "std_height": 2.459397554397583, "count_pixels": 36, "percent_cover": 0.021595033142377252, "percent_above_0.1m": 63.888888888888886, "low_level_<0.5": 13.888888888888889, "mid_level_0.5-2": 22.222222222222221, "tall_2+": 19.444444444444446 }, "geometry": { "type": "Point", "coordinates": [ -0.229589823512957, 51.615619321702752 ] } },
{ "type": "Feature", "properties": { "max_height": 7.7600021362304688, "mean_height": 1.2325843572616577, "std_height": 2.0051171779632568, "count_pixels": 41, "percent_cover": 0.024594343301040763, "percent_above_0.1m": 58.536585365853654, "low_level_<0.5": 14.634146341463413, "mid_level_0.5-2": 29.268292682926827, "tall_2+": 14.634146341463413 }, "geometry": { "type": "Point", "coordinates": [ -0.229389790892945, 51.615616305082604 ] } },
{ "type": "Feature", "properties": { "max_height": 9.488006591796875, "mean_height": 1.2282662391662598, "std_height": 2.4491720199584961, "count_pixels": 41, "percent_cover": 0.024594343301040763, "percent_above_0.1m": 58.536585365853654, "low_level_<0.5": 24.390243902439025, "mid_level_0.5-2": 7.3170731707317067, "tall_2+": 19.512195121951219 }, "geometry": { "type": "Point", "coordinates": [ -0.22918975830812, 51.615613288121764 ] } },
{ "type": "Feature", "properties": { "max_height": 13.482261657714844, "mean_height": 3.7861430644989014, "std_height": 3.9063010215759277, "count_pixels": 42, "percent_cover": 0.025194205332773459, "percent_above_0.1m": 66.666666666666657, "low_level_<0.5": 4.7619047619047619, "mid_level_0.5-2": 7.1428571428571423, "tall_2+": 54.761904761904766 }, "geometry": { "type": "Point", "coordinates": [ -0.228989725758492, 51.615610270820262 ] } },
{ "type": "Feature", "properties": { "max_height": 13.583000183105469, "mean_height": 2.2021832466125488, "std_height": 3.707489013671875, "count_pixels": 42, "percent_cover": 0.025194205332773459, "percent_above_0.1m": 38.095238095238095, "low_level_<0.5": 2.3809523809523809, "mid_level_0.5-2": 4.7619047619047619, "tall_2+": 28.571428571428569 }, "geometry": { "type": "Point", "coordinates": [ -0.228789693244058, 51.615607253178062 ] } },
{ "type": "Feature", "properties": { "max_height": 8.2192611694335938, "mean_height": 0.80033111572265625, "std_height": 1.8881640434265137, "count_pixels": 43, "percent_cover": 0.025794067364506162, "percent_above_0.1m": 25.581395348837212, "low_level_<0.5": 2.3255813953488373, "mid_level_0.5-2": 9.3023255813953494, "tall_2+": 13.953488372093023 }, "geometry": { "type": "Point", "coordinates": [ -0.228589660764837, 51.615604235195214 ] } },
{ "type": "Feature", "properties": { "max_height": 10.07501220703125, "mean_height": 1.6135109663009644, "std_height": 2.5350761413574219, "count_pixels": 44, "percent_cover": 0.026393929396238865, "percent_above_0.1m": 63.636363636363633, "low_level_<0.5": 15.909090909090908, "mid_level_0.5-2": 18.181818181818183, "tall_2+": 27.27272727272727 }, "geometry": { "type": "Point", "coordinates": [ -0.228389628320813, 51.615601216871674 ] } },
{ "type": "Feature", "properties": { "max_height": 8.8547592163085938, "mean_height": 1.5621696710586548, "std_height": 2.2053687572479248, "count_pixels": 44, "percent_cover": 0.026393929396238865, "percent_above_0.1m": 52.272727272727273, "low_level_<0.5": 6.8181818181818175, "mid_level_0.5-2": 13.636363636363635, "tall_2+": 31.818181818181817 }, "geometry": { "type": "Point", "coordinates": [ -0.228189595912007, 51.615598198207451 ] } },
{ "type": "Feature", "properties": { "max_height": 10.538002014160156, "mean_height": 3.0145518779754639, "std_height": 2.9857857227325439, "count_pixels": 43, "percent_cover": 0.025794067364506162, "percent_above_0.1m": 72.093023255813947, "low_level_<0.5": 0.0, "mid_level_0.5-2": 11.627906976744185, "tall_2+": 53.488372093023251 }, "geometry": { "type": "Point", "coordinates": [ -0.227989563538413, 51.615595179202565 ] } },
{ "type": "Feature", "properties": { "max_height": 13.837753295898438, "mean_height": 4.0030102729797363, "std_height": 3.0171897411346436, "count_pixels": 42, "percent_cover": 0.025194205332773459, "percent_above_0.1m": 88.095238095238088, "low_level_<0.5": 2.3809523809523809, "mid_level_0.5-2": 14.285714285714285, "tall_2+": 71.428571428571431 }, "geometry": { "type": "Point", "coordinates": [ -0.227789531200039, 51.615592159857002 ] } },
{ "type": "Feature", "properties": { "max_height": 15.754501342773438, "mean_height": 7.5052242279052734, "std_height": 5.1149749755859375, "count_pixels": 42, "percent_cover": 0.025194205332773459, "percent_above_0.1m": 90.476190476190482, "low_level_<0.5": 4.7619047619047619, "mid_level_0.5-2": 4.7619047619047619, "tall_2+": 80.952380952380949 }, "geometry": { "type": "Point", "coordinates": [ -0.22758949889689, 51.615589140170755 ] } },
{ "type": "Feature", "properties": { "max_height": 9.2567596435546875, "mean_height": 1.2652781009674072, "std_height": 2.1552829742431641, "count_pixels": 42, "percent_cover": 0.025194205332773459, "percent_above_0.1m": 45.238095238095241, "low_level_<0.5": 4.7619047619047619, "mid_level_0.5-2": 19.047619047619047, "tall_2+": 21.428571428571427 }, "geometry": { "type": "Point", "coordinates": [ -0.227389466628969, 51.615586120143838 ] } },
{ "type": "Feature", "properties": { "max_height": 8.3832550048828125, "mean_height": 0.44383445382118225, "std_height": 1.408422589302063, "count_pixels": 41, "percent_cover": 0.024594343301040763, "percent_above_0.1m": 31.707317073170731, "low_level_<0.5": 14.634146341463413, "mid_level_0.5-2": 12.195121951219512, "tall_2+": 4.8780487804878048 }, "geometry": { "type": "Point", "coordinates": [ -0.227189434396271, 51.615583099776238 ] } },
{ "type": "Feature", "properties": { "max_height": 3.7997589111328125, "mean_height": 0.59872281551361084, "std_height": 1.0474233627319336, "count_pixels": 40, "percent_cover": 0.02399448126930806, "percent_above_0.1m": 40.0, "low_level_<0.5": 10.0, "mid_level_0.5-2": 10.0, "tall_2+": 15.0 }, "geometry": { "type": "Point", "coordinates": [ -0.226989402198819, 51.615580079067975 ] } },
{ "type": "Feature", "properties": { "max_height": 11.971260070800781, "mean_height": 2.9540467262268066, "std_height": 2.6145999431610107, "count_pixels": 36, "percent_cover": 0.021595033142377252, "percent_above_0.1m": 88.888888888888886, "low_level_<0.5": 2.7777777777777777, "mid_level_0.5-2": 30.555555555555557, "tall_2+": 55.555555555555557 }, "geometry": { "type": "Point", "coordinates": [ -0.226789370036597, 51.615577058019014 ] } },
{ "type": "Feature", "properties": { "max_height": 11.466506958007812, "mean_height": 5.1460781097412109, "std_height": 2.7773070335388184, "count_pixels": 41, "percent_cover": 0.024594343301040763, "percent_above_0.1m": 95.121951219512198, "low_level_<0.5": 0.0, "mid_level_0.5-2": 9.7560975609756095, "tall_2+": 85.365853658536579 }, "geometry": { "type": "Point", "coordinates": [ -0.226589337909625, 51.615574036629397 ] } },
{ "type": "Feature", "properties": { "max_height": 18.620506286621094, "mean_height": 7.9171252250671387, "std_height": 5.9368600845336914, "count_pixels": 42, "percent_cover": 0.025194205332773459, "percent_above_0.1m": 78.571428571428569, "low_level_<0.5": 0.0, "mid_level_0.5-2": 4.7619047619047619, "tall_2+": 73.80952380952381 }, "geometry": { "type": "Point", "coordinates": [ -0.230085711597319, 51.615734704456166 ] } },
{ "type": "Feature", "properties": { "max_height": 16.908760070800781, "mean_height": 8.2280759811401367, "std_height": 5.0836348533630371, "count_pixels": 43, "percent_cover": 0.025794067364506162, "percent_above_0.1m": 88.372093023255815, "low_level_<0.5": 0.0, "mid_level_0.5-2": 4.6511627906976747, "tall_2+": 83.720930232558146 }, "geometry": { "type": "Point", "coordinates": [ -0.229885678410284, 51.615731688675886 ] } },
{ "type": "Feature", "properties": { "max_height": 17.23626708984375, "mean_height": 9.029353141784668, "std_height": 4.1750998497009277, "count_pixels": 44, "percent_cover": 0.026393929396238865, "percent_above_0.1m": 100.0, "low_level_<0.5": 0.0, "mid_level_0.5-2": 4.5454545454545459, "tall_2+": 95.454545454545453 }, "geometry": { "type": "Point", "coordinates": [ -0.229685645258434, 51.61572867255493 ] } },
{ "type": "Feature", "properties": { "max_height": 12.418258666992188, "mean_height": 4.7738313674926758, "std_height": 3.1426920890808105, "count_pixels": 43, "percent_cover": 0.025794067364506162, "percent_above_0.1m": 100.0, "low_level_<0.5": 9.3023255813953494, "mid_level_0.5-2": 11.627906976744185, "tall_2+": 76.744186046511629 }, "geometry": { "type": "Point", "coordinates": [ -0.229485612141768, 51.615725656093304 ] } },
{ "type": "Feature", "properties": { "max_height": 14.728759765625, "mean_height": 4.6102261543273926, "std_height": 4.8253722190856934, "count_pixels": 43, "percent_cover": 0.025794067364506162, "percent_above_0.1m": 69.767441860465112, "low_level_<0.5": 4.6511627906976747, "mid_level_0.5-2": 9.3023255813953494, "tall_2+": 55.813953488372093 }, "geometry": { "type": "Point", "coordinates": [ -0.229285579060291, 51.615722639290972 ] } },
{ "type": "Feature", "properties": { "max_height": 14.218505859375, "mean_height": 5.0074934959411621, "std_height": 4.5295934677124023, "count_pixels": 42, "percent_cover": 0.025194205332773459, "percent_above_0.1m": 78.571428571428569, "low_level_<0.5": 2.3809523809523809, "mid_level_0.5-2": 16.666666666666664, "tall_2+": 59.523809523809526 }, "geometry": { "type": "Point", "coordinates": [ -0.229085546014012, 51.615719622147992 ] } },
{ "type": "Feature", "properties": { "max_height": 14.249755859375, "mean_height": 4.7310891151428223, "std_height": 3.8511693477630615, "count_pixels": 42, "percent_cover": 0.025194205332773459, "percent_above_0.1m": 92.857142857142861, "low_level_<0.5": 7.1428571428571423, "mid_level_0.5-2": 11.904761904761903, "tall_2+": 69.047619047619051 }, "geometry": { "type": "Point", "coordinates": [ -0.228885513002922, 51.615716604664321 ] } },
{ "type": "Feature", "properties": { "max_height": 11.135002136230469, "mean_height": 1.1452122926712036, "std_height": 2.4276018142700195, "count_pixels": 41, "percent_cover": 0.024594343301040763, "percent_above_0.1m": 43.902439024390247, "low_level_<0.5": 9.7560975609756095, "mid_level_0.5-2": 9.7560975609756095, "tall_2+": 17.073170731707318 }, "geometry": { "type": "Point", "coordinates": [ -0.22868548002704, 51.615713586839981 ] } },
{ "type": "Feature", "properties": { "max_height": 15.876007080078125, "mean_height": 7.7559804916381836, "std_height": 3.6001987457275391, "count_pixels": 40, "percent_cover": 0.02399448126930806, "percent_above_0.1m": 100.0, "low_level_<0.5": 0.0, "mid_level_0.5-2": 7.5, "tall_2+": 92.5 }, "geometry": { "type": "Point", "coordinates": [ -0.228485447086365, 51.615710568674963 ] } },
{ "type": "Feature", "properties": { "max_height": 17.311264038085938, "mean_height": 7.7861156463623047, "std_height": 4.084874153137207, "count_pixels": 36, "percent_cover": 0.021595033142377252, "percent_above_0.1m": 100.0, "low_level_<0.5": 2.7777777777777777, "mid_level_0.5-2": 5.5555555555555554, "tall_2+": 91.666666666666657 }, "geometry": { "type": "Point", "coordinates": [ -0.228285414180894, 51.615707550169262 ] } },
{ "type": "Feature", "properties": { "max_height": 13.270751953125, "mean_height": 4.2436552047729492, "std_height": 3.1145482063293457, "count_pixels": 40, "percent_cover": 0.02399448126930806, "percent_above_0.1m": 85.0, "low_level_<0.5": 0.0, "mid_level_0.5-2": 10.0, "tall_2+": 75.0 }, "geometry": { "type": "Point", "coordinates": [ -0.22808538131064, 51.615704531322891 ] } },
{ "type": "Feature", "properties": { "max_height": 13.864501953125, "mean_height": 6.3080606460571289, "std_height": 3.9742238521575928, "count_pixels": 41, "percent_cover": 0.024594343301040763, "percent_above_0.1m": 95.121951219512198, "low_level_<0.5": 4.8780487804878048, "mid_level_0.5-2": 9.7560975609756095, "tall_2+": 80.487804878048792 }, "geometry": { "type": "Point", "coordinates": [ -0.227885348475601, 51.615701512135843 ] } },
{ "type": "Feature", "properties": { "max_height": 14.239006042480469, "mean_height": 3.6070170402526855, "std_height": 3.5228660106658936, "count_pixels": 42, "percent_cover": 0.025194205332773459, "percent_above_0.1m": 90.476190476190482, "low_level_<0.5": 2.3809523809523809, "mid_level_0.5-2": 28.571428571428569, "tall_2+": 54.761904761904766 }, "geometry": { "type": "Point", "coordinates": [ -0.227685315675787, 51.615698492608097 ] } },
{ "type": "Feature", "properties": { "max_height": 7.5995025634765625, "mean_height": 0.76015889644622803, "std_height": 1.5337499380111694, "count_pixels": 42, "percent_cover": 0.025194205332773459, "percent_above_0.1m": 45.238095238095241, "low_level_<0.5": 14.285714285714285, "mid_level_0.5-2": 19.047619047619047, "tall_2+": 11.904761904761903 }, "geometry": { "type": "Point", "coordinates": [ -0.227485282911194, 51.615695472739695 ] } },
{ "type": "Feature", "properties": { "max_height": 1.7532501220703125, "mean_height": 0.082267031073570251, "std_height": 0.28498786687850952, "count_pixels": 42, "percent_cover": 0.025194205332773459, "percent_above_0.1m": 9.5238095238095237, "low_level_<0.5": 0.0, "mid_level_0.5-2": 7.1428571428571423, "tall_2+": 0.0 }, "geometry": { "type": "Point", "coordinates": [ -0.227285250181833, 51.61569245253061 ] } },
{ "type": "Feature", "properties": { "max_height": 11.375511169433594, "mean_height": 0.54783648252487183, "std_height": 1.9285249710083008, "count_pixels": 43, "percent_cover": 0.025794067364506162, "percent_above_0.1m": 18.604651162790699, "low_level_<0.5": 4.6511627906976747, "mid_level_0.5-2": 4.6511627906976747, "tall_2+": 6.9767441860465116 }, "geometry": { "type": "Point", "coordinates": [ -0.227085217487707, 51.61568943198084 ] } },
{ "type": "Feature", "properties": { "max_height": 16.649757385253906, "mean_height": 7.4349365234375, "std_height": 5.1017365455627441, "count_pixels": 44, "percent_cover": 0.026393929396238865, "percent_above_0.1m": 95.454545454545453, "low_level_<0.5": 9.0909090909090917, "mid_level_0.5-2": 11.363636363636363, "tall_2+": 75.0 }, "geometry": { "type": "Point", "coordinates": [ -0.226885184828817, 51.615686411090401 ] } },
{ "type": "Feature", "properties": { "max_height": 16.335006713867188, "mean_height": 8.2391233444213867, "std_height": 4.904172420501709, "count_pixels": 43, "percent_cover": 0.025794067364506162, "percent_above_0.1m": 97.674418604651152, "low_level_<0.5": 0.0, "mid_level_0.5-2": 11.627906976744185, "tall_2+": 86.04651162790698 }, "geometry": { "type": "Point", "coordinates": [ -0.226685152205167, 51.615683389859271 ] } },
{ "type": "Feature", "properties": { "max_height": 18.40875244140625, "mean_height": 10.655267715454102, "std_height": 3.7463433742523193, "count_pixels": 41, "percent_cover": 0.024594343301040763, "percent_above_0.1m": 100.0, "low_level_<0.5": 0.0, "mid_level_0.5-2": 2.4390243902439024, "tall_2+": 97.560975609756099 }, "geometry": { "type": "Point", "coordinates": [ -0.229981501113863, 51.61584103929394 ] } },
{ "type": "Feature", "properties": { "max_height": 17.13800048828125, "mean_height": 7.6857175827026367, "std_height": 5.0226716995239258, "count_pixels": 40, "percent_cover": 0.02399448126930806, "percent_above_0.1m": 85.0, "low_level_<0.5": 0.0, "mid_level_0.5-2": 0.0, "tall_2+": 85.0 }, "geometry": { "type": "Point", "coordinates": [ -0.229781467465359, 51.615838023331513 ] } },
{ "type": "Feature", "properties": { "max_height": 13.028007507324219, "mean_height": 6.9600892066955566, "std_height": 3.2219784259796143, "count_pixels": 36, "percent_cover": 0.021595033142377252, "percent_above_0.1m": 100.0, "low_level_<0.5": 2.7777777777777777, "mid_level_0.5-2": 11.111111111111111, "tall_2+": 86.111111111111114 }, "geometry": { "type": "Point", "coordinates": [ -0.22958143385204, 51.615835007028394 ] } },
{ "type": "Feature", "properties": { "max_height": 16.11700439453125, "mean_height": 9.0741767883300781, "std_height": 5.010096549987793, "count_pixels": 41, "percent_cover": 0.024594343301040763, "percent_above_0.1m": 95.121951219512198, "low_level_<0.5": 2.4390243902439024, "mid_level_0.5-2": 4.8780487804878048, "tall_2+": 85.365853658536579 }, "geometry": { "type": "Point", "coordinates": [ -0.22938140027391, 51.615831990384621 ] } },
{ "type": "Feature", "properties": { "max_height": 19.341255187988281, "mean_height": 9.3432331085205078, "std_height": 5.1601724624633789, "count_pixels": 41, "percent_cover": 0.024594343301040763, "percent_above_0.1m": 100.0, "low_level_<0.5": 0.0, "mid_level_0.5-2": 9.7560975609756095, "tall_2+": 90.243902439024396 }, "geometry": { "type": "Point", "coordinates": [ -0.229181366730971, 51.615828973400149 ] } },
{ "type": "Feature", "properties": { "max_height": 15.221755981445312, "mean_height": 8.3926715850830078, "std_height": 3.6309208869934082, "count_pixels": 42, "percent_cover": 0.025194205332773459, "percent_above_0.1m": 100.0, "low_level_<0.5": 2.3809523809523809, "mid_level_0.5-2": 0.0, "tall_2+": 97.61904761904762 }, "geometry": { "type": "Point", "coordinates": [ -0.228981333223231, 51.615825956075 ] } },
{ "type": "Feature", "properties": { "max_height": 12.467010498046875, "mean_height": 3.3349215984344482, "std_height": 4.1017498970031738, "count_pixels": 42, "percent_cover": 0.025194205332773459, "percent_above_0.1m": 83.333333333333343, "low_level_<0.5": 21.428571428571427, "mid_level_0.5-2": 26.190476190476193, "tall_2+": 35.714285714285715 }, "geometry": { "type": "Point", "coordinates": [ -0.228781299750686, 51.615822938409167 ] } },
{ "type": "Feature", "properties": { "max_height": 12.530006408691406, "mean_height": 3.6979107856750488, "std_height": 3.465179443359375, "count_pixels": 43, "percent_cover": 0.025794067364506162, "percent_above_0.1m": 79.069767441860463, "low_level_<0.5": 11.627906976744185, "mid_level_0.5-2": 2.3255813953488373, "tall_2+": 65.116279069767444 }, "geometry": { "type": "Point", "coordinates": [ -0.228581266313348, 51.615819920402664 ] } },
{ "type": "Feature", "properties": { "max_height": 13.974006652832031, "mean_height": 8.1249656677246094, "std_height": 2.1131966114044189, "count_pixels": 44, "percent_cover": 0.026393929396238865, "percent_above_0.1m": 100.0, "low_level_<0.5": 0.0, "mid_level_0.5-2": 0.0, "tall_2+": 100.0 }, "geometry": { "type": "Point", "coordinates": [ -0.228381232911219, 51.615816902055485 ] } },
{ "type": "Feature", "properties": { "max_height": 15.416252136230469, "mean_height": 6.2254652976989746, "std_height": 4.8367609977722168, "count_pixels": 44, "percent_cover": 0.026393929396238865, "percent_above_0.1m": 88.63636363636364, "low_level_<0.5": 2.2727272727272729, "mid_level_0.5-2": 15.909090909090908, "tall_2+": 70.454545454545453 }, "geometry": { "type": "Point", "coordinates": [ -0.228181199544297, 51.615813883367615 ] } },
{ "type": "Feature", "properties": { "max_height": 15.476005554199219, "mean_height": 7.2251091003417969, "std_height": 4.1228055953979492, "count_pixels": 43, "percent_cover": 0.025794067364506162, "percent_above_0.1m": 97.674418604651152, "low_level_<0.5": 0.0, "mid_level_0.5-2": 11.627906976744185, "tall_2+": 86.04651162790698 }, "geometry": { "type": "Point", "coordinates": [ -0.227981166212594, 51.615810864339075 ] } },
{ "type": "Feature", "properties": { "max_height": 7.2877578735351562, "mean_height": 2.6030895709991455, "std_height": 2.2920444011688232, "count_pixels": 42, "percent_cover": 0.025194205332773459, "percent_above_0.1m": 85.714285714285708, "low_level_<0.5": 14.285714285714285, "mid_level_0.5-2": 19.047619047619047, "tall_2+": 52.380952380952387 }, "geometry": { "type": "Point", "coordinates": [ -0.22778113291611, 51.615807844969851 ] } },
{ "type": "Feature", "properties": { "max_height": 7.1787567138671875, "mean_height": 2.0803561210632324, "std_height": 1.7905420064926147, "count_pixels": 42, "percent_cover": 0.025194205332773459, "percent_above_0.1m": 95.238095238095227, "low_level_<0.5": 14.285714285714285, "mid_level_0.5-2": 35.714285714285715, "tall_2+": 40.476190476190474 }, "geometry": { "type": "Point", "coordinates": [ -0.227581099654852, 51.615804825259957 ] } },
{ "type": "Feature", "properties": { "max_height": 4.7255020141601562, "mean_height": 0.76506459712982178, "std_height": 1.1723842620849609, "count_pixels": 42, "percent_cover": 0.025194205332773459, "percent_above_0.1m": 52.380952380952387, "low_level_<0.5": 19.047619047619047, "mid_level_0.5-2": 14.285714285714285, "tall_2+": 16.666666666666664 }, "geometry": { "type": "Point", "coordinates": [ -0.227381066428817, 51.615801805209379 ] } },
{ "type": "Feature", "properties": { "max_height": 7.2957611083984375, "mean_height": 0.91477930545806885, "std_height": 1.66352379322052, "count_pixels": 41, "percent_cover": 0.024594343301040763, "percent_above_0.1m": 48.780487804878049, "low_level_<0.5": 7.3170731707317067, "mid_level_0.5-2": 24.390243902439025, "tall_2+": 12.195121951219512 }, "geometry": { "type": "Point", "coordinates": [ -0.227181033238016, 51.615798784818125 ] } },
{ "type": "Feature", "properties": { "max_height": 16.627761840820312, "mean_height": 9.2234249114990234, "std_height": 4.6894397735595703, "count_pixels": 40, "percent_cover": 0.02399448126930806, "percent_above_0.1m": 95.0, "low_level_<0.5": 0.0, "mid_level_0.5-2": 10.0, "tall_2+": 85.0 }, "geometry": { "type": "Point", "coordinates": [ -0.226981000082454, 51.615795764086187 ] } },
{ "type": "Feature", "properties": { "max_height": 8.3927536010742188, "mean_height": 1.3036646842956543, "std_height": 2.0377242565155029, "count_pixels": 36, "percent_cover": 0.021595033142377252, "percent_above_0.1m": 50.0, "low_level_<0.5": 2.7777777777777777, "mid_level_0.5-2": 19.444444444444446, "tall_2+": 22.222222222222221 }, "geometry": { "type": "Point", "coordinates": [ -0.226780966962125, 51.615792743013579 ] } },
{ "type": "Feature", "properties": { "max_height": 13.209007263183594, "mean_height": 5.1276788711547852, "std_height": 4.0292043685913086, "count_pixels": 42, "percent_cover": 0.025194205332773459, "percent_above_0.1m": 78.571428571428569, "low_level_<0.5": 7.1428571428571423, "mid_level_0.5-2": 4.7619047619047619, "tall_2+": 66.666666666666657 }, "geometry": { "type": "Point", "coordinates": [ -0.230077324278894, 51.615950389836399 ] } },
{ "type": "Feature", "properties": { "max_height": 12.618003845214844, "mean_height": 6.3894057273864746, "std_height": 2.7003729343414307, "count_pixels": 43, "percent_cover": 0.025794067364506162, "percent_above_0.1m": 100.0, "low_level_<0.5": 2.3255813953488373, "mid_level_0.5-2": 2.3255813953488373, "tall_2+": 95.348837209302332 }, "geometry": { "type": "Point", "coordinates": [ -0.229877290133737, 51.615947374032494 ] } },
{ "type": "Feature", "properties": { "max_height": 19.509246826171875, "mean_height": 11.696511268615723, "std_height": 4.0356121063232422, "count_pixels": 44, "percent_cover": 0.026393929396238865, "percent_above_0.1m": 100.0, "low_level_<0.5": 0.0, "mid_level_0.5-2": 0.0, "tall_2+": 100.0 }, "geometry": { "type": "Point", "coordinates": [ -0.229677256023762, 51.615944357887912 ] } },
{ "type": "Feature", "properties": { "max_height": 20.68499755859375, "mean_height": 10.39151668548584, "std_height": 3.8578259944915771, "count_pixels": 43, "percent_cover": 0.025794067364506162, "percent_above_0.1m": 100.0, "low_level_<0.5": 0.0, "mid_level_0.5-2": 0.0, "tall_2+": 100.0 }, "geometry": { "type": "Point", "coordinates": [ -0.229477221948978, 51.615941341402653 ] } },
{ "type": "Feature", "properties": { "max_height": 20.352767944335938, "mean_height": 12.467185974121094, "std_height": 3.5250072479248047, "count_pixels": 43, "percent_cover": 0.025794067364506162, "percent_above_0.1m": 100.0, "low_level_<0.5": 0.0, "mid_level_0.5-2": 0.0, "tall_2+": 100.0 }, "geometry": { "type": "Point", "coordinates": [ -0.229277187909383, 51.615938324576703 ] } },
{ "type": "Feature", "properties": { "max_height": 16.227752685546875, "mean_height": 9.156672477722168, "std_height": 3.3489065170288086, "count_pixels": 42, "percent_cover": 0.025194205332773459, "percent_above_0.1m": 100.0, "low_level_<0.5": 0.0, "mid_level_0.5-2": 0.0, "tall_2+": 100.0 }, "geometry": { "type": "Point", "coordinates": [ -0.229077153904977, 51.615935307410084 ] } },
{ "type": "Feature", "properties": { "max_height": 15.130508422851562, "mean_height": 7.1296529769897461, "std_height": 3.5314247608184814, "count_pixels": 42, "percent_cover": 0.025194205332773459, "percent_above_0.1m": 100.0, "low_level_<0.5": 0.0, "mid_level_0.5-2": 7.1428571428571423, "tall_2+": 92.857142857142861 }, "geometry": { "type": "Point", "coordinates": [ -0.228877119935776, 51.61593228990278 ] } },
{ "type": "Feature", "properties": { "max_height": 16.568763732910156, "mean_height": 8.7576208114624023, "std_height": 3.7994639873504639, "count_pixels": 41, "percent_cover": 0.024594343301040763, "percent_above_0.1m": 100.0, "low_level_<0.5": 0.0, "mid_level_0.5-2": 4.8780487804878048, "tall_2+": 95.121951219512198 }, "geometry": { "type": "Point", "coordinates": [ -0.228677086001773, 51.615929272054771 ] } },
{ "type": "Feature", "properties": { "max_height": 24.304252624511719, "mean_height": 6.6327180862426758, "std_height": 7.1143007278442383, "count_pixels": 40, "percent_cover": 0.02399448126930806, "percent_above_0.1m": 90.0, "low_level_<0.5": 10.0, "mid_level_0.5-2": 22.5, "tall_2+": 55.000000000000007 }, "geometry": { "type": "Point", "coordinates": [ -0.22847705210298, 51.615926253866114 ] } },
{ "type": "Feature", "properties": { "max_height": 15.446006774902344, "mean_height": 4.3229846954345703, "std_height": 4.1797599792480469, "count_pixels": 36, "percent_cover": 0.021595033142377252, "percent_above_0.1m": 88.888888888888886, "low_level_<0.5": 13.888888888888889, "mid_level_0.5-2": 13.888888888888889, "tall_2+": 61.111111111111114 }, "geometry": { "type": "Point", "coordinates": [ -0.228277018239391, 51.615923235336759 ] } },
{ "type": "Feature", "properties": { "max_height": 13.654754638671875, "mean_height": 6.5538802146911621, "std_height": 3.2962856292724609, "count_pixels": 40, "percent_cover": 0.02399448126930806, "percent_above_0.1m": 95.0, "low_level_<0.5": 0.0, "mid_level_0.5-2": 5.0, "tall_2+": 90.0 }, "geometry": { "type": "Point", "coordinates": [ -0.22807698441102, 51.615920216466733 ] } },
{ "type": "Feature", "properties": { "max_height": 17.651252746582031, "mean_height": 7.6428279876708984, "std_height": 4.2156949043273926, "count_pixels": 41, "percent_cover": 0.024594343301040763, "percent_above_0.1m": 100.0, "low_level_<0.5": 0.0, "mid_level_0.5-2": 7.3170731707317067, "tall_2+": 92.682926829268297 }, "geometry": { "type": "Point", "coordinates": [ -0.227876950617864, 51.615917197256024 ] } },
{ "type": "Feature", "properties": { "max_height": 14.278999328613281, "mean_height": 3.7239031791687012, "std_height": 3.7910804748535156, "count_pixels": 42, "percent_cover": 0.025194205332773459, "percent_above_0.1m": 83.333333333333343, "low_level_<0.5": 9.5238095238095237, "mid_level_0.5-2": 16.666666666666664, "tall_2+": 57.142857142857139 }, "geometry": { "type": "Point", "coordinates": [ -0.227676916859935, 51.615914177704646 ] } },
{ "type": "Feature", "properties": { "max_height": 8.2852554321289062, "mean_height": 2.3956835269927979, "std_height": 2.2625036239624023, "count_pixels": 42, "percent_cover": 0.025194205332773459, "percent_above_0.1m": 97.61904761904762, "low_level_<0.5": 11.904761904761903, "mid_level_0.5-2": 40.476190476190474, "tall_2+": 40.476190476190474 }, "geometry": { "type": "Point", "coordinates": [ -0.227476883137228, 51.615911157812576 ] } },
{ "type": "Feature", "properties": { "max_height": 10.481758117675781, "mean_height": 3.0885112285614014, "std_height": 3.1322712898254395, "count_pixels": 42, "percent_cover": 0.025194205332773459, "percent_above_0.1m": 80.952380952380949, "low_level_<0.5": 9.5238095238095237, "mid_level_0.5-2": 19.047619047619047, "tall_2+": 50.0 }, "geometry": { "type": "Point", "coordinates": [ -0.227276849449754, 51.615908137579851 ] } },
{ "type": "Feature", "properties": { "max_height": 6.1515045166015625, "mean_height": 1.9134300947189331, "std_height": 1.5406773090362549, "count_pixels": 43, "percent_cover": 0.025794067364506162, "percent_above_0.1m": 86.04651162790698, "low_level_<0.5": 4.6511627906976747, "mid_level_0.5-2": 34.883720930232556, "tall_2+": 44.186046511627907 }, "geometry": { "type": "Point", "coordinates": [ -0.227076815797511, 51.615905117006406 ] } },
{ "type": "Feature", "properties": { "max_height": 10.458000183105469, "mean_height": 4.1627836227416992, "std_height": 3.2300417423248291, "count_pixels": 44, "percent_cover": 0.026393929396238865, "percent_above_0.1m": 95.454545454545453, "low_level_<0.5": 2.2727272727272729, "mid_level_0.5-2": 25.0, "tall_2+": 63.636363636363633 }, "geometry": { "type": "Point", "coordinates": [ -0.226876782180505, 51.615902096092306 ] } },
{ "type": "Feature", "properties": { "max_height": 16.608757019042969, "mean_height": 10.408231735229492, "std_height": 2.8097481727600098, "count_pixels": 41, "percent_cover": 0.024594343301040763, "percent_above_0.1m": 100.0, "low_level_<0.5": 0.0, "mid_level_0.5-2": 0.0, "tall_2+": 100.0 }, "geometry": { "type": "Point", "coordinates": [ -0.229973113263573, 51.616056724657888 ] } },
{ "type": "Feature", "properties": { "max_height": 11.916007995605469, "mean_height": 7.5610494613647461, "std_height": 2.7639238834381104, "count_pixels": 40, "percent_cover": 0.02399448126930806, "percent_above_0.1m": 100.0, "low_level_<0.5": 0.0, "mid_level_0.5-2": 0.0, "tall_2+": 100.0 }, "geometry": { "type": "Point", "coordinates": [ -0.229773078656945, 51.616053708671828 ] } },
{ "type": "Feature", "properties": { "max_height": 11.629257202148438, "mean_height": 7.278867244720459, "std_height": 2.1030282974243164, "count_pixels": 36, "percent_cover": 0.021595033142377252, "percent_above_0.1m": 100.0, "low_level_<0.5": 0.0, "mid_level_0.5-2": 0.0, "tall_2+": 100.0 }, "geometry": { "type": "Point", "coordinates": [ -0.229573044085501, 51.616050692345084 ] } },
{ "type": "Feature", "properties": { "max_height": 13.6612548828125, "mean_height": 6.1728048324584961, "std_height": 3.9406514167785645, "count_pixels": 41, "percent_cover": 0.024594343301040763, "percent_above_0.1m": 90.243902439024396, "low_level_<0.5": 2.4390243902439024, "mid_level_0.5-2": 2.4390243902439024, "tall_2+": 85.365853658536579 }, "geometry": { "type": "Point", "coordinates": [ -0.22937300954924, 51.616047675677684 ] } },
{ "type": "Feature", "properties": { "max_height": 16.020011901855469, "mean_height": 7.8120489120483398, "std_height": 3.2654836177825928, "count_pixels": 41, "percent_cover": 0.024594343301040763, "percent_above_0.1m": 100.0, "low_level_<0.5": 0.0, "mid_level_0.5-2": 4.8780487804878048, "tall_2+": 95.121951219512198 }, "geometry": { "type": "Point", "coordinates": [ -0.22917297504818, 51.616044658669573 ] } },
{ "type": "Feature", "properties": { "max_height": 14.450508117675781, "mean_height": 6.097381591796875, "std_height": 3.7123117446899414, "count_pixels": 42, "percent_cover": 0.025194205332773459, "percent_above_0.1m": 100.0, "low_level_<0.5": 0.0, "mid_level_0.5-2": 7.1428571428571423, "tall_2+": 92.857142857142861 }, "geometry": { "type": "Point", "coordinates": [ -0.22897294058231, 51.616041641320791 ] } },
{ "type": "Feature", "properties": { "max_height": 16.653251647949219, "mean_height": 6.4665303230285645, "std_height": 4.2250838279724121, "count_pixels": 42, "percent_cover": 0.025194205332773459, "percent_above_0.1m": 95.238095238095227, "low_level_<0.5": 0.0, "mid_level_0.5-2": 4.7619047619047619, "tall_2+": 90.476190476190482 }, "geometry": { "type": "Point", "coordinates": [ -0.228772906151643, 51.616038623631319 ] } },
{ "type": "Feature", "properties": { "max_height": 11.392501831054688, "mean_height": 3.1755115985870361, "std_height": 2.9945695400238037, "count_pixels": 43, "percent_cover": 0.025794067364506162, "percent_above_0.1m": 93.023255813953483, "low_level_<0.5": 16.279069767441861, "mid_level_0.5-2": 18.604651162790699, "tall_2+": 55.813953488372093 }, "geometry": { "type": "Point", "coordinates": [ -0.228572871756178, 51.616035605601169 ] } },
{ "type": "Feature", "properties": { "max_height": 7.9542617797851562, "mean_height": 3.4053747653961182, "std_height": 1.8103424310684204, "count_pixels": 44, "percent_cover": 0.026393929396238865, "percent_above_0.1m": 100.0, "low_level_<0.5": 0.0, "mid_level_0.5-2": 25.0, "tall_2+": 75.0 }, "geometry": { "type": "Point", "coordinates": [ -0.228372837395926, 51.616032587230343 ] } },
{ "type": "Feature", "properties": { "max_height": 20.007003784179688, "mean_height": 6.6950960159301758, "std_height": 6.5951895713806152, "count_pixels": 44, "percent_cover": 0.026393929396238865, "percent_above_0.1m": 84.090909090909093, "low_level_<0.5": 4.5454545454545459, "mid_level_0.5-2": 15.909090909090908, "tall_2+": 63.636363636363633 }, "geometry": { "type": "Point", "coordinates": [ -0.228172803070885, 51.616029568518826 ] } },
{ "type": "Feature", "properties": { "max_height": 20.535255432128906, "mean_height": 10.688814163208008, "std_height": 7.0075178146362305, "count_pixels": 43, "percent_cover": 0.025794067364506162, "percent_above_0.1m": 83.720930232558146, "low_level_<0.5": 2.3255813953488373, "mid_level_0.5-2": 0.0, "tall_2+": 81.395348837209298 }, "geometry": { "type": "Point", "coordinates": [ -0.227972768781054, 51.616026549466646 ] } },
{ "type": "Feature", "properties": { "max_height": 13.173759460449219, "mean_height": 7.1425724029541016, "std_height": 3.5718228816986084, "count_pixels": 42, "percent_cover": 0.025194205332773459, "percent_above_0.1m": 95.238095238095227, "low_level_<0.5": 0.0, "mid_level_0.5-2": 9.5238095238095237, "tall_2+": 85.714285714285708 }, "geometry": { "type": "Point", "coordinates": [ -0.227772734526454, 51.616023530073754 ] } },
{ "type": "Feature", "properties": { "max_height": 15.988510131835938, "mean_height": 5.1660652160644531, "std_height": 4.5821800231933594, "count_pixels": 42, "percent_cover": 0.025194205332773459, "percent_above_0.1m": 90.476190476190482, "low_level_<0.5": 2.3809523809523809, "mid_level_0.5-2": 19.047619047619047, "tall_2+": 69.047619047619051 }, "geometry": { "type": "Point", "coordinates": [ -0.227572700307068, 51.616020510340199 ] } },
{ "type": "Feature", "properties": { "max_height": 11.518257141113281, "mean_height": 3.0455467700958252, "std_height": 3.1816473007202148, "count_pixels": 42, "percent_cover": 0.025194205332773459, "percent_above_0.1m": 85.714285714285708, "low_level_<0.5": 14.285714285714285, "mid_level_0.5-2": 21.428571428571427, "tall_2+": 50.0 }, "geometry": { "type": "Point", "coordinates": [ -0.22737266612292, 51.616017490265982 ] } },
{ "type": "Feature", "properties": { "max_height": 14.330001831054688, "mean_height": 3.8384199142456055, "std_height": 3.9310848712921143, "count_pixels": 41, "percent_cover": 0.024594343301040763, "percent_above_0.1m": 92.682926829268297, "low_level_<0.5": 14.634146341463413, "mid_level_0.5-2": 19.512195121951219, "tall_2+": 58.536585365853654 }, "geometry": { "type": "Point", "coordinates": [ -0.227172631973995, 51.616014469851059 ] } },
{ "type": "Feature", "properties": { "max_height": 8.6655044555664062, "mean_height": 2.6104621887207031, "std_height": 2.8916144371032715, "count_pixels": 40, "percent_cover": 0.02399448126930806, "percent_above_0.1m": 82.5, "low_level_<0.5": 10.0, "mid_level_0.5-2": 37.5, "tall_2+": 35.0 }, "geometry": { "type": "Point", "coordinates": [ -0.226972597860313, 51.616011449095453 ] } },
{ "type": "Feature", "properties": { "max_height": 11.110511779785156, "mean_height": 4.0855474472045898, "std_height": 3.3066930770874023, "count_pixels": 42, "percent_cover": 0.025194205332773459, "percent_above_0.1m": 78.571428571428569, "low_level_<0.5": 0.0, "mid_level_0.5-2": 11.904761904761903, "tall_2+": 64.285714285714292 }, "geometry": { "type": "Point", "coordinates": [ -0.230068936854872, 51.616166075207687 ] } },
{ "type": "Feature", "properties": { "max_height": 12.355506896972656, "mean_height": 7.9897489547729492, "std_height": 1.9240454435348511, "count_pixels": 43, "percent_cover": 0.025794067364506162, "percent_above_0.1m": 100.0, "low_level_<0.5": 0.0, "mid_level_0.5-2": 0.0, "tall_2+": 100.0 }, "geometry": { "type": "Point", "coordinates": [ -0.229868901751585, 51.616163059380156 ] } },
{ "type": "Feature", "properties": { "max_height": 12.638511657714844, "mean_height": 6.2673130035400391, "std_height": 2.8749024868011475, "count_pixels": 44, "percent_cover": 0.026393929396238865, "percent_above_0.1m": 100.0, "low_level_<0.5": 0.0, "mid_level_0.5-2": 6.8181818181818175, "tall_2+": 93.181818181818173 }, "geometry": { "type": "Point", "coordinates": [ -0.22966886668348, 51.616160043211949 ] } },
{ "type": "Feature", "properties": { "max_height": 13.428756713867188, "mean_height": 4.5963201522827148, "std_height": 3.3367078304290771, "count_pixels": 43, "percent_cover": 0.025794067364506162, "percent_above_0.1m": 95.348837209302332, "low_level_<0.5": 4.6511627906976747, "mid_level_0.5-2": 16.279069767441861, "tall_2+": 74.418604651162795 }, "geometry": { "type": "Point", "coordinates": [ -0.229468831650557, 51.616157026703043 ] } },
{ "type": "Feature", "properties": { "max_height": 17.418014526367188, "mean_height": 4.4188671112060547, "std_height": 5.040715217590332, "count_pixels": 43, "percent_cover": 0.025794067364506162, "percent_above_0.1m": 60.465116279069761, "low_level_<0.5": 4.6511627906976747, "mid_level_0.5-2": 6.9767441860465116, "tall_2+": 48.837209302325576 }, "geometry": { "type": "Point", "coordinates": [ -0.22926879665283, 51.616154009853467 ] } },
{ "type": "Feature", "properties": { "max_height": 20.788505554199219, "mean_height": 11.604106903076172, "std_height": 5.1146836280822754, "count_pixels": 42, "percent_cover": 0.025194205332773459, "percent_above_0.1m": 100.0, "low_level_<0.5": 0.0, "mid_level_0.5-2": 0.0, "tall_2+": 100.0 }, "geometry": { "type": "Point", "coordinates": [ -0.229068761690297, 51.616150992663215 ] } },
{ "type": "Feature", "properties": { "max_height": 12.5777587890625, "mean_height": 4.9494948387145996, "std_height": 3.8591115474700928, "count_pixels": 42, "percent_cover": 0.025194205332773459, "percent_above_0.1m": 95.238095238095227, "low_level_<0.5": 7.1428571428571423, "mid_level_0.5-2": 23.809523809523807, "tall_2+": 64.285714285714292 }, "geometry": { "type": "Point", "coordinates": [ -0.228868726762961, 51.616147975132264 ] } },
{ "type": "Feature", "properties": { "max_height": 12.283004760742188, "mean_height": 5.9269809722900391, "std_height": 2.2457997798919678, "count_pixels": 41, "percent_cover": 0.024594343301040763, "percent_above_0.1m": 100.0, "low_level_<0.5": 0.0, "mid_level_0.5-2": 7.3170731707317067, "tall_2+": 92.682926829268297 }, "geometry": { "type": "Point", "coordinates": [ -0.22866869187083, 51.616144957260637 ] } },
{ "type": "Feature", "properties": { "max_height": 13.218009948730469, "mean_height": 5.9340753555297852, "std_height": 2.9521105289459229, "count_pixels": 40, "percent_cover": 0.02399448126930806, "percent_above_0.1m": 100.0, "low_level_<0.5": 0.0, "mid_level_0.5-2": 10.0, "tall_2+": 90.0 }, "geometry": { "type": "Point", "coordinates": [ -0.228468657013901, 51.61614193904834 ] } },
{ "type": "Feature", "properties": { "max_height": 11.976509094238281, "mean_height": 0.88845658302307129, "std_height": 2.0536582469940186, "count_pixels": 36, "percent_cover": 0.021595033142377252, "percent_above_0.1m": 75.0, "low_level_<0.5": 38.888888888888893, "mid_level_0.5-2": 16.666666666666664, "tall_2+": 8.3333333333333321 }, "geometry": { "type": "Point", "coordinates": [ -0.228268622192186, 51.616138920495317 ] } },
{ "type": "Feature", "properties": { "max_height": 19.596755981445312, "mean_height": 5.0214052200317383, "std_height": 5.8330259323120117, "count_pixels": 40, "percent_cover": 0.02399448126930806, "percent_above_0.1m": 87.5, "low_level_<0.5": 15.0, "mid_level_0.5-2": 22.5, "tall_2+": 50.0 }, "geometry": { "type": "Point", "coordinates": [ -0.228068587405689, 51.616135901601652 ] } },
{ "type": "Feature", "properties": { "max_height": 20.290000915527344, "mean_height": 7.3137483596801758, "std_height": 5.8373470306396484, "count_pixels": 41, "percent_cover": 0.024594343301040763, "percent_above_0.1m": 95.121951219512198, "low_level_<0.5": 4.8780487804878048, "mid_level_0.5-2": 12.195121951219512, "tall_2+": 75.609756097560975 }, "geometry": { "type": "Point", "coordinates": [ -0.227868552654403, 51.616132882367289 ] } },
{ "type": "Feature", "properties": { "max_height": 12.067001342773438, "mean_height": 3.4225714206695557, "std_height": 3.7305994033813477, "count_pixels": 42, "percent_cover": 0.025194205332773459, "percent_above_0.1m": 83.333333333333343, "low_level_<0.5": 11.904761904761903, "mid_level_0.5-2": 19.047619047619047, "tall_2+": 45.238095238095241 }, "geometry": { "type": "Point", "coordinates": [ -0.227668517938347, 51.616129862792249 ] } },
{ "type": "Feature", "properties": { "max_height": 11.435256958007812, "mean_height": 2.0281240940093994, "std_height": 3.0437595844268799, "count_pixels": 42, "percent_cover": 0.025194205332773459, "percent_above_0.1m": 73.80952380952381, "low_level_<0.5": 16.666666666666664, "mid_level_0.5-2": 26.190476190476193, "tall_2+": 23.809523809523807 }, "geometry": { "type": "Point", "coordinates": [ -0.227468483257515, 51.616126842876533 ] } },
{ "type": "Feature", "properties": { "max_height": 12.490753173828125, "mean_height": 2.3967380523681641, "std_height": 3.4244146347045898, "count_pixels": 42, "percent_cover": 0.025194205332773459, "percent_above_0.1m": 71.428571428571431, "low_level_<0.5": 19.047619047619047, "mid_level_0.5-2": 21.428571428571427, "tall_2+": 28.571428571428569 }, "geometry": { "type": "Point", "coordinates": [ -0.22726844861191, 51.616123822620111 ] } },
{ "type": "Feature", "properties": { "max_height": 8.9717483520507812, "mean_height": 1.0271093845367432, "std_height": 2.0879883766174316, "count_pixels": 43, "percent_cover": 0.025794067364506162, "percent_above_0.1m": 60.465116279069761, "low_level_<0.5": 13.953488372093023, "mid_level_0.5-2": 20.930232558139537, "tall_2+": 11.627906976744185 }, "geometry": { "type": "Point", "coordinates": [ -0.227068414001544, 51.616120802023019 ] } },
{ "type": "Feature", "properties": { "max_height": 11.6767578125, "mean_height": 7.5141534805297852, "std_height": 2.4631831645965576, "count_pixels": 41, "percent_cover": 0.024594343301040763, "percent_above_0.1m": 100.0, "low_level_<0.5": 0.0, "mid_level_0.5-2": 4.8780487804878048, "tall_2+": 95.121951219512198 }, "geometry": { "type": "Point", "coordinates": [ -0.229964725307687, 51.616272410012883 ] } },
{ "type": "Feature", "properties": { "max_height": 13.89276123046875, "mean_height": 5.6087684631347656, "std_height": 4.3994464874267578, "count_pixels": 40, "percent_cover": 0.02399448126930806, "percent_above_0.1m": 92.5, "low_level_<0.5": 2.5, "mid_level_0.5-2": 22.5, "tall_2+": 65.0 }, "geometry": { "type": "Point", "coordinates": [ -0.22976468974292, 51.616269394003218 ] } },
{ "type": "Feature", "properties": { "max_height": 10.532257080078125, "mean_height": 3.8245272636413574, "std_height": 2.7058315277099609, "count_pixels": 36, "percent_cover": 0.021595033142377252, "percent_above_0.1m": 97.222222222222214, "low_level_<0.5": 8.3333333333333321, "mid_level_0.5-2": 19.444444444444446, "tall_2+": 69.444444444444443 }, "geometry": { "type": "Point", "coordinates": [ -0.229564654213335, 51.616266377652821 ] } },
{ "type": "Feature", "properties": { "max_height": 14.147758483886719, "mean_height": 4.9847316741943359, "std_height": 4.610377311706543, "count_pixels": 41, "percent_cover": 0.024594343301040763, "percent_above_0.1m": 85.365853658536579, "low_level_<0.5": 12.195121951219512, "mid_level_0.5-2": 7.3170731707317067, "tall_2+": 65.853658536585371 }, "geometry": { "type": "Point", "coordinates": [ -0.229364618718939, 51.616263360961781 ] } },
{ "type": "Feature", "properties": { "max_height": 15.27850341796875, "mean_height": 6.1612749099731445, "std_height": 3.2475817203521729, "count_pixels": 41, "percent_cover": 0.024594343301040763, "percent_above_0.1m": 100.0, "low_level_<0.5": 0.0, "mid_level_0.5-2": 14.634146341463413, "tall_2+": 85.365853658536579 }, "geometry": { "type": "Point", "coordinates": [ -0.229164583259737, 51.61626034393003 ] } },
{ "type": "Feature", "properties": { "max_height": 15.96600341796875, "mean_height": 8.8440361022949219, "std_height": 4.1715989112854004, "count_pixels": 42, "percent_cover": 0.025194205332773459, "percent_above_0.1m": 100.0, "low_level_<0.5": 0.0, "mid_level_0.5-2": 2.3809523809523809, "tall_2+": 97.61904761904762 }, "geometry": { "type": "Point", "coordinates": [ -0.228964547835731, 51.616257326557616 ] } },
{ "type": "Feature", "properties": { "max_height": 12.096511840820312, "mean_height": 4.4912161827087402, "std_height": 2.3493201732635498, "count_pixels": 42, "percent_cover": 0.025194205332773459, "percent_above_0.1m": 100.0, "low_level_<0.5": 0.0, "mid_level_0.5-2": 16.666666666666664, "tall_2+": 83.333333333333343 }, "geometry": { "type": "Point", "coordinates": [ -0.228764512446928, 51.616254308844489 ] } },
{ "type": "Feature", "properties": { "max_height": 12.139755249023438, "mean_height": 4.5131158828735352, "std_height": 2.4382586479187012, "count_pixels": 43, "percent_cover": 0.025794067364506162, "percent_above_0.1m": 100.0, "low_level_<0.5": 2.3255813953488373, "mid_level_0.5-2": 6.9767441860465116, "tall_2+": 88.372093023255815 }, "geometry": { "type": "Point", "coordinates": [ -0.22856447709333, 51.616251290790721 ] } },
{ "type": "Feature", "properties": { "max_height": 9.6657562255859375, "mean_height": 3.3376984596252441, "std_height": 2.5177950859069824, "count_pixels": 44, "percent_cover": 0.026393929396238865, "percent_above_0.1m": 97.727272727272734, "low_level_<0.5": 6.8181818181818175, "mid_level_0.5-2": 27.27272727272727, "tall_2+": 63.636363636363633 }, "geometry": { "type": "Point", "coordinates": [ -0.228364441774936, 51.616248272396234 ] } },
{ "type": "Feature", "properties": { "max_height": 11.508514404296875, "mean_height": 4.1950230598449707, "std_height": 2.9096791744232178, "count_pixels": 44, "percent_cover": 0.026393929396238865, "percent_above_0.1m": 90.909090909090907, "low_level_<0.5": 4.5454545454545459, "mid_level_0.5-2": 13.636363636363635, "tall_2+": 70.454545454545453 }, "geometry": { "type": "Point", "coordinates": [ -0.228164406491764, 51.616245253661077 ] } },
{ "type": "Feature", "properties": { "max_height": 13.241004943847656, "mean_height": 5.8673138618469238, "std_height": 3.5382328033447266, "count_pixels": 43, "percent_cover": 0.025794067364506162, "percent_above_0.1m": 100.0, "low_level_<0.5": 2.3255813953488373, "mid_level_0.5-2": 11.627906976744185, "tall_2+": 83.720930232558146 }, "geometry": { "type": "Point", "coordinates": [ -0.227964371243802, 51.616242234585236 ] } },
{ "type": "Feature", "properties": { "max_height": 8.0750045776367188, "mean_height": 0.82272481918334961, "std_height": 1.7770940065383911, "count_pixels": 42, "percent_cover": 0.025194205332773459, "percent_above_0.1m": 50.0, "low_level_<0.5": 14.285714285714285, "mid_level_0.5-2": 21.428571428571427, "tall_2+": 9.5238095238095237 }, "geometry": { "type": "Point", "coordinates": [ -0.227764336031061, 51.616239215168711 ] } },
{ "type": "Feature", "properties": { "max_height": 0.3962554931640625, "mean_height": 0.020808810368180275, "std_height": 0.064724236726760864, "count_pixels": 42, "percent_cover": 0.025194205332773459, "percent_above_0.1m": 4.7619047619047619, "low_level_<0.5": 2.3809523809523809, "mid_level_0.5-2": 0.0, "tall_2+": 0.0 }, "geometry": { "type": "Point", "coordinates": [ -0.227564300853549, 51.616236195411489 ] } },
{ "type": "Feature", "properties": { "max_height": 10.786758422851562, "mean_height": 1.4834098815917969, "std_height": 1.9346950054168701, "count_pixels": 42, "percent_cover": 0.025194205332773459, "percent_above_0.1m": 83.333333333333343, "low_level_<0.5": 21.428571428571427, "mid_level_0.5-2": 40.476190476190474, "tall_2+": 21.428571428571427 }, "geometry": { "type": "Point", "coordinates": [ -0.22736426571126, 51.616233175313596 ] } },
{ "type": "Feature", "properties": { "max_height": 7.1270065307617188, "mean_height": 1.4272187948226929, "std_height": 1.9047408103942871, "count_pixels": 41, "percent_cover": 0.024594343301040763, "percent_above_0.1m": 65.853658536585371, "low_level_<0.5": 7.3170731707317067, "mid_level_0.5-2": 21.951219512195124, "tall_2+": 29.268292682926827 }, "geometry": { "type": "Point", "coordinates": [ -0.227164230604209, 51.616230154875026 ] } },
{ "type": "Feature", "properties": { "max_height": 12.084510803222656, "mean_height": 5.0094413757324219, "std_height": 3.3727946281433105, "count_pixels": 42, "percent_cover": 0.025194205332773459, "percent_above_0.1m": 97.61904761904762, "low_level_<0.5": 4.7619047619047619, "mid_level_0.5-2": 21.428571428571427, "tall_2+": 71.428571428571431 }, "geometry": { "type": "Point", "coordinates": [ -0.230060549325259, 51.616381760570015 ] } },
{ "type": "Feature", "properties": { "max_height": 14.190513610839844, "mean_height": 6.5174999237060547, "std_height": 3.8151175975799561, "count_pixels": 43, "percent_cover": 0.025794067364506162, "percent_above_0.1m": 97.674418604651152, "low_level_<0.5": 4.6511627906976747, "mid_level_0.5-2": 4.6511627906976747, "tall_2+": 88.372093023255815 }, "geometry": { "type": "Point", "coordinates": [ -0.229860513263826, 51.616378744718851 ] } },
{ "type": "Feature", "properties": { "max_height": 8.4547500610351562, "mean_height": 3.015385627746582, "std_height": 2.4582371711730957, "count_pixels": 44, "percent_cover": 0.026393929396238865, "percent_above_0.1m": 90.909090909090907, "low_level_<0.5": 11.363636363636363, "mid_level_0.5-2": 11.363636363636363, "tall_2+": 65.909090909090907 }, "geometry": { "type": "Point", "coordinates": [ -0.229660477237572, 51.616375728527018 ] } },
{ "type": "Feature", "properties": { "max_height": 16.592765808105469, "mean_height": 8.0970125198364258, "std_height": 4.2248945236206055, "count_pixels": 43, "percent_cover": 0.025794067364506162, "percent_above_0.1m": 100.0, "low_level_<0.5": 0.0, "mid_level_0.5-2": 9.3023255813953494, "tall_2+": 90.697674418604649 }, "geometry": { "type": "Point", "coordinates": [ -0.229460441246508, 51.616372711994487 ] } },
{ "type": "Feature", "properties": { "max_height": 14.075241088867188, "mean_height": 5.6997256278991699, "std_height": 4.6813182830810547, "count_pixels": 43, "percent_cover": 0.025794067364506162, "percent_above_0.1m": 83.720930232558146, "low_level_<0.5": 4.6511627906976747, "mid_level_0.5-2": 13.953488372093023, "tall_2+": 65.116279069767444 }, "geometry": { "type": "Point", "coordinates": [ -0.229260405290635, 51.616369695121286 ] } },
{ "type": "Feature", "properties": { "max_height": 14.669502258300781, "mean_height": 6.4315838813781738, "std_height": 3.9908630847930908, "count_pixels": 42, "percent_cover": 0.025194205332773459, "percent_above_0.1m": 100.0, "low_level_<0.5": 9.5238095238095237, "mid_level_0.5-2": 7.1428571428571423, "tall_2+": 83.333333333333343 }, "geometry": { "type": "Point", "coordinates": [ -0.229060369369961, 51.616366677907379 ] } },
{ "type": "Feature", "properties": { "max_height": 19.217262268066406, "mean_height": 9.0208826065063477, "std_height": 4.2927212715148926, "count_pixels": 42, "percent_cover": 0.025194205332773459, "percent_above_0.1m": 100.0, "low_level_<0.5": 0.0, "mid_level_0.5-2": 4.7619047619047619, "tall_2+": 95.238095238095227 }, "geometry": { "type": "Point", "coordinates": [ -0.228860333484478, 51.616363660352782 ] } },
{ "type": "Feature", "properties": { "max_height": 22.579261779785156, "mean_height": 10.864164352416992, "std_height": 5.6569662094116211, "count_pixels": 41, "percent_cover": 0.024594343301040763, "percent_above_0.1m": 100.0, "low_level_<0.5": 2.4390243902439024, "mid_level_0.5-2": 2.4390243902439024, "tall_2+": 95.121951219512198 }, "geometry": { "type": "Point", "coordinates": [ -0.228660297634207, 51.616360642457515 ] } },
{ "type": "Feature", "properties": { "max_height": 8.0265045166015625, "mean_height": 2.2319796085357666, "std_height": 2.2680485248565674, "count_pixels": 40, "percent_cover": 0.02399448126930806, "percent_above_0.1m": 82.5, "low_level_<0.5": 7.5, "mid_level_0.5-2": 25.0, "tall_2+": 50.0 }, "geometry": { "type": "Point", "coordinates": [ -0.228460261819138, 51.616357624221571 ] } },
{ "type": "Feature", "properties": { "max_height": 7.6925048828125, "mean_height": 2.8225193023681641, "std_height": 2.409614086151123, "count_pixels": 36, "percent_cover": 0.021595033142377252, "percent_above_0.1m": 86.111111111111114, "low_level_<0.5": 11.111111111111111, "mid_level_0.5-2": 22.222222222222221, "tall_2+": 52.777777777777779 }, "geometry": { "type": "Point", "coordinates": [ -0.228260226039282, 51.616354605644922 ] } },
{ "type": "Feature", "properties": { "max_height": 13.758010864257812, "mean_height": 6.7916860580444336, "std_height": 3.7827467918395996, "count_pixels": 40, "percent_cover": 0.02399448126930806, "percent_above_0.1m": 100.0, "low_level_<0.5": 2.5, "mid_level_0.5-2": 10.0, "tall_2+": 87.5 }, "geometry": { "type": "Point", "coordinates": [ -0.22806019029464, 51.616351586727596 ] } },
{ "type": "Feature", "properties": { "max_height": 7.610748291015625, "mean_height": 1.2090108394622803, "std_height": 2.0065748691558838, "count_pixels": 41, "percent_cover": 0.024594343301040763, "percent_above_0.1m": 70.731707317073173, "low_level_<0.5": 19.512195121951219, "mid_level_0.5-2": 31.707317073170731, "tall_2+": 14.634146341463413 }, "geometry": { "type": "Point", "coordinates": [ -0.227860154585219, 51.616348567469572 ] } },
{ "type": "Feature", "properties": { "max_height": 0.1974945068359375, "mean_height": 0.0052250451408326626, "std_height": 0.030243519693613052, "count_pixels": 42, "percent_cover": 0.025194205332773459, "percent_above_0.1m": 2.3809523809523809, "low_level_<0.5": 2.3809523809523809, "mid_level_0.5-2": 0.0, "tall_2+": 0.0 }, "geometry": { "type": "Point", "coordinates": [ -0.227660118911021, 51.616345547870885 ] } },
{ "type": "Feature", "properties": { "max_height": 12.691505432128906, "mean_height": 3.587993860244751, "std_height": 3.8347516059875488, "count_pixels": 42, "percent_cover": 0.025194205332773459, "percent_above_0.1m": 88.095238095238088, "low_level_<0.5": 16.666666666666664, "mid_level_0.5-2": 21.428571428571427, "tall_2+": 47.619047619047613 }, "geometry": { "type": "Point", "coordinates": [ -0.227460083272048, 51.616342527931494 ] } },
{ "type": "Feature", "properties": { "max_height": 7.4065017700195312, "mean_height": 1.1585829257965088, "std_height": 1.6507729291915894, "count_pixels": 42, "percent_cover": 0.025194205332773459, "percent_above_0.1m": 59.523809523809526, "low_level_<0.5": 7.1428571428571423, "mid_level_0.5-2": 28.571428571428569, "tall_2+": 23.809523809523807 }, "geometry": { "type": "Point", "coordinates": [ -0.22726004766831, 51.616339507651439 ] } },
{ "type": "Feature", "properties": { "max_height": 4.2997512817382812, "mean_height": 0.50557345151901245, "std_height": 0.97609579563140869, "count_pixels": 40, "percent_cover": 0.02399448126930806, "percent_above_0.1m": 35.0, "low_level_<0.5": 10.0, "mid_level_0.5-2": 17.5, "tall_2+": 5.0 }, "geometry": { "type": "Point", "coordinates": [ -0.22975630072328, 51.616485079325599 ] } },
{ "type": "Feature", "properties": { "max_height": 4.1800079345703125, "mean_height": 0.40859666466712952, "std_height": 1.0295224189758301, "count_pixels": 36, "percent_cover": 0.021595033142377252, "percent_above_0.1m": 16.666666666666664, "low_level_<0.5": 0.0, "mid_level_0.5-2": 5.5555555555555554, "tall_2+": 11.111111111111111 }, "geometry": { "type": "Point", "coordinates": [ -0.229556264235542, 51.616482062951611 ] } },
{ "type": "Feature", "properties": { "max_height": 12.010757446289062, "mean_height": 2.9262738227844238, "std_height": 4.0391607284545898, "count_pixels": 41, "percent_cover": 0.024594343301040763, "percent_above_0.1m": 46.341463414634148, "low_level_<0.5": 4.8780487804878048, "mid_level_0.5-2": 4.8780487804878048, "tall_2+": 36.585365853658537 }, "geometry": { "type": "Point", "coordinates": [ -0.229356227783001, 51.616479046236925 ] } },
{ "type": "Feature", "properties": { "max_height": 15.704498291015625, "mean_height": 5.1859211921691895, "std_height": 3.8592233657836914, "count_pixels": 41, "percent_cover": 0.024594343301040763, "percent_above_0.1m": 92.682926829268297, "low_level_<0.5": 2.4390243902439024, "mid_level_0.5-2": 17.073170731707318, "tall_2+": 73.170731707317074 }, "geometry": { "type": "Point", "coordinates": [ -0.229156191365647, 51.616476029181541 ] } },
{ "type": "Feature", "properties": { "max_height": 16.044754028320312, "mean_height": 10.456499099731445, "std_height": 3.0589120388031006, "count_pixels": 42, "percent_cover": 0.025194205332773459, "percent_above_0.1m": 100.0, "low_level_<0.5": 0.0, "mid_level_0.5-2": 0.0, "tall_2+": 100.0 }, "geometry": { "type": "Point", "coordinates": [ -0.228956154983491, 51.616473011785494 ] } },
{ "type": "Feature", "properties": { "max_height": 20.874015808105469, "mean_height": 11.545165061950684, "std_height": 4.4493088722229004, "count_pixels": 42, "percent_cover": 0.025194205332773459, "percent_above_0.1m": 100.0, "low_level_<0.5": 0.0, "mid_level_0.5-2": 0.0, "tall_2+": 100.0 }, "geometry": { "type": "Point", "coordinates": [ -0.228756118636538, 51.616469994048735 ] } },
{ "type": "Feature", "properties": { "max_height": 23.133255004882812, "mean_height": 11.964651107788086, "std_height": 6.7848978042602539, "count_pixels": 43, "percent_cover": 0.025794067364506162, "percent_above_0.1m": 90.697674418604649, "low_level_<0.5": 0.0, "mid_level_0.5-2": 2.3255813953488373, "tall_2+": 88.372093023255815 }, "geometry": { "type": "Point", "coordinates": [ -0.228556082324793, 51.616466975971299 ] } },
{ "type": "Feature", "properties": { "max_height": 11.495254516601562, "mean_height": 2.4032950401306152, "std_height": 3.3039209842681885, "count_pixels": 44, "percent_cover": 0.026393929396238865, "percent_above_0.1m": 81.818181818181827, "low_level_<0.5": 9.0909090909090917, "mid_level_0.5-2": 36.363636363636367, "tall_2+": 31.818181818181817 }, "geometry": { "type": "Point", "coordinates": [ -0.228356046048254, 51.616463957553172 ] } },
{ "type": "Feature", "properties": { "max_height": 11.123504638671875, "mean_height": 3.0767781734466553, "std_height": 3.2332632541656494, "count_pixels": 44, "percent_cover": 0.026393929396238865, "percent_above_0.1m": 100.0, "low_level_<0.5": 22.727272727272727, "mid_level_0.5-2": 25.0, "tall_2+": 45.454545454545453 }, "geometry": { "type": "Point", "coordinates": [ -0.228156009806932, 51.616460938794368 ] } },
{ "type": "Feature", "properties": { "max_height": 7.7342605590820312, "mean_height": 1.250941276550293, "std_height": 1.9489810466766357, "count_pixels": 43, "percent_cover": 0.025794067364506162, "percent_above_0.1m": 83.720930232558146, "low_level_<0.5": 30.232558139534881, "mid_level_0.5-2": 32.558139534883722, "tall_2+": 18.604651162790699 }, "geometry": { "type": "Point", "coordinates": [ -0.227955973600822, 51.616457919694888 ] } },
{ "type": "Feature", "properties": { "max_height": 11.869255065917969, "mean_height": 2.8014750480651855, "std_height": 3.9836783409118652, "count_pixels": 42, "percent_cover": 0.025194205332773459, "percent_above_0.1m": 66.666666666666657, "low_level_<0.5": 11.904761904761903, "mid_level_0.5-2": 9.5238095238095237, "tall_2+": 33.333333333333329 }, "geometry": { "type": "Point", "coordinates": [ -0.227755937429938, 51.616454900254695 ] } },
{ "type": "Feature", "properties": { "max_height": 5.3190078735351562, "mean_height": 1.1587851047515869, "std_height": 1.1822891235351562, "count_pixels": 42, "percent_cover": 0.025194205332773459, "percent_above_0.1m": 85.714285714285708, "low_level_<0.5": 19.047619047619047, "mid_level_0.5-2": 50.0, "tall_2+": 14.285714285714285 }, "geometry": { "type": "Point", "coordinates": [ -0.22755590129428, 51.616451880473818 ] } },
{ "type": "Feature", "properties": { "max_height": 8.10675048828125, "mean_height": 1.8604166507720947, "std_height": 1.9718073606491089, "count_pixels": 42, "percent_cover": 0.025194205332773459, "percent_above_0.1m": 83.333333333333343, "low_level_<0.5": 9.5238095238095237, "mid_level_0.5-2": 40.476190476190474, "tall_2+": 30.952380952380953 }, "geometry": { "type": "Point", "coordinates": [ -0.227355865193849, 51.616448860352271 ] } },
{ "type": "Feature", "properties": { "max_height": 4.8847579956054688, "mean_height": 0.51397502422332764, "std_height": 1.36351478099823, "count_pixels": 42, "percent_cover": 0.025194205332773459, "percent_above_0.1m": 16.666666666666664, "low_level_<0.5": 0.0, "mid_level_0.5-2": 7.1428571428571423, "tall_2+": 9.5238095238095237 }, "geometry": { "type": "Point", "coordinates": [ -0.228851940100331, 51.616579345564375 ] } },
{ "type": "Feature", "properties": { "max_height": 13.834503173828125, "mean_height": 6.107964038848877, "std_height": 4.64385986328125, "count_pixels": 41, "percent_cover": 0.024594343301040763, "percent_above_0.1m": 78.048780487804876, "low_level_<0.5": 2.4390243902439024, "mid_level_0.5-2": 4.8780487804878048, "tall_2+": 68.292682926829272 }, "geometry": { "type": "Point", "coordinates": [ -0.228651903291902, 51.616576327645454 ] } },
{ "type": "Feature", "properties": { "max_height": 17.512496948242188, "mean_height": 10.438368797302246, "std_height": 3.0708487033843994, "count_pixels": 40, "percent_cover": 0.02399448126930806, "percent_above_0.1m": 100.0, "low_level_<0.5": 0.0, "mid_level_0.5-2": 0.0, "tall_2+": 100.0 }, "geometry": { "type": "Point", "coordinates": [ -0.228451866518683, 51.616573309385856 ] } },
{ "type": "Feature", "properties": { "max_height": 12.438758850097656, "mean_height": 2.3914422988891602, "std_height": 2.5076322555541992, "count_pixels": 36, "percent_cover": 0.021595033142377252, "percent_above_0.1m": 97.222222222222214, "low_level_<0.5": 11.111111111111111, "mid_level_0.5-2": 36.111111111111107, "tall_2+": 47.222222222222221 }, "geometry": { "type": "Point", "coordinates": [ -0.228251829780673, 51.616570290785553 ] } },
{ "type": "Feature", "properties": { "max_height": 11.02349853515625, "mean_height": 1.9558675289154053, "std_height": 2.8049404621124268, "count_pixels": 40, "percent_cover": 0.02399448126930806, "percent_above_0.1m": 75.0, "low_level_<0.5": 15.0, "mid_level_0.5-2": 22.5, "tall_2+": 32.5 }, "geometry": { "type": "Point", "coordinates": [ -0.228051793077878, 51.616567271844595 ] } },
{ "type": "Feature", "properties": { "max_height": 10.475257873535156, "mean_height": 6.389864444732666, "std_height": 2.5937433242797852, "count_pixels": 41, "percent_cover": 0.024594343301040763, "percent_above_0.1m": 100.0, "low_level_<0.5": 0.0, "mid_level_0.5-2": 9.7560975609756095, "tall_2+": 90.243902439024396 }, "geometry": { "type": "Point", "coordinates": [ -0.227851756410306, 51.616564252562924 ] } },
{ "type": "Feature", "properties": { "max_height": 10.507255554199219, "mean_height": 4.35406494140625, "std_height": 3.605849027633667, "count_pixels": 42, "percent_cover": 0.025194205332773459, "percent_above_0.1m": 90.476190476190482, "low_level_<0.5": 4.7619047619047619, "mid_level_0.5-2": 26.190476190476193, "tall_2+": 59.523809523809526 }, "geometry": { "type": "Point", "coordinates": [ -0.227651719777955, 51.616561232940576 ] } },
{ "type": "Feature", "properties": { "max_height": 4.7285079956054688, "mean_height": 1.0667848587036133, "std_height": 1.2027825117111206, "count_pixels": 42, "percent_cover": 0.025194205332773459, "percent_above_0.1m": 69.047619047619051, "low_level_<0.5": 16.666666666666664, "mid_level_0.5-2": 33.333333333333329, "tall_2+": 19.047619047619047 }, "geometry": { "type": "Point", "coordinates": [ -0.227451683180831, 51.616558212977523 ] } },
{ "type": "Feature", "properties": { "max_height": 7.1632537841796875, "mean_height": 2.3840105533599854, "std_height": 2.3516566753387451, "count_pixels": 43, "percent_cover": 0.025794067364506162, "percent_above_0.1m": 62.790697674418603, "low_level_<0.5": 0.0, "mid_level_0.5-2": 13.953488372093023, "tall_2+": 48.837209302325576 }, "geometry": { "type": "Point", "coordinates": [ -0.22854768745057, 51.616682661142939 ] } },
{ "type": "Feature", "properties": { "max_height": 12.780258178710938, "mean_height": 4.9436078071594238, "std_height": 3.2227585315704346, "count_pixels": 44, "percent_cover": 0.026393929396238865, "percent_above_0.1m": 97.727272727272734, "low_level_<0.5": 4.5454545454545459, "mid_level_0.5-2": 4.5454545454545459, "tall_2+": 86.36363636363636 }, "geometry": { "type": "Point", "coordinates": [ -0.228347650215873, 51.616679642701165 ] } },
{ "type": "Feature", "properties": { "max_height": 16.399246215820312, "mean_height": 6.8014531135559082, "std_height": 4.0341348648071289, "count_pixels": 44, "percent_cover": 0.026393929396238865, "percent_above_0.1m": 100.0, "low_level_<0.5": 0.0, "mid_level_0.5-2": 13.636363636363635, "tall_2+": 86.36363636363636 }, "geometry": { "type": "Point", "coordinates": [ -0.228147613016386, 51.616676623918707 ] } },
{ "type": "Feature", "properties": { "max_height": 15.186256408691406, "mean_height": 8.5985116958618164, "std_height": 3.4964432716369629, "count_pixels": 43, "percent_cover": 0.025794067364506162, "percent_above_0.1m": 100.0, "low_level_<0.5": 2.3255813953488373, "mid_level_0.5-2": 2.3255813953488373, "tall_2+": 95.348837209302332 }, "geometry": { "type": "Point", "coordinates": [ -0.227947575852127, 51.616673604795565 ] } },
{ "type": "Feature", "properties": { "max_height": 16.162261962890625, "mean_height": 6.5781846046447754, "std_height": 3.3872244358062744, "count_pixels": 42, "percent_cover": 0.025194205332773459, "percent_above_0.1m": 100.0, "low_level_<0.5": 0.0, "mid_level_0.5-2": 4.7619047619047619, "tall_2+": 95.238095238095227 }, "geometry": { "type": "Point", "coordinates": [ -0.227747538723085, 51.61667058533174 ] } },
{ "type": "Feature", "properties": { "max_height": 11.6715087890625, "mean_height": 2.8767611980438232, "std_height": 3.6588337421417236, "count_pixels": 42, "percent_cover": 0.025194205332773459, "percent_above_0.1m": 69.047619047619051, "low_level_<0.5": 14.285714285714285, "mid_level_0.5-2": 16.666666666666664, "tall_2+": 38.095238095238095 }, "geometry": { "type": "Point", "coordinates": [ -0.227547501629263, 51.616667565527202 ] } },
{ "type": "Feature", "properties": { "max_height": 15.21624755859375, "mean_height": 7.3369565010070801, "std_height": 4.9993734359741211, "count_pixels": 36, "percent_cover": 0.021595033142377252, "percent_above_0.1m": 86.111111111111114, "low_level_<0.5": 0.0, "mid_level_0.5-2": 8.3333333333333321, "tall_2+": 75.0 }, "geometry": { "type": "Point", "coordinates": [ -0.22824343341636, 51.61678597591726 ] } },
{ "type": "Feature", "properties": { "max_height": 18.329505920410156, "mean_height": 10.992725372314453, "std_height": 4.2159466743469238, "count_pixels": 40, "percent_cover": 0.02399448126930806, "percent_above_0.1m": 100.0, "low_level_<0.5": 0.0, "mid_level_0.5-2": 0.0, "tall_2+": 100.0 }, "geometry": { "type": "Point", "coordinates": [ -0.228043395755399, 51.616782956952626 ] } },
{ "type": "Feature", "properties": { "max_height": 19.225250244140625, "mean_height": 6.8110671043395996, "std_height": 5.9698457717895508, "count_pixels": 41, "percent_cover": 0.024594343301040763, "percent_above_0.1m": 82.926829268292678, "low_level_<0.5": 2.4390243902439024, "mid_level_0.5-2": 2.4390243902439024, "tall_2+": 78.048780487804876 }, "geometry": { "type": "Point", "coordinates": [ -0.22784335812966, 51.616779937647301 ] } },
{ "type": "Feature", "properties": { "max_height": 11.154510498046875, "mean_height": 4.033118724822998, "std_height": 3.618389368057251, "count_pixels": 42, "percent_cover": 0.025194205332773459, "percent_above_0.1m": 73.80952380952381, "low_level_<0.5": 4.7619047619047619, "mid_level_0.5-2": 9.5238095238095237, "tall_2+": 59.523809523809526 }, "geometry": { "type": "Point", "coordinates": [ -0.227643320539148, 51.616776918001293 ] } }
]
}
