{
"type": "FeatureCollection",
"name": "ENFIE_52_NACH",
"crs": { "type": "name", "properties": { "name": "urn:ogc:def:crs:OGC:1.3:CRS84" } },
"features": [
{"type":"Feature","properties":{"id":10906,"nach":0.35061893376821585},"geometry":{"type":"LineString","coordinates":[[-0.0589046,51.6825761],[-0.159543248465411,51.687323762249527]]}},
{"type":"Feature","properties":{"id":20416,"nach":0.55126043407382952},"geometry":{"type":"LineString","coordinates":[[-0.083361,51.6708975],[-0.08347,51.6709435]]}},
{"type":"Feature","properties":{"id":34173,"nach":0.56981534179328719},"geometry":{"type":"LineString","coordinates":[[-0.0835643,51.6709891],[-0.08347,51.6709435]]}},
{"type":"Feature","properties":{"id":2393,"nach":0.45623236391167576},"geometry":{"type":"LineString","coordinates":[[-0.0842476,51.6683751],[-0.0843295,51.6685725],[-0.0843514,51.6688932],[-0.0844105,51.6695129],[-0.0843769,51.6696866],[-0.0843207,51.6698605],[-0.0842817,51.6699743],[-0.0840289,51.6703335],[-0.0839813,51.6704012],[-0.0837828,51.6706589],[-0.08347,51.6709435]]}},
{"type":"Feature","properties":{"id":20418,"nach":0.44119724413664591},"geometry":{"type":"LineString","coordinates":[[-0.083361,51.6708975],[-0.0834663,51.6708037],[-0.0836326,51.6706605],[-0.0837788,51.6705118],[-0.0838578,51.6704042],[-0.0838837,51.6703617],[-0.0840215,51.670164100000015],[-0.0841905,51.6698913]]}},
{"type":"Feature","properties":{"id":39171,"nach":0.54043387357923134},"geometry":{"type":"LineString","coordinates":[[-0.0823834,51.6704643],[-0.0825906,51.6705547],[-0.0833108,51.6708716],[-0.083361,51.6708975]]}},
{"type":"Feature","properties":{"id":34175,"nach":0.53805993789976314},"geometry":{"type":"LineString","coordinates":[[-0.0835643,51.6709891],[-0.0835174,51.671021699999983],[-0.0834963,51.6710398],[-0.0833837,51.6711364],[-0.0831705,51.6714633],[-0.0827885,51.6716387]]}},
{"type":"Feature","properties":{"id":34174,"nach":0.56663815023202901},"geometry":{"type":"LineString","coordinates":[[-0.0835643,51.6709891],[-0.0840357,51.67125260000001],[-0.084168,51.67131830000001]]}},
{"type":"Feature","properties":{"id":34177,"nach":0.56775570303680789},"geometry":{"type":"LineString","coordinates":[[-0.0839178,51.6708191],[-0.0837378,51.670931100000011],[-0.0836074,51.6709587],[-0.0835643,51.6709891]]}},
{"type":"Feature","properties":{"id":23254,"nach":0.52770450318282858},"geometry":{"type":"LineString","coordinates":[[-0.0842372,51.6681924],[-0.0842476,51.6683751]]}},
{"type":"Feature","properties":{"id":20415,"nach":0.47710171701655452},"geometry":{"type":"LineString","coordinates":[[-0.0842428,51.668924],[-0.0842053,51.6686969],[-0.0842026,51.6685545],[-0.0842254,51.668434499999989],[-0.0842476,51.6683751]]}},
{"type":"Feature","properties":{"id":15742,"nach":0.56064002033458571},"geometry":{"type":"LineString","coordinates":[[-0.0979868,51.6813541],[-0.0981725,51.68171190000001]]}},
{"type":"Feature","properties":{"id":68496,"nach":0.56275516060799846},"geometry":{"type":"LineString","coordinates":[[-0.0984424,51.6823473],[-0.0981725,51.68171190000001]]}},
{"type":"Feature","properties":{"id":56393,"nach":0.47345169513902374},"geometry":{"type":"LineString","coordinates":[[-0.0964054,51.68191680000001],[-0.0966292,51.6818938],[-0.0981725,51.68171190000001]]}},
{"type":"Feature","properties":{"id":15743,"nach":0.54974897401890133},"geometry":{"type":"LineString","coordinates":[[-0.0979868,51.6813541],[-0.0975422,51.6806562],[-0.097399,51.68035050000001]]}},
{"type":"Feature","properties":{"id":15741,"nach":0.51476955353384735},"geometry":{"type":"LineString","coordinates":[[-0.0979868,51.6813541],[-0.0991094,51.6811561]]}},
{"type":"Feature","properties":{"id":68498,"nach":0.56415163096173104},"geometry":{"type":"LineString","coordinates":[[-0.0984424,51.6823473],[-0.0984662,51.68240320000001],[-0.0986652,51.6829341]]}},
{"type":"Feature","properties":{"id":68497,"nach":0.38131346442728831},"geometry":{"type":"LineString","coordinates":[[-0.0984424,51.6823473],[-0.0997622,51.6821711]]}},
{"type":"Feature","properties":{"id":59361,"nach":0.43627466593181224},"geometry":{"type":"LineString","coordinates":[[-0.0952683,51.6820339],[-0.0964054,51.68191680000001]]}},
{"type":"Feature","properties":{"id":56395,"nach":0.37189882169784522},"geometry":{"type":"LineString","coordinates":[[-0.0971336,51.6820267],[-0.0965976,51.6821032],[-0.0965238,51.6820944],[-0.0964912,51.6820742],[-0.0964473,51.6820056],[-0.0964054,51.68191680000001]]}},
{"type":"Feature","properties":{"id":73454,"nach":0.49603762490150688},"geometry":{"type":"LineString","coordinates":[[-0.0951216,51.6752947],[-0.0952365,51.675288400000014],[-0.0952929,51.6752901],[-0.095313,51.6753051],[-0.0953505,51.6754768],[-0.0953458,51.6754943],[-0.0953244,51.6755121],[-0.0951717,51.675536399999984]]}},
{"type":"Feature","properties":{"id":47758,"nach":0.49450759993783822},"geometry":{"type":"LineString","coordinates":[[-0.0952197,51.67572950000001],[-0.0951717,51.675536399999984]]}},
{"type":"Feature","properties":{"id":73452,"nach":0.49868693956440979},"geometry":{"type":"LineString","coordinates":[[-0.0951216,51.6752947],[-0.0951119,51.675248]]}},
{"type":"Feature","properties":{"id":47759,"nach":0.51182795396532843},"geometry":{"type":"LineString","coordinates":[[-0.0952197,51.67572950000001],[-0.0954018,51.6762631],[-0.0954618,51.6763701]]}},
{"type":"Feature","properties":{"id":47770,"nach":0.41894947270993432},"geometry":{"type":"LineString","coordinates":[[-0.0959218,51.6755547],[-0.0959197,51.6755893],[-0.0958337,51.675634],[-0.0952197,51.67572950000001]]}},
{"type":"Feature","properties":{"id":46794,"nach":0.54658457816097028},"geometry":{"type":"LineString","coordinates":[[-0.0973839,51.6802745],[-0.097399,51.68035050000001]]}},
{"type":"Feature","properties":{"id":15765,"nach":0.41791150844132097},"geometry":{"type":"LineString","coordinates":[[-0.0947151,51.68076030000001],[-0.0948353,51.6807656],[-0.097399,51.68035050000001]]}},
{"type":"Feature","properties":{"id":55158,"nach":0.54285152586280994},"geometry":{"type":"LineString","coordinates":[[-0.0972832,51.6797669],[-0.0973839,51.6802745]]}},
{"type":"Feature","properties":{"id":46796,"nach":0.37907864385019518},"geometry":{"type":"LineString","coordinates":[[-0.0966905,51.6802142],[-0.0966802,51.6802546],[-0.0967213,51.6803203],[-0.096776,51.6803564],[-0.0970808,51.680315],[-0.0973839,51.6802745]]}},
{"type":"Feature","properties":{"id":15767,"nach":0.3395046347486676},"geometry":{"type":"LineString","coordinates":[[-0.0937882,51.6807816],[-0.0938997,51.680770900000013],[-0.0940285,51.6807071],[-0.0943632,51.68065390000001],[-0.0945349,51.6806698],[-0.0946636,51.6807177],[-0.0947151,51.68076030000001]]}},
{"type":"Feature","properties":{"id":15768,"nach":0.34043914750161114},"geometry":{"type":"LineString","coordinates":[[-0.0937796,51.6809412],[-0.0945349,51.6808348],[-0.0947151,51.68076030000001]]}},
{"type":"Feature","properties":{"id":51109,"nach":0.57820432263917865},"geometry":{"type":"LineString","coordinates":[[-0.0836776,51.6673403],[-0.0836614,51.6673203]]}},
{"type":"Feature","properties":{"id":15036,"nach":0.52518471411136458},"geometry":{"type":"LineString","coordinates":[[-0.0817482,51.666988],[-0.0818624,51.6669841],[-0.0822589,51.6670164],[-0.0823307,51.6670339],[-0.0826679,51.6672612],[-0.0828065,51.6673397],[-0.0829211,51.6673862],[-0.0830756,51.6674139],[-0.0831942,51.6674069],[-0.0833701,51.6673733],[-0.0836614,51.6673203]]}},
{"type":"Feature","properties":{"id":1025,"nach":0.53709978929306179},"geometry":{"type":"LineString","coordinates":[[-0.0833423,51.6668721],[-0.0834958,51.6671039],[-0.0836614,51.6673203]]}},
{"type":"Feature","properties":{"id":51111,"nach":0.56518845905800519},"geometry":{"type":"LineString","coordinates":[[-0.0836776,51.6673403],[-0.0838487,51.6675451],[-0.0839183,51.667622900000012],[-0.0840028,51.6676953],[-0.0841516,51.6677693],[-0.0842174,51.6678056]]}},
{"type":"Feature","properties":{"id":51110,"nach":0.47262957161345337},"geometry":{"type":"LineString","coordinates":[[-0.0836776,51.6673403],[-0.0838137,51.6673094],[-0.0844938,51.6671962],[-0.0846485,51.6671721],[-0.0847872,51.66716820000002],[-0.0850943,51.6672048],[-0.0852158,51.66723420000001]]}},
{"type":"Feature","properties":{"id":1023,"nach":0.40670631209091457},"geometry":{"type":"LineString","coordinates":[[-0.0833423,51.6668721],[-0.0845081,51.6667092],[-0.0852467,51.6666046]]}},
{"type":"Feature","properties":{"id":1030,"nach":0.53741559196671107},"geometry":{"type":"LineString","coordinates":[[-0.0831344,51.6663374],[-0.0832927,51.6667471],[-0.0833423,51.6668721]]}},
{"type":"Feature","properties":{"id":1099,"nach":0.53412868906501676},"geometry":{"type":"LineString","coordinates":[[-0.0852179,51.667852],[-0.0864513,51.6679583],[-0.0868405,51.667948599999988]]}},
{"type":"Feature","properties":{"id":65787,"nach":0.4039205893224655},"geometry":{"type":"LineString","coordinates":[[-0.0868807,51.668037599999984],[-0.086825,51.6680411],[-0.0864387,51.6680344],[-0.0861061,51.668021099999983],[-0.0856341,51.6679745],[-0.0854195,51.6679745],[-0.0850962,51.66792980000001]]}},
{"type":"Feature","properties":{"id":50888,"nach":0.56181811116219205},"geometry":{"type":"LineString","coordinates":[[-0.0849001,51.6678071],[-0.0852179,51.667852]]}},
{"type":"Feature","properties":{"id":2371,"nach":0.51110480706516337},"geometry":{"type":"LineString","coordinates":[[-0.0850962,51.66792980000001],[-0.0852179,51.667852]]}},
{"type":"Feature","properties":{"id":17188,"nach":0.56414574075238766},"geometry":{"type":"LineString","coordinates":[[-0.0852158,51.66723420000001],[-0.0851807,51.6673751],[-0.0851523,51.6674715],[-0.0851243,51.6676805],[-0.0851215,51.6677778],[-0.0852179,51.667852]]}},
{"type":"Feature","properties":{"id":17187,"nach":0.3893228011268583},"geometry":{"type":"LineString","coordinates":[[-0.0852158,51.66723420000001],[-0.0853667,51.6672424],[-0.0854849,51.6672456],[-0.0857913,51.667224],[-0.0867707,51.6671435]]}},
{"type":"Feature","properties":{"id":17189,"nach":0.57597831914551589},"geometry":{"type":"LineString","coordinates":[[-0.0852158,51.66723420000001],[-0.0852077,51.66717160000001],[-0.0852171,51.666887],[-0.0852314,51.6668166],[-0.0852438,51.6667292],[-0.0852467,51.6666046]]}},
{"type":"Feature","properties":{"id":77532,"nach":0.5838254541976452},"geometry":{"type":"LineString","coordinates":[[-0.0842214,51.6678411],[-0.0842174,51.6678056]]}},
{"type":"Feature","properties":{"id":50890,"nach":0.58555629059451908},"geometry":{"type":"LineString","coordinates":[[-0.0849001,51.6678071],[-0.0843796,51.6677851],[-0.0842174,51.6678056]]}},
{"type":"Feature","properties":{"id":77533,"nach":0.57069916693810219},"geometry":{"type":"LineString","coordinates":[[-0.0842214,51.6678411],[-0.0842531,51.6678955],[-0.0842594,51.6679682],[-0.0842489,51.6679883]]}},
{"type":"Feature","properties":{"id":79226,"nach":0.42407623802033151},"geometry":{"type":"LineString","coordinates":[[-0.0841633,51.6679034],[-0.0841659,51.6678698],[-0.0842214,51.6678411]]}},
{"type":"Feature","properties":{"id":50889,"nach":0.51296109285804969},"geometry":{"type":"LineString","coordinates":[[-0.0849001,51.6678071],[-0.0850962,51.66792980000001]]}},
{"type":"Feature","properties":{"id":65780,"nach":0.49466532377493372},"geometry":{"type":"LineString","coordinates":[[-0.0848031,51.6688122],[-0.0850962,51.66792980000001]]}},
{"type":"Feature","properties":{"id":65783,"nach":0.49836753626443081},"geometry":{"type":"LineString","coordinates":[[-0.0862391,51.6684517],[-0.0857179,51.6681918],[-0.0850962,51.66792980000001]]}},
{"type":"Feature","properties":{"id":2471,"nach":0.5265032956658986},"geometry":{"type":"LineString","coordinates":[[-0.0797263,51.6696102],[-0.080196,51.6698182]]}},
{"type":"Feature","properties":{"id":2397,"nach":0.38349179181484816},"geometry":{"type":"LineString","coordinates":[[-0.0817349,51.667039900000013],[-0.0816932,51.6672758],[-0.0816524,51.6673754],[-0.0811388,51.668147500000011],[-0.0810102,51.6683534],[-0.080692,51.669006],[-0.0804003,51.669604100000022],[-0.080196,51.6698182]]}},
{"type":"Feature","properties":{"id":23332,"nach":0.53019750273292654},"geometry":{"type":"LineString","coordinates":[[-0.0815464,51.6701699],[-0.080475,51.6699201],[-0.080196,51.6698182]]}},
{"type":"Feature","properties":{"id":2470,"nach":0.51724791948770632},"geometry":{"type":"LineString","coordinates":[[-0.0797263,51.6696102],[-0.0792025,51.6693754]]}},
{"type":"Feature","properties":{"id":39173,"nach":0.44967819662783809},"geometry":{"type":"LineString","coordinates":[[-0.079204,51.6706214],[-0.0791657,51.6706073],[-0.079104,51.670569],[-0.0790476,51.6705308],[-0.0790289,51.6704709],[-0.0790074,51.6704376],[-0.0789344,51.6703469],[-0.0797263,51.6696102]]}},
{"type":"Feature","properties":{"id":23331,"nach":0.53285554615763353},"geometry":{"type":"LineString","coordinates":[[-0.0815464,51.6701699],[-0.0816529,51.670193]]}},
{"type":"Feature","properties":{"id":29510,"nach":0.39875842708820197},"geometry":{"type":"LineString","coordinates":[[-0.0802748,51.671924800000014],[-0.0803636,51.6717614],[-0.0802214,51.6717181],[-0.0804051,51.671526],[-0.0805299,51.6713763],[-0.0807216,51.6711841],[-0.080724,51.6711395],[-0.0808651,51.6709453],[-0.0810099,51.6707593],[-0.0811496,51.67057890000001],[-0.0813547,51.6703846],[-0.0815464,51.6701699]]}},
{"type":"Feature","properties":{"id":20695,"nach":0.50301336054826895},"geometry":{"type":"LineString","coordinates":[[-0.0771841,51.6686589],[-0.0771448,51.66871350000001]]}},
{"type":"Feature","properties":{"id":2405,"nach":0.52300074961373377},"geometry":{"type":"LineString","coordinates":[[-0.0762849,51.6684091],[-0.0771448,51.66871350000001]]}},
{"type":"Feature","properties":{"id":2402,"nach":0.48548717781034717},"geometry":{"type":"LineString","coordinates":[[-0.0792025,51.6693754],[-0.0786983,51.6691323],[-0.0780374,51.66891930000002],[-0.0771448,51.66871350000001]]}},
{"type":"Feature","properties":{"id":15041,"nach":0.45179564483826795},"geometry":{"type":"LineString","coordinates":[[-0.0797435,51.668467],[-0.0796798,51.6685167],[-0.0795723,51.6687116],[-0.0793,51.6692756],[-0.0792025,51.6693754]]}},
{"type":"Feature","properties":{"id":29508,"nach":0.41926446425627528},"geometry":{"type":"LineString","coordinates":[[-0.0802748,51.671924800000014],[-0.0804791,51.6720411]]}},
{"type":"Feature","properties":{"id":3228,"nach":0.29199886386934887},"geometry":{"type":"LineString","coordinates":[[-0.076177,51.674383],[-0.076619,51.674289],[-0.0766703,51.674283300000013],[-0.076881,51.674264],[-0.0770618,51.6742533],[-0.0772279,51.674294600000017],[-0.077487,51.674429],[-0.077609,51.674442],[-0.077713,51.674426],[-0.077796,51.674393],[-0.0780853,51.67416],[-0.0781406,51.6740402],[-0.0782189,51.6738737],[-0.0783632,51.673579],[-0.0784402,51.6733707],[-0.0784893,51.6732912],[-0.0785544,51.673141200000018],[-0.0785869,51.6730484],[-0.078886,51.672865],[-0.078969,51.672766],[-0.079019,51.672492],[-0.07906,51.672418],[-0.079124,51.672363],[-0.079315,51.672294],[-0.080068,51.67215],[-0.0804791,51.6720411]]}},
{"type":"Feature","properties":{"id":27167,"nach":0.4393178336075137},"geometry":{"type":"LineString","coordinates":[[-0.0804413,51.6722131],[-0.0804569,51.6721423],[-0.0804663,51.672099200000012],[-0.0804791,51.6720411]]}},
{"type":"Feature","properties":{"id":2365,"nach":0.44490169764777387},"geometry":{"type":"LineString","coordinates":[[-0.0827885,51.6716387],[-0.0820735,51.6717629],[-0.0816807,51.6718215],[-0.0814501,51.6718149],[-0.0812677,51.67183150000001],[-0.0811417,51.6718892],[-0.0810625,51.6719718],[-0.0809726,51.6720311],[-0.0808724,51.6720515],[-0.0804791,51.6720411]]}},
{"type":"Feature","properties":{"id":29509,"nach":0.22184688113654702},"geometry":{"type":"LineString","coordinates":[[-0.0802748,51.671924800000014],[-0.079751,51.671723],[-0.079665,51.671678],[-0.079546,51.671559],[-0.079477,51.67137],[-0.079424,51.671308],[-0.079213,51.671107],[-0.079017,51.670971],[-0.078582,51.670787],[-0.07806,51.670478],[-0.077383,51.670158],[-0.077025,51.670042],[-0.076389,51.669922],[-0.07596,51.669788],[-0.075811,51.669759],[-0.075202,51.669695],[-0.074169,51.669498],[-0.073961,51.669447],[-0.073873,51.669384]]}},
{"type":"Feature","properties":{"id":22906,"nach":0.36055191289776956},"geometry":{"type":"LineString","coordinates":[[-0.0761127,51.6743817],[-0.076177,51.674383]]}},
{"type":"Feature","properties":{"id":38629,"nach":0.34321651456869978},"geometry":{"type":"LineString","coordinates":[[-0.0762076,51.6745552],[-0.076215,51.674509],[-0.076177,51.674383]]}},
{"type":"Feature","properties":{"id":27168,"nach":0.075698929235679224},"geometry":{"type":"LineString","coordinates":[[-0.0804413,51.6722131],[-0.0804797,51.67220420000001],[-0.080599,51.6722133],[-0.0809155,51.6721543],[-0.0811516,51.6720977],[-0.0813434,51.6720062],[-0.0817671,51.671978],[-0.0820528,51.6719896],[-0.082258,51.6719713],[-0.0824551,51.6719621],[-0.0824752,51.6718948],[-0.0825678,51.6718432],[-0.0828633,51.6717916]]}},
{"type":"Feature","properties":{"id":27166,"nach":0.41847901608155558},"geometry":{"type":"LineString","coordinates":[[-0.0804413,51.6722131],[-0.0804475,51.672342]]}},
{"type":"Feature","properties":{"id":3369,"nach":0.50993706722724697},"geometry":{"type":"LineString","coordinates":[[-0.0828633,51.6717916],[-0.0827885,51.6716387]]}},
{"type":"Feature","properties":{"id":3370,"nach":0.50011814364025309},"geometry":{"type":"LineString","coordinates":[[-0.0828633,51.6717916],[-0.0823076,51.6721402]]}},
{"type":"Feature","properties":{"id":65793,"nach":0.48529903251396261},"geometry":{"type":"LineString","coordinates":[[-0.0845743,51.6700709],[-0.0844232,51.6703522]]}},
{"type":"Feature","properties":{"id":65790,"nach":0.53834641762423041},"geometry":{"type":"LineString","coordinates":[[-0.0848326,51.6701765],[-0.0846564,51.6702383],[-0.0844232,51.6703522]]}},
{"type":"Feature","properties":{"id":34179,"nach":0.56290578218682574},"geometry":{"type":"LineString","coordinates":[[-0.0839178,51.6708191],[-0.0839481,51.6707933],[-0.0841558,51.6706752],[-0.0844232,51.6703522]]}},
{"type":"Feature","properties":{"id":65794,"nach":0.49094816880565756},"geometry":{"type":"LineString","coordinates":[[-0.0845743,51.6700709],[-0.0846115,51.6699888],[-0.0846571,51.669729],[-0.0846989,51.6694108],[-0.0847036,51.6691685]]}},
{"type":"Feature","properties":{"id":65795,"nach":0.37895404848731928},"geometry":{"type":"LineString","coordinates":[[-0.0845743,51.6700709],[-0.084659,51.670106],[-0.0847602,51.6701437],[-0.0848326,51.6701765]]}},
{"type":"Feature","properties":{"id":65791,"nach":0.54235391805590871},"geometry":{"type":"LineString","coordinates":[[-0.0848326,51.6701765],[-0.0848908,51.6701561],[-0.0855368,51.6698137],[-0.0858474,51.6696201],[-0.0861271,51.6694553]]}},
{"type":"Feature","properties":{"id":34178,"nach":0.38786739228860628},"geometry":{"type":"LineString","coordinates":[[-0.0839178,51.6708191],[-0.0840714,51.6708154],[-0.0844421,51.6708076],[-0.0845565,51.670801],[-0.084649,51.670777800000018],[-0.0847818,51.6707168],[-0.0849032,51.670616],[-0.084913,51.6705259],[-0.0849291,51.670493],[-0.0849777,51.6704517],[-0.0850608,51.6704202],[-0.085212,51.6703913],[-0.0853587,51.6703715],[-0.0855571,51.6703273],[-0.0857233,51.6702583],[-0.0857966,51.670215900000017],[-0.0859531,51.6701906],[-0.0860594,51.670202],[-0.0862095,51.6702635],[-0.0863358,51.6702697],[-0.0864867,51.6702512],[-0.0866561,51.670223],[-0.0868136,51.6702154],[-0.0868762,51.6701945],[-0.0869331,51.670148100000013],[-0.0869848,51.6701253],[-0.087043,51.6701149],[-0.0871372,51.6701031],[-0.0871913,51.670085799999988],[-0.087257,51.6700364],[-0.0873103,51.6699683],[-0.0872967,51.6699265],[-0.0872664,51.6698741],[-0.0872716,51.6698174],[-0.087308,51.6697892],[-0.0873757,51.6697653],[-0.0875695,51.6697328],[-0.0878932,51.6696874],[-0.0879319,51.6696559],[-0.088003,51.669620400000014],[-0.0881859,51.6696332],[-0.0882965,51.6696184],[-0.088411,51.6695992],[-0.088525,51.6695826],[-0.0886604,51.6695859],[-0.0887082,51.669549]]}},
{"type":"Feature","properties":{"id":65782,"nach":0.49061808002037138},"geometry":{"type":"LineString","coordinates":[[-0.0848031,51.6688122],[-0.0847872,51.6689082],[-0.0847036,51.6691685]]}},
{"type":"Feature","properties":{"id":65781,"nach":0.46523017090099511},"geometry":{"type":"LineString","coordinates":[[-0.0848031,51.6688122],[-0.0851154,51.6687157]]}},
{"type":"Feature","properties":{"id":65784,"nach":0.51882586694460919},"geometry":{"type":"LineString","coordinates":[[-0.0862391,51.6684517],[-0.0863149,51.6684895],[-0.0871208,51.6688735]]}},
{"type":"Feature","properties":{"id":65785,"nach":0.43097963463997729},"geometry":{"type":"LineString","coordinates":[[-0.0862391,51.6684517],[-0.085629,51.6685692],[-0.0851154,51.6687157]]}},
{"type":"Feature","properties":{"id":65852,"nach":0.53589296270546061},"geometry":{"type":"LineString","coordinates":[[-0.0862375,51.6693825],[-0.0871208,51.6688735]]}},
{"type":"Feature","properties":{"id":65851,"nach":0.54939850603512552},"geometry":{"type":"LineString","coordinates":[[-0.0862375,51.6693825],[-0.0861271,51.6694553]]}},
{"type":"Feature","properties":{"id":65853,"nach":0.44305983357950374},"geometry":{"type":"LineString","coordinates":[[-0.0862375,51.6693825],[-0.0866295,51.6693473],[-0.086718,51.6693202],[-0.0869164,51.6692616],[-0.0870876,51.6692016],[-0.0872317,51.6691525],[-0.0873899,51.6690932],[-0.0874796,51.6690427]]}},
{"type":"Feature","properties":{"id":43592,"nach":0.46719104515289012},"geometry":{"type":"LineString","coordinates":[[-0.0817913,51.6698364],[-0.0816529,51.670193]]}},
{"type":"Feature","properties":{"id":39180,"nach":0.53279747821483636},"geometry":{"type":"LineString","coordinates":[[-0.0818415,51.670246],[-0.0816529,51.670193]]}},
{"type":"Feature","properties":{"id":43594,"nach":0.44184357354684439},"geometry":{"type":"LineString","coordinates":[[-0.0817913,51.6698364],[-0.0819252,51.6694915],[-0.0822599,51.6686292],[-0.082389,51.6682965],[-0.0825091,51.6681741],[-0.0827358,51.6680759],[-0.0828679,51.6680629],[-0.0829869,51.6680496],[-0.0832306,51.6680589],[-0.0841436,51.6681162],[-0.084225,51.6681211]]}},
{"type":"Feature","properties":{"id":43593,"nach":0.39332586428341976},"geometry":{"type":"LineString","coordinates":[[-0.0817913,51.6698364],[-0.0812078,51.6697172]]}},
{"type":"Feature","properties":{"id":39182,"nach":0.33526296241553882},"geometry":{"type":"LineString","coordinates":[[-0.0818415,51.670246],[-0.0818284,51.670291500000012],[-0.0818237,51.6703079],[-0.0818157,51.6703411],[-0.0818237,51.6703594],[-0.0819069,51.670396],[-0.0819847,51.6704243],[-0.0821217,51.670478]]}},
{"type":"Feature","properties":{"id":49512,"nach":0.52809525676968094},"geometry":{"type":"LineString","coordinates":[[-0.0822169,51.6703919],[-0.0818415,51.670246]]}},
{"type":"Feature","properties":{"id":23255,"nach":0.5451682243047421},"geometry":{"type":"LineString","coordinates":[[-0.0842372,51.6681924],[-0.084225,51.6681211]]}},
{"type":"Feature","properties":{"id":23259,"nach":0.40865058890952632},"geometry":{"type":"LineString","coordinates":[[-0.0847036,51.6691685],[-0.0846828,51.669071800000012],[-0.0845809,51.6689586],[-0.0844897,51.6688588],[-0.084479,51.6686858],[-0.0844575,51.6685195],[-0.0844468,51.6683099],[-0.0843717,51.6682234],[-0.0843234,51.6681934],[-0.0842372,51.6681924]]}},
{"type":"Feature","properties":{"id":20413,"nach":0.40531310153314076},"geometry":{"type":"LineString","coordinates":[[-0.0842428,51.668924],[-0.0837111,51.6689241],[-0.0830109,51.668922200000011]]}},
{"type":"Feature","properties":{"id":20414,"nach":0.44338572953467359},"geometry":{"type":"LineString","coordinates":[[-0.0842428,51.668924],[-0.0843114,51.6693643],[-0.084311,51.6694167],[-0.0843058,51.6695204],[-0.0842495,51.6697383],[-0.0841905,51.6698913]]}},
{"type":"Feature","properties":{"id":15040,"nach":0.48445884508067072},"geometry":{"type":"LineString","coordinates":[[-0.0797435,51.668467],[-0.0798413,51.6684256],[-0.0799139,51.668384],[-0.0800021,51.6683391],[-0.0801124,51.6682574],[-0.0802158,51.6681123],[-0.0802577,51.6680124],[-0.0803012,51.6678598]]}},
{"type":"Feature","properties":{"id":20701,"nach":0.44768872026223916},"geometry":{"type":"LineString","coordinates":[[-0.0780843,51.668175],[-0.0782828,51.66823],[-0.0795892,51.668414],[-0.0797435,51.668467]]}},
{"type":"Feature","properties":{"id":20410,"nach":0.39215589073290874},"geometry":{"type":"LineString","coordinates":[[-0.0841905,51.6698913],[-0.0828091,51.6696722]]}},
{"type":"Feature","properties":{"id":2432,"nach":0.50098599158664581},"geometry":{"type":"LineString","coordinates":[[-0.0803012,51.6678598],[-0.0805029,51.6672621]]}},
{"type":"Feature","properties":{"id":2434,"nach":0.40699367680384835},"geometry":{"type":"LineString","coordinates":[[-0.079239,51.66771090000001],[-0.0803012,51.6678598]]}},
{"type":"Feature","properties":{"id":39183,"nach":0.37526467590336943},"geometry":{"type":"LineString","coordinates":[[-0.0793293,51.6706605],[-0.0792649,51.670643900000016],[-0.079204,51.6706214]]}},
{"type":"Feature","properties":{"id":39179,"nach":0.37408464671514091},"geometry":{"type":"LineString","coordinates":[[-0.079112,51.6707271],[-0.0791362,51.6706988],[-0.0791549,51.6706788],[-0.079204,51.6706214]]}},
{"type":"Feature","properties":{"id":38125,"nach":0.36605020082687811},"geometry":{"type":"LineString","coordinates":[[-0.0877935,51.6777317],[-0.0880296,51.6775789],[-0.0880639,51.6775635],[-0.088536,51.677171],[-0.089084,51.676445]]}},
{"type":"Feature","properties":{"id":3731,"nach":0.20214236018204576},"geometry":{"type":"LineString","coordinates":[[-0.083088,51.6732795],[-0.08327,51.673333],[-0.0835159,51.6734358],[-0.0837303,51.6735486],[-0.0839475,51.6737048],[-0.0841219,51.673785100000011],[-0.084379,51.67384],[-0.084683,51.673919],[-0.084915,51.674008],[-0.0855676,51.6742254],[-0.0862027,51.6743886],[-0.0864763,51.6745727],[-0.0866826,51.674742],[-0.0867697,51.6748766],[-0.0868306,51.6750386],[-0.086903,51.6751858],[-0.087005,51.675411],[-0.087215,51.6757709],[-0.0872922,51.6758702],[-0.0873931,51.6759095],[-0.087536,51.676031],[-0.087776,51.676103],[-0.088096,51.676148],[-0.088494,51.676171],[-0.088713,51.676213],[-0.088898,51.676278],[-0.089084,51.676445]]}},
{"type":"Feature","properties":{"id":32079,"nach":0.37527854504960256},"geometry":{"type":"LineString","coordinates":[[-0.0915217,51.6747227],[-0.090742,51.675402],[-0.09048,51.675591],[-0.08993,51.675938],[-0.089084,51.676445]]}},
{"type":"Feature","properties":{"id":38124,"nach":0.33665346866868007},"geometry":{"type":"LineString","coordinates":[[-0.0877935,51.6777317],[-0.0876884,51.677803],[-0.087657,51.677826]]}},
{"type":"Feature","properties":{"id":41469,"nach":0.32905951455711829},"geometry":{"type":"LineString","coordinates":[[-0.0877367,51.6776938],[-0.0877935,51.6777317]]}},
{"type":"Feature","properties":{"id":10811,"nach":0.47535971591394205},"geometry":{"type":"LineString","coordinates":[[-0.0831452,51.6736016],[-0.0831215,51.6734876],[-0.0831121,51.673443100000014],[-0.083088,51.6732795]]}},
{"type":"Feature","properties":{"id":3732,"nach":0.48430181072101819},"geometry":{"type":"LineString","coordinates":[[-0.083541,51.672582],[-0.0833247,51.6728812],[-0.0832109,51.6730196],[-0.0831211,51.673134],[-0.0830888,51.6732322],[-0.083088,51.6732795]]}},
{"type":"Feature","properties":{"id":32080,"nach":0.33755473917527012},"geometry":{"type":"LineString","coordinates":[[-0.0915217,51.6747227],[-0.091712,51.674557],[-0.09204,51.674297],[-0.0922224,51.6741],[-0.0923344,51.6739836],[-0.092467,51.6738974],[-0.093639,51.673238],[-0.0938592,51.6730941],[-0.0939699,51.6730155]]}},
{"type":"Feature","properties":{"id":32084,"nach":0.37497828972275304},"geometry":{"type":"LineString","coordinates":[[-0.0950643,51.6750303],[-0.094279,51.6749836],[-0.0936513,51.6749038],[-0.0930942,51.6748506],[-0.0915217,51.6747227]]}},
{"type":"Feature","properties":{"id":38628,"nach":0.33616352397207677},"geometry":{"type":"LineString","coordinates":[[-0.0762076,51.6745552],[-0.0763914,51.6745461],[-0.0766382,51.6745361],[-0.0768259,51.6745295],[-0.0770673,51.6745461],[-0.0772229,51.67456270000001],[-0.0773731,51.6745893],[-0.0774684,51.674592100000012],[-0.0776328,51.6746164]]}},
{"type":"Feature","properties":{"id":54273,"nach":0.26842551095755174},"geometry":{"type":"LineString","coordinates":[[-0.0710195,51.6772289],[-0.071218,51.6771557],[-0.071509,51.677061],[-0.071827,51.676926],[-0.072154,51.676837],[-0.0724258,51.6767732],[-0.0725792,51.6767113],[-0.0728247,51.6766897],[-0.0731328,51.6766107],[-0.073388,51.676508],[-0.073918,51.676368],[-0.074778,51.676166],[-0.075318,51.675982],[-0.0757003,51.6758647],[-0.0758202,51.6756676],[-0.0759388,51.6753843],[-0.076165,51.674811],[-0.0762076,51.6745552]]}},
{"type":"Feature","properties":{"id":38084,"nach":0.35698973926726646},"geometry":{"type":"LineString","coordinates":[[-0.0717417,51.6807873],[-0.072434,51.68068]]}},
{"type":"Feature","properties":{"id":20728,"nach":0.31087761926378216},"geometry":{"type":"LineString","coordinates":[[-0.077443,51.680969],[-0.0772171,51.6810761],[-0.0766001,51.681128],[-0.0763133,51.6811845],[-0.0761936,51.6812087],[-0.0759926,51.6812153],[-0.0757443,51.6811685],[-0.07528,51.6810601],[-0.0747431,51.6809202],[-0.0741037,51.6807647],[-0.0735281,51.6807208],[-0.0730815,51.6807037],[-0.0726945,51.6807181],[-0.072434,51.68068]]}},
{"type":"Feature","properties":{"id":65103,"nach":0.28114560296963215},"geometry":{"type":"LineString","coordinates":[[-0.0717953,51.678391],[-0.07178,51.678439],[-0.071899,51.678666],[-0.071964,51.678922],[-0.072022,51.679358],[-0.072119,51.679703],[-0.072348,51.680343],[-0.072434,51.68068]]}},
{"type":"Feature","properties":{"id":38083,"nach":0.4148359850885055},"geometry":{"type":"LineString","coordinates":[[-0.0717417,51.6807873],[-0.0718155,51.68086670000001]]}},
{"type":"Feature","properties":{"id":38085,"nach":0.36651887048522336},"geometry":{"type":"LineString","coordinates":[[-0.0717417,51.6807873],[-0.071695,51.680737],[-0.071588,51.680579],[-0.0713617,51.6803065]]}},
{"type":"Feature","properties":{"id":20729,"nach":0.31780435954488867},"geometry":{"type":"LineString","coordinates":[[-0.077443,51.680969],[-0.077657,51.6809364],[-0.07829,51.6809896],[-0.0785153,51.681056099999985],[-0.0785999,51.681221600000015],[-0.0790624,51.6814287],[-0.0792703,51.6814347]]}},
{"type":"Feature","properties":{"id":27172,"nach":0.29537013751317454},"geometry":{"type":"LineString","coordinates":[[-0.0796093,51.6807203],[-0.079306,51.680619],[-0.079072,51.680484],[-0.078946,51.680376],[-0.078783,51.680176],[-0.078653,51.680083],[-0.078497,51.680041],[-0.078339,51.680031],[-0.078144,51.680057],[-0.0780222,51.6801312],[-0.0778854,51.6802854],[-0.077821,51.680416800000017],[-0.0776896,51.680497],[-0.077498,51.680579],[-0.077443,51.680969]]}},
{"type":"Feature","properties":{"id":65104,"nach":0.11095981199421737},"geometry":{"type":"LineString","coordinates":[[-0.0717953,51.678391],[-0.0718465,51.6782307],[-0.0718457,51.6780527],[-0.072017,51.677563],[-0.072115,51.677386],[-0.072304,51.677292],[-0.0724521,51.6771878],[-0.0725741,51.677103],[-0.0728947,51.6769907],[-0.0734174,51.676873],[-0.0737232,51.6768031],[-0.0741041,51.6766701],[-0.0746781,51.676404],[-0.0753701,51.6761911],[-0.0761672,51.6758561],[-0.0764591,51.6756866],[-0.0766837,51.6755019],[-0.0768064,51.6753685],[-0.0773305,51.674805],[-0.077516,51.674682],[-0.0776328,51.6746164]]}},
{"type":"Feature","properties":{"id":65105,"nach":0.24893240544898801},"geometry":{"type":"LineString","coordinates":[[-0.0717953,51.678391],[-0.0715516,51.6783656],[-0.071262,51.678313]]}},
{"type":"Feature","properties":{"id":15747,"nach":0.44502475140703579},"geometry":{"type":"LineString","coordinates":[[-0.1040288,51.6807204],[-0.1044717,51.6810716],[-0.104688,51.6810463],[-0.1048512,51.6813633],[-0.1050555,51.6815386],[-0.1051896,51.681673],[-0.1052692,51.6819933],[-0.1053467,51.68229680000001],[-0.1053894,51.6825309],[-0.1054739,51.6827701],[-0.1056626,51.683084],[-0.1058858,51.6834301],[-0.1060815,51.683616399999984],[-0.1063132,51.6838443]]}},
{"type":"Feature","properties":{"id":49851,"nach":0.43341116973430632},"geometry":{"type":"LineString","coordinates":[[-0.1039622,51.6802708],[-0.1041206,51.6806012],[-0.1041062,51.680661],[-0.1040288,51.6807204]]}},
{"type":"Feature","properties":{"id":23278,"nach":0.40014939215141337},"geometry":{"type":"LineString","coordinates":[[-0.1012529,51.6811226],[-0.1012554,51.6811275],[-0.1013069,51.6811594],[-0.1014068,51.6811696],[-0.1040288,51.6807204]]}},
{"type":"Feature","properties":{"id":44910,"nach":0.43781169929454355},"geometry":{"type":"LineString","coordinates":[[-0.0992403,51.6742749],[-0.0993437,51.674312400000012],[-0.101444,51.675082]]}},
{"type":"Feature","properties":{"id":57753,"nach":0.30946424415727247},"geometry":{"type":"LineString","coordinates":[[-0.0914086,51.6821719],[-0.0910405,51.681842600000017]]}},
{"type":"Feature","properties":{"id":3350,"nach":0.22087556936760414},"geometry":{"type":"LineString","coordinates":[[-0.0844638,51.6821643],[-0.0858885,51.68225240000001],[-0.0880128,51.6822391],[-0.0891072,51.6818266],[-0.0910405,51.681842600000017]]}},
{"type":"Feature","properties":{"id":34167,"nach":0.20884685475873832},"geometry":{"type":"LineString","coordinates":[[-0.087044,51.678164],[-0.087333,51.678364],[-0.087654,51.678552],[-0.088297,51.678716],[-0.089042,51.678777],[-0.089143,51.678806],[-0.089458,51.678944],[-0.089618,51.679033],[-0.089711,51.67911],[-0.090628,51.680253],[-0.090814,51.680533],[-0.091193,51.680965],[-0.091269,51.681283],[-0.091263,51.681399],[-0.091209,51.681574],[-0.0910405,51.681842600000017]]}},
{"type":"Feature","properties":{"id":57752,"nach":0.35437005106959207},"geometry":{"type":"LineString","coordinates":[[-0.0914086,51.6821719],[-0.091651,51.6823888]]}},
{"type":"Feature","properties":{"id":57754,"nach":0.17601213015825051},"geometry":{"type":"LineString","coordinates":[[-0.0914086,51.6821719],[-0.0915162,51.681541300000013],[-0.0916234,51.6811488],[-0.091602,51.68063],[-0.0913874,51.6806034],[-0.0912372,51.6804969],[-0.0911192,51.6801643],[-0.0909368,51.6801443],[-0.0902823,51.6794059],[-0.0905184,51.6793261],[-0.0901643,51.6788538],[-0.0894562,51.6784413],[-0.0885765,51.678195100000011],[-0.087657,51.677826]]}},
{"type":"Feature","properties":{"id":50801,"nach":0.35310254942397107},"geometry":{"type":"LineString","coordinates":[[-0.0844599,51.6821943],[-0.0844638,51.6821643]]}},
{"type":"Feature","properties":{"id":27160,"nach":0.29451896816977541},"geometry":{"type":"LineString","coordinates":[[-0.0851457,51.6808962],[-0.085111,51.680975],[-0.084974,51.681141],[-0.084548,51.681901],[-0.084502,51.682013],[-0.0844638,51.6821643]]}},
{"type":"Feature","properties":{"id":38120,"nach":0.36913682878384474},"geometry":{"type":"LineString","coordinates":[[-0.086866,51.678321],[-0.087044,51.678164]]}},
{"type":"Feature","properties":{"id":34680,"nach":0.37913082905966178},"geometry":{"type":"LineString","coordinates":[[-0.087657,51.677826],[-0.0875811,51.6778829],[-0.087294,51.678016],[-0.087044,51.678164]]}},
{"type":"Feature","properties":{"id":50803,"nach":0.37585958751564774},"geometry":{"type":"LineString","coordinates":[[-0.0844599,51.6821943],[-0.0841758,51.6821391],[-0.0838208,51.6820813],[-0.0831546,51.6820406],[-0.0825157,51.681891],[-0.0817371,51.6818137],[-0.0814657,51.6816748],[-0.0810044,51.681674800000017],[-0.080963,51.681693]]}},
{"type":"Feature","properties":{"id":50805,"nach":0.37567218017804077},"geometry":{"type":"LineString","coordinates":[[-0.0844701,51.682336],[-0.0844599,51.6821943]]}},
{"type":"Feature","properties":{"id":38121,"nach":0.29813856073729084},"geometry":{"type":"LineString","coordinates":[[-0.086866,51.678321],[-0.086711,51.678529],[-0.086608,51.678818],[-0.086321,51.679121],[-0.085776,51.679933],[-0.08545,51.680502],[-0.085203,51.680766],[-0.0851457,51.6808962]]}},
{"type":"Feature","properties":{"id":27182,"nach":0.30346113157108934},"geometry":{"type":"LineString","coordinates":[[-0.0809861,51.6815459],[-0.0814713,51.681500500000013],[-0.0820506,51.6813542],[-0.082909,51.6812211],[-0.0831879,51.6811546],[-0.0836492,51.6810681],[-0.0840677,51.68098830000001],[-0.0844217,51.6809218],[-0.0846685,51.6809085],[-0.0849367,51.6809085],[-0.0851457,51.6808962]]}},
{"type":"Feature","properties":{"id":15716,"nach":0.37888513142282415},"geometry":{"type":"LineString","coordinates":[[-0.0808988,51.6819747],[-0.080963,51.681693]]}},
{"type":"Feature","properties":{"id":27180,"nach":0.43026495525362479},"geometry":{"type":"LineString","coordinates":[[-0.0809861,51.6815459],[-0.0809769,51.681604699999987],[-0.080963,51.681693]]}},
{"type":"Feature","properties":{"id":3358,"nach":0.29888142212111313},"geometry":{"type":"LineString","coordinates":[[-0.0792703,51.6814347],[-0.0797151,51.681578300000012],[-0.0802426,51.6817679],[-0.0804357,51.6817746],[-0.0806932,51.681748],[-0.080963,51.681693]]}},
{"type":"Feature","properties":{"id":15718,"nach":0.40087077470336013},"geometry":{"type":"LineString","coordinates":[[-0.0808988,51.6819747],[-0.0802307,51.6818759],[-0.0792073,51.68176230000001]]}},
{"type":"Feature","properties":{"id":50806,"nach":0.34208209537801409},"geometry":{"type":"LineString","coordinates":[[-0.0844701,51.682336],[-0.0843506,51.6823216],[-0.0827091,51.6821619],[-0.0808988,51.6819747]]}},
{"type":"Feature","properties":{"id":27181,"nach":0.4325605744166639},"geometry":{"type":"LineString","coordinates":[[-0.0809861,51.6815459],[-0.0810006,51.681399],[-0.0810223,51.6812757],[-0.0810284,51.6812407],[-0.0810669,51.6810221]]}},
{"type":"Feature","properties":{"id":35689,"nach":0.4618897995048255},"geometry":{"type":"LineString","coordinates":[[-0.0794142,51.6810086],[-0.0793459,51.681125],[-0.0792703,51.6814347]]}},
{"type":"Feature","properties":{"id":15713,"nach":0.46027510562392515},"geometry":{"type":"LineString","coordinates":[[-0.0792073,51.68176230000001],[-0.0792434,51.6815745],[-0.0792703,51.6814347]]}},
{"type":"Feature","properties":{"id":35691,"nach":0.46284937725752107},"geometry":{"type":"LineString","coordinates":[[-0.0795116,51.6808425],[-0.0793357,51.6807879],[-0.0792136,51.6809379],[-0.0794142,51.6810086]]}},
{"type":"Feature","properties":{"id":39973,"nach":0.48032985743170947},"geometry":{"type":"LineString","coordinates":[[-0.078535,51.6816863],[-0.0787931,51.681716199999983],[-0.0792073,51.68176230000001]]}},
{"type":"Feature","properties":{"id":43513,"nach":0.4929457864386082},"geometry":{"type":"LineString","coordinates":[[-0.0794216,51.6793443],[-0.0795149,51.6795324],[-0.0797559,51.6800285]]}},
{"type":"Feature","properties":{"id":27170,"nach":0.49471259701760562},"geometry":{"type":"LineString","coordinates":[[-0.0796093,51.6807203],[-0.0797523,51.6805498],[-0.0798528,51.6802855],[-0.0797559,51.6800285]]}},
{"type":"Feature","properties":{"id":10815,"nach":0.38230377153549872},"geometry":{"type":"LineString","coordinates":[[-0.0817597,51.6788016],[-0.0817017,51.6788808],[-0.081573,51.6789606],[-0.0814228,51.678967299999989],[-0.0811653,51.679040400000019],[-0.0808649,51.6792201],[-0.0807254,51.6793864],[-0.0804679,51.6794463],[-0.080307,51.679546],[-0.0802212,51.6796724],[-0.0800924,51.6797922],[-0.0799637,51.6799385],[-0.0797559,51.6800285]]}},
{"type":"Feature","properties":{"id":43512,"nach":0.49015492003994704},"geometry":{"type":"LineString","coordinates":[[-0.0794216,51.6793443],[-0.0792802,51.679031]]}},
{"type":"Feature","properties":{"id":48559,"nach":0.33135576768442215},"geometry":{"type":"LineString","coordinates":[[-0.0783952,51.6795594],[-0.0782337,51.679541600000015],[-0.0781759,51.6795186],[-0.0781607,51.6794702],[-0.0781834,51.67942140000001],[-0.0782193,51.6794103],[-0.0784569,51.6794294],[-0.0787855,51.6794486],[-0.079222,51.6793887],[-0.0794216,51.6793443]]}},
{"type":"Feature","properties":{"id":27173,"nach":0.4355597315260572},"geometry":{"type":"LineString","coordinates":[[-0.0800184,51.6807651],[-0.0796093,51.6807203]]}},
{"type":"Feature","properties":{"id":35692,"nach":0.4675727050707964},"geometry":{"type":"LineString","coordinates":[[-0.0795116,51.6808425],[-0.0795229,51.6808233],[-0.0796093,51.6807203]]}},
{"type":"Feature","properties":{"id":65050,"nach":0.32585194762212044},"geometry":{"type":"LineString","coordinates":[[-0.0812356,51.6805343],[-0.0812884,51.6804347],[-0.0814322,51.6801735],[-0.0815208,51.6800058],[-0.0815456,51.6799689],[-0.0815743,51.6799054],[-0.0816375,51.679674],[-0.081762,51.67893],[-0.0817597,51.6788016]]}},
{"type":"Feature","properties":{"id":65183,"nach":0.39624572180368922},"geometry":{"type":"LineString","coordinates":[[-0.0833967,51.6770637],[-0.083174,51.677243],[-0.083126,51.677322],[-0.083105,51.677466],[-0.083052,51.677526],[-0.082901,51.67759],[-0.082567,51.677656],[-0.082494,51.677694],[-0.082221,51.677931],[-0.082122,51.678104],[-0.081923,51.67835],[-0.081779,51.678577],[-0.081757,51.678645],[-0.0817597,51.6788016]]}},
{"type":"Feature","properties":{"id":65181,"nach":0.42831749094662441},"geometry":{"type":"LineString","coordinates":[[-0.0787839,51.6772023],[-0.0787653,51.677229],[-0.0785331,51.6774834],[-0.0782802,51.6777474],[-0.0781296,51.67792810000001],[-0.0780715,51.6780597],[-0.078113,51.67824],[-0.0781909,51.6784433],[-0.0782838,51.67854160000001],[-0.0784059,51.678612],[-0.0785346,51.6786913],[-0.0787585,51.6787755],[-0.0789213,51.6787887],[-0.079038,51.6788089],[-0.0791191,51.6788696],[-0.0792802,51.679031]]}},
{"type":"Feature","properties":{"id":10732,"nach":0.4960631197558652},"geometry":{"type":"LineString","coordinates":[[-0.0795649,51.678651],[-0.0794176,51.6787369],[-0.0793663,51.6788008],[-0.0793293,51.6788756],[-0.0793039,51.6789494],[-0.0792802,51.679031]]}},
{"type":"Feature","properties":{"id":65193,"nach":0.395728907654258},"geometry":{"type":"LineString","coordinates":[[-0.0794412,51.676132500000016],[-0.0793552,51.6762976],[-0.0792191,51.6765175],[-0.0789777,51.67692370000001],[-0.0787839,51.6772023]]}},
{"type":"Feature","properties":{"id":65227,"nach":0.36584522857820334},"geometry":{"type":"LineString","coordinates":[[-0.0809025,51.6767855],[-0.0808571,51.6768043],[-0.0805584,51.6768845],[-0.0801764,51.6769889],[-0.0798005,51.6770973],[-0.0795609,51.677169],[-0.0793541,51.6772226],[-0.0789885,51.6772209],[-0.0787839,51.6772023]]}},
{"type":"Feature","properties":{"id":35693,"nach":0.39294442309919564},"geometry":{"type":"LineString","coordinates":[[-0.0798516,51.6784755],[-0.0795649,51.678651]]}},
{"type":"Feature","properties":{"id":35707,"nach":0.45649403746050626},"geometry":{"type":"LineString","coordinates":[[-0.0789935,51.6783528],[-0.0791958,51.6784808],[-0.0792699,51.6784967],[-0.0793286,51.6785262],[-0.0793624,51.678544600000023],[-0.0793746,51.6785772],[-0.0794752,51.6786159],[-0.0795649,51.678651]]}},
{"type":"Feature","properties":{"id":35701,"nach":0.39640443705690587},"geometry":{"type":"LineString","coordinates":[[-0.0801401,51.678636199999985],[-0.0800947,51.6786674],[-0.0800438,51.6786894],[-0.0799468,51.6787075],[-0.0798181,51.6787063],[-0.0796924,51.6786591],[-0.0795649,51.678651]]}},
{"type":"Feature","properties":{"id":10820,"nach":0.41844864148257177},"geometry":{"type":"LineString","coordinates":[[-0.0823155,51.6721365],[-0.0821654,51.6722698]]}},
{"type":"Feature","properties":{"id":54723,"nach":0.36489144268171458},"geometry":{"type":"LineString","coordinates":[[-0.0832662,51.672692400000017],[-0.0821654,51.6722698]]}},
{"type":"Feature","properties":{"id":10822,"nach":0.33041069067470485},"geometry":{"type":"LineString","coordinates":[[-0.0823155,51.6721365],[-0.082448,51.672115],[-0.083074,51.672298],[-0.083283,51.67238],[-0.083388,51.672444],[-0.083541,51.672582]]}},
{"type":"Feature","properties":{"id":10821,"nach":0.43575065342119662},"geometry":{"type":"LineString","coordinates":[[-0.0823155,51.6721365],[-0.0825199,51.6720354],[-0.0827452,51.6719755],[-0.0829812,51.6719356],[-0.0832387,51.6719023],[-0.0835177,51.6718624],[-0.0836833,51.6718298],[-0.0838099,51.6718012]]}},
{"type":"Feature","properties":{"id":38626,"nach":0.49124216956727718},"geometry":{"type":"LineString","coordinates":[[-0.0821603,51.6722727],[-0.0821629,51.6722689],[-0.0823076,51.6721402]]}},
{"type":"Feature","properties":{"id":38627,"nach":0.48919397994933922},"geometry":{"type":"LineString","coordinates":[[-0.0821603,51.6722727],[-0.082074,51.67235],[-0.0818903,51.6724823]]}},
{"type":"Feature","properties":{"id":38625,"nach":0.37846819254955399},"geometry":{"type":"LineString","coordinates":[[-0.0821603,51.6722727],[-0.082028,51.672285],[-0.081397,51.672183],[-0.081155,51.672187],[-0.080537,51.672298],[-0.0804475,51.672342]]}},
{"type":"Feature","properties":{"id":65011,"nach":0.4501718262313138},"geometry":{"type":"LineString","coordinates":[[-0.0832284,51.6738581],[-0.0832015,51.6737695],[-0.0831452,51.6736016]]}},
{"type":"Feature","properties":{"id":34678,"nach":0.35953144937163012},"geometry":{"type":"LineString","coordinates":[[-0.0837874,51.673974200000011],[-0.08364,51.6738154],[-0.0834355,51.6737183],[-0.0833269,51.6736566],[-0.0831452,51.6736016]]}},
{"type":"Feature","properties":{"id":10819,"nach":0.48733443640078833},"geometry":{"type":"LineString","coordinates":[[-0.0838099,51.6718012],[-0.0837922,51.6719862],[-0.0836686,51.6723559],[-0.083541,51.672582]]}},
{"type":"Feature","properties":{"id":23263,"nach":0.40891696085107976},"geometry":{"type":"LineString","coordinates":[[-0.0843108,51.6716041],[-0.0842472,51.6716897],[-0.0841933,51.6717233],[-0.084124,51.6717484],[-0.0838099,51.6718012]]}},
{"type":"Feature","properties":{"id":10827,"nach":0.50790188597332919},"geometry":{"type":"LineString","coordinates":[[-0.084168,51.67131830000001],[-0.0840059,51.6714553],[-0.0838099,51.6718012]]}},
{"type":"Feature","properties":{"id":54712,"nach":0.43886031652962815},"geometry":{"type":"LineString","coordinates":[[-0.0895923,51.6719176],[-0.0896356,51.6720081]]}},
{"type":"Feature","properties":{"id":54709,"nach":0.38078989351664799},"geometry":{"type":"LineString","coordinates":[[-0.0895739,51.6720007],[-0.0896356,51.6720081]]}},
{"type":"Feature","properties":{"id":15725,"nach":0.4457256451211688},"geometry":{"type":"LineString","coordinates":[[-0.0939699,51.6730155],[-0.0938847,51.672981],[-0.0937727,51.6729502],[-0.0935139,51.6728961],[-0.0928138,51.6727506],[-0.0924195,51.6726728],[-0.0921748,51.672608799999985],[-0.0919046,51.6725231],[-0.0913936,51.6723514],[-0.091169,51.67228570000001],[-0.0909336,51.6722337],[-0.0896356,51.6720081]]}},
{"type":"Feature","properties":{"id":54715,"nach":0.48144238222970448},"geometry":{"type":"LineString","coordinates":[[-0.0895923,51.6719176],[-0.0895616,51.6718536],[-0.0894042,51.6715266],[-0.0893194,51.6712843],[-0.0891862,51.67103],[-0.0891014,51.670812],[-0.0889924,51.67055770000001],[-0.0889142,51.6703264],[-0.0888228,51.670158],[-0.0887413,51.669889600000012]]}},
{"type":"Feature","properties":{"id":54714,"nach":0.43469985997758576},"geometry":{"type":"LineString","coordinates":[[-0.0895923,51.6719176],[-0.0895739,51.6720007]]}},
{"type":"Feature","properties":{"id":54716,"nach":0.47087501636152668},"geometry":{"type":"LineString","coordinates":[[-0.0896186,51.6718707],[-0.0895923,51.6719176]]}},
{"type":"Feature","properties":{"id":73443,"nach":0.44352419572774082},"geometry":{"type":"LineString","coordinates":[[-0.0854377,51.6718644],[-0.0855859,51.6718752],[-0.0858535,51.6718781],[-0.08629,51.6718698],[-0.0878021,51.6718203],[-0.0880965,51.671830699999987],[-0.0885618,51.6718698],[-0.0895739,51.6720007]]}},
{"type":"Feature","properties":{"id":15732,"nach":0.46566487034211307},"geometry":{"type":"LineString","coordinates":[[-0.094106,51.6730845],[-0.0940496,51.6730521],[-0.0939699,51.6730155]]}},
{"type":"Feature","properties":{"id":15731,"nach":0.0},"geometry":{"type":"LineString","coordinates":[[-0.0943289,51.672995],[-0.0942153,51.6729573],[-0.0940168,51.6729282],[-0.0939699,51.6730155]]}},
{"type":"Feature","properties":{"id":3887,"nach":0.44583673431760773},"geometry":{"type":"LineString","coordinates":[[-0.0991094,51.6811561],[-0.0989552,51.680755],[-0.0989638,51.6807071]]}},
{"type":"Feature","properties":{"id":23279,"nach":0.3696318122995299},"geometry":{"type":"LineString","coordinates":[[-0.0995233,51.6805719],[-0.0994495,51.680610700000017],[-0.0990324,51.6806751],[-0.0989638,51.6807071]]}},
{"type":"Feature","properties":{"id":20613,"nach":0.3720162243827379},"geometry":{"type":"LineString","coordinates":[[-0.0988707,51.6806062],[-0.0989029,51.6806661],[-0.0989638,51.6807071]]}},
{"type":"Feature","properties":{"id":23269,"nach":0.47774653586379362},"geometry":{"type":"LineString","coordinates":[[-0.100626,51.6809094],[-0.0991094,51.6811561]]}},
{"type":"Feature","properties":{"id":23270,"nach":0.35511587478500806},"geometry":{"type":"LineString","coordinates":[[-0.100626,51.6809094],[-0.1011074,51.680831]]}},
{"type":"Feature","properties":{"id":23274,"nach":0.39583531036724778},"geometry":{"type":"LineString","coordinates":[[-0.1009672,51.6805501],[-0.100626,51.6809094]]}},
{"type":"Feature","properties":{"id":23277,"nach":0.41256421986857028},"geometry":{"type":"LineString","coordinates":[[-0.1012529,51.6811226],[-0.1010575,51.6810725],[-0.1007705,51.6809761],[-0.100626,51.6809094]]}},
{"type":"Feature","properties":{"id":35703,"nach":0.36445668565233663},"geometry":{"type":"LineString","coordinates":[[-0.0800968,51.6783266],[-0.0798516,51.6784755]]}},
{"type":"Feature","properties":{"id":35699,"nach":0.13329931667552641},"geometry":{"type":"LineString","coordinates":[[-0.0801401,51.678636199999985],[-0.0798516,51.6784755]]}},
{"type":"Feature","properties":{"id":35708,"nach":0.0},"geometry":{"type":"LineString","coordinates":[[-0.0789935,51.6783528],[-0.078809,51.6782549],[-0.0790873,51.6780644]]}},
{"type":"Feature","properties":{"id":35719,"nach":0.44725694184712889},"geometry":{"type":"LineString","coordinates":[[-0.0792121,51.6782026],[-0.0789935,51.6783528]]}},
{"type":"Feature","properties":{"id":35716,"nach":0.37553395783232268},"geometry":{"type":"LineString","coordinates":[[-0.0803013,51.6787256],[-0.0801401,51.678636199999985]]}},
{"type":"Feature","properties":{"id":35705,"nach":0.22039050381575145},"geometry":{"type":"LineString","coordinates":[[-0.0800968,51.6783266],[-0.0801859,51.678388],[-0.0802235,51.6784362],[-0.0802423,51.6785078],[-0.0802047,51.6785793],[-0.0801401,51.678636199999985]]}},
{"type":"Feature","properties":{"id":65012,"nach":0.27224312380499016},"geometry":{"type":"LineString","coordinates":[[-0.0832284,51.6738581],[-0.0833323,51.6739229],[-0.0835985,51.673979899999985],[-0.0837874,51.673974200000011]]}},
{"type":"Feature","properties":{"id":65205,"nach":0.44182302334751733},"geometry":{"type":"LineString","coordinates":[[-0.0837014,51.6749688],[-0.0836399,51.6748079],[-0.0835787,51.674644400000012],[-0.0835595,51.6746063],[-0.0832841,51.67403070000001],[-0.0832405,51.67389570000001],[-0.0832284,51.6738581]]}},
{"type":"Feature","properties":{"id":41471,"nach":0.28194744397102023},"geometry":{"type":"LineString","coordinates":[[-0.0877367,51.6776938],[-0.087735,51.677642],[-0.087617,51.677465],[-0.087302,51.6770372],[-0.087055,51.676771],[-0.0868305,51.6765152],[-0.0864518,51.6760954],[-0.0863039,51.6758465],[-0.0860828,51.6754477],[-0.0859567,51.67530270000001],[-0.0858092,51.6751065],[-0.085333,51.674733],[-0.0849559,51.6745123],[-0.0844141,51.6742503],[-0.0837874,51.673974200000011]]}},
{"type":"Feature","properties":{"id":65051,"nach":0.27014260499418907},"geometry":{"type":"LineString","coordinates":[[-0.0812356,51.6805343],[-0.0812015,51.6804403],[-0.081211,51.6803479],[-0.0811714,51.6802519],[-0.0811095,51.6802256],[-0.0810725,51.680209800000014],[-0.0809702,51.680227400000014],[-0.080908,51.6802382],[-0.0806952,51.680323399999985],[-0.0804456,51.680457500000017],[-0.0802201,51.6805822],[-0.0801143,51.6806561],[-0.0800284,51.680723],[-0.0800184,51.6807651]]}},
{"type":"Feature","properties":{"id":65049,"nach":0.34636647466307757},"geometry":{"type":"LineString","coordinates":[[-0.0812356,51.6805343],[-0.0811823,51.6806347],[-0.0811687,51.6806604],[-0.08109,51.68089],[-0.081074,51.6809365],[-0.0810669,51.6810221]]}},
{"type":"Feature","properties":{"id":65184,"nach":0.39607016942690226},"geometry":{"type":"LineString","coordinates":[[-0.0833967,51.6770637],[-0.083549,51.676941],[-0.083646,51.676834],[-0.08377,51.676616],[-0.083964,51.676023]]}},
{"type":"Feature","properties":{"id":65225,"nach":0.36858010113806611},"geometry":{"type":"LineString","coordinates":[[-0.0823944,51.6767135],[-0.0825398,51.6768018],[-0.0828655,51.67692610000001],[-0.0832019,51.6770051],[-0.0833967,51.6770637]]}},
{"type":"Feature","properties":{"id":23264,"nach":0.48876952985748523},"geometry":{"type":"LineString","coordinates":[[-0.0843108,51.6716041],[-0.0843545,51.6715364],[-0.0844092,51.6714379]]}},
{"type":"Feature","properties":{"id":23267,"nach":0.46608605190202496},"geometry":{"type":"LineString","coordinates":[[-0.0859435,51.6725517],[-0.0857128,51.672402],[-0.0854446,51.6721857],[-0.0852193,51.6720493],[-0.0848759,51.6718863],[-0.0846399,51.671756599999988],[-0.0844951,51.6716967],[-0.0843108,51.6716041]]}},
{"type":"Feature","properties":{"id":10826,"nach":0.52041682096077813},"geometry":{"type":"LineString","coordinates":[[-0.084168,51.67131830000001],[-0.0844092,51.6714379]]}},
{"type":"Feature","properties":{"id":73442,"nach":0.47799654042663053},"geometry":{"type":"LineString","coordinates":[[-0.0854377,51.6718644],[-0.0853258,51.671842],[-0.0851494,51.67178],[-0.0844092,51.6714379]]}},
{"type":"Feature","properties":{"id":73444,"nach":0.37706355906867539},"geometry":{"type":"LineString","coordinates":[[-0.0854377,51.6718644],[-0.085474,51.6717916],[-0.0855169,51.6717551],[-0.0856121,51.671721],[-0.0857583,51.6717002],[-0.0859004,51.6717035],[-0.0860305,51.6717135],[-0.0863872,51.6717118]]}},
{"type":"Feature","properties":{"id":10906,"nach":0.35061893376821585},"geometry":{"type":"LineString","coordinates":[[-0.059143147752432,51.682573536702677],[-0.1642217,51.687915]]}},
{"type":"Feature","properties":{"id":77534,"nach":0.5618969863476998},"geometry":{"type":"LineString","coordinates":[[-0.0842038,51.6680322],[-0.084225,51.6681211]]}},
{"type":"Feature","properties":{"id":77535,"nach":0.32817129114978788},"geometry":{"type":"LineString","coordinates":[[-0.0842038,51.6680322],[-0.0841595,51.6679518],[-0.0841633,51.6679034]]}},
{"type":"Feature","properties":{"id":77537,"nach":0.56508306791401508},"geometry":{"type":"LineString","coordinates":[[-0.0842489,51.6679883],[-0.0842403,51.6679972],[-0.0842038,51.6680322]]}},
{"type":"Feature","properties":{"id":15711,"nach":0.36652771536276674},"geometry":{"type":"LineString","coordinates":[[-0.0771327,51.6815199],[-0.0769482,51.6814947],[-0.0763045,51.6813989],[-0.0757122,51.6812605],[-0.0750342,51.6810956],[-0.0742962,51.6809014],[-0.0738669,51.6808135],[-0.0735012,51.680793],[-0.0729485,51.6807975],[-0.072465,51.6807829],[-0.0721159,51.6808188],[-0.0718155,51.68086670000001]]}},
{"type":"Feature","properties":{"id":15705,"nach":0.4118573519047829},"geometry":{"type":"LineString","coordinates":[[-0.0680254,51.6812558],[-0.068239,51.6812859],[-0.0684902,51.6813333],[-0.0689402,51.6814362],[-0.0692749,51.6814628],[-0.0695839,51.6814734],[-0.0698757,51.6814734],[-0.0702362,51.6813936],[-0.0706911,51.6812659],[-0.071086,51.6811488],[-0.0715237,51.6809466],[-0.0718155,51.68086670000001]]}},
{"type":"Feature","properties":{"id":58950,"nach":0.43315420147315697},"geometry":{"type":"LineString","coordinates":[[-0.0772829,51.681541500000016],[-0.0771327,51.6815199]]}},
{"type":"Feature","properties":{"id":69871,"nach":0.40290234895220339},"geometry":{"type":"LineString","coordinates":[[-0.0765905,51.681990500000012],[-0.0766374,51.6819116],[-0.0766844,51.6818816],[-0.0767836,51.6818816],[-0.0768794,51.681892],[-0.076937,51.6818649],[-0.077033,51.6817254],[-0.0770748,51.6816151],[-0.0771327,51.6815199]]}},
{"type":"Feature","properties":{"id":49089,"nach":0.36853311821639284},"geometry":{"type":"LineString","coordinates":[[-0.075408726268769,51.687016378835494],[-0.0771327,51.6815199]]}},
{"type":"Feature","properties":{"id":34318,"nach":0.46573953306239452},"geometry":{"type":"LineString","coordinates":[[-0.0678989,51.681246],[-0.0680254,51.6812558]]}},
{"type":"Feature","properties":{"id":52046,"nach":0.47412573401216901},"geometry":{"type":"LineString","coordinates":[[-0.0680568,51.6810737],[-0.0680618,51.68110810000001],[-0.0680551,51.6811621],[-0.0680254,51.6812558]]}},
{"type":"Feature","properties":{"id":69947,"nach":0.45770321897933275},"geometry":{"type":"LineString","coordinates":[[-0.0660125,51.681180400000017],[-0.0663052,51.681202],[-0.0669747,51.6812393],[-0.0676997,51.681240200000012],[-0.0678989,51.681246]]}},
{"type":"Feature","properties":{"id":52642,"nach":0.28051189658803444},"geometry":{"type":"LineString","coordinates":[[-0.0720093,51.6831264],[-0.0713575,51.6829917],[-0.07029,51.6828503],[-0.0699144,51.682763799999982],[-0.0696891,51.682684],[-0.0693941,51.6825609],[-0.069142,51.6824346],[-0.0689167,51.682294900000016],[-0.0686914,51.6821053],[-0.068473,51.6819089],[-0.0682139,51.6816563],[-0.0678989,51.681246]]}},
{"type":"Feature","properties":{"id":52045,"nach":0.46985598871086559},"geometry":{"type":"LineString","coordinates":[[-0.0680568,51.6810737],[-0.0680363,51.6810336],[-0.0680054,51.6809884],[-0.0679581,51.6809317],[-0.0678698,51.6808628],[-0.0671913,51.680542],[-0.0670763,51.6804887]]}},
{"type":"Feature","properties":{"id":79382,"nach":0.39873836346288316},"geometry":{"type":"LineString","coordinates":[[-0.0680355,51.68059860000001],[-0.0681404,51.68063750000001],[-0.0683677,51.6807397],[-0.0684405,51.6807914],[-0.0684663,51.6808316],[-0.068467,51.680877],[-0.0684459,51.6809196],[-0.0684031,51.6809477],[-0.0683515,51.6809746],[-0.0680568,51.6810737]]}},
{"type":"Feature","properties":{"id":58951,"nach":0.44648337993486992},"geometry":{"type":"LineString","coordinates":[[-0.0772829,51.681541500000016],[-0.078535,51.6816863]]}},
{"type":"Feature","properties":{"id":58952,"nach":0.33784323164456642},"geometry":{"type":"LineString","coordinates":[[-0.0772829,51.681541500000016],[-0.0773066,51.68147840000001]]}},
{"type":"Feature","properties":{"id":69870,"nach":0.33142770779743941},"geometry":{"type":"LineString","coordinates":[[-0.0765905,51.681990500000012],[-0.0768131,51.6820255],[-0.0768118,51.6820521],[-0.0767675,51.682140200000013]]}},
{"type":"Feature","properties":{"id":69873,"nach":0.32435764803590195},"geometry":{"type":"LineString","coordinates":[[-0.0761519,51.6826474],[-0.0762244,51.6825685],[-0.0762619,51.6824911],[-0.0763504,51.68232230000001],[-0.0764591,51.6821435],[-0.0765905,51.681990500000012]]}},
{"type":"Feature","properties":{"id":49510,"nach":0.44649425312481245},"geometry":{"type":"LineString","coordinates":[[-0.0785385,51.6828258],[-0.0785195,51.682485799999988],[-0.0785351,51.681815899999989],[-0.078535,51.6816863]]}},
{"type":"Feature","properties":{"id":50804,"nach":0.34363171753145794},"geometry":{"type":"LineString","coordinates":[[-0.0844701,51.682336],[-0.0854013,51.6824484]]}},
{"type":"Feature","properties":{"id":39976,"nach":0.25811700716770775},"geometry":{"type":"LineString","coordinates":[[-0.0854013,51.6824484],[-0.0862281,51.6825481],[-0.0871321,51.6826558],[-0.087698,51.6826941],[-0.0888889,51.6826209],[-0.091651,51.6823888]]}},
{"type":"Feature","properties":{"id":59362,"nach":0.37890716187138568},"geometry":{"type":"LineString","coordinates":[[-0.0952683,51.6820339],[-0.0943032,51.6821333],[-0.0938483,51.6821865],[-0.0923221,51.6823153],[-0.091651,51.6823888]]}},
{"type":"Feature","properties":{"id":39977,"nach":0.2723925755286285},"geometry":{"type":"LineString","coordinates":[[-0.0854013,51.6824484],[-0.0855577,51.6826787],[-0.0858795,51.6831344],[-0.0858366,51.6835734],[-0.0858742,51.683719799999984],[-0.0859063,51.6838362],[-0.0858527,51.6842053],[-0.085799,51.684325099999988]]}},
{"type":"Feature","properties":{"id":59364,"nach":0.34280038174639743},"geometry":{"type":"LineString","coordinates":[[-0.0944614,51.6815063],[-0.0949178,51.6814601],[-0.0950892,51.6815526],[-0.0951593,51.681602299999987],[-0.0952683,51.6820339]]}},
{"type":"Feature","properties":{"id":55003,"nach":0.52484892752332868},"geometry":{"type":"LineString","coordinates":[[-0.0967695,51.678483500000013],[-0.0968727,51.6786565]]}},
{"type":"Feature","properties":{"id":29918,"nach":0.34205850665270965},"geometry":{"type":"LineString","coordinates":[[-0.0938881,51.6794142],[-0.09396,51.6791777],[-0.0942711,51.6790779],[-0.0951187,51.6789515],[-0.0960768,51.6788158],[-0.0968727,51.6786565]]}},
{"type":"Feature","properties":{"id":15771,"nach":0.52656908716911499},"geometry":{"type":"LineString","coordinates":[[-0.0971641,51.6793348],[-0.0971261,51.6792205],[-0.0969897,51.678887],[-0.0968727,51.6786565]]}},
{"type":"Feature","properties":{"id":55002,"nach":0.52292203065335774},"geometry":{"type":"LineString","coordinates":[[-0.0967695,51.678483500000013],[-0.0963974,51.677859800000014]]}},
{"type":"Feature","properties":{"id":55005,"nach":0.34878555276866008},"geometry":{"type":"LineString","coordinates":[[-0.0947432,51.6788057],[-0.0949775,51.6787242],[-0.0951595,51.6786918],[-0.0953542,51.6786742],[-0.0954239,51.6786555],[-0.0955173,51.6786153],[-0.0959257,51.6785289],[-0.0961774,51.6784838],[-0.0964196,51.6784769],[-0.0966903,51.67848080000001],[-0.0967695,51.678483500000013]]}},
{"type":"Feature","properties":{"id":46438,"nach":0.52886960754636214},"geometry":{"type":"LineString","coordinates":[[-0.0972311,51.6795252],[-0.0971641,51.6793348]]}},
{"type":"Feature","properties":{"id":55145,"nach":0.29188910215690966},"geometry":{"type":"LineString","coordinates":[[-0.1032328,51.67835070000001],[-0.1026586,51.67842490000001],[-0.10254,51.678444],[-0.1024829,51.6784651],[-0.1024335,51.6784957],[-0.1023961,51.6785352],[-0.1023764,51.678561700000017],[-0.1023555,51.6785788],[-0.1023338,51.6785853],[-0.1017753,51.6786688],[-0.1005072,51.678856399999987],[-0.1003797,51.6788758],[-0.1003256,51.6788769],[-0.1002794,51.6788742],[-0.1002162,51.6788701],[-0.1001676,51.6788729],[-0.0995388,51.6789678],[-0.0984353,51.6791326],[-0.0971641,51.6793348]]}},
{"type":"Feature","properties":{"id":15734,"nach":0.51582298286138051},"geometry":{"type":"LineString","coordinates":[[-0.094106,51.6730845],[-0.0941543,51.6730525],[-0.0942079,51.673025499999987],[-0.0942568,51.6730063],[-0.0943289,51.672995]]}},
{"type":"Feature","properties":{"id":46840,"nach":0.51161627439217849},"geometry":{"type":"LineString","coordinates":[[-0.0945515,51.6738425],[-0.094279,51.6732554],[-0.0942481,51.6732055],[-0.0942025,51.6731577],[-0.0941563,51.6731224],[-0.094106,51.6730845]]}},
{"type":"Feature","properties":{"id":15737,"nach":0.51410655946371453},"geometry":{"type":"LineString","coordinates":[[-0.0946548,51.6730138],[-0.094492,51.6729897],[-0.0943289,51.672995]]}},
{"type":"Feature","properties":{"id":15915,"nach":0.49095357671831247},"geometry":{"type":"LineString","coordinates":[[-0.0972849,51.67360390000001],[-0.0969505,51.6735049],[-0.0964998,51.6733902],[-0.0957274,51.6732359],[-0.0948353,51.6730483],[-0.0946548,51.6730138]]}},
{"type":"Feature","properties":{"id":15739,"nach":0.45748736488896197},"geometry":{"type":"LineString","coordinates":[[-0.0947228,51.672155100000012],[-0.0946524,51.6729486],[-0.0946548,51.6730138]]}},
{"type":"Feature","properties":{"id":46841,"nach":0.50983530931988452},"geometry":{"type":"LineString","coordinates":[[-0.0945515,51.6738425],[-0.0947993,51.6743507],[-0.0949305,51.6746295]]}},
{"type":"Feature","properties":{"id":46842,"nach":0.35733636632519344},"geometry":{"type":"LineString","coordinates":[[-0.0945515,51.6738425],[-0.0947979,51.6737085],[-0.0953747,51.673837],[-0.0955254,51.673837],[-0.0956461,51.673797300000011]]}},
{"type":"Feature","properties":{"id":76088,"nach":0.44533264068632566},"geometry":{"type":"LineString","coordinates":[[-0.0973096,51.6735545],[-0.0972849,51.67360390000001]]}},
{"type":"Feature","properties":{"id":26746,"nach":0.47165240240554202},"geometry":{"type":"LineString","coordinates":[[-0.0975204,51.673677499999989],[-0.0974425,51.6736514],[-0.0972849,51.67360390000001]]}},
{"type":"Feature","properties":{"id":15916,"nach":0.34806750786065838},"geometry":{"type":"LineString","coordinates":[[-0.0972118,51.6725303],[-0.0970337,51.6723055],[-0.0967105,51.6721843],[-0.0962979,51.6721205],[-0.0960114,51.6721767],[-0.0957221,51.6721917],[-0.0954904,51.6721492],[-0.0952071,51.6721438],[-0.0950183,51.67213850000001],[-0.0947228,51.672155100000012]]}},
{"type":"Feature","properties":{"id":19971,"nach":0.44298321930612072},"geometry":{"type":"LineString","coordinates":[[-0.0948303,51.6700551],[-0.0948669,51.6703348],[-0.0948029,51.6706667],[-0.0946907,51.671249],[-0.0946696,51.671518],[-0.0947043,51.671699],[-0.094805,51.6718311],[-0.0948283,51.6719296],[-0.0947932,51.6720239],[-0.0947228,51.672155100000012]]}},
{"type":"Feature","properties":{"id":76089,"nach":0.36030765996964603},"geometry":{"type":"LineString","coordinates":[[-0.0973096,51.6735545],[-0.0974156,51.673342],[-0.0973513,51.673055899999987],[-0.0972815,51.67286630000001],[-0.0972493,51.6726534],[-0.0972118,51.6725303]]}},
{"type":"Feature","properties":{"id":19980,"nach":0.36033495583183928},"geometry":{"type":"LineString","coordinates":[[-0.0970938,51.672260799999989],[-0.0971742,51.6722974],[-0.0972172,51.6723839],[-0.0972279,51.6724371],[-0.0972118,51.6725303]]}},
{"type":"Feature","properties":{"id":23273,"nach":0.24654863276482691},"geometry":{"type":"LineString","coordinates":[[-0.1009672,51.6805501],[-0.1011074,51.680831]]}},
{"type":"Feature","properties":{"id":23276,"nach":0.28303435681946554},"geometry":{"type":"LineString","coordinates":[[-0.1012529,51.6811226],[-0.1011074,51.680831]]}},
{"type":"Feature","properties":{"id":23275,"nach":0.35178529401993197},"geometry":{"type":"LineString","coordinates":[[-0.1009672,51.6805501],[-0.1009207,51.68045690000001],[-0.1009207,51.6804037],[-0.1009722,51.68035050000001],[-0.1035385,51.6799354],[-0.1037102,51.6799088],[-0.103796,51.6799354]]}},
{"type":"Feature","properties":{"id":49850,"nach":0.36732282584671944},"geometry":{"type":"LineString","coordinates":[[-0.1039622,51.6802708],[-0.1039491,51.6802435],[-0.1038218,51.679978],[-0.103796,51.6799354]]}},
{"type":"Feature","properties":{"id":49849,"nach":0.35329543434658461},"geometry":{"type":"LineString","coordinates":[[-0.1039622,51.6802708],[-0.1046658,51.6801443]]}},
{"type":"Feature","properties":{"id":15753,"nach":0.35694315170185692},"geometry":{"type":"LineString","coordinates":[[-0.1040741,51.6797653],[-0.103796,51.6799354]]}},
{"type":"Feature","properties":{"id":75704,"nach":0.537841184505509},"geometry":{"type":"LineString","coordinates":[[-0.0988829,51.6834821],[-0.0989266,51.6834396]]}},
{"type":"Feature","properties":{"id":46281,"nach":0.57844695370328036},"geometry":{"type":"LineString","coordinates":[[-0.0998076,51.683494],[-0.0990967,51.6834759],[-0.0989971,51.6834642],[-0.0989266,51.6834396]]}},
{"type":"Feature","properties":{"id":46073,"nach":0.56995281096019546},"geometry":{"type":"LineString","coordinates":[[-0.0987604,51.6832195],[-0.0988299,51.6833573],[-0.0989266,51.6834396]]}},
{"type":"Feature","properties":{"id":75705,"nach":0.52476847320529696},"geometry":{"type":"LineString","coordinates":[[-0.0988829,51.6834821],[-0.0988508,51.6835132],[-0.0988731,51.6837434]]}},
{"type":"Feature","properties":{"id":75706,"nach":0.3889165377904672},"geometry":{"type":"LineString","coordinates":[[-0.0988829,51.6834821],[-0.0987053,51.683486400000014],[-0.0986651,51.6834814],[-0.0986369,51.6834698],[-0.0986087,51.6834424],[-0.0985588,51.6833462]]}},
{"type":"Feature","properties":{"id":46280,"nach":0.57797361483034337},"geometry":{"type":"LineString","coordinates":[[-0.0998076,51.683494],[-0.1003305,51.683517700000017]]}},
{"type":"Feature","properties":{"id":46278,"nach":0.38769995990252587},"geometry":{"type":"LineString","coordinates":[[-0.0998011,51.6836893],[-0.0998076,51.683494]]}},
{"type":"Feature","properties":{"id":46072,"nach":0.56789891481285903},"geometry":{"type":"LineString","coordinates":[[-0.0987604,51.6832195],[-0.0986652,51.6829341]]}},
{"type":"Feature","properties":{"id":55510,"nach":0.38988204310861918},"geometry":{"type":"LineString","coordinates":[[-0.0985537,51.6832318],[-0.0986562,51.683226600000012],[-0.0987604,51.6832195]]}},
{"type":"Feature","properties":{"id":48492,"nach":0.51720176194015777},"geometry":{"type":"LineString","coordinates":[[-0.0988731,51.6837434],[-0.0989322,51.683987200000011],[-0.0989882,51.6844216]]}},
{"type":"Feature","properties":{"id":48873,"nach":0.49614086671369723},"geometry":{"type":"LineString","coordinates":[[-0.0989479,51.6852385],[-0.0989949,51.6845848],[-0.0989882,51.6844216]]}},
{"type":"Feature","properties":{"id":15761,"nach":0.42123463545263884},"geometry":{"type":"LineString","coordinates":[[-0.0960798,51.6850389],[-0.0961399,51.68456],[-0.0962,51.684464200000015],[-0.0963202,51.6844163],[-0.0972643,51.6844216],[-0.0974446,51.6844482],[-0.0975819,51.684485500000015],[-0.0977535,51.684501399999988],[-0.0982342,51.6845067],[-0.0986033,51.6845067],[-0.0987749,51.684480100000016],[-0.0989882,51.6844216]]}},
{"type":"Feature","properties":{"id":69844,"nach":0.0},"geometry":{"type":"LineString","coordinates":[[-0.0977915,51.6868077],[-0.0976318,51.68679310000001],[-0.0975717,51.686768900000011],[-0.0975537,51.6867261],[-0.0975447,51.6866572],[-0.0975297,51.6865529],[-0.0974636,51.6864412],[-0.0974096,51.686363],[-0.0973435,51.6862997],[-0.0973405,51.6862289],[-0.0973375,51.6861786],[-0.0974459,51.6860981],[-0.0974792,51.6858764],[-0.0973029,51.6858646],[-0.097031,51.6858498],[-0.0968738,51.6858823],[-0.0968309,51.6859977],[-0.0968354,51.6862281],[-0.0968977,51.686577],[-0.0969025,51.68671],[-0.0967737,51.686854900000014],[-0.0967593,51.687653],[-0.096745,51.6884602],[-0.096869,51.6886878],[-0.0972029,51.6893263],[-0.0971171,51.6894061],[-0.096888,51.6894653],[-0.0965876,51.68945630000001],[-0.0963301,51.6894387],[-0.0960726,51.6892643],[-0.0956102,51.6891579],[-0.0953431,51.6890249],[-0.0953431,51.6887588],[-0.0944705,51.688874],[-0.0940368,51.6883419],[-0.0939223,51.687996100000014],[-0.0937219,51.6871978],[-0.0939078,51.6870205],[-0.0939794,51.686592],[-0.0942187,51.68568],[-0.0944713,51.6853164],[-0.0941564,51.6839388],[-0.0946856,51.6837199],[-0.0985196,51.6836549],[-0.0988731,51.6837434]]}},
{"type":"Feature","properties":{"id":55159,"nach":0.5320119756212478},"geometry":{"type":"LineString","coordinates":[[-0.0972832,51.6797669],[-0.0972674,51.6796873],[-0.0972311,51.6795252]]}},
{"type":"Feature","properties":{"id":46797,"nach":0.35090203913280188},"geometry":{"type":"LineString","coordinates":[[-0.0947066,51.6800533],[-0.0946728,51.6799517],[-0.0946608,51.679914],[-0.0946741,51.6798874],[-0.0947879,51.6798673],[-0.0951222,51.6798068],[-0.0952308,51.6797711],[-0.0956208,51.6797047],[-0.0958071,51.6797048],[-0.0970186,51.679547800000016],[-0.0972311,51.6795252]]}},
{"type":"Feature","properties":{"id":69797,"nach":0.35283882111499265},"geometry":{"type":"LineString","coordinates":[[-0.0967406,51.677798],[-0.0977134,51.6776124]]}},
{"type":"Feature","properties":{"id":69796,"nach":0.42852472658871033},"geometry":{"type":"LineString","coordinates":[[-0.0967406,51.677798],[-0.0965549,51.6778342]]}},
{"type":"Feature","properties":{"id":69799,"nach":0.0},"geometry":{"type":"LineString","coordinates":[[-0.0967406,51.677798],[-0.0966615,51.6775434],[-0.0966132,51.6774951],[-0.0965354,51.6774901],[-0.0963615,51.6775255]]}},
{"type":"Feature","properties":{"id":69800,"nach":0.35505227499303155},"geometry":{"type":"LineString","coordinates":[[-0.0968117,51.6780839],[-0.0967406,51.677798]]}},
{"type":"Feature","properties":{"id":46524,"nach":0.48110245720834571},"geometry":{"type":"LineString","coordinates":[[-0.0965549,51.6778342],[-0.0963974,51.677859800000014]]}},
{"type":"Feature","properties":{"id":46515,"nach":0.49893453594284293},"geometry":{"type":"LineString","coordinates":[[-0.0959896,51.67726110000001],[-0.0963974,51.677859800000014]]}},
{"type":"Feature","properties":{"id":69793,"nach":0.42600376357017206},"geometry":{"type":"LineString","coordinates":[[-0.0963615,51.6775255],[-0.0965549,51.6778342]]}},
{"type":"Feature","properties":{"id":48895,"nach":0.5129606262723263},"geometry":{"type":"LineString","coordinates":[[-0.0956948,51.6767857],[-0.09583,51.6770267],[-0.0959896,51.67726110000001]]}},
{"type":"Feature","properties":{"id":46519,"nach":0.40418888022073646},"geometry":{"type":"LineString","coordinates":[[-0.0961612,51.6772281],[-0.096037,51.677252],[-0.0959896,51.67726110000001]]}},
{"type":"Feature","properties":{"id":26745,"nach":0.48790396212348514},"geometry":{"type":"LineString","coordinates":[[-0.0975204,51.673677499999989],[-0.0979613,51.673822800000018]]}},
{"type":"Feature","properties":{"id":44908,"nach":0.4604073277472564},"geometry":{"type":"LineString","coordinates":[[-0.0992403,51.6742749],[-0.0979613,51.673822800000018]]}},
{"type":"Feature","properties":{"id":15780,"nach":0.44586559210635851},"geometry":{"type":"LineString","coordinates":[[-0.097658,51.6745454],[-0.0977035,51.674480500000016],[-0.0978232,51.67434870000001],[-0.0978376,51.6743183],[-0.0978403,51.6742784],[-0.0978222,51.6742489],[-0.09779,51.6742181],[-0.0977632,51.6741944],[-0.0977498,51.674160299999983],[-0.0977464,51.6741291],[-0.0977625,51.674098300000011],[-0.0978329,51.673994],[-0.0978872,51.6739004],[-0.0979613,51.673822800000018]]}},
{"type":"Feature","properties":{"id":76085,"nach":0.39897940297760603},"geometry":{"type":"LineString","coordinates":[[-0.0975567,51.6734972],[-0.0975402,51.6735801],[-0.0975204,51.673677499999989]]}},
{"type":"Feature","properties":{"id":44911,"nach":0.40478374809627016},"geometry":{"type":"LineString","coordinates":[[-0.0994348,51.67414560000001],[-0.0992403,51.6742749]]}},
{"type":"Feature","properties":{"id":24564,"nach":0.41169272592015554},"geometry":{"type":"LineString","coordinates":[[-0.0978141,51.6746048],[-0.097658,51.6745454]]}},
{"type":"Feature","properties":{"id":73199,"nach":0.33851238184712146},"geometry":{"type":"LineString","coordinates":[[-0.0971161,51.674374899999989],[-0.0971919,51.674423499999989],[-0.0972562,51.6744505],[-0.0973327,51.6744672],[-0.0975063,51.6745009],[-0.097658,51.6745454]]}},
{"type":"Feature","properties":{"id":24566,"nach":0.33720744845080219},"geometry":{"type":"LineString","coordinates":[[-0.0978141,51.6746048],[-0.0977994,51.6746422],[-0.0976968,51.6747624],[-0.0976331,51.674794],[-0.0975935,51.6748235],[-0.0974782,51.6749608]]}},
{"type":"Feature","properties":{"id":24565,"nach":0.33521206402195974},"geometry":{"type":"LineString","coordinates":[[-0.0978141,51.6746048],[-0.0978953,51.6746106],[-0.0979536,51.674611],[-0.098016,51.674599799999989],[-0.098085,51.6745703],[-0.0981903,51.6745038],[-0.0982768,51.6744127],[-0.0984082,51.6742272]]}},
{"type":"Feature","properties":{"id":76090,"nach":0.41776039174292207},"geometry":{"type":"LineString","coordinates":[[-0.0973096,51.6735545],[-0.0974256,51.6735049],[-0.0975567,51.6734972]]}},
{"type":"Feature","properties":{"id":19982,"nach":0.30742426234887477},"geometry":{"type":"LineString","coordinates":[[-0.0970938,51.672260799999989],[-0.0972011,51.6721144],[-0.097362,51.67192150000001],[-0.0974371,51.6717618],[-0.0975122,51.6715422],[-0.0975873,51.6713692],[-0.097598,51.6710498],[-0.0976409,51.6708835],[-0.0978019,51.6706506],[-0.0978019,51.6705508],[-0.0977804,51.6704909],[-0.0977375,51.670444300000014],[-0.0976088,51.6703978],[-0.0975444,51.6703246],[-0.0975551,51.670251400000012],[-0.0975283,51.6701948],[-0.097185,51.6701017],[-0.0969972,51.6700717],[-0.0968416,51.6700318],[-0.0966217,51.6699919],[-0.0964232,51.6699852]]}},
{"type":"Feature","properties":{"id":49513,"nach":0.53031813878275635},"geometry":{"type":"LineString","coordinates":[[-0.0822169,51.6703919],[-0.0822238,51.670394600000023],[-0.0823834,51.6704643]]}},
{"type":"Feature","properties":{"id":39176,"nach":0.36850040299279074},"geometry":{"type":"LineString","coordinates":[[-0.0821217,51.670478],[-0.082158,51.6704898],[-0.0822582,51.6705225],[-0.0823226,51.6705025],[-0.0823834,51.6704643]]}},
{"type":"Feature","properties":{"id":65057,"nach":0.15158861976944432},"geometry":{"type":"LineString","coordinates":[[-0.0688015,51.6769736],[-0.068853,51.677146],[-0.069014,51.677428],[-0.068977,51.677712],[-0.068694,51.678689],[-0.068624,51.678833],[-0.068364,51.679158],[-0.068156,51.679468],[-0.068142,51.679591],[-0.068192,51.679702],[-0.068283,51.679768],[-0.068383,51.6798],[-0.069711,51.680008],[-0.070673,51.680194],[-0.0711805,51.6803076],[-0.0712939,51.6802953],[-0.0713617,51.6803065]]}},
{"type":"Feature","properties":{"id":38087,"nach":0.31825118620357767},"geometry":{"type":"LineString","coordinates":[[-0.071262,51.678313],[-0.071066,51.67843],[-0.0709022,51.678525],[-0.0709469,51.67905],[-0.0710039,51.6792504],[-0.0710271,51.67958],[-0.071153,51.6799009],[-0.071225,51.6800516],[-0.0713617,51.6803065]]}},
{"type":"Feature","properties":{"id":65058,"nach":0.16542545211658766},"geometry":{"type":"LineString","coordinates":[[-0.0688015,51.6769736],[-0.0691439,51.676935499999985],[-0.0694259,51.676743900000012],[-0.069514,51.676684],[-0.0695215,51.676679],[-0.0698382,51.676493],[-0.0702388,51.6763829],[-0.0705651,51.676304100000017],[-0.0710665,51.6763427],[-0.0714024,51.6764603],[-0.0714576,51.6767399],[-0.0712801,51.6770569],[-0.0710195,51.6772289]]}},
{"type":"Feature","properties":{"id":38091,"nach":0.3124237203974593},"geometry":{"type":"LineString","coordinates":[[-0.0710785,51.6775872],[-0.0712395,51.6777745],[-0.07144,51.678111],[-0.071403,51.678202],[-0.071262,51.678313]]}},
{"type":"Feature","properties":{"id":27158,"nach":0.35282258500930275},"geometry":{"type":"LineString","coordinates":[[-0.0804475,51.672342],[-0.0803153,51.6724096],[-0.0799284,51.6724738],[-0.0790078,51.673103],[-0.0785257,51.6742474],[-0.0784249,51.674299],[-0.0782081,51.67432190000001],[-0.0780576,51.6743468],[-0.0779094,51.6744085],[-0.0777644,51.674526],[-0.0776328,51.6746164]]}},
{"type":"Feature","properties":{"id":32450,"nach":0.42103279622732886},"geometry":{"type":"LineString","coordinates":[[-0.087121,51.6724538],[-0.0866968,51.6725277],[-0.0864138,51.6725653],[-0.0862331,51.6725716],[-0.0860561,51.6725583],[-0.0859435,51.6725517]]}},
{"type":"Feature","properties":{"id":32453,"nach":0.37065819631715713},"geometry":{"type":"LineString","coordinates":[[-0.0859663,51.672760300000014],[-0.0859166,51.67264260000001],[-0.0859435,51.6725517]]}},
{"type":"Feature","properties":{"id":32451,"nach":0.34797750222139706},"geometry":{"type":"LineString","coordinates":[[-0.087121,51.6724538],[-0.0873569,51.6724105],[-0.0876787,51.6723307],[-0.0877243,51.6722941]]}},
{"type":"Feature","properties":{"id":57852,"nach":0.33173272614452942},"geometry":{"type":"LineString","coordinates":[[-0.0888523,51.6727306],[-0.088484,51.6726667],[-0.0882063,51.672597],[-0.087838,51.6725312],[-0.0875041,51.6724848],[-0.0873325,51.672477],[-0.087121,51.6724538]]}},
{"type":"Feature","properties":{"id":65189,"nach":0.3841545017262416},"geometry":{"type":"LineString","coordinates":[[-0.080432,51.6737726],[-0.0806163,51.6735118],[-0.0807431,51.6733316],[-0.08088,51.673134600000012],[-0.08105,51.6728932],[-0.0811298,51.6728152],[-0.0812785,51.6727345],[-0.0814316,51.6726736],[-0.0816366,51.672601],[-0.0818903,51.6724823]]}},
{"type":"Feature","properties":{"id":65187,"nach":0.45653174628449228},"geometry":{"type":"LineString","coordinates":[[-0.0819078,51.6733465],[-0.081898,51.6730799],[-0.0818918,51.6728994],[-0.0818827,51.6725775],[-0.0818903,51.6724823]]}},
{"type":"Feature","properties":{"id":65221,"nach":0.3635636622636062},"geometry":{"type":"LineString","coordinates":[[-0.0797947,51.6752824],[-0.0798266,51.6751388],[-0.0799466,51.6748365],[-0.0800255,51.6746781],[-0.0800903,51.6745553],[-0.0801401,51.674408200000016],[-0.0801547,51.674305],[-0.0801882,51.674171],[-0.0802516,51.6740462],[-0.0803616,51.6738721],[-0.080432,51.6737726]]}},
{"type":"Feature","properties":{"id":65194,"nach":0.0},"geometry":{"type":"LineString","coordinates":[[-0.0794412,51.676132500000016],[-0.0793598,51.6760705],[-0.0793174,51.6760004],[-0.0793057,51.675930500000021],[-0.0792761,51.6757297],[-0.0792767,51.6755089],[-0.079291,51.6752791],[-0.0792739,51.6748679],[-0.0792199,51.6746303],[-0.0791607,51.6743924],[-0.0791393,51.6743404],[-0.0791673,51.6742659],[-0.0793048,51.67416630000001],[-0.0795796,51.6740101],[-0.0798018,51.6739134],[-0.0800732,51.6738286],[-0.080432,51.6737726]]}},
{"type":"Feature","properties":{"id":65188,"nach":0.38823773270700723},"geometry":{"type":"LineString","coordinates":[[-0.0819078,51.6733465],[-0.0817044,51.6735637],[-0.0814683,51.6737411],[-0.0812441,51.6739113],[-0.0810713,51.6740742],[-0.080946,51.6742674],[-0.0809329,51.6743415]]}},
{"type":"Feature","properties":{"id":65211,"nach":0.40295676250324308},"geometry":{"type":"LineString","coordinates":[[-0.0818825,51.6750164],[-0.0818833,51.6749571],[-0.0818894,51.674585500000013],[-0.0818955,51.6745167],[-0.0819207,51.6736992],[-0.0819078,51.6733465]]}},
{"type":"Feature","properties":{"id":26754,"nach":0.35980950111264198},"geometry":{"type":"LineString","coordinates":[[-0.0994645,51.6712116],[-0.0993385,51.6712211],[-0.0989945,51.671225],[-0.0987705,51.6712777],[-0.0986562,51.6713249],[-0.0985327,51.671407600000016],[-0.0984624,51.6715022],[-0.0984099,51.6717289],[-0.0984053,51.67205040000001],[-0.0984245,51.6721444]]}},
{"type":"Feature","properties":{"id":26744,"nach":0.38139863306656807},"geometry":{"type":"LineString","coordinates":[[-0.0984245,51.6721444],[-0.0985368,51.6721454],[-0.0987806,51.67215490000001]]}},
{"type":"Feature","properties":{"id":26757,"nach":0.42537812265706371},"geometry":{"type":"LineString","coordinates":[[-0.0983053,51.6725102],[-0.0983637,51.6724074],[-0.098411,51.6722623],[-0.0984245,51.6721444]]}},
{"type":"Feature","properties":{"id":26759,"nach":0.30069164302507179},"geometry":{"type":"LineString","coordinates":[[-0.0983053,51.6725102],[-0.0983938,51.672538100000011],[-0.0985815,51.6725814],[-0.0987698,51.672615],[-0.0992019,51.6727062],[-0.0993837,51.672726300000015]]}},
{"type":"Feature","properties":{"id":76086,"nach":0.44287678260567231},"geometry":{"type":"LineString","coordinates":[[-0.0975567,51.6734972],[-0.097608,51.673239100000011],[-0.0976736,51.672821],[-0.0977604,51.67258180000001],[-0.0977731,51.6724806],[-0.0978639,51.6724284],[-0.0979735,51.6724305],[-0.0980943,51.6724654],[-0.0982227,51.6724919],[-0.0983053,51.6725102]]}},
{"type":"Feature","properties":{"id":38122,"nach":0.32454804963598072},"geometry":{"type":"LineString","coordinates":[[-0.086866,51.678321],[-0.086702,51.678357],[-0.086494,51.678375],[-0.086218,51.678352],[-0.086047,51.678386],[-0.085893,51.678488],[-0.085769,51.67863],[-0.085698,51.678684],[-0.085476,51.678777],[-0.085313,51.678869],[-0.085123,51.67893],[-0.084863,51.67898],[-0.084341,51.679119],[-0.084238,51.679177],[-0.083585,51.679762],[-0.083189,51.680046],[-0.082907,51.680213],[-0.082482,51.680546],[-0.082287,51.680664],[-0.082149,51.680728],[-0.081908,51.680809],[-0.0811246,51.681007500000014],[-0.0810669,51.6810221]]}},
{"type":"Feature","properties":{"id":27178,"nach":0.41648106713141175},"geometry":{"type":"LineString","coordinates":[[-0.0810669,51.6810221],[-0.0808597,51.6810415],[-0.0806559,51.6810482],[-0.0803984,51.6809816],[-0.0802158,51.6808763],[-0.0801119,51.6808226],[-0.0800184,51.6807651]]}},
{"type":"Feature","properties":{"id":73447,"nach":0.51533689933147142},"geometry":{"type":"LineString","coordinates":[[-0.0950328,51.674927],[-0.0950643,51.6750303]]}},
{"type":"Feature","properties":{"id":40466,"nach":0.51999230213714331},"geometry":{"type":"LineString","coordinates":[[-0.0950938,51.6751499],[-0.0950643,51.6750303]]}},
{"type":"Feature","properties":{"id":73449,"nach":0.51152577552763012},"geometry":{"type":"LineString","coordinates":[[-0.0950328,51.674927],[-0.0949898,51.67478340000001],[-0.0949305,51.6746295]]}},
{"type":"Feature","properties":{"id":73450,"nach":0.3594597659788718},"geometry":{"type":"LineString","coordinates":[[-0.0950328,51.674927],[-0.0948229,51.674936800000012],[-0.0946049,51.674947],[-0.0943521,51.6749462],[-0.0941885,51.6749296],[-0.0940704,51.6749059],[-0.0940168,51.6748801],[-0.0940054,51.6748539],[-0.0940315,51.6747899]]}},
{"type":"Feature","properties":{"id":73451,"nach":0.36226790924286334},"geometry":{"type":"LineString","coordinates":[[-0.0954451,51.6748235],[-0.0950328,51.674927]]}},
{"type":"Feature","properties":{"id":47755,"nach":0.52172197431032796},"geometry":{"type":"LineString","coordinates":[[-0.0951119,51.675248],[-0.0950938,51.6751499]]}},
{"type":"Feature","properties":{"id":53446,"nach":0.38967358856958056},"geometry":{"type":"LineString","coordinates":[[-0.0923129,51.676331500000011],[-0.0925604,51.6760947],[-0.092842,51.6758818],[-0.0932068,51.675730400000013],[-0.094505,51.675308],[-0.0949616,51.6751633],[-0.0950938,51.6751499]]}},
{"type":"Feature","properties":{"id":38631,"nach":0.41719625219091855},"geometry":{"type":"LineString","coordinates":[[-0.0675556,51.6797801],[-0.0670763,51.6804887]]}},
{"type":"Feature","properties":{"id":32441,"nach":0.48076522320406467},"geometry":{"type":"LineString","coordinates":[[-0.0658552,51.6799212],[-0.066413,51.6801883],[-0.0670763,51.6804887]]}},
{"type":"Feature","properties":{"id":52050,"nach":0.40333456840026327},"geometry":{"type":"LineString","coordinates":[[-0.0676873,51.680340800000018],[-0.0678606,51.6800913],[-0.067886,51.6800475],[-0.0679043,51.680002],[-0.0679062,51.6799543],[-0.0678863,51.679907200000017],[-0.0678532,51.679877],[-0.0677891,51.6798457],[-0.0675556,51.6797801]]}},
{"type":"Feature","properties":{"id":41470,"nach":0.35591464068062811},"geometry":{"type":"LineString","coordinates":[[-0.0877367,51.6776938],[-0.08773,51.677736],[-0.087657,51.677826]]}},
{"type":"Feature","properties":{"id":69945,"nach":0.35574824870685035},"geometry":{"type":"LineString","coordinates":[[-0.0660125,51.681180400000017],[-0.0661889,51.6807416]]}},
{"type":"Feature","properties":{"id":65199,"nach":0.36506041856347798},"geometry":{"type":"LineString","coordinates":[[-0.0853405,51.676464],[-0.085458,51.676488],[-0.085658,51.676568],[-0.086281,51.676749],[-0.086952,51.677309],[-0.087087,51.677397],[-0.087629,51.677622],[-0.0877367,51.6776938]]}},
{"type":"Feature","properties":{"id":35713,"nach":0.33752158438069163},"geometry":{"type":"LineString","coordinates":[[-0.080159,51.6782891],[-0.0800968,51.6783266]]}},
{"type":"Feature","properties":{"id":35722,"nach":0.32335673454620029},"geometry":{"type":"LineString","coordinates":[[-0.0792106,51.6781391],[-0.0790873,51.6780644]]}},
{"type":"Feature","properties":{"id":35729,"nach":0.13310167320266994},"geometry":{"type":"LineString","coordinates":[[-0.0795314,51.6779753],[-0.0793542,51.6778838],[-0.0790873,51.6780644]]}},
{"type":"Feature","properties":{"id":35724,"nach":0.36032708298341687},"geometry":{"type":"LineString","coordinates":[[-0.0792106,51.6781391],[-0.0792403,51.6781264],[-0.0792613,51.678123500000012],[-0.0792875,51.678125],[-0.0793197,51.6781364]]}},
{"type":"Feature","properties":{"id":35723,"nach":0.41033156634437951},"geometry":{"type":"LineString","coordinates":[[-0.0792106,51.6781391],[-0.0791968,51.678153],[-0.0791927,51.67816160000001],[-0.0791924,51.6781779],[-0.0791957,51.6781858],[-0.0792121,51.6782026]]}},
{"type":"Feature","properties":{"id":35728,"nach":0.32771734703682204},"geometry":{"type":"LineString","coordinates":[[-0.0795314,51.6779753],[-0.0793197,51.6781364]]}},
{"type":"Feature","properties":{"id":35730,"nach":0.26025169353529742},"geometry":{"type":"LineString","coordinates":[[-0.0795314,51.6779753],[-0.0799673,51.6782004],[-0.0800089,51.6781751],[-0.080159,51.6782891]]}},
{"type":"Feature","properties":{"id":35717,"nach":0.0},"geometry":{"type":"LineString","coordinates":[[-0.0803013,51.6787256],[-0.0803415,51.6786924],[-0.0804113,51.6786258],[-0.0804515,51.678524400000015],[-0.0804434,51.6784362],[-0.0804059,51.6783514],[-0.0802771,51.6782204],[-0.080159,51.6782891]]}},
{"type":"Feature","properties":{"id":35731,"nach":0.32915680826258181},"geometry":{"type":"LineString","coordinates":[[-0.080363,51.6788121],[-0.0803552,51.6787668],[-0.0803013,51.6787256]]}},
{"type":"Feature","properties":{"id":35727,"nach":0.36671623199687897},"geometry":{"type":"LineString","coordinates":[[-0.0793232,51.678202],[-0.0793114,51.6782085],[-0.0792877,51.6782156],[-0.0792575,51.6782169],[-0.0792333,51.6782123],[-0.0792121,51.6782026]]}},
{"type":"Feature","properties":{"id":35726,"nach":0.19360583827007471},"geometry":{"type":"LineString","coordinates":[[-0.0793232,51.678202],[-0.0793411,51.6781808],[-0.0793424,51.678164500000015],[-0.0793389,51.678155100000012],[-0.0793197,51.6781364]]}},
{"type":"Feature","properties":{"id":35725,"nach":0.32304297262789028},"geometry":{"type":"LineString","coordinates":[[-0.0793232,51.678202],[-0.0795165,51.6783084]]}},
{"type":"Feature","properties":{"id":79944,"nach":0.26222392097970998},"geometry":{"type":"LineString","coordinates":[[-0.0710301,51.6776654],[-0.0710785,51.6775872]]}},
{"type":"Feature","properties":{"id":54272,"nach":0.29194303026999807},"geometry":{"type":"LineString","coordinates":[[-0.0710195,51.6772289],[-0.0709337,51.6772788],[-0.0709181,51.6773397],[-0.0710249,51.6774781],[-0.0710416,51.677512],[-0.0710785,51.6775872]]}},
{"type":"Feature","properties":{"id":65195,"nach":0.38631619754632823},"geometry":{"type":"LineString","coordinates":[[-0.0839938,51.6756722],[-0.084016,51.675725],[-0.084027,51.675828],[-0.083964,51.676023]]}},
{"type":"Feature","properties":{"id":65198,"nach":0.32051123351222882},"geometry":{"type":"LineString","coordinates":[[-0.0853405,51.676464],[-0.085008,51.676396],[-0.084284,51.676106],[-0.083964,51.676023]]}},
{"type":"Feature","properties":{"id":65207,"nach":0.42015217270184246},"geometry":{"type":"LineString","coordinates":[[-0.083759,51.6751151],[-0.083979,51.6756372],[-0.0839938,51.6756722]]}},
{"type":"Feature","properties":{"id":65202,"nach":0.35569636270563459},"geometry":{"type":"LineString","coordinates":[[-0.0852227,51.6761567],[-0.0851598,51.6761026],[-0.085031,51.6760509],[-0.084864,51.676007600000013],[-0.0846911,51.6759604],[-0.0844898,51.6758828],[-0.0843094,51.6757999],[-0.0841178,51.6757364],[-0.0839938,51.6756722]]}},
{"type":"Feature","properties":{"id":65201,"nach":0.35936008698598737},"geometry":{"type":"LineString","coordinates":[[-0.0852227,51.6761567],[-0.0852487,51.6761791],[-0.0853053,51.6762744],[-0.0853175,51.6763439],[-0.0853405,51.676464]]}},
{"type":"Feature","properties":{"id":79368,"nach":0.35534533189262746},"geometry":{"type":"LineString","coordinates":[[-0.0676342,51.6804156],[-0.0676873,51.680340800000018]]}},
{"type":"Feature","properties":{"id":79381,"nach":0.37097268275883144},"geometry":{"type":"LineString","coordinates":[[-0.0680355,51.68059860000001],[-0.0679395,51.680563],[-0.0678344,51.680510800000015],[-0.0677598,51.68044],[-0.0676873,51.680340800000018]]}},
{"type":"Feature","properties":{"id":49514,"nach":0.075522091876586206},"geometry":{"type":"LineString","coordinates":[[-0.0822169,51.6703919],[-0.0821801,51.6704263],[-0.0821636,51.6704417],[-0.0821217,51.670478]]}},
{"type":"Feature","properties":{"id":39257,"nach":0.0},"geometry":{"type":"LineString","coordinates":[[-0.1032516,51.6842739],[-0.10299,51.6842504],[-0.1030258,51.6841426]]}},
{"type":"Feature","properties":{"id":39263,"nach":0.36886083169185008},"geometry":{"type":"LineString","coordinates":[[-0.1038692,51.683705],[-0.1039539,51.683831],[-0.1039743,51.68390380000001],[-0.1039769,51.6839514],[-0.1038185,51.6844197]]}},
{"type":"Feature","properties":{"id":39261,"nach":0.5696458080625475},"geometry":{"type":"LineString","coordinates":[[-0.1038692,51.683705],[-0.1037121,51.6836961]]}},
{"type":"Feature","properties":{"id":46403,"nach":0.56405644980792868},"geometry":{"type":"LineString","coordinates":[[-0.1046894,51.6837517],[-0.1038692,51.683705]]}},
{"type":"Feature","properties":{"id":47578,"nach":0.38270258338379742},"geometry":{"type":"LineString","coordinates":[[-0.1038228,51.6835707],[-0.103846,51.6836378],[-0.1038692,51.683705]]}},
{"type":"Feature","properties":{"id":39259,"nach":0.5466100646756602},"geometry":{"type":"LineString","coordinates":[[-0.1030952,51.6836609],[-0.1037121,51.6836961]]}},
{"type":"Feature","properties":{"id":39254,"nach":0.48601923954836074},"geometry":{"type":"LineString","coordinates":[[-0.1037121,51.6836961],[-0.1036792,51.6837843],[-0.1036678,51.6838158]]}},
{"type":"Feature","properties":{"id":39255,"nach":0.50205827955184446},"geometry":{"type":"LineString","coordinates":[[-0.1031233,51.6837799],[-0.1031193,51.6837632],[-0.1030952,51.6836609]]}},
{"type":"Feature","properties":{"id":46971,"nach":0.57519391460956637},"geometry":{"type":"LineString","coordinates":[[-0.1028525,51.683647],[-0.1028955,51.6836495],[-0.1030952,51.6836609]]}},
{"type":"Feature","properties":{"id":56719,"nach":0.42097011156141301},"geometry":{"type":"LineString","coordinates":[[-0.1036678,51.6838158],[-0.1035837,51.6840473]]}},
{"type":"Feature","properties":{"id":56720,"nach":0.45652651356249369},"geometry":{"type":"LineString","coordinates":[[-0.1036678,51.6838158],[-0.103397,51.6837959]]}},
{"type":"Feature","properties":{"id":39258,"nach":0.44209781851386354},"geometry":{"type":"LineString","coordinates":[[-0.103397,51.6837959],[-0.1031233,51.6837799]]}},
{"type":"Feature","properties":{"id":56735,"nach":0.49762087091180651},"geometry":{"type":"LineString","coordinates":[[-0.1030821,51.683972600000011],[-0.1031069,51.6838977],[-0.1031233,51.6837799]]}},
{"type":"Feature","properties":{"id":56723,"nach":0.4450605546547563},"geometry":{"type":"LineString","coordinates":[[-0.1032803,51.6841778],[-0.1033302,51.6840105]]}},
{"type":"Feature","properties":{"id":56728,"nach":0.22842511527401205},"geometry":{"type":"LineString","coordinates":[[-0.1030258,51.6841426],[-0.1032803,51.6841778]]}},
{"type":"Feature","properties":{"id":56727,"nach":0.3730384457279054},"geometry":{"type":"LineString","coordinates":[[-0.1030258,51.6841426],[-0.1029472,51.6841272]]}},
{"type":"Feature","properties":{"id":56726,"nach":0.41596615726421576},"geometry":{"type":"LineString","coordinates":[[-0.1030258,51.6841426],[-0.1030821,51.683972600000011]]}},
{"type":"Feature","properties":{"id":56733,"nach":0.36478613642246704},"geometry":{"type":"LineString","coordinates":[[-0.1033302,51.6840105],[-0.103364,51.6838971],[-0.103397,51.6837959]]}},
{"type":"Feature","properties":{"id":46969,"nach":0.57530439184028048},"geometry":{"type":"LineString","coordinates":[[-0.1028525,51.683647],[-0.1020915,51.683603700000013]]}},
{"type":"Feature","properties":{"id":46972,"nach":0.44395666169425424},"geometry":{"type":"LineString","coordinates":[[-0.1028596,51.6833044],[-0.1028525,51.683647]]}},
{"type":"Feature","properties":{"id":47579,"nach":0.35284290818789665},"geometry":{"type":"LineString","coordinates":[[-0.1038228,51.6835707],[-0.1039582,51.6835523],[-0.1041602,51.6836215],[-0.1044465,51.6836252],[-0.1046334,51.6836421],[-0.1046894,51.6837517]]}},
{"type":"Feature","properties":{"id":47577,"nach":0.36185264755535218},"geometry":{"type":"LineString","coordinates":[[-0.1038228,51.6835707],[-0.1037664,51.6834078],[-0.1037024,51.6831837],[-0.1036767,51.6831058],[-0.1036588,51.6830168],[-0.1037382,51.6829532],[-0.1038331,51.6829183],[-0.103969,51.6829103],[-0.104092,51.682924600000014],[-0.1041664,51.6829501],[-0.1042509,51.6829723],[-0.1043637,51.682953200000014]]}},
{"type":"Feature","properties":{"id":39979,"nach":0.26658742259912172},"geometry":{"type":"LineString","coordinates":[[-0.0781011,51.6861609],[-0.0783259,51.6842805]]}},
{"type":"Feature","properties":{"id":50307,"nach":0.3287735782888106},"geometry":{"type":"LineString","coordinates":[[-0.0784694,51.6835059],[-0.0783259,51.6842805]]}},
{"type":"Feature","properties":{"id":39969,"nach":0.2018507439831945},"geometry":{"type":"LineString","coordinates":[[-0.085799,51.684325099999988],[-0.0855952,51.6844248],[-0.0854235,51.6845479],[-0.0852036,51.6845446],[-0.0835514,51.684557899999987],[-0.0827574,51.684365],[-0.0823658,51.6843051],[-0.0817489,51.6843417],[-0.0806117,51.6842885],[-0.0794959,51.684261900000017],[-0.0788355,51.6842872],[-0.0783259,51.6842805]]}},
{"type":"Feature","properties":{"id":50306,"nach":0.36783437057938118},"geometry":{"type":"LineString","coordinates":[[-0.0784694,51.6835059],[-0.0787891,51.6835314],[-0.0788829,51.6835314],[-0.0789339,51.6835198],[-0.0789607,51.6834982],[-0.0789741,51.683415],[-0.0789741,51.6833335],[-0.0789473,51.683303600000016],[-0.0789098,51.6832936],[-0.0787971,51.683287],[-0.0786764,51.6832786],[-0.0785153,51.6832576]]}},
{"type":"Feature","properties":{"id":39978,"nach":0.0},"geometry":{"type":"LineString","coordinates":[[-0.0781328,51.6875564],[-0.078873,51.6878956],[-0.0802785,51.6884809],[-0.0808048,51.6886718],[-0.0828642,51.688757],[-0.0845164,51.6888534],[-0.0856322,51.6888966],[-0.0856429,51.6888334],[-0.0856381,51.688755],[-0.0856971,51.688721699999988],[-0.0859171,51.6886452],[-0.0861585,51.688582],[-0.0866627,51.68733490000001],[-0.08574,51.6847741],[-0.0857937,51.6844515],[-0.085799,51.684325099999988]]}},
{"type":"Feature","properties":{"id":50316,"nach":0.42599762897735649},"geometry":{"type":"LineString","coordinates":[[-0.0785394,51.6828413],[-0.0785385,51.6828258]]}},
{"type":"Feature","properties":{"id":49511,"nach":0.32500040164310168},"geometry":{"type":"LineString","coordinates":[[-0.078843,51.6830692],[-0.0788023,51.6830473],[-0.0787722,51.6829902],[-0.0787581,51.6829464],[-0.0787422,51.6829069],[-0.0787085,51.682875],[-0.0786448,51.682854200000016],[-0.0785385,51.6828258]]}},
{"type":"Feature","properties":{"id":53445,"nach":0.31278238307794842},"geometry":{"type":"LineString","coordinates":[[-0.0923129,51.676331500000011],[-0.0922707,51.6763841],[-0.092268,51.6766535],[-0.092375,51.6768194],[-0.0924665,51.6769612]]}},
{"type":"Feature","properties":{"id":53448,"nach":0.31554526618898943},"geometry":{"type":"LineString","coordinates":[[-0.0917755,51.6766363],[-0.0917952,51.67649990000001],[-0.0918195,51.6764607],[-0.091993,51.6763592],[-0.092138,51.676324],[-0.0923129,51.676331500000011]]}},
{"type":"Feature","properties":{"id":47763,"nach":0.43610748763938367},"geometry":{"type":"LineString","coordinates":[[-0.0957637,51.6752416],[-0.0957339,51.675185],[-0.0956999,51.675164100000011],[-0.095661,51.6751583],[-0.0956268,51.6751579],[-0.0952365,51.6752402],[-0.0951119,51.675248]]}},
{"type":"Feature","properties":{"id":46267,"nach":0.45895715574885992},"geometry":{"type":"LineString","coordinates":[[-0.0979947,51.6829522],[-0.0986652,51.6829341]]}},
{"type":"Feature","properties":{"id":46269,"nach":0.38199946996786877},"geometry":{"type":"LineString","coordinates":[[-0.0979947,51.6829522],[-0.0974237,51.6829635],[-0.0974274,51.6831363]]}},
{"type":"Feature","properties":{"id":46270,"nach":0.38594446153814027},"geometry":{"type":"LineString","coordinates":[[-0.0979027,51.6828302],[-0.0979947,51.6829522]]}},
{"type":"Feature","properties":{"id":55509,"nach":0.0},"geometry":{"type":"LineString","coordinates":[[-0.0985537,51.6832318],[-0.0980102,51.6832438],[-0.0979863,51.6832503],[-0.0979789,51.6832621],[-0.0979822,51.683329599999986],[-0.0979871,51.683343100000016],[-0.0980019,51.6833498],[-0.0980257,51.6833523],[-0.0985588,51.6833462]]}},
{"type":"Feature","properties":{"id":46245,"nach":0.57403529335816672},"geometry":{"type":"LineString","coordinates":[[-0.1003305,51.683517700000017],[-0.1008295,51.683541]]}},
{"type":"Feature","properties":{"id":46253,"nach":0.57771492566574212},"geometry":{"type":"LineString","coordinates":[[-0.1011771,51.6835545],[-0.1008295,51.683541]]}},
{"type":"Feature","properties":{"id":46243,"nach":0.38554433038065083},"geometry":{"type":"LineString","coordinates":[[-0.1006296,51.683365],[-0.100763,51.6834093],[-0.1008248,51.6834647],[-0.1008295,51.683541]]}},
{"type":"Feature","properties":{"id":46247,"nach":0.45645729536256657},"geometry":{"type":"LineString","coordinates":[[-0.1003528,51.6834353],[-0.1003368,51.6834522],[-0.1003305,51.683517700000017]]}},
{"type":"Feature","properties":{"id":46254,"nach":0.41013703461691164},"geometry":{"type":"LineString","coordinates":[[-0.1011771,51.6835545],[-0.1011846,51.683452399999986]]}},
{"type":"Feature","properties":{"id":46275,"nach":0.5718490181230752},"geometry":{"type":"LineString","coordinates":[[-0.1013447,51.6835612],[-0.1013155,51.6835595],[-0.1011771,51.6835545]]}},
{"type":"Feature","properties":{"id":46250,"nach":0.38275226494468501},"geometry":{"type":"LineString","coordinates":[[-0.1006997,51.6832178],[-0.1006296,51.683365]]}},
{"type":"Feature","properties":{"id":46248,"nach":0.38109388231075186},"geometry":{"type":"LineString","coordinates":[[-0.1003528,51.6834353],[-0.1003958,51.6833897],[-0.1006296,51.683365]]}},
{"type":"Feature","properties":{"id":46252,"nach":0.0},"geometry":{"type":"LineString","coordinates":[[-0.1006997,51.6832178],[-0.1003565,51.6829824],[-0.1008076,51.6829157],[-0.1007795,51.6831482],[-0.1006997,51.6832178]]}},
{"type":"Feature","properties":{"id":59360,"nach":0.38160233373715713},"geometry":{"type":"LineString","coordinates":[[-0.0997935,51.6831402],[-0.0997767,51.683274],[-0.0999391,51.683287],[-0.1003528,51.6834353]]}},
{"type":"Feature","properties":{"id":46261,"nach":0.40601806908551635},"geometry":{"type":"LineString","coordinates":[[-0.1015138,51.6834707],[-0.1011846,51.683452399999986]]}},
{"type":"Feature","properties":{"id":46266,"nach":0.4272028509592149},"geometry":{"type":"LineString","coordinates":[[-0.1010379,51.6832036],[-0.1012048,51.6832172],[-0.1011846,51.683452399999986]]}},
{"type":"Feature","properties":{"id":46273,"nach":0.57140073010327375},"geometry":{"type":"LineString","coordinates":[[-0.1013447,51.6835612],[-0.1015086,51.6835705]]}},
{"type":"Feature","properties":{"id":46274,"nach":0.38261217752607196},"geometry":{"type":"LineString","coordinates":[[-0.1013447,51.6835612],[-0.1012919,51.6837544]]}},
{"type":"Feature","properties":{"id":46262,"nach":0.44128631741126034},"geometry":{"type":"LineString","coordinates":[[-0.1015138,51.6834707],[-0.1015086,51.6835705]]}},
{"type":"Feature","properties":{"id":46265,"nach":0.38005171605437588},"geometry":{"type":"LineString","coordinates":[[-0.1010379,51.6832036],[-0.101089,51.6829271]]}},
{"type":"Feature","properties":{"id":46260,"nach":0.0},"geometry":{"type":"LineString","coordinates":[[-0.101089,51.6829271],[-0.1015024,51.682944],[-0.1015256,51.6828269],[-0.1010939,51.6828735],[-0.101089,51.6829271]]}},
{"type":"Feature","properties":{"id":47215,"nach":0.57639670084464756},"geometry":{"type":"LineString","coordinates":[[-0.1017607,51.6835849],[-0.1015086,51.6835705]]}},
{"type":"Feature","properties":{"id":47216,"nach":0.57604015497926397},"geometry":{"type":"LineString","coordinates":[[-0.1017607,51.6835849],[-0.1020915,51.683603700000013]]}},
{"type":"Feature","properties":{"id":47218,"nach":0.3573001381642843},"geometry":{"type":"LineString","coordinates":[[-0.1018061,51.681667800000014],[-0.1018648,51.6817906],[-0.1019455,51.6818224],[-0.1019932,51.681943],[-0.1020078,51.6820112],[-0.1019748,51.6820544],[-0.1019308,51.682102100000016],[-0.1018831,51.68215439999998],[-0.1017841,51.682179499999982],[-0.1017511,51.6822045],[-0.1018208,51.682468299999989],[-0.1017364,51.6829481],[-0.1018098,51.683039],[-0.1018428,51.6830868],[-0.1017607,51.6835849]]}},
{"type":"Feature","properties":{"id":46272,"nach":0.0},"geometry":{"type":"LineString","coordinates":[[-0.0979027,51.6828302],[-0.0979196,51.68268470000001],[-0.0975159,51.6826882],[-0.0975159,51.68285],[-0.0979027,51.6828302]]}},
{"type":"Feature","properties":{"id":46279,"nach":0.0},"geometry":{"type":"LineString","coordinates":[[-0.0998011,51.6836893],[-0.0997705,51.683699],[-0.0996759,51.6842835],[-0.1010867,51.68435430000001],[-0.1012919,51.6837544]]}},
{"type":"Feature","properties":{"id":46287,"nach":0.37514666022951204},"geometry":{"type":"LineString","coordinates":[[-0.1017089,51.6844094],[-0.1018113,51.6843671],[-0.1018555,51.6842401],[-0.1018783,51.6841868],[-0.10192,51.68403],[-0.1019769,51.683980600000012],[-0.1020915,51.683603700000013]]}},
{"type":"Feature","properties":{"id":46286,"nach":0.0},"geometry":{"type":"LineString","coordinates":[[-0.1017089,51.6844094],[-0.1018087,51.6844831],[-0.1017531,51.6847104],[-0.1014193,51.6846587],[-0.1013472,51.6846219],[-0.1014244,51.6843883],[-0.1017089,51.6844094]]}},
{"type":"Feature","properties":{"id":55161,"nach":0.49956054219153739},"geometry":{"type":"LineString","coordinates":[[-0.0975705,51.6797335],[-0.0973967,51.6797534],[-0.0972832,51.6797669]]}},
{"type":"Feature","properties":{"id":73445,"nach":0.35089805050508621},"geometry":{"type":"LineString","coordinates":[[-0.0962725,51.6745828],[-0.0961699,51.6744443],[-0.0960781,51.6743861],[-0.0960083,51.6743553],[-0.0958883,51.6743096],[-0.0957581,51.6742789],[-0.0956603,51.6742659],[-0.0955718,51.6742634],[-0.0955027,51.6742672],[-0.0954524,51.674281299999983],[-0.0950501,51.6745661],[-0.0949305,51.6746295]]}},
{"type":"Feature","properties":{"id":48894,"nach":0.51210469950469872},"geometry":{"type":"LineString","coordinates":[[-0.0956948,51.6767857],[-0.0954618,51.6763701]]}},
{"type":"Feature","properties":{"id":54999,"nach":0.40151728327220304},"geometry":{"type":"LineString","coordinates":[[-0.0933794,51.6771611],[-0.0934001,51.6770233],[-0.0934444,51.6768753],[-0.093576,51.6768819],[-0.0939026,51.67689570000001],[-0.0941947,51.67689270000001],[-0.094415,51.6768773],[-0.0946552,51.6768589],[-0.0949819,51.6768328],[-0.0952889,51.6768134],[-0.095431,51.6768028],[-0.0956948,51.6767857]]}},
{"type":"Feature","properties":{"id":46522,"nach":0.40963845084139144},"geometry":{"type":"LineString","coordinates":[[-0.0962071,51.6772791],[-0.0961612,51.6772281]]}},
{"type":"Feature","properties":{"id":69814,"nach":0.0},"geometry":{"type":"LineString","coordinates":[[-0.0970416,51.6770968],[-0.096978,51.6769854],[-0.0969417,51.6769524],[-0.0962941,51.6770723],[-0.0961829,51.6771337],[-0.0961177,51.6771607],[-0.0961612,51.6772281]]}},
{"type":"Feature","properties":{"id":46528,"nach":0.41850665072759324},"geometry":{"type":"LineString","coordinates":[[-0.0962543,51.6773545],[-0.0962071,51.6772791]]}},
{"type":"Feature","properties":{"id":69815,"nach":0.35157931024532624},"geometry":{"type":"LineString","coordinates":[[-0.0970416,51.6770968],[-0.0968063,51.67715],[-0.0962071,51.6772791]]}},
{"type":"Feature","properties":{"id":69813,"nach":0.0},"geometry":{"type":"LineString","coordinates":[[-0.0970416,51.6770968],[-0.0971012,51.6772012],[-0.0970819,51.6772161],[-0.0963956,51.677333],[-0.0962543,51.6773545]]}},
{"type":"Feature","properties":{"id":69794,"nach":0.42206276880066906},"geometry":{"type":"LineString","coordinates":[[-0.0963615,51.6775255],[-0.0962543,51.6773545]]}},
{"type":"Feature","properties":{"id":46975,"nach":0.37243559396913445},"geometry":{"type":"LineString","coordinates":[[-0.1033275,51.6832755],[-0.1028596,51.6833044]]}},
{"type":"Feature","properties":{"id":46976,"nach":0.35943265545863995},"geometry":{"type":"LineString","coordinates":[[-0.1032849,51.6823199],[-0.1027556,51.6824167],[-0.1027475,51.6825123],[-0.1027414,51.6826481],[-0.1027759,51.68294860000001],[-0.1027942,51.6830467],[-0.1028563,51.6831358],[-0.1028603,51.6832666],[-0.1028596,51.6833044]]}},
{"type":"Feature","properties":{"id":47754,"nach":0.34527450070018578},"geometry":{"type":"LineString","coordinates":[[-0.0956131,51.6759003],[-0.0957065,51.67620320000001],[-0.0957113,51.6762676],[-0.0956714,51.6763252],[-0.0955881,51.6763582],[-0.0954618,51.6763701]]}},
{"type":"Feature","properties":{"id":47765,"nach":0.4301333879213029},"geometry":{"type":"LineString","coordinates":[[-0.095843,51.6753921],[-0.0957637,51.6752416]]}},
{"type":"Feature","properties":{"id":47764,"nach":0.35731816393161714},"geometry":{"type":"LineString","coordinates":[[-0.0961353,51.6751729],[-0.0957637,51.6752416]]}},
{"type":"Feature","properties":{"id":47771,"nach":0.42477564001928536},"geometry":{"type":"LineString","coordinates":[[-0.0959218,51.6755547],[-0.0959225,51.6755428],[-0.095843,51.6753921]]}},
{"type":"Feature","properties":{"id":47772,"nach":0.352125894945514},"geometry":{"type":"LineString","coordinates":[[-0.0962657,51.6754963],[-0.0959218,51.6755547]]}},
{"type":"Feature","properties":{"id":47768,"nach":0.35399594771715837},"geometry":{"type":"LineString","coordinates":[[-0.0962213,51.675326],[-0.095843,51.6753921]]}},
{"type":"Feature","properties":{"id":54998,"nach":0.32829599330275033},"geometry":{"type":"LineString","coordinates":[[-0.0933794,51.6771611],[-0.0933635,51.6772673],[-0.0933238,51.6774261],[-0.0933,51.6776274]]}},
{"type":"Feature","properties":{"id":55001,"nach":0.32719929334700359},"geometry":{"type":"LineString","coordinates":[[-0.0925785,51.67709570000001],[-0.0927118,51.677269],[-0.0927364,51.6772968],[-0.0927695,51.6773101],[-0.0928132,51.677314],[-0.0928751,51.6773167],[-0.0929188,51.6773246],[-0.0929604,51.67733650000001],[-0.0930159,51.6773412],[-0.0930629,51.677337800000011],[-0.0931237,51.6773246],[-0.0932101,51.6772816],[-0.0932827,51.6772419],[-0.0933794,51.6771611]]}},
{"type":"Feature","properties":{"id":50317,"nach":0.39375391869189597},"geometry":{"type":"LineString","coordinates":[[-0.0785394,51.6828413],[-0.0785517,51.6830612],[-0.0785153,51.6832576]]}},
{"type":"Feature","properties":{"id":50318,"nach":0.32466219727225271},"geometry":{"type":"LineString","coordinates":[[-0.0781268,51.6828164],[-0.0785394,51.6828413]]}},
{"type":"Feature","properties":{"id":79383,"nach":0.35005185905779473},"geometry":{"type":"LineString","coordinates":[[-0.0682169,51.6802614],[-0.0680355,51.68059860000001]]}},
{"type":"Feature","properties":{"id":54722,"nach":0.39510560537124051},"geometry":{"type":"LineString","coordinates":[[-0.0896666,51.6714166],[-0.0896186,51.6718707]]}},
{"type":"Feature","properties":{"id":54719,"nach":0.38543056106626522},"geometry":{"type":"LineString","coordinates":[[-0.0907002,51.6717808],[-0.0905946,51.671874799999983],[-0.0905251,51.6719207],[-0.0904691,51.671938800000014],[-0.0903537,51.6719478],[-0.0898158,51.6718762],[-0.0896847,51.671860899999984],[-0.0896455,51.6718595],[-0.0896186,51.6718707]]}},
{"type":"Feature","properties":{"id":54721,"nach":0.0},"geometry":{"type":"LineString","coordinates":[[-0.0907002,51.6717808],[-0.0906812,51.6717758],[-0.0906658,51.6717673],[-0.0906558,51.6717561],[-0.0906522,51.6717435],[-0.0906554,51.6717309],[-0.090665,51.671719600000017],[-0.0906801,51.6717108],[-0.0906989,51.671705599999989],[-0.0907195,51.6717045],[-0.0907394,51.6717075],[-0.0907566,51.6717144],[-0.0907693,51.6717244],[-0.0907761,51.6717364],[-0.0907764,51.6717491],[-0.0907699,51.6717611],[-0.0907575,51.6717713],[-0.0907405,51.6717784],[-0.0907207,51.6717817],[-0.0907002,51.6717808]]}},
{"type":"Feature","properties":{"id":56431,"nach":0.47541856677695976},"geometry":{"type":"LineString","coordinates":[[-0.0975489,51.679596100000012],[-0.0975627,51.6796473],[-0.0975705,51.6797335]]}},
{"type":"Feature","properties":{"id":55164,"nach":0.37233476665401083},"geometry":{"type":"LineString","coordinates":[[-0.0976207,51.6799785],[-0.0975885,51.6798173],[-0.0975705,51.6797335]]}},
{"type":"Feature","properties":{"id":56430,"nach":0.37083998960395276},"geometry":{"type":"LineString","coordinates":[[-0.0975489,51.679596100000012],[-0.0975409,51.6795667],[-0.0974881,51.679435]]}},
{"type":"Feature","properties":{"id":56432,"nach":0.43861715411612401},"geometry":{"type":"LineString","coordinates":[[-0.0975489,51.679596100000012],[-0.0978955,51.6795465],[-0.0980065,51.6795367]]}},
{"type":"Feature","properties":{"id":56428,"nach":0.36246698965437746},"geometry":{"type":"LineString","coordinates":[[-0.0980065,51.6795367],[-0.0980749,51.6795226],[-0.0987932,51.6793989]]}},
{"type":"Feature","properties":{"id":69843,"nach":0.36440913299543454},"geometry":{"type":"LineString","coordinates":[[-0.0978202,51.6793338],[-0.0979127,51.6794036],[-0.0979623,51.6794444],[-0.0979891,51.6794884],[-0.0980065,51.6795367]]}},
{"type":"Feature","properties":{"id":56732,"nach":0.33113443273356363},"geometry":{"type":"LineString","coordinates":[[-0.1033302,51.6840105],[-0.1035837,51.6840473]]}},
{"type":"Feature","properties":{"id":56734,"nach":0.45708377068516259},"geometry":{"type":"LineString","coordinates":[[-0.1030821,51.683972600000011],[-0.1033302,51.6840105]]}},
{"type":"Feature","properties":{"id":65206,"nach":0.32160841439213322},"geometry":{"type":"LineString","coordinates":[[-0.0837014,51.6749688],[-0.0838395,51.6749943],[-0.0839932,51.6750381],[-0.0841369,51.6750902],[-0.0842466,51.6751545],[-0.0843687,51.675263299999983],[-0.0845053,51.6753747],[-0.0847819,51.67556110000001],[-0.0851044,51.6758251],[-0.0852007,51.6759566],[-0.0852258,51.6760572],[-0.0852227,51.6761567]]}},
{"type":"Feature","properties":{"id":65208,"nach":0.42851414544267724},"geometry":{"type":"LineString","coordinates":[[-0.083759,51.6751151],[-0.08374,51.67507],[-0.0837014,51.6749688]]}},
{"type":"Feature","properties":{"id":65215,"nach":0.33759496194037647},"geometry":{"type":"LineString","coordinates":[[-0.0808083,51.6748632],[-0.0808499,51.6747502],[-0.0808988,51.674523],[-0.0809329,51.6743415]]}},
{"type":"Feature","properties":{"id":65220,"nach":0.33857268400244916},"geometry":{"type":"LineString","coordinates":[[-0.0803364,51.67482050000001],[-0.0803774,51.6747283],[-0.0804018,51.6746438],[-0.080406,51.67456820000001],[-0.0804184,51.6744811],[-0.0804524,51.6744206],[-0.0805425,51.674379600000016],[-0.0806648,51.6743605],[-0.0808597,51.6743697],[-0.0809098,51.6743648],[-0.0809329,51.6743415]]}},
{"type":"Feature","properties":{"id":65214,"nach":0.26697364620907588},"geometry":{"type":"LineString","coordinates":[[-0.0808083,51.6748632],[-0.0807731,51.6749589],[-0.0806576,51.6752076],[-0.080648,51.6753285],[-0.0807076,51.6754826],[-0.0808592,51.6756035],[-0.0811131,51.675698],[-0.0813913,51.675745],[-0.0816226,51.6757911],[-0.0817809,51.675832]]}},
{"type":"Feature","properties":{"id":65217,"nach":0.36459656030625454},"geometry":{"type":"LineString","coordinates":[[-0.0808083,51.6748632],[-0.0810146,51.6748925],[-0.0813255,51.6749327],[-0.0816292,51.6749796],[-0.0818825,51.6750164]]}},
{"type":"Feature","properties":{"id":65219,"nach":0.36302742424479073},"geometry":{"type":"LineString","coordinates":[[-0.0803364,51.67482050000001],[-0.0804196,51.6747973],[-0.0805661,51.67482],[-0.0808083,51.6748632]]}},
{"type":"Feature","properties":{"id":65223,"nach":0.37966532159407662},"geometry":{"type":"LineString","coordinates":[[-0.0797947,51.6752824],[-0.0799257,51.675196800000016],[-0.0800253,51.6751287],[-0.0801051,51.6750398],[-0.0801706,51.6749564],[-0.0802495,51.6749029],[-0.0803364,51.67482050000001]]}},
{"type":"Feature","properties":{"id":65228,"nach":0.34682317452383393},"geometry":{"type":"LineString","coordinates":[[-0.0809025,51.6767855],[-0.0810583,51.6767213],[-0.0812508,51.6765911],[-0.0815584,51.676390900000015],[-0.0816384,51.6761968],[-0.0817809,51.675832]]}},
{"type":"Feature","properties":{"id":65210,"nach":0.38243835228456652},"geometry":{"type":"LineString","coordinates":[[-0.0818825,51.6750164],[-0.081876,51.6754752],[-0.0817809,51.675832]]}},
{"type":"Feature","properties":{"id":65224,"nach":0.33758456114203456},"geometry":{"type":"LineString","coordinates":[[-0.0823944,51.6767135],[-0.0822917,51.6766512],[-0.0819753,51.6763821],[-0.0818393,51.676091],[-0.0817809,51.675832]]}},
{"type":"Feature","properties":{"id":65229,"nach":0.30942876752472742},"geometry":{"type":"LineString","coordinates":[[-0.0809025,51.6767855],[-0.0812455,51.6767363],[-0.0815203,51.6767022],[-0.0817789,51.6766765],[-0.0819761,51.6766677],[-0.0822285,51.676677],[-0.0823944,51.6767135]]}},
{"type":"Feature","properties":{"id":65213,"nach":0.41758841808455044},"geometry":{"type":"LineString","coordinates":[[-0.0818825,51.6750164],[-0.0820741,51.6750434],[-0.0822229,51.675058],[-0.0823909,51.6750639],[-0.0824867,51.67505],[-0.0826178,51.6750366],[-0.082743,51.675041],[-0.0828751,51.6750636],[-0.0829977,51.6750991],[-0.0830992,51.6751163],[-0.0833027,51.6751138],[-0.083521,51.6751358],[-0.0836466,51.6751364],[-0.083759,51.6751151]]}},
{"type":"Feature","properties":{"id":65222,"nach":0.39830675739883659},"geometry":{"type":"LineString","coordinates":[[-0.0797947,51.6752824],[-0.0797702,51.6753927],[-0.0797059,51.6756009],[-0.0796361,51.6757552],[-0.0794868,51.6760451],[-0.0794412,51.676132500000016]]}},
{"type":"Feature","properties":{"id":65778,"nach":0.36339960502301594},"geometry":{"type":"LineString","coordinates":[[-0.0851154,51.6687157],[-0.0853212,51.6688311],[-0.0855055,51.6689255],[-0.085833,51.6691597],[-0.0860228,51.66935620000001],[-0.0861271,51.6694553]]}},
{"type":"Feature","properties":{"id":79227,"nach":0.075431336383917899},"geometry":{"type":"LineString","coordinates":[[-0.0841633,51.6679034],[-0.0841884,51.6679287],[-0.0842052,51.667948],[-0.0842489,51.6679883]]}}
]
}
