{
"type": "FeatureCollection",
"name": "RICUP_4_walking",
"crs": { "type": "name", "properties": { "name": "urn:ogc:def:crs:OGC:1.3:CRS84" } },
"features": [
{"type":"Feature","properties":{"highway":"footway","name":null,"category":"Footpath (pedestrian only)"},"geometry":{"type":"MultiLineString","coordinates":[[[-0.2433604,51.4657399],[-0.243065,51.4660149],[-0.242668,51.466412],[-0.2422828,51.4667839]]]}},
{"type":"Feature","properties":{"highway":"footway","name":null,"category":"Footpath (pedestrian only)"},"geometry":{"type":"MultiLineString","coordinates":[[[-0.2392914,51.4658337],[-0.2390968,51.4658261],[-0.2388333,51.4658567]]]}},
{"type":"Feature","properties":{"highway":"footway","name":null,"category":"Footpath (pedestrian only)"},"geometry":{"type":"MultiLineString","coordinates":[[[-0.2523112,51.4727812],[-0.2522507,51.4727439]]]}},
{"type":"Feature","properties":{"highway":"footway","name":null,"category":"Footpath (pedestrian only)"},"geometry":{"type":"MultiLineString","coordinates":[[[-0.2517415,51.4732119],[-0.2516718,51.473179]]]}},
{"type":"Feature","properties":{"highway":"footway","name":null,"category":"Footpath (pedestrian only)"},"geometry":{"type":"MultiLineString","coordinates":[[[-0.2456677,51.4685289],[-0.2457623,51.4684099],[-0.2458834,51.4682587],[-0.2458736,51.468199]]]}},
{"type":"Feature","properties":{"highway":"footway","name":"Beverley Path","category":"Footpath (pedestrian only)"},"geometry":{"type":"MultiLineString","coordinates":[[[-0.2465604,51.4702438],[-0.2465863,51.4702581],[-0.2466449,51.4702574],[-0.2473218,51.4702526],[-0.2474302,51.4702485]]]}},
{"type":"Feature","properties":{"highway":"footway","name":null,"category":"Footpath (pedestrian only)"},"geometry":{"type":"MultiLineString","coordinates":[[[-0.2444608,51.4740681],[-0.2444546,51.4740404],[-0.2444325,51.4739426],[-0.2443383,51.473747]]]}},
{"type":"Feature","properties":{"highway":"path","name":"Thames Tow Path","category":"Shared path"},"geometry":{"type":"MultiLineString","coordinates":[[[-0.2491269,51.4799009],[-0.2491244,51.4798126],[-0.2491146,51.4794662],[-0.2491293,51.4792542],[-0.2491372,51.4790897],[-0.2491372,51.4790865],[-0.2491377,51.4789791],[-0.2491323,51.4788667],[-0.2491795,51.4782473],[-0.2492262,51.4779417],[-0.2494013,51.4771544],[-0.2494468,51.4769006],[-0.2494947,51.4766686],[-0.2494898,51.4766145],[-0.2494807,51.4765159]]]}},
{"type":"Feature","properties":{"highway":"footway","name":"Church Walk","category":"Footpath (pedestrian only)"},"geometry":{"type":"MultiLineString","coordinates":[[[-0.2446528,51.4743166],[-0.2435361,51.4744956],[-0.2434331,51.474505],[-0.2429607,51.4745301],[-0.2427622,51.4744856]]]}},
{"type":"Feature","properties":{"highway":"footway","name":"Small Profits Dock","category":"Footpath (pedestrian only)"},"geometry":{"type":"MultiLineString","coordinates":[[[-0.2530958,51.472426],[-0.2530393,51.4724657],[-0.2530227,51.4724766]]]}},
{"type":"Feature","properties":{"highway":"footway","name":"Platform 1 Ramp","category":"Footpath (pedestrian only)"},"geometry":{"type":"MultiLineString","coordinates":[[[-0.2528409,51.4722364],[-0.252643,51.4721333]]]}},
{"type":"Feature","properties":{"highway":"footway","name":null,"category":"Footpath (pedestrian only)"},"geometry":{"type":"MultiLineString","coordinates":[[[-0.2311804,51.472735],[-0.2311403,51.4726275],[-0.2311492,51.4725159],[-0.2312021,51.4723671],[-0.2312338,51.4722151],[-0.2312491,51.4719995],[-0.2312439,51.4719594],[-0.2313553,51.4716564],[-0.2320251,51.4716752],[-0.2321325,51.4716745],[-0.2326008,51.4716716],[-0.2329081,51.4715814],[-0.2333294,51.4715001],[-0.2336981,51.4714572],[-0.2337387,51.4714518],[-0.2343507,51.4713698],[-0.2351721,51.4712871],[-0.2353911,51.4712683]]]}},
{"type":"Feature","properties":{"highway":"footway","name":"Beverley Brook Walk","category":"Footpath (pedestrian only)"},"geometry":{"type":"MultiLineString","coordinates":[[[-0.2416452,51.4707172],[-0.2413148,51.4707895],[-0.2411986,51.4708149],[-0.2407502,51.4709112],[-0.2405729,51.4709626],[-0.2402021,51.4710341],[-0.2399567,51.471057],[-0.2397764,51.4710823],[-0.2393072,51.4711482],[-0.2392837,51.4711515],[-0.238778,51.4712277],[-0.2384211,51.4712814],[-0.2381666,51.4713147],[-0.2376532,51.4713818],[-0.2372441,51.4714172],[-0.2370036,51.471438],[-0.2369611,51.4716123]]]}},
{"type":"Feature","properties":{"highway":"footway","name":null,"category":"Footpath (pedestrian only)"},"geometry":{"type":"MultiLineString","coordinates":[[[-0.2421031,51.4672977],[-0.2421782,51.4672484],[-0.2422922,51.4672392],[-0.2428353,51.4673369],[-0.2435534,51.4675391],[-0.2443758,51.4677865],[-0.2451211,51.4680819],[-0.2453461,51.4681565],[-0.2454798,51.4681891],[-0.2458736,51.468199]]]}},
{"type":"Feature","properties":{"highway":"footway","name":null,"category":"Footpath (pedestrian only)"},"geometry":{"type":"MultiLineString","coordinates":[[[-0.2447462,51.4712431],[-0.2440329,51.4711574],[-0.2438211,51.4711183],[-0.243398,51.4710403],[-0.2422532,51.4708252],[-0.2420366,51.4707867],[-0.2416452,51.4707172]]]}},
{"type":"Feature","properties":{"highway":"footway","name":null,"category":"Footpath (pedestrian only)"},"geometry":{"type":"MultiLineString","coordinates":[[[-0.2448176,51.471367],[-0.2447764,51.471294]]]}},
{"type":"Feature","properties":{"highway":"footway","name":null,"category":"Footpath (pedestrian only)"},"geometry":{"type":"MultiLineString","coordinates":[[[-0.2530958,51.472426],[-0.2532981,51.4722936]]]}},
{"type":"Feature","properties":{"highway":"footway","name":null,"category":"Footpath (pedestrian only)"},"geometry":{"type":"MultiLineString","coordinates":[[[-0.2556426,51.4679449],[-0.2557212,51.4680096],[-0.2560289,51.4688378],[-0.2563035,51.4694794],[-0.2565353,51.470014],[-0.2565781,51.470107]]]}},
{"type":"Feature","properties":{"highway":"footway","name":null,"category":"Footpath (pedestrian only)"},"geometry":{"type":"MultiLineString","coordinates":[[[-0.2482518,51.4702355],[-0.2483645,51.4701637],[-0.248654,51.4699926],[-0.2488609,51.4698703],[-0.2489203,51.4698238]]]}},
{"type":"Feature","properties":{"highway":"footway","name":"Thorne Passage","category":"Footpath (pedestrian only)"},"geometry":{"type":"MultiLineString","coordinates":[[[-0.2550924,51.4704297],[-0.2547983,51.4704391],[-0.2536227,51.4704685],[-0.2532439,51.4704471],[-0.2530891,51.4704331],[-0.2529486,51.4704223]]]}},
{"type":"Feature","properties":{"highway":"footway","name":null,"category":"Footpath (pedestrian only)"},"geometry":{"type":"MultiLineString","coordinates":[[[-0.2522102,51.4703839],[-0.251953,51.4701183]]]}},
{"type":"Feature","properties":{"highway":"footway","name":null,"category":"Footpath (pedestrian only)"},"geometry":{"type":"MultiLineString","coordinates":[[[-0.2531285,51.4708512],[-0.2531603,51.4706191],[-0.2531287,51.4705773],[-0.2531093,51.4705362],[-0.253095,51.4705236],[-0.2530722,51.470513]]]}},
{"type":"Feature","properties":{"highway":"footway","name":"Railway Side","category":"Footpath (pedestrian only)"},"geometry":{"type":"MultiLineString","coordinates":[[[-0.2527925,51.4682571],[-0.2514523,51.4687151],[-0.2512962,51.4687679]]]}},
{"type":"Feature","properties":{"highway":"footway","name":"Railway Side","category":"Footpath (pedestrian only)"},"geometry":{"type":"MultiLineString","coordinates":[[[-0.2502383,51.4691604],[-0.2502362,51.4692281],[-0.2500399,51.4693143],[-0.2499575,51.4693498],[-0.2499172,51.4693704],[-0.2497301,51.4694613],[-0.2492292,51.4696946],[-0.249154,51.4697359],[-0.2491318,51.4697438]]]}},
{"type":"Feature","properties":{"highway":"footway","name":null,"category":"Footpath (pedestrian only)"},"geometry":{"type":"MultiLineString","coordinates":[[[-0.2491318,51.4697438],[-0.2489333,51.4696242],[-0.2485308,51.4693664]]]}},
{"type":"Feature","properties":{"highway":"footway","name":null,"category":"Footpath (pedestrian only)"},"geometry":{"type":"MultiLineString","coordinates":[[[-0.2515379,51.4690417],[-0.2528256,51.4685988],[-0.2528857,51.4686573]]]}},
{"type":"Feature","properties":{"highway":"footway","name":"Beverley Path","category":"Footpath (pedestrian only)"},"geometry":{"type":"MultiLineString","coordinates":[[[-0.2504832,51.4703952],[-0.2503651,51.4704336]]]}},
{"type":"Feature","properties":{"highway":"footway","name":null,"category":"Footpath (pedestrian only)"},"geometry":{"type":"MultiLineString","coordinates":[[[-0.2497409,51.4656952],[-0.2498044,51.4657227],[-0.2507338,51.4661278]]]}},
{"type":"Feature","properties":{"highway":"track","name":null,"category":"Track"},"geometry":{"type":"MultiLineString","coordinates":[[[-0.2497762,51.4656624],[-0.2494504,51.4655204]]]}},
{"type":"Feature","properties":{"highway":"footway","name":null,"category":"Footpath (pedestrian only)"},"geometry":{"type":"MultiLineString","coordinates":[[[-0.2479973,51.4664362],[-0.2476014,51.466306]]]}},
{"type":"Feature","properties":{"highway":"footway","name":null,"category":"Footpath (pedestrian only)"},"geometry":{"type":"MultiLineString","coordinates":[[[-0.2451565,51.4711359],[-0.2454914,51.4709768],[-0.2456389,51.4709068]]]}},
{"type":"Feature","properties":{"highway":"footway","name":"South Worple Avenue","category":"Footpath (pedestrian only)"},"geometry":{"type":"MultiLineString","coordinates":[[[-0.2557062,51.4677384],[-0.2551606,51.4668599],[-0.2545416,51.4666556]]]}},
{"type":"Feature","properties":{"highway":"footway","name":null,"category":"Footpath (pedestrian only)"},"geometry":{"type":"MultiLineString","coordinates":[[[-0.2540845,51.4665844],[-0.2538945,51.4667135],[-0.2537339,51.4667557],[-0.2539175,51.4670433]]]}},
{"type":"Feature","properties":{"highway":"footway","name":null,"category":"Footpath (pedestrian only)"},"geometry":{"type":"MultiLineString","coordinates":[[[-0.2545416,51.4666556],[-0.2534293,51.4662423],[-0.2531675,51.4661321],[-0.2530659,51.4660791]]]}},
{"type":"Feature","properties":{"highway":"footway","name":null,"category":"Footpath (pedestrian only)"},"geometry":{"type":"MultiLineString","coordinates":[[[-0.2542675,51.4668262],[-0.2547357,51.4674954],[-0.2548591,51.4674645],[-0.254887,51.4675063],[-0.2549149,51.4675109]]]}},
{"type":"Feature","properties":{"highway":"footway","name":null,"category":"Footpath (pedestrian only)"},"geometry":{"type":"MultiLineString","coordinates":[[[-0.2476014,51.466306],[-0.2457391,51.4659464],[-0.2454556,51.4660244],[-0.2451364,51.4661121],[-0.2434723,51.466567],[-0.2426342,51.4667388],[-0.2422828,51.4667839]]]}},
{"type":"Feature","properties":{"highway":"footway","name":null,"category":"Footpath (pedestrian only)"},"geometry":{"type":"MultiLineString","coordinates":[[[-0.2416965,51.4667156],[-0.241258,51.4663747],[-0.2402043,51.4658557],[-0.2398916,51.465753]]]}},
{"type":"Feature","properties":{"highway":"footway","name":null,"category":"Footpath (pedestrian only)"},"geometry":{"type":"MultiLineString","coordinates":[[[-0.2464775,51.4714704],[-0.2464285,51.4714918],[-0.246391,51.4715082]]]}},
{"type":"Feature","properties":{"highway":"path","name":null,"category":"Shared path"},"geometry":{"type":"MultiLineString","coordinates":[[[-0.2459481,51.472064],[-0.2462317,51.4722424],[-0.2464348,51.4724044],[-0.2466436,51.4725272],[-0.24635,51.4726358],[-0.2461443,51.472736],[-0.2460227,51.4728429],[-0.2459283,51.4729288],[-0.2457946,51.472952],[-0.2457226,51.4729237],[-0.2455931,51.472658],[-0.2454907,51.4724566]]]}},
{"type":"Feature","properties":{"highway":"path","name":null,"category":"Shared path"},"geometry":{"type":"MultiLineString","coordinates":[[[-0.2434659,51.4694899],[-0.2433077,51.4695142],[-0.2429827,51.4694301],[-0.2423302,51.4692228],[-0.2421463,51.4691369],[-0.2420039,51.4690668],[-0.241977,51.4690539],[-0.2416085,51.4688697],[-0.2413475,51.4687238],[-0.240732,51.4684664],[-0.2404825,51.4683559],[-0.2401375,51.4682976],[-0.240288,51.468525],[-0.2403926,51.4688798]]]}},
{"type":"Feature","properties":{"highway":"path","name":null,"category":"Shared path"},"geometry":{"type":"MultiLineString","coordinates":[[[-0.2413475,51.4687238],[-0.2414054,51.4685443],[-0.2413619,51.4683965],[-0.2414011,51.4681661],[-0.2413706,51.4679357],[-0.2411402,51.467588]]]}},
{"type":"Feature","properties":{"highway":"path","name":null,"category":"Shared path"},"geometry":{"type":"MultiLineString","coordinates":[[[-0.2413706,51.4679357],[-0.241501,51.4678401],[-0.2417184,51.4675619],[-0.2418488,51.4673924],[-0.2417959,51.467276],[-0.2417651,51.4672392]]]}},
{"type":"Feature","properties":{"highway":"footway","name":null,"category":"Footpath (pedestrian only)"},"geometry":{"type":"MultiLineString","coordinates":[[[-0.2416452,51.4707172],[-0.240886,51.4705221],[-0.2405427,51.4704339]]]}},
{"type":"Feature","properties":{"highway":"path","name":null,"category":"Shared path"},"geometry":{"type":"MultiLineString","coordinates":[[[-0.2359621,51.4711253],[-0.23597,51.4711034],[-0.2357863,51.4709716],[-0.2352677,51.4705924],[-0.2351993,51.4705424],[-0.235009,51.4703888],[-0.2349606,51.4703498],[-0.2348511,51.4702615],[-0.2347759,51.4702008],[-0.2342511,51.4698075],[-0.2340122,51.4696284],[-0.2334231,51.4691424],[-0.2334076,51.4690966]]]}},
{"type":"Feature","properties":{"highway":"footway","name":"Thames Path - Northern Bank","category":"Footpath (pedestrian only)"},"geometry":{"type":"MultiLineString","coordinates":[[[-0.2679508,51.4731646],[-0.2681004,51.4730529],[-0.2671493,51.4725992],[-0.267058,51.4725265],[-0.2664608,51.4722761],[-0.2662808,51.4722472],[-0.2654786,51.471993],[-0.2652269,51.4719113],[-0.2650055,51.471858],[-0.2647846,51.4717721],[-0.2642046,51.4716437],[-0.2637843,51.4715849],[-0.2628251,51.4714458],[-0.2622823,51.4714027],[-0.2615248,51.4713732],[-0.2602747,51.4714013],[-0.2593019,51.4714867],[-0.2587593,51.4715521],[-0.25701,51.4719812],[-0.2564757,51.4721519],[-0.2563741,51.4722993]]]}},
{"type":"Feature","properties":{"highway":"footway","name":null,"category":"Footpath (pedestrian only)"},"geometry":{"type":"MultiLineString","coordinates":[[[-0.2542202,51.4733942],[-0.253954,51.4736731]]]}},
{"type":"Feature","properties":{"highway":"path","name":null,"category":"Shared path"},"geometry":{"type":"MultiLineString","coordinates":[[[-0.2459481,51.472064],[-0.2457946,51.472952],[-0.2457827,51.4729826],[-0.2457721,51.47301],[-0.2457408,51.4730907],[-0.245574,51.4732813],[-0.2454019,51.4734379],[-0.2450955,51.4736504],[-0.2450629,51.4736826],[-0.2444325,51.4739426]]]}},
{"type":"Feature","properties":{"highway":"footway","name":null,"category":"Footpath (pedestrian only)"},"geometry":{"type":"MultiLineString","coordinates":[[[-0.250275,51.467434],[-0.2502736,51.4675153]]]}},
{"type":"Feature","properties":{"highway":"footway","name":null,"category":"Footpath (pedestrian only)"},"geometry":{"type":"MultiLineString","coordinates":[[[-0.2503846,51.4675673],[-0.2504642,51.4675805],[-0.2505186,51.467547]]]}},
{"type":"Feature","properties":{"highway":"footway","name":null,"category":"Footpath (pedestrian only)"},"geometry":{"type":"MultiLineString","coordinates":[[[-0.2502736,51.4675153],[-0.2503846,51.4675673]]]}},
{"type":"Feature","properties":{"highway":"footway","name":null,"category":"Footpath (pedestrian only)"},"geometry":{"type":"MultiLineString","coordinates":[[[-0.2339951,51.4707021],[-0.2336392,51.4707004],[-0.2333345,51.4706605],[-0.2331411,51.4706773],[-0.2330656,51.4706838],[-0.2328588,51.4706758],[-0.2327033,51.4706861],[-0.2325812,51.4707104],[-0.2324771,51.4707471],[-0.2323685,51.4707564],[-0.2320413,51.4706691],[-0.2317711,51.4706704],[-0.2316358,51.4706711],[-0.2313246,51.4706577],[-0.2311112,51.4706034],[-0.2309789,51.4707166],[-0.2309083,51.4707632],[-0.2305234,51.4707838],[-0.2304411,51.4712634]]]}},
{"type":"Feature","properties":{"highway":"footway","name":null,"category":"Footpath (pedestrian only)"},"geometry":{"type":"MultiLineString","coordinates":[[[-0.2362901,51.46837],[-0.2361217,51.4684792],[-0.2358194,51.4686355],[-0.235467,51.4687702],[-0.2346027,51.469074],[-0.2343931,51.4690738]]]}},
{"type":"Feature","properties":{"highway":"footway","name":null,"category":"Footpath (pedestrian only)"},"geometry":{"type":"MultiLineString","coordinates":[[[-0.2378585,51.4664204],[-0.2378011,51.4665584],[-0.2379872,51.4667078],[-0.2381158,51.46676]]]}},
{"type":"Feature","properties":{"highway":"footway","name":null,"category":"Footpath (pedestrian only)"},"geometry":{"type":"MultiLineString","coordinates":[[[-0.2378585,51.4664204],[-0.2380908,51.4663111],[-0.2395215,51.4665808],[-0.2409673,51.4668927],[-0.2412904,51.4669624],[-0.241269,51.4669919],[-0.2414322,51.467026]]]}},
{"type":"Feature","properties":{"highway":"footway","name":null,"category":"Footpath (pedestrian only)"},"geometry":{"type":"MultiLineString","coordinates":[[[-0.2334076,51.4690966],[-0.2334545,51.4689444],[-0.2335318,51.4688125],[-0.2335643,51.4687084],[-0.2337007,51.4685625],[-0.233883,51.4685516],[-0.2342505,51.4685818],[-0.2344575,51.468591],[-0.2345528,51.4686029],[-0.234738,51.4686264],[-0.235467,51.4687702],[-0.236064,51.4689056],[-0.236487,51.4689448],[-0.2366609,51.468965],[-0.2370683,51.4690892],[-0.2371933,51.4691406],[-0.2376126,51.4692174]]]}},
{"type":"Feature","properties":{"highway":"footway","name":null,"category":"Footpath (pedestrian only)"},"geometry":{"type":"MultiLineString","coordinates":[[[-0.2422828,51.4667839],[-0.242213,51.4667889],[-0.2421912,51.4668016],[-0.2421715,51.4668131],[-0.242154,51.4668449]]]}},
{"type":"Feature","properties":{"highway":"footway","name":null,"category":"Footpath (pedestrian only)"},"geometry":{"type":"MultiLineString","coordinates":[[[-0.2417873,51.4671434],[-0.2417895,51.4671285]]]}},
{"type":"Feature","properties":{"highway":"footway","name":null,"category":"Footpath (pedestrian only)"},"geometry":{"type":"MultiLineString","coordinates":[[[-0.2446876,51.4717306],[-0.2447441,51.4716425],[-0.2448176,51.471367]]]}},
{"type":"Feature","properties":{"highway":"footway","name":null,"category":"Footpath (pedestrian only)"},"geometry":{"type":"MultiLineString","coordinates":[[[-0.2451565,51.4711359],[-0.2449391,51.4712324],[-0.2448696,51.4712645],[-0.2447462,51.4712431]]]}},
{"type":"Feature","properties":{"highway":"footway","name":null,"category":"Footpath (pedestrian only)"},"geometry":{"type":"MultiLineString","coordinates":[[[-0.2435885,51.4702853],[-0.2436885,51.4703226],[-0.2437687,51.4703902],[-0.2444592,51.4709446],[-0.2446916,51.4711881],[-0.2447462,51.4712431]]]}},
{"type":"Feature","properties":{"highway":"footway","name":null,"category":"Footpath (pedestrian only)"},"geometry":{"type":"MultiLineString","coordinates":[[[-0.2435885,51.4702853],[-0.2434853,51.4700224],[-0.2434132,51.4698385],[-0.243322,51.4695712],[-0.2433077,51.4695142],[-0.2432844,51.4694208],[-0.2433161,51.4693752]]]}},
{"type":"Feature","properties":{"highway":"footway","name":null,"category":"Footpath (pedestrian only)"},"geometry":{"type":"MultiLineString","coordinates":[[[-0.2364637,51.4756466],[-0.2364608,51.4756704],[-0.2364579,51.4756939],[-0.2364297,51.4757173],[-0.2363821,51.4758377],[-0.2362803,51.475995],[-0.236169,51.4761094]]]}},
{"type":"Feature","properties":{"highway":"footway","name":null,"category":"Footpath (pedestrian only)"},"geometry":{"type":"MultiLineString","coordinates":[[[-0.2352908,51.4764872],[-0.2350083,51.4764342]]]}},
{"type":"Feature","properties":{"highway":"footway","name":null,"category":"Footpath (pedestrian only)"},"geometry":{"type":"MultiLineString","coordinates":[[[-0.2358689,51.477474],[-0.2359372,51.4776116],[-0.2360113,51.4778027],[-0.2360288,51.4778623],[-0.2360448,51.4779606],[-0.2360352,51.4781512],[-0.2359831,51.4784297],[-0.2359495,51.4784985],[-0.2359109,51.4785772],[-0.2358296,51.4786397],[-0.2358535,51.4787738],[-0.2358634,51.4788147],[-0.2358822,51.4788929],[-0.2359443,51.4790031],[-0.2359969,51.4790567],[-0.2359061,51.4791521],[-0.2358869,51.4792414],[-0.2359539,51.4793665],[-0.2359396,51.4794529],[-0.2357913,51.4795006],[-0.2357098,51.4794691]]]}},
{"type":"Feature","properties":{"highway":"footway","name":null,"category":"Footpath (pedestrian only)"},"geometry":{"type":"MultiLineString","coordinates":[[[-0.2354653,51.4765304],[-0.2354263,51.4765548],[-0.2353852,51.4765583],[-0.2353377,51.4765511],[-0.235306,51.4765361],[-0.2352902,51.4765147],[-0.2352908,51.4764872],[-0.2353115,51.4764597],[-0.2353523,51.4764448],[-0.2354024,51.4764446],[-0.2354452,51.4764568],[-0.2354678,51.4764757],[-0.2354723,51.4764869],[-0.2354786,51.4765032],[-0.2354653,51.4765304]]]}},
{"type":"Feature","properties":{"highway":"footway","name":null,"category":"Footpath (pedestrian only)"},"geometry":{"type":"MultiLineString","coordinates":[[[-0.2360288,51.4778623],[-0.235906,51.4778506],[-0.2357496,51.4778098],[-0.2356898,51.4778156],[-0.2356553,51.4778417],[-0.2356446,51.4779863],[-0.2356703,51.4780478],[-0.2357439,51.4780857],[-0.235829,51.4780992],[-0.2359343,51.4781432],[-0.2360352,51.4781512],[-0.236232,51.4781491],[-0.2362541,51.4781019],[-0.2362864,51.4780999],[-0.2363599,51.478104],[-0.236378,51.4781538],[-0.2363991,51.4781562],[-0.2364453,51.478158],[-0.2365164,51.4781765],[-0.2365493,51.4782159],[-0.2365537,51.4783165],[-0.2365349,51.4784323],[-0.2364582,51.4784929],[-0.2363413,51.4785136],[-0.2362122,51.4784697],[-0.236148,51.4784587],[-0.2359831,51.4784297]]]}},
{"type":"Feature","properties":{"highway":"footway","name":null,"category":"Footpath (pedestrian only)"},"geometry":{"type":"MultiLineString","coordinates":[[[-0.2353104,51.4784332],[-0.2353656,51.4785087],[-0.2353984,51.4785575],[-0.2352892,51.4785876],[-0.2352041,51.4785688],[-0.2350686,51.478601],[-0.2349136,51.4785523]]]}},
{"type":"Feature","properties":{"highway":"footway","name":null,"category":"Footpath (pedestrian only)"},"geometry":{"type":"MultiLineString","coordinates":[[[-0.2365801,51.4775976],[-0.2365514,51.4774286],[-0.2365049,51.4773463],[-0.2364128,51.4772746],[-0.2362915,51.4772144],[-0.2361828,51.4771788],[-0.2361294,51.4772326],[-0.2360894,51.4772604],[-0.2359752,51.4773511],[-0.2358318,51.4773994]]]}},
{"type":"Feature","properties":{"highway":"footway","name":"South route","category":"Footpath (pedestrian only)"},"geometry":{"type":"MultiLineString","coordinates":[[[-0.2349109,51.4769509],[-0.2347838,51.476937],[-0.2346125,51.4769108],[-0.2343871,51.4768865],[-0.2343103,51.4768782],[-0.2341318,51.4768207],[-0.2340996,51.4768103],[-0.2339942,51.4767647],[-0.2339116,51.4766836],[-0.2338413,51.4766707],[-0.233682,51.4766587],[-0.2335066,51.4766702],[-0.2333676,51.4767185],[-0.2332149,51.4767763],[-0.2330623,51.476836],[-0.233034,51.4768489],[-0.2327507,51.4768938],[-0.2325418,51.476909],[-0.2322755,51.476868],[-0.2320054,51.476803],[-0.231795,51.476776],[-0.2316349,51.4767896],[-0.2313972,51.4768556],[-0.2311876,51.4769425],[-0.2309258,51.4769578],[-0.230911,51.4769772],[-0.2308811,51.4770241],[-0.2308333,51.4770598],[-0.2307448,51.4770866],[-0.2306679,51.4770748],[-0.2305999,51.4770339],[-0.2305405,51.4770132],[-0.2304448,51.4770435],[-0.2303993,51.4770972],[-0.2303426,51.4771611],[-0.2301779,51.4772788],[-0.2298539,51.4773377],[-0.2295327,51.4773764],[-0.2293869,51.4774016],[-0.2292276,51.4774772],[-0.2291898,51.477642],[-0.2291871,51.4778085],[-0.2292022,51.4779749],[-0.2292924,51.4781397],[-0.2293653,51.4782574],[-0.2293658,51.4783022],[-0.2293032,51.4783802],[-0.2292906,51.4784341],[-0.2293078,51.4785193],[-0.2291839,51.4785385],[-0.2291158,51.478549]]]}},
{"type":"Feature","properties":{"highway":"footway","name":null,"category":"Footpath (pedestrian only)"},"geometry":{"type":"MultiLineString","coordinates":[[[-0.2325418,51.476909],[-0.2324592,51.4769667],[-0.2323497,51.4769975],[-0.2322633,51.4769969],[-0.2322208,51.4769912],[-0.2321395,51.4769744],[-0.2320241,51.4768876],[-0.2320054,51.476803]]]}},
{"type":"Feature","properties":{"highway":"footway","name":null,"category":"Footpath (pedestrian only)"},"geometry":{"type":"MultiLineString","coordinates":[[[-0.2338413,51.4766707],[-0.2337602,51.4768069],[-0.233675,51.4768361],[-0.2336771,51.4769387],[-0.2336434,51.4769722],[-0.2335809,51.4769915],[-0.2335127,51.4769848]]]}},
{"type":"Feature","properties":{"highway":"footway","name":null,"category":"Footpath (pedestrian only)"},"geometry":{"type":"MultiLineString","coordinates":[[[-0.233214,51.467601],[-0.2333279,51.4678257],[-0.2334781,51.4680196],[-0.2335099,51.4680412],[-0.2336332,51.4680469],[-0.2338419,51.4680268],[-0.2343826,51.4679982],[-0.2347031,51.4679588],[-0.2347942,51.4678929],[-0.2349533,51.4679293],[-0.235421,51.4679385],[-0.2358062,51.4679461],[-0.2363282,51.4680322]]]}},
{"type":"Feature","properties":{"highway":"footway","name":null,"category":"Footpath (pedestrian only)"},"geometry":{"type":"MultiLineString","coordinates":[[[-0.2457391,51.4659464],[-0.2459471,51.4658957],[-0.2479718,51.4654024],[-0.2484478,51.4652031]]]}},
{"type":"Feature","properties":{"highway":"footway","name":null,"category":"Footpath (pedestrian only)"},"geometry":{"type":"MultiLineString","coordinates":[[[-0.2409352,51.4674565],[-0.2408005,51.4673011],[-0.2403284,51.4671206],[-0.2398999,51.466991],[-0.2393154,51.4668483],[-0.238757,51.4667528],[-0.2381158,51.46676],[-0.2378286,51.466763],[-0.2370163,51.4667767],[-0.2363046,51.4667851]]]}},
{"type":"Feature","properties":{"highway":"footway","name":null,"category":"Footpath (pedestrian only)"},"geometry":{"type":"MultiLineString","coordinates":[[[-0.2548049,51.4736065],[-0.2547824,51.4735662],[-0.2545098,51.4734181],[-0.2543537,51.4733213]]]}},
{"type":"Feature","properties":{"highway":"footway","name":null,"category":"Footpath (pedestrian only)"},"geometry":{"type":"MultiLineString","coordinates":[[[-0.2317514,51.4690993],[-0.2308829,51.4697708],[-0.2307152,51.4699218],[-0.2305127,51.4701524],[-0.2303429,51.4703003],[-0.230157,51.4703901],[-0.2296372,51.4708814],[-0.2295803,51.470955],[-0.2295075,51.4710371],[-0.2292511,51.4712923],[-0.229237,51.4713063],[-0.2288919,51.4716358],[-0.2286625,51.4718286],[-0.2286075,51.4718353]]]}},
{"type":"Feature","properties":{"highway":"footway","name":null,"category":"Footpath (pedestrian only)"},"geometry":{"type":"MultiLineString","coordinates":[[[-0.2320413,51.4706691],[-0.2318092,51.4705614],[-0.2314353,51.4702492],[-0.2315802,51.4700821],[-0.2316821,51.4694338],[-0.2317514,51.4690993],[-0.2318688,51.4690158],[-0.2319685,51.4690234],[-0.2320326,51.468921],[-0.2319884,51.468852]]]}},
{"type":"Feature","properties":{"highway":"footway","name":null,"category":"Footpath (pedestrian only)"},"geometry":{"type":"MultiLineString","coordinates":[[[-0.2477176,51.4688933],[-0.2475026,51.4687365],[-0.2473153,51.4686655],[-0.247244,51.4686466],[-0.2470594,51.4685259],[-0.2467604,51.4683779],[-0.2466164,51.4683063],[-0.2465905,51.4682853],[-0.246596,51.4682619],[-0.2467087,51.4681585],[-0.246477,51.4680504],[-0.2464648,51.4680447],[-0.2464229,51.4680226],[-0.246403,51.4679962]]]}},
{"type":"Feature","properties":{"highway":"footway","name":null,"category":"Footpath (pedestrian only)"},"geometry":{"type":"MultiLineString","coordinates":[[[-0.2467087,51.4681585],[-0.2467462,51.4681284],[-0.2469608,51.4679418],[-0.2471485,51.4679879],[-0.2471735,51.467998],[-0.247201,51.468011],[-0.2472423,51.4680304],[-0.2472595,51.4680519],[-0.2473263,51.4680805]]]}},
{"type":"Feature","properties":{"highway":"footway","name":null,"category":"Footpath (pedestrian only)"},"geometry":{"type":"MultiLineString","coordinates":[[[-0.2485308,51.4693664],[-0.2484765,51.4693263]]]}},
{"type":"Feature","properties":{"highway":"footway","name":null,"category":"Footpath (pedestrian only)"},"geometry":{"type":"MultiLineString","coordinates":[[[-0.2484765,51.4693263],[-0.247913,51.4689969],[-0.2477176,51.4688933]]]}},
{"type":"Feature","properties":{"highway":"footway","name":null,"category":"Footpath (pedestrian only)"},"geometry":{"type":"MultiLineString","coordinates":[[[-0.2447764,51.471294],[-0.2447462,51.4712431]]]}},
{"type":"Feature","properties":{"highway":"path","name":null,"category":"Shared path"},"geometry":{"type":"MultiLineString","coordinates":[[[-0.2447462,51.4712431],[-0.2443863,51.4713351],[-0.2435781,51.4714698],[-0.2428518,51.4716178],[-0.2426489,51.4716591]]]}},
{"type":"Feature","properties":{"highway":"footway","name":null,"category":"Footpath (pedestrian only)"},"geometry":{"type":"MultiLineString","coordinates":[[[-0.2327582,51.4729305],[-0.2327182,51.472912],[-0.2327053,51.4728571],[-0.2327053,51.4728246],[-0.2327254,51.4728042],[-0.23276,51.472795],[-0.232822,51.4727704],[-0.232878,51.4727483],[-0.2330218,51.4727404],[-0.2338426,51.4726349],[-0.2348484,51.4727086],[-0.2362955,51.4728269],[-0.2371979,51.4727931],[-0.2373022,51.4727674],[-0.2373851,51.4727484]]]}},
{"type":"Feature","properties":{"highway":"footway","name":null,"category":"Footpath (pedestrian only)"},"geometry":{"type":"MultiLineString","coordinates":[[[-0.2494807,51.4765159],[-0.2493643,51.4764995]]]}},
{"type":"Feature","properties":{"highway":"path","name":null,"category":"Shared path"},"geometry":{"type":"MultiLineString","coordinates":[[[-0.248988,51.4788313],[-0.2489783,51.4786543],[-0.2490161,51.4784615],[-0.2490323,51.4782585],[-0.2490456,51.4781416],[-0.2490663,51.4779602],[-0.2491155,51.4777738],[-0.2491494,51.4776345],[-0.2491729,51.477529],[-0.2491966,51.4774245],[-0.2492351,51.4773362],[-0.2492783,51.4771797],[-0.2493185,51.4770451],[-0.249347,51.4769138],[-0.2493788,51.4768439],[-0.2492453,51.4767794]]]}},
{"type":"Feature","properties":{"highway":"path","name":null,"category":"Shared path"},"geometry":{"type":"MultiLineString","coordinates":[[[-0.2493788,51.4768439],[-0.2494173,51.4768032],[-0.2494898,51.4766145]]]}},
{"type":"Feature","properties":{"highway":"footway","name":null,"category":"Footpath (pedestrian only)"},"geometry":{"type":"MultiLineString","coordinates":[[[-0.2555466,51.4710968],[-0.2555124,51.4711444],[-0.2554844,51.4711834]]]}},
{"type":"Feature","properties":{"highway":"footway","name":null,"category":"Footpath (pedestrian only)"},"geometry":{"type":"MultiLineString","coordinates":[[[-0.2539213,51.473716],[-0.2538956,51.4737509],[-0.2538092,51.4738062],[-0.2537042,51.4739522],[-0.2536994,51.4739589],[-0.2535516,51.4740979]]]}},
{"type":"Feature","properties":{"highway":"footway","name":null,"category":"Footpath (pedestrian only)"},"geometry":{"type":"MultiLineString","coordinates":[[[-0.2473707,51.4732884],[-0.2476335,51.4732817]]]}},
{"type":"Feature","properties":{"highway":"footway","name":null,"category":"Footpath (pedestrian only)"},"geometry":{"type":"MultiLineString","coordinates":[[[-0.2416779,51.4670437],[-0.2418654,51.4669179],[-0.2420078,51.4668223]]]}},
{"type":"Feature","properties":{"highway":"footway","name":null,"category":"Footpath (pedestrian only)"},"geometry":{"type":"MultiLineString","coordinates":[[[-0.2416779,51.4670437],[-0.241631,51.4670813],[-0.2416055,51.467098]]]}},
{"type":"Feature","properties":{"highway":"footway","name":null,"category":"Footpath (pedestrian only)"},"geometry":{"type":"MultiLineString","coordinates":[[[-0.2415626,51.4671181],[-0.2415222,51.4671448]]]}},
{"type":"Feature","properties":{"highway":"footway","name":null,"category":"Footpath (pedestrian only)"},"geometry":{"type":"MultiLineString","coordinates":[[[-0.2467462,51.4681284],[-0.2469276,51.4682052]]]}},
{"type":"Feature","properties":{"highway":"footway","name":null,"category":"Footpath (pedestrian only)"},"geometry":{"type":"MultiLineString","coordinates":[[[-0.2471735,51.467998],[-0.2471252,51.4680387],[-0.2469276,51.4682052],[-0.2467827,51.4683406],[-0.247277,51.4685615],[-0.2472674,51.4685906],[-0.2473164,51.4686139],[-0.2473153,51.4686655]]]}},
{"type":"Feature","properties":{"highway":"footway","name":null,"category":"Footpath (pedestrian only)"},"geometry":{"type":"MultiLineString","coordinates":[[[-0.2489203,51.4698238],[-0.249064,51.4697481]]]}},
{"type":"Feature","properties":{"highway":"footway","name":null,"category":"Footpath (pedestrian only)"},"geometry":{"type":"MultiLineString","coordinates":[[[-0.2491318,51.4697438],[-0.2494239,51.4699301],[-0.2497527,51.4701302],[-0.2498388,51.4700774],[-0.2498676,51.4700889]]]}},
{"type":"Feature","properties":{"highway":"footway","name":"Beverley Path","category":"Footpath (pedestrian only)"},"geometry":{"type":"MultiLineString","coordinates":[[[-0.2501581,51.4705261],[-0.2501274,51.470546],[-0.2496939,51.4703028],[-0.2496639,51.4702942],[-0.2496234,51.4702937],[-0.249443,51.4702857],[-0.2489472,51.4702691],[-0.2488943,51.4702668]]]}},
{"type":"Feature","properties":{"highway":"footway","name":"Beverley Path","category":"Footpath (pedestrian only)"},"geometry":{"type":"MultiLineString","coordinates":[[[-0.2502674,51.4704651],[-0.2501581,51.4705261]]]}},
{"type":"Feature","properties":{"highway":"footway","name":null,"category":"Footpath (pedestrian only)"},"geometry":{"type":"MultiLineString","coordinates":[[[-0.247913,51.4689969],[-0.2481494,51.4689435],[-0.2482665,51.4688563],[-0.2483866,51.4687949],[-0.2484452,51.4687181],[-0.2487225,51.4685377],[-0.2488611,51.4684264],[-0.2489104,51.4683458],[-0.2490398,51.4682517],[-0.2491107,51.4681903],[-0.2491107,51.4681869],[-0.2491107,51.4681692],[-0.2488673,51.4681692],[-0.2487102,51.4681615],[-0.2485099,51.4681346],[-0.2482819,51.4681327],[-0.2479923,51.4680771],[-0.2477797,51.4680233],[-0.2477102,51.4680146],[-0.2476894,51.4680145],[-0.2473406,51.4680132],[-0.2472423,51.4680304]]]}},
{"type":"Feature","properties":{"highway":"footway","name":"Buxton Passage","category":"Footpath (pedestrian only)"},"geometry":{"type":"MultiLineString","coordinates":[[[-0.2550972,51.4677704],[-0.2550758,51.4677352],[-0.2549149,51.4675109],[-0.2550904,51.467461]]]}},
{"type":"Feature","properties":{"highway":"footway","name":null,"category":"Footpath (pedestrian only)"},"geometry":{"type":"MultiLineString","coordinates":[[[-0.2417194,51.467138],[-0.2417873,51.4671434]]]}},
{"type":"Feature","properties":{"highway":"footway","name":null,"category":"Footpath (pedestrian only)"},"geometry":{"type":"MultiLineString","coordinates":[[[-0.2420124,51.4665909],[-0.2420497,51.4666091],[-0.2421097,51.4666383]]]}},
{"type":"Feature","properties":{"highway":"footway","name":"Barnes station","category":"Footpath (pedestrian only)"},"geometry":{"type":"MultiLineString","coordinates":[[[-0.2415222,51.4671448],[-0.2414665,51.467114],[-0.2414134,51.4670847]]]}},
{"type":"Feature","properties":{"highway":"footway","name":null,"category":"Footpath (pedestrian only)"},"geometry":{"type":"MultiLineString","coordinates":[[[-0.2416965,51.4667156],[-0.2418301,51.4666222],[-0.2418868,51.4665913],[-0.2419169,51.4665747],[-0.2421386,51.4664527],[-0.2424711,51.4661727],[-0.2431283,51.4657298]]]}},
{"type":"Feature","properties":{"highway":"footway","name":null,"category":"Footpath (pedestrian only)"},"geometry":{"type":"MultiLineString","coordinates":[[[-0.241971,51.4655407],[-0.2419688,51.4655466],[-0.241965,51.4655569],[-0.2419612,51.4655952],[-0.2419282,51.4656599],[-0.2418501,51.4657467],[-0.2417733,51.4658479],[-0.2417235,51.4659283],[-0.2417352,51.4660379],[-0.2417758,51.4661214],[-0.2418281,51.4662039],[-0.2418524,51.4663273],[-0.2418856,51.4664388],[-0.2419169,51.4665747]]]}},
{"type":"Feature","properties":{"highway":"footway","name":null,"category":"Footpath (pedestrian only)"},"geometry":{"type":"MultiLineString","coordinates":[[[-0.2466436,51.4725272],[-0.2468762,51.4726772],[-0.2471147,51.4728493],[-0.2471674,51.4729162],[-0.2472342,51.473024],[-0.2472458,51.473106],[-0.2472254,51.473193],[-0.2472176,51.4732175],[-0.2471825,51.4732711],[-0.247,51.4733557],[-0.2468983,51.4734134],[-0.2466883,51.4734745],[-0.2464075,51.4735359],[-0.2463009,51.4735303],[-0.2462582,51.4735281],[-0.2462193,51.4735331]]]}},
{"type":"Feature","properties":{"highway":"footway","name":null,"category":"Footpath (pedestrian only)"},"geometry":{"type":"MultiLineString","coordinates":[[[-0.2472607,51.4733064],[-0.2471825,51.4732711]]]}},
{"type":"Feature","properties":{"highway":"footway","name":null,"category":"Footpath (pedestrian only)"},"geometry":{"type":"MultiLineString","coordinates":[[[-0.246391,51.4715082],[-0.2463076,51.4715518],[-0.2462163,51.4715996],[-0.2460876,51.4717999],[-0.2459481,51.472064]]]}},
{"type":"Feature","properties":{"highway":"path","name":null,"category":"Shared path"},"geometry":{"type":"MultiLineString","coordinates":[[[-0.2467144,51.4651506],[-0.246725,51.4650917]]]}},
{"type":"Feature","properties":{"highway":"path","name":null,"category":"Shared path"},"geometry":{"type":"MultiLineString","coordinates":[[[-0.2467535,51.4650439],[-0.2467504,51.4649842]]]}},
{"type":"Feature","properties":{"highway":"footway","name":null,"category":"Footpath (pedestrian only)"},"geometry":{"type":"MultiLineString","coordinates":[[[-0.2370036,51.471438],[-0.2368211,51.4714242]]]}},
{"type":"Feature","properties":{"highway":"path","name":null,"category":"Shared path"},"geometry":{"type":"MultiLineString","coordinates":[[[-0.2449968,51.4652397],[-0.2450046,51.4652934],[-0.2450104,51.4653335],[-0.2450147,51.4653628],[-0.2450437,51.4654109],[-0.2451783,51.4656341],[-0.2451984,51.4657996],[-0.2452037,51.4659591],[-0.2451769,51.4660494],[-0.2451364,51.4661121]]]}},
{"type":"Feature","properties":{"highway":"footway","name":null,"category":"Footpath (pedestrian only)"},"geometry":{"type":"MultiLineString","coordinates":[[[-0.2555218,51.4710741],[-0.2554835,51.4710456]]]}},
{"type":"Feature","properties":{"highway":"path","name":null,"category":"Shared path"},"geometry":{"type":"MultiLineString","coordinates":[[[-0.248903,51.4788458],[-0.2488405,51.4788361],[-0.2487132,51.4788422],[-0.2485098,51.4788778]]]}},
{"type":"Feature","properties":{"highway":"path","name":null,"category":"Shared path"},"geometry":{"type":"MultiLineString","coordinates":[[[-0.2484647,51.478828],[-0.2483874,51.4787516],[-0.2483081,51.4787266]]]}},
{"type":"Feature","properties":{"highway":"footway","name":"Malthouse Passage","category":"Footpath (pedestrian only)"},"geometry":{"type":"MultiLineString","coordinates":[[[-0.2520091,51.4726004],[-0.2524803,51.4722802],[-0.2526291,51.4722147],[-0.252659,51.4721962],[-0.252643,51.4721689],[-0.2524064,51.472011],[-0.2521893,51.4721184]]]}},
{"type":"Feature","properties":{"highway":"footway","name":null,"category":"Footpath (pedestrian only)"},"geometry":{"type":"MultiLineString","coordinates":[[[-0.2332062,51.476692],[-0.2331364,51.4766454],[-0.2330573,51.4766247],[-0.2329979,51.476638],[-0.2329492,51.4766537],[-0.2328948,51.4766981]]]}},
{"type":"Feature","properties":{"highway":"footway","name":null,"category":"Footpath (pedestrian only)"},"geometry":{"type":"MultiLineString","coordinates":[[[-0.2355334,51.4789137],[-0.2356351,51.4789166],[-0.2357854,51.4788209],[-0.2358634,51.4788147]]]}},
{"type":"Feature","properties":{"highway":"footway","name":null,"category":"Footpath (pedestrian only)"},"geometry":{"type":"MultiLineString","coordinates":[[[-0.2488599,51.4643473],[-0.2486015,51.464272],[-0.2484793,51.4642671],[-0.2484755,51.464082],[-0.2485435,51.4640602],[-0.2485461,51.4639543],[-0.2486457,51.4639547],[-0.2487047,51.4639297],[-0.2487082,51.4636838]]]}},
{"type":"Feature","properties":{"highway":"footway","name":null,"category":"Footpath (pedestrian only)"},"geometry":{"type":"MultiLineString","coordinates":[[[-0.2448176,51.471367],[-0.2451418,51.4718371],[-0.2454722,51.4722683],[-0.2454907,51.4724566],[-0.24545,51.4724711],[-0.2454024,51.4724827]]]}},
{"type":"Feature","properties":{"highway":"footway","name":null,"category":"Footpath (pedestrian only)"},"geometry":{"type":"MultiLineString","coordinates":[[[-0.2528331,51.4722708],[-0.2528094,51.472257],[-0.2528409,51.4722364]]]}},
{"type":"Feature","properties":{"highway":"footway","name":null,"category":"Footpath (pedestrian only)"},"geometry":{"type":"MultiLineString","coordinates":[[[-0.2529818,51.4723629],[-0.2529533,51.4723446],[-0.2529024,51.4723122]]]}},
{"type":"Feature","properties":{"highway":"footway","name":"Long Walk","category":"Footpath (pedestrian only)"},"geometry":{"type":"MultiLineString","coordinates":[[[-0.25319,51.4721861],[-0.2530385,51.4720521],[-0.2528859,51.4719172],[-0.2524572,51.4716299],[-0.2520969,51.4714289],[-0.2517732,51.4712385],[-0.2515136,51.4710814],[-0.2513892,51.4710107],[-0.2511731,51.4709165],[-0.2509652,51.4707937],[-0.2508294,51.470675],[-0.2507178,51.4705429],[-0.250624,51.4704165],[-0.2505844,51.4703603],[-0.2504869,51.4701526],[-0.2504597,51.4700773],[-0.2503763,51.4698391]]]}},
{"type":"Feature","properties":{"highway":"footway","name":null,"category":"Footpath (pedestrian only)"},"geometry":{"type":"MultiLineString","coordinates":[[[-0.2530412,51.4724177],[-0.2530225,51.4724005],[-0.2529818,51.4723629]]]}},
{"type":"Feature","properties":{"highway":"footway","name":"Thames Tow Path","category":"Footpath (pedestrian only)"},"geometry":{"type":"MultiLineString","coordinates":[[[-0.2532981,51.4722936],[-0.2535132,51.4721528],[-0.2542644,51.4717524],[-0.2554683,51.4711886],[-0.2554844,51.4711834],[-0.2556003,51.4711458],[-0.2559353,51.471043],[-0.2570774,51.4706924],[-0.2583466,51.4704444],[-0.259993,51.4702895],[-0.2600558,51.4702936],[-0.2600934,51.4702941],[-0.2602138,51.4702911]]]}},
{"type":"Feature","properties":{"highway":"footway","name":"The Terrace","category":"Footpath (pedestrian only)"},"geometry":{"type":"MultiLineString","coordinates":[[[-0.2530225,51.4724005],[-0.2530449,51.4723834]]]}},
{"type":"Feature","properties":{"highway":"footway","name":null,"category":"Footpath (pedestrian only)"},"geometry":{"type":"MultiLineString","coordinates":[[[-0.2530593,51.472478],[-0.2530393,51.4724657],[-0.2530171,51.4724525]]]}},
{"type":"Feature","properties":{"highway":"footway","name":null,"category":"Footpath (pedestrian only)"},"geometry":{"type":"MultiLineString","coordinates":[[[-0.2528759,51.4725729],[-0.2528017,51.4725326]]]}},
{"type":"Feature","properties":{"highway":"footway","name":"Small Profits Dock","category":"Footpath (pedestrian only)"},"geometry":{"type":"MultiLineString","coordinates":[[[-0.2515045,51.4735354],[-0.2514576,51.4735728],[-0.2514462,51.4735934],[-0.2514409,51.4736182],[-0.2514139,51.4736477],[-0.2513946,51.4736731],[-0.2508744,51.474386],[-0.2502651,51.4751975],[-0.2498789,51.4756493],[-0.2497063,51.4759436],[-0.2496578,51.4760263],[-0.2495472,51.47627],[-0.2494961,51.4764591],[-0.2494807,51.4765159]]]}},
{"type":"Feature","properties":{"highway":"footway","name":"Small Profits Dock","category":"Footpath (pedestrian only)"},"geometry":{"type":"MultiLineString","coordinates":[[[-0.2530227,51.4724766],[-0.2528759,51.4725729]]]}},
{"type":"Feature","properties":{"highway":"footway","name":null,"category":"Footpath (pedestrian only)"},"geometry":{"type":"MultiLineString","coordinates":[[[-0.2529486,51.4723002],[-0.2544216,51.4731902]]]}},
{"type":"Feature","properties":{"highway":"footway","name":null,"category":"Footpath (pedestrian only)"},"geometry":{"type":"MultiLineString","coordinates":[[[-0.2514268,51.4735893],[-0.2514462,51.4735934]]]}},
{"type":"Feature","properties":{"highway":"footway","name":"The Terrace","category":"Footpath (pedestrian only)"},"geometry":{"type":"MultiLineString","coordinates":[[[-0.2514268,51.4735893],[-0.2514506,51.4735635],[-0.2514956,51.4735303]]]}},
{"type":"Feature","properties":{"highway":"footway","name":null,"category":"Footpath (pedestrian only)"},"geometry":{"type":"MultiLineString","coordinates":[[[-0.2513789,51.4736559],[-0.2513469,51.4736544]]]}},
{"type":"Feature","properties":{"highway":"footway","name":null,"category":"Footpath (pedestrian only)"},"geometry":{"type":"MultiLineString","coordinates":[[[-0.2515045,51.4735354],[-0.2514956,51.4735303],[-0.2514897,51.4735262]]]}},
{"type":"Feature","properties":{"highway":"footway","name":null,"category":"Footpath (pedestrian only)"},"geometry":{"type":"MultiLineString","coordinates":[[[-0.251456,51.4734941],[-0.2513943,51.4734554]]]}},
{"type":"Feature","properties":{"highway":"footway","name":null,"category":"Footpath (pedestrian only)"},"geometry":{"type":"MultiLineString","coordinates":[[[-0.2513469,51.4736544],[-0.2512906,51.4736494]]]}},
{"type":"Feature","properties":{"highway":"footway","name":"The Terrace","category":"Footpath (pedestrian only)"},"geometry":{"type":"MultiLineString","coordinates":[[[-0.2532004,51.4722791],[-0.2532622,51.4722368]]]}},
{"type":"Feature","properties":{"highway":"footway","name":null,"category":"Footpath (pedestrian only)"},"geometry":{"type":"MultiLineString","coordinates":[[[-0.2532547,51.4722319],[-0.2532135,51.4722032],[-0.25319,51.4721861]]]}},
{"type":"Feature","properties":{"highway":"footway","name":null,"category":"Footpath (pedestrian only)"},"geometry":{"type":"MultiLineString","coordinates":[[[-0.2528834,51.4722605],[-0.2529006,51.4722703]]]}},
{"type":"Feature","properties":{"highway":"footway","name":"The Terrace","category":"Footpath (pedestrian only)"},"geometry":{"type":"MultiLineString","coordinates":[[[-0.2530449,51.4723834],[-0.2532004,51.4722791]]]}},
{"type":"Feature","properties":{"highway":"path","name":null,"category":"Shared path"},"geometry":{"type":"MultiLineString","coordinates":[[[-0.2491415,51.4681903],[-0.2491107,51.4681869]]]}},
{"type":"Feature","properties":{"highway":"path","name":null,"category":"Shared path"},"geometry":{"type":"MultiLineString","coordinates":[[[-0.2393859,51.4703277],[-0.239331,51.4704094],[-0.2392023,51.4706008],[-0.2391913,51.4706172],[-0.2390295,51.4708414],[-0.2389966,51.470887],[-0.238903,51.471042],[-0.238832,51.4711275],[-0.238778,51.4712277]]]}},
{"type":"Feature","properties":{"highway":"footway","name":null,"category":"Footpath (pedestrian only)"},"geometry":{"type":"MultiLineString","coordinates":[[[-0.2393859,51.4703277],[-0.2393903,51.4702892],[-0.2394369,51.4698771],[-0.2394836,51.4696548],[-0.2395324,51.4695418],[-0.239637,51.4694969],[-0.2396916,51.4694098],[-0.2398413,51.4693537],[-0.2400042,51.4693127],[-0.240322,51.4693488],[-0.2405177,51.4694013],[-0.2407779,51.4694948],[-0.2408445,51.4696008]]]}},
{"type":"Feature","properties":{"highway":"path","name":null,"category":"Shared path"},"geometry":{"type":"MultiLineString","coordinates":[[[-0.2496894,51.4645567],[-0.2496882,51.4646266],[-0.2496745,51.4647291],[-0.24965,51.4649077],[-0.249723,51.4649712],[-0.249976,51.4650026],[-0.2500646,51.4650266],[-0.2500625,51.4650665]]]}},
{"type":"Feature","properties":{"highway":"path","name":null,"category":"Shared path"},"geometry":{"type":"MultiLineString","coordinates":[[[-0.2500916,51.4646793],[-0.2501576,51.4646335],[-0.25017,51.4646249],[-0.2502513,51.464578],[-0.2502635,51.4643716]]]}},
{"type":"Feature","properties":{"highway":"path","name":null,"category":"Shared path"},"geometry":{"type":"MultiLineString","coordinates":[[[-0.2501576,51.4646335],[-0.2502432,51.4646641],[-0.250353,51.4646933],[-0.2504445,51.4647072],[-0.2505176,51.4647034],[-0.2505928,51.4646907],[-0.2506477,51.4646705],[-0.2506864,51.4646375],[-0.2506924,51.4645945],[-0.2506924,51.4644906]]]}},
{"type":"Feature","properties":{"highway":"footway","name":"Hart Bypass","category":"Footpath (pedestrian only)"},"geometry":{"type":"MultiLineString","coordinates":[[[-0.2538234,51.4678832],[-0.253829,51.4679881]]]}},
{"type":"Feature","properties":{"highway":"path","name":null,"category":"Shared path"},"geometry":{"type":"MultiLineString","coordinates":[[[-0.251046,51.4649474],[-0.2507715,51.4651021]]]}},
{"type":"Feature","properties":{"highway":"path","name":null,"category":"Shared path"},"geometry":{"type":"MultiLineString","coordinates":[[[-0.2507715,51.4651021],[-0.2507303,51.4648507]]]}},
{"type":"Feature","properties":{"highway":"path","name":null,"category":"Shared path"},"geometry":{"type":"MultiLineString","coordinates":[[[-0.2507715,51.4651021],[-0.2507694,51.4651287]]]}},
{"type":"Feature","properties":{"highway":"footway","name":null,"category":"Footpath (pedestrian only)"},"geometry":{"type":"MultiLineString","coordinates":[[[-0.2507694,51.4651287],[-0.25076,51.4651993],[-0.2507529,51.4652569]]]}},
{"type":"Feature","properties":{"highway":"footway","name":null,"category":"Footpath (pedestrian only)"},"geometry":{"type":"MultiLineString","coordinates":[[[-0.2540383,51.4652869],[-0.253472,51.4652973],[-0.2515208,51.4652974],[-0.2514828,51.4653189],[-0.251377,51.465324],[-0.2512059,51.4653243],[-0.2510973,51.4652907],[-0.2510714,51.4652827],[-0.2509245,51.4652708],[-0.2507529,51.4652569],[-0.2505982,51.4652444],[-0.2500805,51.4652026],[-0.2500259,51.4651966],[-0.2498289,51.4651763]]]}},
{"type":"Feature","properties":{"highway":"footway","name":"Sprigg’s Passage","category":"Footpath (pedestrian only)"},"geometry":{"type":"MultiLineString","coordinates":[[[-0.250689,51.4745376],[-0.2503379,51.4744077],[-0.2502077,51.4743562],[-0.2499885,51.4742733],[-0.2498797,51.4742475]]]}},
{"type":"Feature","properties":{"highway":"path","name":null,"category":"Shared path"},"geometry":{"type":"MultiLineString","coordinates":[[[-0.248903,51.4788458],[-0.248988,51.4788313],[-0.2490695,51.4789154],[-0.2490596,51.479035],[-0.2491372,51.4790865]]]}},
{"type":"Feature","properties":{"highway":"path","name":null,"category":"Shared path"},"geometry":{"type":"MultiLineString","coordinates":[[[-0.2491154,51.4820375],[-0.249124,51.4819182],[-0.2491145,51.481594],[-0.249059,51.4812987],[-0.2490403,51.4809356],[-0.2490378,51.480659],[-0.249,51.4804234],[-0.2488742,51.4798357],[-0.2488332,51.4796199],[-0.2488245,51.4794929],[-0.2488312,51.4793916],[-0.2488614,51.4791284],[-0.248903,51.4788458]]]}},
{"type":"Feature","properties":{"highway":"footway","name":null,"category":"Footpath (pedestrian only)"},"geometry":{"type":"MultiLineString","coordinates":[[[-0.2490174,51.4695613],[-0.2489333,51.4696242]]]}},
{"type":"Feature","properties":{"highway":"footway","name":null,"category":"Footpath (pedestrian only)"},"geometry":{"type":"MultiLineString","coordinates":[[[-0.2489804,51.4726439],[-0.2489278,51.4725886]]]}},
{"type":"Feature","properties":{"highway":"footway","name":null,"category":"Footpath (pedestrian only)"},"geometry":{"type":"MultiLineString","coordinates":[[[-0.2471244,51.4724491],[-0.2466436,51.4725272]]]}},
{"type":"Feature","properties":{"highway":"footway","name":null,"category":"Footpath (pedestrian only)"},"geometry":{"type":"MultiLineString","coordinates":[[[-0.2399172,51.4683243],[-0.239732,51.4682419],[-0.23955,51.4681789],[-0.2394328,51.4681518],[-0.23919,51.4680958],[-0.2388705,51.468],[-0.2385672,51.4678917],[-0.2383447,51.4678161],[-0.2382442,51.46775]]]}},
{"type":"Feature","properties":{"highway":"path","name":null,"category":"Shared path"},"geometry":{"type":"MultiLineString","coordinates":[[[-0.2520396,51.4656225],[-0.2522082,51.4654783],[-0.25243,51.4654718],[-0.2526204,51.4655787],[-0.2533735,51.4655891],[-0.2535304,51.4654705],[-0.2537647,51.4654692],[-0.2538286,51.465548]]]}},
{"type":"Feature","properties":{"highway":"footway","name":null,"category":"Footpath (pedestrian only)"},"geometry":{"type":"MultiLineString","coordinates":[[[-0.2403284,51.4671206],[-0.2409673,51.4668927]]]}},
{"type":"Feature","properties":{"highway":"path","name":null,"category":"Shared path"},"geometry":{"type":"MultiLineString","coordinates":[[[-0.2361947,51.466825],[-0.2361786,51.4668549],[-0.2361027,51.4670614],[-0.236042,51.4671902],[-0.2358599,51.4672833],[-0.2357525,51.4674091],[-0.2356731,51.4675342],[-0.2356264,51.4676942],[-0.2355318,51.4678138],[-0.2355097,51.4678418],[-0.235421,51.4679385],[-0.2352948,51.4681378],[-0.2351293,51.4683279],[-0.2349343,51.468462],[-0.2347926,51.4685802],[-0.234738,51.4686264],[-0.2346305,51.4687837],[-0.2345231,51.4689364],[-0.2343931,51.4690738],[-0.2342628,51.4691335],[-0.2341758,51.4692555]]]}},
{"type":"Feature","properties":{"highway":"path","name":null,"category":"Shared path"},"geometry":{"type":"MultiLineString","coordinates":[[[-0.2341758,51.4692555],[-0.2341397,51.4693117],[-0.2341061,51.4694913],[-0.2340406,51.4695961],[-0.2340122,51.4696284],[-0.2339893,51.4696545],[-0.233869,51.4697912],[-0.2338017,51.4698915],[-0.233738,51.4700425],[-0.2336177,51.4700954],[-0.2335186,51.4701726],[-0.2333855,51.470327],[-0.2333381,51.4704559],[-0.2333345,51.4706605]]]}},
{"type":"Feature","properties":{"highway":"path","name":null,"category":"Shared path"},"geometry":{"type":"MultiLineString","coordinates":[[[-0.2334231,51.4691424],[-0.2334168,51.4692496],[-0.2334266,51.469358],[-0.2333398,51.4695086],[-0.2331802,51.4696138],[-0.2330068,51.4696733],[-0.2329724,51.4697538],[-0.2328692,51.4699609],[-0.2328922,51.4700679],[-0.2330143,51.4702994],[-0.232993,51.4704537],[-0.2330833,51.4705826],[-0.2330662,51.4706805],[-0.2330656,51.4706838],[-0.2330744,51.4707094],[-0.2329346,51.4708836],[-0.2329346,51.4708976],[-0.2329346,51.4710919],[-0.2329293,51.4712551],[-0.2328975,51.471448],[-0.2329044,51.4715343],[-0.2329081,51.4715814],[-0.2329329,51.4717555],[-0.2329093,51.4718221],[-0.2313961,51.4719563]]]}},
{"type":"Feature","properties":{"highway":"path","name":null,"category":"Shared path"},"geometry":{"type":"MultiLineString","coordinates":[[[-0.2397764,51.4710823],[-0.2395645,51.4709921],[-0.2393472,51.4708985],[-0.2392117,51.4708712],[-0.2391487,51.4708584],[-0.2390295,51.4708414],[-0.2386793,51.4708016],[-0.2383387,51.4707983],[-0.2381134,51.4708384],[-0.2377416,51.471052],[-0.2375287,51.4712009],[-0.237393,51.471318],[-0.2372441,51.4714172]]]}},
{"type":"Feature","properties":{"highway":"path","name":null,"category":"Shared path"},"geometry":{"type":"MultiLineString","coordinates":[[[-0.2392023,51.4706008],[-0.2391967,51.4706997],[-0.2391903,51.4707778],[-0.2392117,51.4708712],[-0.2392721,51.4709771],[-0.2392962,51.4710656],[-0.2392977,51.4710764],[-0.2393072,51.4711482],[-0.2393781,51.471338],[-0.2394276,51.4715122],[-0.2394501,51.4716599]]]}},
{"type":"Feature","properties":{"highway":"path","name":null,"category":"Shared path"},"geometry":{"type":"MultiLineString","coordinates":[[[-0.2392977,51.4710764],[-0.239138,51.4710522],[-0.2390012,51.4710489],[-0.238903,51.471042]]]}},
{"type":"Feature","properties":{"highway":"path","name":null,"category":"Shared path"},"geometry":{"type":"MultiLineString","coordinates":[[[-0.2407779,51.4694948],[-0.2406935,51.469302],[-0.2406154,51.4691968],[-0.2405431,51.4690992],[-0.2404369,51.4689548],[-0.2403926,51.4688798],[-0.2404121,51.4687927],[-0.2405731,51.4686406],[-0.240732,51.4684664],[-0.2413706,51.4679357]]]}},
{"type":"Feature","properties":{"highway":"path","name":null,"category":"Shared path"},"geometry":{"type":"MultiLineString","coordinates":[[[-0.2420039,51.4690668],[-0.2418809,51.4690937],[-0.2417074,51.4691267],[-0.2415623,51.4691455],[-0.2411624,51.4691466],[-0.2408636,51.4691747],[-0.2407873,51.4691819],[-0.2406154,51.4691968],[-0.2404191,51.4692237],[-0.2400042,51.4693127],[-0.2397273,51.4693196],[-0.239552,51.4693266],[-0.2393871,51.4693722],[-0.2392383,51.4694731],[-0.2390762,51.4696578],[-0.2390123,51.4697499],[-0.2390475,51.4698295],[-0.2391876,51.4700019],[-0.2393903,51.4702892]]]}},
{"type":"Feature","properties":{"highway":"footway","name":null,"category":"Footpath (pedestrian only)"},"geometry":{"type":"MultiLineString","coordinates":[[[-0.2399172,51.4683243],[-0.240104,51.4684105],[-0.2397503,51.4691322],[-0.2397273,51.4693196],[-0.2396916,51.4694098]]]}},
{"type":"Feature","properties":{"highway":"path","name":null,"category":"Shared path"},"geometry":{"type":"MultiLineString","coordinates":[[[-0.2337007,51.4685625],[-0.2336583,51.4684902],[-0.2336515,51.4683914],[-0.2336227,51.4683026],[-0.2335755,51.4681529],[-0.2334781,51.4680196]]]}},
{"type":"Feature","properties":{"highway":"path","name":null,"category":"Shared path"},"geometry":{"type":"MultiLineString","coordinates":[[[-0.2329346,51.4708976],[-0.2328162,51.4710297],[-0.2326383,51.4711131],[-0.2322685,51.4710588],[-0.2320534,51.4710746],[-0.2317959,51.4710427],[-0.2316071,51.4710217],[-0.2315653,51.4712426],[-0.2315609,51.4712999],[-0.2315413,51.4714087],[-0.2309754,51.4712805],[-0.2306972,51.4712532],[-0.2305789,51.4712568],[-0.2304476,51.471283]]]}},
{"type":"Feature","properties":{"highway":"path","name":null,"category":"Shared path"},"geometry":{"type":"MultiLineString","coordinates":[[[-0.2335186,51.4701726],[-0.2333558,51.4701827],[-0.2331862,51.4702275],[-0.2330143,51.4702994]]]}},
{"type":"Feature","properties":{"highway":"path","name":null,"category":"Shared path"},"geometry":{"type":"MultiLineString","coordinates":[[[-0.232993,51.4704537],[-0.2328815,51.4705175],[-0.2328355,51.4705659],[-0.2327033,51.4706861]]]}},
{"type":"Feature","properties":{"highway":"path","name":null,"category":"Shared path"},"geometry":{"type":"MultiLineString","coordinates":[[[-0.2309789,51.4707166],[-0.2310464,51.4707792],[-0.2310848,51.4708148],[-0.2312572,51.4709527],[-0.2313854,51.4710522],[-0.2315653,51.4712426],[-0.2316611,51.4712682],[-0.2317629,51.4713117],[-0.2318596,51.4713838],[-0.2321213,51.471411],[-0.232433,51.4714433],[-0.2326802,51.4715096],[-0.2327665,51.4715191],[-0.2329044,51.4715343]]]}},
{"type":"Feature","properties":{"highway":"path","name":null,"category":"Shared path"},"geometry":{"type":"MultiLineString","coordinates":[[[-0.2377268,51.4675129],[-0.2375686,51.4675451],[-0.237311,51.4676624],[-0.2371396,51.4677322],[-0.2370535,51.4677673],[-0.2368817,51.4678043],[-0.2367105,51.4678122],[-0.2366143,51.4678167],[-0.2360001,51.4678105],[-0.2357788,51.467827],[-0.2355318,51.4678138],[-0.2352703,51.4678002],[-0.2350127,51.4678619],[-0.2347942,51.4678929]]]}},
{"type":"Feature","properties":{"highway":"path","name":null,"category":"Shared path"},"geometry":{"type":"MultiLineString","coordinates":[[[-0.2327665,51.4715191],[-0.2327843,51.471454],[-0.2327169,51.4713998],[-0.2326628,51.4713563],[-0.2326383,51.4711131],[-0.2324949,51.4708869],[-0.2324137,51.4708031],[-0.2323685,51.4707564]]]}},
{"type":"Feature","properties":{"highway":"footway","name":"Thorne Passage","category":"Footpath (pedestrian only)"},"geometry":{"type":"MultiLineString","coordinates":[[[-0.2529486,51.4704223],[-0.2522102,51.4703839],[-0.2512951,51.4703557],[-0.2510228,51.470344],[-0.2508264,51.470333],[-0.250749,51.4703179]]]}},
{"type":"Feature","properties":{"highway":"footway","name":null,"category":"Footpath (pedestrian only)"},"geometry":{"type":"MultiLineString","coordinates":[[[-0.2528857,51.4686573],[-0.2530237,51.4687918]]]}},
{"type":"Feature","properties":{"highway":"footway","name":"Brookwood Avenue","category":"Footpath (pedestrian only)"},"geometry":{"type":"MultiLineString","coordinates":[[[-0.2475644,51.4697757],[-0.2476707,51.4697758],[-0.247976,51.4697838],[-0.2481937,51.4697898],[-0.2483927,51.4699095],[-0.2480357,51.4701189],[-0.2479315,51.4701734],[-0.2479263,51.4702371]]]}},
{"type":"Feature","properties":{"highway":"footway","name":"Malthouse Passage","category":"Footpath (pedestrian only)"},"geometry":{"type":"MultiLineString","coordinates":[[[-0.2528787,51.4723945],[-0.2526291,51.4722147]]]}},
{"type":"Feature","properties":{"highway":"footway","name":null,"category":"Footpath (pedestrian only)"},"geometry":{"type":"MultiLineString","coordinates":[[[-0.2405012,51.4716173],[-0.2404376,51.4714932],[-0.2405195,51.4713413],[-0.2406964,51.4710085],[-0.2407502,51.4709112]]]}},
{"type":"Feature","properties":{"highway":"footway","name":null,"category":"Footpath (pedestrian only)"},"geometry":{"type":"MultiLineString","coordinates":[[[-0.2305914,51.4754236],[-0.2307942,51.4753584],[-0.2321117,51.4750575]]]}},
{"type":"Feature","properties":{"highway":"footway","name":null,"category":"Footpath (pedestrian only)"},"geometry":{"type":"MultiLineString","coordinates":[[[-0.2486956,51.4656337],[-0.2487213,51.4655597],[-0.2486802,51.4652381],[-0.2486647,51.4651217]]]}},
{"type":"Feature","properties":{"highway":"footway","name":null,"category":"Footpath (pedestrian only)"},"geometry":{"type":"MultiLineString","coordinates":[[[-0.2484461,51.4651458],[-0.2485289,51.4651426],[-0.2485981,51.4651331]]]}},
{"type":"Feature","properties":{"highway":"footway","name":null,"category":"Footpath (pedestrian only)"},"geometry":{"type":"MultiLineString","coordinates":[[[-0.2479315,51.4701734],[-0.247808,51.4701767],[-0.2477828,51.4701663]]]}},
{"type":"Feature","properties":{"highway":"path","name":null,"category":"Shared path"},"geometry":{"type":"MultiLineString","coordinates":[[[-0.2358599,51.4672833],[-0.2358413,51.4671068],[-0.2358887,51.466957],[-0.2358771,51.4667564]]]}},
{"type":"Feature","properties":{"highway":"path","name":null,"category":"Shared path"},"geometry":{"type":"MultiLineString","coordinates":[[[-0.2333381,51.4704559],[-0.2330662,51.4706805]]]}},
{"type":"Feature","properties":{"highway":"footway","name":null,"category":"Footpath (pedestrian only)"},"geometry":{"type":"MultiLineString","coordinates":[[[-0.230754,51.4716159],[-0.2310283,51.4716232],[-0.2311696,51.4716299],[-0.2313553,51.4716564],[-0.2314403,51.4715434],[-0.2315413,51.4714087],[-0.2318596,51.4713838]]]}},
{"type":"Feature","properties":{"highway":"footway","name":null,"category":"Footpath (pedestrian only)"},"geometry":{"type":"MultiLineString","coordinates":[[[-0.2541476,51.4678423],[-0.2540774,51.4678514],[-0.2540362,51.4678758],[-0.2540036,51.467877]]]}},
{"type":"Feature","properties":{"highway":"footway","name":null,"category":"Footpath (pedestrian only)"},"geometry":{"type":"MultiLineString","coordinates":[[[-0.2540556,51.4680212],[-0.2540514,51.4679815],[-0.254031,51.4679821]]]}},
{"type":"Feature","properties":{"highway":"footway","name":null,"category":"Footpath (pedestrian only)"},"geometry":{"type":"MultiLineString","coordinates":[[[-0.2530641,51.4705513],[-0.2530722,51.470513],[-0.2530891,51.4704331]]]}},
{"type":"Feature","properties":{"highway":"footway","name":null,"category":"Footpath (pedestrian only)"},"geometry":{"type":"MultiLineString","coordinates":[[[-0.2529486,51.4704223],[-0.2529502,51.4704011]]]}},
{"type":"Feature","properties":{"highway":"footway","name":null,"category":"Footpath (pedestrian only)"},"geometry":{"type":"MultiLineString","coordinates":[[[-0.2333041,51.4745154],[-0.2333461,51.4745416],[-0.2333524,51.4745455],[-0.2334972,51.4746441],[-0.2337521,51.4747994],[-0.2338674,51.4748546],[-0.23398,51.4748846],[-0.234318,51.4748947],[-0.2344199,51.4748679],[-0.2345943,51.4748295],[-0.2347498,51.4747961],[-0.2348237,51.4747843],[-0.2352821,51.4749867],[-0.2353906,51.4749358]]]}},
{"type":"Feature","properties":{"highway":"footway","name":null,"category":"Footpath (pedestrian only)"},"geometry":{"type":"MultiLineString","coordinates":[[[-0.2352821,51.4749867],[-0.2348675,51.4753646],[-0.2347854,51.4754276],[-0.234673,51.4755146],[-0.2345574,51.4755655],[-0.2344386,51.4755919],[-0.2342616,51.4756157],[-0.2341758,51.4756559],[-0.2341428,51.4756965],[-0.2341137,51.4757534],[-0.2341052,51.475824]]]}},
{"type":"Feature","properties":{"highway":"footway","name":null,"category":"Footpath (pedestrian only)"},"geometry":{"type":"MultiLineString","coordinates":[[[-0.2361898,51.4663037],[-0.2364037,51.4663497],[-0.236475,51.466226],[-0.2366532,51.4662641],[-0.2367221,51.4661364]]]}},
{"type":"Feature","properties":{"highway":"path","name":null,"category":"Shared path"},"geometry":{"type":"MultiLineString","coordinates":[[[-0.2370995,51.4662138],[-0.2370114,51.4663719],[-0.2368349,51.466428],[-0.2365413,51.4664851],[-0.236475,51.4665422],[-0.2363646,51.4665602]]]}},
{"type":"Feature","properties":{"highway":"footway","name":null,"category":"Footpath (pedestrian only)"},"geometry":{"type":"MultiLineString","coordinates":[[[-0.2328519,51.4676905],[-0.2327744,51.4681009],[-0.2327403,51.4682446],[-0.2326727,51.468591],[-0.2327036,51.4687835],[-0.2328592,51.4690024]]]}},
{"type":"Feature","properties":{"highway":"footway","name":null,"category":"Footpath (pedestrian only)"},"geometry":{"type":"MultiLineString","coordinates":[[[-0.231998,51.4687686],[-0.2321989,51.4684425],[-0.2323117,51.4682908],[-0.2324004,51.4681737],[-0.2327744,51.4681009],[-0.2329955,51.468018],[-0.2331819,51.4680214],[-0.2334781,51.4680196]]]}},
{"type":"Feature","properties":{"highway":"footway","name":null,"category":"Footpath (pedestrian only)"},"geometry":{"type":"MultiLineString","coordinates":[[[-0.2375282,51.4679054],[-0.2375663,51.4677773],[-0.2379479,51.4676936],[-0.2382442,51.46775]]]}},
{"type":"Feature","properties":{"highway":"footway","name":null,"category":"Footpath (pedestrian only)"},"geometry":{"type":"MultiLineString","coordinates":[[[-0.2320291,51.4683254],[-0.2323117,51.4682908],[-0.2327403,51.4682446],[-0.2332929,51.4681872],[-0.2335755,51.4681529]]]}},
{"type":"Feature","properties":{"highway":"footway","name":null,"category":"Footpath (pedestrian only)"},"geometry":{"type":"MultiLineString","coordinates":[[[-0.2363579,51.4683428],[-0.2363282,51.4680322]]]}},
{"type":"Feature","properties":{"highway":"footway","name":null,"category":"Footpath (pedestrian only)"},"geometry":{"type":"MultiLineString","coordinates":[[[-0.2347253,51.4682637],[-0.2345821,51.468501],[-0.2345528,51.4686029],[-0.2345231,51.4689364],[-0.2346027,51.469074],[-0.2349322,51.4691849],[-0.2352576,51.4692134],[-0.2355907,51.4692203],[-0.23587,51.4691743]]]}},
{"type":"Feature","properties":{"highway":"footway","name":null,"category":"Footpath (pedestrian only)"},"geometry":{"type":"MultiLineString","coordinates":[[[-0.2343826,51.4679982],[-0.234597,51.4680715],[-0.2347253,51.4682637],[-0.2351293,51.4683279],[-0.2357098,51.4684001],[-0.2360827,51.4684196],[-0.2362901,51.46837]]]}},
{"type":"Feature","properties":{"highway":"footway","name":null,"category":"Footpath (pedestrian only)"},"geometry":{"type":"MultiLineString","coordinates":[[[-0.2364422,51.4696415],[-0.2365592,51.4694229],[-0.2367273,51.4694703],[-0.2368492,51.469443],[-0.2369414,51.4692905],[-0.2370683,51.4690892],[-0.2373867,51.4687964],[-0.2374907,51.4685502],[-0.2372853,51.4683004],[-0.2370424,51.4682586],[-0.2369471,51.4682422],[-0.236857,51.4681355],[-0.2367105,51.4678122]]]}},
{"type":"Feature","properties":{"highway":"footway","name":null,"category":"Footpath (pedestrian only)"},"geometry":{"type":"MultiLineString","coordinates":[[[-0.2327036,51.4687835],[-0.2321989,51.4684425],[-0.2320291,51.4683254],[-0.2316297,51.4683295],[-0.231156,51.4683701],[-0.2308525,51.4684092],[-0.230649,51.4684099],[-0.229889,51.4683514],[-0.2296777,51.4682925]]]}},
{"type":"Feature","properties":{"highway":"footway","name":null,"category":"Footpath (pedestrian only)"},"geometry":{"type":"MultiLineString","coordinates":[[[-0.2385683,51.4672744],[-0.2381862,51.4673533],[-0.2376789,51.4674883]]]}},
{"type":"Feature","properties":{"highway":"footway","name":null,"category":"Footpath (pedestrian only)"},"geometry":{"type":"MultiLineString","coordinates":[[[-0.2314872,51.4680197],[-0.2316297,51.4683295],[-0.2317058,51.4684894],[-0.2318164,51.4685702],[-0.2319297,51.4686647],[-0.231998,51.4687686],[-0.2319884,51.468852]]]}},
{"type":"Feature","properties":{"highway":"footway","name":null,"category":"Footpath (pedestrian only)"},"geometry":{"type":"MultiLineString","coordinates":[[[-0.238757,51.4667528],[-0.2386426,51.4669532],[-0.2385588,51.4671555],[-0.2385683,51.4672744],[-0.238585,51.4674819],[-0.2385436,51.4676483],[-0.2384479,51.4677122],[-0.2382442,51.46775],[-0.2379835,51.4677766],[-0.2375282,51.4679054],[-0.236857,51.4681355],[-0.2363843,51.4683318],[-0.2363579,51.4683428],[-0.2362901,51.46837],[-0.236064,51.4689056],[-0.23587,51.4691743],[-0.2356785,51.4693399],[-0.235508,51.4694941],[-0.2354796,51.4695547],[-0.235385,51.4696483],[-0.2354018,51.4697445],[-0.235323,51.4697776],[-0.235095,51.4698995],[-0.2350545,51.4699403],[-0.2347759,51.4702008]]]}},
{"type":"Feature","properties":{"highway":"footway","name":null,"category":"Footpath (pedestrian only)"},"geometry":{"type":"MultiLineString","coordinates":[[[-0.2375663,51.4677773],[-0.2371396,51.4677322]]]}},
{"type":"Feature","properties":{"highway":"footway","name":null,"category":"Footpath (pedestrian only)"},"geometry":{"type":"MultiLineString","coordinates":[[[-0.2381862,51.4717958],[-0.2381937,51.4716712],[-0.2382005,51.4715404],[-0.2381666,51.4713147]]]}},
{"type":"Feature","properties":{"highway":"footway","name":null,"category":"Footpath (pedestrian only)"},"geometry":{"type":"MultiLineString","coordinates":[[[-0.239637,51.4694969],[-0.2396291,51.4695489]]]}},
{"type":"Feature","properties":{"highway":"footway","name":null,"category":"Footpath (pedestrian only)"},"geometry":{"type":"MultiLineString","coordinates":[[[-0.2408992,51.4774954],[-0.2421577,51.4772863],[-0.2422285,51.4772754]]]}},
{"type":"Feature","properties":{"highway":"footway","name":null,"category":"Footpath (pedestrian only)"},"geometry":{"type":"MultiLineString","coordinates":[[[-0.2446876,51.4717306],[-0.2448061,51.4717194],[-0.2451418,51.4718371],[-0.2457099,51.4720279],[-0.2459481,51.472064]]]}},
{"type":"Feature","properties":{"highway":"footway","name":null,"category":"Footpath (pedestrian only)"},"geometry":{"type":"MultiLineString","coordinates":[[[-0.2463779,51.4737094],[-0.2462193,51.4735331],[-0.2461707,51.4735018],[-0.2459126,51.4732063],[-0.2457721,51.47301]]]}},
{"type":"Feature","properties":{"highway":"footway","name":null,"category":"Footpath (pedestrian only)"},"geometry":{"type":"MultiLineString","coordinates":[[[-0.2450437,51.4654109],[-0.2451942,51.4655004],[-0.2455056,51.4656735],[-0.2459471,51.4658957]]]}},
{"type":"Feature","properties":{"highway":"footway","name":null,"category":"Footpath (pedestrian only)"},"geometry":{"type":"MultiLineString","coordinates":[[[-0.248586,51.4781468],[-0.2482425,51.4780853],[-0.2482339,51.4781035]]]}},
{"type":"Feature","properties":{"highway":"path","name":null,"category":"Shared path"},"geometry":{"type":"MultiLineString","coordinates":[[[-0.2419668,51.4703698],[-0.2419472,51.4702296],[-0.2419086,51.4699763],[-0.2419015,51.4699569],[-0.2418354,51.4697762],[-0.2415915,51.4695521],[-0.2413659,51.4693976],[-0.241128,51.4693267],[-0.2409837,51.469233],[-0.2408636,51.4691747]]]}},
{"type":"Feature","properties":{"highway":"path","name":null,"category":"Shared path"},"geometry":{"type":"MultiLineString","coordinates":[[[-0.2409012,51.4696475],[-0.2410064,51.4695573],[-0.241128,51.4693267],[-0.2411624,51.4691466],[-0.2413475,51.4687238]]]}},
{"type":"Feature","properties":{"highway":"path","name":null,"category":"Shared path"},"geometry":{"type":"MultiLineString","coordinates":[[[-0.2419015,51.4699569],[-0.2420391,51.4698532],[-0.2420756,51.4698257],[-0.2421508,51.4696852],[-0.2421264,51.469556],[-0.2421569,51.4693319],[-0.2421463,51.4691369]]]}},
{"type":"Feature","properties":{"highway":"footway","name":null,"category":"Footpath (pedestrian only)"},"geometry":{"type":"MultiLineString","coordinates":[[[-0.2418868,51.4665913],[-0.2417801,51.4664925],[-0.2415922,51.4663413],[-0.2412956,51.4661434],[-0.2410143,51.4660591],[-0.2403826,51.4658649],[-0.2402043,51.4658557]]]}},
{"type":"Feature","properties":{"highway":"footway","name":null,"category":"Footpath (pedestrian only)"},"geometry":{"type":"MultiLineString","coordinates":[[[-0.244943,51.4704769],[-0.2449326,51.4705259],[-0.2454914,51.4709768]]]}},
{"type":"Feature","properties":{"highway":"footway","name":null,"category":"Footpath (pedestrian only)"},"geometry":{"type":"MultiLineString","coordinates":[[[-0.2453461,51.4681565],[-0.2454349,51.4683401],[-0.2455101,51.468406],[-0.2456677,51.4685289]]]}},
{"type":"Feature","properties":{"highway":"path","name":null,"category":"Shared path"},"geometry":{"type":"MultiLineString","coordinates":[[[-0.2491244,51.4798126],[-0.2489734,51.4798286],[-0.2488742,51.4798357]]]}},
{"type":"Feature","properties":{"highway":"footway","name":null,"category":"Footpath (pedestrian only)"},"geometry":{"type":"MultiLineString","coordinates":[[[-0.2349606,51.4703498],[-0.2346543,51.4703569],[-0.2341747,51.470368],[-0.2333345,51.4706605],[-0.2333314,51.470755],[-0.2333347,51.4708022],[-0.2333248,51.4708889],[-0.2333251,51.4709238],[-0.2333263,51.4710876],[-0.2333294,51.4715001]]]}},
{"type":"Feature","properties":{"highway":"path","name":null,"category":"Shared path"},"geometry":{"type":"MultiLineString","coordinates":[[[-0.2326362,51.4745092],[-0.2324601,51.4745033]]]}},
{"type":"Feature","properties":{"highway":"path","name":null,"category":"Shared path"},"geometry":{"type":"MultiLineString","coordinates":[[[-0.2326994,51.4744688],[-0.2326855,51.4744866],[-0.2326647,51.4745007],[-0.2326362,51.4745092]]]}},
{"type":"Feature","properties":{"highway":"path","name":null,"category":"Shared path"},"geometry":{"type":"MultiLineString","coordinates":[[[-0.2333461,51.4745416],[-0.2332597,51.4745575],[-0.2331428,51.4745665],[-0.2330396,51.4745579],[-0.2329394,51.4745398],[-0.2326994,51.4744688],[-0.232617,51.4744349],[-0.2325451,51.4743833],[-0.2324601,51.4742888],[-0.2323846,51.4740993],[-0.2323432,51.4740373]]]}},
{"type":"Feature","properties":{"highway":"path","name":null,"category":"Shared path"},"geometry":{"type":"MultiLineString","coordinates":[[[-0.2332597,51.4745575],[-0.2332677,51.47459],[-0.2333773,51.4746506],[-0.2335487,51.474761],[-0.2336794,51.4748424],[-0.2337441,51.4748669],[-0.2338102,51.4749243],[-0.2338581,51.4750216],[-0.2338864,51.4750623],[-0.2339162,51.4751138],[-0.233959,51.4751491],[-0.234036,51.4752061],[-0.2341093,51.4752758],[-0.234142,51.475345],[-0.2341587,51.475425],[-0.2341587,51.4755508],[-0.2341609,51.4756001],[-0.2341686,51.4756229]]]}},
{"type":"Feature","properties":{"highway":"path","name":null,"category":"Shared path"},"geometry":{"type":"MultiLineString","coordinates":[[[-0.233764,51.4756571],[-0.2336635,51.4756521],[-0.2335073,51.4756439],[-0.2333679,51.4756534],[-0.2332684,51.4756837],[-0.2331958,51.4756901],[-0.233113,51.4756747],[-0.2330266,51.4756756],[-0.2329264,51.4756584],[-0.2328661,51.4756245],[-0.2328225,51.475577],[-0.2328029,51.4755295],[-0.2328022,51.4754911],[-0.2328385,51.4754427],[-0.2329314,51.4753694],[-0.2330251,51.4753346],[-0.2330418,51.4753263],[-0.2331384,51.4752785],[-0.233182,51.4752409],[-0.2332067,51.4751948],[-0.2332016,51.4751306],[-0.2331769,51.4750899],[-0.2330392,51.4749508],[-0.232924,51.4748529],[-0.2328494,51.4747567],[-0.232741,51.4747221],[-0.2326665,51.4746596],[-0.2325906,51.474603],[-0.2324903,51.4745456],[-0.2324601,51.4745033]]]}},
{"type":"Feature","properties":{"highway":"path","name":null,"category":"Shared path"},"geometry":{"type":"MultiLineString","coordinates":[[[-0.2330418,51.4753263],[-0.2330956,51.4753504]]]}},
{"type":"Feature","properties":{"highway":"path","name":null,"category":"Shared path"},"geometry":{"type":"MultiLineString","coordinates":[[[-0.2406964,51.4710085],[-0.241241,51.471233],[-0.2416827,51.4713088],[-0.2419092,51.4713476],[-0.2421944,51.4713723],[-0.2425083,51.4713301],[-0.2426224,51.4715145],[-0.2428518,51.4716178]]]}},
{"type":"Feature","properties":{"highway":"path","name":null,"category":"Shared path"},"geometry":{"type":"MultiLineString","coordinates":[[[-0.2324949,51.4708869],[-0.2327033,51.4706861]]]}},
{"type":"Feature","properties":{"highway":"path","name":null,"category":"Shared path"},"geometry":{"type":"MultiLineString","coordinates":[[[-0.2326628,51.4713563],[-0.2322243,51.4713292],[-0.2318596,51.4713838]]]}},
{"type":"Feature","properties":{"highway":"path","name":null,"category":"Shared path"},"geometry":{"type":"MultiLineString","coordinates":[[[-0.2438211,51.4711183],[-0.2434019,51.4711959],[-0.2427647,51.4712954],[-0.2425083,51.4713301],[-0.2422389,51.471119],[-0.2420366,51.4707867]]]}},
{"type":"Feature","properties":{"highway":"path","name":null,"category":"Shared path"},"geometry":{"type":"MultiLineString","coordinates":[[[-0.2460817,51.4846634],[-0.2458295,51.4848622],[-0.2456295,51.4849895],[-0.2453866,51.4850683],[-0.2452777,51.4850668],[-0.2451835,51.4850328],[-0.2450027,51.4849532],[-0.2448764,51.4848886],[-0.244785,51.4848276],[-0.2447626,51.4847569],[-0.2447663,51.4846913],[-0.2450185,51.484512],[-0.2453269,51.4843167],[-0.2456023,51.484112],[-0.2458755,51.4838875],[-0.2460898,51.4836806],[-0.2462895,51.4834447],[-0.2465069,51.4831067],[-0.246707,51.4827251],[-0.2469237,51.4823384],[-0.2471184,51.4818983],[-0.2473123,51.4813596],[-0.2474339,51.4810415],[-0.2476509,51.4805904],[-0.2478987,51.4800277],[-0.2480962,51.4796177],[-0.2482635,51.479276],[-0.2483076,51.4790584],[-0.248382,51.4789526],[-0.2485098,51.4788778]]]}},
{"type":"Feature","properties":{"highway":"path","name":null,"category":"Shared path"},"geometry":{"type":"MultiLineString","coordinates":[[[-0.2473123,51.4813596],[-0.2472308,51.481411],[-0.2471011,51.4813833]]]}},
{"type":"Feature","properties":{"highway":"path","name":null,"category":"Shared path"},"geometry":{"type":"MultiLineString","coordinates":[[[-0.2407502,51.4709112],[-0.2408459,51.4707051],[-0.240886,51.4705221],[-0.2409086,51.4704249]]]}},
{"type":"Feature","properties":{"highway":"path","name":null,"category":"Shared path"},"geometry":{"type":"MultiLineString","coordinates":[[[-0.2418354,51.4697762],[-0.2420391,51.4698532],[-0.2422406,51.4698945],[-0.2424621,51.4699129],[-0.2427217,51.4699746],[-0.2431157,51.4700304],[-0.2433045,51.4700834],[-0.2435885,51.4702853]]]}},
{"type":"Feature","properties":{"highway":"footway","name":null,"category":"Footpath (pedestrian only)"},"geometry":{"type":"MultiLineString","coordinates":[[[-0.2418723,51.4746239],[-0.2419231,51.4748659]]]}},
{"type":"Feature","properties":{"highway":"footway","name":null,"category":"Footpath (pedestrian only)"},"geometry":{"type":"MultiLineString","coordinates":[[[-0.2419231,51.4748659],[-0.2414564,51.4749364],[-0.2407738,51.4750652],[-0.2406186,51.4750146]]]}},
{"type":"Feature","properties":{"highway":"footway","name":null,"category":"Footpath (pedestrian only)"},"geometry":{"type":"MultiLineString","coordinates":[[[-0.2435361,51.4744956],[-0.2434393,51.474305]]]}},
{"type":"Feature","properties":{"highway":"footway","name":null,"category":"Footpath (pedestrian only)"},"geometry":{"type":"MultiLineString","coordinates":[[[-0.2457827,51.4729826],[-0.2455589,51.4729731]]]}},
{"type":"Feature","properties":{"highway":"footway","name":null,"category":"Footpath (pedestrian only)"},"geometry":{"type":"MultiLineString","coordinates":[[[-0.2450629,51.4736826],[-0.2451453,51.4736824],[-0.2457379,51.4736347]]]}},
{"type":"Feature","properties":{"highway":"footway","name":null,"category":"Footpath (pedestrian only)"},"geometry":{"type":"MultiLineString","coordinates":[[[-0.245001,51.4742061],[-0.2450405,51.4741632],[-0.2450437,51.4740843]]]}},
{"type":"Feature","properties":{"highway":"footway","name":null,"category":"Footpath (pedestrian only)"},"geometry":{"type":"MultiLineString","coordinates":[[[-0.2450629,51.4736826],[-0.2450416,51.4737147],[-0.2448028,51.4740231]]]}},
{"type":"Feature","properties":{"highway":"footway","name":null,"category":"Footpath (pedestrian only)"},"geometry":{"type":"MultiLineString","coordinates":[[[-0.2321045,51.4709757],[-0.2317959,51.4710427]]]}},
{"type":"Feature","properties":{"highway":"path","name":null,"category":"Shared path"},"geometry":{"type":"MultiLineString","coordinates":[[[-0.2316358,51.4706711],[-0.2316621,51.470883],[-0.2316225,51.4709673],[-0.2316071,51.4710217],[-0.2313854,51.4710522],[-0.2311683,51.4711975],[-0.2309754,51.4712805]]]}},
{"type":"Feature","properties":{"highway":"footway","name":null,"category":"Footpath (pedestrian only)"},"geometry":{"type":"MultiLineString","coordinates":[[[-0.2317629,51.4713117],[-0.231921,51.4711897],[-0.2320534,51.4710746],[-0.2321045,51.4709757],[-0.2322931,51.4709505],[-0.2324949,51.4708869]]]}},
{"type":"Feature","properties":{"highway":"footway","name":null,"category":"Footpath (pedestrian only)"},"geometry":{"type":"MultiLineString","coordinates":[[[-0.2356022,51.4767545],[-0.2356192,51.4767744],[-0.2356577,51.476817]]]}},
{"type":"Feature","properties":{"highway":"footway","name":null,"category":"Footpath (pedestrian only)"},"geometry":{"type":"MultiLineString","coordinates":[[[-0.2354613,51.4765974],[-0.2356022,51.4767545]]]}},
{"type":"Feature","properties":{"highway":"footway","name":null,"category":"Footpath (pedestrian only)"},"geometry":{"type":"MultiLineString","coordinates":[[[-0.236169,51.4761094],[-0.2359867,51.4762605]]]}},
{"type":"Feature","properties":{"highway":"footway","name":null,"category":"Footpath (pedestrian only)"},"geometry":{"type":"MultiLineString","coordinates":[[[-0.2359867,51.4762605],[-0.2358824,51.4763212],[-0.2356963,51.4764159]]]}},
{"type":"Feature","properties":{"highway":"footway","name":null,"category":"Footpath (pedestrian only)"},"geometry":{"type":"MultiLineString","coordinates":[[[-0.2356963,51.4764159],[-0.2355633,51.4764646]]]}},
{"type":"Feature","properties":{"highway":"footway","name":null,"category":"Footpath (pedestrian only)"},"geometry":{"type":"MultiLineString","coordinates":[[[-0.2355633,51.4764646],[-0.2354723,51.4764869]]]}},
{"type":"Feature","properties":{"highway":"footway","name":null,"category":"Footpath (pedestrian only)"},"geometry":{"type":"MultiLineString","coordinates":[[[-0.2354263,51.4765548],[-0.2354613,51.4765974]]]}},
{"type":"Feature","properties":{"highway":"path","name":null,"category":"Shared path"},"geometry":{"type":"MultiLineString","coordinates":[[[-0.2446212,51.4652541],[-0.2446287,51.4652899],[-0.2446335,51.4653131],[-0.2446405,51.4653466],[-0.2450437,51.4654109]]]}},
{"type":"Feature","properties":{"highway":"path","name":null,"category":"Shared path"},"geometry":{"type":"MultiLineString","coordinates":[[[-0.2454556,51.4660244],[-0.2458893,51.4664411],[-0.2460105,51.4665256],[-0.2467795,51.4675156]]]}},
{"type":"Feature","properties":{"highway":"path","name":null,"category":"Shared path"},"geometry":{"type":"MultiLineString","coordinates":[[[-0.238778,51.4712277],[-0.2387666,51.4713163],[-0.238748,51.4714601],[-0.2387279,51.471616],[-0.2386969,51.4717431],[-0.238691,51.4717658]]]}},
{"type":"Feature","properties":{"highway":"path","name":null,"category":"Shared path"},"geometry":{"type":"MultiLineString","coordinates":[[[-0.2404376,51.4714932],[-0.2402981,51.4714065]]]}},
{"type":"Feature","properties":{"highway":"path","name":null,"category":"Shared path"},"geometry":{"type":"MultiLineString","coordinates":[[[-0.2417184,51.4675619],[-0.2419512,51.4678557],[-0.2420908,51.4684283],[-0.2421463,51.4691369]]]}},
{"type":"Feature","properties":{"highway":"track","name":null,"category":"Track"},"geometry":{"type":"MultiLineString","coordinates":[[[-0.2357139,51.4808642],[-0.2361739,51.4798319],[-0.2364595,51.4792013],[-0.237244,51.477347],[-0.2373337,51.4770828],[-0.2374184,51.4768369],[-0.237424,51.476675],[-0.2373482,51.4763962],[-0.2372411,51.4762044],[-0.237156,51.4761689]]]}},
{"type":"Feature","properties":{"highway":"footway","name":null,"category":"Footpath (pedestrian only)"},"geometry":{"type":"MultiLineString","coordinates":[[[-0.2559353,51.471043],[-0.2557258,51.4707959]]]}},
{"type":"Feature","properties":{"highway":"footway","name":null,"category":"Footpath (pedestrian only)"},"geometry":{"type":"MultiLineString","coordinates":[[[-0.23919,51.4680958],[-0.2395326,51.4676547]]]}},
{"type":"Feature","properties":{"highway":"footway","name":null,"category":"Footpath (pedestrian only)"},"geometry":{"type":"MultiLineString","coordinates":[[[-0.2380555,51.4660705],[-0.2381282,51.4660444],[-0.2382106,51.4660288]]]}},
{"type":"Feature","properties":{"highway":"footway","name":null,"category":"Footpath (pedestrian only)"},"geometry":{"type":"MultiLineString","coordinates":[[[-0.24136,51.4651108],[-0.2413762,51.4651229],[-0.2414732,51.4651596],[-0.2417414,51.4651997],[-0.2418896,51.4652265],[-0.2419298,51.4652436],[-0.241964,51.465267],[-0.2419707,51.4652862],[-0.2419714,51.4653259]]]}},
{"type":"Feature","properties":{"highway":"footway","name":null,"category":"Footpath (pedestrian only)"},"geometry":{"type":"MultiLineString","coordinates":[[[-0.2415684,51.4649925],[-0.2414947,51.4649899],[-0.2414108,51.4649854]]]}},
{"type":"Feature","properties":{"highway":"footway","name":null,"category":"Footpath (pedestrian only)"},"geometry":{"type":"MultiLineString","coordinates":[[[-0.2422215,51.4651993],[-0.2421239,51.4651886],[-0.2420063,51.4651755]]]}},
{"type":"Feature","properties":{"highway":"footway","name":null,"category":"Footpath (pedestrian only)"},"geometry":{"type":"MultiLineString","coordinates":[[[-0.2409389,51.4650656],[-0.2413038,51.4651046],[-0.24136,51.4651108],[-0.2418846,51.4651574],[-0.2419456,51.4651625],[-0.2419761,51.4651663],[-0.2420063,51.4651755],[-0.2420311,51.4652041],[-0.2420315,51.4652173],[-0.2420142,51.4652515],[-0.2419714,51.4653259],[-0.241939,51.4653756],[-0.2419072,51.4654063],[-0.2418744,51.4654267],[-0.2417983,51.4654537],[-0.2415444,51.4654891],[-0.2412861,51.4655242]]]}},
{"type":"Feature","properties":{"highway":"path","name":null,"category":"Shared path"},"geometry":{"type":"MultiLineString","coordinates":[[[-0.2431028,51.4653449],[-0.2430165,51.4652735]]]}},
{"type":"Feature","properties":{"highway":"footway","name":null,"category":"Footpath (pedestrian only)"},"geometry":{"type":"MultiLineString","coordinates":[[[-0.2433235,51.4653139],[-0.2433162,51.4652922],[-0.243295,51.4652754],[-0.2430152,51.465253],[-0.2429022,51.4652439],[-0.2422501,51.4651888],[-0.2422215,51.4651993]]]}},
{"type":"Feature","properties":{"highway":"footway","name":null,"category":"Footpath (pedestrian only)"},"geometry":{"type":"MultiLineString","coordinates":[[[-0.2419284,51.465466],[-0.2419121,51.4654518],[-0.2418744,51.4654267]]]}},
{"type":"Feature","properties":{"highway":"footway","name":null,"category":"Footpath (pedestrian only)"},"geometry":{"type":"MultiLineString","coordinates":[[[-0.2433235,51.4653139],[-0.2433357,51.465344],[-0.2433516,51.4653817]]]}},
{"type":"Feature","properties":{"highway":"footway","name":null,"category":"Footpath (pedestrian only)"},"geometry":{"type":"MultiLineString","coordinates":[[[-0.2436392,51.465423],[-0.2434771,51.4653985]]]}},
{"type":"Feature","properties":{"highway":"footway","name":null,"category":"Footpath (pedestrian only)"},"geometry":{"type":"MultiLineString","coordinates":[[[-0.2438545,51.4653699],[-0.2436906,51.4653782]]]}},
{"type":"Feature","properties":{"highway":"footway","name":null,"category":"Footpath (pedestrian only)"},"geometry":{"type":"MultiLineString","coordinates":[[[-0.2440196,51.4651493],[-0.2438951,51.4651449],[-0.2437698,51.46514]]]}},
{"type":"Feature","properties":{"highway":"footway","name":null,"category":"Footpath (pedestrian only)"},"geometry":{"type":"MultiLineString","coordinates":[[[-0.244018,51.4653287],[-0.2440134,51.4652506]]]}},
{"type":"Feature","properties":{"highway":"footway","name":null,"category":"Footpath (pedestrian only)"},"geometry":{"type":"MultiLineString","coordinates":[[[-0.2441979,51.4652517],[-0.244205,51.4651742]]]}},
{"type":"Feature","properties":{"highway":"footway","name":null,"category":"Footpath (pedestrian only)"},"geometry":{"type":"MultiLineString","coordinates":[[[-0.2442306,51.4653258],[-0.244018,51.4653287],[-0.2439643,51.4653322],[-0.2438932,51.4653464],[-0.2438612,51.46536],[-0.2438545,51.4653699],[-0.2438058,51.4654063],[-0.243755,51.4654528],[-0.2437196,51.4654837],[-0.243686,51.465521],[-0.2436365,51.4655486],[-0.2433604,51.4657399]]]}},
{"type":"Feature","properties":{"highway":"footway","name":null,"category":"Footpath (pedestrian only)"},"geometry":{"type":"MultiLineString","coordinates":[[[-0.2414134,51.4670847],[-0.241897,51.4667437],[-0.2420497,51.4666091],[-0.242841,51.4659964],[-0.2431306,51.4657789],[-0.2431551,51.4657535],[-0.2431283,51.4657298],[-0.2431049,51.4657091],[-0.2432321,51.4655993],[-0.2432594,51.4655814],[-0.2432987,51.465576],[-0.2433584,51.4655255],[-0.243454,51.4654299],[-0.2434771,51.4653985],[-0.2434743,51.4653773],[-0.2434489,51.4653697],[-0.2433516,51.4653817],[-0.2431733,51.4654028],[-0.2425931,51.4654717],[-0.2419688,51.4655466],[-0.2413562,51.4656192]]]}},
{"type":"Feature","properties":{"highway":"footway","name":null,"category":"Footpath (pedestrian only)"},"geometry":{"type":"MultiLineString","coordinates":[[[-0.2415664,51.4648856],[-0.2415746,51.4649597],[-0.2415715,51.4649793],[-0.2415684,51.4649925],[-0.2415766,51.4650091],[-0.2415908,51.4650154],[-0.2419395,51.4650433],[-0.2424924,51.4650895],[-0.2425472,51.4650952],[-0.2425691,51.4650908],[-0.2425828,51.46508],[-0.2425767,51.4649793]]]}},
{"type":"Feature","properties":{"highway":"footway","name":null,"category":"Footpath (pedestrian only)"},"geometry":{"type":"MultiLineString","coordinates":[[[-0.2427342,51.4651006],[-0.2426516,51.4650957],[-0.2425691,51.4650908]]]}},
{"type":"Feature","properties":{"highway":"footway","name":null,"category":"Footpath (pedestrian only)"},"geometry":{"type":"MultiLineString","coordinates":[[[-0.2427128,51.4649917],[-0.242727,51.4650746],[-0.2427342,51.4651006],[-0.2427514,51.4651101],[-0.242786,51.4651164],[-0.2432159,51.4651367],[-0.2436611,51.4651582],[-0.2437333,51.46515],[-0.2437698,51.46514],[-0.2438024,51.4651012],[-0.2438207,51.4650562],[-0.2438156,51.4648808],[-0.2438278,51.4648403],[-0.2438115,51.464644]]]}},
{"type":"Feature","properties":{"highway":"footway","name":null,"category":"Footpath (pedestrian only)"},"geometry":{"type":"MultiLineString","coordinates":[[[-0.2439933,51.4645374],[-0.2440035,51.4645856],[-0.2440075,51.4646989],[-0.2439842,51.4648122],[-0.2439791,51.4648509],[-0.2440025,51.4651238],[-0.2440196,51.4651493],[-0.2440523,51.4651662],[-0.2441143,51.4651732],[-0.244205,51.4651742],[-0.2443928,51.465189],[-0.2444913,51.4651934],[-0.2447363,51.4651979]]]}},
{"type":"Feature","properties":{"highway":"footway","name":null,"category":"Footpath (pedestrian only)"},"geometry":{"type":"MultiLineString","coordinates":[[[-0.2484478,51.4652031],[-0.2484496,51.4651736],[-0.2484329,51.4651496],[-0.2484085,51.4651407],[-0.2483577,51.4651349],[-0.248283,51.4651373],[-0.2472874,51.465179],[-0.2459886,51.4652617],[-0.2454241,51.4652948],[-0.2453037,51.4653169],[-0.2451459,51.4653264],[-0.2450104,51.4653335],[-0.2448979,51.4653365],[-0.244781,51.4653156],[-0.2447109,51.4653106],[-0.2446335,51.4653131],[-0.2443501,51.4653194],[-0.2442962,51.4653206],[-0.2442306,51.4653258]]]}},
{"type":"Feature","properties":{"highway":"path","name":null,"category":"Shared path"},"geometry":{"type":"MultiLineString","coordinates":[[[-0.2431733,51.4654028],[-0.2431808,51.465411],[-0.2432594,51.4655814]]]}},
{"type":"Feature","properties":{"highway":"footway","name":null,"category":"Footpath (pedestrian only)"},"geometry":{"type":"MultiLineString","coordinates":[[[-0.2380555,51.4660705],[-0.2380491,51.4660358],[-0.2380229,51.4659945],[-0.2374902,51.4654692],[-0.2373281,51.4653122],[-0.2372896,51.4653074]]]}},
{"type":"Feature","properties":{"highway":"footway","name":null,"category":"Footpath (pedestrian only)"},"geometry":{"type":"MultiLineString","coordinates":[[[-0.2430152,51.465253],[-0.2430165,51.4652735]]]}},
{"type":"Feature","properties":{"highway":"footway","name":null,"category":"Footpath (pedestrian only)"},"geometry":{"type":"MultiLineString","coordinates":[[[-0.2485547,51.472427],[-0.2486274,51.4724426],[-0.2487475,51.4723915],[-0.2489241,51.4724217],[-0.2489744,51.4724821],[-0.2490564,51.4724495]]]}},
{"type":"Feature","properties":{"highway":"footway","name":null,"category":"Footpath (pedestrian only)"},"geometry":{"type":"MultiLineString","coordinates":[[[-0.2415222,51.4671448],[-0.241197,51.4674067]]]}},
{"type":"Feature","properties":{"highway":"footway","name":null,"category":"Footpath (pedestrian only)"},"geometry":{"type":"MultiLineString","coordinates":[[[-0.2380555,51.4660705],[-0.2380743,51.4660984],[-0.2378222,51.4661985]]]}},
{"type":"Feature","properties":{"highway":"footway","name":null,"category":"Footpath (pedestrian only)"},"geometry":{"type":"MultiLineString","coordinates":[[[-0.2420476,51.4667812],[-0.2420601,51.4667833],[-0.2421912,51.4668016]]]}},
{"type":"Feature","properties":{"highway":"footway","name":null,"category":"Footpath (pedestrian only)"},"geometry":{"type":"MultiLineString","coordinates":[[[-0.2418253,51.46675],[-0.2420476,51.4667812]]]}},
{"type":"Feature","properties":{"highway":"footway","name":null,"category":"Footpath (pedestrian only)"},"geometry":{"type":"MultiLineString","coordinates":[[[-0.2416965,51.4667156],[-0.2418104,51.4667479],[-0.2418253,51.46675]]]}},
{"type":"Feature","properties":{"highway":"path","name":null,"category":"Shared path"},"geometry":{"type":"MultiLineString","coordinates":[[[-0.2490456,51.4781416],[-0.2486297,51.4780556]]]}},
{"type":"Feature","properties":{"highway":"path","name":null,"category":"Shared path"},"geometry":{"type":"MultiLineString","coordinates":[[[-0.2492351,51.4773362],[-0.2489962,51.4772911]]]}},
{"type":"Feature","properties":{"highway":"path","name":null,"category":"Shared path"},"geometry":{"type":"MultiLineString","coordinates":[[[-0.2433045,51.4700834],[-0.2433958,51.470043],[-0.2434853,51.4700224]]]}},
{"type":"Feature","properties":{"highway":"path","name":null,"category":"Shared path"},"geometry":{"type":"MultiLineString","coordinates":[[[-0.2363843,51.4683318],[-0.2364449,51.468384],[-0.2365394,51.4684055],[-0.2365206,51.4684749],[-0.236483,51.4686165],[-0.2365218,51.4687601],[-0.2365933,51.4688419],[-0.2366609,51.468965],[-0.2366489,51.4691426],[-0.2366537,51.469277],[-0.2365592,51.4694229],[-0.2362739,51.4693792],[-0.2356785,51.4693399],[-0.2355907,51.4692203]]]}},
{"type":"Feature","properties":{"highway":"path","name":null,"category":"Shared path"},"geometry":{"type":"MultiLineString","coordinates":[[[-0.2397273,51.4693196],[-0.2394014,51.4692593],[-0.2388558,51.4691208],[-0.2387286,51.4690713],[-0.2385994,51.4691002],[-0.238553,51.4691057],[-0.2381569,51.4691438],[-0.2379758,51.4691683],[-0.2376126,51.4692174]]]}},
{"type":"Feature","properties":{"highway":"path","name":null,"category":"Shared path"},"geometry":{"type":"MultiLineString","coordinates":[[[-0.236487,51.4689448],[-0.2363664,51.4689822],[-0.236153,51.46907],[-0.23587,51.4691743]]]}},
{"type":"Feature","properties":{"highway":"path","name":null,"category":"Shared path"},"geometry":{"type":"MultiLineString","coordinates":[[[-0.2365394,51.4684055],[-0.2367316,51.4683803],[-0.2369496,51.4683373],[-0.2370424,51.4682586]]]}},
{"type":"Feature","properties":{"highway":"footway","name":null,"category":"Footpath (pedestrian only)"},"geometry":{"type":"MultiLineString","coordinates":[[[-0.2535516,51.4740979],[-0.253554,51.47416],[-0.2532953,51.4744958],[-0.2530789,51.4747663],[-0.2528077,51.4751576],[-0.2525142,51.4756051],[-0.2522292,51.4761747],[-0.2523054,51.4762341],[-0.2523858,51.4762875],[-0.2524448,51.4763443],[-0.2524797,51.4763928],[-0.2525038,51.476463],[-0.2525038,51.4765264],[-0.2525038,51.4765816],[-0.2524919,51.4766208],[-0.2524341,51.4767002],[-0.2523644,51.476762],[-0.2522544,51.4768171],[-0.2521391,51.4768639],[-0.2520479,51.4768806],[-0.2519024,51.4768966],[-0.2518624,51.4769267],[-0.2516718,51.4774033],[-0.2515577,51.4777473],[-0.251498,51.4779563],[-0.2514624,51.4781079]]]}},
{"type":"Feature","properties":{"highway":"footway","name":null,"category":"Footpath (pedestrian only)"},"geometry":{"type":"MultiLineString","coordinates":[[[-0.2521304,51.4762036],[-0.2521788,51.4760467],[-0.2522775,51.4758356],[-0.2524574,51.4755107],[-0.2526748,51.4751868],[-0.252855,51.4749196],[-0.2531538,51.474563],[-0.2533972,51.4742315],[-0.25345,51.4742108],[-0.2535516,51.4740979]]]}},
{"type":"Feature","properties":{"highway":"footway","name":null,"category":"Footpath (pedestrian only)"},"geometry":{"type":"MultiLineString","coordinates":[[[-0.2515407,51.4802115],[-0.2514483,51.4800482],[-0.2514285,51.4797709],[-0.2513987,51.4795505],[-0.2513855,51.4793637],[-0.2513513,51.4791433],[-0.2513303,51.4788316],[-0.2513237,51.4786057],[-0.2513436,51.4783023],[-0.2513811,51.4780544],[-0.2514737,51.4776823],[-0.2515566,51.4774316],[-0.2516691,51.4771282],[-0.251819,51.4768656]]]}},
{"type":"Feature","properties":{"highway":"footway","name":null,"category":"Footpath (pedestrian only)"},"geometry":{"type":"MultiLineString","coordinates":[[[-0.2368211,51.4714242],[-0.2366641,51.4714039],[-0.236566,51.4713742],[-0.2364907,51.4713329],[-0.2363436,51.4712311],[-0.2361957,51.4711275],[-0.236054,51.4710507],[-0.2359195,51.4709039],[-0.2358089,51.4707903],[-0.2354612,51.4705887],[-0.2353632,51.4705164],[-0.2351721,51.4704548],[-0.235009,51.4703888]]]}},
{"type":"Feature","properties":{"highway":"path","name":null,"category":"Shared path"},"geometry":{"type":"MultiLineString","coordinates":[[[-0.2358089,51.4707903],[-0.2357867,51.4706077],[-0.2357476,51.4703337],[-0.2356705,51.4702025],[-0.2355554,51.4701267],[-0.2352372,51.4700787],[-0.2350711,51.4701281],[-0.2349136,51.4702208],[-0.2348511,51.4702615]]]}},
{"type":"Feature","properties":{"highway":"footway","name":null,"category":"Footpath (pedestrian only)"},"geometry":{"type":"MultiLineString","coordinates":[[[-0.2413148,51.4707895],[-0.2414665,51.4710094],[-0.2416827,51.4713088]]]}},
{"type":"Feature","properties":{"highway":"path","name":null,"category":"Shared path"},"geometry":{"type":"MultiLineString","coordinates":[[[-0.2338017,51.4698915],[-0.2342511,51.4698075],[-0.234593,51.4697865],[-0.2348706,51.4698069],[-0.235095,51.4698995],[-0.2352372,51.4700787]]]}},
{"type":"Feature","properties":{"highway":"path","name":null,"category":"Shared path"},"geometry":{"type":"MultiLineString","coordinates":[[[-0.2317711,51.4706704],[-0.2319787,51.4707254],[-0.2321799,51.470769],[-0.2324137,51.4708031]]]}},
{"type":"Feature","properties":{"highway":"path","name":null,"category":"Shared path"},"geometry":{"type":"MultiLineString","coordinates":[[[-0.236566,51.4713742],[-0.2362661,51.4713167]]]}},
{"type":"Feature","properties":{"highway":"path","name":null,"category":"Shared path"},"geometry":{"type":"MultiLineString","coordinates":[[[-0.2329346,51.4708836],[-0.2327996,51.4708577],[-0.2324949,51.4708869]]]}},
{"type":"Feature","properties":{"highway":"path","name":null,"category":"Shared path"},"geometry":{"type":"MultiLineString","coordinates":[[[-0.2320413,51.4706691],[-0.2321489,51.4704495]]]}},
{"type":"Feature","properties":{"highway":"footway","name":null,"category":"Footpath (pedestrian only)"},"geometry":{"type":"MultiLineString","coordinates":[[[-0.241971,51.4655407],[-0.2419654,51.4655183],[-0.2419561,51.4654971]]]}},
{"type":"Feature","properties":{"highway":"footway","name":null,"category":"Footpath (pedestrian only)"},"geometry":{"type":"MultiLineString","coordinates":[[[-0.2419561,51.4654971],[-0.2419284,51.465466]]]}},
{"type":"Feature","properties":{"highway":"path","name":null,"category":"Shared path"},"geometry":{"type":"MultiLineString","coordinates":[[[-0.2385061,51.4685147],[-0.2383055,51.4685729],[-0.2384188,51.4686278]]]}},
{"type":"Feature","properties":{"highway":"path","name":null,"category":"Shared path"},"geometry":{"type":"MultiLineString","coordinates":[[[-0.2369414,51.4692905],[-0.2366537,51.469277]]]}},
{"type":"Feature","properties":{"highway":"path","name":null,"category":"Shared path"},"geometry":{"type":"MultiLineString","coordinates":[[[-0.2362739,51.4693792],[-0.2361855,51.4694914]]]}},
{"type":"Feature","properties":{"highway":"path","name":null,"category":"Shared path"},"geometry":{"type":"MultiLineString","coordinates":[[[-0.2345153,51.4705551],[-0.2351993,51.4705424]]]}},
{"type":"Feature","properties":{"highway":"path","name":null,"category":"Shared path"},"geometry":{"type":"MultiLineString","coordinates":[[[-0.2394328,51.4681518],[-0.2391094,51.4682669],[-0.2387984,51.4682935],[-0.2386571,51.4683712],[-0.2385061,51.4685147],[-0.2384188,51.4686278],[-0.2383005,51.4687831],[-0.2382282,51.4688976],[-0.238209,51.4689656],[-0.2381678,51.4690055],[-0.238066,51.4690783],[-0.2380468,51.469101],[-0.2379758,51.4691683],[-0.2379425,51.4692153],[-0.2379549,51.4692763],[-0.237855,51.4694128]]]}},
{"type":"Feature","properties":{"highway":"footway","name":null,"category":"Footpath (pedestrian only)"},"geometry":{"type":"MultiLineString","coordinates":[[[-0.2347759,51.4702008],[-0.2346543,51.4703569],[-0.2345153,51.4705551],[-0.2343943,51.4706385],[-0.2342739,51.4706788],[-0.2339951,51.4707021]]]}},
{"type":"Feature","properties":{"highway":"path","name":null,"category":"Shared path"},"geometry":{"type":"MultiLineString","coordinates":[[[-0.2387984,51.4682935],[-0.2388791,51.4681672],[-0.2388705,51.468]]]}},
{"type":"Feature","properties":{"highway":"path","name":null,"category":"Shared path"},"geometry":{"type":"MultiLineString","coordinates":[[[-0.2379425,51.4692153],[-0.2382685,51.4692501]]]}},
{"type":"Feature","properties":{"highway":"path","name":null,"category":"Shared path"},"geometry":{"type":"MultiLineString","coordinates":[[[-0.2321325,51.4716745],[-0.2321213,51.471411]]]}},
{"type":"Feature","properties":{"highway":"footway","name":"Dukes Meadows Footbridge","category":"Footpath (pedestrian only)"},"geometry":{"type":"MultiLineString","coordinates":[[[-0.255414,51.4728798],[-0.2549308,51.4729585],[-0.2549095,51.4729607],[-0.2548884,51.4729614],[-0.2544685,51.4729499],[-0.2544532,51.4729503],[-0.2544404,51.4729534],[-0.2541561,51.4731165],[-0.2541462,51.4731459],[-0.2541517,51.4731887],[-0.2541839,51.4732408],[-0.2542456,51.4733109]]]}},
{"type":"Feature","properties":{"highway":"footway","name":"Railway Side","category":"Footpath (pedestrian only)"},"geometry":{"type":"MultiLineString","coordinates":[[[-0.2512962,51.4687679],[-0.2512609,51.4687838]]]}},
{"type":"Feature","properties":{"highway":"footway","name":null,"category":"Footpath (pedestrian only)"},"geometry":{"type":"MultiLineString","coordinates":[[[-0.2543541,51.4674051],[-0.254292,51.467381],[-0.2541963,51.467257],[-0.2544152,51.4671901]]]}},
{"type":"Feature","properties":{"highway":"footway","name":null,"category":"Footpath (pedestrian only)"},"geometry":{"type":"MultiLineString","coordinates":[[[-0.2547114,51.4675207],[-0.2544916,51.4675793]]]}},
{"type":"Feature","properties":{"highway":"footway","name":null,"category":"Footpath (pedestrian only)"},"geometry":{"type":"MultiLineString","coordinates":[[[-0.2561525,51.4701897],[-0.2563622,51.4701503],[-0.2565526,51.4701167],[-0.2565781,51.470107],[-0.2567005,51.4700605],[-0.2569815,51.4700053]]]}},
{"type":"Feature","properties":{"highway":"footway","name":null,"category":"Footpath (pedestrian only)"},"geometry":{"type":"MultiLineString","coordinates":[[[-0.2561576,51.4702025],[-0.2560744,51.4702148],[-0.2559519,51.4702136],[-0.2558811,51.4701985],[-0.2558237,51.4701695],[-0.2557662,51.4701059],[-0.2556693,51.4698675]]]}},
{"type":"Feature","properties":{"highway":"footway","name":null,"category":"Footpath (pedestrian only)"},"geometry":{"type":"MultiLineString","coordinates":[[[-0.2573244,51.4698429],[-0.2569403,51.4699054]]]}},
{"type":"Feature","properties":{"highway":"footway","name":null,"category":"Footpath (pedestrian only)"},"geometry":{"type":"MultiLineString","coordinates":[[[-0.2538743,51.4688948],[-0.254011,51.4690418]]]}},
{"type":"Feature","properties":{"highway":"footway","name":"South route","category":"Footpath (pedestrian only)"},"geometry":{"type":"MultiLineString","coordinates":[[[-0.2349109,51.4769509],[-0.2351472,51.4769728],[-0.2351721,51.4769734],[-0.235222,51.4769787],[-0.2352492,51.4770112]]]}},
{"type":"Feature","properties":{"highway":"footway","name":null,"category":"Footpath (pedestrian only)"},"geometry":{"type":"MultiLineString","coordinates":[[[-0.2349109,51.4769509],[-0.2349101,51.4769671]]]}},
{"type":"Feature","properties":{"highway":"footway","name":null,"category":"Footpath (pedestrian only)"},"geometry":{"type":"MultiLineString","coordinates":[[[-0.2349101,51.4769774],[-0.2349085,51.4769957],[-0.2351653,51.4770181]]]}},
{"type":"Feature","properties":{"highway":"footway","name":null,"category":"Footpath (pedestrian only)"},"geometry":{"type":"MultiLineString","coordinates":[[[-0.2333616,51.4769573],[-0.2332873,51.4769327],[-0.233034,51.4768489]]]}},
{"type":"Feature","properties":{"highway":"footway","name":null,"category":"Footpath (pedestrian only)"},"geometry":{"type":"MultiLineString","coordinates":[[[-0.254305,51.4733567],[-0.2548049,51.4736065]]]}},
{"type":"Feature","properties":{"highway":"footway","name":null,"category":"Footpath (pedestrian only)"},"geometry":{"type":"MultiLineString","coordinates":[[[-0.2542456,51.4733109],[-0.2542774,51.4733398]]]}},
{"type":"Feature","properties":{"highway":"footway","name":null,"category":"Footpath (pedestrian only)"},"geometry":{"type":"MultiLineString","coordinates":[[[-0.2535516,51.4740979],[-0.2537209,51.4741552],[-0.2537981,51.4742062],[-0.2538816,51.4743132]]]}},
{"type":"Feature","properties":{"highway":"path","name":null,"category":"Shared path"},"geometry":{"type":"MultiLineString","coordinates":[[[-0.254305,51.4733567],[-0.2543537,51.4733213]]]}},
{"type":"Feature","properties":{"highway":"footway","name":null,"category":"Footpath (pedestrian only)"},"geometry":{"type":"MultiLineString","coordinates":[[[-0.2558415,51.4730632],[-0.2557441,51.4730292],[-0.2555118,51.4729073],[-0.2554619,51.4728848],[-0.2554479,51.4728799],[-0.2554339,51.4728785],[-0.255414,51.4728798]]]}},
{"type":"Feature","properties":{"highway":"footway","name":null,"category":"Footpath (pedestrian only)"},"geometry":{"type":"MultiLineString","coordinates":[[[-0.2542774,51.4733398],[-0.2542489,51.4733681]]]}},
{"type":"Feature","properties":{"highway":"footway","name":null,"category":"Footpath (pedestrian only)"},"geometry":{"type":"MultiLineString","coordinates":[[[-0.2360475,51.4712118],[-0.2362125,51.4713124],[-0.2365541,51.4715362],[-0.2365961,51.4715651],[-0.23672,51.4716662],[-0.2367927,51.4717774]]]}},
{"type":"Feature","properties":{"highway":"footway","name":null,"category":"Footpath (pedestrian only)"},"geometry":{"type":"MultiLineString","coordinates":[[[-0.2353911,51.4712683],[-0.2354017,51.4712674],[-0.2360475,51.4712118]]]}},
{"type":"Feature","properties":{"highway":"footway","name":null,"category":"Footpath (pedestrian only)"},"geometry":{"type":"MultiLineString","coordinates":[[[-0.2369611,51.4716123],[-0.2369568,51.4717448]]]}},
{"type":"Feature","properties":{"highway":"footway","name":null,"category":"Footpath (pedestrian only)"},"geometry":{"type":"MultiLineString","coordinates":[[[-0.2354017,51.4712674],[-0.2353862,51.471179]]]}},
{"type":"Feature","properties":{"highway":"footway","name":null,"category":"Footpath (pedestrian only)"},"geometry":{"type":"MultiLineString","coordinates":[[[-0.2353862,51.471179],[-0.23533,51.4709006],[-0.2352942,51.4707012],[-0.2352677,51.4705924]]]}},
{"type":"Feature","properties":{"highway":"footway","name":null,"category":"Footpath (pedestrian only)"},"geometry":{"type":"MultiLineString","coordinates":[[[-0.2353862,51.471179],[-0.2347768,51.4712341],[-0.2337717,51.4713251],[-0.233748,51.4713272],[-0.2337185,51.4713642]]]}},
{"type":"Feature","properties":{"highway":"footway","name":null,"category":"Footpath (pedestrian only)"},"geometry":{"type":"MultiLineString","coordinates":[[[-0.2453461,51.4681565],[-0.2450108,51.4682286],[-0.244447,51.4684128],[-0.2437261,51.4686048],[-0.2434888,51.4686854],[-0.2432055,51.4687941],[-0.2432586,51.4691282],[-0.2432254,51.469231],[-0.2432978,51.4693226],[-0.2433161,51.4693752]]]}},
{"type":"Feature","properties":{"highway":"footway","name":null,"category":"Footpath (pedestrian only)"},"geometry":{"type":"MultiLineString","coordinates":[[[-0.249064,51.4697481],[-0.2491318,51.4697438]]]}},
{"type":"Feature","properties":{"highway":"footway","name":"Beverley Path","category":"Footpath (pedestrian only)"},"geometry":{"type":"MultiLineString","coordinates":[[[-0.2482518,51.4702355],[-0.2488943,51.4702668],[-0.2488907,51.4703528]]]}},
{"type":"Feature","properties":{"highway":"footway","name":"Beverley Path","category":"Footpath (pedestrian only)"},"geometry":{"type":"MultiLineString","coordinates":[[[-0.2474302,51.4702485],[-0.2474911,51.470248],[-0.2479263,51.4702371],[-0.2482518,51.4702355]]]}},
{"type":"Feature","properties":{"highway":"footway","name":null,"category":"Footpath (pedestrian only)"},"geometry":{"type":"MultiLineString","coordinates":[[[-0.2465775,51.4715586],[-0.2464775,51.4714704],[-0.2462543,51.4712745]]]}},
{"type":"Feature","properties":{"highway":"path","name":null,"category":"Shared path"},"geometry":{"type":"MultiLineString","coordinates":[[[-0.2448176,51.471367],[-0.2449548,51.4714248],[-0.2451419,51.4715527],[-0.2455847,51.4718375],[-0.2459481,51.472064]]]}},
{"type":"Feature","properties":{"highway":"footway","name":null,"category":"Footpath (pedestrian only)"},"geometry":{"type":"MultiLineString","coordinates":[[[-0.2459481,51.472064],[-0.2456941,51.4722577],[-0.2454907,51.4724566]]]}},
{"type":"Feature","properties":{"highway":"footway","name":"Small Profits Dock","category":"Footpath (pedestrian only)"},"geometry":{"type":"MultiLineString","coordinates":[[[-0.2528759,51.4725729],[-0.2524818,51.4728319],[-0.2519007,51.4732334],[-0.2515973,51.4734711],[-0.2515045,51.4735354]]]}},
{"type":"Feature","properties":{"highway":"footway","name":null,"category":"Footpath (pedestrian only)"},"geometry":{"type":"MultiLineString","coordinates":[[[-0.2514897,51.4735262],[-0.251456,51.4734941]]]}},
{"type":"Feature","properties":{"highway":"path","name":null,"category":"Shared path"},"geometry":{"type":"MultiLineString","coordinates":[[[-0.238748,51.4714601],[-0.2381937,51.4716712]]]}},
{"type":"Feature","properties":{"highway":"path","name":null,"category":"Shared path"},"geometry":{"type":"MultiLineString","coordinates":[[[-0.2381666,51.4713147],[-0.2387666,51.4713163],[-0.2393781,51.471338]]]}},
{"type":"Feature","properties":{"highway":"path","name":null,"category":"Shared path"},"geometry":{"type":"MultiLineString","coordinates":[[[-0.241241,51.471233],[-0.2405195,51.4713413],[-0.2402981,51.4714065],[-0.2400438,51.4714798],[-0.2397429,51.4715061],[-0.2394276,51.4715122],[-0.2391851,51.4715504],[-0.2390548,51.4715869],[-0.2387279,51.471616]]]}},
{"type":"Feature","properties":{"highway":"footway","name":null,"category":"Footpath (pedestrian only)"},"geometry":{"type":"MultiLineString","coordinates":[[[-0.2510021,51.4653772],[-0.2510104,51.4653807],[-0.2510795,51.4653086]]]}},
{"type":"Feature","properties":{"highway":"footway","name":null,"category":"Footpath (pedestrian only)"},"geometry":{"type":"MultiLineString","coordinates":[[[-0.2508924,51.4653247],[-0.2508847,51.4653211],[-0.2509224,51.4652806]]]}},
{"type":"Feature","properties":{"highway":"footway","name":null,"category":"Footpath (pedestrian only)"},"geometry":{"type":"MultiLineString","coordinates":[[[-0.2510795,51.4653086],[-0.2510973,51.4652907]]]}},
{"type":"Feature","properties":{"highway":"footway","name":null,"category":"Footpath (pedestrian only)"},"geometry":{"type":"MultiLineString","coordinates":[[[-0.2509224,51.4652806],[-0.2509245,51.4652708]]]}},
{"type":"Feature","properties":{"highway":"footway","name":null,"category":"Footpath (pedestrian only)"},"geometry":{"type":"MultiLineString","coordinates":[[[-0.2543292,51.4712894],[-0.2540837,51.4714055],[-0.2539086,51.4714882],[-0.2539387,51.4715099]]]}},
{"type":"Feature","properties":{"highway":"footway","name":null,"category":"Footpath (pedestrian only)"},"geometry":{"type":"MultiLineString","coordinates":[[[-0.2531756,51.4714176],[-0.2529098,51.4715508]]]}},
{"type":"Feature","properties":{"highway":"footway","name":null,"category":"Footpath (pedestrian only)"},"geometry":{"type":"MultiLineString","coordinates":[[[-0.2533953,51.4715896],[-0.2531108,51.4717213]]]}},
{"type":"Feature","properties":{"highway":"footway","name":null,"category":"Footpath (pedestrian only)"},"geometry":{"type":"MultiLineString","coordinates":[[[-0.2540837,51.4714055],[-0.2541026,51.4714245]]]}},
{"type":"Feature","properties":{"highway":"footway","name":null,"category":"Footpath (pedestrian only)"},"geometry":{"type":"MultiLineString","coordinates":[[[-0.2486647,51.4651217],[-0.2485981,51.4651331]]]}},
{"type":"Feature","properties":{"highway":"footway","name":null,"category":"Footpath (pedestrian only)"},"geometry":{"type":"MultiLineString","coordinates":[[[-0.2518007,51.4732399],[-0.2517415,51.4732119]]]}},
{"type":"Feature","properties":{"highway":"footway","name":"Lonsdale Road","category":"Footpath (pedestrian only)"},"geometry":{"type":"MultiLineString","coordinates":[[[-0.2513789,51.4736559],[-0.2514268,51.4735893]]]}},
{"type":"Feature","properties":{"highway":"footway","name":null,"category":"Footpath (pedestrian only)"},"geometry":{"type":"MultiLineString","coordinates":[[[-0.2523711,51.4728181],[-0.2523112,51.4727812]]]}},
{"type":"Feature","properties":{"highway":"footway","name":null,"category":"Footpath (pedestrian only)"},"geometry":{"type":"MultiLineString","coordinates":[[[-0.2529219,51.4724264],[-0.2528787,51.4723945]]]}},
{"type":"Feature","properties":{"highway":"footway","name":null,"category":"Footpath (pedestrian only)"},"geometry":{"type":"MultiLineString","coordinates":[[[-0.2532622,51.4722368],[-0.2532547,51.4722319]]]}},
{"type":"Feature","properties":{"highway":"footway","name":null,"category":"Footpath (pedestrian only)"},"geometry":{"type":"MultiLineString","coordinates":[[[-0.2349451,51.4764602],[-0.2346201,51.4764634],[-0.2344444,51.4764651],[-0.2342857,51.4764666],[-0.2340116,51.4764693],[-0.2338528,51.4764709],[-0.2336788,51.4764726],[-0.2334123,51.4764752],[-0.2332474,51.4764768],[-0.233175,51.4762197],[-0.2331703,51.4761851]]]}},
{"type":"Feature","properties":{"highway":"path","name":null,"category":"Shared path"},"geometry":{"type":"MultiLineString","coordinates":[[[-0.2333999,51.4764182],[-0.2334123,51.4764752]]]}},
{"type":"Feature","properties":{"highway":"path","name":null,"category":"Shared path"},"geometry":{"type":"MultiLineString","coordinates":[[[-0.2336692,51.4764203],[-0.2336788,51.4764726]]]}},
{"type":"Feature","properties":{"highway":"path","name":null,"category":"Shared path"},"geometry":{"type":"MultiLineString","coordinates":[[[-0.2340001,51.4764224],[-0.2340116,51.4764693]]]}},
{"type":"Feature","properties":{"highway":"path","name":null,"category":"Shared path"},"geometry":{"type":"MultiLineString","coordinates":[[[-0.2342708,51.4764088],[-0.2342857,51.4764666]]]}},
{"type":"Feature","properties":{"highway":"path","name":null,"category":"Shared path"},"geometry":{"type":"MultiLineString","coordinates":[[[-0.2346017,51.4764036],[-0.2346201,51.4764634]]]}},
{"type":"Feature","properties":{"highway":"path","name":null,"category":"Shared path"},"geometry":{"type":"MultiLineString","coordinates":[[[-0.2344444,51.4764651],[-0.2343705,51.476211],[-0.2343673,51.4761738]]]}},
{"type":"Feature","properties":{"highway":"path","name":null,"category":"Shared path"},"geometry":{"type":"MultiLineString","coordinates":[[[-0.2338528,51.4764709],[-0.2337758,51.4762158],[-0.2337727,51.4761794]]]}},
{"type":"Feature","properties":{"highway":"footway","name":null,"category":"Footpath (pedestrian only)"},"geometry":{"type":"MultiLineString","coordinates":[[[-0.2500625,51.4650665],[-0.2498498,51.46505]]]}},
{"type":"Feature","properties":{"highway":"footway","name":null,"category":"Footpath (pedestrian only)"},"geometry":{"type":"MultiLineString","coordinates":[[[-0.2498498,51.46505],[-0.249842,51.4651143],[-0.2498289,51.4651763]]]}},
{"type":"Feature","properties":{"highway":"footway","name":null,"category":"Footpath (pedestrian only)"},"geometry":{"type":"MultiLineString","coordinates":[[[-0.2483927,51.4699095],[-0.2485229,51.4699799]]]}},
{"type":"Feature","properties":{"highway":"footway","name":null,"category":"Footpath (pedestrian only)"},"geometry":{"type":"MultiLineString","coordinates":[[[-0.2484086,51.470597],[-0.2480716,51.4703843]]]}},
{"type":"Feature","properties":{"highway":"footway","name":null,"category":"Footpath (pedestrian only)"},"geometry":{"type":"MultiLineString","coordinates":[[[-0.2482382,51.4707282],[-0.2481006,51.4707079],[-0.2476786,51.4708721]]]}},
{"type":"Feature","properties":{"highway":"footway","name":null,"category":"Footpath (pedestrian only)"},"geometry":{"type":"MultiLineString","coordinates":[[[-0.2481006,51.4707079],[-0.2480549,51.4706757],[-0.2479654,51.470572],[-0.247904,51.470501]]]}},
{"type":"Feature","properties":{"highway":"footway","name":null,"category":"Footpath (pedestrian only)"},"geometry":{"type":"MultiLineString","coordinates":[[[-0.2479654,51.470572],[-0.2477608,51.4706434]]]}},
{"type":"Feature","properties":{"highway":"footway","name":null,"category":"Footpath (pedestrian only)"},"geometry":{"type":"MultiLineString","coordinates":[[[-0.2485974,51.4705649],[-0.2492606,51.4710733]]]}},
{"type":"Feature","properties":{"highway":"footway","name":null,"category":"Footpath (pedestrian only)"},"geometry":{"type":"MultiLineString","coordinates":[[[-0.2485346,51.4705256],[-0.2485974,51.4705649]]]}},
{"type":"Feature","properties":{"highway":"footway","name":null,"category":"Footpath (pedestrian only)"},"geometry":{"type":"MultiLineString","coordinates":[[[-0.2492868,51.4701035],[-0.249229,51.4700703],[-0.2489749,51.4700603],[-0.248959,51.4700594],[-0.2488192,51.4700549],[-0.2486359,51.4700488]]]}},
{"type":"Feature","properties":{"highway":"footway","name":null,"category":"Footpath (pedestrian only)"},"geometry":{"type":"MultiLineString","coordinates":[[[-0.2489541,51.4702242],[-0.2489656,51.470141]]]}},
{"type":"Feature","properties":{"highway":"footway","name":null,"category":"Footpath (pedestrian only)"},"geometry":{"type":"MultiLineString","coordinates":[[[-0.2489472,51.4702691],[-0.2489541,51.4702242]]]}},
{"type":"Feature","properties":{"highway":"footway","name":null,"category":"Footpath (pedestrian only)"},"geometry":{"type":"MultiLineString","coordinates":[[[-0.248664,51.47],[-0.2486703,51.4700058],[-0.2487065,51.470007]]]}},
{"type":"Feature","properties":{"highway":"footway","name":null,"category":"Footpath (pedestrian only)"},"geometry":{"type":"MultiLineString","coordinates":[[[-0.248821,51.4700154],[-0.2488192,51.4700549]]]}},
{"type":"Feature","properties":{"highway":"footway","name":null,"category":"Footpath (pedestrian only)"},"geometry":{"type":"MultiLineString","coordinates":[[[-0.2489589,51.469992],[-0.2489526,51.4699957],[-0.2489487,51.4700006],[-0.2489477,51.4700059],[-0.2489497,51.4700111],[-0.2489543,51.4700157],[-0.2489612,51.4700189],[-0.2489694,51.4700205],[-0.2489774,51.4700204],[-0.2489848,51.4700188],[-0.2489911,51.4700157],[-0.2489955,51.4700117],[-0.2489977,51.4700069],[-0.2489974,51.470002],[-0.2489946,51.4699974],[-0.2489897,51.4699935],[-0.2489831,51.4699908],[-0.2489754,51.4699895],[-0.2489668,51.4699899],[-0.2489589,51.469992]]]}},
{"type":"Feature","properties":{"highway":"footway","name":null,"category":"Footpath (pedestrian only)"},"geometry":{"type":"MultiLineString","coordinates":[[[-0.248959,51.4700594],[-0.2489694,51.4700205]]]}},
{"type":"Feature","properties":{"highway":"footway","name":null,"category":"Footpath (pedestrian only)"},"geometry":{"type":"MultiLineString","coordinates":[[[-0.2489754,51.4699895],[-0.2489825,51.4699487]]]}},
{"type":"Feature","properties":{"highway":"footway","name":null,"category":"Footpath (pedestrian only)"},"geometry":{"type":"MultiLineString","coordinates":[[[-0.2489656,51.470141],[-0.2489749,51.4700603]]]}},
{"type":"Feature","properties":{"highway":"footway","name":null,"category":"Footpath (pedestrian only)"},"geometry":{"type":"MultiLineString","coordinates":[[[-0.248654,51.4699926],[-0.248664,51.47]]]}},
{"type":"Feature","properties":{"highway":"footway","name":null,"category":"Footpath (pedestrian only)"},"geometry":{"type":"MultiLineString","coordinates":[[[-0.2363046,51.4667851],[-0.2364216,51.4667266],[-0.2378585,51.4664204]]]}},
{"type":"Feature","properties":{"highway":"footway","name":null,"category":"Footpath (pedestrian only)"},"geometry":{"type":"MultiLineString","coordinates":[[[-0.2502802,51.4668321],[-0.2501238,51.4667903],[-0.2500356,51.4667561],[-0.2496134,51.4665496]]]}},
{"type":"Feature","properties":{"highway":"footway","name":null,"category":"Footpath (pedestrian only)"},"geometry":{"type":"MultiLineString","coordinates":[[[-0.2508397,51.4670211],[-0.2508243,51.4670941],[-0.2505577,51.4674779],[-0.2505608,51.4675461]]]}},
{"type":"Feature","properties":{"highway":"footway","name":null,"category":"Footpath (pedestrian only)"},"geometry":{"type":"MultiLineString","coordinates":[[[-0.2505608,51.4675461],[-0.2505149,51.4675149],[-0.2504948,51.4674961],[-0.2505709,51.4673594]]]}},
{"type":"Feature","properties":{"highway":"footway","name":null,"category":"Footpath (pedestrian only)"},"geometry":{"type":"MultiLineString","coordinates":[[[-0.2500194,51.4687445],[-0.2500052,51.468645],[-0.2501408,51.4685864],[-0.249977,51.4684189],[-0.2499921,51.4683576],[-0.2499954,51.4683444]]]}},
{"type":"Feature","properties":{"highway":"footway","name":null,"category":"Footpath (pedestrian only)"},"geometry":{"type":"MultiLineString","coordinates":[[[-0.2499377,51.468351],[-0.2498667,51.4683393]]]}},
{"type":"Feature","properties":{"highway":"footway","name":null,"category":"Footpath (pedestrian only)"},"geometry":{"type":"MultiLineString","coordinates":[[[-0.2499377,51.468351],[-0.2499921,51.4683576]]]}},
{"type":"Feature","properties":{"highway":"footway","name":null,"category":"Footpath (pedestrian only)"},"geometry":{"type":"MultiLineString","coordinates":[[[-0.2471252,51.4680387],[-0.247517,51.4682013],[-0.2476827,51.468041],[-0.2476894,51.4680145]]]}},
{"type":"Feature","properties":{"highway":"footway","name":null,"category":"Footpath (pedestrian only)"},"geometry":{"type":"MultiLineString","coordinates":[[[-0.247517,51.4682013],[-0.2476273,51.4682531],[-0.247277,51.4685615]]]}},
{"type":"Feature","properties":{"highway":"footway","name":null,"category":"Footpath (pedestrian only)"},"geometry":{"type":"MultiLineString","coordinates":[[[-0.246477,51.4680504],[-0.2466879,51.4678684],[-0.2467025,51.4678746]]]}},
{"type":"Feature","properties":{"highway":"footway","name":null,"category":"Footpath (pedestrian only)"},"geometry":{"type":"MultiLineString","coordinates":[[[-0.247201,51.468011],[-0.2472274,51.4679567]]]}},
{"type":"Feature","properties":{"highway":"footway","name":null,"category":"Footpath (pedestrian only)"},"geometry":{"type":"MultiLineString","coordinates":[[[-0.2472124,51.4643553],[-0.2475691,51.4643551]]]}},
{"type":"Feature","properties":{"highway":"footway","name":null,"category":"Footpath (pedestrian only)"},"geometry":{"type":"MultiLineString","coordinates":[[[-0.2485461,51.4639543],[-0.2483618,51.4639526]]]}},
{"type":"Feature","properties":{"highway":"footway","name":null,"category":"Footpath (pedestrian only)"},"geometry":{"type":"MultiLineString","coordinates":[[[-0.2474107,51.4637608],[-0.2474128,51.4638737],[-0.2474507,51.4638999],[-0.2474478,51.4640083],[-0.2475256,51.4641234],[-0.2475241,51.4642322],[-0.2475626,51.4642782],[-0.2475691,51.4643551],[-0.2476012,51.4643925],[-0.2476005,51.4645219],[-0.2477668,51.4645246],[-0.2482284,51.4645322],[-0.2482843,51.464533],[-0.2483449,51.4644636],[-0.2483512,51.4643369]]]}},
{"type":"Feature","properties":{"highway":"footway","name":null,"category":"Footpath (pedestrian only)"},"geometry":{"type":"MultiLineString","coordinates":[[[-0.2482244,51.4649881],[-0.2482187,51.464805],[-0.2485001,51.4648094]]]}},
{"type":"Feature","properties":{"highway":"footway","name":null,"category":"Footpath (pedestrian only)"},"geometry":{"type":"MultiLineString","coordinates":[[[-0.2482187,51.464805],[-0.2477955,51.4647969],[-0.2477971,51.4647329],[-0.2477497,51.4647321],[-0.2477507,51.4646979],[-0.2477043,51.4646561]]]}},
{"type":"Feature","properties":{"highway":"footway","name":null,"category":"Footpath (pedestrian only)"},"geometry":{"type":"MultiLineString","coordinates":[[[-0.2482207,51.4647415],[-0.2482284,51.4645322]]]}},
{"type":"Feature","properties":{"highway":"footway","name":null,"category":"Footpath (pedestrian only)"},"geometry":{"type":"MultiLineString","coordinates":[[[-0.2483537,51.4642856],[-0.2483531,51.4642638],[-0.2484793,51.4642671]]]}},
{"type":"Feature","properties":{"highway":"footway","name":null,"category":"Footpath (pedestrian only)"},"geometry":{"type":"MultiLineString","coordinates":[[[-0.2483512,51.4643369],[-0.2483537,51.4642856]]]}},
{"type":"Feature","properties":{"highway":"footway","name":null,"category":"Footpath (pedestrian only)"},"geometry":{"type":"MultiLineString","coordinates":[[[-0.2482201,51.4647908],[-0.2482207,51.4647415]]]}},
{"type":"Feature","properties":{"highway":"footway","name":null,"category":"Footpath (pedestrian only)"},"geometry":{"type":"MultiLineString","coordinates":[[[-0.2482187,51.464805],[-0.2482201,51.4647908]]]}},
{"type":"Feature","properties":{"highway":"footway","name":null,"category":"Footpath (pedestrian only)"},"geometry":{"type":"MultiLineString","coordinates":[[[-0.247721,51.4646081],[-0.2477628,51.4645925],[-0.2477668,51.4645246]]]}},
{"type":"Feature","properties":{"highway":"path","name":null,"category":"Shared path"},"geometry":{"type":"MultiLineString","coordinates":[[[-0.2532541,51.4757676],[-0.2532085,51.4757167],[-0.2532005,51.4756449],[-0.2531897,51.4755781],[-0.2532365,51.4754913],[-0.2538752,51.4748273],[-0.2544587,51.4742832],[-0.2549174,51.4738546],[-0.2549662,51.473809],[-0.2550514,51.4737918]]]}},
{"type":"Feature","properties":{"highway":"footway","name":null,"category":"Footpath (pedestrian only)"},"geometry":{"type":"MultiLineString","coordinates":[[[-0.2358296,51.4786397],[-0.2355334,51.4789137],[-0.235289,51.4791032],[-0.2351288,51.4792406],[-0.2350631,51.4792795],[-0.2350333,51.4793033],[-0.2349599,51.4793514],[-0.2348797,51.4794236],[-0.2348671,51.4795367]]]}},
{"type":"Feature","properties":{"highway":"footway","name":null,"category":"Footpath (pedestrian only)"},"geometry":{"type":"MultiLineString","coordinates":[[[-0.2353717,51.4760257],[-0.2354388,51.4760355],[-0.2353727,51.4763442],[-0.2354024,51.4764446]]]}},
{"type":"Feature","properties":{"highway":"footway","name":null,"category":"Footpath (pedestrian only)"},"geometry":{"type":"MultiLineString","coordinates":[[[-0.2339272,51.4758635],[-0.2344244,51.4758697],[-0.2350006,51.4758483],[-0.2354516,51.4758027],[-0.2357486,51.4757363],[-0.2364608,51.4756704]]]}},
{"type":"Feature","properties":{"highway":"footway","name":null,"category":"Footpath (pedestrian only)"},"geometry":{"type":"MultiLineString","coordinates":[[[-0.2348029,51.4790276],[-0.2346961,51.4789893],[-0.234558,51.4789156],[-0.2345385,51.478875],[-0.2345833,51.4788396],[-0.2346674,51.4788274],[-0.2348228,51.4787598],[-0.234835,51.478679],[-0.2349136,51.4785523],[-0.234979,51.4785143],[-0.2351504,51.4784824],[-0.2353104,51.4784332],[-0.2354149,51.4783854],[-0.2355632,51.4783334],[-0.2356415,51.4783389],[-0.2357435,51.4783925],[-0.2358222,51.478415],[-0.2359831,51.4784297]]]}},
{"type":"Feature","properties":{"highway":"footway","name":null,"category":"Footpath (pedestrian only)"},"geometry":{"type":"MultiLineString","coordinates":[[[-0.235682,51.4772599],[-0.2358318,51.4773994],[-0.235838,51.4774118]]]}},
{"type":"Feature","properties":{"highway":"footway","name":null,"category":"Footpath (pedestrian only)"},"geometry":{"type":"MultiLineString","coordinates":[[[-0.235838,51.4774118],[-0.2358689,51.477474]]]}},
{"type":"Feature","properties":{"highway":"footway","name":null,"category":"Footpath (pedestrian only)"},"geometry":{"type":"MultiLineString","coordinates":[[[-0.2343871,51.4768865],[-0.2343982,51.4768428],[-0.2344226,51.4768117],[-0.2346514,51.4767617],[-0.2346928,51.476723],[-0.2346964,51.4766586],[-0.234666,51.4765995],[-0.2345796,51.4765646],[-0.2344798,51.4765646],[-0.2343921,51.4765813],[-0.2343495,51.4766078],[-0.2343362,51.4766722],[-0.2342972,51.4767245],[-0.2342254,51.4767784],[-0.2341318,51.4768207]]]}},
{"type":"Feature","properties":{"highway":"footway","name":null,"category":"Footpath (pedestrian only)"},"geometry":{"type":"MultiLineString","coordinates":[[[-0.2358442,51.476831],[-0.2358553,51.4768193],[-0.2356192,51.4767744]]]}},
{"type":"Feature","properties":{"highway":"path","name":null,"category":"Shared path"},"geometry":{"type":"MultiLineString","coordinates":[[[-0.2335073,51.4756439],[-0.2335711,51.4755638],[-0.2335806,51.4754702],[-0.233701,51.4753885],[-0.2338345,51.4753358],[-0.2338083,51.475175],[-0.233757,51.4750428],[-0.2336092,51.4749018],[-0.233372,51.4747525],[-0.2331515,51.4746568],[-0.2329667,51.4745959]]]}},
{"type":"Feature","properties":{"highway":"footway","name":null,"category":"Footpath (pedestrian only)"},"geometry":{"type":"MultiLineString","coordinates":[[[-0.2405688,51.4666724],[-0.2405622,51.4666714]]]}},
{"type":"Feature","properties":{"highway":"footway","name":null,"category":"Footpath (pedestrian only)"},"geometry":{"type":"MultiLineString","coordinates":[[[-0.2406145,51.4665616],[-0.2406263,51.466564],[-0.2405688,51.4666724],[-0.2405336,51.4667729],[-0.2405274,51.4667719]]]}},
{"type":"Feature","properties":{"highway":"footway","name":null,"category":"Footpath (pedestrian only)"},"geometry":{"type":"MultiLineString","coordinates":[[[-0.2406932,51.4665768],[-0.2406701,51.4665724]]]}},
{"type":"Feature","properties":{"highway":"footway","name":null,"category":"Footpath (pedestrian only)"},"geometry":{"type":"MultiLineString","coordinates":[[[-0.2406005,51.4667856],[-0.2405774,51.4667812]]]}},
{"type":"Feature","properties":{"highway":"footway","name":null,"category":"Footpath (pedestrian only)"},"geometry":{"type":"MultiLineString","coordinates":[[[-0.2406357,51.4666852],[-0.2406126,51.4666808]]]}},
{"type":"Feature","properties":{"highway":"footway","name":null,"category":"Footpath (pedestrian only)"},"geometry":{"type":"MultiLineString","coordinates":[[[-0.233675,51.4768361],[-0.2335635,51.4768063],[-0.2334726,51.4767966],[-0.2334084,51.4768171],[-0.2333552,51.4768639],[-0.2332873,51.4769327]]]}},
{"type":"Feature","properties":{"highway":"footway","name":null,"category":"Footpath (pedestrian only)"},"geometry":{"type":"MultiLineString","coordinates":[[[-0.2330623,51.476836],[-0.2330618,51.4768174],[-0.2330573,51.4766247]]]}},
{"type":"Feature","properties":{"highway":"footway","name":null,"category":"Footpath (pedestrian only)"},"geometry":{"type":"MultiLineString","coordinates":[[[-0.2332149,51.4767763],[-0.2332062,51.476692]]]}},
{"type":"Feature","properties":{"highway":"footway","name":null,"category":"Footpath (pedestrian only)"},"geometry":{"type":"MultiLineString","coordinates":[[[-0.2328948,51.4766981],[-0.2330618,51.4768174]]]}},
{"type":"Feature","properties":{"highway":"footway","name":null,"category":"Footpath (pedestrian only)"},"geometry":{"type":"MultiLineString","coordinates":[[[-0.232708,51.4766522],[-0.2326575,51.4766314],[-0.2326035,51.4766259],[-0.232517,51.4766337],[-0.2324636,51.4766293],[-0.2324236,51.4766222],[-0.2323193,51.4766532],[-0.2322588,51.4766455],[-0.2322129,51.476635],[-0.2321616,51.4766041],[-0.2321087,51.4765805],[-0.2320606,51.4765691],[-0.231985,51.4765782],[-0.2317997,51.4766068],[-0.2316982,51.4766212],[-0.2316242,51.4766482],[-0.2315464,51.4766781],[-0.2315237,51.4766831],[-0.2315097,51.4766959],[-0.2314519,51.4767077],[-0.2314171,51.4767475]]]}},
{"type":"Feature","properties":{"highway":"footway","name":null,"category":"Footpath (pedestrian only)"},"geometry":{"type":"MultiLineString","coordinates":[[[-0.2360288,51.4778623],[-0.2362501,51.4778429],[-0.2364432,51.4777501],[-0.2365714,51.477634],[-0.2365728,51.4776282]]]}},
{"type":"Feature","properties":{"highway":"footway","name":null,"category":"Footpath (pedestrian only)"},"geometry":{"type":"MultiLineString","coordinates":[[[-0.2365728,51.4776282],[-0.2365801,51.4775976]]]}},
{"type":"Feature","properties":{"highway":"footway","name":null,"category":"Footpath (pedestrian only)"},"geometry":{"type":"MultiLineString","coordinates":[[[-0.2362501,51.4778429],[-0.236319,51.4779447],[-0.2363246,51.4779837],[-0.2362905,51.4780221],[-0.2362864,51.4780999]]]}},
{"type":"Feature","properties":{"highway":"footway","name":null,"category":"Footpath (pedestrian only)"},"geometry":{"type":"MultiLineString","coordinates":[[[-0.2352892,51.4785876],[-0.2353252,51.4786396],[-0.2352703,51.4786674]]]}},
{"type":"Feature","properties":{"highway":"footway","name":"Beverley Path","category":"Footpath (pedestrian only)"},"geometry":{"type":"MultiLineString","coordinates":[[[-0.2505844,51.4703603],[-0.2504832,51.4703952]]]}},
{"type":"Feature","properties":{"highway":"footway","name":"Beverley Path","category":"Footpath (pedestrian only)"},"geometry":{"type":"MultiLineString","coordinates":[[[-0.2503651,51.4704336],[-0.2502674,51.4704651]]]}},
{"type":"Feature","properties":{"highway":"footway","name":null,"category":"Footpath (pedestrian only)"},"geometry":{"type":"MultiLineString","coordinates":[[[-0.2347195,51.4709163],[-0.2346598,51.4709312],[-0.2346548,51.470977],[-0.2347343,51.4710059]]]}},
{"type":"Feature","properties":{"highway":"footway","name":null,"category":"Footpath (pedestrian only)"},"geometry":{"type":"MultiLineString","coordinates":[[[-0.2338735,51.4712058],[-0.2338428,51.4712281],[-0.2337513,51.47125],[-0.2336314,51.4712419]]]}},
{"type":"Feature","properties":{"highway":"footway","name":null,"category":"Footpath (pedestrian only)"},"geometry":{"type":"MultiLineString","coordinates":[[[-0.2340279,51.4709929],[-0.2340128,51.4709168],[-0.2339881,51.4708082]]]}},
{"type":"Feature","properties":{"highway":"footway","name":null,"category":"Footpath (pedestrian only)"},"geometry":{"type":"MultiLineString","coordinates":[[[-0.2337219,51.4713788],[-0.2337387,51.4714518]]]}},
{"type":"Feature","properties":{"highway":"footway","name":null,"category":"Footpath (pedestrian only)"},"geometry":{"type":"MultiLineString","coordinates":[[[-0.2333248,51.4708889],[-0.2331411,51.4706773]]]}},
{"type":"Feature","properties":{"highway":"footway","name":null,"category":"Footpath (pedestrian only)"},"geometry":{"type":"MultiLineString","coordinates":[[[-0.2336549,51.4709487],[-0.2335288,51.4709495],[-0.2333251,51.4709238]]]}},
{"type":"Feature","properties":{"highway":"footway","name":null,"category":"Footpath (pedestrian only)"},"geometry":{"type":"MultiLineString","coordinates":[[[-0.234751,51.4711041],[-0.2346379,51.4711175]]]}},
{"type":"Feature","properties":{"highway":"footway","name":null,"category":"Footpath (pedestrian only)"},"geometry":{"type":"MultiLineString","coordinates":[[[-0.2345006,51.4707642],[-0.2345203,51.4708761]]]}},
{"type":"Feature","properties":{"highway":"footway","name":null,"category":"Footpath (pedestrian only)"},"geometry":{"type":"MultiLineString","coordinates":[[[-0.2336934,51.4710641],[-0.2335633,51.4710786],[-0.2333263,51.4710876]]]}},
{"type":"Feature","properties":{"highway":"footway","name":null,"category":"Footpath (pedestrian only)"},"geometry":{"type":"MultiLineString","coordinates":[[[-0.2336309,51.4708766],[-0.2334831,51.4708322],[-0.2333347,51.4708022]]]}},
{"type":"Feature","properties":{"highway":"footway","name":null,"category":"Footpath (pedestrian only)"},"geometry":{"type":"MultiLineString","coordinates":[[[-0.233969,51.4710366],[-0.2336934,51.4710641],[-0.2337513,51.47125],[-0.2337717,51.4713251]]]}},
{"type":"Feature","properties":{"highway":"footway","name":null,"category":"Footpath (pedestrian only)"},"geometry":{"type":"MultiLineString","coordinates":[[[-0.2340128,51.4709168],[-0.2338864,51.4709063]]]}},
{"type":"Feature","properties":{"highway":"footway","name":null,"category":"Footpath (pedestrian only)"},"geometry":{"type":"MultiLineString","coordinates":[[[-0.234697,51.4707474],[-0.2345006,51.4707642],[-0.2339881,51.4708082],[-0.2336187,51.4708399]]]}},
{"type":"Feature","properties":{"highway":"footway","name":null,"category":"Footpath (pedestrian only)"},"geometry":{"type":"MultiLineString","coordinates":[[[-0.2347768,51.4712341],[-0.234751,51.4711041],[-0.2347343,51.4710059],[-0.2348482,51.4709538],[-0.2350825,51.4709423],[-0.23533,51.4709006]]]}},
{"type":"Feature","properties":{"highway":"footway","name":null,"category":"Footpath (pedestrian only)"},"geometry":{"type":"MultiLineString","coordinates":[[[-0.2336934,51.4710641],[-0.2336549,51.4709487],[-0.2336309,51.4708766],[-0.2336187,51.4708399]]]}},
{"type":"Feature","properties":{"highway":"footway","name":null,"category":"Footpath (pedestrian only)"},"geometry":{"type":"MultiLineString","coordinates":[[[-0.2348482,51.4709538],[-0.2347862,51.4709187],[-0.2347195,51.4709163],[-0.234711,51.4708643],[-0.2347042,51.4707918],[-0.234697,51.4707474],[-0.2352942,51.4707012]]]}},
{"type":"Feature","properties":{"highway":"footway","name":null,"category":"Footpath (pedestrian only)"},"geometry":{"type":"MultiLineString","coordinates":[[[-0.2346548,51.470977],[-0.2340956,51.4710241],[-0.2340689,51.4709976],[-0.2340279,51.4709929],[-0.2339816,51.4710071],[-0.233969,51.4710366],[-0.2339868,51.4710692],[-0.2340263,51.4710815],[-0.2340597,51.4710792],[-0.2340881,51.4710657],[-0.2341013,51.471048],[-0.2340956,51.4710241]]]}},
{"type":"Feature","properties":{"highway":"footway","name":null,"category":"Footpath (pedestrian only)"},"geometry":{"type":"MultiLineString","coordinates":[[[-0.2414134,51.4670847],[-0.2413749,51.4671246],[-0.2409352,51.4674565]]]}},
{"type":"Feature","properties":{"highway":"footway","name":null,"category":"Footpath (pedestrian only)"},"geometry":{"type":"MultiLineString","coordinates":[[[-0.2483252,51.4743551],[-0.2481836,51.4743136],[-0.2481365,51.4743052],[-0.2480178,51.4743321],[-0.2478201,51.4743165],[-0.2478288,51.4742438],[-0.2480393,51.474256],[-0.2481365,51.4743052]]]}},
{"type":"Feature","properties":{"highway":"footway","name":null,"category":"Footpath (pedestrian only)"},"geometry":{"type":"MultiLineString","coordinates":[[[-0.2461707,51.4735018],[-0.2461441,51.4735107]]]}},
{"type":"Feature","properties":{"highway":"path","name":null,"category":"Shared path"},"geometry":{"type":"MultiLineString","coordinates":[[[-0.2459283,51.4729288],[-0.2459071,51.472994],[-0.2459301,51.473127],[-0.2459484,51.4731567],[-0.2459956,51.4731964],[-0.2460699,51.4732328],[-0.2461142,51.4732853],[-0.2461452,51.4733247],[-0.2461718,51.4733778],[-0.246184,51.4734154],[-0.2462328,51.4734728],[-0.2463009,51.4735303]]]}},
{"type":"Feature","properties":{"highway":"path","name":null,"category":"Shared path"},"geometry":{"type":"MultiLineString","coordinates":[[[-0.245574,51.4732813],[-0.2456218,51.4733308]]]}},
{"type":"Feature","properties":{"highway":"footway","name":null,"category":"Footpath (pedestrian only)"},"geometry":{"type":"MultiLineString","coordinates":[[[-0.2450432,51.4740151],[-0.2450437,51.4740843]]]}},
{"type":"Feature","properties":{"highway":"footway","name":null,"category":"Footpath (pedestrian only)"},"geometry":{"type":"MultiLineString","coordinates":[[[-0.2444546,51.4740404],[-0.2448028,51.4740231],[-0.2450432,51.4740151]]]}},
{"type":"Feature","properties":{"highway":"footway","name":null,"category":"Footpath (pedestrian only)"},"geometry":{"type":"MultiLineString","coordinates":[[[-0.2472738,51.4732805],[-0.2472992,51.4732832]]]}},
{"type":"Feature","properties":{"highway":"footway","name":null,"category":"Footpath (pedestrian only)"},"geometry":{"type":"MultiLineString","coordinates":[[[-0.2472607,51.4733064],[-0.2472738,51.4732805],[-0.2472957,51.4732132],[-0.2473081,51.4730997],[-0.2473064,51.4730386],[-0.2473049,51.4729841],[-0.2472819,51.4729064],[-0.2472277,51.4727834],[-0.2470836,51.4725085]]]}},
{"type":"Feature","properties":{"highway":"footway","name":null,"category":"Footpath (pedestrian only)"},"geometry":{"type":"MultiLineString","coordinates":[[[-0.2472992,51.4732832],[-0.2473517,51.4732879],[-0.2473707,51.4732884]]]}},
{"type":"Feature","properties":{"highway":"footway","name":null,"category":"Footpath (pedestrian only)"},"geometry":{"type":"MultiLineString","coordinates":[[[-0.2477159,51.4732776],[-0.2477374,51.4732864],[-0.2477576,51.4732947],[-0.2479755,51.4733255],[-0.2483269,51.4734437]]]}},
{"type":"Feature","properties":{"highway":"footway","name":null,"category":"Footpath (pedestrian only)"},"geometry":{"type":"MultiLineString","coordinates":[[[-0.2476335,51.4732817],[-0.2476878,51.4732801],[-0.2477159,51.4732776]]]}},
{"type":"Feature","properties":{"highway":"footway","name":null,"category":"Footpath (pedestrian only)"},"geometry":{"type":"MultiLineString","coordinates":[[[-0.2477374,51.4732864],[-0.2477025,51.4731888],[-0.2476635,51.4731504],[-0.2475154,51.473003],[-0.2474464,51.4729343],[-0.2474063,51.4728911],[-0.2473264,51.4727229],[-0.2473332,51.4727008]]]}},
{"type":"Feature","properties":{"highway":"footway","name":null,"category":"Footpath (pedestrian only)"},"geometry":{"type":"MultiLineString","coordinates":[[[-0.2473902,51.4730374],[-0.2473568,51.4730381],[-0.2473192,51.4730381]]]}},
{"type":"Feature","properties":{"highway":"footway","name":null,"category":"Footpath (pedestrian only)"},"geometry":{"type":"MultiLineString","coordinates":[[[-0.2473192,51.4730381],[-0.2473064,51.4730386]]]}},
{"type":"Feature","properties":{"highway":"footway","name":null,"category":"Footpath (pedestrian only)"},"geometry":{"type":"MultiLineString","coordinates":[[[-0.2475154,51.473003],[-0.2475028,51.4730077]]]}},
{"type":"Feature","properties":{"highway":"footway","name":null,"category":"Footpath (pedestrian only)"},"geometry":{"type":"MultiLineString","coordinates":[[[-0.2475028,51.4730077],[-0.2474648,51.4730193],[-0.2474343,51.4730302]]]}},
{"type":"Feature","properties":{"highway":"footway","name":null,"category":"Footpath (pedestrian only)"},"geometry":{"type":"MultiLineString","coordinates":[[[-0.2474343,51.4730302],[-0.2474109,51.4730372],[-0.2473902,51.4730374]]]}},
{"type":"Feature","properties":{"highway":"footway","name":null,"category":"Footpath (pedestrian only)"},"geometry":{"type":"MultiLineString","coordinates":[[[-0.2416855,51.4670789],[-0.2417193,51.4670347]]]}},
{"type":"Feature","properties":{"highway":"footway","name":null,"category":"Footpath (pedestrian only)"},"geometry":{"type":"MultiLineString","coordinates":[[[-0.2418104,51.4667479],[-0.2417989,51.4667612]]]}},
{"type":"Feature","properties":{"highway":"footway","name":null,"category":"Footpath (pedestrian only)"},"geometry":{"type":"MultiLineString","coordinates":[[[-0.232708,51.4766522],[-0.2326455,51.4767073],[-0.2325841,51.4767818],[-0.2325644,51.4768571],[-0.2325418,51.476909]]]}},
{"type":"Feature","properties":{"highway":"footway","name":null,"category":"Footpath (pedestrian only)"},"geometry":{"type":"MultiLineString","coordinates":[[[-0.2328948,51.4766981],[-0.2328294,51.4766956],[-0.2327516,51.4766769],[-0.232708,51.4766522]]]}},
{"type":"Feature","properties":{"highway":"footway","name":null,"category":"Footpath (pedestrian only)"},"geometry":{"type":"MultiLineString","coordinates":[[[-0.2328948,51.4766981],[-0.2328295,51.4766554],[-0.2327695,51.4766409],[-0.232708,51.4766522]]]}},
{"type":"Feature","properties":{"highway":"footway","name":null,"category":"Footpath (pedestrian only)"},"geometry":{"type":"MultiLineString","coordinates":[[[-0.2351472,51.4769728],[-0.2351439,51.4770036]]]}},
{"type":"Feature","properties":{"highway":"footway","name":"South route","category":"Footpath (pedestrian only)"},"geometry":{"type":"MultiLineString","coordinates":[[[-0.2352492,51.4770112],[-0.2353096,51.4770748],[-0.2354152,51.4771014]]]}},
{"type":"Feature","properties":{"highway":"footway","name":null,"category":"Footpath (pedestrian only)"},"geometry":{"type":"MultiLineString","coordinates":[[[-0.2416687,51.4667637],[-0.2416965,51.4667156]]]}},
{"type":"Feature","properties":{"highway":"footway","name":null,"category":"Footpath (pedestrian only)"},"geometry":{"type":"MultiLineString","coordinates":[[[-0.2486985,51.4649399],[-0.2485262,51.4649405],[-0.2484005,51.464939]]]}},
{"type":"Feature","properties":{"highway":"footway","name":null,"category":"Footpath (pedestrian only)"},"geometry":{"type":"MultiLineString","coordinates":[[[-0.248283,51.4651373],[-0.2482819,51.46506],[-0.2482775,51.4649891]]]}},
{"type":"Feature","properties":{"highway":"footway","name":null,"category":"Footpath (pedestrian only)"},"geometry":{"type":"MultiLineString","coordinates":[[[-0.2482244,51.4649881],[-0.2482775,51.4649891],[-0.2483613,51.4649626],[-0.2484005,51.464939],[-0.2485001,51.4648094]]]}},
{"type":"Feature","properties":{"highway":"footway","name":null,"category":"Footpath (pedestrian only)"},"geometry":{"type":"MultiLineString","coordinates":[[[-0.2484329,51.4651496],[-0.2484461,51.4651458]]]}}
]
}
