{
"type": "FeatureCollection",
"name": "7d250ddd3af8_foliage",
"crs": { "type": "name", "properties": { "name": "urn:ogc:def:crs:OGC:1.3:CRS84" } },
"features": [
{ "type": "Feature", "properties": { "max_height": 8.9825019836425781, "mean_height": 1.6111891269683838, "std_height": 2.3826258182525635, "count_pixels": 42, "percent_cover": 0.020678246484698098, "percent_above_0.1m": 78.571428571428569, "low_level_<0.5": 23.809523809523807, "mid_level_0.5-2": 33.333333333333329, "tall_2+": 21.428571428571427 }, "geometry": { "type": "Point", "coordinates": [ -0.123240163711172, 51.446678956751768 ] } },
{ "type": "Feature", "properties": { "max_height": 10.384998321533203, "mean_height": 5.251427173614502, "std_height": 3.3530428409576416, "count_pixels": 42, "percent_cover": 0.020678246484698098, "percent_above_0.1m": 90.476190476190482, "low_level_<0.5": 2.3809523809523809, "mid_level_0.5-2": 7.1428571428571423, "tall_2+": 78.571428571428569 }, "geometry": { "type": "Point", "coordinates": [ -0.123040885349871, 51.446675764855577 ] } },
{ "type": "Feature", "properties": { "max_height": 8.9474983215332031, "mean_height": 5.2008914947509766, "std_height": 2.9964265823364258, "count_pixels": 42, "percent_cover": 0.020678246484698098, "percent_above_0.1m": 95.238095238095227, "low_level_<0.5": 2.3809523809523809, "mid_level_0.5-2": 11.904761904761903, "tall_2+": 80.952380952380949 }, "geometry": { "type": "Point", "coordinates": [ -0.123733939594898, 51.446794778195923 ] } },
{ "type": "Feature", "properties": { "max_height": 8.214996337890625, "mean_height": 1.8290103673934937, "std_height": 2.1887078285217285, "count_pixels": 43, "percent_cover": 0.021170585686714719, "percent_above_0.1m": 76.744186046511629, "low_level_<0.5": 11.627906976744185, "mid_level_0.5-2": 32.558139534883722, "tall_2+": 30.232558139534881 }, "geometry": { "type": "Point", "coordinates": [ -0.123534660665382, 51.446791587136985 ] } },
{ "type": "Feature", "properties": { "max_height": 3.3774986267089844, "mean_height": 0.56184440851211548, "std_height": 0.95773738622665405, "count_pixels": 42, "percent_cover": 0.020678246484698098, "percent_above_0.1m": 47.619047619047613, "low_level_<0.5": 19.047619047619047, "mid_level_0.5-2": 11.904761904761903, "tall_2+": 14.285714285714285 }, "geometry": { "type": "Point", "coordinates": [ -0.123335381772896, 51.446788395739297 ] } },
{ "type": "Feature", "properties": { "max_height": 9.3374977111816406, "mean_height": 1.587915301322937, "std_height": 2.7118015289306641, "count_pixels": 42, "percent_cover": 0.020678246484698098, "percent_above_0.1m": 45.238095238095241, "low_level_<0.5": 7.1428571428571423, "mid_level_0.5-2": 14.285714285714285, "tall_2+": 23.809523809523807 }, "geometry": { "type": "Point", "coordinates": [ -0.12313610291745, 51.446785204002872 ] } },
{ "type": "Feature", "properties": { "max_height": 4.9824981689453125, "mean_height": 0.95640099048614502, "std_height": 1.3104053735733032, "count_pixels": 41, "percent_cover": 0.020185907282681475, "percent_above_0.1m": 65.853658536585371, "low_level_<0.5": 21.951219512195124, "mid_level_0.5-2": 19.512195121951219, "tall_2+": 21.951219512195124 }, "geometry": { "type": "Point", "coordinates": [ -0.122936824099041, 51.446782011927667 ] } },
{ "type": "Feature", "properties": { "max_height": 3.1100006103515625, "mean_height": 0.64303451776504517, "std_height": 0.75841623544692993, "count_pixels": 42, "percent_cover": 0.020678246484698098, "percent_above_0.1m": 83.333333333333343, "low_level_<0.5": 42.857142857142854, "mid_level_0.5-2": 26.190476190476193, "tall_2+": 7.1428571428571423 }, "geometry": { "type": "Point", "coordinates": [ -0.124028438562712, 51.446907407347233 ] } },
{ "type": "Feature", "properties": { "max_height": 8.75, "mean_height": 3.6632137298583984, "std_height": 3.2630300521850586, "count_pixels": 42, "percent_cover": 0.020678246484698098, "percent_above_0.1m": 69.047619047619051, "low_level_<0.5": 2.3809523809523809, "mid_level_0.5-2": 7.1428571428571423, "tall_2+": 59.523809523809526 }, "geometry": { "type": "Point", "coordinates": [ -0.12382915910202, 51.446904216786798 ] } },
{ "type": "Feature", "properties": { "max_height": 4.4074974060058594, "mean_height": 0.87249892950057983, "std_height": 1.2221837043762207, "count_pixels": 41, "percent_cover": 0.020185907282681475, "percent_above_0.1m": 46.341463414634148, "low_level_<0.5": 7.3170731707317067, "mid_level_0.5-2": 14.634146341463413, "tall_2+": 21.951219512195124 }, "geometry": { "type": "Point", "coordinates": [ -0.123629879678355, 51.44690102588762 ] } },
{ "type": "Feature", "properties": { "max_height": 1.6699981689453125, "mean_height": 0.1351819783449173, "std_height": 0.31117948889732361, "count_pixels": 41, "percent_cover": 0.020185907282681475, "percent_above_0.1m": 24.390243902439025, "low_level_<0.5": 12.195121951219512, "mid_level_0.5-2": 9.7560975609756095, "tall_2+": 0.0 }, "geometry": { "type": "Point", "coordinates": [ -0.123430600291723, 51.446897834649683 ] } },
{ "type": "Feature", "properties": { "max_height": 4.4299964904785156, "mean_height": 0.37952312827110291, "std_height": 0.93000805377960205, "count_pixels": 42, "percent_cover": 0.020678246484698098, "percent_above_0.1m": 35.714285714285715, "low_level_<0.5": 16.666666666666664, "mid_level_0.5-2": 11.904761904761903, "tall_2+": 4.7619047619047619 }, "geometry": { "type": "Point", "coordinates": [ -0.123231320942124, 51.446894643072966 ] } },
{ "type": "Feature", "properties": { "max_height": 6.30999755859375, "mean_height": 0.66482001543045044, "std_height": 1.4714754819869995, "count_pixels": 42, "percent_cover": 0.020678246484698098, "percent_above_0.1m": 35.714285714285715, "low_level_<0.5": 9.5238095238095237, "mid_level_0.5-2": 16.666666666666664, "tall_2+": 9.5238095238095237 }, "geometry": { "type": "Point", "coordinates": [ -0.123032041629567, 51.446891451157505 ] } },
{ "type": "Feature", "properties": { "max_height": 9.0250015258789062, "mean_height": 2.2834515571594238, "std_height": 2.6973130702972412, "count_pixels": 42, "percent_cover": 0.020678246484698098, "percent_above_0.1m": 61.904761904761905, "low_level_<0.5": 4.7619047619047619, "mid_level_0.5-2": 16.666666666666664, "tall_2+": 40.476190476190474 }, "geometry": { "type": "Point", "coordinates": [ -0.124123659021091, 51.44701684570115 ] } },
{ "type": "Feature", "properties": { "max_height": 2.6175003051757812, "mean_height": 0.65295881032943726, "std_height": 0.90356427431106567, "count_pixels": 38, "percent_cover": 0.018708889676631611, "percent_above_0.1m": 47.368421052631575, "low_level_<0.5": 7.8947368421052628, "mid_level_0.5-2": 18.421052631578945, "tall_2+": 15.789473684210526 }, "geometry": { "type": "Point", "coordinates": [ -0.12392437906625, 51.447013655300481 ] } },
{ "type": "Feature", "properties": { "max_height": 20.919998168945312, "mean_height": 6.5423197746276855, "std_height": 8.0879344940185547, "count_pixels": 42, "percent_cover": 0.020678246484698098, "percent_above_0.1m": 57.142857142857139, "low_level_<0.5": 2.3809523809523809, "mid_level_0.5-2": 2.3809523809523809, "tall_2+": 52.380952380952387 }, "geometry": { "type": "Point", "coordinates": [ -0.123725099148432, 51.447010464561032 ] } },
{ "type": "Feature", "properties": { "max_height": 1.8074989318847656, "mean_height": 0.24506014585494995, "std_height": 0.44454887509346008, "count_pixels": 41, "percent_cover": 0.020185907282681475, "percent_above_0.1m": 34.146341463414636, "low_level_<0.5": 12.195121951219512, "mid_level_0.5-2": 19.512195121951219, "tall_2+": 0.0 }, "geometry": { "type": "Point", "coordinates": [ -0.124218879936577, 51.447126283977894 ] } },
{ "type": "Feature", "properties": { "max_height": 0.13500213623046875, "mean_height": 0.0073201316408813, "std_height": 0.024733297526836395, "count_pixels": 42, "percent_cover": 0.020678246484698098, "percent_above_0.1m": 2.3809523809523809, "low_level_<0.5": 0.0, "mid_level_0.5-2": 0.0, "tall_2+": 0.0 }, "geometry": { "type": "Point", "coordinates": [ -0.124019599487591, 51.447123093736963 ] } },
{ "type": "Feature", "properties": { "max_height": 15.902500152587891, "mean_height": 1.9081541299819946, "std_height": 4.2541580200195312, "count_pixels": 42, "percent_cover": 0.020678246484698098, "percent_above_0.1m": 50.0, "low_level_<0.5": 4.7619047619047619, "mid_level_0.5-2": 21.428571428571427, "tall_2+": 21.428571428571427 }, "geometry": { "type": "Point", "coordinates": [ -0.123820319075621, 51.447119903157258 ] } },
{ "type": "Feature", "properties": { "max_height": 18.617496490478516, "mean_height": 5.4593439102172852, "std_height": 6.2217321395874023, "count_pixels": 42, "percent_cover": 0.020678246484698098, "percent_above_0.1m": 57.142857142857139, "low_level_<0.5": 2.3809523809523809, "mid_level_0.5-2": 4.7619047619047619, "tall_2+": 50.0 }, "geometry": { "type": "Point", "coordinates": [ -0.124114820366043, 51.447232532096251 ] } },
{ "type": "Feature", "properties": { "max_height": 13.099998474121094, "mean_height": 2.5722362995147705, "std_height": 3.2018074989318848, "count_pixels": 38, "percent_cover": 0.018708889676631611, "percent_above_0.1m": 71.05263157894737, "low_level_<0.5": 10.526315789473683, "mid_level_0.5-2": 18.421052631578945, "tall_2+": 42.105263157894733 }, "geometry": { "type": "Point", "coordinates": [ -0.123915539459927, 51.447229341676284 ] } },
{ "type": "Feature", "properties": { "max_height": 20.62249755859375, "mean_height": 10.762202262878418, "std_height": 9.1210336685180664, "count_pixels": 42, "percent_cover": 0.020678246484698098, "percent_above_0.1m": 73.80952380952381, "low_level_<0.5": 4.7619047619047619, "mid_level_0.5-2": 4.7619047619047619, "tall_2+": 64.285714285714292 }, "geometry": { "type": "Point", "coordinates": [ -0.123716258590834, 51.447226150917587 ] } },
{ "type": "Feature", "properties": { "max_height": 18.229999542236328, "mean_height": 4.631523609161377, "std_height": 5.7821292877197266, "count_pixels": 41, "percent_cover": 0.020185907282681475, "percent_above_0.1m": 51.219512195121951, "low_level_<0.5": 0.0, "mid_level_0.5-2": 2.4390243902439024, "tall_2+": 46.341463414634148 }, "geometry": { "type": "Point", "coordinates": [ -0.12421004170162, 51.447341970378311 ] } },
{ "type": "Feature", "properties": { "max_height": 20.382499694824219, "mean_height": 11.751545906066895, "std_height": 6.0477643013000488, "count_pixels": 42, "percent_cover": 0.020678246484698098, "percent_above_0.1m": 92.857142857142861, "low_level_<0.5": 0.0, "mid_level_0.5-2": 2.3809523809523809, "tall_2+": 90.476190476190482 }, "geometry": { "type": "Point", "coordinates": [ -0.124010760301347, 51.447338780118109 ] } },
{ "type": "Feature", "properties": { "max_height": 13.787498474121094, "mean_height": 2.9330935478210449, "std_height": 3.8351349830627441, "count_pixels": 42, "percent_cover": 0.020678246484698098, "percent_above_0.1m": 50.0, "low_level_<0.5": 2.3809523809523809, "mid_level_0.5-2": 4.7619047619047619, "tall_2+": 42.857142857142854 }, "geometry": { "type": "Point", "coordinates": [ -0.123811478938096, 51.447335589519149 ] } },
{ "type": "Feature", "properties": { "max_height": 18.479995727539062, "mean_height": 2.0988683700561523, "std_height": 4.6090402603149414, "count_pixels": 42, "percent_cover": 0.020678246484698098, "percent_above_0.1m": 42.857142857142854, "low_level_<0.5": 7.1428571428571423, "mid_level_0.5-2": 7.1428571428571423, "tall_2+": 21.428571428571427 }, "geometry": { "type": "Point", "coordinates": [ -0.124105981599886, 51.447448218482755 ] } },
{ "type": "Feature", "properties": { "max_height": 10.682498931884766, "mean_height": 3.3253278732299805, "std_height": 3.6345510482788086, "count_pixels": 38, "percent_cover": 0.018708889676631611, "percent_above_0.1m": 60.526315789473685, "low_level_<0.5": 5.2631578947368416, "mid_level_0.5-2": 7.8947368421052628, "tall_2+": 47.368421052631575 }, "geometry": { "type": "Point", "coordinates": [ -0.123906699742479, 51.447445028043518 ] } },
{ "type": "Feature", "properties": { "max_height": 20.594993591308594, "mean_height": 7.8663678169250488, "std_height": 9.0668611526489258, "count_pixels": 42, "percent_cover": 0.020678246484698098, "percent_above_0.1m": 52.380952380952387, "low_level_<0.5": 4.7619047619047619, "mid_level_0.5-2": 2.3809523809523809, "tall_2+": 45.238095238095241 }, "geometry": { "type": "Point", "coordinates": [ -0.123707417922095, 51.447441837265522 ] } },
{ "type": "Feature", "properties": { "max_height": 0.10999679565429688, "mean_height": 0.0073774382472038269, "std_height": 0.024833932518959045, "count_pixels": 41, "percent_cover": 0.020185907282681475, "percent_above_0.1m": 2.4390243902439024, "low_level_<0.5": 0.0, "mid_level_0.5-2": 0.0, "tall_2+": 0.0 }, "geometry": { "type": "Point", "coordinates": [ -0.124201203355553, 51.447557656770158 ] } },
{ "type": "Feature", "properties": { "max_height": 4.4224967956542969, "mean_height": 0.83452290296554565, "std_height": 1.4092065095901489, "count_pixels": 42, "percent_cover": 0.020678246484698098, "percent_above_0.1m": 38.095238095238095, "low_level_<0.5": 4.7619047619047619, "mid_level_0.5-2": 19.047619047619047, "tall_2+": 14.285714285714285 }, "geometry": { "type": "Point", "coordinates": [ -0.124001921003983, 51.447554466490679 ] } },
{ "type": "Feature", "properties": { "max_height": 10.5625, "mean_height": 0.80124866962432861, "std_height": 2.0431094169616699, "count_pixels": 42, "percent_cover": 0.020678246484698098, "percent_above_0.1m": 28.571428571428569, "low_level_<0.5": 2.3809523809523809, "mid_level_0.5-2": 11.904761904761903, "tall_2+": 11.904761904761903 }, "geometry": { "type": "Point", "coordinates": [ -0.123802638689437, 51.447551275872442 ] } },
{ "type": "Feature", "properties": { "max_height": 0.35250091552734375, "mean_height": 0.021844228729605675, "std_height": 0.069432549178600311, "count_pixels": 42, "percent_cover": 0.020678246484698098, "percent_above_0.1m": 9.5238095238095237, "low_level_<0.5": 9.5238095238095237, "mid_level_0.5-2": 0.0, "tall_2+": 0.0 }, "geometry": { "type": "Point", "coordinates": [ -0.124097142722613, 51.447663904860654 ] } },
{ "type": "Feature", "properties": { "max_height": 13.044998168945312, "mean_height": 5.6315779685974121, "std_height": 4.1489558219909668, "count_pixels": 38, "percent_cover": 0.018708889676631611, "percent_above_0.1m": 86.842105263157904, "low_level_<0.5": 7.8947368421052628, "mid_level_0.5-2": 7.8947368421052628, "tall_2+": 71.05263157894737 }, "geometry": { "type": "Point", "coordinates": [ -0.123897859913904, 51.447660714402168 ] } },
{ "type": "Feature", "properties": { "max_height": 13.859996795654297, "mean_height": 3.0911893844604492, "std_height": 4.060084342956543, "count_pixels": 42, "percent_cover": 0.020678246484698098, "percent_above_0.1m": 64.285714285714292, "low_level_<0.5": 4.7619047619047619, "mid_level_0.5-2": 16.666666666666664, "tall_2+": 42.857142857142854 }, "geometry": { "type": "Point", "coordinates": [ -0.123698577142223, 51.447657523604903 ] } },
{ "type": "Feature", "properties": { "max_height": 7.5249977111816406, "mean_height": 1.3951150178909302, "std_height": 1.6138687133789062, "count_pixels": 43, "percent_cover": 0.021170585686714719, "percent_above_0.1m": 58.139534883720934, "low_level_<0.5": 0.0, "mid_level_0.5-2": 13.953488372093023, "tall_2+": 39.534883720930232 }, "geometry": { "type": "Point", "coordinates": [ -0.123499294407574, 51.447654332468872 ] } },
{ "type": "Feature", "properties": { "max_height": 13.192497253417969, "mean_height": 3.0963680744171143, "std_height": 4.1585297584533691, "count_pixels": 42, "percent_cover": 0.020678246484698098, "percent_above_0.1m": 45.238095238095241, "low_level_<0.5": 0.0, "mid_level_0.5-2": 2.3809523809523809, "tall_2+": 42.857142857142854 }, "geometry": { "type": "Point", "coordinates": [ -0.123993081595498, 51.447770152854687 ] } },
{ "type": "Feature", "properties": { "max_height": 5.49749755859375, "mean_height": 0.92095094919204712, "std_height": 1.0721863508224487, "count_pixels": 42, "percent_cover": 0.020678246484698098, "percent_above_0.1m": 71.428571428571431, "low_level_<0.5": 9.5238095238095237, "mid_level_0.5-2": 54.761904761904766, "tall_2+": 7.1428571428571423 }, "geometry": { "type": "Point", "coordinates": [ -0.123793798329646, 51.447766962217173 ] } },
{ "type": "Feature", "properties": { "max_height": 3.5699996948242188, "mean_height": 0.87310892343521118, "std_height": 1.0802282094955444, "count_pixels": 41, "percent_cover": 0.020185907282681475, "percent_above_0.1m": 60.975609756097562, "low_level_<0.5": 12.195121951219512, "mid_level_0.5-2": 19.512195121951219, "tall_2+": 21.951219512195124 }, "geometry": { "type": "Point", "coordinates": [ -0.123594515100824, 51.447763771240886 ] } },
{ "type": "Feature", "properties": { "max_height": 21.987495422363281, "mean_height": 7.0117669105529785, "std_height": 8.9764785766601562, "count_pixels": 41, "percent_cover": 0.020185907282681475, "percent_above_0.1m": 41.463414634146339, "low_level_<0.5": 0.0, "mid_level_0.5-2": 0.0, "tall_2+": 39.024390243902438 }, "geometry": { "type": "Point", "coordinates": [ -0.123395231909039, 51.447760579925834 ] } },
{ "type": "Feature", "properties": { "max_height": 6.4474983215332031, "mean_height": 0.37660607695579529, "std_height": 1.1768178939819336, "count_pixels": 42, "percent_cover": 0.020678246484698098, "percent_above_0.1m": 21.428571428571427, "low_level_<0.5": 7.1428571428571423, "mid_level_0.5-2": 4.7619047619047619, "tall_2+": 7.1428571428571423 }, "geometry": { "type": "Point", "coordinates": [ -0.124088303734222, 51.447879591229992 ] } },
{ "type": "Feature", "properties": { "max_height": 9.0574989318847656, "mean_height": 1.1361827850341797, "std_height": 2.3108794689178467, "count_pixels": 38, "percent_cover": 0.018708889676631611, "percent_above_0.1m": 39.473684210526315, "low_level_<0.5": 2.6315789473684208, "mid_level_0.5-2": 15.789473684210526, "tall_2+": 18.421052631578945 }, "geometry": { "type": "Point", "coordinates": [ -0.123889019974198, 51.447876400752236 ] } },
{ "type": "Feature", "properties": { "max_height": 8.8175010681152344, "mean_height": 1.6863679885864258, "std_height": 2.4113271236419678, "count_pixels": 42, "percent_cover": 0.020678246484698098, "percent_above_0.1m": 52.380952380952387, "low_level_<0.5": 0.0, "mid_level_0.5-2": 21.428571428571427, "tall_2+": 28.571428571428569 }, "geometry": { "type": "Point", "coordinates": [ -0.123689736251208, 51.447873209935707 ] } },
{ "type": "Feature", "properties": { "max_height": 9.1425018310546875, "mean_height": 3.0231962203979492, "std_height": 3.2377614974975586, "count_pixels": 43, "percent_cover": 0.021170585686714719, "percent_above_0.1m": 55.813953488372093, "low_level_<0.5": 4.6511627906976747, "mid_level_0.5-2": 2.3255813953488373, "tall_2+": 48.837209302325576 }, "geometry": { "type": "Point", "coordinates": [ -0.123490452565245, 51.447870018780407 ] } },
{ "type": "Feature", "properties": { "max_height": 21.81500244140625, "mean_height": 15.593629837036133, "std_height": 6.9229154586791992, "count_pixels": 42, "percent_cover": 0.020678246484698098, "percent_above_0.1m": 90.476190476190482, "low_level_<0.5": 0.0, "mid_level_0.5-2": 0.0, "tall_2+": 90.476190476190482 }, "geometry": { "type": "Point", "coordinates": [ -0.123291168916314, 51.44786682728634 ] } },
{ "type": "Feature", "properties": { "max_height": 0.217498779296875, "mean_height": 0.02059427835047245, "std_height": 0.059019129723310471, "count_pixels": 42, "percent_cover": 0.020678246484698098, "percent_above_0.1m": 11.904761904761903, "low_level_<0.5": 9.5238095238095237, "mid_level_0.5-2": 0.0, "tall_2+": 0.0 }, "geometry": { "type": "Point", "coordinates": [ -0.123984242075889, 51.447985839210112 ] } },
{ "type": "Feature", "properties": { "max_height": 11.927497863769531, "mean_height": 2.2914276123046875, "std_height": 2.9988932609558105, "count_pixels": 42, "percent_cover": 0.020678246484698098, "percent_above_0.1m": 54.761904761904766, "low_level_<0.5": 2.3809523809523809, "mid_level_0.5-2": 11.904761904761903, "tall_2+": 38.095238095238095 }, "geometry": { "type": "Point", "coordinates": [ -0.123784957858717, 51.447982648553321 ] } },
{ "type": "Feature", "properties": { "max_height": 8.44000244140625, "mean_height": 1.7079259157180786, "std_height": 2.231135368347168, "count_pixels": 41, "percent_cover": 0.020185907282681475, "percent_above_0.1m": 70.731707317073173, "low_level_<0.5": 12.195121951219512, "mid_level_0.5-2": 29.268292682926827, "tall_2+": 29.268292682926827 }, "geometry": { "type": "Point", "coordinates": [ -0.12358567367858, 51.447979457557764 ] } },
{ "type": "Feature", "properties": { "max_height": 20.922500610351562, "mean_height": 5.6241445541381836, "std_height": 8.2328863143920898, "count_pixels": 41, "percent_cover": 0.020185907282681475, "percent_above_0.1m": 56.09756097560976, "low_level_<0.5": 7.3170731707317067, "mid_level_0.5-2": 4.8780487804878048, "tall_2+": 43.902439024390247 }, "geometry": { "type": "Point", "coordinates": [ -0.123386389535471, 51.447976266223442 ] } },
{ "type": "Feature", "properties": { "max_height": 12.649997711181641, "mean_height": 1.2203934192657471, "std_height": 3.2477643489837646, "count_pixels": 38, "percent_cover": 0.018708889676631611, "percent_above_0.1m": 15.789473684210526, "low_level_<0.5": 2.6315789473684208, "mid_level_0.5-2": 0.0, "tall_2+": 13.157894736842104 }, "geometry": { "type": "Point", "coordinates": [ -0.123880179923366, 51.448092087093741 ] } },
{ "type": "Feature", "properties": { "max_height": 3.7924957275390625, "mean_height": 0.21833211183547974, "std_height": 0.71449333429336548, "count_pixels": 42, "percent_cover": 0.020678246484698098, "percent_above_0.1m": 19.047619047619047, "low_level_<0.5": 9.5238095238095237, "mid_level_0.5-2": 2.3809523809523809, "tall_2+": 4.7619047619047619 }, "geometry": { "type": "Point", "coordinates": [ -0.123680895249049, 51.448088896257921 ] } },
{ "type": "Feature", "properties": { "max_height": 6.8374977111816406, "mean_height": 1.514708399772644, "std_height": 1.8940799236297607, "count_pixels": 43, "percent_cover": 0.021170585686714719, "percent_above_0.1m": 69.767441860465112, "low_level_<0.5": 13.953488372093023, "mid_level_0.5-2": 18.604651162790699, "tall_2+": 32.558139534883722 }, "geometry": { "type": "Point", "coordinates": [ -0.123481610611759, 51.448085705083344 ] } },
{ "type": "Feature", "properties": { "max_height": 22.482498168945312, "mean_height": 14.620119094848633, "std_height": 8.5339221954345703, "count_pixels": 42, "percent_cover": 0.020678246484698098, "percent_above_0.1m": 88.095238095238088, "low_level_<0.5": 2.3809523809523809, "mid_level_0.5-2": 7.1428571428571423, "tall_2+": 78.571428571428569 }, "geometry": { "type": "Point", "coordinates": [ -0.123282326011511, 51.44808251357 ] } },
{ "type": "Feature", "properties": { "max_height": 18.324993133544922, "mean_height": 3.0490467548370361, "std_height": 5.4541840553283691, "count_pixels": 42, "percent_cover": 0.020678246484698098, "percent_above_0.1m": 38.095238095238095, "low_level_<0.5": 2.3809523809523809, "mid_level_0.5-2": 4.7619047619047619, "tall_2+": 30.952380952380953 }, "geometry": { "type": "Point", "coordinates": [ -0.123975402445156, 51.448201525556946 ] } },
{ "type": "Feature", "properties": { "max_height": 19.067497253417969, "mean_height": 9.9861307144165039, "std_height": 6.4047155380249023, "count_pixels": 42, "percent_cover": 0.020678246484698098, "percent_above_0.1m": 95.238095238095227, "low_level_<0.5": 4.7619047619047619, "mid_level_0.5-2": 4.7619047619047619, "tall_2+": 85.714285714285708 }, "geometry": { "type": "Point", "coordinates": [ -0.123776117276651, 51.448198334880878 ] } },
{ "type": "Feature", "properties": { "max_height": 12.702499389648438, "mean_height": 4.5451817512512207, "std_height": 3.2829532623291016, "count_pixels": 41, "percent_cover": 0.020185907282681475, "percent_above_0.1m": 87.804878048780495, "low_level_<0.5": 4.8780487804878048, "mid_level_0.5-2": 7.3170731707317067, "tall_2+": 75.609756097560975 }, "geometry": { "type": "Point", "coordinates": [ -0.123576832145183, 51.448195143866059 ] } },
{ "type": "Feature", "properties": { "max_height": 20.794998168945312, "mean_height": 2.2189013957977295, "std_height": 4.5328097343444824, "count_pixels": 41, "percent_cover": 0.020185907282681475, "percent_above_0.1m": 60.975609756097562, "low_level_<0.5": 17.073170731707318, "mid_level_0.5-2": 17.073170731707318, "tall_2+": 24.390243902439025 }, "geometry": { "type": "Point", "coordinates": [ -0.123377547050749, 51.44819195251246 ] } },
{ "type": "Feature", "properties": { "max_height": 19.814994812011719, "mean_height": 7.9821696281433105, "std_height": 6.1087965965270996, "count_pixels": 38, "percent_cover": 0.018708889676631611, "percent_above_0.1m": 84.210526315789465, "low_level_<0.5": 2.6315789473684208, "mid_level_0.5-2": 5.2631578947368416, "tall_2+": 76.31578947368422 }, "geometry": { "type": "Point", "coordinates": [ -0.1238713397614, 51.448307773426642 ] } },
{ "type": "Feature", "properties": { "max_height": 11.9949951171875, "mean_height": 1.9757732152938843, "std_height": 2.9040939807891846, "count_pixels": 42, "percent_cover": 0.020678246484698098, "percent_above_0.1m": 50.0, "low_level_<0.5": 0.0, "mid_level_0.5-2": 16.666666666666664, "tall_2+": 33.333333333333329 }, "geometry": { "type": "Point", "coordinates": [ -0.123672054135743, 51.448304582571566 ] } },
{ "type": "Feature", "properties": { "max_height": 8.7399978637695312, "mean_height": 2.5887196063995361, "std_height": 2.818178653717041, "count_pixels": 43, "percent_cover": 0.021170585686714719, "percent_above_0.1m": 74.418604651162795, "low_level_<0.5": 6.9767441860465116, "mid_level_0.5-2": 23.255813953488371, "tall_2+": 44.186046511627907 }, "geometry": { "type": "Point", "coordinates": [ -0.12347276854712, 51.448301391377719 ] } },
{ "type": "Feature", "properties": { "max_height": 9.4874992370605469, "mean_height": 1.6316659450531006, "std_height": 2.3997375965118408, "count_pixels": 42, "percent_cover": 0.020678246484698098, "percent_above_0.1m": 61.904761904761905, "low_level_<0.5": 11.904761904761903, "mid_level_0.5-2": 16.666666666666664, "tall_2+": 28.571428571428569 }, "geometry": { "type": "Point", "coordinates": [ -0.123273482995539, 51.448298199845091 ] } },
{ "type": "Feature", "properties": { "max_height": 2.9624977111816406, "mean_height": 1.177796483039856, "std_height": 1.2660691738128662, "count_pixels": 42, "percent_cover": 0.020678246484698098, "percent_above_0.1m": 50.0, "low_level_<0.5": 2.3809523809523809, "mid_level_0.5-2": 9.5238095238095237, "tall_2+": 38.095238095238095 }, "geometry": { "type": "Point", "coordinates": [ -0.123074197480991, 51.448295007973684 ] } },
{ "type": "Feature", "properties": { "max_height": 6.4250030517578125, "mean_height": 0.98071354627609253, "std_height": 1.5756247043609619, "count_pixels": 42, "percent_cover": 0.020678246484698098, "percent_above_0.1m": 42.857142857142854, "low_level_<0.5": 2.3809523809523809, "mid_level_0.5-2": 16.666666666666664, "tall_2+": 21.428571428571427 }, "geometry": { "type": "Point", "coordinates": [ -0.123767276583449, 51.448414021199881 ] } },
{ "type": "Feature", "properties": { "max_height": 9.2524986267089844, "mean_height": 2.7528042793273926, "std_height": 2.7655174732208252, "count_pixels": 41, "percent_cover": 0.020185907282681475, "percent_above_0.1m": 58.536585365853654, "low_level_<0.5": 2.4390243902439024, "mid_level_0.5-2": 2.4390243902439024, "tall_2+": 53.658536585365859 }, "geometry": { "type": "Point", "coordinates": [ -0.123567990500637, 51.448410830165777 ] } },
{ "type": "Feature", "properties": { "max_height": 11.572498321533203, "mean_height": 3.4016458988189697, "std_height": 3.1468801498413086, "count_pixels": 41, "percent_cover": 0.020185907282681475, "percent_above_0.1m": 75.609756097560975, "low_level_<0.5": 7.3170731707317067, "mid_level_0.5-2": 7.3170731707317067, "tall_2+": 60.975609756097562 }, "geometry": { "type": "Point", "coordinates": [ -0.123368704454857, 51.448407638792894 ] } },
{ "type": "Feature", "properties": { "max_height": 9.4899978637695312, "mean_height": 1.3327966928482056, "std_height": 2.273510217666626, "count_pixels": 42, "percent_cover": 0.020678246484698098, "percent_above_0.1m": 47.619047619047613, "low_level_<0.5": 7.1428571428571423, "mid_level_0.5-2": 19.047619047619047, "tall_2+": 21.428571428571427 }, "geometry": { "type": "Point", "coordinates": [ -0.123169418446122, 51.448404447081238 ] } },
{ "type": "Feature", "properties": { "max_height": 21.492500305175781, "mean_height": 9.8960695266723633, "std_height": 9.2024116516113281, "count_pixels": 42, "percent_cover": 0.020678246484698098, "percent_above_0.1m": 57.142857142857139, "low_level_<0.5": 0.0, "mid_level_0.5-2": 0.0, "tall_2+": 57.142857142857139 }, "geometry": { "type": "Point", "coordinates": [ -0.122970132474431, 51.448401255030795 ] } },
{ "type": "Feature", "properties": { "max_height": 8.7199974060058594, "mean_height": 0.99769634008407593, "std_height": 2.2416176795959473, "count_pixels": 38, "percent_cover": 0.018708889676631611, "percent_above_0.1m": 34.210526315789473, "low_level_<0.5": 0.0, "mid_level_0.5-2": 13.157894736842104, "tall_2+": 13.157894736842104 }, "geometry": { "type": "Point", "coordinates": [ -0.1238624994883, 51.44852345975098 ] } },
{ "type": "Feature", "properties": { "max_height": 10.992496490478516, "mean_height": 1.0554161071777344, "std_height": 2.6505413055419922, "count_pixels": 42, "percent_cover": 0.020678246484698098, "percent_above_0.1m": 19.047619047619047, "low_level_<0.5": 0.0, "mid_level_0.5-2": 2.3809523809523809, "tall_2+": 16.666666666666664 }, "geometry": { "type": "Point", "coordinates": [ -0.123663212911294, 51.448520268876642 ] } },
{ "type": "Feature", "properties": { "max_height": 2.7425003051757812, "mean_height": 0.12238267064094543, "std_height": 0.55597102642059326, "count_pixels": 43, "percent_cover": 0.021170585686714719, "percent_above_0.1m": 4.6511627906976747, "low_level_<0.5": 0.0, "mid_level_0.5-2": 0.0, "tall_2+": 4.6511627906976747 }, "geometry": { "type": "Point", "coordinates": [ -0.123463926371325, 51.448517077663496 ] } },
{ "type": "Feature", "properties": { "max_height": 11.68499755859375, "mean_height": 3.4814279079437256, "std_height": 3.8768124580383301, "count_pixels": 42, "percent_cover": 0.020678246484698098, "percent_above_0.1m": 61.904761904761905, "low_level_<0.5": 7.1428571428571423, "mid_level_0.5-2": 4.7619047619047619, "tall_2+": 50.0 }, "geometry": { "type": "Point", "coordinates": [ -0.123264639868391, 51.448513886111598 ] } },
{ "type": "Feature", "properties": { "max_height": 14.012500762939453, "mean_height": 2.9674391746520996, "std_height": 4.4494714736938477, "count_pixels": 42, "percent_cover": 0.020678246484698098, "percent_above_0.1m": 52.380952380952387, "low_level_<0.5": 4.7619047619047619, "mid_level_0.5-2": 11.904761904761903, "tall_2+": 33.333333333333329 }, "geometry": { "type": "Point", "coordinates": [ -0.123065353402505, 51.448510694220907 ] } },
{ "type": "Feature", "properties": { "max_height": 8.4149971008300781, "mean_height": 0.53934460878372192, "std_height": 1.797463059425354, "count_pixels": 42, "percent_cover": 0.020678246484698098, "percent_above_0.1m": 21.428571428571427, "low_level_<0.5": 9.5238095238095237, "mid_level_0.5-2": 2.3809523809523809, "tall_2+": 7.1428571428571423 }, "geometry": { "type": "Point", "coordinates": [ -0.123758435779101, 51.448629707510293 ] } },
{ "type": "Feature", "properties": { "max_height": 0.00749969482421875, "mean_height": -0.0014643785543739796, "std_height": 0.0040568276308476925, "count_pixels": 41, "percent_cover": 0.020185907282681475, "percent_above_0.1m": 0.0, "low_level_<0.5": 0.0, "mid_level_0.5-2": 0.0, "tall_2+": 0.0 }, "geometry": { "type": "Point", "coordinates": [ -0.123559148744936, 51.448626516456919 ] } },
{ "type": "Feature", "properties": { "max_height": 0.00749969482421875, "mean_height": -0.0011597609845921397, "std_height": 0.0035828317049890757, "count_pixels": 41, "percent_cover": 0.020185907282681475, "percent_above_0.1m": 0.0, "low_level_<0.5": 0.0, "mid_level_0.5-2": 0.0, "tall_2+": 0.0 }, "geometry": { "type": "Point", "coordinates": [ -0.123359861747808, 51.448623325064759 ] } },
{ "type": "Feature", "properties": { "max_height": 7.7625007629394531, "mean_height": 2.8266654014587402, "std_height": 2.5616881847381592, "count_pixels": 42, "percent_cover": 0.020678246484698098, "percent_above_0.1m": 69.047619047619051, "low_level_<0.5": 2.3809523809523809, "mid_level_0.5-2": 14.285714285714285, "tall_2+": 52.380952380952387 }, "geometry": { "type": "Point", "coordinates": [ -0.123160574787716, 51.448620133333819 ] } },
{ "type": "Feature", "properties": { "max_height": 20.769996643066406, "mean_height": 7.3315467834472656, "std_height": 9.0303802490234375, "count_pixels": 42, "percent_cover": 0.020678246484698098, "percent_above_0.1m": 57.142857142857139, "low_level_<0.5": 7.1428571428571423, "mid_level_0.5-2": 4.7619047619047619, "tall_2+": 45.238095238095241 }, "geometry": { "type": "Point", "coordinates": [ -0.122961287864672, 51.448616941264092 ] } },
{ "type": "Feature", "properties": { "max_height": 6.75, "mean_height": 1.227974534034729, "std_height": 1.832737922668457, "count_pixels": 42, "percent_cover": 0.020678246484698098, "percent_above_0.1m": 52.380952380952387, "low_level_<0.5": 11.904761904761903, "mid_level_0.5-2": 19.047619047619047, "tall_2+": 21.428571428571427 }, "geometry": { "type": "Point", "coordinates": [ -0.123654371575697, 51.44873595517312 ] } },
{ "type": "Feature", "properties": { "max_height": 0.964996337890625, "mean_height": 0.025463990867137909, "std_height": 0.14786143600940704, "count_pixels": 43, "percent_cover": 0.021170585686714719, "percent_above_0.1m": 4.6511627906976747, "low_level_<0.5": 2.3255813953488373, "mid_level_0.5-2": 2.3255813953488373, "tall_2+": 0.0 }, "geometry": { "type": "Point", "coordinates": [ -0.123455084084367, 51.448732763940718 ] } },
{ "type": "Feature", "properties": { "max_height": 8.1624984741210938, "mean_height": 1.5629152059555054, "std_height": 2.2785594463348389, "count_pixels": 42, "percent_cover": 0.020678246484698098, "percent_above_0.1m": 45.238095238095241, "low_level_<0.5": 2.3809523809523809, "mid_level_0.5-2": 9.5238095238095237, "tall_2+": 33.333333333333329 }, "geometry": { "type": "Point", "coordinates": [ -0.123255796630079, 51.448729572369515 ] } },
{ "type": "Feature", "properties": { "max_height": 12.504997253417969, "mean_height": 9.176605224609375, "std_height": 2.6438672542572021, "count_pixels": 42, "percent_cover": 0.020678246484698098, "percent_above_0.1m": 100.0, "low_level_<0.5": 0.0, "mid_level_0.5-2": 0.0, "tall_2+": 100.0 }, "geometry": { "type": "Point", "coordinates": [ -0.123056509212828, 51.448726380459554 ] } },
{ "type": "Feature", "properties": { "max_height": 1.9174995422363281, "mean_height": 0.14548641443252563, "std_height": 0.37262138724327087, "count_pixels": 41, "percent_cover": 0.020185907282681475, "percent_above_0.1m": 26.829268292682929, "low_level_<0.5": 9.7560975609756095, "mid_level_0.5-2": 9.7560975609756095, "tall_2+": 0.0 }, "geometry": { "type": "Point", "coordinates": [ -0.123550306878081, 51.448842202739485 ] } },
{ "type": "Feature", "properties": { "max_height": 0.007495880126953125, "mean_height": -0.0005503398715518415, "std_height": 0.0034709377214312553, "count_pixels": 41, "percent_cover": 0.020185907282681475, "percent_above_0.1m": 0.0, "low_level_<0.5": 0.0, "mid_level_0.5-2": 0.0, "tall_2+": 0.0 }, "geometry": { "type": "Point", "coordinates": [ -0.123351018929587, 51.44883901132804 ] } },
{ "type": "Feature", "properties": { "max_height": 9.0649986267089844, "mean_height": 1.4190468788146973, "std_height": 2.32743239402771, "count_pixels": 42, "percent_cover": 0.020678246484698098, "percent_above_0.1m": 42.857142857142854, "low_level_<0.5": 9.5238095238095237, "mid_level_0.5-2": 4.7619047619047619, "tall_2+": 28.571428571428569 }, "geometry": { "type": "Point", "coordinates": [ -0.123151731018136, 51.448835819577823 ] } },
{ "type": "Feature", "properties": { "max_height": 21.029998779296875, "mean_height": 4.1882133483886719, "std_height": 6.4087214469909668, "count_pixels": 42, "percent_cover": 0.020678246484698098, "percent_above_0.1m": 61.904761904761905, "low_level_<0.5": 4.7619047619047619, "mid_level_0.5-2": 19.047619047619047, "tall_2+": 38.095238095238095 }, "geometry": { "type": "Point", "coordinates": [ -0.122952443143723, 51.448832627488834 ] } },
{ "type": "Feature", "properties": { "max_height": 22.1875, "mean_height": 6.6935105323791504, "std_height": 9.0307846069335938, "count_pixels": 42, "percent_cover": 0.020678246484698098, "percent_above_0.1m": 50.0, "low_level_<0.5": 4.7619047619047619, "mid_level_0.5-2": 2.3809523809523809, "tall_2+": 42.857142857142854 }, "geometry": { "type": "Point", "coordinates": [ -0.122753155306367, 51.448829435061022 ] } },
{ "type": "Feature", "properties": { "max_height": 0.33500289916992188, "mean_height": 0.025754973292350769, "std_height": 0.067627280950546265, "count_pixels": 43, "percent_cover": 0.021170585686714719, "percent_above_0.1m": 11.627906976744185, "low_level_<0.5": 9.3023255813953494, "mid_level_0.5-2": 0.0, "tall_2+": 0.0 }, "geometry": { "type": "Point", "coordinates": [ -0.123446241686251, 51.448948450209343 ] } },
{ "type": "Feature", "properties": { "max_height": 4.6399993896484375, "mean_height": 0.23112933337688446, "std_height": 0.87594681978225708, "count_pixels": 42, "percent_cover": 0.020678246484698098, "percent_above_0.1m": 7.1428571428571423, "low_level_<0.5": 0.0, "mid_level_0.5-2": 0.0, "tall_2+": 7.1428571428571423 }, "geometry": { "type": "Point", "coordinates": [ -0.123246953280589, 51.448945258618878 ] } },
{ "type": "Feature", "properties": { "max_height": 5.8849983215332031, "mean_height": 1.0334513187408447, "std_height": 1.9368768930435181, "count_pixels": 42, "percent_cover": 0.020678246484698098, "percent_above_0.1m": 30.952380952380953, "low_level_<0.5": 4.7619047619047619, "mid_level_0.5-2": 4.7619047619047619, "tall_2+": 21.428571428571427 }, "geometry": { "type": "Point", "coordinates": [ -0.123047664911972, 51.448942066689632 ] } },
{ "type": "Feature", "properties": { "max_height": 1.342498779296875, "mean_height": 0.036218319088220596, "std_height": 0.20677556097507477, "count_pixels": 41, "percent_cover": 0.020185907282681475, "percent_above_0.1m": 2.4390243902439024, "low_level_<0.5": 0.0, "mid_level_0.5-2": 2.4390243902439024, "tall_2+": 0.0 }, "geometry": { "type": "Point", "coordinates": [ -0.122848376580398, 51.448938874421579 ] } },
{ "type": "Feature", "properties": { "max_height": 20.172500610351562, "mean_height": 2.9053561687469482, "std_height": 5.9828338623046875, "count_pixels": 42, "percent_cover": 0.020678246484698098, "percent_above_0.1m": 47.619047619047613, "low_level_<0.5": 14.285714285714285, "mid_level_0.5-2": 9.5238095238095237, "tall_2+": 21.428571428571427 }, "geometry": { "type": "Point", "coordinates": [ -0.122649088285881, 51.448935681814767 ] } },
{ "type": "Feature", "properties": { "max_height": 0.34749984741210938, "mean_height": 0.030669514089822769, "std_height": 0.080298751592636108, "count_pixels": 41, "percent_cover": 0.020185907282681475, "percent_above_0.1m": 9.7560975609756095, "low_level_<0.5": 9.7560975609756095, "mid_level_0.5-2": 0.0, "tall_2+": 0.0 }, "geometry": { "type": "Point", "coordinates": [ -0.1233421760002, 51.449054697582731 ] } },
{ "type": "Feature", "properties": { "max_height": 4.2599983215332031, "mean_height": 0.35577273368835449, "std_height": 0.95534598827362061, "count_pixels": 42, "percent_cover": 0.020678246484698098, "percent_above_0.1m": 14.285714285714285, "low_level_<0.5": 0.0, "mid_level_0.5-2": 4.7619047619047619, "tall_2+": 9.5238095238095237 }, "geometry": { "type": "Point", "coordinates": [ -0.123142887137369, 51.44905150581323 ] } },
{ "type": "Feature", "properties": { "max_height": 3.4399986267089844, "mean_height": 0.20761753618717194, "std_height": 0.68290042877197266, "count_pixels": 42, "percent_cover": 0.020678246484698098, "percent_above_0.1m": 14.285714285714285, "low_level_<0.5": 7.1428571428571423, "mid_level_0.5-2": 0.0, "tall_2+": 7.1428571428571423 }, "geometry": { "type": "Point", "coordinates": [ -0.122943598311588, 51.449048313704957 ] } },
{ "type": "Feature", "properties": { "max_height": 13.712501525878906, "mean_height": 3.5401778221130371, "std_height": 4.1722030639648438, "count_pixels": 42, "percent_cover": 0.020678246484698098, "percent_above_0.1m": 69.047619047619051, "low_level_<0.5": 7.1428571428571423, "mid_level_0.5-2": 16.666666666666664, "tall_2+": 45.238095238095241 }, "geometry": { "type": "Point", "coordinates": [ -0.122744309522852, 51.449045121257896 ] } },
{ "type": "Feature", "properties": { "max_height": 20.292499542236328, "mean_height": 14.252235412597656, "std_height": 8.6371841430664062, "count_pixels": 38, "percent_cover": 0.018708889676631611, "percent_above_0.1m": 78.94736842105263, "low_level_<0.5": 2.6315789473684208, "mid_level_0.5-2": 0.0, "tall_2+": 76.31578947368422 }, "geometry": { "type": "Point", "coordinates": [ -0.12254502077117, 51.449041928472035 ] } },
{ "type": "Feature", "properties": { "max_height": 0.22999954223632812, "mean_height": 0.010115246288478374, "std_height": 0.041839681565761566, "count_pixels": 43, "percent_cover": 0.021170585686714719, "percent_above_0.1m": 6.9767441860465116, "low_level_<0.5": 2.3255813953488373, "mid_level_0.5-2": 0.0, "tall_2+": 0.0 }, "geometry": { "type": "Point", "coordinates": [ -0.123437399176966, 51.449164136469399 ] } },
{ "type": "Feature", "properties": { "max_height": 9.7899971008300781, "mean_height": 1.978094220161438, "std_height": 3.0425848960876465, "count_pixels": 42, "percent_cover": 0.020678246484698098, "percent_above_0.1m": 57.142857142857139, "low_level_<0.5": 9.5238095238095237, "mid_level_0.5-2": 14.285714285714285, "tall_2+": 26.190476190476193 }, "geometry": { "type": "Point", "coordinates": [ -0.123238109819927, 51.449160944859642 ] } },
{ "type": "Feature", "properties": { "max_height": 9.8974990844726562, "mean_height": 4.8356537818908691, "std_height": 3.4999611377716064, "count_pixels": 42, "percent_cover": 0.020678246484698098, "percent_above_0.1m": 83.333333333333343, "low_level_<0.5": 7.1428571428571423, "mid_level_0.5-2": 4.7619047619047619, "tall_2+": 71.428571428571431 }, "geometry": { "type": "Point", "coordinates": [ -0.123038820499926, 51.44915775291112 ] } },
{ "type": "Feature", "properties": { "max_height": 13.602497100830078, "mean_height": 3.3761575222015381, "std_height": 4.4719405174255371, "count_pixels": 41, "percent_cover": 0.020185907282681475, "percent_above_0.1m": 58.536585365853654, "low_level_<0.5": 7.3170731707317067, "mid_level_0.5-2": 12.195121951219512, "tall_2+": 39.024390243902438 }, "geometry": { "type": "Point", "coordinates": [ -0.122839531216976, 51.449154560623789 ] } },
{ "type": "Feature", "properties": { "max_height": 14.937496185302734, "mean_height": 2.639819860458374, "std_height": 4.4335360527038574, "count_pixels": 42, "percent_cover": 0.020678246484698098, "percent_above_0.1m": 45.238095238095241, "low_level_<0.5": 7.1428571428571423, "mid_level_0.5-2": 4.7619047619047619, "tall_2+": 30.952380952380953 }, "geometry": { "type": "Point", "coordinates": [ -0.122640241971074, 51.449151367997693 ] } },
{ "type": "Feature", "properties": { "max_height": 7.2524986267089844, "mean_height": 0.24554787576198578, "std_height": 1.1296579837799072, "count_pixels": 41, "percent_cover": 0.020185907282681475, "percent_above_0.1m": 9.7560975609756095, "low_level_<0.5": 0.0, "mid_level_0.5-2": 7.3170731707317067, "tall_2+": 2.4390243902439024 }, "geometry": { "type": "Point", "coordinates": [ -0.123333332959641, 51.449270383828868 ] } },
{ "type": "Feature", "properties": { "max_height": 10.882499694824219, "mean_height": 2.4807724952697754, "std_height": 3.1722962856292725, "count_pixels": 42, "percent_cover": 0.020678246484698098, "percent_above_0.1m": 52.380952380952387, "low_level_<0.5": 2.3809523809523809, "mid_level_0.5-2": 4.7619047619047619, "tall_2+": 45.238095238095241 }, "geometry": { "type": "Point", "coordinates": [ -0.123134043145425, 51.449267192040075 ] } },
{ "type": "Feature", "properties": { "max_height": 2.9199981689453125, "mean_height": 0.092022672295570374, "std_height": 0.46466827392578125, "count_pixels": 42, "percent_cover": 0.020678246484698098, "percent_above_0.1m": 4.7619047619047619, "low_level_<0.5": 0.0, "mid_level_0.5-2": 2.3809523809523809, "tall_2+": 2.3809523809523809 }, "geometry": { "type": "Point", "coordinates": [ -0.122934753368252, 51.44926399991251 ] } },
{ "type": "Feature", "properties": { "max_height": 6.8624992370605469, "mean_height": 2.0227963924407959, "std_height": 2.3491687774658203, "count_pixels": 42, "percent_cover": 0.020678246484698098, "percent_above_0.1m": 54.761904761904766, "low_level_<0.5": 0.0, "mid_level_0.5-2": 11.904761904761903, "tall_2+": 42.857142857142854 }, "geometry": { "type": "Point", "coordinates": [ -0.122735463628129, 51.449260807446144 ] } },
{ "type": "Feature", "properties": { "max_height": 22.179996490478516, "mean_height": 9.6511173248291016, "std_height": 8.1433744430541992, "count_pixels": 38, "percent_cover": 0.018708889676631611, "percent_above_0.1m": 86.842105263157904, "low_level_<0.5": 0.0, "mid_level_0.5-2": 10.526315789473683, "tall_2+": 76.31578947368422 }, "geometry": { "type": "Point", "coordinates": [ -0.122536173925068, 51.449257614641013 ] } },
{ "type": "Feature", "properties": { "max_height": 11.669998168945312, "mean_height": 3.326427698135376, "std_height": 4.2493419647216797, "count_pixels": 42, "percent_cover": 0.020678246484698098, "percent_above_0.1m": 50.0, "low_level_<0.5": 4.7619047619047619, "mid_level_0.5-2": 7.1428571428571423, "tall_2+": 38.095238095238095 }, "geometry": { "type": "Point", "coordinates": [ -0.123229266248083, 51.449376631091859 ] } },
{ "type": "Feature", "properties": { "max_height": 4.9149971008300781, "mean_height": 0.40237972140312195, "std_height": 1.1609829664230347, "count_pixels": 42, "percent_cover": 0.020678246484698098, "percent_above_0.1m": 14.285714285714285, "low_level_<0.5": 2.3809523809523809, "mid_level_0.5-2": 2.3809523809523809, "tall_2+": 9.5238095238095237 }, "geometry": { "type": "Point", "coordinates": [ -0.123029975976695, 51.449373439124031 ] } },
{ "type": "Feature", "properties": { "max_height": 0.002498626708984375, "mean_height": -0.00061063066823408008, "std_height": 0.0017270467942580581, "count_pixels": 41, "percent_cover": 0.020185907282681475, "percent_above_0.1m": 0.0, "low_level_<0.5": 0.0, "mid_level_0.5-2": 0.0, "tall_2+": 0.0 }, "geometry": { "type": "Point", "coordinates": [ -0.122830685742346, 51.449370246817431 ] } },
{ "type": "Feature", "properties": { "max_height": 14.089996337890625, "mean_height": 3.3479151725769043, "std_height": 3.1564826965332031, "count_pixels": 42, "percent_cover": 0.020678246484698098, "percent_above_0.1m": 80.952380952380949, "low_level_<0.5": 4.7619047619047619, "mid_level_0.5-2": 11.904761904761903, "tall_2+": 61.904761904761905 }, "geometry": { "type": "Point", "coordinates": [ -0.122631395545056, 51.449367054172036 ] } },
{ "type": "Feature", "properties": { "max_height": 19.882499694824219, "mean_height": 4.8738679885864258, "std_height": 6.1382923126220703, "count_pixels": 42, "percent_cover": 0.020678246484698098, "percent_above_0.1m": 69.047619047619051, "low_level_<0.5": 4.7619047619047619, "mid_level_0.5-2": 9.5238095238095237, "tall_2+": 54.761904761904766 }, "geometry": { "type": "Point", "coordinates": [ -0.122432105384823, 51.449363861187855 ] } },
{ "type": "Feature", "properties": { "max_height": 4.5649948120117188, "mean_height": 0.49333226680755615, "std_height": 1.1215554475784302, "count_pixels": 42, "percent_cover": 0.020678246484698098, "percent_above_0.1m": 26.190476190476193, "low_level_<0.5": 0.0, "mid_level_0.5-2": 14.285714285714285, "tall_2+": 9.5238095238095237 }, "geometry": { "type": "Point", "coordinates": [ -0.123125199042293, 51.449482878258351 ] } },
{ "type": "Feature", "properties": { "max_height": 8.3774986267089844, "mean_height": 2.6530935764312744, "std_height": 2.4802412986755371, "count_pixels": 42, "percent_cover": 0.020678246484698098, "percent_above_0.1m": 69.047619047619051, "low_level_<0.5": 2.3809523809523809, "mid_level_0.5-2": 11.904761904761903, "tall_2+": 54.761904761904766 }, "geometry": { "type": "Point", "coordinates": [ -0.122925908313725, 51.449479686111502 ] } },
{ "type": "Feature", "properties": { "max_height": 12.547500610351562, "mean_height": 2.7680943012237549, "std_height": 3.8883588314056396, "count_pixels": 42, "percent_cover": 0.020678246484698098, "percent_above_0.1m": 47.619047619047613, "low_level_<0.5": 2.3809523809523809, "mid_level_0.5-2": 7.1428571428571423, "tall_2+": 38.095238095238095 }, "geometry": { "type": "Point", "coordinates": [ -0.122726617622207, 51.449476493625859 ] } },
{ "type": "Feature", "properties": { "max_height": 19.834995269775391, "mean_height": 4.6257228851318359, "std_height": 5.9007291793823242, "count_pixels": 38, "percent_cover": 0.018708889676631611, "percent_above_0.1m": 63.157894736842103, "low_level_<0.5": 0.0, "mid_level_0.5-2": 18.421052631578945, "tall_2+": 42.105263157894733 }, "geometry": { "type": "Point", "coordinates": [ -0.122527326967741, 51.449473300801415 ] } },
{ "type": "Feature", "properties": { "max_height": 12.887496948242188, "mean_height": 1.3957128524780273, "std_height": 3.2543425559997559, "count_pixels": 42, "percent_cover": 0.020678246484698098, "percent_above_0.1m": 26.190476190476193, "low_level_<0.5": 4.7619047619047619, "mid_level_0.5-2": 4.7619047619047619, "tall_2+": 16.666666666666664 }, "geometry": { "type": "Point", "coordinates": [ -0.122328036350337, 51.449470107638206 ] } },
{ "type": "Feature", "properties": { "max_height": 18.674995422363281, "mean_height": 7.8774399757385254, "std_height": 7.1391935348510742, "count_pixels": 42, "percent_cover": 0.020678246484698098, "percent_above_0.1m": 69.047619047619051, "low_level_<0.5": 2.3809523809523809, "mid_level_0.5-2": 4.7619047619047619, "tall_2+": 61.904761904761905 }, "geometry": { "type": "Point", "coordinates": [ -0.123021131342267, 51.449589125328366 ] } },
{ "type": "Feature", "properties": { "max_height": 20.009998321533203, "mean_height": 11.952682495117188, "std_height": 4.594174861907959, "count_pixels": 41, "percent_cover": 0.020185907282681475, "percent_above_0.1m": 100.0, "low_level_<0.5": 0.0, "mid_level_0.5-2": 4.8780487804878048, "tall_2+": 95.121951219512198 }, "geometry": { "type": "Point", "coordinates": [ -0.122821840156518, 51.449585933002481 ] } },
{ "type": "Feature", "properties": { "max_height": 9.7249984741210938, "mean_height": 1.5861896276473999, "std_height": 2.7477471828460693, "count_pixels": 42, "percent_cover": 0.020678246484698098, "percent_above_0.1m": 35.714285714285715, "low_level_<0.5": 2.3809523809523809, "mid_level_0.5-2": 7.1428571428571423, "tall_2+": 26.190476190476193 }, "geometry": { "type": "Point", "coordinates": [ -0.122622549007823, 51.44958274033781 ] } },
{ "type": "Feature", "properties": { "max_height": 14.022499084472656, "mean_height": 3.4644033908843994, "std_height": 4.6528382301330566, "count_pixels": 42, "percent_cover": 0.020678246484698098, "percent_above_0.1m": 61.904761904761905, "low_level_<0.5": 9.5238095238095237, "mid_level_0.5-2": 7.1428571428571423, "tall_2+": 45.238095238095241 }, "geometry": { "type": "Point", "coordinates": [ -0.122423257896185, 51.449579547334316 ] } },
{ "type": "Feature", "properties": { "max_height": 14.927501678466797, "mean_height": 2.7587192058563232, "std_height": 4.4831538200378418, "count_pixels": 41, "percent_cover": 0.020185907282681475, "percent_above_0.1m": 46.341463414634148, "low_level_<0.5": 7.3170731707317067, "mid_level_0.5-2": 7.3170731707317067, "tall_2+": 31.707317073170731 }, "geometry": { "type": "Point", "coordinates": [ -0.122223966821608, 51.449576353992057 ] } },
{ "type": "Feature", "properties": { "max_height": 2.3474960327148438, "mean_height": 0.28392782807350159, "std_height": 0.51063114404678345, "count_pixels": 42, "percent_cover": 0.020678246484698098, "percent_above_0.1m": 40.476190476190474, "low_level_<0.5": 11.904761904761903, "mid_level_0.5-2": 19.047619047619047, "tall_2+": 2.3809523809523809 }, "geometry": { "type": "Point", "coordinates": [ -0.12182538478365, 51.449569966291158 ] } },
{ "type": "Feature", "properties": { "max_height": 21.707504272460938, "mean_height": 9.008570671081543, "std_height": 8.2766485214233398, "count_pixels": 42, "percent_cover": 0.020678246484698098, "percent_above_0.1m": 73.80952380952381, "low_level_<0.5": 2.3809523809523809, "mid_level_0.5-2": 9.5238095238095237, "tall_2+": 61.904761904761905 }, "geometry": { "type": "Point", "coordinates": [ -0.122917063148, 51.449695372301896 ] } },
{ "type": "Feature", "properties": { "max_height": 9.2074966430664062, "mean_height": 1.0179157257080078, "std_height": 1.9744174480438232, "count_pixels": 42, "percent_cover": 0.020678246484698098, "percent_above_0.1m": 33.333333333333329, "low_level_<0.5": 0.0, "mid_level_0.5-2": 11.904761904761903, "tall_2+": 19.047619047619047 }, "geometry": { "type": "Point", "coordinates": [ -0.122717771505068, 51.449692179796976 ] } },
{ "type": "Feature", "properties": { "max_height": 16.172496795654297, "mean_height": 6.0791435241699219, "std_height": 5.6693582534790039, "count_pixels": 38, "percent_cover": 0.018708889676631611, "percent_above_0.1m": 71.05263157894737, "low_level_<0.5": 0.0, "mid_level_0.5-2": 10.526315789473683, "tall_2+": 60.526315789473685 }, "geometry": { "type": "Point", "coordinates": [ -0.122518479899197, 51.449688986953241 ] } },
{ "type": "Feature", "properties": { "max_height": 10.924999237060547, "mean_height": 1.6649988889694214, "std_height": 3.1712539196014404, "count_pixels": 42, "percent_cover": 0.020678246484698098, "percent_above_0.1m": 33.333333333333329, "low_level_<0.5": 0.0, "mid_level_0.5-2": 11.904761904761903, "tall_2+": 21.428571428571427 }, "geometry": { "type": "Point", "coordinates": [ -0.122319188330378, 51.449685793770733 ] } },
{ "type": "Feature", "properties": { "max_height": 0.04250335693359375, "mean_height": 0.00075522135011851788, "std_height": 0.0071641579270362854, "count_pixels": 43, "percent_cover": 0.021170585686714719, "percent_above_0.1m": 0.0, "low_level_<0.5": 0.0, "mid_level_0.5-2": 0.0, "tall_2+": 0.0 }, "geometry": { "type": "Point", "coordinates": [ -0.122119896798635, 51.449682600249425 ] } },
{ "type": "Feature", "properties": { "max_height": 10.165000915527344, "mean_height": 1.5354156494140625, "std_height": 2.7646260261535645, "count_pixels": 42, "percent_cover": 0.020678246484698098, "percent_above_0.1m": 35.714285714285715, "low_level_<0.5": 7.1428571428571423, "mid_level_0.5-2": 2.3809523809523809, "tall_2+": 26.190476190476193 }, "geometry": { "type": "Point", "coordinates": [ -0.121920605303945, 51.449679406389343 ] } },
{ "type": "Feature", "properties": { "max_height": 17.882499694824219, "mean_height": 6.2078561782836914, "std_height": 5.9072227478027344, "count_pixels": 42, "percent_cover": 0.020678246484698098, "percent_above_0.1m": 80.952380952380949, "low_level_<0.5": 7.1428571428571423, "mid_level_0.5-2": 11.904761904761903, "tall_2+": 61.904761904761905 }, "geometry": { "type": "Point", "coordinates": [ -0.121721313846335, 51.44967621219044 ] } },
{ "type": "Feature", "properties": { "max_height": 0.94250106811523438, "mean_height": 0.091645307838916779, "std_height": 0.22823694348335266, "count_pixels": 41, "percent_cover": 0.020185907282681475, "percent_above_0.1m": 17.073170731707318, "low_level_<0.5": 4.8780487804878048, "mid_level_0.5-2": 9.7560975609756095, "tall_2+": 0.0 }, "geometry": { "type": "Point", "coordinates": [ -0.122812994459486, 51.449801619178942 ] } },
{ "type": "Feature", "properties": { "max_height": 8.6824989318847656, "mean_height": 0.9201776385307312, "std_height": 1.7912893295288086, "count_pixels": 42, "percent_cover": 0.020678246484698098, "percent_above_0.1m": 33.333333333333329, "low_level_<0.5": 2.3809523809523809, "mid_level_0.5-2": 7.1428571428571423, "tall_2+": 21.428571428571427 }, "geometry": { "type": "Point", "coordinates": [ -0.122613702359374, 51.449798426494979 ] } },
{ "type": "Feature", "properties": { "max_height": 5.8199996948242188, "mean_height": 0.2436305433511734, "std_height": 0.95403707027435303, "count_pixels": 42, "percent_cover": 0.020678246484698098, "percent_above_0.1m": 9.5238095238095237, "low_level_<0.5": 0.0, "mid_level_0.5-2": 7.1428571428571423, "tall_2+": 2.3809523809523809 }, "geometry": { "type": "Point", "coordinates": [ -0.122414410296322, 51.449795233472216 ] } },
{ "type": "Feature", "properties": { "max_height": 0.042499542236328125, "mean_height": 0.0010356437414884567, "std_height": 0.0066023771651089191, "count_pixels": 41, "percent_cover": 0.020185907282681475, "percent_above_0.1m": 0.0, "low_level_<0.5": 0.0, "mid_level_0.5-2": 0.0, "tall_2+": 0.0 }, "geometry": { "type": "Point", "coordinates": [ -0.122215118270329, 51.449792040110658 ] } },
{ "type": "Feature", "properties": { "max_height": 5.7249984741210938, "mean_height": 0.2554871141910553, "std_height": 0.99883365631103516, "count_pixels": 41, "percent_cover": 0.020185907282681475, "percent_above_0.1m": 12.195121951219512, "low_level_<0.5": 2.4390243902439024, "mid_level_0.5-2": 2.4390243902439024, "tall_2+": 4.8780487804878048 }, "geometry": { "type": "Point", "coordinates": [ -0.122015826281403, 51.449788846410307 ] } },
{ "type": "Feature", "properties": { "max_height": 11.327495574951172, "mean_height": 5.1397609710693359, "std_height": 3.4746623039245605, "count_pixels": 42, "percent_cover": 0.020678246484698098, "percent_above_0.1m": 90.476190476190482, "low_level_<0.5": 2.3809523809523809, "mid_level_0.5-2": 11.904761904761903, "tall_2+": 76.19047619047619 }, "geometry": { "type": "Point", "coordinates": [ -0.121816534329544, 51.449785652371169 ] } },
{ "type": "Feature", "properties": { "max_height": 0.71500015258789062, "mean_height": 0.044820874929428101, "std_height": 0.13914749026298523, "count_pixels": 42, "percent_cover": 0.020678246484698098, "percent_above_0.1m": 11.904761904761903, "low_level_<0.5": 9.5238095238095237, "mid_level_0.5-2": 2.3809523809523809, "tall_2+": 0.0 }, "geometry": { "type": "Point", "coordinates": [ -0.122708925276723, 51.449907865959503 ] } },
{ "type": "Feature", "properties": { "max_height": 9.342498779296875, "mean_height": 4.0978941917419434, "std_height": 2.8010962009429932, "count_pixels": 38, "percent_cover": 0.018708889676631611, "percent_above_0.1m": 86.842105263157904, "low_level_<0.5": 2.6315789473684208, "mid_level_0.5-2": 13.157894736842104, "tall_2+": 71.05263157894737 }, "geometry": { "type": "Point", "coordinates": [ -0.12250963271943, 51.449904673096484 ] } },
{ "type": "Feature", "properties": { "max_height": 0.0, "mean_height": -6.0853504692204297e-05, "std_height": 0.00038072053575888276, "count_pixels": 42, "percent_cover": 0.020678246484698098, "percent_above_0.1m": 0.0, "low_level_<0.5": 0.0, "mid_level_0.5-2": 0.0, "tall_2+": 0.0 }, "geometry": { "type": "Point", "coordinates": [ -0.12231034019919, 51.449901479894692 ] } },
{ "type": "Feature", "properties": { "max_height": 7.7625007629394531, "mean_height": 1.5486617088317871, "std_height": 2.4860024452209473, "count_pixels": 43, "percent_cover": 0.021170585686714719, "percent_above_0.1m": 39.534883720930232, "low_level_<0.5": 0.0, "mid_level_0.5-2": 13.953488372093023, "tall_2+": 25.581395348837212 }, "geometry": { "type": "Point", "coordinates": [ -0.122111047716022, 51.449898286354085 ] } },
{ "type": "Feature", "properties": { "max_height": 7.6674995422363281, "mean_height": 1.0212490558624268, "std_height": 2.0060300827026367, "count_pixels": 42, "percent_cover": 0.020678246484698098, "percent_above_0.1m": 30.952380952380953, "low_level_<0.5": 4.7619047619047619, "mid_level_0.5-2": 4.7619047619047619, "tall_2+": 21.428571428571427 }, "geometry": { "type": "Point", "coordinates": [ -0.121911755269919, 51.449895092474712 ] } },
{ "type": "Feature", "properties": { "max_height": 20.352497100830078, "mean_height": 6.3475589752197266, "std_height": 7.0429134368896484, "count_pixels": 42, "percent_cover": 0.020678246484698098, "percent_above_0.1m": 92.857142857142861, "low_level_<0.5": 4.7619047619047619, "mid_level_0.5-2": 33.333333333333329, "tall_2+": 54.761904761904766 }, "geometry": { "type": "Point", "coordinates": [ -0.121712462860888, 51.449891898256517 ] } },
{ "type": "Feature", "properties": { "max_height": 5.6124992370605469, "mean_height": 0.89148730039596558, "std_height": 1.6298822164535522, "count_pixels": 42, "percent_cover": 0.020678246484698098, "percent_above_0.1m": 35.714285714285715, "low_level_<0.5": 2.3809523809523809, "mid_level_0.5-2": 16.666666666666664, "tall_2+": 16.666666666666664 }, "geometry": { "type": "Point", "coordinates": [ -0.122604855599709, 51.450014112643572 ] } },
{ "type": "Feature", "properties": { "max_height": 8.7974967956542969, "mean_height": 0.98839187622070312, "std_height": 1.8953077793121338, "count_pixels": 42, "percent_cover": 0.020678246484698098, "percent_above_0.1m": 33.333333333333329, "low_level_<0.5": 0.0, "mid_level_0.5-2": 14.285714285714285, "tall_2+": 19.047619047619047 }, "geometry": { "type": "Point", "coordinates": [ -0.122405562585227, 51.450010919601525 ] } },
{ "type": "Feature", "properties": { "max_height": 6.875, "mean_height": 1.0714626312255859, "std_height": 1.6217905282974243, "count_pixels": 41, "percent_cover": 0.020185907282681475, "percent_above_0.1m": 48.780487804878049, "low_level_<0.5": 4.8780487804878048, "mid_level_0.5-2": 19.512195121951219, "tall_2+": 24.390243902439025 }, "geometry": { "type": "Point", "coordinates": [ -0.122206269607808, 51.450007726220683 ] } },
{ "type": "Feature", "properties": { "max_height": 5.2125015258789062, "mean_height": 0.54426795244216919, "std_height": 1.1031730175018311, "count_pixels": 41, "percent_cover": 0.020185907282681475, "percent_above_0.1m": 29.268292682926827, "low_level_<0.5": 2.4390243902439024, "mid_level_0.5-2": 9.7560975609756095, "tall_2+": 14.634146341463413 }, "geometry": { "type": "Point", "coordinates": [ -0.122006976667458, 51.450004532501033 ] } },
{ "type": "Feature", "properties": { "max_height": 8.3774986267089844, "mean_height": 2.2067253589630127, "std_height": 2.8025186061859131, "count_pixels": 42, "percent_cover": 0.020678246484698098, "percent_above_0.1m": 57.142857142857139, "low_level_<0.5": 2.3809523809523809, "mid_level_0.5-2": 16.666666666666664, "tall_2+": 38.095238095238095 }, "geometry": { "type": "Point", "coordinates": [ -0.121807683764175, 51.45000133844259 ] } },
{ "type": "Feature", "properties": { "max_height": 7.0475006103515625, "mean_height": 0.73434096574783325, "std_height": 1.5634644031524658, "count_pixels": 38, "percent_cover": 0.018708889676631611, "percent_above_0.1m": 39.473684210526315, "low_level_<0.5": 13.157894736842104, "mid_level_0.5-2": 10.526315789473683, "tall_2+": 13.157894736842104 }, "geometry": { "type": "Point", "coordinates": [ -0.122500785428436, 51.450120359231164 ] } },
{ "type": "Feature", "properties": { "max_height": 19.597496032714844, "mean_height": 10.366963386535645, "std_height": 6.0792040824890137, "count_pixels": 42, "percent_cover": 0.020678246484698098, "percent_above_0.1m": 95.238095238095227, "low_level_<0.5": 2.3809523809523809, "mid_level_0.5-2": 7.1428571428571423, "tall_2+": 85.714285714285708 }, "geometry": { "type": "Point", "coordinates": [ -0.122301491956771, 51.450117166010074 ] } },
{ "type": "Feature", "properties": { "max_height": 1.0999984741210938, "mean_height": 0.027906106784939766, "std_height": 0.1659712940454483, "count_pixels": 43, "percent_cover": 0.021170585686714719, "percent_above_0.1m": 2.3255813953488373, "low_level_<0.5": 0.0, "mid_level_0.5-2": 2.3255813953488373, "tall_2+": 0.0 }, "geometry": { "type": "Point", "coordinates": [ -0.122102198522162, 51.450113972450161 ] } },
{ "type": "Feature", "properties": { "max_height": 3.5824966430664062, "mean_height": 0.091903597116470337, "std_height": 0.54588222503662109, "count_pixels": 42, "percent_cover": 0.020678246484698098, "percent_above_0.1m": 4.7619047619047619, "low_level_<0.5": 2.3809523809523809, "mid_level_0.5-2": 0.0, "tall_2+": 2.3809523809523809 }, "geometry": { "type": "Point", "coordinates": [ -0.121902905124632, 51.450110778551483 ] } },
{ "type": "Feature", "properties": { "max_height": 19.842498779296875, "mean_height": 5.0013084411621094, "std_height": 7.8528814315795898, "count_pixels": 42, "percent_cover": 0.020678246484698098, "percent_above_0.1m": 42.857142857142854, "low_level_<0.5": 2.3809523809523809, "mid_level_0.5-2": 7.1428571428571423, "tall_2+": 33.333333333333329 }, "geometry": { "type": "Point", "coordinates": [ -0.121703611764169, 51.450107584313997 ] } },
{ "type": "Feature", "properties": { "max_height": 14.884998321533203, "mean_height": 2.5208320617675781, "std_height": 3.7664635181427002, "count_pixels": 42, "percent_cover": 0.020678246484698098, "percent_above_0.1m": 50.0, "low_level_<0.5": 4.7619047619047619, "mid_level_0.5-2": 11.904761904761903, "tall_2+": 33.333333333333329 }, "geometry": { "type": "Point", "coordinates": [ -0.122396714762905, 51.45022660572225 ] } },
{ "type": "Feature", "properties": { "max_height": 13.590000152587891, "mean_height": 1.3229259252548218, "std_height": 3.3057997226715088, "count_pixels": 41, "percent_cover": 0.020185907282681475, "percent_above_0.1m": 29.268292682926827, "low_level_<0.5": 9.7560975609756095, "mid_level_0.5-2": 2.4390243902439024, "tall_2+": 17.073170731707318 }, "geometry": { "type": "Point", "coordinates": [ -0.122197420834046, 51.450223412322117 ] } },
{ "type": "Feature", "properties": { "max_height": 10.474998474121094, "mean_height": 0.83615779876708984, "std_height": 2.5924148559570312, "count_pixels": 41, "percent_cover": 0.020185907282681475, "percent_above_0.1m": 14.634146341463413, "low_level_<0.5": 0.0, "mid_level_0.5-2": 7.3170731707317067, "tall_2+": 7.3170731707317067 }, "geometry": { "type": "Point", "coordinates": [ -0.121998126942259, 51.450220218583162 ] } },
{ "type": "Feature", "properties": { "max_height": 0.26749801635742188, "mean_height": 0.014820643700659275, "std_height": 0.049184683710336685, "count_pixels": 42, "percent_cover": 0.020678246484698098, "percent_above_0.1m": 4.7619047619047619, "low_level_<0.5": 4.7619047619047619, "mid_level_0.5-2": 0.0, "tall_2+": 0.0 }, "geometry": { "type": "Point", "coordinates": [ -0.121798833087535, 51.450217024505456 ] } },
{ "type": "Feature", "properties": { "max_height": 19.949996948242188, "mean_height": 5.8138680458068848, "std_height": 6.3561477661132812, "count_pixels": 42, "percent_cover": 0.020678246484698098, "percent_above_0.1m": 78.571428571428569, "low_level_<0.5": 2.3809523809523809, "mid_level_0.5-2": 14.285714285714285, "tall_2+": 61.904761904761905 }, "geometry": { "type": "Point", "coordinates": [ -0.121599539269896, 51.450213830088899 ] } },
{ "type": "Feature", "properties": { "max_height": 8.8349990844726562, "mean_height": 1.9250576496124268, "std_height": 2.4488272666931152, "count_pixels": 43, "percent_cover": 0.021170585686714719, "percent_above_0.1m": 53.488372093023251, "low_level_<0.5": 6.9767441860465116, "mid_level_0.5-2": 9.3023255813953494, "tall_2+": 37.209302325581397 }, "geometry": { "type": "Point", "coordinates": [ -0.121400245489329, 51.450210635333569 ] } },
{ "type": "Feature", "properties": { "max_height": 2.0324974060058594, "mean_height": 0.11618959158658981, "std_height": 0.37654435634613037, "count_pixels": 42, "percent_cover": 0.020678246484698098, "percent_above_0.1m": 19.047619047619047, "low_level_<0.5": 0.0, "mid_level_0.5-2": 4.7619047619047619, "tall_2+": 2.3809523809523809 }, "geometry": { "type": "Point", "coordinates": [ -0.122292643603102, 51.450332852116858 ] } },
{ "type": "Feature", "properties": { "max_height": 14.084999084472656, "mean_height": 2.5337202548980713, "std_height": 4.0277514457702637, "count_pixels": 43, "percent_cover": 0.021170585686714719, "percent_above_0.1m": 37.209302325581397, "low_level_<0.5": 0.0, "mid_level_0.5-2": 4.6511627906976747, "tall_2+": 32.558139534883722 }, "geometry": { "type": "Point", "coordinates": [ -0.12209334921706, 51.450329658537669 ] } },
{ "type": "Feature", "properties": { "max_height": 11.457496643066406, "mean_height": 1.8608914613723755, "std_height": 3.2457475662231445, "count_pixels": 42, "percent_cover": 0.020678246484698098, "percent_above_0.1m": 38.095238095238095, "low_level_<0.5": 0.0, "mid_level_0.5-2": 11.904761904761903, "tall_2+": 26.190476190476193 }, "geometry": { "type": "Point", "coordinates": [ -0.121894054868081, 51.450326464619693 ] } },
{ "type": "Feature", "properties": { "max_height": 13.484996795654297, "mean_height": 3.3797607421875, "std_height": 4.138887882232666, "count_pixels": 42, "percent_cover": 0.020678246484698098, "percent_above_0.1m": 57.142857142857139, "low_level_<0.5": 2.3809523809523809, "mid_level_0.5-2": 9.5238095238095237, "tall_2+": 45.238095238095241 }, "geometry": { "type": "Point", "coordinates": [ -0.121694760556175, 51.450323270362894 ] } },
{ "type": "Feature", "properties": { "max_height": 8.8874969482421875, "mean_height": 3.3358523845672607, "std_height": 3.0421457290649414, "count_pixels": 41, "percent_cover": 0.020185907282681475, "percent_above_0.1m": 70.731707317073173, "low_level_<0.5": 4.8780487804878048, "mid_level_0.5-2": 9.7560975609756095, "tall_2+": 56.09756097560976 }, "geometry": { "type": "Point", "coordinates": [ -0.12149546628135, 51.450320075767316 ] } },
{ "type": "Feature", "properties": { "max_height": 21.422500610351562, "mean_height": 10.252498626708984, "std_height": 7.0674295425415039, "count_pixels": 41, "percent_cover": 0.020185907282681475, "percent_above_0.1m": 95.121951219512198, "low_level_<0.5": 0.0, "mid_level_0.5-2": 7.3170731707317067, "tall_2+": 87.804878048780495 }, "geometry": { "type": "Point", "coordinates": [ -0.121296172043603, 51.450316880832929 ] } },
{ "type": "Feature", "properties": { "max_height": 1.0849990844726562, "mean_height": 0.050791483372449875, "std_height": 0.17401757836341858, "count_pixels": 41, "percent_cover": 0.020185907282681475, "percent_above_0.1m": 7.3170731707317067, "low_level_<0.5": 4.8780487804878048, "mid_level_0.5-2": 2.4390243902439024, "tall_2+": 0.0 }, "geometry": { "type": "Point", "coordinates": [ -0.122188571949038, 51.450439098414982 ] } },
{ "type": "Feature", "properties": { "max_height": 14.267498016357422, "mean_height": 3.905670166015625, "std_height": 4.5314702987670898, "count_pixels": 41, "percent_cover": 0.020185907282681475, "percent_above_0.1m": 56.09756097560976, "low_level_<0.5": 2.4390243902439024, "mid_level_0.5-2": 4.8780487804878048, "tall_2+": 48.780487804878049 }, "geometry": { "type": "Point", "coordinates": [ -0.121989277105803, 51.450435904656743 ] } },
{ "type": "Feature", "properties": { "max_height": 15.424999237060547, "mean_height": 6.5073199272155762, "std_height": 3.855764627456665, "count_pixels": 42, "percent_cover": 0.020678246484698098, "percent_above_0.1m": 97.61904761904762, "low_level_<0.5": 0.0, "mid_level_0.5-2": 7.1428571428571423, "tall_2+": 90.476190476190482 }, "geometry": { "type": "Point", "coordinates": [ -0.121789982299631, 51.450432710559724 ] } },
{ "type": "Feature", "properties": { "max_height": 10.414997100830078, "mean_height": 1.069105863571167, "std_height": 2.3469531536102295, "count_pixels": 42, "percent_cover": 0.020678246484698098, "percent_above_0.1m": 28.571428571428569, "low_level_<0.5": 4.7619047619047619, "mid_level_0.5-2": 4.7619047619047619, "tall_2+": 19.047619047619047 }, "geometry": { "type": "Point", "coordinates": [ -0.12159068753054, 51.450429516123876 ] } },
{ "type": "Feature", "properties": { "max_height": 8.7024993896484375, "mean_height": 1.8544180393218994, "std_height": 2.6002733707427979, "count_pixels": 43, "percent_cover": 0.021170585686714719, "percent_above_0.1m": 51.162790697674424, "low_level_<0.5": 9.3023255813953494, "mid_level_0.5-2": 6.9767441860465116, "tall_2+": 34.883720930232556 }, "geometry": { "type": "Point", "coordinates": [ -0.121391392798528, 51.450426321349219 ] } },
{ "type": "Feature", "properties": { "max_height": 4.2550010681152344, "mean_height": 0.79440468549728394, "std_height": 1.310112476348877, "count_pixels": 42, "percent_cover": 0.020678246484698098, "percent_above_0.1m": 45.238095238095241, "low_level_<0.5": 7.1428571428571423, "mid_level_0.5-2": 16.666666666666664, "tall_2+": 16.666666666666664 }, "geometry": { "type": "Point", "coordinates": [ -0.122283795277714, 51.450548538151381 ] } },
{ "type": "Feature", "properties": { "max_height": 1.4124984741210938, "mean_height": 0.092790290713310242, "std_height": 0.27928018569946289, "count_pixels": 43, "percent_cover": 0.021170585686714719, "percent_above_0.1m": 13.953488372093023, "low_level_<0.5": 2.3255813953488373, "mid_level_0.5-2": 9.3023255813953494, "tall_2+": 0.0 }, "geometry": { "type": "Point", "coordinates": [ -0.122084499933918, 51.450545344555806 ] } },
{ "type": "Feature", "properties": { "max_height": 15.652496337890625, "mean_height": 2.7690467834472656, "std_height": 4.0645709037780762, "count_pixels": 42, "percent_cover": 0.020678246484698098, "percent_above_0.1m": 47.619047619047613, "low_level_<0.5": 7.1428571428571423, "mid_level_0.5-2": 7.1428571428571423, "tall_2+": 33.333333333333329 }, "geometry": { "type": "Point", "coordinates": [ -0.121885204627187, 51.450542150621388 ] } },
{ "type": "Feature", "properties": { "max_height": 16.652500152587891, "mean_height": 7.4086294174194336, "std_height": 5.5322232246398926, "count_pixels": 42, "percent_cover": 0.020678246484698098, "percent_above_0.1m": 73.80952380952381, "low_level_<0.5": 0.0, "mid_level_0.5-2": 0.0, "tall_2+": 73.80952380952381 }, "geometry": { "type": "Point", "coordinates": [ -0.121685909357531, 51.450538956348126 ] } },
{ "type": "Feature", "properties": { "max_height": 4.5949974060058594, "mean_height": 0.71725547313690186, "std_height": 1.2373764514923096, "count_pixels": 41, "percent_cover": 0.020185907282681475, "percent_above_0.1m": 31.707317073170731, "low_level_<0.5": 0.0, "mid_level_0.5-2": 12.195121951219512, "tall_2+": 19.512195121951219 }, "geometry": { "type": "Point", "coordinates": [ -0.121486614124952, 51.450535761736027 ] } },
{ "type": "Feature", "properties": { "max_height": 19.862499237060547, "mean_height": 4.3684139251708984, "std_height": 5.3937492370605469, "count_pixels": 41, "percent_cover": 0.020185907282681475, "percent_above_0.1m": 75.609756097560975, "low_level_<0.5": 7.3170731707317067, "mid_level_0.5-2": 14.634146341463413, "tall_2+": 48.780487804878049 }, "geometry": { "type": "Point", "coordinates": [ -0.121287318929459, 51.450532566785057 ] } },
{ "type": "Feature", "properties": { "max_height": 0.20499801635742188, "mean_height": 0.017560167238116264, "std_height": 0.044318672269582748, "count_pixels": 41, "percent_cover": 0.020185907282681475, "percent_above_0.1m": 7.3170731707317067, "low_level_<0.5": 2.4390243902439024, "mid_level_0.5-2": 0.0, "tall_2+": 0.0 }, "geometry": { "type": "Point", "coordinates": [ -0.12217972349392, 51.450654784298344 ] } },
{ "type": "Feature", "properties": { "max_height": 0.0, "mean_height": -9.3041398940840736e-07, "std_height": 1.6381628711314988e-06, "count_pixels": 41, "percent_cover": 0.020185907282681475, "percent_above_0.1m": 0.0, "low_level_<0.5": 0.0, "mid_level_0.5-2": 0.0, "tall_2+": 0.0 }, "geometry": { "type": "Point", "coordinates": [ -0.121980427686602, 51.450651590527265 ] } },
{ "type": "Feature", "properties": { "max_height": 8.7599983215332031, "mean_height": 2.0371417999267578, "std_height": 2.7833015918731689, "count_pixels": 42, "percent_cover": 0.020678246484698098, "percent_above_0.1m": 52.380952380952387, "low_level_<0.5": 4.7619047619047619, "mid_level_0.5-2": 9.5238095238095237, "tall_2+": 35.714285714285715 }, "geometry": { "type": "Point", "coordinates": [ -0.12178113191635, 51.4506483964173 ] } },
{ "type": "Feature", "properties": { "max_height": 4.4749984741210938, "mean_height": 0.15089161694049835, "std_height": 0.71843564510345459, "count_pixels": 42, "percent_cover": 0.020678246484698098, "percent_above_0.1m": 7.1428571428571423, "low_level_<0.5": 2.3809523809523809, "mid_level_0.5-2": 2.3809523809523809, "tall_2+": 2.3809523809523809 }, "geometry": { "type": "Point", "coordinates": [ -0.121581836183178, 51.450645201968463 ] } },
{ "type": "Feature", "properties": { "max_height": 5.0224990844726562, "mean_height": 0.86871993541717529, "std_height": 1.5527570247650146, "count_pixels": 43, "percent_cover": 0.021170585686714719, "percent_above_0.1m": 41.860465116279073, "low_level_<0.5": 11.627906976744185, "mid_level_0.5-2": 9.3023255813953494, "tall_2+": 18.604651162790699 }, "geometry": { "type": "Point", "coordinates": [ -0.121382540487084, 51.450642007180733 ] } },
{ "type": "Feature", "properties": { "max_height": 1.3699989318847656, "mean_height": 0.10371984541416168, "std_height": 0.24565991759300232, "count_pixels": 43, "percent_cover": 0.021170585686714719, "percent_above_0.1m": 25.581395348837212, "low_level_<0.5": 9.3023255813953494, "mid_level_0.5-2": 4.6511627906976747, "tall_2+": 0.0 }, "geometry": { "type": "Point", "coordinates": [ -0.12207565123311, 51.450761030332231 ] } },
{ "type": "Feature", "properties": { "max_height": 0.71999740600585938, "mean_height": 0.019284747540950775, "std_height": 0.11028920859098434, "count_pixels": 42, "percent_cover": 0.020678246484698098, "percent_above_0.1m": 2.3809523809523809, "low_level_<0.5": 0.0, "mid_level_0.5-2": 2.3809523809523809, "tall_2+": 0.0 }, "geometry": { "type": "Point", "coordinates": [ -0.121876354968578, 51.450757836383495 ] } },
{ "type": "Feature", "properties": { "max_height": 1.8899993896484375, "mean_height": 0.056546710431575775, "std_height": 0.29022878408432007, "count_pixels": 42, "percent_cover": 0.020678246484698098, "percent_above_0.1m": 7.1428571428571423, "low_level_<0.5": 2.3809523809523809, "mid_level_0.5-2": 2.3809523809523809, "tall_2+": 0.0 }, "geometry": { "type": "Point", "coordinates": [ -0.121677058741116, 51.45075464209588 ] } },
{ "type": "Feature", "properties": { "max_height": 11.272499084472656, "mean_height": 0.86499840021133423, "std_height": 2.3215270042419434, "count_pixels": 41, "percent_cover": 0.020185907282681475, "percent_above_0.1m": 29.268292682926827, "low_level_<0.5": 2.4390243902439024, "mid_level_0.5-2": 12.195121951219512, "tall_2+": 9.7560975609756095 }, "geometry": { "type": "Point", "coordinates": [ -0.12147776255073, 51.450751447469386 ] } },
{ "type": "Feature", "properties": { "max_height": 13.62249755859375, "mean_height": 3.6324374675750732, "std_height": 3.6658318042755127, "count_pixels": 41, "percent_cover": 0.020185907282681475, "percent_above_0.1m": 75.609756097560975, "low_level_<0.5": 7.3170731707317067, "mid_level_0.5-2": 14.634146341463413, "tall_2+": 51.219512195121951 }, "geometry": { "type": "Point", "coordinates": [ -0.121971578478007, 51.450867276271104 ] } },
{ "type": "Feature", "properties": { "max_height": 12.149997711181641, "mean_height": 3.8686306476593018, "std_height": 3.7988734245300293, "count_pixels": 42, "percent_cover": 0.020678246484698098, "percent_above_0.1m": 80.952380952380949, "low_level_<0.5": 4.7619047619047619, "mid_level_0.5-2": 14.285714285714285, "tall_2+": 57.142857142857139 }, "geometry": { "type": "Point", "coordinates": [ -0.121772281756255, 51.450864082144726 ] } },
{ "type": "Feature", "properties": { "max_height": 15.014999389648438, "mean_height": 3.6983323097229004, "std_height": 4.4685897827148438, "count_pixels": 42, "percent_cover": 0.020678246484698098, "percent_above_0.1m": 66.666666666666657, "low_level_<0.5": 0.0, "mid_level_0.5-2": 11.904761904761903, "tall_2+": 50.0 }, "geometry": { "type": "Point", "coordinates": [ -0.121034901437917, 51.451823485445011 ] } },
{ "type": "Feature", "properties": { "max_height": 16.670001983642578, "mean_height": 8.7651176452636719, "std_height": 5.8501863479614258, "count_pixels": 42, "percent_cover": 0.020678246484698098, "percent_above_0.1m": 92.857142857142861, "low_level_<0.5": 2.3809523809523809, "mid_level_0.5-2": 9.5238095238095237, "tall_2+": 80.952380952380949 }, "geometry": { "type": "Point", "coordinates": [ -0.120835600601134, 51.451820289719628 ] } },
{ "type": "Feature", "properties": { "max_height": 16.887496948242188, "mean_height": 1.9601738452911377, "std_height": 3.7477800846099854, "count_pixels": 43, "percent_cover": 0.021170585686714719, "percent_above_0.1m": 30.232558139534881, "low_level_<0.5": 0.0, "mid_level_0.5-2": 2.3255813953488373, "tall_2+": 27.906976744186046 }, "geometry": { "type": "Point", "coordinates": [ -0.121329426438912, 51.451936121223056 ] } },
{ "type": "Feature", "properties": { "max_height": 14.154998779296875, "mean_height": 3.5623798370361328, "std_height": 4.4020829200744629, "count_pixels": 42, "percent_cover": 0.020678246484698098, "percent_above_0.1m": 57.142857142857139, "low_level_<0.5": 4.7619047619047619, "mid_level_0.5-2": 7.1428571428571423, "tall_2+": 45.238095238095241 }, "geometry": { "type": "Point", "coordinates": [ -0.121130125070713, 51.451932925997802 ] } },
{ "type": "Feature", "properties": { "max_height": 16.274997711181641, "mean_height": 9.4280891418457031, "std_height": 4.4422736167907715, "count_pixels": 38, "percent_cover": 0.018708889676631611, "percent_above_0.1m": 97.368421052631575, "low_level_<0.5": 2.6315789473684208, "mid_level_0.5-2": 0.0, "tall_2+": 94.73684210526315 }, "geometry": { "type": "Point", "coordinates": [ -0.120930823739601, 51.451929730433662 ] } },
{ "type": "Feature", "properties": { "max_height": 14.689998626708984, "mean_height": 7.400475025177002, "std_height": 4.4727897644042969, "count_pixels": 42, "percent_cover": 0.020678246484698098, "percent_above_0.1m": 90.476190476190482, "low_level_<0.5": 2.3809523809523809, "mid_level_0.5-2": 4.7619047619047619, "tall_2+": 83.333333333333343 }, "geometry": { "type": "Point", "coordinates": [ -0.12073152244558, 51.451926534530614 ] } },
{ "type": "Feature", "properties": { "max_height": 0.18000030517578125, "mean_height": 0.017194747924804688, "std_height": 0.038548987358808517, "count_pixels": 41, "percent_cover": 0.020185907282681475, "percent_above_0.1m": 4.8780487804878048, "low_level_<0.5": 2.4390243902439024, "mid_level_0.5-2": 0.0, "tall_2+": 0.0 }, "geometry": { "type": "Point", "coordinates": [ -0.121225349160734, 51.452042366472021 ] } },
{ "type": "Feature", "properties": { "max_height": 8.4724960327148438, "mean_height": 0.82208263874053955, "std_height": 1.9459302425384521, "count_pixels": 42, "percent_cover": 0.020678246484698098, "percent_above_0.1m": 23.809523809523807, "low_level_<0.5": 7.1428571428571423, "mid_level_0.5-2": 0.0, "tall_2+": 16.666666666666664 }, "geometry": { "type": "Point", "coordinates": [ -0.121026047335287, 51.452039171069096 ] } },
{ "type": "Feature", "properties": { "max_height": 13.827499389648438, "mean_height": 6.7928566932678223, "std_height": 4.3152637481689453, "count_pixels": 42, "percent_cover": 0.020678246484698098, "percent_above_0.1m": 90.476190476190482, "low_level_<0.5": 4.7619047619047619, "mid_level_0.5-2": 4.7619047619047619, "tall_2+": 80.952380952380949 }, "geometry": { "type": "Point", "coordinates": [ -0.120826745546935, 51.45203597532727 ] } },
{ "type": "Feature", "properties": { "max_height": 20.24749755859375, "mean_height": 5.0078043937683105, "std_height": 4.5739407539367676, "count_pixels": 41, "percent_cover": 0.020185907282681475, "percent_above_0.1m": 92.682926829268297, "low_level_<0.5": 9.7560975609756095, "mid_level_0.5-2": 14.634146341463413, "tall_2+": 65.853658536585371 }, "geometry": { "type": "Point", "coordinates": [ -0.120627443795687, 51.452032779246544 ] } },
{ "type": "Feature", "properties": { "max_height": 10.612499237060547, "mean_height": 2.5224993228912354, "std_height": 3.3693032264709473, "count_pixels": 42, "percent_cover": 0.020678246484698098, "percent_above_0.1m": 59.523809523809526, "low_level_<0.5": 0.0, "mid_level_0.5-2": 19.047619047619047, "tall_2+": 35.714285714285715 }, "geometry": { "type": "Point", "coordinates": [ -0.121121271388205, 51.452148611625937 ] } },
{ "type": "Feature", "properties": { "max_height": 14.407497406005859, "mean_height": 7.332301139831543, "std_height": 4.4934964179992676, "count_pixels": 38, "percent_cover": 0.018708889676631611, "percent_above_0.1m": 92.10526315789474, "low_level_<0.5": 2.6315789473684208, "mid_level_0.5-2": 7.8947368421052628, "tall_2+": 81.578947368421055 }, "geometry": { "type": "Point", "coordinates": [ -0.120921969105519, 51.452145416045354 ] } },
{ "type": "Feature", "properties": { "max_height": 11.680000305175781, "mean_height": 2.8137493133544922, "std_height": 3.9968876838684082, "count_pixels": 42, "percent_cover": 0.020678246484698098, "percent_above_0.1m": 52.380952380952387, "low_level_<0.5": 9.5238095238095237, "mid_level_0.5-2": 4.7619047619047619, "tall_2+": 38.095238095238095 }, "geometry": { "type": "Point", "coordinates": [ -0.120722666859933, 51.452142220125872 ] } },
{ "type": "Feature", "properties": { "max_height": 22.537498474121094, "mean_height": 8.7152376174926758, "std_height": 6.4037790298461914, "count_pixels": 42, "percent_cover": 0.020678246484698098, "percent_above_0.1m": 92.857142857142861, "low_level_<0.5": 4.7619047619047619, "mid_level_0.5-2": 7.1428571428571423, "tall_2+": 80.952380952380949 }, "geometry": { "type": "Point", "coordinates": [ -0.120523364651439, 51.452139023867481 ] } },
{ "type": "Feature", "properties": { "max_height": 2.3524971008300781, "mean_height": 0.17963330447673798, "std_height": 0.57926183938980103, "count_pixels": 41, "percent_cover": 0.020185907282681475, "percent_above_0.1m": 9.7560975609756095, "low_level_<0.5": 0.0, "mid_level_0.5-2": 2.4390243902439024, "tall_2+": 7.3170731707317067 }, "geometry": { "type": "Point", "coordinates": [ -0.121216495898351, 51.45225805210422 ] } },
{ "type": "Feature", "properties": { "max_height": 13.845001220703125, "mean_height": 7.2987489700317383, "std_height": 3.9351089000701904, "count_pixels": 42, "percent_cover": 0.020678246484698098, "percent_above_0.1m": 95.238095238095227, "low_level_<0.5": 2.3809523809523809, "mid_level_0.5-2": 9.5238095238095237, "tall_2+": 83.333333333333343 }, "geometry": { "type": "Point", "coordinates": [ -0.12101719312133, 51.452254856684853 ] } },
{ "type": "Feature", "properties": { "max_height": 13.132499694824219, "mean_height": 4.0477375984191895, "std_height": 4.3584456443786621, "count_pixels": 42, "percent_cover": 0.020678246484698098, "percent_above_0.1m": 71.428571428571431, "low_level_<0.5": 4.7619047619047619, "mid_level_0.5-2": 19.047619047619047, "tall_2+": 47.619047619047613 }, "geometry": { "type": "Point", "coordinates": [ -0.120817890381404, 51.452251660926592 ] } },
{ "type": "Feature", "properties": { "max_height": 17.555000305175781, "mean_height": 9.2596340179443359, "std_height": 4.6849055290222168, "count_pixels": 41, "percent_cover": 0.020185907282681475, "percent_above_0.1m": 95.121951219512198, "low_level_<0.5": 0.0, "mid_level_0.5-2": 7.3170731707317067, "tall_2+": 87.804878048780495 }, "geometry": { "type": "Point", "coordinates": [ -0.120618587678571, 51.45224846482941 ] } },
{ "type": "Feature", "properties": { "max_height": 15.822498321533203, "mean_height": 5.2707128524780273, "std_height": 4.5635995864868164, "count_pixels": 42, "percent_cover": 0.020678246484698098, "percent_above_0.1m": 80.952380952380949, "low_level_<0.5": 11.904761904761903, "mid_level_0.5-2": 7.1428571428571423, "tall_2+": 61.904761904761905 }, "geometry": { "type": "Point", "coordinates": [ -0.120419285012843, 51.452245268393348 ] } },
{ "type": "Feature", "properties": { "max_height": 12.362497329711914, "mean_height": 2.5575587749481201, "std_height": 3.7007665634155273, "count_pixels": 42, "percent_cover": 0.020678246484698098, "percent_above_0.1m": 45.238095238095241, "low_level_<0.5": 0.0, "mid_level_0.5-2": 11.904761904761903, "tall_2+": 30.952380952380953 }, "geometry": { "type": "Point", "coordinates": [ -0.121112417594374, 51.452364297245765 ] } },
{ "type": "Feature", "properties": { "max_height": 17.880001068115234, "mean_height": 5.3923020362854004, "std_height": 5.2740583419799805, "count_pixels": 38, "percent_cover": 0.018708889676631611, "percent_above_0.1m": 78.94736842105263, "low_level_<0.5": 0.0, "mid_level_0.5-2": 15.789473684210526, "tall_2+": 60.526315789473685 }, "geometry": { "type": "Point", "coordinates": [ -0.120913114360102, 51.452361101648755 ] } },
{ "type": "Feature", "properties": { "max_height": 8.74749755859375, "mean_height": 3.1226181983947754, "std_height": 2.1903889179229736, "count_pixels": 42, "percent_cover": 0.020678246484698098, "percent_above_0.1m": 100.0, "low_level_<0.5": 11.904761904761903, "mid_level_0.5-2": 14.285714285714285, "tall_2+": 71.428571428571431 }, "geometry": { "type": "Point", "coordinates": [ -0.120713811162934, 51.452357905712788 ] } },
{ "type": "Feature", "properties": { "max_height": 7.6099967956542969, "mean_height": 0.56773769855499268, "std_height": 1.5682569742202759, "count_pixels": 42, "percent_cover": 0.020678246484698098, "percent_above_0.1m": 26.190476190476193, "low_level_<0.5": 11.904761904761903, "mid_level_0.5-2": 4.7619047619047619, "tall_2+": 9.5238095238095237 }, "geometry": { "type": "Point", "coordinates": [ -0.120514508002863, 51.452354709437955 ] } },
{ "type": "Feature", "properties": { "max_height": 10.267501831054688, "mean_height": 4.9533920288085938, "std_height": 3.9976565837860107, "count_pixels": 42, "percent_cover": 0.020678246484698098, "percent_above_0.1m": 97.61904761904762, "low_level_<0.5": 11.904761904761903, "mid_level_0.5-2": 26.190476190476193, "tall_2+": 54.761904761904766 }, "geometry": { "type": "Point", "coordinates": [ -0.12031520487989, 51.452351512824194 ] } },
{ "type": "Feature", "properties": { "max_height": 19.692501068115234, "mean_height": 9.7604751586914062, "std_height": 7.3492498397827148, "count_pixels": 42, "percent_cover": 0.020678246484698098, "percent_above_0.1m": 73.80952380952381, "low_level_<0.5": 0.0, "mid_level_0.5-2": 2.3809523809523809, "tall_2+": 71.428571428571431 }, "geometry": { "type": "Point", "coordinates": [ -0.121008338796045, 51.452470542292289 ] } },
{ "type": "Feature", "properties": { "max_height": 22.355001449584961, "mean_height": 12.434464454650879, "std_height": 7.4265685081481934, "count_pixels": 42, "percent_cover": 0.020678246484698098, "percent_above_0.1m": 100.0, "low_level_<0.5": 2.3809523809523809, "mid_level_0.5-2": 11.904761904761903, "tall_2+": 78.571428571428569 }, "geometry": { "type": "Point", "coordinates": [ -0.120809035104523, 51.452467346517587 ] } },
{ "type": "Feature", "properties": { "max_height": 3.8824996948242188, "mean_height": 0.21323111653327942, "std_height": 0.62607580423355103, "count_pixels": 41, "percent_cover": 0.020185907282681475, "percent_above_0.1m": 29.268292682926827, "low_level_<0.5": 17.073170731707318, "mid_level_0.5-2": 7.3170731707317067, "tall_2+": 2.4390243902439024 }, "geometry": { "type": "Point", "coordinates": [ -0.120609731450107, 51.452464150403983 ] } },
{ "type": "Feature", "properties": { "max_height": 6.7074985504150391, "mean_height": 0.27583253383636475, "std_height": 1.0585776567459106, "count_pixels": 42, "percent_cover": 0.020678246484698098, "percent_above_0.1m": 21.428571428571427, "low_level_<0.5": 9.5238095238095237, "mid_level_0.5-2": 7.1428571428571423, "tall_2+": 2.3809523809523809 }, "geometry": { "type": "Point", "coordinates": [ -0.120410427832788, 51.452460953951444 ] } },
{ "type": "Feature", "properties": { "max_height": 21.177499771118164, "mean_height": 4.5907225608825684, "std_height": 6.8619236946105957, "count_pixels": 38, "percent_cover": 0.018708889676631611, "percent_above_0.1m": 42.105263157894733, "low_level_<0.5": 0.0, "mid_level_0.5-2": 0.0, "tall_2+": 42.105263157894733 }, "geometry": { "type": "Point", "coordinates": [ -0.120904259503352, 51.452576787243792 ] } },
{ "type": "Feature", "properties": { "max_height": 9.8000011444091797, "mean_height": 1.0244042873382568, "std_height": 2.4956245422363281, "count_pixels": 42, "percent_cover": 0.020678246484698098, "percent_above_0.1m": 30.952380952380953, "low_level_<0.5": 9.5238095238095237, "mid_level_0.5-2": 2.3809523809523809, "tall_2+": 14.285714285714285 }, "geometry": { "type": "Point", "coordinates": [ -0.118882332558447, 51.45567384993852 ] } },
{ "type": "Feature", "properties": { "max_height": 15.649999618530273, "mean_height": 6.8630356788635254, "std_height": 5.2734136581420898, "count_pixels": 42, "percent_cover": 0.020678246484698098, "percent_above_0.1m": 80.952380952380949, "low_level_<0.5": 4.7619047619047619, "mid_level_0.5-2": 4.7619047619047619, "tall_2+": 71.428571428571431 }, "geometry": { "type": "Point", "coordinates": [ -0.118683014962922, 51.455670650527672 ] } },
{ "type": "Feature", "properties": { "max_height": 5.5025005340576172, "mean_height": 0.35871914029121399, "std_height": 0.95440608263015747, "count_pixels": 41, "percent_cover": 0.020185907282681475, "percent_above_0.1m": 39.024390243902438, "low_level_<0.5": 24.390243902439025, "mid_level_0.5-2": 7.3170731707317067, "tall_2+": 4.8780487804878048 }, "geometry": { "type": "Point", "coordinates": [ -0.118483697404545, 51.455667450777867 ] } },
{ "type": "Feature", "properties": { "max_height": 10.264999389648438, "mean_height": 3.8443286418914795, "std_height": 3.8227591514587402, "count_pixels": 41, "percent_cover": 0.020185907282681475, "percent_above_0.1m": 65.853658536585371, "low_level_<0.5": 0.0, "mid_level_0.5-2": 12.195121951219512, "tall_2+": 53.658536585365859 }, "geometry": { "type": "Point", "coordinates": [ -0.118284379996893, 51.455664250684023 ] } },
{ "type": "Feature", "properties": { "max_height": 8.9949970245361328, "mean_height": 0.86591410636901855, "std_height": 1.97319495677948, "count_pixels": 41, "percent_cover": 0.020185907282681475, "percent_above_0.1m": 39.024390243902438, "low_level_<0.5": 9.7560975609756095, "mid_level_0.5-2": 14.634146341463413, "tall_2+": 12.195121951219512 }, "geometry": { "type": "Point", "coordinates": [ -0.118977558809729, 51.455783292176825 ] } },
{ "type": "Feature", "properties": { "max_height": 8.625, "mean_height": 2.2163684368133545, "std_height": 2.8227598667144775, "count_pixels": 42, "percent_cover": 0.020678246484698098, "percent_above_0.1m": 52.380952380952387, "low_level_<0.5": 4.7619047619047619, "mid_level_0.5-2": 7.1428571428571423, "tall_2+": 38.095238095238095 }, "geometry": { "type": "Point", "coordinates": [ -0.118778240719752, 51.45578009292722 ] } },
{ "type": "Feature", "properties": { "max_height": 0.11999893188476562, "mean_height": 0.0037493477575480938, "std_height": 0.018686285242438316, "count_pixels": 42, "percent_cover": 0.020678246484698098, "percent_above_0.1m": 2.3809523809523809, "low_level_<0.5": 0.0, "mid_level_0.5-2": 0.0, "tall_2+": 0.0 }, "geometry": { "type": "Point", "coordinates": [ -0.118578922666913, 51.455776893338665 ] } },
{ "type": "Feature", "properties": { "max_height": 9.3374977111816406, "mean_height": 2.1630227565765381, "std_height": 2.8929588794708252, "count_pixels": 43, "percent_cover": 0.021170585686714719, "percent_above_0.1m": 48.837209302325576, "low_level_<0.5": 2.3255813953488373, "mid_level_0.5-2": 9.3023255813953494, "tall_2+": 37.209302325581397 }, "geometry": { "type": "Point", "coordinates": [ -0.118379604651227, 51.455773693411167 ] } },
{ "type": "Feature", "properties": { "max_height": 19.467496871948242, "mean_height": 9.0663089752197266, "std_height": 8.02899169921875, "count_pixels": 42, "percent_cover": 0.020678246484698098, "percent_above_0.1m": 80.952380952380949, "low_level_<0.5": 7.1428571428571423, "mid_level_0.5-2": 0.0, "tall_2+": 73.80952380952381 }, "geometry": { "type": "Point", "coordinates": [ -0.1181802870101, 51.455770493115217 ] } },
{ "type": "Feature", "properties": { "max_height": 9.4074974060058594, "mean_height": 1.0953565835952759, "std_height": 2.3537871837615967, "count_pixels": 42, "percent_cover": 0.020678246484698098, "percent_above_0.1m": 26.190476190476193, "low_level_<0.5": 4.7619047619047619, "mid_level_0.5-2": 2.3809523809523809, "tall_2+": 19.047619047619047 }, "geometry": { "type": "Point", "coordinates": [ -0.118873466933877, 51.455889535248183 ] } },
{ "type": "Feature", "properties": { "max_height": 11.51249885559082, "mean_height": 1.0142257213592529, "std_height": 2.1146023273468018, "count_pixels": 42, "percent_cover": 0.020678246484698098, "percent_above_0.1m": 38.095238095238095, "low_level_<0.5": 7.1428571428571423, "mid_level_0.5-2": 11.904761904761903, "tall_2+": 19.047619047619047 }, "geometry": { "type": "Point", "coordinates": [ -0.118674148386584, 51.455886335820878 ] } },
{ "type": "Feature", "properties": { "max_height": 0.012498855590820312, "mean_height": 0.00073093321407213807, "std_height": 0.0026620090939104557, "count_pixels": 41, "percent_cover": 0.020185907282681475, "percent_above_0.1m": 0.0, "low_level_<0.5": 0.0, "mid_level_0.5-2": 0.0, "tall_2+": 0.0 }, "geometry": { "type": "Point", "coordinates": [ -0.118474829876433, 51.455883136054602 ] } },
{ "type": "Feature", "properties": { "max_height": 10.069997787475586, "mean_height": 3.3529870510101318, "std_height": 3.1116123199462891, "count_pixels": 41, "percent_cover": 0.020185907282681475, "percent_above_0.1m": 73.170731707317074, "low_level_<0.5": 7.3170731707317067, "mid_level_0.5-2": 9.7560975609756095, "tall_2+": 56.09756097560976 }, "geometry": { "type": "Point", "coordinates": [ -0.11827551153472, 51.455879935943223 ] } },
{ "type": "Feature", "properties": { "max_height": 19.354999542236328, "mean_height": 4.3525590896606445, "std_height": 6.5945549011230469, "count_pixels": 42, "percent_cover": 0.020678246484698098, "percent_above_0.1m": 54.761904761904766, "low_level_<0.5": 2.3809523809523809, "mid_level_0.5-2": 14.285714285714285, "tall_2+": 38.095238095238095 }, "geometry": { "type": "Point", "coordinates": [ -0.11807619367974, 51.455876735435425 ] } },
{ "type": "Feature", "properties": { "max_height": 12.9375, "mean_height": 5.567558765411377, "std_height": 4.5417351722717285, "count_pixels": 42, "percent_cover": 0.020678246484698098, "percent_above_0.1m": 83.333333333333343, "low_level_<0.5": 7.1428571428571423, "mid_level_0.5-2": 9.5238095238095237, "tall_2+": 66.666666666666657 }, "geometry": { "type": "Point", "coordinates": [ -0.118769374563554, 51.455995778224477 ] } },
{ "type": "Feature", "properties": { "max_height": 14.487499237060547, "mean_height": 2.6804757118225098, "std_height": 4.0560669898986816, "count_pixels": 42, "percent_cover": 0.020678246484698098, "percent_above_0.1m": 45.238095238095241, "low_level_<0.5": 2.3809523809523809, "mid_level_0.5-2": 4.7619047619047619, "tall_2+": 35.714285714285715 }, "geometry": { "type": "Point", "coordinates": [ -0.118570055558942, 51.455992578619458 ] } },
{ "type": "Feature", "properties": { "max_height": 14.747499465942383, "mean_height": 3.4033136367797852, "std_height": 4.6655287742614746, "count_pixels": 43, "percent_cover": 0.021170585686714719, "percent_above_0.1m": 53.488372093023251, "low_level_<0.5": 0.0, "mid_level_0.5-2": 16.279069767441861, "tall_2+": 34.883720930232556 }, "geometry": { "type": "Point", "coordinates": [ -0.118370736591479, 51.455989378675483 ] } },
{ "type": "Feature", "properties": { "max_height": 13.329999923706055, "mean_height": 7.5891070365905762, "std_height": 2.9679648876190186, "count_pixels": 42, "percent_cover": 0.020678246484698098, "percent_above_0.1m": 100.0, "low_level_<0.5": 0.0, "mid_level_0.5-2": 2.3809523809523809, "tall_2+": 97.61904761904762 }, "geometry": { "type": "Point", "coordinates": [ -0.118171418023022, 51.455986178357989 ] } },
{ "type": "Feature", "properties": { "max_height": 11.147500991821289, "mean_height": 1.6014878749847412, "std_height": 2.6549673080444336, "count_pixels": 42, "percent_cover": 0.020678246484698098, "percent_above_0.1m": 54.761904761904766, "low_level_<0.5": 11.904761904761903, "mid_level_0.5-2": 21.428571428571427, "tall_2+": 21.428571428571427 }, "geometry": { "type": "Point", "coordinates": [ -0.118665281698753, 51.456102021105728 ] } },
{ "type": "Feature", "properties": { "max_height": 16.662500381469727, "mean_height": 3.3881087303161621, "std_height": 5.1271767616271973, "count_pixels": 41, "percent_cover": 0.020185907282681475, "percent_above_0.1m": 46.341463414634148, "low_level_<0.5": 2.4390243902439024, "mid_level_0.5-2": 4.8780487804878048, "tall_2+": 36.585365853658537 }, "geometry": { "type": "Point", "coordinates": [ -0.118465962236823, 51.456098821323003 ] } },
{ "type": "Feature", "properties": { "max_height": 15.095001220703125, "mean_height": 2.710731029510498, "std_height": 4.4324712753295898, "count_pixels": 41, "percent_cover": 0.020185907282681475, "percent_above_0.1m": 51.219512195121951, "low_level_<0.5": 4.8780487804878048, "mid_level_0.5-2": 12.195121951219512, "tall_2+": 31.707317073170731 }, "geometry": { "type": "Point", "coordinates": [ -0.118266642961386, 51.456095621193974 ] } },
{ "type": "Feature", "properties": { "max_height": 11.539999008178711, "mean_height": 5.5633330345153809, "std_height": 3.3670921325683594, "count_pixels": 42, "percent_cover": 0.020678246484698098, "percent_above_0.1m": 95.238095238095227, "low_level_<0.5": 2.3809523809523809, "mid_level_0.5-2": 14.285714285714285, "tall_2+": 76.19047619047619 }, "geometry": { "type": "Point", "coordinates": [ -0.118067324181773, 51.456092420662344 ] } },
{ "type": "Feature", "properties": { "max_height": 19.522499084472656, "mean_height": 7.5614275932312012, "std_height": 6.3949017524719238, "count_pixels": 42, "percent_cover": 0.020678246484698098, "percent_above_0.1m": 78.571428571428569, "low_level_<0.5": 4.7619047619047619, "mid_level_0.5-2": 2.3809523809523809, "tall_2+": 71.428571428571431 }, "geometry": { "type": "Point", "coordinates": [ -0.118561188339474, 51.456208263891938 ] } },
{ "type": "Feature", "properties": { "max_height": 0.14499855041503906, "mean_height": 0.0084877898916602135, "std_height": 0.02985970675945282, "count_pixels": 43, "percent_cover": 0.021170585686714719, "percent_above_0.1m": 4.6511627906976747, "low_level_<0.5": 0.0, "mid_level_0.5-2": 0.0, "tall_2+": 0.0 }, "geometry": { "type": "Point", "coordinates": [ -0.118361868420218, 51.456205063931485 ] } },
{ "type": "Feature", "properties": { "max_height": 8.9749984741210938, "mean_height": 2.7623803615570068, "std_height": 3.2051496505737305, "count_pixels": 42, "percent_cover": 0.020678246484698098, "percent_above_0.1m": 59.523809523809526, "low_level_<0.5": 4.7619047619047619, "mid_level_0.5-2": 4.7619047619047619, "tall_2+": 42.857142857142854 }, "geometry": { "type": "Point", "coordinates": [ -0.11816254892488, 51.456201863592057 ] } },
{ "type": "Feature", "properties": { "max_height": 9.4574966430664062, "mean_height": 3.2281572818756104, "std_height": 3.0665996074676514, "count_pixels": 38, "percent_cover": 0.018708889676631611, "percent_above_0.1m": 86.842105263157904, "low_level_<0.5": 5.2631578947368416, "mid_level_0.5-2": 34.210526315789473, "tall_2+": 47.368421052631575 }, "geometry": { "type": "Point", "coordinates": [ -0.117963229896717, 51.456198662866193 ] } },
{ "type": "Feature", "properties": { "max_height": 17.154998779296875, "mean_height": 4.4256701469421387, "std_height": 6.5660271644592285, "count_pixels": 41, "percent_cover": 0.020185907282681475, "percent_above_0.1m": 39.024390243902438, "low_level_<0.5": 0.0, "mid_level_0.5-2": 2.4390243902439024, "tall_2+": 34.146341463414636 }, "geometry": { "type": "Point", "coordinates": [ -0.118457094485705, 51.45631450658307 ] } },
{ "type": "Feature", "properties": { "max_height": 10.810001373291016, "mean_height": 0.66585320234298706, "std_height": 1.9875069856643677, "count_pixels": 41, "percent_cover": 0.020185907282681475, "percent_above_0.1m": 17.073170731707318, "low_level_<0.5": 0.0, "mid_level_0.5-2": 4.8780487804878048, "tall_2+": 12.195121951219512 }, "geometry": { "type": "Point", "coordinates": [ -0.118257774276887, 51.456311306436312 ] } },
{ "type": "Feature", "properties": { "max_height": 5.0925006866455078, "mean_height": 0.45529729127883911, "std_height": 1.2041680812835693, "count_pixels": 42, "percent_cover": 0.020678246484698098, "percent_above_0.1m": 19.047619047619047, "low_level_<0.5": 2.3809523809523809, "mid_level_0.5-2": 9.5238095238095237, "tall_2+": 7.1428571428571423 }, "geometry": { "type": "Point", "coordinates": [ -0.118058454573082, 51.45630810588046 ] } },
{ "type": "Feature", "properties": { "max_height": 0.68999862670898438, "mean_height": 0.031428065150976181, "std_height": 0.12318563461303711, "count_pixels": 42, "percent_cover": 0.020678246484698098, "percent_above_0.1m": 7.1428571428571423, "low_level_<0.5": 2.3809523809523809, "mid_level_0.5-2": 2.3809523809523809, "tall_2+": 0.0 }, "geometry": { "type": "Point", "coordinates": [ -0.117859135121803, 51.456304904972171 ] } },
{ "type": "Feature", "properties": { "max_height": 16.442497253417969, "mean_height": 1.9937491416931152, "std_height": 4.2788925170898438, "count_pixels": 42, "percent_cover": 0.020678246484698098, "percent_above_0.1m": 30.952380952380953, "low_level_<0.5": 2.3809523809523809, "mid_level_0.5-2": 9.5238095238095237, "tall_2+": 19.047619047619047 }, "geometry": { "type": "Point", "coordinates": [ -0.118552321008503, 51.456423949156083 ] } },
{ "type": "Feature", "properties": { "max_height": 16.3125, "mean_height": 6.4506387710571289, "std_height": 5.4884090423583984, "count_pixels": 43, "percent_cover": 0.021170585686714719, "percent_above_0.1m": 79.069767441860463, "low_level_<0.5": 2.3255813953488373, "mid_level_0.5-2": 9.3023255813953494, "tall_2+": 67.441860465116278 }, "geometry": { "type": "Point", "coordinates": [ -0.118353000137452, 51.456420749179152 ] } },
{ "type": "Feature", "properties": { "max_height": 14.424999237060547, "mean_height": 2.5042850971221924, "std_height": 3.9571807384490967, "count_pixels": 42, "percent_cover": 0.020678246484698098, "percent_above_0.1m": 50.0, "low_level_<0.5": 7.1428571428571423, "mid_level_0.5-2": 7.1428571428571423, "tall_2+": 35.714285714285715 }, "geometry": { "type": "Point", "coordinates": [ -0.118153679715663, 51.45641754881742 ] } },
{ "type": "Feature", "properties": { "max_height": 1.8924999237060547, "mean_height": 0.094473287463188171, "std_height": 0.40005871653556824, "count_pixels": 38, "percent_cover": 0.018708889676631611, "percent_above_0.1m": 5.2631578947368416, "low_level_<0.5": 0.0, "mid_level_0.5-2": 5.2631578947368416, "tall_2+": 0.0 }, "geometry": { "type": "Point", "coordinates": [ -0.117954359761262, 51.45641434806894 ] } },
{ "type": "Feature", "properties": { "max_height": 19.347499847412109, "mean_height": 6.4384517669677734, "std_height": 7.9708070755004883, "count_pixels": 42, "percent_cover": 0.020678246484698098, "percent_above_0.1m": 50.0, "low_level_<0.5": 2.3809523809523809, "mid_level_0.5-2": 2.3809523809523809, "tall_2+": 42.857142857142854 }, "geometry": { "type": "Point", "coordinates": [ -0.11775503985703, 51.456411146980308 ] } },
{ "type": "Feature", "properties": { "max_height": 0.61499977111816406, "mean_height": 0.069084681570529938, "std_height": 0.16498588025569916, "count_pixels": 41, "percent_cover": 0.020185907282681475, "percent_above_0.1m": 17.073170731707318, "low_level_<0.5": 4.8780487804878048, "mid_level_0.5-2": 7.3170731707317067, "tall_2+": 0.0 }, "geometry": { "type": "Point", "coordinates": [ -0.118448226623081, 51.456530191834815 ] } },
{ "type": "Feature", "properties": { "max_height": 7.6999988555908203, "mean_height": 0.38329216837882996, "std_height": 1.3345437049865723, "count_pixels": 41, "percent_cover": 0.020185907282681475, "percent_above_0.1m": 12.195121951219512, "low_level_<0.5": 0.0, "mid_level_0.5-2": 7.3170731707317067, "tall_2+": 4.8780487804878048 }, "geometry": { "type": "Point", "coordinates": [ -0.118248905481365, 51.456526991670117 ] } },
{ "type": "Feature", "properties": { "max_height": 0.0149993896484375, "mean_height": -0.0004767917562276125, "std_height": 0.0032385732047259808, "count_pixels": 42, "percent_cover": 0.020678246484698098, "percent_above_0.1m": 0.0, "low_level_<0.5": 0.0, "mid_level_0.5-2": 0.0, "tall_2+": 0.0 }, "geometry": { "type": "Point", "coordinates": [ -0.118049584853662, 51.456523791089751 ] } },
{ "type": "Feature", "properties": { "max_height": 8.5750007629394531, "mean_height": 0.77428507804870605, "std_height": 1.797504186630249, "count_pixels": 42, "percent_cover": 0.020678246484698098, "percent_above_0.1m": 19.047619047619047, "low_level_<0.5": 0.0, "mid_level_0.5-2": 0.0, "tall_2+": 19.047619047619047 }, "geometry": { "type": "Point", "coordinates": [ -0.117850264459582, 51.456520590159563 ] } },
{ "type": "Feature", "properties": { "max_height": 3.8878097534179688, "mean_height": 0.41978845000267029, "std_height": 0.89361846446990967, "count_pixels": 43, "percent_cover": 0.021170585686714719, "percent_above_0.1m": 32.558139534883722, "low_level_<0.5": 6.9767441860465116, "mid_level_0.5-2": 16.279069767441861, "tall_2+": 6.9767441860465116 }, "geometry": { "type": "Point", "coordinates": [ -0.118344131747401, 51.456636434417526 ] } },
{ "type": "Feature", "properties": { "max_height": 16.759284973144531, "mean_height": 6.0069313049316406, "std_height": 4.534395694732666, "count_pixels": 42, "percent_cover": 0.020678246484698098, "percent_above_0.1m": 90.476190476190482, "low_level_<0.5": 0.0, "mid_level_0.5-2": 11.904761904761903, "tall_2+": 78.571428571428569 }, "geometry": { "type": "Point", "coordinates": [ -0.118144810399015, 51.456633234034626 ] } },
{ "type": "Feature", "properties": { "max_height": 14.256820678710938, "mean_height": 5.5961503982543945, "std_height": 5.4148144721984863, "count_pixels": 38, "percent_cover": 0.018708889676631611, "percent_above_0.1m": 63.157894736842103, "low_level_<0.5": 5.2631578947368416, "mid_level_0.5-2": 0.0, "tall_2+": 57.894736842105267 }, "geometry": { "type": "Point", "coordinates": [ -0.117945489515074, 51.45663003326289 ] } },
{ "type": "Feature", "properties": { "max_height": 2.0053291320800781, "mean_height": 0.11565203964710236, "std_height": 0.33217498660087585, "count_pixels": 42, "percent_cover": 0.020678246484698098, "percent_above_0.1m": 23.809523809523807, "low_level_<0.5": 2.3809523809523809, "mid_level_0.5-2": 4.7619047619047619, "tall_2+": 2.3809523809523809 }, "geometry": { "type": "Point", "coordinates": [ -0.117746168668034, 51.456626832152317 ] } },
{ "type": "Feature", "properties": { "max_height": 2.9140853881835938, "mean_height": 0.25381943583488464, "std_height": 0.61871713399887085, "count_pixels": 41, "percent_cover": 0.020185907282681475, "percent_above_0.1m": 26.829268292682929, "low_level_<0.5": 17.073170731707318, "mid_level_0.5-2": 4.8780487804878048, "tall_2+": 4.8780487804878048 }, "geometry": { "type": "Point", "coordinates": [ -0.11824003657761, 51.456742676893597 ] } },
{ "type": "Feature", "properties": { "max_height": 14.423025131225586, "mean_height": 2.4100649356842041, "std_height": 4.1212506294250488, "count_pixels": 42, "percent_cover": 0.020678246484698098, "percent_above_0.1m": 35.714285714285715, "low_level_<0.5": 0.0, "mid_level_0.5-2": 7.1428571428571423, "tall_2+": 28.571428571428569 }, "geometry": { "type": "Point", "coordinates": [ -0.118040715023519, 51.456739476290259 ] } },
{ "type": "Feature", "properties": { "max_height": 9.7031230926513672, "mean_height": 1.2118784189224243, "std_height": 2.3571422100067139, "count_pixels": 42, "percent_cover": 0.020678246484698098, "percent_above_0.1m": 42.857142857142854, "low_level_<0.5": 7.1428571428571423, "mid_level_0.5-2": 14.285714285714285, "tall_2+": 19.047619047619047 }, "geometry": { "type": "Point", "coordinates": [ -0.11784139368662, 51.456736275338137 ] } },
{ "type": "Feature", "properties": { "max_height": 9.8304214477539062, "mean_height": 3.5777242183685303, "std_height": 2.9624660015106201, "count_pixels": 41, "percent_cover": 0.020185907282681475, "percent_above_0.1m": 92.682926829268297, "low_level_<0.5": 14.634146341463413, "mid_level_0.5-2": 19.512195121951219, "tall_2+": 56.09756097560976 }, "geometry": { "type": "Point", "coordinates": [ -0.117642072386615, 51.456733074047222 ] } },
{ "type": "Feature", "properties": { "max_height": 3.2823448181152344, "mean_height": 0.40415617823600769, "std_height": 0.78471457958221436, "count_pixels": 42, "percent_cover": 0.020678246484698098, "percent_above_0.1m": 30.952380952380953, "low_level_<0.5": 11.904761904761903, "mid_level_0.5-2": 9.5238095238095237, "tall_2+": 9.5238095238095237 }, "geometry": { "type": "Point", "coordinates": [ -0.118135940984915, 51.456848919241686 ] } },
{ "type": "Feature", "properties": { "max_height": 5.8518867492675781, "mean_height": 0.51580065488815308, "std_height": 1.3457216024398804, "count_pixels": 38, "percent_cover": 0.018708889676631611, "percent_above_0.1m": 21.052631578947366, "low_level_<0.5": 2.6315789473684208, "mid_level_0.5-2": 5.2631578947368416, "tall_2+": 10.526315789473683 }, "geometry": { "type": "Point", "coordinates": [ -0.117936619158153, 51.456845718448001 ] } },
{ "type": "Feature", "properties": { "max_height": 5.3751029968261719, "mean_height": 1.2979683876037598, "std_height": 1.6265496015548706, "count_pixels": 42, "percent_cover": 0.020678246484698098, "percent_above_0.1m": 61.904761904761905, "low_level_<0.5": 9.5238095238095237, "mid_level_0.5-2": 23.809523809523807, "tall_2+": 26.190476190476193 }, "geometry": { "type": "Point", "coordinates": [ -0.11773729736829, 51.456842517315529 ] } },
{ "type": "Feature", "properties": { "max_height": 19.956943511962891, "mean_height": 2.1029026508331299, "std_height": 3.4737372398376465, "count_pixels": 42, "percent_cover": 0.020678246484698098, "percent_above_0.1m": 83.333333333333343, "low_level_<0.5": 11.904761904761903, "mid_level_0.5-2": 42.857142857142854, "tall_2+": 28.571428571428569 }, "geometry": { "type": "Point", "coordinates": [ -0.117537975615325, 51.456839315844256 ] } },
{ "type": "Feature", "properties": { "max_height": 5.5464687347412109, "mean_height": 0.33198612928390503, "std_height": 1.1935931444168091, "count_pixels": 41, "percent_cover": 0.020185907282681475, "percent_above_0.1m": 14.634146341463413, "low_level_<0.5": 4.8780487804878048, "mid_level_0.5-2": 4.8780487804878048, "tall_2+": 4.8780487804878048 }, "geometry": { "type": "Point", "coordinates": [ -0.118231167564094, 51.456958362107549 ] } },
{ "type": "Feature", "properties": { "max_height": 14.356132507324219, "mean_height": 8.630244255065918, "std_height": 3.8350908756256104, "count_pixels": 42, "percent_cover": 0.020678246484698098, "percent_above_0.1m": 100.0, "low_level_<0.5": 0.0, "mid_level_0.5-2": 4.7619047619047619, "tall_2+": 88.095238095238088 }, "geometry": { "type": "Point", "coordinates": [ -0.118031845082641, 51.456955161481922 ] } },
{ "type": "Feature", "properties": { "max_height": 9.9475784301757812, "mean_height": 3.2378706932067871, "std_height": 3.0440404415130615, "count_pixels": 42, "percent_cover": 0.020678246484698098, "percent_above_0.1m": 76.19047619047619, "low_level_<0.5": 11.904761904761903, "mid_level_0.5-2": 11.904761904761903, "tall_2+": 52.380952380952387 }, "geometry": { "type": "Point", "coordinates": [ -0.117832522802917, 51.456951960507901 ] } },
{ "type": "Feature", "properties": { "max_height": 11.290729522705078, "mean_height": 3.8196172714233398, "std_height": 3.0364124774932861, "count_pixels": 41, "percent_cover": 0.020185907282681475, "percent_above_0.1m": 97.560975609756099, "low_level_<0.5": 7.3170731707317067, "mid_level_0.5-2": 26.829268292682929, "tall_2+": 63.414634146341463 }, "geometry": { "type": "Point", "coordinates": [ -0.117633200560085, 51.456948759195072 ] } },
{ "type": "Feature", "properties": { "max_height": 21.134563446044922, "mean_height": 14.352800369262695, "std_height": 8.4674310684204102, "count_pixels": 42, "percent_cover": 0.020678246484698098, "percent_above_0.1m": 100.0, "low_level_<0.5": 0.0, "mid_level_0.5-2": 21.428571428571427, "tall_2+": 78.571428571428569 }, "geometry": { "type": "Point", "coordinates": [ -0.117433878354156, 51.456945557543435 ] } },
{ "type": "Feature", "properties": { "max_height": 6.3599891662597656, "mean_height": 0.63769048452377319, "std_height": 1.5289187431335449, "count_pixels": 42, "percent_cover": 0.020678246484698098, "percent_above_0.1m": 28.571428571428569, "low_level_<0.5": 4.7619047619047619, "mid_level_0.5-2": 11.904761904761903, "tall_2+": 9.5238095238095237 }, "geometry": { "type": "Point", "coordinates": [ -0.118127071460089, 51.4570646044399 ] } },
{ "type": "Feature", "properties": { "max_height": 11.412982940673828, "mean_height": 4.155245304107666, "std_height": 3.8518640995025635, "count_pixels": 38, "percent_cover": 0.018708889676631611, "percent_above_0.1m": 76.31578947368422, "low_level_<0.5": 7.8947368421052628, "mid_level_0.5-2": 7.8947368421052628, "tall_2+": 60.526315789473685 }, "geometry": { "type": "Point", "coordinates": [ -0.117927748690497, 51.457061403624316 ] } },
{ "type": "Feature", "properties": { "max_height": 11.720695495605469, "mean_height": 4.5486302375793457, "std_height": 3.8057255744934082, "count_pixels": 42, "percent_cover": 0.020678246484698098, "percent_above_0.1m": 80.952380952380949, "low_level_<0.5": 0.0, "mid_level_0.5-2": 16.666666666666664, "tall_2+": 61.904761904761905 }, "geometry": { "type": "Point", "coordinates": [ -0.117728425957797, 51.457058202469923 ] } },
{ "type": "Feature", "properties": { "max_height": 14.717784881591797, "mean_height": 2.7887134552001953, "std_height": 4.3224315643310547, "count_pixels": 42, "percent_cover": 0.020678246484698098, "percent_above_0.1m": 59.523809523809526, "low_level_<0.5": 11.904761904761903, "mid_level_0.5-2": 19.047619047619047, "tall_2+": 28.571428571428569 }, "geometry": { "type": "Point", "coordinates": [ -0.117529103262, 51.45705500097673 ] } },
{ "type": "Feature", "properties": { "max_height": 0.51628303527832031, "mean_height": 0.086781725287437439, "std_height": 0.13315320014953613, "count_pixels": 42, "percent_cover": 0.020678246484698098, "percent_above_0.1m": 28.571428571428569, "low_level_<0.5": 14.285714285714285, "mid_level_0.5-2": 2.3809523809523809, "tall_2+": 0.0 }, "geometry": { "type": "Point", "coordinates": [ -0.118022975031034, 51.457170846664795 ] } },
{ "type": "Feature", "properties": { "max_height": 7.6871910095214844, "mean_height": 2.1774861812591553, "std_height": 2.3984537124633789, "count_pixels": 42, "percent_cover": 0.020678246484698098, "percent_above_0.1m": 76.19047619047619, "low_level_<0.5": 9.5238095238095237, "mid_level_0.5-2": 21.428571428571427, "tall_2+": 40.476190476190474 }, "geometry": { "type": "Point", "coordinates": [ -0.117823651808467, 51.457167645668854 ] } },
{ "type": "Feature", "properties": { "max_height": 9.5477581024169922, "mean_height": 0.82466453313827515, "std_height": 2.0203502178192139, "count_pixels": 41, "percent_cover": 0.020185907282681475, "percent_above_0.1m": 31.707317073170731, "low_level_<0.5": 9.7560975609756095, "mid_level_0.5-2": 12.195121951219512, "tall_2+": 9.7560975609756095 }, "geometry": { "type": "Point", "coordinates": [ -0.117624328622796, 51.457164444334083 ] } },
{ "type": "Feature", "properties": { "max_height": 6.2445621490478516, "mean_height": 1.090076208114624, "std_height": 1.360487699508667, "count_pixels": 42, "percent_cover": 0.020678246484698098, "percent_above_0.1m": 71.428571428571431, "low_level_<0.5": 14.285714285714285, "mid_level_0.5-2": 38.095238095238095, "tall_2+": 16.666666666666664 }, "geometry": { "type": "Point", "coordinates": [ -0.117425005474034, 51.45716124266054 ] } },
{ "type": "Feature", "properties": { "max_height": 3.3952274322509766, "mean_height": 0.54263883829116821, "std_height": 0.81351339817047119, "count_pixels": 38, "percent_cover": 0.018708889676631611, "percent_above_0.1m": 55.26315789473685, "low_level_<0.5": 15.789473684210526, "mid_level_0.5-2": 28.947368421052634, "tall_2+": 7.8947368421052628 }, "geometry": { "type": "Point", "coordinates": [ -0.117918878112095, 51.457277088791813 ] } },
{ "type": "Feature", "properties": { "max_height": 6.135223388671875, "mean_height": 1.0628249645233154, "std_height": 1.7668317556381226, "count_pixels": 42, "percent_cover": 0.020678246484698098, "percent_above_0.1m": 47.619047619047613, "low_level_<0.5": 7.1428571428571423, "mid_level_0.5-2": 21.428571428571427, "tall_2+": 16.666666666666664 }, "geometry": { "type": "Point", "coordinates": [ -0.117719554436554, 51.457273887615514 ] } },
{ "type": "Feature", "properties": { "max_height": 3.3197422027587891, "mean_height": 0.40943959355354309, "std_height": 0.71083474159240723, "count_pixels": 42, "percent_cover": 0.020678246484698098, "percent_above_0.1m": 40.476190476190474, "low_level_<0.5": 11.904761904761903, "mid_level_0.5-2": 21.428571428571427, "tall_2+": 4.7619047619047619 }, "geometry": { "type": "Point", "coordinates": [ -0.117520230797911, 51.457270686100408 ] } },
{ "type": "Feature", "properties": { "max_height": 21.272731781005859, "mean_height": 4.3081827163696289, "std_height": 7.4221611022949219, "count_pixels": 42, "percent_cover": 0.020678246484698098, "percent_above_0.1m": 57.142857142857139, "low_level_<0.5": 7.1428571428571423, "mid_level_0.5-2": 19.047619047619047, "tall_2+": 28.571428571428569 }, "geometry": { "type": "Point", "coordinates": [ -0.117320907196179, 51.457267484246486 ] } },
{ "type": "Feature", "properties": { "max_height": 10.497318267822266, "mean_height": 4.13818359375, "std_height": 2.8801741600036621, "count_pixels": 42, "percent_cover": 0.020678246484698098, "percent_above_0.1m": 88.095238095238088, "low_level_<0.5": 2.3809523809523809, "mid_level_0.5-2": 19.047619047619047, "tall_2+": 66.666666666666657 }, "geometry": { "type": "Point", "coordinates": [ -0.117814780703271, 51.457383330820981 ] } },
{ "type": "Feature", "properties": { "max_height": 6.2230224609375, "mean_height": 0.9070899486541748, "std_height": 1.5186092853546143, "count_pixels": 41, "percent_cover": 0.020185907282681475, "percent_above_0.1m": 36.585365853658537, "low_level_<0.5": 2.4390243902439024, "mid_level_0.5-2": 14.634146341463413, "tall_2+": 19.512195121951219 }, "geometry": { "type": "Point", "coordinates": [ -0.117615456574753, 51.457380129464333 ] } },
{ "type": "Feature", "properties": { "max_height": 5.8332805633544922, "mean_height": 0.42030611634254456, "std_height": 1.1212857961654663, "count_pixels": 42, "percent_cover": 0.020678246484698098, "percent_above_0.1m": 21.428571428571427, "low_level_<0.5": 4.7619047619047619, "mid_level_0.5-2": 7.1428571428571423, "tall_2+": 9.5238095238095237 }, "geometry": { "type": "Point", "coordinates": [ -0.117416132483138, 51.457376927768841 ] } },
{ "type": "Feature", "properties": { "max_height": 21.047832489013672, "mean_height": 7.0570578575134277, "std_height": 7.9357438087463379, "count_pixels": 42, "percent_cover": 0.020678246484698098, "percent_above_0.1m": 97.61904761904762, "low_level_<0.5": 16.666666666666664, "mid_level_0.5-2": 28.571428571428569, "tall_2+": 52.380952380952387 }, "geometry": { "type": "Point", "coordinates": [ -0.117216808428431, 51.457373725734563 ] } },
{ "type": "Feature", "properties": { "max_height": 10.644584655761719, "mean_height": 0.83578938245773315, "std_height": 1.9958890676498413, "count_pixels": 38, "percent_cover": 0.018708889676631611, "percent_above_0.1m": 50.0, "low_level_<0.5": 15.789473684210526, "mid_level_0.5-2": 21.052631578947366, "tall_2+": 10.526315789473683 }, "geometry": { "type": "Point", "coordinates": [ -0.117910007422959, 51.457492773950506 ] } },
{ "type": "Feature", "properties": { "max_height": 12.160892486572266, "mean_height": 3.1047892570495605, "std_height": 3.8894057273864746, "count_pixels": 42, "percent_cover": 0.020678246484698098, "percent_above_0.1m": 66.666666666666657, "low_level_<0.5": 7.1428571428571423, "mid_level_0.5-2": 16.666666666666664, "tall_2+": 42.857142857142854 }, "geometry": { "type": "Point", "coordinates": [ -0.117710682804556, 51.457489572752287 ] } },
{ "type": "Feature", "properties": { "max_height": 2.7576255798339844, "mean_height": 0.24882225692272186, "std_height": 0.58073002099990845, "count_pixels": 42, "percent_cover": 0.020678246484698098, "percent_above_0.1m": 19.047619047619047, "low_level_<0.5": 2.3809523809523809, "mid_level_0.5-2": 14.285714285714285, "tall_2+": 2.3809523809523809 }, "geometry": { "type": "Point", "coordinates": [ -0.117511358223062, 51.457486371215253 ] } },
{ "type": "Feature", "properties": { "max_height": 10.401233673095703, "mean_height": 5.020291805267334, "std_height": 2.8109731674194336, "count_pixels": 42, "percent_cover": 0.020678246484698098, "percent_above_0.1m": 95.238095238095227, "low_level_<0.5": 0.0, "mid_level_0.5-2": 16.666666666666664, "tall_2+": 78.571428571428569 }, "geometry": { "type": "Point", "coordinates": [ -0.117312033678466, 51.457483169339412 ] } },
{ "type": "Feature", "properties": { "max_height": 20.536567687988281, "mean_height": 2.8500447273254395, "std_height": 5.1163721084594727, "count_pixels": 41, "percent_cover": 0.020185907282681475, "percent_above_0.1m": 70.731707317073173, "low_level_<0.5": 21.951219512195124, "mid_level_0.5-2": 24.390243902439025, "tall_2+": 24.390243902439025 }, "geometry": { "type": "Point", "coordinates": [ -0.117112709170789, 51.457479967124762 ] } },
{ "type": "Feature", "properties": { "max_height": 13.07960319519043, "mean_height": 2.2381730079650879, "std_height": 3.7660906314849854, "count_pixels": 42, "percent_cover": 0.020678246484698098, "percent_above_0.1m": 64.285714285714292, "low_level_<0.5": 19.047619047619047, "mid_level_0.5-2": 16.666666666666664, "tall_2+": 28.571428571428569 }, "geometry": { "type": "Point", "coordinates": [ -0.11780590948733, 51.457599015964327 ] } },
{ "type": "Feature", "properties": { "max_height": 11.769020080566406, "mean_height": 3.8140711784362793, "std_height": 3.9811232089996338, "count_pixels": 41, "percent_cover": 0.020185907282681475, "percent_above_0.1m": 80.487804878048792, "low_level_<0.5": 17.073170731707318, "mid_level_0.5-2": 9.7560975609756095, "tall_2+": 53.658536585365859 }, "geometry": { "type": "Point", "coordinates": [ -0.117606584415949, 51.45759581458573 ] } },
{ "type": "Feature", "properties": { "max_height": 8.4600830078125, "mean_height": 2.5452280044555664, "std_height": 1.9893467426300049, "count_pixels": 42, "percent_cover": 0.020678246484698098, "percent_above_0.1m": 100.0, "low_level_<0.5": 9.5238095238095237, "mid_level_0.5-2": 38.095238095238095, "tall_2+": 52.380952380952387 }, "geometry": { "type": "Point", "coordinates": [ -0.11740725938147, 51.457592612868318 ] } },
{ "type": "Feature", "properties": { "max_height": 11.884357452392578, "mean_height": 3.6895217895507812, "std_height": 3.5254123210906982, "count_pixels": 42, "percent_cover": 0.020678246484698098, "percent_above_0.1m": 80.952380952380949, "low_level_<0.5": 0.0, "mid_level_0.5-2": 30.952380952380953, "tall_2+": 50.0 }, "geometry": { "type": "Point", "coordinates": [ -0.117207934383905, 51.457589410812119 ] } },
{ "type": "Feature", "properties": { "max_height": 8.9556999206542969, "mean_height": 1.8209737539291382, "std_height": 2.5938024520874023, "count_pixels": 42, "percent_cover": 0.020678246484698098, "percent_above_0.1m": 54.761904761904766, "low_level_<0.5": 9.5238095238095237, "mid_level_0.5-2": 2.3809523809523809, "tall_2+": 35.714285714285715 }, "geometry": { "type": "Point", "coordinates": [ -0.117701811061806, 51.457705257880249 ] } },
{ "type": "Feature", "properties": { "max_height": 9.7747802734375, "mean_height": 3.7948291301727295, "std_height": 3.0379900932312012, "count_pixels": 42, "percent_cover": 0.020678246484698098, "percent_above_0.1m": 80.952380952380949, "low_level_<0.5": 0.0, "mid_level_0.5-2": 16.666666666666664, "tall_2+": 64.285714285714292 }, "geometry": { "type": "Point", "coordinates": [ -0.117502485537443, 51.457702056321288 ] } },
{ "type": "Feature", "properties": { "max_height": 1.89422607421875, "mean_height": 0.31908077001571655, "std_height": 0.50242429971694946, "count_pixels": 42, "percent_cover": 0.020678246484698098, "percent_above_0.1m": 38.095238095238095, "low_level_<0.5": 7.1428571428571423, "mid_level_0.5-2": 28.571428571428569, "tall_2+": 0.0 }, "geometry": { "type": "Point", "coordinates": [ -0.117303160049985, 51.457698854423526 ] } },
{ "type": "Feature", "properties": { "max_height": 8.8675956726074219, "mean_height": 0.97725158929824829, "std_height": 1.6655945777893066, "count_pixels": 41, "percent_cover": 0.020185907282681475, "percent_above_0.1m": 70.731707317073173, "low_level_<0.5": 14.634146341463413, "mid_level_0.5-2": 36.585365853658537, "tall_2+": 12.195121951219512 }, "geometry": { "type": "Point", "coordinates": [ -0.117103834599435, 51.457695652186949 ] } },
{ "type": "Feature", "properties": { "max_height": 9.4077949523925781, "mean_height": 3.5907049179077148, "std_height": 3.1117839813232422, "count_pixels": 41, "percent_cover": 0.020185907282681475, "percent_above_0.1m": 90.243902439024396, "low_level_<0.5": 12.195121951219512, "mid_level_0.5-2": 17.073170731707318, "tall_2+": 58.536585365853654 }, "geometry": { "type": "Point", "coordinates": [ -0.117597712146382, 51.45781149969833 ] } },
{ "type": "Feature", "properties": { "max_height": 3.3410434722900391, "mean_height": 0.19775885343551636, "std_height": 0.58534520864486694, "count_pixels": 42, "percent_cover": 0.020678246484698098, "percent_above_0.1m": 21.428571428571427, "low_level_<0.5": 11.904761904761903, "mid_level_0.5-2": 7.1428571428571423, "tall_2+": 2.3809523809523809 }, "geometry": { "type": "Point", "coordinates": [ -0.117398386169035, 51.457808297958991 ] } },
{ "type": "Feature", "properties": { "max_height": 9.4048995971679688, "mean_height": 1.5676852464675903, "std_height": 2.1816813945770264, "count_pixels": 42, "percent_cover": 0.020678246484698098, "percent_above_0.1m": 59.523809523809526, "low_level_<0.5": 4.7619047619047619, "mid_level_0.5-2": 21.428571428571427, "tall_2+": 30.952380952380953 }, "geometry": { "type": "Point", "coordinates": [ -0.117199060228593, 51.45780509588085 ] } },
{ "type": "Feature", "properties": { "max_height": 11.296501159667969, "mean_height": 3.7405271530151367, "std_height": 2.7973983287811279, "count_pixels": 43, "percent_cover": 0.021170585686714719, "percent_above_0.1m": 95.348837209302332, "low_level_<0.5": 4.6511627906976747, "mid_level_0.5-2": 25.581395348837212, "tall_2+": 65.116279069767444 }, "geometry": { "type": "Point", "coordinates": [ -0.116999734325065, 51.457801893463909 ] } },
{ "type": "Feature", "properties": { "max_height": 14.451522827148438, "mean_height": 9.1051292419433594, "std_height": 3.9662795066833496, "count_pixels": 42, "percent_cover": 0.020678246484698098, "percent_above_0.1m": 100.0, "low_level_<0.5": 0.0, "mid_level_0.5-2": 7.1428571428571423, "tall_2+": 92.857142857142861 }, "geometry": { "type": "Point", "coordinates": [ -0.117493612741056, 51.457917741418527 ] } },
{ "type": "Feature", "properties": { "max_height": 2.9801979064941406, "mean_height": 0.14326936006546021, "std_height": 0.48052302002906799, "count_pixels": 42, "percent_cover": 0.020678246484698098, "percent_above_0.1m": 19.047619047619047, "low_level_<0.5": 7.1428571428571423, "mid_level_0.5-2": 7.1428571428571423, "tall_2+": 2.3809523809523809 }, "geometry": { "type": "Point", "coordinates": [ -0.117294286310718, 51.45791453949883 ] } },
{ "type": "Feature", "properties": { "max_height": 10.175230026245117, "mean_height": 1.470674991607666, "std_height": 2.4839997291564941, "count_pixels": 41, "percent_cover": 0.020185907282681475, "percent_above_0.1m": 53.658536585365859, "low_level_<0.5": 7.3170731707317067, "mid_level_0.5-2": 17.073170731707318, "tall_2+": 24.390243902439025 }, "geometry": { "type": "Point", "coordinates": [ -0.117094959917292, 51.457911337240326 ] } },
{ "type": "Feature", "properties": { "max_height": 19.350236892700195, "mean_height": 8.2668857574462891, "std_height": 6.976557731628418, "count_pixels": 41, "percent_cover": 0.020185907282681475, "percent_above_0.1m": 85.365853658536579, "low_level_<0.5": 2.4390243902439024, "mid_level_0.5-2": 12.195121951219512, "tall_2+": 70.731707317073173 }, "geometry": { "type": "Point", "coordinates": [ -0.116895633560783, 51.45790813464302 ] } },
{ "type": "Feature", "properties": { "max_height": 10.737472534179688, "mean_height": 1.2410597801208496, "std_height": 2.6496992111206055, "count_pixels": 41, "percent_cover": 0.020185907282681475, "percent_above_0.1m": 41.463414634146339, "low_level_<0.5": 19.512195121951219, "mid_level_0.5-2": 2.4390243902439024, "tall_2+": 19.512195121951219 }, "geometry": { "type": "Point", "coordinates": [ -0.117588839766058, 51.458027184802113 ] } },
{ "type": "Feature", "properties": { "max_height": 12.727752685546875, "mean_height": 3.2563040256500244, "std_height": 4.6320128440856934, "count_pixels": 42, "percent_cover": 0.020678246484698098, "percent_above_0.1m": 47.619047619047613, "low_level_<0.5": 2.3809523809523809, "mid_level_0.5-2": 4.7619047619047619, "tall_2+": 35.714285714285715 }, "geometry": { "type": "Point", "coordinates": [ -0.117389512845821, 51.45802398304086 ] } },
{ "type": "Feature", "properties": { "max_height": 2.8749580383300781, "mean_height": 0.08504553884267807, "std_height": 0.44260594248771667, "count_pixels": 42, "percent_cover": 0.020678246484698098, "percent_above_0.1m": 4.7619047619047619, "low_level_<0.5": 0.0, "mid_level_0.5-2": 2.3809523809523809, "tall_2+": 2.3809523809523809 }, "geometry": { "type": "Point", "coordinates": [ -0.117190185962494, 51.458020780940792 ] } },
{ "type": "Feature", "properties": { "max_height": 14.388988494873047, "mean_height": 5.3111147880554199, "std_height": 5.3353981971740723, "count_pixels": 43, "percent_cover": 0.021170585686714719, "percent_above_0.1m": 74.418604651162795, "low_level_<0.5": 9.3023255813953494, "mid_level_0.5-2": 4.6511627906976747, "tall_2+": 58.139534883720934 }, "geometry": { "type": "Point", "coordinates": [ -0.116990859116083, 51.458017578501945 ] } },
{ "type": "Feature", "properties": { "max_height": 19.600204467773438, "mean_height": 3.5678532123565674, "std_height": 4.9501404762268066, "count_pixels": 42, "percent_cover": 0.020678246484698098, "percent_above_0.1m": 61.904761904761905, "low_level_<0.5": 2.3809523809523809, "mid_level_0.5-2": 9.5238095238095237, "tall_2+": 50.0 }, "geometry": { "type": "Point", "coordinates": [ -0.116791532306588, 51.458014375724247 ] } },
{ "type": "Feature", "properties": { "max_height": 12.760440826416016, "mean_height": 5.0673918724060059, "std_height": 4.7792181968688965, "count_pixels": 42, "percent_cover": 0.020678246484698098, "percent_above_0.1m": 76.19047619047619, "low_level_<0.5": 0.0, "mid_level_0.5-2": 16.666666666666664, "tall_2+": 59.523809523809526 }, "geometry": { "type": "Point", "coordinates": [ -0.117484739833901, 51.45813342650694 ] } },
{ "type": "Feature", "properties": { "max_height": 9.9119739532470703, "mean_height": 0.95735692977905273, "std_height": 2.3195316791534424, "count_pixels": 42, "percent_cover": 0.020678246484698098, "percent_above_0.1m": 23.809523809523807, "low_level_<0.5": 2.3809523809523809, "mid_level_0.5-2": 9.5238095238095237, "tall_2+": 11.904761904761903 }, "geometry": { "type": "Point", "coordinates": [ -0.117285412460674, 51.45813022456533 ] } },
{ "type": "Feature", "properties": { "max_height": 19.183990478515625, "mean_height": 8.5280580520629883, "std_height": 5.6223492622375488, "count_pixels": 41, "percent_cover": 0.020185907282681475, "percent_above_0.1m": 80.487804878048792, "low_level_<0.5": 2.4390243902439024, "mid_level_0.5-2": 2.4390243902439024, "tall_2+": 75.609756097560975 }, "geometry": { "type": "Point", "coordinates": [ -0.117086085124358, 51.458127022284891 ] } },
{ "type": "Feature", "properties": { "max_height": 13.719667434692383, "mean_height": 5.955777645111084, "std_height": 3.8380410671234131, "count_pixels": 41, "percent_cover": 0.020185907282681475, "percent_above_0.1m": 97.560975609756099, "low_level_<0.5": 2.4390243902439024, "mid_level_0.5-2": 12.195121951219512, "tall_2+": 82.926829268292678 }, "geometry": { "type": "Point", "coordinates": [ -0.116886757824957, 51.458123819665659 ] } },
{ "type": "Feature", "properties": { "max_height": 9.1274490356445312, "mean_height": 1.7517315149307251, "std_height": 2.4523961544036865, "count_pixels": 42, "percent_cover": 0.020678246484698098, "percent_above_0.1m": 57.142857142857139, "low_level_<0.5": 7.1428571428571423, "mid_level_0.5-2": 14.285714285714285, "tall_2+": 30.952380952380953 }, "geometry": { "type": "Point", "coordinates": [ -0.117380639411831, 51.458239668113912 ] } },
{ "type": "Feature", "properties": { "max_height": 19.865510940551758, "mean_height": 6.9908380508422852, "std_height": 5.6913537979125977, "count_pixels": 42, "percent_cover": 0.020678246484698098, "percent_above_0.1m": 90.476190476190482, "low_level_<0.5": 2.3809523809523809, "mid_level_0.5-2": 11.904761904761903, "tall_2+": 76.19047619047619 }, "geometry": { "type": "Point", "coordinates": [ -0.117181311585611, 51.458236465991916 ] } },
{ "type": "Feature", "properties": { "max_height": 20.445409774780273, "mean_height": 12.642401695251465, "std_height": 4.310178279876709, "count_pixels": 43, "percent_cover": 0.021170585686714719, "percent_above_0.1m": 100.0, "low_level_<0.5": 0.0, "mid_level_0.5-2": 2.3255813953488373, "tall_2+": 97.674418604651152 }, "geometry": { "type": "Point", "coordinates": [ -0.116981983796302, 51.458233263531127 ] } },
{ "type": "Feature", "properties": { "max_height": 13.279972076416016, "mean_height": 5.2609786987304688, "std_height": 4.7060604095458984, "count_pixels": 42, "percent_cover": 0.020678246484698098, "percent_above_0.1m": 95.238095238095227, "low_level_<0.5": 9.5238095238095237, "mid_level_0.5-2": 21.428571428571427, "tall_2+": 64.285714285714292 }, "geometry": { "type": "Point", "coordinates": [ -0.116782656043913, 51.458230060731509 ] } },
{ "type": "Feature", "properties": { "max_height": 11.750661849975586, "mean_height": 2.8489482402801514, "std_height": 3.2692985534667969, "count_pixels": 42, "percent_cover": 0.020678246484698098, "percent_above_0.1m": 80.952380952380949, "low_level_<0.5": 7.1428571428571423, "mid_level_0.5-2": 28.571428571428569, "tall_2+": 45.238095238095241 }, "geometry": { "type": "Point", "coordinates": [ -0.117276538499844, 51.45834590962302 ] } },
{ "type": "Feature", "properties": { "max_height": 10.817188262939453, "mean_height": 3.3054652214050293, "std_height": 3.2350337505340576, "count_pixels": 41, "percent_cover": 0.020185907282681475, "percent_above_0.1m": 95.121951219512198, "low_level_<0.5": 9.7560975609756095, "mid_level_0.5-2": 41.463414634146339, "tall_2+": 43.902439024390247 }, "geometry": { "type": "Point", "coordinates": [ -0.117077210220627, 51.458342707320654 ] } },
{ "type": "Feature", "properties": { "max_height": 13.554721832275391, "mean_height": 6.5072841644287109, "std_height": 4.1092658042907715, "count_pixels": 41, "percent_cover": 0.020185907282681475, "percent_above_0.1m": 97.560975609756099, "low_level_<0.5": 4.8780487804878048, "mid_level_0.5-2": 9.7560975609756095, "tall_2+": 82.926829268292678 }, "geometry": { "type": "Point", "coordinates": [ -0.116877881978326, 51.458339504679479 ] } },
{ "type": "Feature", "properties": { "max_height": 10.335300445556641, "mean_height": 3.8173420429229736, "std_height": 2.6258349418640137, "count_pixels": 42, "percent_cover": 0.020678246484698098, "percent_above_0.1m": 100.0, "low_level_<0.5": 4.7619047619047619, "mid_level_0.5-2": 21.428571428571427, "tall_2+": 73.80952380952381 }, "geometry": { "type": "Point", "coordinates": [ -0.116678553772943, 51.458336301699504 ] } },
{ "type": "Feature", "properties": { "max_height": 18.877023696899414, "mean_height": 7.9825382232666016, "std_height": 5.0481657981872559, "count_pixels": 42, "percent_cover": 0.020678246484698098, "percent_above_0.1m": 100.0, "low_level_<0.5": 4.7619047619047619, "mid_level_0.5-2": 11.904761904761903, "tall_2+": 80.952380952380949 }, "geometry": { "type": "Point", "coordinates": [ -0.117172437097934, 51.458452151034251 ] } },
{ "type": "Feature", "properties": { "max_height": 18.187845230102539, "mean_height": 5.9571008682250977, "std_height": 5.7021207809448242, "count_pixels": 43, "percent_cover": 0.021170585686714719, "percent_above_0.1m": 76.744186046511629, "low_level_<0.5": 2.3255813953488373, "mid_level_0.5-2": 11.627906976744185, "tall_2+": 62.790697674418603 }, "geometry": { "type": "Point", "coordinates": [ -0.116973108365718, 51.458448948551521 ] } },
{ "type": "Feature", "properties": { "max_height": 9.7111473083496094, "mean_height": 2.4902224540710449, "std_height": 3.0357472896575928, "count_pixels": 42, "percent_cover": 0.020678246484698098, "percent_above_0.1m": 66.666666666666657, "low_level_<0.5": 7.1428571428571423, "mid_level_0.5-2": 16.666666666666664, "tall_2+": 40.476190476190474 }, "geometry": { "type": "Point", "coordinates": [ -0.116773779670421, 51.458445745729961 ] } },
{ "type": "Feature", "properties": { "max_height": 10.659824371337891, "mean_height": 4.1238002777099609, "std_height": 2.9051072597503662, "count_pixels": 38, "percent_cover": 0.018708889676631611, "percent_above_0.1m": 94.73684210526315, "low_level_<0.5": 5.2631578947368416, "mid_level_0.5-2": 18.421052631578945, "tall_2+": 71.05263157894737 }, "geometry": { "type": "Point", "coordinates": [ -0.116574451012049, 51.458442542569614 ] } },
{ "type": "Feature", "properties": { "max_height": 10.584266662597656, "mean_height": 0.96256637573242188, "std_height": 2.3581795692443848, "count_pixels": 42, "percent_cover": 0.020678246484698098, "percent_above_0.1m": 30.952380952380953, "low_level_<0.5": 9.5238095238095237, "mid_level_0.5-2": 7.1428571428571423, "tall_2+": 14.285714285714285 }, "geometry": { "type": "Point", "coordinates": [ -0.11726766442823, 51.458561594671878 ] } },
{ "type": "Feature", "properties": { "max_height": 15.310470581054688, "mean_height": 5.3059473037719727, "std_height": 4.8030405044555664, "count_pixels": 41, "percent_cover": 0.020185907282681475, "percent_above_0.1m": 82.926829268292678, "low_level_<0.5": 7.3170731707317067, "mid_level_0.5-2": 14.634146341463413, "tall_2+": 58.536585365853654 }, "geometry": { "type": "Point", "coordinates": [ -0.117068335206102, 51.458558392347591 ] } },
{ "type": "Feature", "properties": { "max_height": 0.52912521362304688, "mean_height": 0.031166262924671173, "std_height": 0.11424180865287781, "count_pixels": 41, "percent_cover": 0.020185907282681475, "percent_above_0.1m": 7.3170731707317067, "low_level_<0.5": 4.8780487804878048, "mid_level_0.5-2": 2.4390243902439024, "tall_2+": 0.0 }, "geometry": { "type": "Point", "coordinates": [ -0.116869006020885, 51.45855518968451 ] } },
{ "type": "Feature", "properties": { "max_height": 3.3586959838867188, "mean_height": 0.3938305675983429, "std_height": 0.70624583959579468, "count_pixels": 42, "percent_cover": 0.020678246484698098, "percent_above_0.1m": 42.857142857142854, "low_level_<0.5": 14.285714285714285, "mid_level_0.5-2": 23.809523809523807, "tall_2+": 4.7619047619047619 }, "geometry": { "type": "Point", "coordinates": [ -0.116669676872591, 51.458551986682586 ] } },
{ "type": "Feature", "properties": { "max_height": 8.0617179870605469, "mean_height": 2.6237423419952393, "std_height": 1.7552864551544189, "count_pixels": 42, "percent_cover": 0.020678246484698098, "percent_above_0.1m": 88.095238095238088, "low_level_<0.5": 4.7619047619047619, "mid_level_0.5-2": 14.285714285714285, "tall_2+": 69.047619047619051 }, "geometry": { "type": "Point", "coordinates": [ -0.116470347761223, 51.45854878334184 ] } },
{ "type": "Feature", "properties": { "max_height": 12.2369384765625, "mean_height": 1.0072177648544312, "std_height": 2.6623589992523193, "count_pixels": 42, "percent_cover": 0.020678246484698098, "percent_above_0.1m": 28.571428571428569, "low_level_<0.5": 4.7619047619047619, "mid_level_0.5-2": 7.1428571428571423, "tall_2+": 14.285714285714285 }, "geometry": { "type": "Point", "coordinates": [ -0.117163562499467, 51.458667836067733 ] } },
{ "type": "Feature", "properties": { "max_height": 8.2315540313720703, "mean_height": 0.45289421081542969, "std_height": 1.4122844934463501, "count_pixels": 43, "percent_cover": 0.021170585686714719, "percent_above_0.1m": 20.930232558139537, "low_level_<0.5": 6.9767441860465116, "mid_level_0.5-2": 4.6511627906976747, "tall_2+": 9.3023255813953494 }, "geometry": { "type": "Point", "coordinates": [ -0.116964232824335, 51.458664633563089 ] } },
{ "type": "Feature", "properties": { "max_height": 0.001804351806640625, "mean_height": 0.00047088804421946406, "std_height": 0.0006984725478105247, "count_pixels": 42, "percent_cover": 0.020678246484698098, "percent_above_0.1m": 0.0, "low_level_<0.5": 0.0, "mid_level_0.5-2": 0.0, "tall_2+": 0.0 }, "geometry": { "type": "Point", "coordinates": [ -0.116764903186117, 51.458661430719594 ] } },
{ "type": "Feature", "properties": { "max_height": 1.4366474151611328, "mean_height": 0.13081535696983337, "std_height": 0.35234880447387695, "count_pixels": 38, "percent_cover": 0.018708889676631611, "percent_above_0.1m": 13.157894736842104, "low_level_<0.5": 2.6315789473684208, "mid_level_0.5-2": 10.526315789473683, "tall_2+": 0.0 }, "geometry": { "type": "Point", "coordinates": [ -0.116565573584826, 51.458658227537306 ] } },
{ "type": "Feature", "properties": { "max_height": 3.5023517608642578, "mean_height": 0.76699304580688477, "std_height": 1.0892893075942993, "count_pixels": 42, "percent_cover": 0.020678246484698098, "percent_above_0.1m": 57.142857142857139, "low_level_<0.5": 16.666666666666664, "mid_level_0.5-2": 19.047619047619047, "tall_2+": 16.666666666666664 }, "geometry": { "type": "Point", "coordinates": [ -0.11636624402046, 51.458655024016188 ] } },
{ "type": "Feature", "properties": { "max_height": 0.32226943969726562, "mean_height": 0.019286271184682846, "std_height": 0.057207565754652023, "count_pixels": 41, "percent_cover": 0.020185907282681475, "percent_above_0.1m": 4.8780487804878048, "low_level_<0.5": 2.4390243902439024, "mid_level_0.5-2": 0.0, "tall_2+": 0.0 }, "geometry": { "type": "Point", "coordinates": [ -0.117059460080771, 51.458774077365725 ] } },
{ "type": "Feature", "properties": { "max_height": 12.394857406616211, "mean_height": 1.4788717031478882, "std_height": 2.9258537292480469, "count_pixels": 41, "percent_cover": 0.020185907282681475, "percent_above_0.1m": 46.341463414634148, "low_level_<0.5": 12.195121951219512, "mid_level_0.5-2": 7.3170731707317067, "tall_2+": 24.390243902439025 }, "geometry": { "type": "Point", "coordinates": [ -0.116860129952637, 51.458770874680702 ] } },
{ "type": "Feature", "properties": { "max_height": 15.288471221923828, "mean_height": 4.5131392478942871, "std_height": 6.0566186904907227, "count_pixels": 42, "percent_cover": 0.020678246484698098, "percent_above_0.1m": 42.857142857142854, "low_level_<0.5": 0.0, "mid_level_0.5-2": 2.3809523809523809, "tall_2+": 40.476190476190474 }, "geometry": { "type": "Point", "coordinates": [ -0.116660799861416, 51.458767671656844 ] } },
{ "type": "Feature", "properties": { "max_height": 14.928522109985352, "mean_height": 5.1310052871704102, "std_height": 5.2391681671142578, "count_pixels": 42, "percent_cover": 0.020678246484698098, "percent_above_0.1m": 83.333333333333343, "low_level_<0.5": 4.7619047619047619, "mid_level_0.5-2": 21.428571428571427, "tall_2+": 57.142857142857139 }, "geometry": { "type": "Point", "coordinates": [ -0.116461469807126, 51.45876446829417 ] } },
{ "type": "Feature", "properties": { "max_height": 7.6970291137695312, "mean_height": 1.6887929439544678, "std_height": 2.0072941780090332, "count_pixels": 43, "percent_cover": 0.021170585686714719, "percent_above_0.1m": 69.767441860465112, "low_level_<0.5": 13.953488372093023, "mid_level_0.5-2": 18.604651162790699, "tall_2+": 34.883720930232556 }, "geometry": { "type": "Point", "coordinates": [ -0.116955357350352, 51.458880318472232 ] } },
{ "type": "Feature", "properties": { "max_height": 5.4715023040771484, "mean_height": 1.9104502201080322, "std_height": 1.3682032823562622, "count_pixels": 42, "percent_cover": 0.020678246484698098, "percent_above_0.1m": 95.238095238095227, "low_level_<0.5": 9.5238095238095237, "mid_level_0.5-2": 47.619047619047613, "tall_2+": 35.714285714285715 }, "geometry": { "type": "Point", "coordinates": [ -0.116756026758239, 51.45887711561079 ] } },
{ "type": "Feature", "properties": { "max_height": 15.449703216552734, "mean_height": 6.5704555511474609, "std_height": 4.8123764991760254, "count_pixels": 38, "percent_cover": 0.018708889676631611, "percent_above_0.1m": 97.368421052631575, "low_level_<0.5": 2.6315789473684208, "mid_level_0.5-2": 21.052631578947366, "tall_2+": 73.68421052631578 }, "geometry": { "type": "Point", "coordinates": [ -0.11655669620332, 51.458873912410496 ] } },
{ "type": "Feature", "properties": { "max_height": 14.308609008789062, "mean_height": 4.0902771949768066, "std_height": 3.906658411026001, "count_pixels": 42, "percent_cover": 0.020678246484698098, "percent_above_0.1m": 97.61904761904762, "low_level_<0.5": 11.904761904761903, "mid_level_0.5-2": 23.809523809523807, "tall_2+": 61.904761904761905 }, "geometry": { "type": "Point", "coordinates": [ -0.116357365685597, 51.458870708871338 ] } },
{ "type": "Feature", "properties": { "max_height": 8.0257511138916016, "mean_height": 2.8932814598083496, "std_height": 2.1461668014526367, "count_pixels": 41, "percent_cover": 0.020185907282681475, "percent_above_0.1m": 95.121951219512198, "low_level_<0.5": 7.3170731707317067, "mid_level_0.5-2": 29.268292682926827, "tall_2+": 56.09756097560976 }, "geometry": { "type": "Point", "coordinates": [ -0.116851254462932, 51.458986559370629 ] } },
{ "type": "Feature", "properties": { "max_height": 10.728250503540039, "mean_height": 4.897489070892334, "std_height": 3.0797150135040283, "count_pixels": 42, "percent_cover": 0.020678246484698098, "percent_above_0.1m": 90.476190476190482, "low_level_<0.5": 4.7619047619047619, "mid_level_0.5-2": 11.904761904761903, "tall_2+": 73.80952380952381 }, "geometry": { "type": "Point", "coordinates": [ -0.116651923401397, 51.458983356333398 ] } },
{ "type": "Feature", "properties": { "max_height": 8.7607498168945312, "mean_height": 1.6013224124908447, "std_height": 2.4657979011535645, "count_pixels": 42, "percent_cover": 0.020678246484698098, "percent_above_0.1m": 66.666666666666657, "low_level_<0.5": 26.190476190476193, "mid_level_0.5-2": 9.5238095238095237, "tall_2+": 28.571428571428569 }, "geometry": { "type": "Point", "coordinates": [ -0.116452592377327, 51.458980152957245 ] } },
{ "type": "Feature", "properties": { "max_height": 15.035001754760742, "mean_height": 7.0404214859008789, "std_height": 5.3749418258666992, "count_pixels": 41, "percent_cover": 0.020185907282681475, "percent_above_0.1m": 95.121951219512198, "low_level_<0.5": 7.3170731707317067, "mid_level_0.5-2": 21.951219512195124, "tall_2+": 65.853658536585371 }, "geometry": { "type": "Point", "coordinates": [ -0.116253261390726, 51.458976949242221 ] } },
{ "type": "Feature", "properties": { "max_height": 0.86075210571289062, "mean_height": 0.06305907666683197, "std_height": 0.18154124915599823, "count_pixels": 43, "percent_cover": 0.021170585686714719, "percent_above_0.1m": 13.953488372093023, "low_level_<0.5": 4.6511627906976747, "mid_level_0.5-2": 4.6511627906976747, "tall_2+": 0.0 }, "geometry": { "type": "Point", "coordinates": [ -0.116946482661429, 51.459096003022083 ] } },
{ "type": "Feature", "properties": { "max_height": 4.121002197265625, "mean_height": 0.26012617349624634, "std_height": 0.73796427249908447, "count_pixels": 42, "percent_cover": 0.020678246484698098, "percent_above_0.1m": 33.333333333333329, "low_level_<0.5": 16.666666666666664, "mid_level_0.5-2": 7.1428571428571423, "tall_2+": 4.7619047619047619 }, "geometry": { "type": "Point", "coordinates": [ -0.116747151100653, 51.459092800144596 ] } },
{ "type": "Feature", "properties": { "max_height": 0.46400070190429688, "mean_height": 0.037099588662385941, "std_height": 0.1022401824593544, "count_pixels": 38, "percent_cover": 0.018708889676631611, "percent_above_0.1m": 10.526315789473683, "low_level_<0.5": 7.8947368421052628, "mid_level_0.5-2": 0.0, "tall_2+": 0.0 }, "geometry": { "type": "Point", "coordinates": [ -0.116547819577331, 51.459089596928187 ] } },
{ "type": "Feature", "properties": { "max_height": 1.1695022583007812, "mean_height": 0.063328467309474945, "std_height": 0.20694470405578613, "count_pixels": 42, "percent_cover": 0.020678246484698098, "percent_above_0.1m": 11.904761904761903, "low_level_<0.5": 9.5238095238095237, "mid_level_0.5-2": 2.3809523809523809, "tall_2+": 0.0 }, "geometry": { "type": "Point", "coordinates": [ -0.116348488091477, 51.459086393372864 ] } },
{ "type": "Feature", "properties": { "max_height": 14.052753448486328, "mean_height": 7.715087890625, "std_height": 5.0737161636352539, "count_pixels": 43, "percent_cover": 0.021170585686714719, "percent_above_0.1m": 93.023255813953483, "low_level_<0.5": 6.9767441860465116, "mid_level_0.5-2": 6.9767441860465116, "tall_2+": 76.744186046511629 }, "geometry": { "type": "Point", "coordinates": [ -0.116149156643093, 51.459083189478655 ] } },
{ "type": "Feature", "properties": { "max_height": 0.52750015258789062, "mean_height": 0.03129340335726738, "std_height": 0.088247865438461304, "count_pixels": 41, "percent_cover": 0.020185907282681475, "percent_above_0.1m": 12.195121951219512, "low_level_<0.5": 2.4390243902439024, "mid_level_0.5-2": 2.4390243902439024, "tall_2+": 0.0 }, "geometry": { "type": "Point", "coordinates": [ -0.11684237926168, 51.459202243878622 ] } },
{ "type": "Feature", "properties": { "max_height": 0.42300033569335938, "mean_height": 0.085869923233985901, "std_height": 0.11323367804288864, "count_pixels": 42, "percent_cover": 0.020678246484698098, "percent_above_0.1m": 30.952380952380953, "low_level_<0.5": 21.428571428571427, "mid_level_0.5-2": 0.0, "tall_2+": 0.0 }, "geometry": { "type": "Point", "coordinates": [ -0.116643047239109, 51.459199040821936 ] } },
{ "type": "Feature", "properties": { "max_height": 2.6330013275146484, "mean_height": 0.36681053042411804, "std_height": 0.66585040092468262, "count_pixels": 42, "percent_cover": 0.020678246484698098, "percent_above_0.1m": 45.238095238095241, "low_level_<0.5": 16.666666666666664, "mid_level_0.5-2": 14.285714285714285, "tall_2+": 7.1428571428571423 }, "geometry": { "type": "Point", "coordinates": [ -0.116443715254002, 51.459195837426357 ] } },
{ "type": "Feature", "properties": { "max_height": 1.3412513732910156, "mean_height": 0.12909246981143951, "std_height": 0.27607426047325134, "count_pixels": 41, "percent_cover": 0.020185907282681475, "percent_above_0.1m": 26.829268292682929, "low_level_<0.5": 14.634146341463413, "mid_level_0.5-2": 9.7560975609756095, "tall_2+": 0.0 }, "geometry": { "type": "Point", "coordinates": [ -0.116244383306361, 51.459192633691885 ] } },
{ "type": "Feature", "properties": { "max_height": 0.10375022888183594, "mean_height": 0.022869260981678963, "std_height": 0.032544389367103577, "count_pixels": 38, "percent_cover": 0.018708889676631611, "percent_above_0.1m": 5.2631578947368416, "low_level_<0.5": 0.0, "mid_level_0.5-2": 0.0, "tall_2+": 0.0 }, "geometry": { "type": "Point", "coordinates": [ -0.116538942878301, 51.459305281402699 ] } }
]
}
